solid OpenSCAD_Model
  facet normal -0 0 -1
    outer loop
      vertex 57.4614 -39.7235 0
      vertex 57.179 -39.8223 0
      vertex 54.5633 -34.8262 0
    endloop
  endfacet
  facet normal 0 0 -1
    outer loop
      vertex 57.7355 -39.6039 0
      vertex 54.5633 -34.8262 0
      vertex 58 -39.4641 0
    endloop
  endfacet
  facet normal 0 0 -1
    outer loop
      vertex 57.4614 -39.7235 0
      vertex 54.5633 -34.8262 0
      vertex 57.7355 -39.6039 0
    endloop
  endfacet
  facet normal 0 0 -1
    outer loop
      vertex 58 -39.4641 0
      vertex 54.5633 -34.8262 0
      vertex 58.2533 -39.305 0
    endloop
  endfacet
  facet normal 0 0 -1
    outer loop
      vertex 58.2533 -39.305 0
      vertex 54.5633 -34.8262 0
      vertex 58.494 -39.1273 0
    endloop
  endfacet
  facet normal -0 0 -1
    outer loop
      vertex 57.179 -39.8223 0
      vertex 56.8901 -39.8997 0
      vertex 54.5633 -34.8262 0
    endloop
  endfacet
  facet normal -0 0 -1
    outer loop
      vertex 58.7207 -38.9322 0
      vertex 58.494 -39.1273 0
      vertex 54.7818 -34.6235 0
    endloop
  endfacet
  facet normal 0 -0 -1
    outer loop
      vertex 54.7818 -34.6235 0
      vertex 58.494 -39.1273 0
      vertex 54.5633 -34.8262 0
    endloop
  endfacet
  facet normal 0 0 -1
    outer loop
      vertex 59.1273 -38.494 0
      vertex 54.7818 -34.6235 0
      vertex 59.305 -38.2533 0
    endloop
  endfacet
  facet normal 0 0 -1
    outer loop
      vertex 59.305 -38.2533 0
      vertex 54.7818 -34.6235 0
      vertex 59.4641 -38 0
    endloop
  endfacet
  facet normal 0 0 -1
    outer loop
      vertex 54.7818 -34.6235 0
      vertex 58.9322 -38.7207 0
      vertex 58.7207 -38.9322 0
    endloop
  endfacet
  facet normal 0 0 -1
    outer loop
      vertex 59.6039 -37.7355 0
      vertex 54.7818 -34.6235 0
      vertex 59.7235 -37.4614 0
    endloop
  endfacet
  facet normal 0 0 -1
    outer loop
      vertex 54.7818 -34.6235 0
      vertex 54.9309 -34.3653 0
      vertex 60 -36 0
    endloop
  endfacet
  facet normal 0 0 -1
    outer loop
      vertex 59.8223 -37.179 0
      vertex 54.7818 -34.6235 0
      vertex 59.8997 -36.8901 0
    endloop
  endfacet
  facet normal 0 0 -1
    outer loop
      vertex 54.7818 -34.6235 0
      vertex 59.9888 -36.2989 0
      vertex 59.9553 -36.5962 0
    endloop
  endfacet
  facet normal 0 0 -1
    outer loop
      vertex 59.8997 -36.8901 0
      vertex 54.7818 -34.6235 0
      vertex 59.9553 -36.5962 0
    endloop
  endfacet
  facet normal 0 0 -1
    outer loop
      vertex 59.9888 -36.2989 0
      vertex 54.7818 -34.6235 0
      vertex 60 -36 0
    endloop
  endfacet
  facet normal 0 0 -1
    outer loop
      vertex 60 -36 0
      vertex 54.9309 -34.3653 0
      vertex 55 -34 0
    endloop
  endfacet
  facet normal 0 0 -1
    outer loop
      vertex 59.7235 -37.4614 0
      vertex 54.7818 -34.6235 0
      vertex 59.8223 -37.179 0
    endloop
  endfacet
  facet normal -0 0 -1
    outer loop
      vertex 59.6039 -37.7355 0
      vertex 59.4641 -38 0
      vertex 54.7818 -34.6235 0
    endloop
  endfacet
  facet normal 0 0 -1
    outer loop
      vertex 39.9758 35 0
      vertex 56 40 0
      vertex 43.9917 35 0
    endloop
  endfacet
  facet normal 0 -0 -1
    outer loop
      vertex 59.6039 37.7355 0
      vertex 59.7235 37.4614 0
      vertex 54.8262 34.5633 0
    endloop
  endfacet
  facet normal 0 -0 -1
    outer loop
      vertex 59.4641 38 0
      vertex 59.6039 37.7355 0
      vertex 54.8262 34.5633 0
    endloop
  endfacet
  facet normal 0 -0 -1
    outer loop
      vertex 59.305 38.2533 0
      vertex 59.4641 38 0
      vertex 54.8262 34.5633 0
    endloop
  endfacet
  facet normal 0 -0 -1
    outer loop
      vertex 59.1273 38.494 0
      vertex 59.305 38.2533 0
      vertex 54.8262 34.5633 0
    endloop
  endfacet
  facet normal 0 0 -1
    outer loop
      vertex 54.6235 34.7818 0
      vertex 59.1273 38.494 0
      vertex 54.8262 34.5633 0
    endloop
  endfacet
  facet normal 0 0 -1
    outer loop
      vertex 54.8262 34.5633 0
      vertex 59.7235 37.4614 0
      vertex 59.8223 37.179 0
    endloop
  endfacet
  facet normal 0 0 -1
    outer loop
      vertex 54.6235 34.7818 0
      vertex 58.7207 38.9322 0
      vertex 58.9322 38.7207 0
    endloop
  endfacet
  facet normal -0 0 -1
    outer loop
      vertex 59.1273 38.494 0
      vertex 54.6235 34.7818 0
      vertex 58.9322 38.7207 0
    endloop
  endfacet
  facet normal 0 -0 -1
    outer loop
      vertex 58 39.4641 0
      vertex 58.2533 39.305 0
      vertex 54.6235 34.7818 0
    endloop
  endfacet
  facet normal 0 0 -1
    outer loop
      vertex 54.6235 34.7818 0
      vertex 58.2533 39.305 0
      vertex 58.494 39.1273 0
    endloop
  endfacet
  facet normal 0 0 -1
    outer loop
      vertex 54.6235 34.7818 0
      vertex 57.7355 39.6039 0
      vertex 58 39.4641 0
    endloop
  endfacet
  facet normal 0 0 -1
    outer loop
      vertex 54.6235 34.7818 0
      vertex 57.4614 39.7235 0
      vertex 57.7355 39.6039 0
    endloop
  endfacet
  facet normal 0 0 -1
    outer loop
      vertex 54.3653 34.9309 0
      vertex 56 40 0
      vertex 54.6235 34.7818 0
    endloop
  endfacet
  facet normal 0 0 -1
    outer loop
      vertex 54.6235 34.7818 0
      vertex 56.8901 39.8997 0
      vertex 57.179 39.8223 0
    endloop
  endfacet
  facet normal 0 -0 -1
    outer loop
      vertex 56.2989 39.9888 0
      vertex 56.5962 39.9553 0
      vertex 54.6235 34.7818 0
    endloop
  endfacet
  facet normal 0 0 -1
    outer loop
      vertex 54.6235 34.7818 0
      vertex 56.5962 39.9553 0
      vertex 56.8901 39.8997 0
    endloop
  endfacet
  facet normal 0 0 -1
    outer loop
      vertex 54.6235 34.7818 0
      vertex 56 40 0
      vertex 56.2989 39.9888 0
    endloop
  endfacet
  facet normal 0 0 -1
    outer loop
      vertex 54.3653 34.9309 0
      vertex 54 35 0
      vertex 56 40 0
    endloop
  endfacet
  facet normal 0 0 -1
    outer loop
      vertex 54.6235 34.7818 0
      vertex 57.179 39.8223 0
      vertex 57.4614 39.7235 0
    endloop
  endfacet
  facet normal -0 0 -1
    outer loop
      vertex 58.7207 38.9322 0
      vertex 54.6235 34.7818 0
      vertex 58.494 39.1273 0
    endloop
  endfacet
  facet normal -0 0 -1
    outer loop
      vertex 44.289 17.4559 0
      vertex 44.0818 17.2417 0
      vertex 41.6796 19.854 0
    endloop
  endfacet
  facet normal 0 0 -1
    outer loop
      vertex 29.7808 8.24409 0
      vertex 26.9932 8.33757 0
      vertex 27.1885 8.56279 0
    endloop
  endfacet
  facet normal 0 0 -1
    outer loop
      vertex -57.7355 39.6039 0
      vertex -57.4614 39.7235 0
      vertex -54.5633 34.8262 0
    endloop
  endfacet
  facet normal 0 0 -1
    outer loop
      vertex -58 39.4641 0
      vertex -57.7355 39.6039 0
      vertex -54.5633 34.8262 0
    endloop
  endfacet
  facet normal 0 0 -1
    outer loop
      vertex -58.2533 39.305 0
      vertex -58 39.4641 0
      vertex -54.5633 34.8262 0
    endloop
  endfacet
  facet normal 0 0 -1
    outer loop
      vertex -58.494 39.1273 0
      vertex -58.2533 39.305 0
      vertex -54.5633 34.8262 0
    endloop
  endfacet
  facet normal 0 0 -1
    outer loop
      vertex -54.7818 34.6235 0
      vertex -58.494 39.1273 0
      vertex -54.5633 34.8262 0
    endloop
  endfacet
  facet normal 0 0 -1
    outer loop
      vertex -54.5633 34.8262 0
      vertex -57.4614 39.7235 0
      vertex -57.179 39.8223 0
    endloop
  endfacet
  facet normal 0 0 -1
    outer loop
      vertex -54.7818 34.6235 0
      vertex -58.9322 38.7207 0
      vertex -58.7207 38.9322 0
    endloop
  endfacet
  facet normal 0 -0 -1
    outer loop
      vertex -58.494 39.1273 0
      vertex -54.7818 34.6235 0
      vertex -58.7207 38.9322 0
    endloop
  endfacet
  facet normal 0 0 -1
    outer loop
      vertex -59.4641 38 0
      vertex -59.305 38.2533 0
      vertex -54.7818 34.6235 0
    endloop
  endfacet
  facet normal 0 0 -1
    outer loop
      vertex -54.7818 34.6235 0
      vertex -59.305 38.2533 0
      vertex -59.1273 38.494 0
    endloop
  endfacet
  facet normal 0 0 -1
    outer loop
      vertex -54.7818 34.6235 0
      vertex -59.6039 37.7355 0
      vertex -59.4641 38 0
    endloop
  endfacet
  facet normal 0 0 -1
    outer loop
      vertex -54.7818 34.6235 0
      vertex -59.7235 37.4614 0
      vertex -59.6039 37.7355 0
    endloop
  endfacet
  facet normal 0 0 -1
    outer loop
      vertex -54.9309 34.3653 0
      vertex -60 36 0
      vertex -54.7818 34.6235 0
    endloop
  endfacet
  facet normal 0 0 -1
    outer loop
      vertex -54.7818 34.6235 0
      vertex -59.8997 36.8901 0
      vertex -59.8223 37.179 0
    endloop
  endfacet
  facet normal 0 0 -1
    outer loop
      vertex -59.9888 36.2989 0
      vertex -59.9553 36.5962 0
      vertex -54.7818 34.6235 0
    endloop
  endfacet
  facet normal 0 0 -1
    outer loop
      vertex -54.7818 34.6235 0
      vertex -59.9553 36.5962 0
      vertex -59.8997 36.8901 0
    endloop
  endfacet
  facet normal 0 0 -1
    outer loop
      vertex -54.7818 34.6235 0
      vertex -60 36 0
      vertex -59.9888 36.2989 0
    endloop
  endfacet
  facet normal -0 0 -1
    outer loop
      vertex -54.9309 34.3653 0
      vertex -55 34 0
      vertex -60 36 0
    endloop
  endfacet
  facet normal 0 0 -1
    outer loop
      vertex -54.7818 34.6235 0
      vertex -59.8223 37.179 0
      vertex -59.7235 37.4614 0
    endloop
  endfacet
  facet normal 0 -0 -1
    outer loop
      vertex -58.9322 38.7207 0
      vertex -54.7818 34.6235 0
      vertex -59.1273 38.494 0
    endloop
  endfacet
  facet normal 0 0 -1
    outer loop
      vertex -42.6089 23.1187 0
      vertex -42.9674 23.1818 0
      vertex -42.6711 25.2289 0
    endloop
  endfacet
  facet normal 0 0 -1
    outer loop
      vertex -56.5962 -39.9553 0
      vertex -56.8901 -39.8997 0
      vertex -54.6235 -34.7818 0
    endloop
  endfacet
  facet normal 0 0 -1
    outer loop
      vertex -59.6039 -37.7355 0
      vertex -59.7235 -37.4614 0
      vertex -54.8262 -34.5633 0
    endloop
  endfacet
  facet normal 0 0 -1
    outer loop
      vertex -59.4641 -38 0
      vertex -59.6039 -37.7355 0
      vertex -54.8262 -34.5633 0
    endloop
  endfacet
  facet normal 0 0 -1
    outer loop
      vertex -59.305 -38.2533 0
      vertex -59.4641 -38 0
      vertex -54.8262 -34.5633 0
    endloop
  endfacet
  facet normal 0 0 -1
    outer loop
      vertex -59.1273 -38.494 0
      vertex -59.305 -38.2533 0
      vertex -54.8262 -34.5633 0
    endloop
  endfacet
  facet normal -0 0 -1
    outer loop
      vertex -54.6235 -34.7818 0
      vertex -59.1273 -38.494 0
      vertex -54.8262 -34.5633 0
    endloop
  endfacet
  facet normal 0 0 -1
    outer loop
      vertex -54.8262 -34.5633 0
      vertex -59.7235 -37.4614 0
      vertex -59.8223 -37.179 0
    endloop
  endfacet
  facet normal 0 0 -1
    outer loop
      vertex -54.6235 -34.7818 0
      vertex -58.7207 -38.9322 0
      vertex -58.9322 -38.7207 0
    endloop
  endfacet
  facet normal 0 0 -1
    outer loop
      vertex -59.1273 -38.494 0
      vertex -54.6235 -34.7818 0
      vertex -58.9322 -38.7207 0
    endloop
  endfacet
  facet normal 0 0 -1
    outer loop
      vertex -54.6235 -34.7818 0
      vertex -58.2533 -39.305 0
      vertex -58.494 -39.1273 0
    endloop
  endfacet
  facet normal 0 0 -1
    outer loop
      vertex -54.6235 -34.7818 0
      vertex -58 -39.4641 0
      vertex -58.2533 -39.305 0
    endloop
  endfacet
  facet normal 0 0 -1
    outer loop
      vertex -58.7207 -38.9322 0
      vertex -54.6235 -34.7818 0
      vertex -58.494 -39.1273 0
    endloop
  endfacet
  facet normal 0 0 -1
    outer loop
      vertex -54.6235 -34.7818 0
      vertex -57.4614 -39.7235 0
      vertex -57.7355 -39.6039 0
    endloop
  endfacet
  facet normal -0 0 -1
    outer loop
      vertex -54.3653 -34.9309 0
      vertex -56 -40 0
      vertex -54.6235 -34.7818 0
    endloop
  endfacet
  facet normal 0 0 -1
    outer loop
      vertex -54.6235 -34.7818 0
      vertex -56.8901 -39.8997 0
      vertex -57.179 -39.8223 0
    endloop
  endfacet
  facet normal 0 0 -1
    outer loop
      vertex -56.2989 -39.9888 0
      vertex -56.5962 -39.9553 0
      vertex -54.6235 -34.7818 0
    endloop
  endfacet
  facet normal 0 0 -1
    outer loop
      vertex -56 -40 0
      vertex -56.2989 -39.9888 0
      vertex -54.6235 -34.7818 0
    endloop
  endfacet
  facet normal -0 0 -1
    outer loop
      vertex -54 -35 0
      vertex -56 -40 0
      vertex -54.3653 -34.9309 0
    endloop
  endfacet
  facet normal 0 0 -1
    outer loop
      vertex -57.179 -39.8223 0
      vertex -57.4614 -39.7235 0
      vertex -54.6235 -34.7818 0
    endloop
  endfacet
  facet normal 0 0 -1
    outer loop
      vertex -54.6235 -34.7818 0
      vertex -57.7355 -39.6039 0
      vertex -58 -39.4641 0
    endloop
  endfacet
  facet normal 0 -0 -1
    outer loop
      vertex -54.8262 25.5219 0
      vertex -54.7873 22.7017 0
      vertex -54.934 22.4422 0
    endloop
  endfacet
  facet normal 0 -0 -1
    outer loop
      vertex 27.6092 20.5507 0
      vertex 27.7605 18.4348 0
      vertex 27.4849 18.3211 0
    endloop
  endfacet
  facet normal 0 0 -1
    outer loop
      vertex 41.3626 17.5235 0
      vertex 41.1013 17.6669 0
      vertex 41.404 19.7404 0
    endloop
  endfacet
  facet normal 0 0 -1
    outer loop
      vertex 40.9718 34.0891 0
      vertex 42.9957 33.9109 0
      vertex 42.1608 20.8004 0
    endloop
  endfacet
  facet normal 0 0 -1
    outer loop
      vertex 13.578 33.8622 0
      vertex 13.5746 34.1603 0
      vertex 15.6356 34.1378 0
    endloop
  endfacet
  facet normal -0 0 -1
    outer loop
      vertex -29.1712 34.3653 0
      vertex -31.5181 34.3218 0
      vertex -31.655 34.5866 0
    endloop
  endfacet
  facet normal 0 0 -1
    outer loop
      vertex 43.9917 35 0
      vertex 43.697 34.9556 0
      vertex 40.2567 34.9597 0
    endloop
  endfacet
  facet normal 0 0 -1
    outer loop
      vertex -41.9447 34.286 0
      vertex -39.8337 34.3653 0
      vertex -39.9028 34.0091 0
    endloop
  endfacet
  facet normal 0 0 -1
    outer loop
      vertex -41.9447 34.286 0
      vertex -42.0716 34.5558 0
      vertex -39.8337 34.3653 0
    endloop
  endfacet
  facet normal -0 0 -1
    outer loop
      vertex -54.5705 22.9063 0
      vertex -54.7873 22.7017 0
      vertex -54.6235 25.3034 0
    endloop
  endfacet
  facet normal 0 0 -1
    outer loop
      vertex -31.8639 34.7992 0
      vertex -32.1262 34.9409 0
      vertex -28.8036 34.8262 0
    endloop
  endfacet
  facet normal 0 0 -1
    outer loop
      vertex -56 40 0
      vertex -32.4649 35 0
      vertex -38.9028 35 0
    endloop
  endfacet
  facet normal 0 0 -1
    outer loop
      vertex -42.5291 34.9275 0
      vertex -39.4661 34.8262 0
      vertex -42.2724 34.7761 0
    endloop
  endfacet
  facet normal 0 0 -1
    outer loop
      vertex -39.4661 34.8262 0
      vertex -39.6846 34.6235 0
      vertex -42.2724 34.7761 0
    endloop
  endfacet
  facet normal 0 0 -1
    outer loop
      vertex 43.9917 35 0
      vertex 56 40 0
      vertex 54 35 0
    endloop
  endfacet
  facet normal 0 0 -1
    outer loop
      vertex 54.8262 34.5633 0
      vertex 59.8223 37.179 0
      vertex 59.8997 36.8901 0
    endloop
  endfacet
  facet normal -0 0 -1
    outer loop
      vertex 59.9553 36.5962 0
      vertex 54.8262 34.5633 0
      vertex 59.8997 36.8901 0
    endloop
  endfacet
  facet normal 0 -0 -1
    outer loop
      vertex 59.9553 36.5962 0
      vertex 59.9888 36.2989 0
      vertex 54.8262 34.5633 0
    endloop
  endfacet
  facet normal 0 0 -1
    outer loop
      vertex 54.8262 34.5633 0
      vertex 59.9888 36.2989 0
      vertex 60 36 0
    endloop
  endfacet
  facet normal 0 0 -1
    outer loop
      vertex 54.9556 34.2948 0
      vertex 54.8262 34.5633 0
      vertex 60 36 0
    endloop
  endfacet
  facet normal 0 0 -1
    outer loop
      vertex 55 34 0
      vertex 54.9556 34.2948 0
      vertex 60 36 0
    endloop
  endfacet
  facet normal 0 0 -1
    outer loop
      vertex 54.9493 20.8463 0
      vertex 54.8262 17.7182 0
      vertex 54.8144 20.5805 0
    endloop
  endfacet
  facet normal 0 0 -1
    outer loop
      vertex 55 21.1608 0
      vertex 55 34 0
      vertex 60 36 0
    endloop
  endfacet
  facet normal 0 -0 -1
    outer loop
      vertex 54.9493 20.8463 0
      vertex 54.9556 17.4496 0
      vertex 54.8262 17.7182 0
    endloop
  endfacet
  facet normal 0 -0 -1
    outer loop
      vertex 54.6072 20.3662 0
      vertex 54.6235 17.9367 0
      vertex 54.3653 18.0858 0
    endloop
  endfacet
  facet normal 0 0 -1
    outer loop
      vertex 54.3461 20.2225 0
      vertex 54.6072 20.3662 0
      vertex 54.3653 18.0858 0
    endloop
  endfacet
  facet normal 0 0 -1
    outer loop
      vertex 54.0541 20.1622 0
      vertex 54.3461 20.2225 0
      vertex 54.3653 18.0858 0
    endloop
  endfacet
  facet normal 0 0 -1
    outer loop
      vertex -41.9447 34.286 0
      vertex -39.9028 34.0091 0
      vertex -41.903 33.9909 0
    endloop
  endfacet
  facet normal 0 0 -1
    outer loop
      vertex -60 36 0
      vertex -55 6.59352 0
      vertex -60 -36 0
    endloop
  endfacet
  facet normal 0 0 -1
    outer loop
      vertex -54.9556 25.7904 0
      vertex -54.8262 25.5219 0
      vertex -54.934 22.4422 0
    endloop
  endfacet
  facet normal 0 0 -1
    outer loop
      vertex -55 22.0851 0
      vertex -54.9556 25.7904 0
      vertex -54.934 22.4422 0
    endloop
  endfacet
  facet normal 0 0 -1
    outer loop
      vertex -60 -36 0
      vertex -55 6.59352 0
      vertex -55 -6.66405 0
    endloop
  endfacet
  facet normal 0 0 -1
    outer loop
      vertex -55 22.0851 0
      vertex -60 36 0
      vertex -55 26.0852 0
    endloop
  endfacet
  facet normal 0 0 -1
    outer loop
      vertex -55 26.0852 0
      vertex -60 36 0
      vertex -55 34 0
    endloop
  endfacet
  facet normal 0 0 -1
    outer loop
      vertex -54.5633 34.8262 0
      vertex -57.179 39.8223 0
      vertex -56.8901 39.8997 0
    endloop
  endfacet
  facet normal 0 0 -1
    outer loop
      vertex -56 40 0
      vertex -15.3242 35 0
      vertex -28.2403 35 0
    endloop
  endfacet
  facet normal 0 -0 -1
    outer loop
      vertex -56.5962 39.9553 0
      vertex -54.5633 34.8262 0
      vertex -56.8901 39.8997 0
    endloop
  endfacet
  facet normal 0 0 -1
    outer loop
      vertex -56.5962 39.9553 0
      vertex -56.2989 39.9888 0
      vertex -54.5633 34.8262 0
    endloop
  endfacet
  facet normal 0 0 -1
    outer loop
      vertex -54.5633 34.8262 0
      vertex -56.2989 39.9888 0
      vertex -56 40 0
    endloop
  endfacet
  facet normal -0 0 -1
    outer loop
      vertex -54.2948 34.9556 0
      vertex -54.5633 34.8262 0
      vertex -56 40 0
    endloop
  endfacet
  facet normal -0 0 -1
    outer loop
      vertex -54 35 0
      vertex -54.2948 34.9556 0
      vertex -56 40 0
    endloop
  endfacet
  facet normal 0 0 -1
    outer loop
      vertex -39.8337 34.3653 0
      vertex -42.0716 34.5558 0
      vertex -39.6846 34.6235 0
    endloop
  endfacet
  facet normal 0 0 -1
    outer loop
      vertex -42.9029 35 0
      vertex -54 35 0
      vertex -56 40 0
    endloop
  endfacet
  facet normal 0 -0 -1
    outer loop
      vertex -41.903 33.9909 0
      vertex -39.9028 34.0091 0
      vertex -41.9742 26.1727 0
    endloop
  endfacet
  facet normal 0 -0 -1
    outer loop
      vertex -42.0401 25.8247 0
      vertex -39.9361 25.466 0
      vertex -42.1869 25.5652 0
    endloop
  endfacet
  facet normal 0 0 -1
    outer loop
      vertex -12.2762 34.0747 0
      vertex -14.3353 34.149 0
      vertex -12.2099 34.3653 0
    endloop
  endfacet
  facet normal -0 -0 -1
    outer loop
      vertex -25.3547 22.4017 0
      vertex -25.2178 22.1369 0
      vertex -27.9714 22.5864 0
    endloop
  endfacet
  facet normal 0 0 -1
    outer loop
      vertex -42.6089 23.1187 0
      vertex -42.6711 25.2289 0
      vertex -42.4036 25.3606 0
    endloop
  endfacet
  facet normal 0 0 -1
    outer loop
      vertex -42.9674 23.1818 0
      vertex -42.9654 25.1819 0
      vertex -42.6711 25.2289 0
    endloop
  endfacet
  facet normal 0 -0 -1
    outer loop
      vertex -41.8197 11.7224 0
      vertex -39.6066 11.5711 0
      vertex -41.9368 11.4483 0
    endloop
  endfacet
  facet normal 0 0 -1
    outer loop
      vertex -42.142 22.7589 0
      vertex -42.3483 22.974 0
      vertex -39.8092 25.1962 0
    endloop
  endfacet
  facet normal 0 0 -1
    outer loop
      vertex 15.6952 34.3653 0
      vertex 15.6356 34.1378 0
      vertex 13.5746 34.1603 0
    endloop
  endfacet
  facet normal 0 0 -1
    outer loop
      vertex -38.703 22.5875 0
      vertex -29.0296 22.1998 0
      vertex -28.1258 19.9075 0
    endloop
  endfacet
  facet normal 0 0 -1
    outer loop
      vertex -42.6089 23.1187 0
      vertex -42.4036 25.3606 0
      vertex -42.3483 22.974 0
    endloop
  endfacet
  facet normal 0 0 -1
    outer loop
      vertex -39.8092 25.1962 0
      vertex -42.1869 25.5652 0
      vertex -39.9361 25.466 0
    endloop
  endfacet
  facet normal 0 0 -1
    outer loop
      vertex -42.4036 25.3606 0
      vertex -42.1869 25.5652 0
      vertex -39.8092 25.1962 0
    endloop
  endfacet
  facet normal 0 0 -1
    outer loop
      vertex -42.0401 25.8247 0
      vertex -39.9779 25.7611 0
      vertex -39.9361 25.466 0
    endloop
  endfacet
  facet normal 0 0 -1
    outer loop
      vertex -42.0401 25.8247 0
      vertex -41.9742 26.1727 0
      vertex -39.9779 25.7611 0
    endloop
  endfacet
  facet normal 0 0 -1
    outer loop
      vertex -39.9028 34.0091 0
      vertex -39.9779 25.7611 0
      vertex -41.9742 26.1727 0
    endloop
  endfacet
  facet normal -0 0 -1
    outer loop
      vertex -39.6846 34.6235 0
      vertex -42.0716 34.5558 0
      vertex -42.2724 34.7761 0
    endloop
  endfacet
  facet normal 0 0 -1
    outer loop
      vertex -39.4661 34.8262 0
      vertex -42.5291 34.9275 0
      vertex -39.1976 34.9556 0
    endloop
  endfacet
  facet normal -0 0 -1
    outer loop
      vertex -39.1976 34.9556 0
      vertex -42.5291 34.9275 0
      vertex -42.9029 35 0
    endloop
  endfacet
  facet normal -0 0 -1
    outer loop
      vertex -38.9028 35 0
      vertex -39.1976 34.9556 0
      vertex -42.9029 35 0
    endloop
  endfacet
  facet normal 0 0 -1
    outer loop
      vertex -56 40 0
      vertex -38.9028 35 0
      vertex -42.9029 35 0
    endloop
  endfacet
  facet normal 0 0 -1
    outer loop
      vertex -32.1262 34.9409 0
      vertex -28.535 34.9556 0
      vertex -28.8036 34.8262 0
    endloop
  endfacet
  facet normal 0 0 -1
    outer loop
      vertex -31.5181 34.3218 0
      vertex -29.1712 34.3653 0
      vertex -29.2375 34.0747 0
    endloop
  endfacet
  facet normal -0 0 -1
    outer loop
      vertex 0.208008 34.8262 0
      vertex -2.6508 34.8124 0
      vertex -2.91618 34.9482 0
    endloop
  endfacet
  facet normal -0 -0 -1
    outer loop
      vertex -29.2375 34.0747 0
      vertex -29.1871 33.6782 0
      vertex -31.5181 34.3218 0
    endloop
  endfacet
  facet normal -0 0 -1
    outer loop
      vertex 43.9917 35 0
      vertex 40.2567 34.9597 0
      vertex 39.9758 35 0
    endloop
  endfacet
  facet normal 0 0 -1
    outer loop
      vertex -27.8372 23.4909 0
      vertex -25.3547 22.4017 0
      vertex -27.7843 23.1454 0
    endloop
  endfacet
  facet normal 0 0 -1
    outer loop
      vertex -28.1793 22.3727 0
      vertex -27.6995 19.6788 0
      vertex -27.9476 19.8439 0
    endloop
  endfacet
  facet normal 0 0 -1
    outer loop
      vertex -28.1258 19.9075 0
      vertex -28.1793 22.3727 0
      vertex -27.9476 19.8439 0
    endloop
  endfacet
  facet normal -0 0 -1
    outer loop
      vertex 44.1872 20.5937 0
      vertex 42.156 20.5793 0
      vertex 42.1608 20.8004 0
    endloop
  endfacet
  facet normal 0 -0 -1
    outer loop
      vertex -39.6066 11.5711 0
      vertex -39.4003 11.356 0
      vertex -41.9368 11.4483 0
    endloop
  endfacet
  facet normal 0 0 -1
    outer loop
      vertex -39.2235 24.7826 0
      vertex -38.703 22.5875 0
      vertex -38.9996 22.6169 0
    endloop
  endfacet
  facet normal 0 0 -1
    outer loop
      vertex -29.0296 22.1998 0
      vertex -28.733 22.1704 0
      vertex -28.1258 19.9075 0
    endloop
  endfacet
  facet normal 0 0 -1
    outer loop
      vertex -13.6605 22.1033 0
      vertex -13.9402 22.2064 0
      vertex -13.7782 24.4175 0
    endloop
  endfacet
  facet normal 0 0 -1
    outer loop
      vertex -28.1258 19.9075 0
      vertex -28.4409 22.2299 0
      vertex -28.1793 22.3727 0
    endloop
  endfacet
  facet normal 0 -0 -1
    outer loop
      vertex -27.9714 22.5864 0
      vertex -27.6995 19.6788 0
      vertex -28.1793 22.3727 0
    endloop
  endfacet
  facet normal 0 -0 -1
    outer loop
      vertex -27.8357 22.8518 0
      vertex -25.3547 22.4017 0
      vertex -27.9714 22.5864 0
    endloop
  endfacet
  facet normal 0 0 -1
    outer loop
      vertex -25.3547 22.4017 0
      vertex -27.8357 22.8518 0
      vertex -27.7843 23.1454 0
    endloop
  endfacet
  facet normal 0 0 -1
    outer loop
      vertex -29.1871 33.6782 0
      vertex -25.3547 22.4017 0
      vertex -27.8372 23.4909 0
    endloop
  endfacet
  facet normal 0 0 -1
    outer loop
      vertex -31.5181 34.3218 0
      vertex -29.1871 33.6782 0
      vertex -27.8372 23.4909 0
    endloop
  endfacet
  facet normal 0 0 -1
    outer loop
      vertex -31.655 34.5866 0
      vertex -29.0221 34.6235 0
      vertex -29.1712 34.3653 0
    endloop
  endfacet
  facet normal -0 0 -1
    outer loop
      vertex -29.0221 34.6235 0
      vertex -31.655 34.5866 0
      vertex -31.8639 34.7992 0
    endloop
  endfacet
  facet normal 0 0 -1
    outer loop
      vertex -28.8036 34.8262 0
      vertex -29.0221 34.6235 0
      vertex -31.8639 34.7992 0
    endloop
  endfacet
  facet normal -0 0 -1
    outer loop
      vertex -28.535 34.9556 0
      vertex -32.1262 34.9409 0
      vertex -32.4649 35 0
    endloop
  endfacet
  facet normal -0 0 -1
    outer loop
      vertex -28.2403 35 0
      vertex -28.535 34.9556 0
      vertex -32.4649 35 0
    endloop
  endfacet
  facet normal 0 0 -1
    outer loop
      vertex -56 40 0
      vertex -28.2403 35 0
      vertex -32.4649 35 0
    endloop
  endfacet
  facet normal 0 0 -1
    outer loop
      vertex -15.1015 34.9749 0
      vertex -11.5738 34.9556 0
      vertex -14.8241 34.866 0
    endloop
  endfacet
  facet normal 0 0 -1
    outer loop
      vertex -15.3242 35 0
      vertex -11.279 35 0
      vertex -15.1015 34.9749 0
    endloop
  endfacet
  facet normal -0 0 -1
    outer loop
      vertex -12.2679 33.8511 0
      vertex -13.0378 25.5351 0
      vertex -14.3353 34.149 0
    endloop
  endfacet
  facet normal 0 0 -1
    outer loop
      vertex 40.7485 34.6347 0
      vertex 43.4284 34.8262 0
      vertex 43.2099 34.6235 0
    endloop
  endfacet
  facet normal -0 0 -1
    outer loop
      vertex -14.2378 22.2224 0
      vertex -14.3908 22.1957 0
      vertex -13.7782 24.4175 0
    endloop
  endfacet
  facet normal 0 0 -1
    outer loop
      vertex 40.9013 34.3787 0
      vertex 40.7485 34.6347 0
      vertex 43.2099 34.6235 0
    endloop
  endfacet
  facet normal 0 0 -1
    outer loop
      vertex 11.4052 20.6208 0
      vertex 11.6236 20.8237 0
      vertex 11.7675 18.2598 0
    endloop
  endfacet
  facet normal 0 0 -1
    outer loop
      vertex -2.149 21.5719 0
      vertex -1.91551 21.7572 0
      vertex 0.469589 21.0957 0
    endloop
  endfacet
  facet normal 0 -0 -1
    outer loop
      vertex 44.1872 20.5937 0
      vertex 44.2578 20.3041 0
      vertex 42.156 20.5793 0
    endloop
  endfacet
  facet normal 0 0 -1
    outer loop
      vertex 41.3626 17.5235 0
      vertex 41.404 19.7404 0
      vertex 41.6796 19.854 0
    endloop
  endfacet
  facet normal 0 0 -1
    outer loop
      vertex -31.2261 8.89526 0
      vertex -30.7661 10.9614 0
      vertex -30.9565 8.7682 0
    endloop
  endfacet
  facet normal 0 -0 -1
    outer loop
      vertex -25.2178 22.1369 0
      vertex -25.0089 21.9242 0
      vertex -27.6995 19.6788 0
    endloop
  endfacet
  facet normal 0 0 -1
    outer loop
      vertex -27.6995 19.6788 0
      vertex -27.9714 22.5864 0
      vertex -25.2178 22.1369 0
    endloop
  endfacet
  facet normal 0 0 -1
    outer loop
      vertex 41.9094 20.0439 0
      vertex 42.073 20.293 0
      vertex 44.4105 20.0481 0
    endloop
  endfacet
  facet normal 0 0 -1
    outer loop
      vertex -25.1386 19.0012 0
      vertex -27.4364 18.5833 0
      vertex -27.3734 18.8746 0
    endloop
  endfacet
  facet normal 0 0 -1
    outer loop
      vertex -13.7782 24.4175 0
      vertex -13.9402 22.2064 0
      vertex -14.2378 22.2224 0
    endloop
  endfacet
  facet normal 0 0 -1
    outer loop
      vertex 0.469589 21.0957 0
      vertex -1.91551 21.7572 0
      vertex 0.410278 21.3879 0
    endloop
  endfacet
  facet normal 0 0 -1
    outer loop
      vertex -13.6605 22.1033 0
      vertex -13.7782 24.4175 0
      vertex -13.5037 24.5338 0
    endloop
  endfacet
  facet normal 0 -0 -1
    outer loop
      vertex -10.8748 24.9007 0
      vertex -10.7069 24.6543 0
      vertex -13.2757 24.7258 0
    endloop
  endfacet
  facet normal 0 0 -1
    outer loop
      vertex -0.010498 34.6235 0
      vertex -0.159546 34.3653 0
      vertex -2.43724 34.6045 0
    endloop
  endfacet
  facet normal 0 0 -1
    outer loop
      vertex -2.6508 34.8124 0
      vertex -0.010498 34.6235 0
      vertex -2.43724 34.6045 0
    endloop
  endfacet
  facet normal -0 0 -1
    outer loop
      vertex 43.697 34.9556 0
      vertex 40.5271 34.8343 0
      vertex 40.2567 34.9597 0
    endloop
  endfacet
  facet normal -0 0 -1
    outer loop
      vertex -12.2099 34.3653 0
      vertex -14.3353 34.149 0
      vertex -14.4231 34.4338 0
    endloop
  endfacet
  facet normal 0 0 -1
    outer loop
      vertex -12.0609 34.6235 0
      vertex -12.2099 34.3653 0
      vertex -14.4231 34.4338 0
    endloop
  endfacet
  facet normal 0 0 -1
    outer loop
      vertex -3.23386 35 0
      vertex -56 40 0
      vertex 0.771332 35 0
    endloop
  endfacet
  facet normal 0 0 -1
    outer loop
      vertex -14.591 34.6801 0
      vertex -12.0609 34.6235 0
      vertex -14.4231 34.4338 0
    endloop
  endfacet
  facet normal 0 0 -1
    outer loop
      vertex 56 40 0
      vertex 39.9758 35 0
      vertex 32.2757 35 0
    endloop
  endfacet
  facet normal 0 0 -1
    outer loop
      vertex 40.5271 34.8343 0
      vertex 43.4284 34.8262 0
      vertex 40.7485 34.6347 0
    endloop
  endfacet
  facet normal 0 0 -1
    outer loop
      vertex 43.697 34.9556 0
      vertex 43.4284 34.8262 0
      vertex 40.5271 34.8343 0
    endloop
  endfacet
  facet normal 0 0 -1
    outer loop
      vertex 43.2099 34.6235 0
      vertex 43.0609 34.3653 0
      vertex 40.9013 34.3787 0
    endloop
  endfacet
  facet normal -0 0 -1
    outer loop
      vertex 43.0609 34.3653 0
      vertex 40.9718 34.0891 0
      vertex 40.9013 34.3787 0
    endloop
  endfacet
  facet normal 0 0 -1
    outer loop
      vertex 43.0609 34.3653 0
      vertex 42.9945 34.0747 0
      vertex 40.9718 34.0891 0
    endloop
  endfacet
  facet normal 0 0 -1
    outer loop
      vertex 40.9718 34.0891 0
      vertex 42.9945 34.0747 0
      vertex 42.9957 33.9109 0
    endloop
  endfacet
  facet normal 0 0 -1
    outer loop
      vertex 42.1608 20.8004 0
      vertex 42.9957 33.9109 0
      vertex 44.1872 20.5937 0
    endloop
  endfacet
  facet normal 0 -0 -1
    outer loop
      vertex 42.156 20.5793 0
      vertex 44.2578 20.3041 0
      vertex 42.073 20.293 0
    endloop
  endfacet
  facet normal 0 0 -1
    outer loop
      vertex 42.073 20.293 0
      vertex 44.2578 20.3041 0
      vertex 44.4105 20.0481 0
    endloop
  endfacet
  facet normal 0 0 -1
    outer loop
      vertex 44.0818 17.2417 0
      vertex 41.5701 17.3095 0
      vertex 41.6796 19.854 0
    endloop
  endfacet
  facet normal 0 0 -1
    outer loop
      vertex 41.6796 19.854 0
      vertex 41.5701 17.3095 0
      vertex 41.3626 17.5235 0
    endloop
  endfacet
  facet normal -0 -0 -1
    outer loop
      vertex 29.6532 8.51349 0
      vertex 29.7808 8.24409 0
      vertex 27.1885 8.56279 0
    endloop
  endfacet
  facet normal 0 0 -1
    outer loop
      vertex 41.404 19.7404 0
      vertex 41.1013 17.6669 0
      vertex 41.1072 19.713 0
    endloop
  endfacet
  facet normal 0 -0 -1
    outer loop
      vertex -2.42674 21.4636 0
      vertex -2.36942 19.1036 0
      vertex -2.72404 21.442 0
    endloop
  endfacet
  facet normal 0 -0 -1
    outer loop
      vertex -2.149 21.5719 0
      vertex 0.469589 21.0957 0
      vertex -2.21997 19.0296 0
    endloop
  endfacet
  facet normal 0 -0 -1
    outer loop
      vertex -42.3806 11.0603 0
      vertex -42.2887 8.64066 0
      vertex -42.5316 8.81342 0
    endloop
  endfacet
  facet normal 0 -0 -1
    outer loop
      vertex -13.1144 24.9765 0
      vertex -10.8748 24.9007 0
      vertex -13.2757 24.7258 0
    endloop
  endfacet
  facet normal 0 0 -1
    outer loop
      vertex -13.1144 24.9765 0
      vertex -10.9626 25.1855 0
      vertex -10.8748 24.9007 0
    endloop
  endfacet
  facet normal 0 0 -1
    outer loop
      vertex -10.9626 25.1855 0
      vertex -13.0342 25.2636 0
      vertex -13.0378 25.5351 0
    endloop
  endfacet
  facet normal 0 0 -1
    outer loop
      vertex -13.1144 24.9765 0
      vertex -13.0342 25.2636 0
      vertex -10.9626 25.1855 0
    endloop
  endfacet
  facet normal 0 0 -1
    outer loop
      vertex -10.9626 25.1855 0
      vertex -13.0378 25.5351 0
      vertex -12.2679 33.8511 0
    endloop
  endfacet
  facet normal -0 -0 -1
    outer loop
      vertex -12.2762 34.0747 0
      vertex -12.2679 33.8511 0
      vertex -14.3353 34.149 0
    endloop
  endfacet
  facet normal 0 0 -1
    outer loop
      vertex 13.3128 34.6885 0
      vertex 15.8442 34.6235 0
      vertex 13.4835 34.4441 0
    endloop
  endfacet
  facet normal 0 0 -1
    outer loop
      vertex -11.8423 34.8262 0
      vertex -12.0609 34.6235 0
      vertex -14.591 34.6801 0
    endloop
  endfacet
  facet normal 0 0 -1
    outer loop
      vertex -14.8241 34.866 0
      vertex -11.8423 34.8262 0
      vertex -14.591 34.6801 0
    endloop
  endfacet
  facet normal 0 0 -1
    outer loop
      vertex -11.8423 34.8262 0
      vertex -14.8241 34.866 0
      vertex -11.5738 34.9556 0
    endloop
  endfacet
  facet normal 0 0 -1
    outer loop
      vertex -11.5738 34.9556 0
      vertex -15.1015 34.9749 0
      vertex -11.279 35 0
    endloop
  endfacet
  facet normal 0 0 -1
    outer loop
      vertex -3.23386 35 0
      vertex -11.279 35 0
      vertex -56 40 0
    endloop
  endfacet
  facet normal 0 0 -1
    outer loop
      vertex -11.279 35 0
      vertex -15.3242 35 0
      vertex -56 40 0
    endloop
  endfacet
  facet normal 0 0 -1
    outer loop
      vertex 56 40 0
      vertex 12.5875 35 0
      vertex 0.771332 35 0
    endloop
  endfacet
  facet normal 0 0 -1
    outer loop
      vertex -2.29445 34.3428 0
      vertex -2.43724 34.6045 0
      vertex -0.159546 34.3653 0
    endloop
  endfacet
  facet normal 0 0 -1
    outer loop
      vertex -2.23514 34.0507 0
      vertex -2.29445 34.3428 0
      vertex -0.159546 34.3653 0
    endloop
  endfacet
  facet normal 0 0 -1
    outer loop
      vertex -0.227386 33.9493 0
      vertex -2.23514 34.0507 0
      vertex -0.159546 34.3653 0
    endloop
  endfacet
  facet normal 0 0 -1
    outer loop
      vertex 31.9809 34.9556 0
      vertex 31.7124 34.8262 0
      vertex 28.4421 34.9197 0
    endloop
  endfacet
  facet normal -0 0 -1
    outer loop
      vertex 27.0554 21.7932 0
      vertex 24.7681 21.2824 0
      vertex 28.9959 33.6772 0
    endloop
  endfacet
  facet normal 0 0 -1
    outer loop
      vertex -2.149 21.5719 0
      vertex -2.36942 19.1036 0
      vertex -2.42674 21.4636 0
    endloop
  endfacet
  facet normal 0 0 -1
    outer loop
      vertex 11.1368 20.4912 0
      vertex 11.4052 20.6208 0
      vertex 11.502 18.3953 0
    endloop
  endfacet
  facet normal 0 -0 -1
    outer loop
      vertex 27.0023 21.4999 0
      vertex 27.038 21.2039 0
      vertex 24.7681 21.2824 0
    endloop
  endfacet
  facet normal -0 -0 -1
    outer loop
      vertex 27.038 21.2039 0
      vertex 27.1593 20.9317 0
      vertex 24.7681 21.2824 0
    endloop
  endfacet
  facet normal 0 0 -1
    outer loop
      vertex -14.8143 8.92299 0
      vertex -12.5289 8.9684 0
      vertex -12.3559 8.72568 0
    endloop
  endfacet
  facet normal 0 0 -1
    outer loop
      vertex 11.1368 20.4912 0
      vertex 11.502 18.3953 0
      vertex 11.1843 18.4468 0
    endloop
  endfacet
  facet normal 0 0 -1
    outer loop
      vertex 0.469589 21.0957 0
      vertex -1.99062 18.8392 0
      vertex -2.21997 19.0296 0
    endloop
  endfacet
  facet normal 0 0 -1
    outer loop
      vertex -2.149 21.5719 0
      vertex -2.21997 19.0296 0
      vertex -2.36942 19.1036 0
    endloop
  endfacet
  facet normal 0 -0 -1
    outer loop
      vertex -1.74702 22.0031 0
      vertex 0.410278 21.3879 0
      vertex -1.91551 21.7572 0
    endloop
  endfacet
  facet normal 0 0 -1
    outer loop
      vertex 0.410278 21.3879 0
      vertex -1.65849 22.2877 0
      vertex -1.64825 22.4898 0
    endloop
  endfacet
  facet normal 0 0 -1
    outer loop
      vertex -1.74702 22.0031 0
      vertex -1.65849 22.2877 0
      vertex 0.410278 21.3879 0
    endloop
  endfacet
  facet normal 0 0 -1
    outer loop
      vertex 0.410278 21.3879 0
      vertex -1.64825 22.4898 0
      vertex -0.227386 33.9493 0
    endloop
  endfacet
  facet normal -0 0 -1
    outer loop
      vertex -0.227386 33.9493 0
      vertex -1.64825 22.4898 0
      vertex -2.23514 34.0507 0
    endloop
  endfacet
  facet normal 0 0 -1
    outer loop
      vertex -2.6508 34.8124 0
      vertex 0.208008 34.8262 0
      vertex -0.010498 34.6235 0
    endloop
  endfacet
  facet normal 0 0 -1
    outer loop
      vertex 0.476578 34.9556 0
      vertex 0.208008 34.8262 0
      vertex -2.91618 34.9482 0
    endloop
  endfacet
  facet normal -0 0 -1
    outer loop
      vertex 0.476578 34.9556 0
      vertex -2.91618 34.9482 0
      vertex -3.23386 35 0
    endloop
  endfacet
  facet normal -0 0 -1
    outer loop
      vertex 56 40 0
      vertex 0.771332 35 0
      vertex -56 40 0
    endloop
  endfacet
  facet normal -0 0 -1
    outer loop
      vertex 0.771332 35 0
      vertex 0.476578 34.9556 0
      vertex -3.23386 35 0
    endloop
  endfacet
  facet normal -0 0 -1
    outer loop
      vertex 16.3313 34.9556 0
      vertex 13.0776 34.8717 0
      vertex 12.7989 34.9774 0
    endloop
  endfacet
  facet normal 0 0 -1
    outer loop
      vertex 15.6952 34.3653 0
      vertex 13.4835 34.4441 0
      vertex 15.8442 34.6235 0
    endloop
  endfacet
  facet normal -0 0 -1
    outer loop
      vertex 31.9809 34.9556 0
      vertex 28.4421 34.9197 0
      vertex 28.0494 35 0
    endloop
  endfacet
  facet normal 0 0 -1
    outer loop
      vertex 13.4835 34.4441 0
      vertex 15.6952 34.3653 0
      vertex 13.5746 34.1603 0
    endloop
  endfacet
  facet normal 0 -0 -1
    outer loop
      vertex 13.9884 21.0363 0
      vertex 14.1592 20.7919 0
      vertex 11.6236 20.8237 0
    endloop
  endfacet
  facet normal 0 0 -1
    outer loop
      vertex 27.1593 20.9317 0
      vertex 24.6121 20.9928 0
      vertex 24.7681 21.2824 0
    endloop
  endfacet
  facet normal 0 0 -1
    outer loop
      vertex 1.19455 18.4384 0
      vertex 10.8421 20.4465 0
      vertex 11.1843 18.4468 0
    endloop
  endfacet
  facet normal -0 -0 -1
    outer loop
      vertex 27.1593 20.9317 0
      vertex 27.3556 20.7072 0
      vertex 24.6121 20.9928 0
    endloop
  endfacet
  facet normal 0 0 -1
    outer loop
      vertex 24.6121 20.9928 0
      vertex 24.4081 18.3821 0
      vertex 24.3964 20.787 0
    endloop
  endfacet
  facet normal 0 0 -1
    outer loop
      vertex -15.2734 6.23581 0
      vertex -15.6689 6.39847 0
      vertex -15.2564 8.533 0
    endloop
  endfacet
  facet normal 0 0 -1
    outer loop
      vertex -15.2734 6.23581 0
      vertex -15.2564 8.533 0
      vertex -15.006 8.69467 0
    endloop
  endfacet
  facet normal 0 0 -1
    outer loop
      vertex 24.3964 20.787 0
      vertex 24.151 18.5328 0
      vertex 24.1297 20.6539 0
    endloop
  endfacet
  facet normal -0 0 -1
    outer loop
      vertex -11.9562 6.35645 0
      vertex -12.243 6.27527 0
      vertex -12.119 8.54472 0
    endloop
  endfacet
  facet normal 0 -0 -1
    outer loop
      vertex 11.1368 20.4912 0
      vertex 11.1843 18.4468 0
      vertex 10.8421 20.4465 0
    endloop
  endfacet
  facet normal 0 -0 -1
    outer loop
      vertex 11.7724 21.082 0
      vertex 13.9884 21.0363 0
      vertex 11.6236 20.8237 0
    endloop
  endfacet
  facet normal 0 0 -1
    outer loop
      vertex 11.7724 21.082 0
      vertex 13.8974 21.3201 0
      vertex 13.9884 21.0363 0
    endloop
  endfacet
  facet normal 0 0 -1
    outer loop
      vertex 11.7724 21.082 0
      vertex 11.8317 21.3087 0
      vertex 13.8974 21.3201 0
    endloop
  endfacet
  facet normal -0 0 -1
    outer loop
      vertex 13.8974 21.3201 0
      vertex 11.8317 21.3087 0
      vertex 13.894 21.6181 0
    endloop
  endfacet
  facet normal -0 0 -1
    outer loop
      vertex 13.894 21.6181 0
      vertex 11.8317 21.3087 0
      vertex 13.578 33.8622 0
    endloop
  endfacet
  facet normal 0 0 -1
    outer loop
      vertex 13.578 33.8622 0
      vertex 15.6356 34.1378 0
      vertex 13.894 21.6181 0
    endloop
  endfacet
  facet normal -0 0 -1
    outer loop
      vertex 31.7124 34.8262 0
      vertex 28.6957 34.7631 0
      vertex 28.4421 34.9197 0
    endloop
  endfacet
  facet normal 0 0 -1
    outer loop
      vertex 13.3128 34.6885 0
      vertex 16.0627 34.8262 0
      vertex 15.8442 34.6235 0
    endloop
  endfacet
  facet normal 0 0 -1
    outer loop
      vertex 13.3128 34.6885 0
      vertex 13.0776 34.8717 0
      vertex 16.0627 34.8262 0
    endloop
  endfacet
  facet normal 0 0 -1
    outer loop
      vertex 28.0494 35 0
      vertex 16.626 35 0
      vertex 56 40 0
    endloop
  endfacet
  facet normal 0 0 -1
    outer loop
      vertex 16.0627 34.8262 0
      vertex 13.0776 34.8717 0
      vertex 16.3313 34.9556 0
    endloop
  endfacet
  facet normal 0 0 -1
    outer loop
      vertex 16.3313 34.9556 0
      vertex 12.7989 34.9774 0
      vertex 16.626 35 0
    endloop
  endfacet
  facet normal 0 0 -1
    outer loop
      vertex 56 40 0
      vertex 16.626 35 0
      vertex 12.5875 35 0
    endloop
  endfacet
  facet normal -0 0 -1
    outer loop
      vertex 16.626 35 0
      vertex 12.7989 34.9774 0
      vertex 12.5875 35 0
    endloop
  endfacet
  facet normal 0 0 -1
    outer loop
      vertex 31.9809 34.9556 0
      vertex 28.0494 35 0
      vertex 32.2757 35 0
    endloop
  endfacet
  facet normal 0 0 -1
    outer loop
      vertex 28.0494 35 0
      vertex 56 40 0
      vertex 32.2757 35 0
    endloop
  endfacet
  facet normal 0 0 -1
    outer loop
      vertex 31.7124 34.8262 0
      vertex 31.4939 34.6235 0
      vertex 28.6957 34.7631 0
    endloop
  endfacet
  facet normal 0 0 -1
    outer loop
      vertex 28.6957 34.7631 0
      vertex 31.4939 34.6235 0
      vertex 28.8919 34.5387 0
    endloop
  endfacet
  facet normal 0 0 -1
    outer loop
      vertex 28.8919 34.5387 0
      vertex 31.4939 34.6235 0
      vertex 31.3292 34.3228 0
    endloop
  endfacet
  facet normal 0 0 -1
    outer loop
      vertex 29.0133 34.2664 0
      vertex 28.8919 34.5387 0
      vertex 31.3292 34.3228 0
    endloop
  endfacet
  facet normal 0 0 -1
    outer loop
      vertex 28.9959 33.6772 0
      vertex 29.049 33.9705 0
      vertex 31.3292 34.3228 0
    endloop
  endfacet
  facet normal 0 0 -1
    outer loop
      vertex 29.049 33.9705 0
      vertex 29.0133 34.2664 0
      vertex 31.3292 34.3228 0
    endloop
  endfacet
  facet normal 0 -0 -1
    outer loop
      vertex 28.9959 33.6772 0
      vertex 31.3292 34.3228 0
      vertex 27.0554 21.7932 0
    endloop
  endfacet
  facet normal -0 0 -1
    outer loop
      vertex 27.0023 21.4999 0
      vertex 24.7681 21.2824 0
      vertex 27.0554 21.7932 0
    endloop
  endfacet
  facet normal 0 0 -1
    outer loop
      vertex 24.151 18.5328 0
      vertex 24.3964 20.787 0
      vertex 24.4081 18.3821 0
    endloop
  endfacet
  facet normal 0 0 -1
    outer loop
      vertex 23.8356 20.6054 0
      vertex 24.1297 20.6539 0
      vertex 24.151 18.5328 0
    endloop
  endfacet
  facet normal 0 0 -1
    outer loop
      vertex 23.7657 18.6042 0
      vertex 23.8356 20.6054 0
      vertex 24.151 18.5328 0
    endloop
  endfacet
  facet normal 0 -0 -1
    outer loop
      vertex 24.6121 20.9928 0
      vertex 27.3556 20.7072 0
      vertex 24.4081 18.3821 0
    endloop
  endfacet
  facet normal 0 0 -1
    outer loop
      vertex 11.4052 20.6208 0
      vertex 11.7675 18.2598 0
      vertex 11.502 18.3953 0
    endloop
  endfacet
  facet normal 0 0 -1
    outer loop
      vertex -30.7363 8.56731 0
      vertex -30.9565 8.7682 0
      vertex -30.4939 11.083 0
    endloop
  endfacet
  facet normal -0 0 -1
    outer loop
      vertex -54.3653 25.1543 0
      vertex -54.5705 22.9063 0
      vertex -54.6235 25.3034 0
    endloop
  endfacet
  facet normal 0 -0 -1
    outer loop
      vertex -41.284 -6.39873 0
      vertex -41.1806 -6.6783 0
      vertex -43.3806 -6.55959 0
    endloop
  endfacet
  facet normal -0 0 -1
    outer loop
      vertex -54.8508 7.11899 0
      vertex -54.9679 6.84486 0
      vertex -54.9556 10.3277 0
    endloop
  endfacet
  facet normal -0 0 -1
    outer loop
      vertex -54.9556 10.3277 0
      vertex -54.9679 6.84486 0
      vertex -55 10.6225 0
    endloop
  endfacet
  facet normal 0 0 -1
    outer loop
      vertex -55 10.6225 0
      vertex -54.9679 6.84486 0
      vertex -55 6.59352 0
    endloop
  endfacet
  facet normal 0 0 -1
    outer loop
      vertex -55 10.6225 0
      vertex -60 36 0
      vertex -55 22.0851 0
    endloop
  endfacet
  facet normal 0 0 -1
    outer loop
      vertex -55 22.0851 0
      vertex -55 26.0852 0
      vertex -54.9556 25.7904 0
    endloop
  endfacet
  facet normal 0 0 -1
    outer loop
      vertex -54.8262 25.5219 0
      vertex -54.6235 25.3034 0
      vertex -54.7873 22.7017 0
    endloop
  endfacet
  facet normal 0 -0 -1
    outer loop
      vertex -54.3653 25.1543 0
      vertex -54.3031 23.038 0
      vertex -54.5705 22.9063 0
    endloop
  endfacet
  facet normal 0 0 -1
    outer loop
      vertex -54.3653 25.1543 0
      vertex -53.9912 25.0852 0
      vertex -54.3031 23.038 0
    endloop
  endfacet
  facet normal 0 0 -1
    outer loop
      vertex -54.3031 23.038 0
      vertex -53.9912 25.0852 0
      vertex -54.0088 23.085 0
    endloop
  endfacet
  facet normal 0 0 -1
    outer loop
      vertex -54.0088 23.085 0
      vertex -53.9912 25.0852 0
      vertex -42.9674 23.1818 0
    endloop
  endfacet
  facet normal 0 0 -1
    outer loop
      vertex -42.4036 25.3606 0
      vertex -39.8092 25.1962 0
      vertex -42.3483 22.974 0
    endloop
  endfacet
  facet normal 0 0 -1
    outer loop
      vertex -42.9674 23.1818 0
      vertex -53.9912 25.0852 0
      vertex -42.9654 25.1819 0
    endloop
  endfacet
  facet normal 0 -0 -1
    outer loop
      vertex -39.8092 25.1962 0
      vertex -39.6085 24.9759 0
      vertex -42.142 22.7589 0
    endloop
  endfacet
  facet normal -0 0 -1
    outer loop
      vertex -39.7612 22.2009 0
      vertex -39.8969 21.9355 0
      vertex -42.0081 22.4926 0
    endloop
  endfacet
  facet normal 0 0 -1
    outer loop
      vertex -42.0081 22.4926 0
      vertex -39.8969 21.9355 0
      vertex -41.9588 22.1986 0
    endloop
  endfacet
  facet normal 0 0 -1
    outer loop
      vertex -41.9588 22.1986 0
      vertex -39.8969 21.9355 0
      vertex -39.9485 21.6014 0
    endloop
  endfacet
  facet normal 0 0 -1
    outer loop
      vertex -41.7878 11.9905 0
      vertex -39.9485 21.6014 0
      vertex -39.7898 12.1314 0
    endloop
  endfacet
  facet normal 0 0 -1
    outer loop
      vertex -43.1029 8.91403 0
      vertex -42.668 10.9809 0
      vertex -42.8147 8.90691 0
    endloop
  endfacet
  facet normal 0 0 -1
    outer loop
      vertex -27.511 19.4479 0
      vertex -27.6995 19.6788 0
      vertex -25.0089 21.9242 0
    endloop
  endfacet
  facet normal 0 0 -1
    outer loop
      vertex -31.2261 8.89526 0
      vertex -31.484 8.93683 0
      vertex -31.062 10.9255 0
    endloop
  endfacet
  facet normal 0 -0 -1
    outer loop
      vertex -54.6235 9.84062 0
      vertex -54.407 7.50696 0
      vertex -54.6581 7.34642 0
    endloop
  endfacet
  facet normal 0 0 -1
    outer loop
      vertex -42.2887 8.64066 0
      vertex -42.1295 11.2208 0
      vertex -39.7071 8.7966 0
    endloop
  endfacet
  facet normal -0 0 -1
    outer loop
      vertex -40.7565 -7.08775 0
      vertex -41.0863 -9.35596 0
      vertex -40.9995 -6.91499 0
    endloop
  endfacet
  facet normal 0 0 -1
    outer loop
      vertex -43.3806 -6.55959 0
      vertex -43.3311 -6.33025 0
      vertex -41.284 -6.39873 0
    endloop
  endfacet
  facet normal 0 0 -1
    outer loop
      vertex -13.4236 21.9223 0
      vertex -13.2757 24.7258 0
      vertex -10.8576 21.7756 0
    endloop
  endfacet
  facet normal 0 0 -1
    outer loop
      vertex -42.2887 8.64066 0
      vertex -42.3806 11.0603 0
      vertex -42.1295 11.2208 0
    endloop
  endfacet
  facet normal 0 0 -1
    outer loop
      vertex -39.2235 24.7826 0
      vertex -29.0296 22.1998 0
      vertex -38.703 22.5875 0
    endloop
  endfacet
  facet normal 0 0 -1
    outer loop
      vertex -39.7071 8.7966 0
      vertex -42.1295 11.2208 0
      vertex -39.4828 8.99298 0
    endloop
  endfacet
  facet normal 0 0 -1
    outer loop
      vertex -41.8197 11.7224 0
      vertex -39.7405 11.8374 0
      vertex -39.6066 11.5711 0
    endloop
  endfacet
  facet normal 0 0 -1
    outer loop
      vertex -41.8197 11.7224 0
      vertex -41.7878 11.9905 0
      vertex -39.7405 11.8374 0
    endloop
  endfacet
  facet normal 0 0 -1
    outer loop
      vertex -39.7405 11.8374 0
      vertex -41.7878 11.9905 0
      vertex -39.7898 12.1314 0
    endloop
  endfacet
  facet normal 0 0 -1
    outer loop
      vertex -41.7878 11.9905 0
      vertex -41.9588 22.1986 0
      vertex -39.9485 21.6014 0
    endloop
  endfacet
  facet normal 0 0 -1
    outer loop
      vertex -42.142 22.7589 0
      vertex -39.7612 22.2009 0
      vertex -42.0081 22.4926 0
    endloop
  endfacet
  facet normal 0 0 -1
    outer loop
      vertex -42.142 22.7589 0
      vertex -39.5534 22.4146 0
      vertex -39.7612 22.2009 0
    endloop
  endfacet
  facet normal 0 0 -1
    outer loop
      vertex -39.5534 22.4146 0
      vertex -42.142 22.7589 0
      vertex -39.6085 24.9759 0
    endloop
  endfacet
  facet normal -0 0 -1
    outer loop
      vertex -39.2917 22.5574 0
      vertex -39.5534 22.4146 0
      vertex -39.6085 24.9759 0
    endloop
  endfacet
  facet normal -0 0 -1
    outer loop
      vertex -39.2235 24.7826 0
      vertex -39.2917 22.5574 0
      vertex -39.6085 24.9759 0
    endloop
  endfacet
  facet normal 0 -0 -1
    outer loop
      vertex -39.2235 24.7826 0
      vertex -38.9996 22.6169 0
      vertex -39.2917 22.5574 0
    endloop
  endfacet
  facet normal 0 -0 -1
    outer loop
      vertex -28.4409 22.2299 0
      vertex -28.1258 19.9075 0
      vertex -28.733 22.1704 0
    endloop
  endfacet
  facet normal 0 0 -1
    outer loop
      vertex -27.511 19.4479 0
      vertex -24.9546 19.3067 0
      vertex -25.1386 19.0012 0
    endloop
  endfacet
  facet normal 0 0 -1
    outer loop
      vertex -27.399 19.1716 0
      vertex -27.511 19.4479 0
      vertex -25.1386 19.0012 0
    endloop
  endfacet
  facet normal 0 0 -1
    outer loop
      vertex -27.511 19.4479 0
      vertex -25.0089 21.9242 0
      vertex -24.9546 19.3067 0
    endloop
  endfacet
  facet normal -0 0 -1
    outer loop
      vertex -25.1386 19.0012 0
      vertex -27.3734 18.8746 0
      vertex -27.399 19.1716 0
    endloop
  endfacet
  facet normal 0 0 -1
    outer loop
      vertex -24.9546 19.3067 0
      vertex -25.0089 21.9242 0
      vertex -24.7266 19.4987 0
    endloop
  endfacet
  facet normal 0 -0 -1
    outer loop
      vertex -30.2697 11.2794 0
      vertex -27.8013 10.9248 0
      vertex -30.4939 11.083 0
    endloop
  endfacet
  facet normal 0 0 -1
    outer loop
      vertex -27.8759 11.7894 0
      vertex -27.4364 18.5833 0
      vertex -25.1386 19.0012 0
    endloop
  endfacet
  facet normal 0 0 -1
    outer loop
      vertex 14.2757 7.69055 0
      vertex 14.1552 10.1042 0
      vertex 14.3694 10.3114 0
    endloop
  endfacet
  facet normal -0 0 -1
    outer loop
      vertex -38.8187 11.1486 0
      vertex -38.9147 9.15048 0
      vertex -39.1397 11.2113 0
    endloop
  endfacet
  facet normal -0 0 -1
    outer loop
      vertex -27.8705 8.37579 0
      vertex -28.121 8.21413 0
      vertex -27.6129 10.6939 0
    endloop
  endfacet
  facet normal 0 0 -1
    outer loop
      vertex 0.264206 17.8029 0
      vertex -1.75124 18.0051 0
      vertex -1.74536 18.3031 0
    endloop
  endfacet
  facet normal 0 0 -1
    outer loop
      vertex -1.99062 18.8392 0
      vertex 0.469589 21.0957 0
      vertex 0.612381 20.8341 0
    endloop
  endfacet
  facet normal 0 0 -1
    outer loop
      vertex -43.8341 -24.8461 0
      vertex -41.5943 -22.4917 0
      vertex -41.3957 -22.714 0
    endloop
  endfacet
  facet normal 0 -0 -1
    outer loop
      vertex -30.7661 10.9614 0
      vertex -30.4939 11.083 0
      vertex -30.9565 8.7682 0
    endloop
  endfacet
  facet normal 0 -0 -1
    outer loop
      vertex -24.1594 21.7548 0
      vertex -14.3908 22.1957 0
      vertex -24.4521 19.615 0
    endloop
  endfacet
  facet normal 0 -0 -1
    outer loop
      vertex -31.062 10.9255 0
      vertex -30.7661 10.9614 0
      vertex -31.2261 8.89526 0
    endloop
  endfacet
  facet normal 0 0 -1
    outer loop
      vertex -30.0983 11.5702 0
      vertex -27.4364 18.5833 0
      vertex -27.8759 11.7894 0
    endloop
  endfacet
  facet normal 0 0 -1
    outer loop
      vertex -30.2697 11.2794 0
      vertex -27.9134 11.2011 0
      vertex -27.8013 10.9248 0
    endloop
  endfacet
  facet normal 0 0 -1
    outer loop
      vertex -30.2697 11.2794 0
      vertex -30.0983 11.5702 0
      vertex -27.9134 11.2011 0
    endloop
  endfacet
  facet normal 0 0 -1
    outer loop
      vertex -27.9134 11.2011 0
      vertex -30.0983 11.5702 0
      vertex -27.939 11.498 0
    endloop
  endfacet
  facet normal 0 0 -1
    outer loop
      vertex -27.939 11.498 0
      vertex -30.0983 11.5702 0
      vertex -27.8759 11.7894 0
    endloop
  endfacet
  facet normal -0 -0 -1
    outer loop
      vertex -24.7467 21.7826 0
      vertex -24.7266 19.4987 0
      vertex -25.0089 21.9242 0
    endloop
  endfacet
  facet normal 0 0 -1
    outer loop
      vertex -24.7467 21.7826 0
      vertex -24.4521 19.615 0
      vertex -24.7266 19.4987 0
    endloop
  endfacet
  facet normal 0 0 -1
    outer loop
      vertex -24.4521 19.615 0
      vertex -24.4543 21.7245 0
      vertex -24.1594 21.7548 0
    endloop
  endfacet
  facet normal 0 0 -1
    outer loop
      vertex -24.7467 21.7826 0
      vertex -24.4543 21.7245 0
      vertex -24.4521 19.615 0
    endloop
  endfacet
  facet normal 0 0 -1
    outer loop
      vertex -24.1594 21.7548 0
      vertex -13.7782 24.4175 0
      vertex -14.3908 22.1957 0
    endloop
  endfacet
  facet normal 0 -0 -1
    outer loop
      vertex -13.5037 24.5338 0
      vertex -13.4236 21.9223 0
      vertex -13.6605 22.1033 0
    endloop
  endfacet
  facet normal 0 0 -1
    outer loop
      vertex -13.5037 24.5338 0
      vertex -13.2757 24.7258 0
      vertex -13.4236 21.9223 0
    endloop
  endfacet
  facet normal 0 0 -1
    outer loop
      vertex -13.1568 21.3967 0
      vertex -13.2506 21.6796 0
      vertex -11.0261 21.5297 0
    endloop
  endfacet
  facet normal 0 0 -1
    outer loop
      vertex -11.0261 21.5297 0
      vertex -13.2506 21.6796 0
      vertex -10.8576 21.7756 0
    endloop
  endfacet
  facet normal 0 0 -1
    outer loop
      vertex -11.0261 21.5297 0
      vertex -11.1179 21.2221 0
      vertex -13.1568 21.3967 0
    endloop
  endfacet
  facet normal 0 0 -1
    outer loop
      vertex -13.1568 21.3967 0
      vertex -11.1179 21.2221 0
      vertex -13.1506 21.0986 0
    endloop
  endfacet
  facet normal -0 0 -1
    outer loop
      vertex -10.8576 21.7756 0
      vertex -13.2506 21.6796 0
      vertex -13.4236 21.9223 0
    endloop
  endfacet
  facet normal 0 0 -1
    outer loop
      vertex -9.75865 22.0237 0
      vertex -3.0145 21.509 0
      vertex -2.36942 19.1036 0
    endloop
  endfacet
  facet normal 0 0 -1
    outer loop
      vertex -1.82759 18.5897 0
      vertex -1.99062 18.8392 0
      vertex 0.612381 20.8341 0
    endloop
  endfacet
  facet normal 0 0 -1
    outer loop
      vertex -15.0564 6.03146 0
      vertex -15.2734 6.23581 0
      vertex -15.006 8.69467 0
    endloop
  endfacet
  facet normal 0 -0 -1
    outer loop
      vertex -27.2115 -7.00049 0
      vertex -27.0603 -7.25737 0
      vertex -29.5482 -7.01035 0
    endloop
  endfacet
  facet normal 0 0 -1
    outer loop
      vertex -12.4931 6.11314 0
      vertex -12.6844 5.88449 0
      vertex -15.0564 6.03146 0
    endloop
  endfacet
  facet normal 0 0 -1
    outer loop
      vertex -15.2564 8.533 0
      vertex -15.6689 6.39847 0
      vertex -15.5434 8.45232 0
    endloop
  endfacet
  facet normal 0 -0 -1
    outer loop
      vertex -14.8143 8.92299 0
      vertex -12.3559 8.72568 0
      vertex -15.006 8.69467 0
    endloop
  endfacet
  facet normal 0 0 -1
    outer loop
      vertex -14.8143 8.92299 0
      vertex -14.6758 9.31621 0
      vertex -12.5289 8.9684 0
    endloop
  endfacet
  facet normal 0 0 -1
    outer loop
      vertex -12.5289 8.9684 0
      vertex -14.6758 9.31621 0
      vertex -12.6227 9.25134 0
    endloop
  endfacet
  facet normal 0 0 -1
    outer loop
      vertex -12.6227 9.25134 0
      vertex -14.6758 9.31621 0
      vertex -12.6289 9.54936 0
    endloop
  endfacet
  facet normal 0 -0 -1
    outer loop
      vertex -13.1506 21.0986 0
      vertex -12.6289 9.54936 0
      vertex -14.6758 9.31621 0
    endloop
  endfacet
  facet normal 0 0 -1
    outer loop
      vertex -13.1506 21.0986 0
      vertex -11.1179 21.2221 0
      vertex -12.6289 9.54936 0
    endloop
  endfacet
  facet normal -0 0 -1
    outer loop
      vertex -10.7069 24.6543 0
      vertex -10.8576 21.7756 0
      vertex -13.2757 24.7258 0
    endloop
  endfacet
  facet normal 0 -0 -1
    outer loop
      vertex -10.7069 24.6543 0
      vertex -10.6241 21.9609 0
      vertex -10.8576 21.7756 0
    endloop
  endfacet
  facet normal 0 0 -1
    outer loop
      vertex -10.7069 24.6543 0
      vertex -10.3413 24.4044 0
      vertex -10.6241 21.9609 0
    endloop
  endfacet
  facet normal 0 0 -1
    outer loop
      vertex -10.6241 21.9609 0
      vertex -10.3413 24.4044 0
      vertex -10.3464 22.0691 0
    endloop
  endfacet
  facet normal 0 0 -1
    outer loop
      vertex -10.3464 22.0691 0
      vertex -10.3413 24.4044 0
      vertex -10.0491 22.0907 0
    endloop
  endfacet
  facet normal 0 0 -1
    outer loop
      vertex -10.0491 22.0907 0
      vertex -10.3413 24.4044 0
      vertex -9.75865 22.0237 0
    endloop
  endfacet
  facet normal 0 0 -1
    outer loop
      vertex -9.75865 22.0237 0
      vertex -10.3413 24.4044 0
      vertex -3.0145 21.509 0
    endloop
  endfacet
  facet normal -0 -0 -1
    outer loop
      vertex -2.72404 21.442 0
      vertex -2.36942 19.1036 0
      vertex -3.0145 21.509 0
    endloop
  endfacet
  facet normal 0 0 -1
    outer loop
      vertex -1.82759 18.5897 0
      vertex 0.612381 20.8341 0
      vertex 0.631378 18.2641 0
    endloop
  endfacet
  facet normal -0 0 -1
    outer loop
      vertex 0.41304 18.0612 0
      vertex 0.264206 17.8029 0
      vertex -1.74536 18.3031 0
    endloop
  endfacet
  facet normal 0 0 -1
    outer loop
      vertex -1.75124 18.0051 0
      vertex 0.264206 17.8029 0
      vertex 0.209686 17.6069 0
    endloop
  endfacet
  facet normal 0 0 -1
    outer loop
      vertex -1.82759 18.5897 0
      vertex 0.41304 18.0612 0
      vertex -1.74536 18.3031 0
    endloop
  endfacet
  facet normal 0 -0 -1
    outer loop
      vertex -3.21487 9.86151 0
      vertex -0.71405 9.96887 0
      vertex -3.40611 9.63286 0
    endloop
  endfacet
  facet normal 0 0 -1
    outer loop
      vertex 11.6236 20.8237 0
      vertex 14.1592 20.7919 0
      vertex 11.7675 18.2598 0
    endloop
  endfacet
  facet normal 0 -0 -1
    outer loop
      vertex 14.1552 10.1042 0
      vertex 14.2757 7.69055 0
      vertex 14.02 7.84373 0
    endloop
  endfacet
  facet normal 0 -0 -1
    outer loop
      vertex -29.7703 -7.20918 0
      vertex -29.6308 -9.40323 0
      vertex -30.0411 -7.33372 0
    endloop
  endfacet
  facet normal 0 0 -1
    outer loop
      vertex -14.2541 -11.3447 0
      vertex -14.2344 -8.75064 0
      vertex -11.6623 -11.2527 0
    endloop
  endfacet
  facet normal 0 0 -1
    outer loop
      vertex -14.9092 5.77223 0
      vertex -12.6844 5.88449 0
      vertex -12.7997 5.60963 0
    endloop
  endfacet
  facet normal -0 0 -1
    outer loop
      vertex 42.9476 9.29753 0
      vertex 42.4518 7.34651 0
      vertex 42.7372 9.34979 0
    endloop
  endfacet
  facet normal -0 0 -1
    outer loop
      vertex 14.855 18.3058 0
      vertex 14.6393 18.1001 0
      vertex 14.3943 20.6087 0
    endloop
  endfacet
  facet normal 0 0 -1
    outer loop
      vertex 24.6095 18.1623 0
      vertex 24.4081 18.3821 0
      vertex 27.3556 20.7072 0
    endloop
  endfacet
  facet normal 0 0 -1
    outer loop
      vertex 16.9653 10.3832 0
      vertex 14.5733 10.8646 0
      vertex 14.5138 11.2621 0
    endloop
  endfacet
  facet normal 0 0 -1
    outer loop
      vertex -3.93153 7.375 0
      vertex -3.94307 9.38956 0
      vertex -3.70604 7.37799 0
    endloop
  endfacet
  facet normal 0 0 -1
    outer loop
      vertex 12.1243 17.7905 0
      vertex 11.9812 18.052 0
      vertex 14.4939 17.8399 0
    endloop
  endfacet
  facet normal -0 0 -1
    outer loop
      vertex 0.899826 18.3937 0
      vertex 0.631378 18.2641 0
      vertex 0.825943 20.6261 0
    endloop
  endfacet
  facet normal 0 -0 -1
    outer loop
      vertex 14.3943 20.6087 0
      vertex 14.6393 18.1001 0
      vertex 11.9812 18.052 0
    endloop
  endfacet
  facet normal 0 0 -1
    outer loop
      vertex 14.8984 20.4805 0
      vertex 23.8356 20.6054 0
      vertex 15.4158 18.4875 0
    endloop
  endfacet
  facet normal -0 -0 -1
    outer loop
      vertex 14.673 20.503 0
      vertex 14.855 18.3058 0
      vertex 14.3943 20.6087 0
    endloop
  endfacet
  facet normal 0 0 -1
    outer loop
      vertex 14.673 20.503 0
      vertex 15.1217 18.4389 0
      vertex 14.855 18.3058 0
    endloop
  endfacet
  facet normal 0 0 -1
    outer loop
      vertex 14.673 20.503 0
      vertex 14.8984 20.4805 0
      vertex 15.1217 18.4389 0
    endloop
  endfacet
  facet normal 0 0 -1
    outer loop
      vertex 15.1217 18.4389 0
      vertex 14.8984 20.4805 0
      vertex 15.4158 18.4875 0
    endloop
  endfacet
  facet normal 0 0 -1
    outer loop
      vertex 23.8356 20.6054 0
      vertex 23.7657 18.6042 0
      vertex 15.4158 18.4875 0
    endloop
  endfacet
  facet normal 0 0 -1
    outer loop
      vertex 24.7371 17.8929 0
      vertex 27.0914 17.8821 0
      vertex 27.0085 17.5958 0
    endloop
  endfacet
  facet normal 0 0 -1
    outer loop
      vertex 27.0423 17.1752 0
      vertex 24.7371 17.8929 0
      vertex 27.0085 17.5958 0
    endloop
  endfacet
  facet normal 0 0 -1
    outer loop
      vertex 27.0914 17.8821 0
      vertex 24.6095 18.1623 0
      vertex 27.2551 18.1313 0
    endloop
  endfacet
  facet normal 0 0 -1
    outer loop
      vertex 29.6532 8.51349 0
      vertex 27.1885 8.56279 0
      vertex 27.3087 8.83556 0
    endloop
  endfacet
  facet normal 0 0 -1
    outer loop
      vertex 27.3011 9.38654 0
      vertex 24.7371 17.8929 0
      vertex 27.0423 17.1752 0
    endloop
  endfacet
  facet normal 0 0 -1
    outer loop
      vertex 41.1072 19.713 0
      vertex 40.8139 17.7266 0
      vertex 28.0573 18.4622 0
    endloop
  endfacet
  facet normal 0 0 -1
    outer loop
      vertex 27.3991 5.76619 0
      vertex 27.0484 5.90654 0
      vertex 26.9932 8.33757 0
    endloop
  endfacet
  facet normal 0 0 -1
    outer loop
      vertex 27.3991 5.76619 0
      vertex 26.9932 8.33757 0
      vertex 29.7808 8.24409 0
    endloop
  endfacet
  facet normal 0 -0 -1
    outer loop
      vertex 26.7402 8.1799 0
      vertex 27.0484 5.90654 0
      vertex 26.452 8.10382 0
    endloop
  endfacet
  facet normal -0 0 -1
    outer loop
      vertex 29.9821 8.02429 0
      vertex 27.3991 5.76619 0
      vertex 29.7808 8.24409 0
    endloop
  endfacet
  facet normal 0 0 -1
    outer loop
      vertex 41.5701 17.3095 0
      vertex 44.0818 17.2417 0
      vertex 41.7053 17.0438 0
    endloop
  endfacet
  facet normal 0 0 -1
    outer loop
      vertex 27.0484 5.90654 0
      vertex 26.7402 8.1799 0
      vertex 26.9932 8.33757 0
    endloop
  endfacet
  facet normal 0 -0 -1
    outer loop
      vertex 27.3431 9.13164 0
      vertex 29.6532 8.51349 0
      vertex 27.3087 8.83556 0
    endloop
  endfacet
  facet normal 0 0 -1
    outer loop
      vertex 27.3431 9.13164 0
      vertex 27.3011 9.38654 0
      vertex 29.6532 8.51349 0
    endloop
  endfacet
  facet normal 0 0 -1
    outer loop
      vertex 27.3011 9.38654 0
      vertex 27.0423 17.1752 0
      vertex 29.6532 8.51349 0
    endloop
  endfacet
  facet normal 0 0 -1
    outer loop
      vertex 27.3556 20.7072 0
      vertex 27.2551 18.1313 0
      vertex 24.6095 18.1623 0
    endloop
  endfacet
  facet normal 0 0 -1
    outer loop
      vertex 24.7371 17.8929 0
      vertex 24.6095 18.1623 0
      vertex 27.0914 17.8821 0
    endloop
  endfacet
  facet normal 0 -0 -1
    outer loop
      vertex 27.3556 20.7072 0
      vertex 27.4849 18.3211 0
      vertex 27.2551 18.1313 0
    endloop
  endfacet
  facet normal 0 0 -1
    outer loop
      vertex 27.3556 20.7072 0
      vertex 27.6092 20.5507 0
      vertex 27.4849 18.3211 0
    endloop
  endfacet
  facet normal 0 0 -1
    outer loop
      vertex 27.6092 20.5507 0
      vertex 27.9443 20.472 0
      vertex 27.7605 18.4348 0
    endloop
  endfacet
  facet normal 0 0 -1
    outer loop
      vertex 27.7605 18.4348 0
      vertex 27.9443 20.472 0
      vertex 28.0573 18.4622 0
    endloop
  endfacet
  facet normal 0 0 -1
    outer loop
      vertex 28.0573 18.4622 0
      vertex 27.9443 20.472 0
      vertex 41.1072 19.713 0
    endloop
  endfacet
  facet normal 0 0 -1
    outer loop
      vertex 41.1013 17.6669 0
      vertex 40.8139 17.7266 0
      vertex 41.1072 19.713 0
    endloop
  endfacet
  facet normal 0 0 -1
    outer loop
      vertex 44.0818 17.2417 0
      vertex 43.9345 16.9352 0
      vertex 41.7053 17.0438 0
    endloop
  endfacet
  facet normal 0 0 -1
    outer loop
      vertex 44.289 17.4559 0
      vertex 41.6796 19.854 0
      vertex 41.9094 20.0439 0
    endloop
  endfacet
  facet normal 0 0 -1
    outer loop
      vertex 41.7561 16.7501 0
      vertex 41.7053 17.0438 0
      vertex 43.9345 16.9352 0
    endloop
  endfacet
  facet normal 0 0 -1
    outer loop
      vertex 42.1203 10.5622 0
      vertex 41.7182 16.4544 0
      vertex 43.9345 16.9352 0
    endloop
  endfacet
  facet normal 0 -0 -1
    outer loop
      vertex 41.7561 16.7501 0
      vertex 43.9345 16.9352 0
      vertex 41.7182 16.4544 0
    endloop
  endfacet
  facet normal 0 0 -1
    outer loop
      vertex 41.9094 20.0439 0
      vertex 44.4105 20.0481 0
      vertex 44.289 17.4559 0
    endloop
  endfacet
  facet normal 0 -0 -1
    outer loop
      vertex 39.8253 9.88635 0
      vertex 42.2684 9.70718 0
      vertex 39.6477 9.64699 0
    endloop
  endfacet
  facet normal -0 0 -1
    outer loop
      vertex 44.5502 17.5996 0
      vertex 44.289 17.4559 0
      vertex 44.6319 19.8485 0
    endloop
  endfacet
  facet normal 0 0 -1
    outer loop
      vertex 60 36 0
      vertex 55 8.80644 0
      vertex 55 17.1549 0
    endloop
  endfacet
  facet normal 0 0 -1
    outer loop
      vertex 41.8702 7.25011 0
      vertex 39.6477 9.64699 0
      vertex 42.2684 9.70718 0
    endloop
  endfacet
  facet normal 0 0 -1
    outer loop
      vertex 14.6602 -20.2119 0
      vertex 15.077 -22.623 0
      vertex 14.8238 -22.4656 0
    endloop
  endfacet
  facet normal 0 0 -1
    outer loop
      vertex 30.2053 5.49803 0
      vertex 27.6232 5.56958 0
      vertex 29.9821 8.02429 0
    endloop
  endfacet
  facet normal 0 -0 -1
    outer loop
      vertex 26.1542 8.11606 0
      vertex 27.0484 5.90654 0
      vertex 17.9585 7.66112 0
    endloop
  endfacet
  facet normal 0 0 -1
    outer loop
      vertex 16.9653 10.3832 0
      vertex 14.513 10.5727 0
      vertex 14.5733 10.8646 0
    endloop
  endfacet
  facet normal 0 0 -1
    outer loop
      vertex -3.40611 9.63286 0
      vertex -3.41718 7.30444 0
      vertex -3.65625 9.47073 0
    endloop
  endfacet
  facet normal 0 0 -1
    outer loop
      vertex -3.21487 9.86151 0
      vertex -0.877075 10.2184 0
      vertex -0.71405 9.96887 0
    endloop
  endfacet
  facet normal 0 0 -1
    outer loop
      vertex -3.21487 9.86151 0
      vertex -3.08328 10.2131 0
      vertex -0.877075 10.2184 0
    endloop
  endfacet
  facet normal -0 0 -1
    outer loop
      vertex -0.877075 10.2184 0
      vertex -3.08328 10.2131 0
      vertex -0.959305 10.5049 0
    endloop
  endfacet
  facet normal -0 0 -1
    outer loop
      vertex -0.959305 10.5049 0
      vertex -3.08328 10.2131 0
      vertex -0.95343 10.803 0
    endloop
  endfacet
  facet normal -0 0 -1
    outer loop
      vertex -0.95343 10.803 0
      vertex -3.08328 10.2131 0
      vertex -1.75124 18.0051 0
    endloop
  endfacet
  facet normal 0 0 -1
    outer loop
      vertex 0.612381 20.8341 0
      vertex 0.825943 20.6261 0
      vertex 0.631378 18.2641 0
    endloop
  endfacet
  facet normal -0 0 -1
    outer loop
      vertex 0.209686 17.6069 0
      vertex -0.95343 10.803 0
      vertex -1.75124 18.0051 0
    endloop
  endfacet
  facet normal 0 0 -1
    outer loop
      vertex -1.82759 18.5897 0
      vertex 0.631378 18.2641 0
      vertex 0.41304 18.0612 0
    endloop
  endfacet
  facet normal -0 0 -1
    outer loop
      vertex 1.09132 20.4904 0
      vertex 0.899826 18.3937 0
      vertex 0.825943 20.6261 0
    endloop
  endfacet
  facet normal 0 -0 -1
    outer loop
      vertex 1.09132 20.4904 0
      vertex 1.19455 18.4384 0
      vertex 0.899826 18.3937 0
    endloop
  endfacet
  facet normal 0 0 -1
    outer loop
      vertex 1.09132 20.4904 0
      vertex 1.40984 20.4386 0
      vertex 1.19455 18.4384 0
    endloop
  endfacet
  facet normal 0 0 -1
    outer loop
      vertex 1.19455 18.4384 0
      vertex 1.40984 20.4386 0
      vertex 10.8421 20.4465 0
    endloop
  endfacet
  facet normal 0 0 -1
    outer loop
      vertex 14.4939 17.8399 0
      vertex 11.9812 18.052 0
      vertex 14.6393 18.1001 0
    endloop
  endfacet
  facet normal 0 -0 -1
    outer loop
      vertex 14.1592 20.7919 0
      vertex 14.3943 20.6087 0
      vertex 11.9812 18.052 0
    endloop
  endfacet
  facet normal 0 0 -1
    outer loop
      vertex 14.1592 20.7919 0
      vertex 11.9812 18.052 0
      vertex 11.7675 18.2598 0
    endloop
  endfacet
  facet normal 0 0 -1
    outer loop
      vertex 14.4316 17.5484 0
      vertex 12.1243 17.7905 0
      vertex 14.4939 17.8399 0
    endloop
  endfacet
  facet normal -0 -0 -1
    outer loop
      vertex 14.4316 17.5484 0
      vertex 14.4907 17.1438 0
      vertex 12.1243 17.7905 0
    endloop
  endfacet
  facet normal 0 0 -1
    outer loop
      vertex 12.1243 17.7905 0
      vertex 14.4907 17.1438 0
      vertex 14.5138 11.2621 0
    endloop
  endfacet
  facet normal 0 0 -1
    outer loop
      vertex 14.5138 11.2621 0
      vertex 14.4907 17.1438 0
      vertex 16.9653 10.3832 0
    endloop
  endfacet
  facet normal -0 0 -1
    outer loop
      vertex 16.9653 10.3832 0
      vertex 14.3694 10.3114 0
      vertex 14.513 10.5727 0
    endloop
  endfacet
  facet normal 0 -0 -1
    outer loop
      vertex 16.9653 10.3832 0
      vertex 17.1083 10.1217 0
      vertex 14.3694 10.3114 0
    endloop
  endfacet
  facet normal 0 0 -1
    outer loop
      vertex 14.02 7.84373 0
      vertex 13.8895 9.96922 0
      vertex 14.1552 10.1042 0
    endloop
  endfacet
  facet normal 0 0 -1
    outer loop
      vertex 14.02 7.84373 0
      vertex 13.6187 7.91866 0
      vertex 13.8895 9.96922 0
    endloop
  endfacet
  facet normal 0 0 -1
    outer loop
      vertex 13.8895 9.96922 0
      vertex 13.6187 7.91866 0
      vertex 13.5957 9.91862 0
    endloop
  endfacet
  facet normal 0 0 -1
    outer loop
      vertex 0.452682 -5.35936 0
      vertex 2.5451 -5.11234 0
      vertex 2.66771 -5.38403 0
    endloop
  endfacet
  facet normal -0 0 -1
    outer loop
      vertex -0.484695 9.77846 0
      vertex -0.516968 7.24567 0
      vertex -0.71405 9.96887 0
    endloop
  endfacet
  facet normal 0 0 -1
    outer loop
      vertex 54.3653 18.0858 0
      vertex 53.9459 18.1534 0
      vertex 54.0541 20.1622 0
    endloop
  endfacet
  facet normal -0 0 -1
    outer loop
      vertex 41.8702 7.25011 0
      vertex 41.6264 7.0786 0
      vertex 39.6477 9.64699 0
    endloop
  endfacet
  facet normal 0 -0 -1
    outer loop
      vertex 39.4074 9.47061 0
      vertex 41.6264 7.0786 0
      vertex 38.9759 6.88155 0
    endloop
  endfacet
  facet normal 0 0 -1
    outer loop
      vertex 38.7333 7.05478 0
      vertex 38.4505 7.1488 0
      vertex 39.1257 9.37289 0
    endloop
  endfacet
  facet normal 0 0 -1
    outer loop
      vertex 39.8253 9.88635 0
      vertex 42.1332 9.97285 0
      vertex 42.2684 9.70718 0
    endloop
  endfacet
  facet normal 0 0 -1
    outer loop
      vertex 39.8253 9.88635 0
      vertex 39.9042 10.0822 0
      vertex 42.1332 9.97285 0
    endloop
  endfacet
  facet normal 0 0 -1
    outer loop
      vertex 42.1332 9.97285 0
      vertex 39.9042 10.0822 0
      vertex 42.0824 10.2666 0
    endloop
  endfacet
  facet normal -0 0 -1
    outer loop
      vertex 42.0824 10.2666 0
      vertex 39.9042 10.0822 0
      vertex 42.1203 10.5622 0
    endloop
  endfacet
  facet normal 0 -0 -1
    outer loop
      vertex 41.7182 16.4544 0
      vertex 42.1203 10.5622 0
      vertex 39.9042 10.0822 0
    endloop
  endfacet
  facet normal -0 0 -1
    outer loop
      vertex 44.6319 19.8485 0
      vertex 44.289 17.4559 0
      vertex 44.4105 20.0481 0
    endloop
  endfacet
  facet normal -0 0 -1
    outer loop
      vertex 44.9023 19.7231 0
      vertex 44.5502 17.5996 0
      vertex 44.6319 19.8485 0
    endloop
  endfacet
  facet normal 0 0 -1
    outer loop
      vertex 44.9023 19.7231 0
      vertex 44.8421 17.6599 0
      vertex 44.5502 17.5996 0
    endloop
  endfacet
  facet normal 0 -0 -1
    outer loop
      vertex 44.9023 19.7231 0
      vertex 45.2374 19.6843 0
      vertex 44.8421 17.6599 0
    endloop
  endfacet
  facet normal 0 0 -1
    outer loop
      vertex 44.8421 17.6599 0
      vertex 45.2374 19.6843 0
      vertex 53.9459 18.1534 0
    endloop
  endfacet
  facet normal 0 0 -1
    outer loop
      vertex 53.9459 18.1534 0
      vertex 45.2374 19.6843 0
      vertex 54.0541 20.1622 0
    endloop
  endfacet
  facet normal 0 0 -1
    outer loop
      vertex 54.6072 20.3662 0
      vertex 54.8144 20.5805 0
      vertex 54.6235 17.9367 0
    endloop
  endfacet
  facet normal 0 0 -1
    outer loop
      vertex 54.6235 17.9367 0
      vertex 54.8144 20.5805 0
      vertex 54.8262 17.7182 0
    endloop
  endfacet
  facet normal 0 0 -1
    outer loop
      vertex 54.9493 20.8463 0
      vertex 55 21.1608 0
      vertex 54.9556 17.4496 0
    endloop
  endfacet
  facet normal 0 0 -1
    outer loop
      vertex 54.9556 17.4496 0
      vertex 55 21.1608 0
      vertex 55 17.1549 0
    endloop
  endfacet
  facet normal 0 0 -1
    outer loop
      vertex 55 17.1549 0
      vertex 55 21.1608 0
      vertex 60 36 0
    endloop
  endfacet
  facet normal 0 0 -1
    outer loop
      vertex 55 4.76979 0
      vertex 54.9556 5.06454 0
      vertex 54.9781 8.59827 0
    endloop
  endfacet
  facet normal 0 0 -1
    outer loop
      vertex 54.9781 8.59827 0
      vertex 54.9556 5.06454 0
      vertex 54.8733 8.31921 0
    endloop
  endfacet
  facet normal 0 0 -1
    outer loop
      vertex 54.6235 5.55162 0
      vertex 54.4471 7.91194 0
      vertex 54.6909 8.08345 0
    endloop
  endfacet
  facet normal 0 0 -1
    outer loop
      vertex 54.6235 5.55162 0
      vertex 54.3653 5.70067 0
      vertex 54.4471 7.91194 0
    endloop
  endfacet
  facet normal 0 0 -1
    outer loop
      vertex 54.4471 7.91194 0
      vertex 54.3653 5.70067 0
      vertex 54.1635 7.8199 0
    endloop
  endfacet
  facet normal 0 -0 -1
    outer loop
      vertex 53.8655 7.81554 0
      vertex 54.1345 5.7607 0
      vertex 42.4518 7.34651 0
    endloop
  endfacet
  facet normal 0 -0 -1
    outer loop
      vertex 54.1635 7.8199 0
      vertex 54.3653 5.70067 0
      vertex 54.1345 5.7607 0
    endloop
  endfacet
  facet normal 0 0 -1
    outer loop
      vertex -29.3223 -6.28992 0
      vertex -28.456 7.38107 0
      vertex -27.2803 -6.71045 0
    endloop
  endfacet
  facet normal 0 0 -1
    outer loop
      vertex -30.7363 8.56731 0
      vertex -30.4939 11.083 0
      vertex -28.121 8.21413 0
    endloop
  endfacet
  facet normal -0 0 -1
    outer loop
      vertex -54.6581 7.34642 0
      vertex -54.8508 7.11899 0
      vertex -54.8262 10.0591 0
    endloop
  endfacet
  facet normal 0 -0 -1
    outer loop
      vertex -44.2824 -7.2348 0
      vertex -44.1568 -9.32524 0
      vertex -44.5837 -9.25009 0
    endloop
  endfacet
  facet normal 0 -0 -1
    outer loop
      vertex -43.9899 -7.17738 0
      vertex -43.9015 -9.4791 0
      vertex -44.1568 -9.32524 0
    endloop
  endfacet
  facet normal -0 0 -1
    outer loop
      vertex -41.1806 -6.6783 0
      vertex -43.518 -6.82408 0
      vertex -43.3806 -6.55959 0
    endloop
  endfacet
  facet normal 0 0 -1
    outer loop
      vertex -39.8635 8.54283 0
      vertex -42.2887 8.64066 0
      vertex -39.7071 8.7966 0
    endloop
  endfacet
  facet normal -0 0 -1
    outer loop
      vertex -54.6235 9.84062 0
      vertex -54.6581 7.34642 0
      vertex -54.8262 10.0591 0
    endloop
  endfacet
  facet normal 0 0 -1
    outer loop
      vertex -53.8804 9.62964 0
      vertex -54.1196 7.58633 0
      vertex -54.0747 9.62524 0
    endloop
  endfacet
  facet normal -0 0 -1
    outer loop
      vertex -39.4003 11.356 0
      vertex -39.4828 8.99298 0
      vertex -41.9368 11.4483 0
    endloop
  endfacet
  facet normal 0 0 -1
    outer loop
      vertex -42.1295 11.2208 0
      vertex -41.9368 11.4483 0
      vertex -39.4828 8.99298 0
    endloop
  endfacet
  facet normal 0 0 -1
    outer loop
      vertex -42.3806 11.0603 0
      vertex -42.5316 8.81342 0
      vertex -42.668 10.9809 0
    endloop
  endfacet
  facet normal 0 0 -1
    outer loop
      vertex -39.4828 8.99298 0
      vertex -39.4003 11.356 0
      vertex -39.1397 11.2113 0
    endloop
  endfacet
  facet normal -0 0 -1
    outer loop
      vertex -39.2107 9.11455 0
      vertex -39.4828 8.99298 0
      vertex -39.1397 11.2113 0
    endloop
  endfacet
  facet normal -0 0 -1
    outer loop
      vertex -38.9147 9.15048 0
      vertex -39.2107 9.11455 0
      vertex -39.1397 11.2113 0
    endloop
  endfacet
  facet normal 0 0 -1
    outer loop
      vertex -31.484 8.93683 0
      vertex -38.9147 9.15048 0
      vertex -38.8187 11.1486 0
    endloop
  endfacet
  facet normal -0 0 -1
    outer loop
      vertex -31.062 10.9255 0
      vertex -31.484 8.93683 0
      vertex -38.8187 11.1486 0
    endloop
  endfacet
  facet normal 0 0 -1
    outer loop
      vertex -28.121 8.21413 0
      vertex -30.585 8.31042 0
      vertex -30.7363 8.56731 0
    endloop
  endfacet
  facet normal 0 0 -1
    outer loop
      vertex -28.3126 7.98581 0
      vertex -30.5163 8.02039 0
      vertex -30.585 8.31042 0
    endloop
  endfacet
  facet normal -0 0 -1
    outer loop
      vertex -28.121 8.21413 0
      vertex -28.3126 7.98581 0
      vertex -30.585 8.31042 0
    endloop
  endfacet
  facet normal 0 0 -1
    outer loop
      vertex -30.5163 8.02039 0
      vertex -28.4285 7.71115 0
      vertex -28.456 7.38107 0
    endloop
  endfacet
  facet normal -0 0 -1
    outer loop
      vertex -27.8013 10.9248 0
      vertex -28.121 8.21413 0
      vertex -30.4939 11.083 0
    endloop
  endfacet
  facet normal -0 0 -1
    outer loop
      vertex -27.3647 10.5287 0
      vertex -27.8705 8.37579 0
      vertex -27.6129 10.6939 0
    endloop
  endfacet
  facet normal 0 0 -1
    outer loop
      vertex -29.6308 -9.40323 0
      vertex -29.7703 -7.20918 0
      vertex -29.3512 -9.50667 0
    endloop
  endfacet
  facet normal 0 0 -1
    outer loop
      vertex -15.006 8.69467 0
      vertex -12.3559 8.72568 0
      vertex -12.4931 6.11314 0
    endloop
  endfacet
  facet normal 0 0 -1
    outer loop
      vertex 0.0532379 9.63467 0
      vertex 13.5957 9.91862 0
      vertex 0.25679 7.63849 0
    endloop
  endfacet
  facet normal 0 0 -1
    outer loop
      vertex -4.07718 -22.4156 0
      vertex -4.08784 -20.3841 0
      vertex -3.79781 -20.3153 0
    endloop
  endfacet
  facet normal 0 0 -1
    outer loop
      vertex -12.7872 -23.2915 0
      vertex -15.0956 -21.1394 0
      vertex -14.8969 -20.9172 0
    endloop
  endfacet
  facet normal 0 0 -1
    outer loop
      vertex -43.3311 -6.33025 0
      vertex -41.3004 -6.10109 0
      vertex -41.284 -6.39873 0
    endloop
  endfacet
  facet normal -0 0 -1
    outer loop
      vertex -54.6235 -7.44588 0
      vertex -54.8086 -10.0797 0
      vertex -54.8262 -7.22737 0
    endloop
  endfacet
  facet normal 0 -0 -1
    outer loop
      vertex -41.9877 7.82675 0
      vertex -41.3004 -6.10109 0
      vertex -43.3311 -6.33025 0
    endloop
  endfacet
  facet normal -0 0 -1
    outer loop
      vertex -54.8262 -7.22737 0
      vertex -54.9461 -10.3442 0
      vertex -54.9556 -6.9588 0
    endloop
  endfacet
  facet normal 0 -0 -1
    outer loop
      vertex -54.9556 -6.9588 0
      vertex -54.9461 -10.3442 0
      vertex -55 -10.668 0
    endloop
  endfacet
  facet normal 0 0 -1
    outer loop
      vertex -55 -6.66405 0
      vertex -54.9556 -6.9588 0
      vertex -55 -10.668 0
    endloop
  endfacet
  facet normal 0 0 -1
    outer loop
      vertex -60 -36 0
      vertex -55 -10.668 0
      vertex -55 -18.1532 0
    endloop
  endfacet
  facet normal -0 -0 -1
    outer loop
      vertex -55 10.6225 0
      vertex -55 6.59352 0
      vertex -60 36 0
    endloop
  endfacet
  facet normal 0 0 -1
    outer loop
      vertex -54.8508 7.11899 0
      vertex -54.9556 10.3277 0
      vertex -54.8262 10.0591 0
    endloop
  endfacet
  facet normal 0 0 -1
    outer loop
      vertex -54.407 7.50696 0
      vertex -54.6235 9.84062 0
      vertex -54.3653 9.69157 0
    endloop
  endfacet
  facet normal 0 0 -1
    outer loop
      vertex -54.407 7.50696 0
      vertex -54.3653 9.69157 0
      vertex -54.1196 7.58633 0
    endloop
  endfacet
  facet normal 0 0 -1
    outer loop
      vertex -54.1196 7.58633 0
      vertex -54.3653 9.69157 0
      vertex -54.0747 9.62524 0
    endloop
  endfacet
  facet normal -0 0 -1
    outer loop
      vertex -43.1029 8.91403 0
      vertex -54.1196 7.58633 0
      vertex -53.8804 9.62964 0
    endloop
  endfacet
  facet normal 0 0 -1
    outer loop
      vertex -42.668 10.9809 0
      vertex -43.1029 8.91403 0
      vertex -53.8804 9.62964 0
    endloop
  endfacet
  facet normal 0 0 -1
    outer loop
      vertex -42.5316 8.81342 0
      vertex -42.8147 8.90691 0
      vertex -42.668 10.9809 0
    endloop
  endfacet
  facet normal -0 0 -1
    outer loop
      vertex -39.8635 8.54283 0
      vertex -42.1075 8.40396 0
      vertex -42.2887 8.64066 0
    endloop
  endfacet
  facet normal 0 0 -1
    outer loop
      vertex -39.8635 8.54283 0
      vertex -39.939 8.24536 0
      vertex -42.1075 8.40396 0
    endloop
  endfacet
  facet normal 0 0 -1
    outer loop
      vertex -42.1075 8.40396 0
      vertex -39.939 8.24536 0
      vertex -42.0041 8.12439 0
    endloop
  endfacet
  facet normal 0 0 -1
    outer loop
      vertex -42.0041 8.12439 0
      vertex -39.939 8.24536 0
      vertex -41.9877 7.82675 0
    endloop
  endfacet
  facet normal 0 0 -1
    outer loop
      vertex -41.9877 7.82675 0
      vertex -39.939 8.24536 0
      vertex -41.3004 -6.10109 0
    endloop
  endfacet
  facet normal 0 0 -1
    outer loop
      vertex -40.9995 -6.91499 0
      vertex -43.518 -6.82408 0
      vertex -41.1806 -6.6783 0
    endloop
  endfacet
  facet normal 0 0 -1
    outer loop
      vertex -44.2824 -7.2348 0
      vertex -43.9899 -7.17738 0
      vertex -44.1568 -9.32524 0
    endloop
  endfacet
  facet normal -0 0 -1
    outer loop
      vertex -41.5375 -10.1734 0
      vertex -43.5397 -10.2678 0
      vertex -43.5786 -9.97229 0
    endloop
  endfacet
  facet normal 0 0 -1
    outer loop
      vertex -43.8341 -24.8461 0
      vertex -44.075 -24.6705 0
      vertex -41.5943 -22.4917 0
    endloop
  endfacet
  facet normal -0 0 -1
    outer loop
      vertex -41.5943 -22.4917 0
      vertex -44.075 -24.6705 0
      vertex -44.2036 -22.1071 0
    endloop
  endfacet
  facet normal 0 0 -1
    outer loop
      vertex -14.2344 -8.75064 0
      vertex -14.0547 -8.51282 0
      vertex -11.7263 -8.42189 0
    endloop
  endfacet
  facet normal 0 -0 -1
    outer loop
      vertex -30.0411 -7.33372 0
      vertex -29.8164 -9.38249 0
      vertex -30.3366 -7.37291 0
    endloop
  endfacet
  facet normal 0 0 -1
    outer loop
      vertex -29.3512 -9.50667 0
      vertex -29.7703 -7.20918 0
      vertex -29.5482 -7.01035 0
    endloop
  endfacet
  facet normal 0 0 -1
    outer loop
      vertex -29.8164 -9.38249 0
      vertex -30.0411 -7.33372 0
      vertex -29.6308 -9.40323 0
    endloop
  endfacet
  facet normal -0 0 -1
    outer loop
      vertex -27.2115 -7.00049 0
      vertex -29.5482 -7.01035 0
      vertex -29.3946 -6.75488 0
    endloop
  endfacet
  facet normal 0 0 -1
    outer loop
      vertex -27.2115 -7.00049 0
      vertex -29.3946 -6.75488 0
      vertex -27.2803 -6.71045 0
    endloop
  endfacet
  facet normal -0 0 -1
    outer loop
      vertex -27.2803 -6.71045 0
      vertex -29.3946 -6.75488 0
      vertex -29.3231 -6.4655 0
    endloop
  endfacet
  facet normal 0 -0 -1
    outer loop
      vertex -29.3223 -6.28992 0
      vertex -27.2803 -6.71045 0
      vertex -29.3231 -6.4655 0
    endloop
  endfacet
  facet normal 0 0 -1
    outer loop
      vertex -30.5163 8.02039 0
      vertex -28.456 7.38107 0
      vertex -29.3223 -6.28992 0
    endloop
  endfacet
  facet normal -0 0 -1
    outer loop
      vertex -28.3126 7.98581 0
      vertex -28.4285 7.71115 0
      vertex -30.5163 8.02039 0
    endloop
  endfacet
  facet normal 0 -0 -1
    outer loop
      vertex -27.1148 10.4498 0
      vertex -15.8414 8.45981 0
      vertex -27.2856 8.44899 0
    endloop
  endfacet
  facet normal 0 0 -1
    outer loop
      vertex -28.121 8.21413 0
      vertex -27.8013 10.9248 0
      vertex -27.6129 10.6939 0
    endloop
  endfacet
  facet normal 0 0 -1
    outer loop
      vertex -27.3647 10.5287 0
      vertex -27.5836 8.45648 0
      vertex -27.8705 8.37579 0
    endloop
  endfacet
  facet normal 0 -0 -1
    outer loop
      vertex -27.3647 10.5287 0
      vertex -27.1148 10.4498 0
      vertex -27.5836 8.45648 0
    endloop
  endfacet
  facet normal 0 0 -1
    outer loop
      vertex -27.5836 8.45648 0
      vertex -27.1148 10.4498 0
      vertex -27.2856 8.44899 0
    endloop
  endfacet
  facet normal -0 0 -1
    outer loop
      vertex -15.5434 8.45232 0
      vertex -15.6689 6.39847 0
      vertex -15.8414 8.45981 0
    endloop
  endfacet
  facet normal 0 0 -1
    outer loop
      vertex -15.6689 6.39847 0
      vertex -27.2856 8.44899 0
      vertex -15.8414 8.45981 0
    endloop
  endfacet
  facet normal -0 0 -1
    outer loop
      vertex -12.7997 5.60963 0
      vertex -14.845 5.48116 0
      vertex -14.9092 5.77223 0
    endloop
  endfacet
  facet normal -0 0 -1
    outer loop
      vertex -12.4931 6.11314 0
      vertex -15.0564 6.03146 0
      vertex -15.006 8.69467 0
    endloop
  endfacet
  facet normal 0 0 -1
    outer loop
      vertex -14.845 5.48116 0
      vertex -12.7997 5.60963 0
      vertex -12.828 5.29695 0
    endloop
  endfacet
  facet normal 0 0 -1
    outer loop
      vertex -13.9357 -7.96817 0
      vertex -12.828 5.29695 0
      vertex -11.9377 -7.87158 0
    endloop
  endfacet
  facet normal 0 0 -1
    outer loop
      vertex -14.4971 -11.1721 0
      vertex -14.4762 -8.92494 0
      vertex -14.2541 -11.3447 0
    endloop
  endfacet
  facet normal 0 0 -1
    outer loop
      vertex 0.25679 7.63849 0
      vertex 13.5957 9.91862 0
      vertex 13.6187 7.91866 0
    endloop
  endfacet
  facet normal 0 0 -1
    outer loop
      vertex 29.9821 8.02429 0
      vertex 27.6232 5.56958 0
      vertex 27.3991 5.76619 0
    endloop
  endfacet
  facet normal 0 0 -1
    outer loop
      vertex 2.86494 -5.60753 0
      vertex 0.206696 -5.8951 0
      vertex 0.370071 -5.64577 0
    endloop
  endfacet
  facet normal 0 0 -1
    outer loop
      vertex -14.7586 -9.02022 0
      vertex -14.8253 -11.0721 0
      vertex -15.0566 -9.02802 0
    endloop
  endfacet
  facet normal 0 0 -1
    outer loop
      vertex 39.1576 -34.3653 0
      vertex 41.2697 -34.1849 0
      vertex 41.3679 -34.4664 0
    endloop
  endfacet
  facet normal -0 0 -1
    outer loop
      vertex 41.5446 -34.7064 0
      vertex 38.79 -34.8262 0
      vertex 39.0085 -34.6235 0
    endloop
  endfacet
  facet normal 0 0 -1
    outer loop
      vertex 17.1083 10.1217 0
      vertex 14.4749 7.46881 0
      vertex 14.2757 7.69055 0
    endloop
  endfacet
  facet normal 0 0 -1
    outer loop
      vertex 0.370071 -5.64577 0
      vertex 0.452682 -5.35936 0
      vertex 2.66771 -5.38403 0
    endloop
  endfacet
  facet normal 0 0 -1
    outer loop
      vertex 0.452682 -5.35936 0
      vertex 0.42392 -4.95764 0
      vertex 2.5451 -5.11234 0
    endloop
  endfacet
  facet normal 0 -0 -1
    outer loop
      vertex 38.79 -34.8262 0
      vertex 41.7843 -34.8836 0
      vertex 38.5215 -34.9556 0
    endloop
  endfacet
  facet normal 0 0 -1
    outer loop
      vertex -0.684875 6.36786 0
      vertex -2.84299 6.65381 0
      vertex -0.720795 6.6925 0
    endloop
  endfacet
  facet normal 0 0 -1
    outer loop
      vertex -2.96559 6.92551 0
      vertex -0.516968 7.24567 0
      vertex -0.660568 6.98445 0
    endloop
  endfacet
  facet normal 0 0 -1
    outer loop
      vertex -12.243 6.27527 0
      vertex -12.3559 8.72568 0
      vertex -12.119 8.54472 0
    endloop
  endfacet
  facet normal 0 0 -1
    outer loop
      vertex -3.40611 9.63286 0
      vertex -0.71405 9.96887 0
      vertex -3.16283 7.149 0
    endloop
  endfacet
  facet normal -0 0 -1
    outer loop
      vertex -0.516968 7.24567 0
      vertex -3.16283 7.149 0
      vertex -0.71405 9.96887 0
    endloop
  endfacet
  facet normal 0 0 -1
    outer loop
      vertex -3.94307 9.38956 0
      vertex -3.65625 9.47073 0
      vertex -3.70604 7.37799 0
    endloop
  endfacet
  facet normal 0 -0 -1
    outer loop
      vertex -3.40611 9.63286 0
      vertex -3.16283 7.149 0
      vertex -3.41718 7.30444 0
    endloop
  endfacet
  facet normal 0 -0 -1
    outer loop
      vertex -0.484695 9.77846 0
      vertex -0.302765 7.45296 0
      vertex -0.516968 7.24567 0
    endloop
  endfacet
  facet normal 0 0 -1
    outer loop
      vertex -0.302765 7.45296 0
      vertex -0.484695 9.77846 0
      vertex -0.209427 9.66411 0
    endloop
  endfacet
  facet normal -0 0 -1
    outer loop
      vertex -0.036972 7.58789 0
      vertex -0.302765 7.45296 0
      vertex -0.209427 9.66411 0
    endloop
  endfacet
  facet normal -0 0 -1
    outer loop
      vertex 0.0532379 9.63467 0
      vertex -0.036972 7.58789 0
      vertex -0.209427 9.66411 0
    endloop
  endfacet
  facet normal 0 -0 -1
    outer loop
      vertex 0.0532379 9.63467 0
      vertex 0.25679 7.63849 0
      vertex -0.036972 7.58789 0
    endloop
  endfacet
  facet normal -0 0 -1
    outer loop
      vertex 17.1083 10.1217 0
      vertex 14.2757 7.69055 0
      vertex 14.3694 10.3114 0
    endloop
  endfacet
  facet normal 0 0 -1
    outer loop
      vertex 16.9242 7.21439 0
      vertex 14.4749 7.46881 0
      vertex 17.1194 7.43961 0
    endloop
  endfacet
  facet normal 0 0 -1
    outer loop
      vertex 16.8182 6.98935 0
      vertex 14.5999 7.1982 0
      vertex 16.9242 7.21439 0
    endloop
  endfacet
  facet normal -0 0 -1
    outer loop
      vertex 16.9242 7.21439 0
      vertex 14.5999 7.1982 0
      vertex 14.4749 7.46881 0
    endloop
  endfacet
  facet normal 0 0 -1
    outer loop
      vertex 14.5999 7.1982 0
      vertex 16.8182 6.98935 0
      vertex 14.6396 6.90277 0
    endloop
  endfacet
  facet normal 0 -0 -1
    outer loop
      vertex 14.6396 6.90277 0
      vertex 16.8182 6.98935 0
      vertex 14.5904 6.60876 0
    endloop
  endfacet
  facet normal 0 0 -1
    outer loop
      vertex 17.1194 7.43961 0
      vertex 14.4749 7.46881 0
      vertex 17.1083 10.1217 0
    endloop
  endfacet
  facet normal 0 0 -1
    outer loop
      vertex 9.73352 -8.58363 0
      vertex 10.0385 -6.43066 0
      vertex 10.1354 -8.72105 0
    endloop
  endfacet
  facet normal 0 0 -1
    outer loop
      vertex 38.0791 -5.61462 0
      vertex 40.3407 -5.4865 0
      vertex 40.5214 -5.72353 0
    endloop
  endfacet
  facet normal 0 0 -1
    outer loop
      vertex 10.3647 -8.9115 0
      vertex 10.1354 -8.72105 0
      vertex 10.2789 -6.25444 0
    endloop
  endfacet
  facet normal 0 0 -1
    outer loop
      vertex 9.45894 -6.53838 0
      vertex 9.75685 -6.5282 0
      vertex 9.73352 -8.58363 0
    endloop
  endfacet
  facet normal 0 -0 -1
    outer loop
      vertex 3.39253 -5.83484 0
      vertex 3.47017 -7.85727 0
      vertex 3.17226 -7.86745 0
    endloop
  endfacet
  facet normal -0 0 -1
    outer loop
      vertex 26.3477 -34.151 0
      vertex 24.2231 -34.3653 0
      vertex 24.2813 -34.1471 0
    endloop
  endfacet
  facet normal 0 0 -1
    outer loop
      vertex 30.0276 5.25867 0
      vertex 27.7793 5.31566 0
      vertex 27.6232 5.56958 0
    endloop
  endfacet
  facet normal 0 0 -1
    outer loop
      vertex 10.0385 -6.43066 0
      vertex 9.73352 -8.58363 0
      vertex 9.75685 -6.5282 0
    endloop
  endfacet
  facet normal -0 0 -1
    outer loop
      vertex 12.7833 -6.59491 0
      vertex 10.3647 -8.9115 0
      vertex 10.2789 -6.25444 0
    endloop
  endfacet
  facet normal 0 0 -1
    outer loop
      vertex 10.2789 -6.25444 0
      vertex 10.1354 -8.72105 0
      vertex 10.0385 -6.43066 0
    endloop
  endfacet
  facet normal 0 0 -1
    outer loop
      vertex 10.2789 -6.25444 0
      vertex 12.6583 -6.3243 0
      vertex 12.7833 -6.59491 0
    endloop
  endfacet
  facet normal 0 0 -1
    outer loop
      vertex 10.2789 -6.25444 0
      vertex 10.4567 -6.01517 0
      vertex 12.6583 -6.3243 0
    endloop
  endfacet
  facet normal 0 0 -1
    outer loop
      vertex 12.6583 -6.3243 0
      vertex 10.4567 -6.01517 0
      vertex 10.5248 -5.85513 0
    endloop
  endfacet
  facet normal 0 0 -1
    outer loop
      vertex 12.6678 -5.73486 0
      vertex 12.6186 -6.02887 0
      vertex 10.5248 -5.85513 0
    endloop
  endfacet
  facet normal -0 -0 -1
    outer loop
      vertex 12.6186 -6.02887 0
      vertex 12.6583 -6.3243 0
      vertex 10.5248 -5.85513 0
    endloop
  endfacet
  facet normal -0 0 -1
    outer loop
      vertex 12.6678 -5.73486 0
      vertex 10.5248 -5.85513 0
      vertex 14.5904 6.60876 0
    endloop
  endfacet
  facet normal 0 -0 -1
    outer loop
      vertex 14.5904 6.60876 0
      vertex 16.8182 6.98935 0
      vertex 12.6678 -5.73486 0
    endloop
  endfacet
  facet normal -0 0 -1
    outer loop
      vertex 17.3221 9.91396 0
      vertex 17.1194 7.43961 0
      vertex 17.1083 10.1217 0
    endloop
  endfacet
  facet normal 0 -0 -1
    outer loop
      vertex 17.3221 9.91396 0
      vertex 17.3724 7.59727 0
      vertex 17.1194 7.43961 0
    endloop
  endfacet
  facet normal 0 0 -1
    outer loop
      vertex 17.3221 9.91396 0
      vertex 17.7148 9.74507 0
      vertex 17.3724 7.59727 0
    endloop
  endfacet
  facet normal 0 0 -1
    outer loop
      vertex 17.3724 7.59727 0
      vertex 17.7148 9.74507 0
      vertex 17.6606 7.67336 0
    endloop
  endfacet
  facet normal 0 0 -1
    outer loop
      vertex 17.6606 7.67336 0
      vertex 17.7148 9.74507 0
      vertex 17.9585 7.66112 0
    endloop
  endfacet
  facet normal 0 0 -1
    outer loop
      vertex 17.9585 7.66112 0
      vertex 17.7148 9.74507 0
      vertex 26.1542 8.11606 0
    endloop
  endfacet
  facet normal -0 -0 -1
    outer loop
      vertex 26.452 8.10382 0
      vertex 27.0484 5.90654 0
      vertex 26.1542 8.11606 0
    endloop
  endfacet
  facet normal 0 0 -1
    outer loop
      vertex 27.7793 5.31566 0
      vertex 30.0276 5.25867 0
      vertex 29.9298 4.9845 0
    endloop
  endfacet
  facet normal 0 0 -1
    outer loop
      vertex 27.6232 5.56958 0
      vertex 30.2053 5.49803 0
      vertex 30.0276 5.25867 0
    endloop
  endfacet
  facet normal 0 0 -1
    outer loop
      vertex 29.9298 4.9845 0
      vertex 27.8537 5.02699 0
      vertex 27.7793 5.31566 0
    endloop
  endfacet
  facet normal -0 0 -1
    outer loop
      vertex 29.9298 4.9845 0
      vertex 27.8396 4.72925 0
      vertex 27.8537 5.02699 0
    endloop
  endfacet
  facet normal -0 0 -1
    outer loop
      vertex 42.4759 9.49316 0
      vertex 41.8702 7.25011 0
      vertex 42.2684 9.70718 0
    endloop
  endfacet
  facet normal 0 0 -1
    outer loop
      vertex 41.3219 6.45197 0
      vertex 39.2753 6.06708 0
      vertex 39.2595 6.36473 0
    endloop
  endfacet
  facet normal 0 -0 -1
    outer loop
      vertex 55 -6.16339 0
      vertex 55 -10.1798 0
      vertex 54.9864 -6.32779 0
    endloop
  endfacet
  facet normal 0 0 -1
    outer loop
      vertex 41.1271 -6.00134 0
      vertex 41.691 -8.06064 0
      vertex 41.3935 -8.07829 0
    endloop
  endfacet
  facet normal 0 0 -1
    outer loop
      vertex 27.744 -10.3429 0
      vertex 25.2729 -7.91444 0
      vertex 27.7868 -7.6963 0
    endloop
  endfacet
  facet normal 0 0 -1
    outer loop
      vertex 41.2697 -34.1849 0
      vertex 39.2203 -34.113 0
      vertex 41.2589 -33.887 0
    endloop
  endfacet
  facet normal 0 0 -1
    outer loop
      vertex -3.21751 -19.689 0
      vertex -0.0832672 -9.77406 0
      vertex -0.897751 -18.986 0
    endloop
  endfacet
  facet normal 0 0 -1
    outer loop
      vertex -0.664932 -8.54436 0
      vertex -0.955078 -8.476 0
      vertex -0.29834 -6.19917 0
    endloop
  endfacet
  facet normal -0 0 -1
    outer loop
      vertex -11.5093 -8.62624 0
      vertex -14.2344 -8.75064 0
      vertex -11.7263 -8.42189 0
    endloop
  endfacet
  facet normal 0 0 -1
    outer loop
      vertex -14.4971 -11.1721 0
      vertex -14.8253 -11.0721 0
      vertex -14.7586 -9.02022 0
    endloop
  endfacet
  facet normal -0 0 -1
    outer loop
      vertex -11.7263 -8.42189 0
      vertex -14.0547 -8.51282 0
      vertex -11.8735 -8.16266 0
    endloop
  endfacet
  facet normal 0 0 -1
    outer loop
      vertex -11.8735 -8.16266 0
      vertex -14.0547 -8.51282 0
      vertex -13.9531 -8.23257 0
    endloop
  endfacet
  facet normal 0 -0 -1
    outer loop
      vertex -11.9377 -7.87158 0
      vertex -11.8735 -8.16266 0
      vertex -13.9531 -8.23257 0
    endloop
  endfacet
  facet normal 0 -0 -1
    outer loop
      vertex -13.9357 -7.96817 0
      vertex -11.9377 -7.87158 0
      vertex -13.9531 -8.23257 0
    endloop
  endfacet
  facet normal 0 0 -1
    outer loop
      vertex -14.845 5.48116 0
      vertex -12.828 5.29695 0
      vertex -13.9357 -7.96817 0
    endloop
  endfacet
  facet normal -0 -0 -1
    outer loop
      vertex -0.684875 6.36786 0
      vertex 0.42392 -4.95764 0
      vertex -2.84299 6.65381 0
    endloop
  endfacet
  facet normal 0 0 -1
    outer loop
      vertex -14.9092 5.77223 0
      vertex -15.0564 6.03146 0
      vertex -12.6844 5.88449 0
    endloop
  endfacet
  facet normal 0 0 -1
    outer loop
      vertex -12.4931 6.11314 0
      vertex -12.3559 8.72568 0
      vertex -12.243 6.27527 0
    endloop
  endfacet
  facet normal -0 0 -1
    outer loop
      vertex -11.8393 8.44164 0
      vertex -11.9562 6.35645 0
      vertex -12.119 8.54472 0
    endloop
  endfacet
  facet normal 0 -0 -1
    outer loop
      vertex -11.8393 8.44164 0
      vertex -11.5113 8.42896 0
      vertex -11.9562 6.35645 0
    endloop
  endfacet
  facet normal -0 0 -1
    outer loop
      vertex -3.93153 7.375 0
      vertex -11.9562 6.35645 0
      vertex -11.5113 8.42896 0
    endloop
  endfacet
  facet normal 0 -0 -1
    outer loop
      vertex -3.94307 9.38956 0
      vertex -3.93153 7.375 0
      vertex -11.5113 8.42896 0
    endloop
  endfacet
  facet normal 0 0 -1
    outer loop
      vertex -3.41718 7.30444 0
      vertex -3.70604 7.37799 0
      vertex -3.65625 9.47073 0
    endloop
  endfacet
  facet normal 0 0 -1
    outer loop
      vertex -3.16283 7.149 0
      vertex -0.516968 7.24567 0
      vertex -2.96559 6.92551 0
    endloop
  endfacet
  facet normal 0 0 -1
    outer loop
      vertex -2.96559 6.92551 0
      vertex -0.660568 6.98445 0
      vertex -2.84299 6.65381 0
    endloop
  endfacet
  facet normal 0 0 -1
    outer loop
      vertex -2.84299 6.65381 0
      vertex -0.660568 6.98445 0
      vertex -0.720795 6.6925 0
    endloop
  endfacet
  facet normal 0 0 -1
    outer loop
      vertex -0.684875 6.36786 0
      vertex 2.5451 -5.11234 0
      vertex 0.42392 -4.95764 0
    endloop
  endfacet
  facet normal 0 0 -1
    outer loop
      vertex 0.370071 -5.64577 0
      vertex 2.66771 -5.38403 0
      vertex 2.86494 -5.60753 0
    endloop
  endfacet
  facet normal 0 -0 -1
    outer loop
      vertex 0.206696 -5.8951 0
      vertex 2.47238 -8.38048 0
      vertex -0.0229034 -6.08519 0
    endloop
  endfacet
  facet normal 0 0 -1
    outer loop
      vertex -0.0229034 -6.08519 0
      vertex -0.407837 -8.69519 0
      vertex -0.29834 -6.19917 0
    endloop
  endfacet
  facet normal 0 0 -1
    outer loop
      vertex 0.206696 -5.8951 0
      vertex 2.65016 -8.1412 0
      vertex 2.47238 -8.38048 0
    endloop
  endfacet
  facet normal 0 0 -1
    outer loop
      vertex -10.6996 -8.77481 0
      vertex -11.1573 -10.9486 0
      vertex -10.9473 -8.80409 0
    endloop
  endfacet
  facet normal 0 0 -1
    outer loop
      vertex 13.4907 -7.03677 0
      vertex 14.4129 -9.17206 0
      vertex 14.1149 -9.17847 0
    endloop
  endfacet
  facet normal 0 -0 -1
    outer loop
      vertex 54.8733 8.31921 0
      vertex 54.9556 5.06454 0
      vertex 54.8262 5.33311 0
    endloop
  endfacet
  facet normal 0 -0 -1
    outer loop
      vertex 38.1779 -5.26813 0
      vertex 40.3407 -5.4865 0
      vertex 38.0791 -5.61462 0
    endloop
  endfacet
  facet normal 0 0 -1
    outer loop
      vertex 24.3555 -10.4527 0
      vertex 24.5667 -8.41858 0
      vertex 24.7346 -10.5825 0
    endloop
  endfacet
  facet normal 0 0 -1
    outer loop
      vertex 38.1779 -5.26813 0
      vertex 40.2378 -5.20671 0
      vertex 40.3407 -5.4865 0
    endloop
  endfacet
  facet normal 0 0 -1
    outer loop
      vertex 25.3771 -7.6286 0
      vertex 27.8396 4.72925 0
      vertex 27.5704 -6.85597 0
    endloop
  endfacet
  facet normal 0 0 -1
    outer loop
      vertex 38.1779 -5.26813 0
      vertex 40.222 -4.90906 0
      vertex 40.2378 -5.20671 0
    endloop
  endfacet
  facet normal 0 0 -1
    outer loop
      vertex 24.9662 -10.7702 0
      vertex 24.8495 -8.32462 0
      vertex 25.0921 -8.15144 0
    endloop
  endfacet
  facet normal 0 0 -1
    outer loop
      vertex 41.6264 7.0786 0
      vertex 39.4074 9.47061 0
      vertex 39.6477 9.64699 0
    endloop
  endfacet
  facet normal -0 0 -1
    outer loop
      vertex 42.1537 7.34215 0
      vertex 41.8702 7.25011 0
      vertex 42.4759 9.49316 0
    endloop
  endfacet
  facet normal 0 -0 -1
    outer loop
      vertex 42.9476 9.29753 0
      vertex 53.8655 7.81554 0
      vertex 42.4518 7.34651 0
    endloop
  endfacet
  facet normal 0 0 -1
    outer loop
      vertex 42.1537 7.34215 0
      vertex 42.4759 9.49316 0
      vertex 42.7372 9.34979 0
    endloop
  endfacet
  facet normal -0 0 -1
    outer loop
      vertex 42.4518 7.34651 0
      vertex 42.1537 7.34215 0
      vertex 42.7372 9.34979 0
    endloop
  endfacet
  facet normal 0 0 -1
    outer loop
      vertex 54.1635 7.8199 0
      vertex 54.1345 5.7607 0
      vertex 53.8655 7.81554 0
    endloop
  endfacet
  facet normal 0 0 -1
    outer loop
      vertex 54.8262 5.33311 0
      vertex 54.6235 5.55162 0
      vertex 54.6909 8.08345 0
    endloop
  endfacet
  facet normal 0 0 -1
    outer loop
      vertex 54.8733 8.31921 0
      vertex 54.8262 5.33311 0
      vertex 54.6909 8.08345 0
    endloop
  endfacet
  facet normal 0 0 -1
    outer loop
      vertex 55 4.76979 0
      vertex 60 -36 0
      vertex 55 -6.16339 0
    endloop
  endfacet
  facet normal 0 -0 -1
    outer loop
      vertex 55 8.80644 0
      vertex 55 4.76979 0
      vertex 54.9781 8.59827 0
    endloop
  endfacet
  facet normal 0 0 -1
    outer loop
      vertex 55 8.80644 0
      vertex 60 36 0
      vertex 55 4.76979 0
    endloop
  endfacet
  facet normal 0 0 -1
    outer loop
      vertex 55 4.76979 0
      vertex 60 36 0
      vertex 60 -36 0
    endloop
  endfacet
  facet normal 0 0 -1
    outer loop
      vertex 54.9556 -9.88503 0
      vertex 54.8941 -6.61122 0
      vertex 54.9864 -6.32779 0
    endloop
  endfacet
  facet normal 0 0 -1
    outer loop
      vertex 54.6235 -9.39795 0
      vertex 54.7224 -6.85487 0
      vertex 54.8262 -9.61646 0
    endloop
  endfacet
  facet normal 0 0 -1
    outer loop
      vertex 54.3653 -9.2489 0
      vertex 54.4865 -7.03708 0
      vertex 54.6235 -9.39795 0
    endloop
  endfacet
  facet normal 0 0 -1
    outer loop
      vertex 54.3653 -9.2489 0
      vertex 54.2073 -7.14166 0
      vertex 54.4865 -7.03708 0
    endloop
  endfacet
  facet normal 0 0 -1
    outer loop
      vertex 54.3653 -9.2489 0
      vertex 54.0902 -9.18385 0
      vertex 54.2073 -7.14166 0
    endloop
  endfacet
  facet normal 0 0 -1
    outer loop
      vertex 54.0902 -9.18385 0
      vertex 41.691 -8.06064 0
      vertex 53.9098 -7.15932 0
    endloop
  endfacet
  facet normal 0 0 -1
    outer loop
      vertex 37.9593 -8.28871 0
      vertex 37.9088 -5.85922 0
      vertex 38.2059 -8.45618 0
    endloop
  endfacet
  facet normal 0 -0 -1
    outer loop
      vertex 25.2729 -7.91444 0
      vertex 27.5091 -10.5264 0
      vertex 25.0921 -8.15144 0
    endloop
  endfacet
  facet normal 0 0 -1
    outer loop
      vertex 25.2729 -7.91444 0
      vertex 27.6307 -7.44238 0
      vertex 27.7868 -7.6963 0
    endloop
  endfacet
  facet normal 0 0 -1
    outer loop
      vertex 25.2729 -7.91444 0
      vertex 25.3771 -7.6286 0
      vertex 27.6307 -7.44238 0
    endloop
  endfacet
  facet normal -0 0 -1
    outer loop
      vertex 27.6307 -7.44238 0
      vertex 25.3771 -7.6286 0
      vertex 27.5563 -7.15372 0
    endloop
  endfacet
  facet normal -0 0 -1
    outer loop
      vertex 27.5563 -7.15372 0
      vertex 25.3771 -7.6286 0
      vertex 27.5704 -6.85597 0
    endloop
  endfacet
  facet normal 0 0 -1
    outer loop
      vertex 29.9821 8.02429 0
      vertex 30.2393 7.87358 0
      vertex 30.2053 5.49803 0
    endloop
  endfacet
  facet normal 0 0 -1
    outer loop
      vertex 29.9298 4.9845 0
      vertex 27.5704 -6.85597 0
      vertex 27.8396 4.72925 0
    endloop
  endfacet
  facet normal 0 -0 -1
    outer loop
      vertex 30.2393 7.87358 0
      vertex 30.4456 5.67442 0
      vertex 30.2053 5.49803 0
    endloop
  endfacet
  facet normal 0 0 -1
    outer loop
      vertex 30.2393 7.87358 0
      vertex 30.5295 7.80539 0
      vertex 30.4456 5.67442 0
    endloop
  endfacet
  facet normal 0 0 -1
    outer loop
      vertex 30.7272 5.77213 0
      vertex 30.5295 7.80539 0
      vertex 30.794 7.81905 0
    endloop
  endfacet
  facet normal 0 0 -1
    outer loop
      vertex 30.4456 5.67442 0
      vertex 30.5295 7.80539 0
      vertex 30.7272 5.77213 0
    endloop
  endfacet
  facet normal 0 0 -1
    outer loop
      vertex 30.7272 5.77213 0
      vertex 30.794 7.81905 0
      vertex 38.0966 7.14648 0
    endloop
  endfacet
  facet normal 0 -0 -1
    outer loop
      vertex 39.1257 9.37289 0
      vertex 39.4074 9.47061 0
      vertex 38.9759 6.88155 0
    endloop
  endfacet
  facet normal 0 0 -1
    outer loop
      vertex 38.0966 7.14648 0
      vertex 30.794 7.81905 0
      vertex 39.1257 9.37289 0
    endloop
  endfacet
  facet normal 0 0 -1
    outer loop
      vertex 38.7333 7.05478 0
      vertex 39.1257 9.37289 0
      vertex 38.9759 6.88155 0
    endloop
  endfacet
  facet normal -0 0 -1
    outer loop
      vertex 38.4505 7.1488 0
      vertex 38.0966 7.14648 0
      vertex 39.1257 9.37289 0
    endloop
  endfacet
  facet normal 0 0 -1
    outer loop
      vertex 38.9759 6.88155 0
      vertex 41.6264 7.0786 0
      vertex 41.444 6.84283 0
    endloop
  endfacet
  facet normal 0 0 -1
    outer loop
      vertex 39.1566 6.64452 0
      vertex 38.9759 6.88155 0
      vertex 41.444 6.84283 0
    endloop
  endfacet
  facet normal 0 0 -1
    outer loop
      vertex 41.3219 6.45197 0
      vertex 39.1566 6.64452 0
      vertex 41.444 6.84283 0
    endloop
  endfacet
  facet normal -0 0 -1
    outer loop
      vertex 41.3219 6.45197 0
      vertex 39.2595 6.36473 0
      vertex 39.1566 6.64452 0
    endloop
  endfacet
  facet normal 0 0 -1
    outer loop
      vertex 40.222 -4.90906 0
      vertex 39.2753 6.06708 0
      vertex 41.3219 6.45197 0
    endloop
  endfacet
  facet normal 0 0 -1
    outer loop
      vertex 38.1779 -5.26813 0
      vertex 39.2753 6.06708 0
      vertex 40.222 -4.90906 0
    endloop
  endfacet
  facet normal 0 -0 -1
    outer loop
      vertex 38.0791 -5.61462 0
      vertex 40.5214 -5.72353 0
      vertex 37.9088 -5.85922 0
    endloop
  endfacet
  facet normal 0 0 -1
    outer loop
      vertex 37.3143 -8.21338 0
      vertex 37.3953 -6.14886 0
      vertex 37.6743 -8.20137 0
    endloop
  endfacet
  facet normal 0 -0 -1
    outer loop
      vertex 40.5214 -5.72353 0
      vertex 40.8784 -8.36508 0
      vertex 38.2059 -8.45618 0
    endloop
  endfacet
  facet normal 0 0 -1
    outer loop
      vertex 37.6739 -6.04274 0
      vertex 37.9088 -5.85922 0
      vertex 37.9593 -8.28871 0
    endloop
  endfacet
  facet normal 0 -0 -1
    outer loop
      vertex 28.1704 -17.844 0
      vertex 28.256 -18.1295 0
      vertex 26.153 -18.3072 0
    endloop
  endfacet
  facet normal 0 -0 -1
    outer loop
      vertex 28.0109 -7.89291 0
      vertex 28.0225 -10.2368 0
      vertex 27.744 -10.3429 0
    endloop
  endfacet
  facet normal 0 0 -1
    outer loop
      vertex 14.4129 -9.17206 0
      vertex 24.2686 -8.42499 0
      vertex 24.3555 -10.4527 0
    endloop
  endfacet
  facet normal -0 0 -1
    outer loop
      vertex 12.9825 -6.81665 0
      vertex 10.3647 -8.9115 0
      vertex 12.7833 -6.59491 0
    endloop
  endfacet
  facet normal 0 -0 -1
    outer loop
      vertex -3.21751 -19.689 0
      vertex -0.774414 -19.8449 0
      vertex -3.34003 -19.9439 0
    endloop
  endfacet
  facet normal 0 0 -1
    outer loop
      vertex -3.34003 -19.9439 0
      vertex -0.774414 -19.8449 0
      vertex -0.573181 -20.0648 0
    endloop
  endfacet
  facet normal 0 -0 -1
    outer loop
      vertex -24.8311 -21.588 0
      vertex -24.6584 -21.8309 0
      vertex -27.1444 -21.9885 0
    endloop
  endfacet
  facet normal 0 0 -1
    outer loop
      vertex -28.8484 -10.2139 0
      vertex -26.5959 -10.2511 0
      vertex -26.6975 -10.5313 0
    endloop
  endfacet
  facet normal 0 0 -1
    outer loop
      vertex 2.40147 -8.54921 0
      vertex -0.0832672 -9.77406 0
      vertex -0.0367889 -9.47963 0
    endloop
  endfacet
  facet normal 0 0 -1
    outer loop
      vertex -11.4327 -11.0626 0
      vertex -11.5093 -8.62624 0
      vertex -11.2417 -8.75752 0
    endloop
  endfacet
  facet normal 0 0 -1
    outer loop
      vertex -1.27713 -8.50197 0
      vertex -0.29834 -6.19917 0
      vertex -0.955078 -8.476 0
    endloop
  endfacet
  facet normal 0 0 -1
    outer loop
      vertex 2.86494 -5.60753 0
      vertex 2.65016 -8.1412 0
      vertex 0.206696 -5.8951 0
    endloop
  endfacet
  facet normal 0 0 -1
    outer loop
      vertex 2.65016 -8.1412 0
      vertex 2.86494 -5.60753 0
      vertex 2.89058 -7.96498 0
    endloop
  endfacet
  facet normal 0 0 -1
    outer loop
      vertex 3.39253 -5.83484 0
      vertex 9.45894 -6.53838 0
      vertex 3.47017 -7.85727 0
    endloop
  endfacet
  facet normal 0 0 -1
    outer loop
      vertex 2.89058 -7.96498 0
      vertex 2.86494 -5.60753 0
      vertex 3.11929 -5.76297 0
    endloop
  endfacet
  facet normal -0 0 -1
    outer loop
      vertex 3.17226 -7.86745 0
      vertex 2.89058 -7.96498 0
      vertex 3.11929 -5.76297 0
    endloop
  endfacet
  facet normal -0 0 -1
    outer loop
      vertex 3.39253 -5.83484 0
      vertex 3.17226 -7.86745 0
      vertex 3.11929 -5.76297 0
    endloop
  endfacet
  facet normal 0 0 -1
    outer loop
      vertex 9.73352 -8.58363 0
      vertex 3.47017 -7.85727 0
      vertex 9.45894 -6.53838 0
    endloop
  endfacet
  facet normal 0 0 -1
    outer loop
      vertex 12.9825 -6.81665 0
      vertex 10.5277 -9.16107 0
      vertex 10.3647 -8.9115 0
    endloop
  endfacet
  facet normal -0 0 -1
    outer loop
      vertex 13.5894 -9.4456 0
      vertex 13.4086 -9.6826 0
      vertex 10.5277 -9.16107 0
    endloop
  endfacet
  facet normal 0 0 -1
    outer loop
      vertex 10.5277 -9.16107 0
      vertex 13.3057 -9.96236 0
      vertex 13.2898 -10.26 0
    endloop
  endfacet
  facet normal 0 0 -1
    outer loop
      vertex 15.0118 -18.966 0
      vertex 10.5277 -9.16107 0
      vertex 13.3758 -10.5798 0
    endloop
  endfacet
  facet normal 0 0 -1
    outer loop
      vertex 42.6304 -17.7895 0
      vertex 40.3559 -17.7263 0
      vertex 42.521 -17.5122 0
    endloop
  endfacet
  facet normal 0 0 -1
    outer loop
      vertex 42.521 -17.5122 0
      vertex 40.4133 -17.4338 0
      vertex 40.3888 -17.1652 0
    endloop
  endfacet
  facet normal 0 0 -1
    outer loop
      vertex 39.8483 -20.4015 0
      vertex 39.6309 -20.3843 0
      vertex 39.7381 -18.3357 0
    endloop
  endfacet
  facet normal 0 0 -1
    outer loop
      vertex 40.3692 -20.6775 0
      vertex 40.1296 -20.5002 0
      vertex 40.0026 -18.1982 0
    endloop
  endfacet
  facet normal 0 0 -1
    outer loop
      vertex 40.0026 -18.1982 0
      vertex 40.2148 -17.9889 0
      vertex 40.3692 -20.6775 0
    endloop
  endfacet
  facet normal 0 0 -1
    outer loop
      vertex 25.619 -18.9912 0
      vertex 25.5508 -21.2994 0
      vertex 25.2731 -21.191 0
    endloop
  endfacet
  facet normal 0 0 -1
    outer loop
      vertex 14.3907 -20.3394 0
      vertex 14.8238 -22.4656 0
      vertex 14.4352 -22.3842 0
    endloop
  endfacet
  facet normal 0 0 -1
    outer loop
      vertex 54.3104 -18.0657 0
      vertex 53.9836 -20.1158 0
      vertex 54.0164 -18.1149 0
    endloop
  endfacet
  facet normal 0 0 -1
    outer loop
      vertex 41.1271 -6.00134 0
      vertex 53.9098 -7.15932 0
      vertex 41.691 -8.06064 0
    endloop
  endfacet
  facet normal 0 -0 -1
    outer loop
      vertex 40.4133 -17.4338 0
      vertex 42.521 -17.5122 0
      vertex 40.3559 -17.7263 0
    endloop
  endfacet
  facet normal 0 -0 -1
    outer loop
      vertex 26.3471 -33.8529 0
      vertex 26.3477 -34.151 0
      vertex 24.2813 -34.1471 0
    endloop
  endfacet
  facet normal -0 0 -1
    outer loop
      vertex 28.0109 -7.89291 0
      vertex 27.744 -10.3429 0
      vertex 27.7868 -7.6963 0
    endloop
  endfacet
  facet normal 0 0 -1
    outer loop
      vertex 37.3953 -6.14886 0
      vertex 37.6739 -6.04274 0
      vertex 37.6743 -8.20137 0
    endloop
  endfacet
  facet normal 0 0 -1
    outer loop
      vertex 37.6739 -6.04274 0
      vertex 37.9593 -8.28871 0
      vertex 37.6743 -8.20137 0
    endloop
  endfacet
  facet normal 0 0 -1
    outer loop
      vertex 40.8784 -8.36508 0
      vertex 40.5214 -5.72353 0
      vertex 40.764 -5.89676 0
    endloop
  endfacet
  facet normal -0 0 -1
    outer loop
      vertex 41.1143 -8.18288 0
      vertex 40.8784 -8.36508 0
      vertex 40.764 -5.89676 0
    endloop
  endfacet
  facet normal -0 0 -1
    outer loop
      vertex 41.1271 -6.00134 0
      vertex 41.1143 -8.18288 0
      vertex 40.764 -5.89676 0
    endloop
  endfacet
  facet normal 0 -0 -1
    outer loop
      vertex 41.1271 -6.00134 0
      vertex 41.3935 -8.07829 0
      vertex 41.1143 -8.18288 0
    endloop
  endfacet
  facet normal 0 0 -1
    outer loop
      vertex 54.2073 -7.14166 0
      vertex 54.0902 -9.18385 0
      vertex 53.9098 -7.15932 0
    endloop
  endfacet
  facet normal 0 0 -1
    outer loop
      vertex 55 -6.16339 0
      vertex 60 -36 0
      vertex 55 -10.1798 0
    endloop
  endfacet
  facet normal 0 0 -1
    outer loop
      vertex 54.6235 -9.39795 0
      vertex 54.4865 -7.03708 0
      vertex 54.7224 -6.85487 0
    endloop
  endfacet
  facet normal 0 0 -1
    outer loop
      vertex 54.8262 -9.61646 0
      vertex 54.7224 -6.85487 0
      vertex 54.8941 -6.61122 0
    endloop
  endfacet
  facet normal 0 0 -1
    outer loop
      vertex 54.9556 -9.88503 0
      vertex 54.8262 -9.61646 0
      vertex 54.8941 -6.61122 0
    endloop
  endfacet
  facet normal 0 0 -1
    outer loop
      vertex 55 -10.1798 0
      vertex 54.9556 -9.88503 0
      vertex 54.9864 -6.32779 0
    endloop
  endfacet
  facet normal 0 0 -1
    outer loop
      vertex 55 -10.1798 0
      vertex 60 -36 0
      vertex 55 -17.1151 0
    endloop
  endfacet
  facet normal 0 0 -1
    outer loop
      vertex 54.9556 -20.8209 0
      vertex 54.8262 -20.5523 0
      vertex 54.9368 -17.4651 0
    endloop
  endfacet
  facet normal 0 0 -1
    outer loop
      vertex 54.3653 -20.1848 0
      vertex 54.5768 -17.9319 0
      vertex 54.6235 -20.3338 0
    endloop
  endfacet
  facet normal 0 0 -1
    outer loop
      vertex 54.3653 -20.1848 0
      vertex 54.3104 -18.0657 0
      vertex 54.5768 -17.9319 0
    endloop
  endfacet
  facet normal 0 0 -1
    outer loop
      vertex 54.3653 -20.1848 0
      vertex 53.9836 -20.1158 0
      vertex 54.3104 -18.0657 0
    endloop
  endfacet
  facet normal 0 0 -1
    outer loop
      vertex 56.2989 -39.9888 0
      vertex 54.5633 -34.8262 0
      vertex 56.5962 -39.9553 0
    endloop
  endfacet
  facet normal 0 0 -1
    outer loop
      vertex 26.047 -18.5858 0
      vertex 26.153 -18.3072 0
      vertex 28.256 -18.1295 0
    endloop
  endfacet
  facet normal 0 0 -1
    outer loop
      vertex 26.153 -18.3072 0
      vertex 26.1658 -17.9536 0
      vertex 28.1704 -17.844 0
    endloop
  endfacet
  facet normal 0 -0 -1
    outer loop
      vertex 14.6602 -20.2119 0
      vertex 14.8238 -22.4656 0
      vertex 14.3907 -20.3394 0
    endloop
  endfacet
  facet normal 0 0 -1
    outer loop
      vertex 27.2453 -11.355 0
      vertex 25.2177 -11.3033 0
      vertex 27.248 -11.055 0
    endloop
  endfacet
  facet normal 0 -0 -1
    outer loop
      vertex 17.5019 -19.6018 0
      vertex 17.6649 -19.8514 0
      vertex 15.0308 -19.7535 0
    endloop
  endfacet
  facet normal -0 0 -1
    outer loop
      vertex 17.6649 -19.8514 0
      vertex 14.8801 -20.0106 0
      vertex 15.0308 -19.7535 0
    endloop
  endfacet
  facet normal 0 0 -1
    outer loop
      vertex 24.3555 -10.4527 0
      vertex 24.2686 -8.42499 0
      vertex 24.5667 -8.41858 0
    endloop
  endfacet
  facet normal 0 -0 -1
    outer loop
      vertex 25.0921 -8.15144 0
      vertex 27.5091 -10.5264 0
      vertex 24.9662 -10.7702 0
    endloop
  endfacet
  facet normal 0 0 -1
    outer loop
      vertex 24.7346 -10.5825 0
      vertex 24.8495 -8.32462 0
      vertex 24.9662 -10.7702 0
    endloop
  endfacet
  facet normal 0 0 -1
    outer loop
      vertex 24.5667 -8.41858 0
      vertex 24.8495 -8.32462 0
      vertex 24.7346 -10.5825 0
    endloop
  endfacet
  facet normal 0 0 -1
    outer loop
      vertex 27.5091 -10.5264 0
      vertex 25.2729 -7.91444 0
      vertex 27.744 -10.3429 0
    endloop
  endfacet
  facet normal 0 0 -1
    outer loop
      vertex 28.0109 -7.89291 0
      vertex 28.2829 -8.01477 0
      vertex 28.0225 -10.2368 0
    endloop
  endfacet
  facet normal 0 0 -1
    outer loop
      vertex 28.0225 -10.2368 0
      vertex 28.5788 -8.05101 0
      vertex 28.7639 -8.02849 0
    endloop
  endfacet
  facet normal 0 -0 -1
    outer loop
      vertex 28.2829 -8.01477 0
      vertex 28.5788 -8.05101 0
      vertex 28.0225 -10.2368 0
    endloop
  endfacet
  facet normal 0 0 -1
    outer loop
      vertex 28.0225 -10.2368 0
      vertex 28.7639 -8.02849 0
      vertex 37.3143 -8.21338 0
    endloop
  endfacet
  facet normal 0 0 -1
    outer loop
      vertex 37.3143 -8.21338 0
      vertex 28.7639 -8.02849 0
      vertex 37.3953 -6.14886 0
    endloop
  endfacet
  facet normal 0 0 -1
    outer loop
      vertex 40.5214 -5.72353 0
      vertex 38.2059 -8.45618 0
      vertex 37.9088 -5.85922 0
    endloop
  endfacet
  facet normal 0 0 -1
    outer loop
      vertex 38.2059 -8.45618 0
      vertex 40.7067 -8.60873 0
      vertex 38.3922 -8.68889 0
    endloop
  endfacet
  facet normal 0 0 -1
    outer loop
      vertex 40.8784 -8.36508 0
      vertex 40.7067 -8.60873 0
      vertex 38.2059 -8.45618 0
    endloop
  endfacet
  facet normal 0 0 -1
    outer loop
      vertex 40.7067 -8.60873 0
      vertex 40.6144 -8.89217 0
      vertex 38.3922 -8.68889 0
    endloop
  endfacet
  facet normal 0 0 -1
    outer loop
      vertex 38.5016 -8.96616 0
      vertex 40.6144 -8.89217 0
      vertex 40.6263 -9.28088 0
    endloop
  endfacet
  facet normal 0 0 -1
    outer loop
      vertex 38.3922 -8.68889 0
      vertex 40.6144 -8.89217 0
      vertex 38.5016 -8.96616 0
    endloop
  endfacet
  facet normal 0 0 -1
    outer loop
      vertex 40.3888 -17.1652 0
      vertex 38.5016 -8.96616 0
      vertex 40.6263 -9.28088 0
    endloop
  endfacet
  facet normal 0 0 -1
    outer loop
      vertex 42.521 -17.5122 0
      vertex 40.3888 -17.1652 0
      vertex 40.6263 -9.28088 0
    endloop
  endfacet
  facet normal 0 -0 -1
    outer loop
      vertex 40.3559 -17.7263 0
      vertex 42.6304 -17.7895 0
      vertex 40.2148 -17.9889 0
    endloop
  endfacet
  facet normal 0 0 -1
    outer loop
      vertex 40.2148 -17.9889 0
      vertex 42.6304 -17.7895 0
      vertex 42.8167 -18.0222 0
    endloop
  endfacet
  facet normal 0 0 -1
    outer loop
      vertex 40.2148 -17.9889 0
      vertex 42.8167 -18.0222 0
      vertex 40.3692 -20.6775 0
    endloop
  endfacet
  facet normal 0 0 -1
    outer loop
      vertex 39.7381 -18.3357 0
      vertex 40.0026 -18.1982 0
      vertex 40.1296 -20.5002 0
    endloop
  endfacet
  facet normal 0 0 -1
    outer loop
      vertex 28.4219 -18.3771 0
      vertex 28.6535 -18.5648 0
      vertex 28.5769 -20.8959 0
    endloop
  endfacet
  facet normal 0 -0 -1
    outer loop
      vertex 42.0655 -34.9824 0
      vertex 42.2525 -35 0
      vertex 38.2267 -35 0
    endloop
  endfacet
  facet normal 0 0 -1
    outer loop
      vertex -3.21751 -19.689 0
      vertex -0.901871 -19.5755 0
      vertex -0.774414 -19.8449 0
    endloop
  endfacet
  facet normal 0 0 -1
    outer loop
      vertex -27.7717 -24.4396 0
      vertex -27.6169 -22.341 0
      vertex -27.4984 -24.5585 0
    endloop
  endfacet
  facet normal 0 0 -1
    outer loop
      vertex -29.6476 -35 0
      vertex -25.8353 -34.9662 0
      vertex -25.5773 -35 0
    endloop
  endfacet
  facet normal 0 0 -1
    outer loop
      vertex -27.7717 -24.4396 0
      vertex -27.9095 -22.3979 0
      vertex -27.6169 -22.341 0
    endloop
  endfacet
  facet normal 0 0 -1
    outer loop
      vertex -28.8484 -10.2139 0
      vertex -26.6975 -10.5313 0
      vertex -26.7028 -10.8967 0
    endloop
  endfacet
  facet normal 0 0 -1
    outer loop
      vertex -29.1146 -9.68793 0
      vertex -29.3512 -9.50667 0
      vertex -27.0603 -7.25737 0
    endloop
  endfacet
  facet normal 0 0 -1
    outer loop
      vertex -14.2541 -11.3447 0
      vertex -14.4762 -8.92494 0
      vertex -14.2344 -8.75064 0
    endloop
  endfacet
  facet normal 0 0 -1
    outer loop
      vertex -14.4971 -11.1721 0
      vertex -14.7586 -9.02022 0
      vertex -14.4762 -8.92494 0
    endloop
  endfacet
  facet normal 0 0 -1
    outer loop
      vertex -11.6623 -11.2527 0
      vertex -11.5093 -8.62624 0
      vertex -11.4327 -11.0626 0
    endloop
  endfacet
  facet normal 0 0 -1
    outer loop
      vertex -14.2344 -8.75064 0
      vertex -11.5093 -8.62624 0
      vertex -11.6623 -11.2527 0
    endloop
  endfacet
  facet normal 0 0 -1
    outer loop
      vertex -11.4327 -11.0626 0
      vertex -11.2417 -8.75752 0
      vertex -11.1573 -10.9486 0
    endloop
  endfacet
  facet normal 0 0 -1
    outer loop
      vertex -11.1573 -10.9486 0
      vertex -11.2417 -8.75752 0
      vertex -10.9473 -8.80409 0
    endloop
  endfacet
  facet normal 0 0 -1
    outer loop
      vertex -1.27713 -8.50197 0
      vertex -11.1573 -10.9486 0
      vertex -10.6996 -8.77481 0
    endloop
  endfacet
  facet normal 0 0 -1
    outer loop
      vertex -0.29834 -6.19917 0
      vertex -1.27713 -8.50197 0
      vertex -10.6996 -8.77481 0
    endloop
  endfacet
  facet normal 0 0 -1
    outer loop
      vertex -0.29834 -6.19917 0
      vertex -0.407837 -8.69519 0
      vertex -0.664932 -8.54436 0
    endloop
  endfacet
  facet normal 0 0 -1
    outer loop
      vertex -0.407837 -8.69519 0
      vertex -0.0229034 -6.08519 0
      vertex 2.47238 -8.38048 0
    endloop
  endfacet
  facet normal 0 0 -1
    outer loop
      vertex -0.206604 -8.91512 0
      vertex -0.407837 -8.69519 0
      vertex 2.47238 -8.38048 0
    endloop
  endfacet
  facet normal -0 0 -1
    outer loop
      vertex 2.40147 -8.54921 0
      vertex -0.206604 -8.91512 0
      vertex 2.47238 -8.38048 0
    endloop
  endfacet
  facet normal 0 0 -1
    outer loop
      vertex 2.40147 -8.54921 0
      vertex -0.0791473 -9.18457 0
      vertex -0.206604 -8.91512 0
    endloop
  endfacet
  facet normal 0 0 -1
    outer loop
      vertex 2.40147 -8.54921 0
      vertex -0.0367889 -9.47963 0
      vertex -0.0791473 -9.18457 0
    endloop
  endfacet
  facet normal 0 -0 -1
    outer loop
      vertex -0.0832672 -9.77406 0
      vertex 2.40147 -8.54921 0
      vertex -0.897751 -18.986 0
    endloop
  endfacet
  facet normal -0 0 -1
    outer loop
      vertex -0.901871 -19.5755 0
      vertex -3.21751 -19.689 0
      vertex -0.944229 -19.2804 0
    endloop
  endfacet
  facet normal 0 0 -1
    outer loop
      vertex -3.21751 -19.689 0
      vertex -0.897751 -18.986 0
      vertex -0.944229 -19.2804 0
    endloop
  endfacet
  facet normal 0 0 -1
    outer loop
      vertex -3.54092 -20.1641 0
      vertex -3.79169 -22.5013 0
      vertex -3.79781 -20.3153 0
    endloop
  endfacet
  facet normal 0 0 -1
    outer loop
      vertex -4.07718 -22.4156 0
      vertex -4.302 -22.4089 0
      vertex -4.08784 -20.3841 0
    endloop
  endfacet
  facet normal 0 0 -1
    outer loop
      vertex -3.54416 -22.6674 0
      vertex -3.54092 -20.1641 0
      vertex -0.914612 -22.6575 0
    endloop
  endfacet
  facet normal -0 0 -1
    outer loop
      vertex -11.5989 -21.011 0
      vertex -12.2403 -23.0715 0
      vertex -11.8503 -21.0002 0
    endloop
  endfacet
  facet normal 0 -0 -1
    outer loop
      vertex 28.256 -18.1295 0
      vertex 28.4219 -18.3771 0
      vertex 26.047 -18.5858 0
    endloop
  endfacet
  facet normal 0 -0 -1
    outer loop
      vertex 14.8801 -20.0106 0
      vertex 15.077 -22.623 0
      vertex 14.6602 -20.2119 0
    endloop
  endfacet
  facet normal 0 -0 -1
    outer loop
      vertex 15.0991 -19.4633 0
      vertex 17.5019 -19.6018 0
      vertex 15.0308 -19.7535 0
    endloop
  endfacet
  facet normal 0 0 -1
    outer loop
      vertex 17.5019 -19.6018 0
      vertex 15.0991 -19.4633 0
      vertex 15.0788 -19.1659 0
    endloop
  endfacet
  facet normal 0 0 -1
    outer loop
      vertex 15.0118 -18.966 0
      vertex 17.5019 -19.6018 0
      vertex 15.0788 -19.1659 0
    endloop
  endfacet
  facet normal 0 0 -1
    outer loop
      vertex 15.0118 -18.966 0
      vertex 13.3758 -10.5798 0
      vertex 17.5019 -19.6018 0
    endloop
  endfacet
  facet normal 0 0 -1
    outer loop
      vertex 10.5277 -9.16107 0
      vertex 13.4086 -9.6826 0
      vertex 13.3057 -9.96236 0
    endloop
  endfacet
  facet normal 0 0 -1
    outer loop
      vertex 10.5277 -9.16107 0
      vertex 13.2898 -10.26 0
      vertex 13.3758 -10.5798 0
    endloop
  endfacet
  facet normal 0 0 -1
    outer loop
      vertex 13.4907 -7.03677 0
      vertex 24.2686 -8.42499 0
      vertex 14.4129 -9.17206 0
    endloop
  endfacet
  facet normal 0 -0 -1
    outer loop
      vertex 12.9825 -6.81665 0
      vertex 13.5894 -9.4456 0
      vertex 10.5277 -9.16107 0
    endloop
  endfacet
  facet normal 0 0 -1
    outer loop
      vertex 13.5894 -9.4456 0
      vertex 12.9825 -6.81665 0
      vertex 13.2382 -6.96983 0
    endloop
  endfacet
  facet normal -0 0 -1
    outer loop
      vertex 13.832 -9.27243 0
      vertex 13.5894 -9.4456 0
      vertex 13.2382 -6.96983 0
    endloop
  endfacet
  facet normal -0 -0 -1
    outer loop
      vertex 13.4907 -7.03677 0
      vertex 13.832 -9.27243 0
      vertex 13.2382 -6.96983 0
    endloop
  endfacet
  facet normal 0 0 -1
    outer loop
      vertex 13.4907 -7.03677 0
      vertex 14.1149 -9.17847 0
      vertex 13.832 -9.27243 0
    endloop
  endfacet
  facet normal 0 0 -1
    outer loop
      vertex 27.3387 -10.771 0
      vertex 24.9662 -10.7702 0
      vertex 27.5091 -10.5264 0
    endloop
  endfacet
  facet normal 0 0 -1
    outer loop
      vertex 24.9662 -10.7702 0
      vertex 27.3387 -10.771 0
      vertex 25.1321 -11.0178 0
    endloop
  endfacet
  facet normal 0 0 -1
    outer loop
      vertex 25.1321 -11.0178 0
      vertex 27.3387 -10.771 0
      vertex 27.248 -11.055 0
    endloop
  endfacet
  facet normal 0 0 -1
    outer loop
      vertex 25.2177 -11.3033 0
      vertex 25.1321 -11.0178 0
      vertex 27.248 -11.055 0
    endloop
  endfacet
  facet normal 0 0 -1
    outer loop
      vertex 25.2177 -11.3033 0
      vertex 27.2453 -11.355 0
      vertex 26.1658 -17.9536 0
    endloop
  endfacet
  facet normal 0 0 -1
    outer loop
      vertex 26.1658 -17.9536 0
      vertex 27.2453 -11.355 0
      vertex 28.1704 -17.844 0
    endloop
  endfacet
  facet normal 0 0 -1
    outer loop
      vertex 28.3647 -21.1052 0
      vertex 25.8635 -18.8208 0
      vertex 28.5769 -20.8959 0
    endloop
  endfacet
  facet normal 0 -0 -1
    outer loop
      vertex 25.619 -18.9912 0
      vertex 25.8635 -18.8208 0
      vertex 25.5508 -21.2994 0
    endloop
  endfacet
  facet normal 0 0 -1
    outer loop
      vertex 56 -40 0
      vertex 54 -35 0
      vertex 54.2948 -34.9556 0
    endloop
  endfacet
  facet normal 0 -0 -1
    outer loop
      vertex -12.6611 -20.218 0
      vertex -12.5576 -20.4975 0
      vertex -14.7378 -20.4633 0
    endloop
  endfacet
  facet normal 0 -0 -1
    outer loop
      vertex -43.98 -21.91 0
      vertex -41.5943 -22.4917 0
      vertex -44.2036 -22.1071 0
    endloop
  endfacet
  facet normal -0 -0 -1
    outer loop
      vertex -45.0646 -22.2146 0
      vertex -44.2181 -24.6096 0
      vertex -53.6811 -21.4257 0
    endloop
  endfacet
  facet normal 0 0 -1
    outer loop
      vertex -43.98 -21.91 0
      vertex -43.8244 -21.6557 0
      vertex -41.7186 -22.2208 0
    endloop
  endfacet
  facet normal 0 0 -1
    outer loop
      vertex -41.7575 -21.9253 0
      vertex -43.8244 -21.6557 0
      vertex -43.7459 -21.2856 0
    endloop
  endfacet
  facet normal 0 0 -1
    outer loop
      vertex -41.3083 -9.55479 0
      vertex -43.9015 -9.4791 0
      vertex -43.7274 -7.0363 0
    endloop
  endfacet
  facet normal -0 0 -1
    outer loop
      vertex -40.9995 -6.91499 0
      vertex -41.0863 -9.35596 0
      vertex -43.518 -6.82408 0
    endloop
  endfacet
  facet normal 0 0 -1
    outer loop
      vertex -41.3083 -9.55479 0
      vertex -43.518 -6.82408 0
      vertex -41.0863 -9.35596 0
    endloop
  endfacet
  facet normal 0 0 -1
    outer loop
      vertex -43.7274 -7.0363 0
      vertex -43.518 -6.82408 0
      vertex -41.3083 -9.55479 0
    endloop
  endfacet
  facet normal 0 0 -1
    outer loop
      vertex -40.7565 -7.08775 0
      vertex -40.8154 -9.23141 0
      vertex -41.0863 -9.35596 0
    endloop
  endfacet
  facet normal 0 -0 -1
    outer loop
      vertex -40.7565 -7.08775 0
      vertex -40.4735 -7.18124 0
      vertex -40.8154 -9.23141 0
    endloop
  endfacet
  facet normal 0 0 -1
    outer loop
      vertex -40.5199 -9.19223 0
      vertex -40.4735 -7.18124 0
      vertex -40.3227 -7.1954 0
    endloop
  endfacet
  facet normal 0 0 -1
    outer loop
      vertex -40.8154 -9.23141 0
      vertex -40.4735 -7.18124 0
      vertex -40.5199 -9.19223 0
    endloop
  endfacet
  facet normal -0 0 -1
    outer loop
      vertex -30.3366 -7.37291 0
      vertex -40.5199 -9.19223 0
      vertex -40.3227 -7.1954 0
    endloop
  endfacet
  facet normal 0 0 -1
    outer loop
      vertex -29.5482 -7.01035 0
      vertex -27.0603 -7.25737 0
      vertex -29.3512 -9.50667 0
    endloop
  endfacet
  facet normal 0 0 -1
    outer loop
      vertex -29.8164 -9.38249 0
      vertex -40.5199 -9.19223 0
      vertex -30.3366 -7.37291 0
    endloop
  endfacet
  facet normal -0 0 -1
    outer loop
      vertex -26.8401 -7.45827 0
      vertex -29.1146 -9.68793 0
      vertex -27.0603 -7.25737 0
    endloop
  endfacet
  facet normal 0 0 -1
    outer loop
      vertex -26.5959 -10.2511 0
      vertex -28.8484 -10.2139 0
      vertex -28.9419 -9.93086 0
    endloop
  endfacet
  facet normal 0 0 -1
    outer loop
      vertex -26.8401 -7.45827 0
      vertex -28.9419 -9.93086 0
      vertex -29.1146 -9.68793 0
    endloop
  endfacet
  facet normal 0 -0 -1
    outer loop
      vertex -24.9246 -21.3049 0
      vertex -24.8311 -21.588 0
      vertex -27.0064 -21.7242 0
    endloop
  endfacet
  facet normal 0 0 -1
    outer loop
      vertex -26.4069 -7.61969 0
      vertex -25.5939 -9.7359 0
      vertex -25.8919 -9.7437 0
    endloop
  endfacet
  facet normal 0 0 -1
    outer loop
      vertex -25.5939 -9.7359 0
      vertex -15.0566 -9.02802 0
      vertex -14.8253 -11.0721 0
    endloop
  endfacet
  facet normal 0 0 -1
    outer loop
      vertex -24.7479 -24.6034 0
      vertex -27.1444 -21.9885 0
      vertex -24.5493 -24.3812 0
    endloop
  endfacet
  facet normal 0 -0 -1
    outer loop
      vertex -14.7378 -20.4633 0
      vertex -12.5576 -20.4975 0
      vertex -14.7726 -20.6463 0
    endloop
  endfacet
  facet normal 0 0 -1
    outer loop
      vertex -28.7168 -34.3653 0
      vertex -28.6649 -34.185 0
      vertex -26.4935 -34.4007 0
    endloop
  endfacet
  facet normal 0 -0 -1
    outer loop
      vertex -14.7726 -20.6463 0
      vertex -12.5576 -20.4975 0
      vertex -14.8969 -20.9172 0
    endloop
  endfacet
  facet normal 0 0 -1
    outer loop
      vertex -28.6649 -34.185 0
      vertex -26.5709 -34.1129 0
      vertex -26.4935 -34.4007 0
    endloop
  endfacet
  facet normal 0 -0 -1
    outer loop
      vertex -39.6923 -34.4726 0
      vertex -39.5139 -34.7114 0
      vertex -42.1049 -34.6235 0
    endloop
  endfacet
  facet normal 0 0 -1
    outer loop
      vertex -54.8086 -10.0797 0
      vertex -54.6235 -7.44588 0
      vertex -54.5993 -9.86748 0
    endloop
  endfacet
  facet normal 0 0 -1
    outer loop
      vertex -59.8223 -37.179 0
      vertex -59.8997 -36.8901 0
      vertex -54.8262 -34.5633 0
    endloop
  endfacet
  facet normal 0 -0 -1
    outer loop
      vertex -54 -35 0
      vertex -42.8868 -35 0
      vertex -56 -40 0
    endloop
  endfacet
  facet normal -0 -0 -1
    outer loop
      vertex -41.7575 -21.9253 0
      vertex -41.7186 -22.2208 0
      vertex -43.8244 -21.6557 0
    endloop
  endfacet
  facet normal -0 0 -1
    outer loop
      vertex -54.6235 -18.935 0
      vertex -54.7658 -21.7304 0
      vertex -54.8262 -18.7165 0
    endloop
  endfacet
  facet normal 0 0 -1
    outer loop
      vertex -41.4619 -9.81026 0
      vertex -43.7029 -9.70135 0
      vertex -41.3083 -9.55479 0
    endloop
  endfacet
  facet normal -0 0 -1
    outer loop
      vertex -54.8262 -18.7165 0
      vertex -54.9213 -21.9847 0
      vertex -54.9556 -18.448 0
    endloop
  endfacet
  facet normal 0 -0 -1
    outer loop
      vertex -54.9556 -18.448 0
      vertex -54.9213 -21.9847 0
      vertex -55 -22.3735 0
    endloop
  endfacet
  facet normal 0 0 -1
    outer loop
      vertex -55 -18.1532 0
      vertex -54.9556 -18.448 0
      vertex -55 -22.3735 0
    endloop
  endfacet
  facet normal 0 0 -1
    outer loop
      vertex -60 -36 0
      vertex -55 -18.1532 0
      vertex -55 -22.3735 0
    endloop
  endfacet
  facet normal 0 -0 -1
    outer loop
      vertex -55 -6.66405 0
      vertex -55 -10.668 0
      vertex -60 -36 0
    endloop
  endfacet
  facet normal -0 0 -1
    outer loop
      vertex -54.8086 -10.0797 0
      vertex -54.9461 -10.3442 0
      vertex -54.8262 -7.22737 0
    endloop
  endfacet
  facet normal 0 0 -1
    outer loop
      vertex -54.6235 -7.44588 0
      vertex -54.3653 -7.59492 0
      vertex -54.5993 -9.86748 0
    endloop
  endfacet
  facet normal 0 0 -1
    outer loop
      vertex -54.5993 -9.86748 0
      vertex -54.3653 -7.59492 0
      vertex -54.3367 -9.72638 0
    endloop
  endfacet
  facet normal 0 0 -1
    outer loop
      vertex -54.0442 -9.66896 0
      vertex -54.3653 -7.59492 0
      vertex -53.9558 -7.66307 0
    endloop
  endfacet
  facet normal 0 0 -1
    outer loop
      vertex -54.3367 -9.72638 0
      vertex -54.3653 -7.59492 0
      vertex -54.0442 -9.66896 0
    endloop
  endfacet
  facet normal 0 0 -1
    outer loop
      vertex -54.0442 -9.66896 0
      vertex -53.9558 -7.66307 0
      vertex -44.5837 -9.25009 0
    endloop
  endfacet
  facet normal 0 0 -1
    outer loop
      vertex -43.9015 -9.4791 0
      vertex -41.3083 -9.55479 0
      vertex -43.7029 -9.70135 0
    endloop
  endfacet
  facet normal 0 0 -1
    outer loop
      vertex -44.5837 -9.25009 0
      vertex -53.9558 -7.66307 0
      vertex -44.2824 -7.2348 0
    endloop
  endfacet
  facet normal 0 0 -1
    outer loop
      vertex -43.9015 -9.4791 0
      vertex -43.9899 -7.17738 0
      vertex -43.7274 -7.0363 0
    endloop
  endfacet
  facet normal -0 0 -1
    outer loop
      vertex -41.4619 -9.81026 0
      vertex -43.5786 -9.97229 0
      vertex -43.7029 -9.70135 0
    endloop
  endfacet
  facet normal 0 0 -1
    outer loop
      vertex -41.4619 -9.81026 0
      vertex -41.5375 -10.1734 0
      vertex -43.5786 -9.97229 0
    endloop
  endfacet
  facet normal 0 0 -1
    outer loop
      vertex -41.5375 -10.1734 0
      vertex -43.7459 -21.2856 0
      vertex -43.5397 -10.2678 0
    endloop
  endfacet
  facet normal 0 0 -1
    outer loop
      vertex -41.5375 -10.1734 0
      vertex -41.7575 -21.9253 0
      vertex -43.7459 -21.2856 0
    endloop
  endfacet
  facet normal -0 -0 -1
    outer loop
      vertex -41.7186 -22.2208 0
      vertex -41.5943 -22.4917 0
      vertex -43.98 -21.91 0
    endloop
  endfacet
  facet normal 0 0 -1
    outer loop
      vertex -44.075 -24.6705 0
      vertex -44.2181 -24.6096 0
      vertex -44.2036 -22.1071 0
    endloop
  endfacet
  facet normal 0 0 -1
    outer loop
      vertex -44.2036 -22.1071 0
      vertex -44.2181 -24.6096 0
      vertex -44.4753 -22.2296 0
    endloop
  endfacet
  facet normal 0 -0 -1
    outer loop
      vertex -44.4753 -22.2296 0
      vertex -44.2181 -24.6096 0
      vertex -44.7711 -22.2665 0
    endloop
  endfacet
  facet normal -0 0 -1
    outer loop
      vertex -12.3763 -20.7341 0
      vertex -14.8969 -20.9172 0
      vertex -12.5576 -20.4975 0
    endloop
  endfacet
  facet normal 0 -0 -1
    outer loop
      vertex -27.1444 -21.9885 0
      vertex -24.7479 -24.6034 0
      vertex -27.354 -22.2003 0
    endloop
  endfacet
  facet normal 0 -0 -1
    outer loop
      vertex -27.0064 -21.7242 0
      vertex -24.8311 -21.588 0
      vertex -27.1444 -21.9885 0
    endloop
  endfacet
  facet normal 0 -0 -1
    outer loop
      vertex -26.9525 -21.431 0
      vertex -24.9246 -21.3049 0
      vertex -27.0064 -21.7242 0
    endloop
  endfacet
  facet normal 0 0 -1
    outer loop
      vertex -26.9525 -21.431 0
      vertex -26.9663 -21.2304 0
      vertex -24.9246 -21.3049 0
    endloop
  endfacet
  facet normal 0 0 -1
    outer loop
      vertex -24.9246 -21.3049 0
      vertex -26.9663 -21.2304 0
      vertex -26.7028 -10.8967 0
    endloop
  endfacet
  facet normal 0 0 -1
    outer loop
      vertex -28.9419 -9.93086 0
      vertex -26.8401 -7.45827 0
      vertex -26.4162 -10.0133 0
    endloop
  endfacet
  facet normal -0 0 -1
    outer loop
      vertex -26.7028 -10.8967 0
      vertex -26.9663 -21.2304 0
      vertex -28.8484 -10.2139 0
    endloop
  endfacet
  facet normal 0 0 -1
    outer loop
      vertex -28.9419 -9.93086 0
      vertex -26.4162 -10.0133 0
      vertex -26.5959 -10.2511 0
    endloop
  endfacet
  facet normal 0 0 -1
    outer loop
      vertex -26.4162 -10.0133 0
      vertex -26.8401 -7.45827 0
      vertex -26.5704 -7.58533 0
    endloop
  endfacet
  facet normal -0 0 -1
    outer loop
      vertex -26.1744 -9.83897 0
      vertex -26.4162 -10.0133 0
      vertex -26.5704 -7.58533 0
    endloop
  endfacet
  facet normal -0 -0 -1
    outer loop
      vertex -26.4069 -7.61969 0
      vertex -26.1744 -9.83897 0
      vertex -26.5704 -7.58533 0
    endloop
  endfacet
  facet normal 0 0 -1
    outer loop
      vertex -26.4069 -7.61969 0
      vertex -25.8919 -9.7437 0
      vertex -26.1744 -9.83897 0
    endloop
  endfacet
  facet normal 0 0 -1
    outer loop
      vertex -25.5939 -9.7359 0
      vertex -26.4069 -7.61969 0
      vertex -15.0566 -9.02802 0
    endloop
  endfacet
  facet normal 0 0 -1
    outer loop
      vertex -14.0728 -11.5814 0
      vertex -14.2541 -11.3447 0
      vertex -11.6623 -11.2527 0
    endloop
  endfacet
  facet normal -0 0 -1
    outer loop
      vertex -11.8257 -11.502 0
      vertex -14.0728 -11.5814 0
      vertex -11.6623 -11.2527 0
    endloop
  endfacet
  facet normal 0 0 -1
    outer loop
      vertex -11.8257 -11.502 0
      vertex -13.9694 -11.8609 0
      vertex -14.0728 -11.5814 0
    endloop
  endfacet
  facet normal 0 0 -1
    outer loop
      vertex -11.8257 -11.502 0
      vertex -11.9125 -11.8252 0
      vertex -13.9694 -11.8609 0
    endloop
  endfacet
  facet normal 0 0 -1
    outer loop
      vertex -13.9694 -11.8609 0
      vertex -11.9125 -11.8252 0
      vertex -13.9529 -12.1585 0
    endloop
  endfacet
  facet normal 0 0 -1
    outer loop
      vertex -13.9529 -12.1585 0
      vertex -11.9125 -11.8252 0
      vertex -12.6776 -19.9203 0
    endloop
  endfacet
  facet normal -0 0 -1
    outer loop
      vertex -12.6611 -20.218 0
      vertex -14.7378 -20.4633 0
      vertex -12.6776 -19.9203 0
    endloop
  endfacet
  facet normal 0 0 -1
    outer loop
      vertex -14.7378 -20.4633 0
      vertex -13.9529 -12.1585 0
      vertex -12.6776 -19.9203 0
    endloop
  endfacet
  facet normal 0 0 -1
    outer loop
      vertex -15.525 -23.7561 0
      vertex -15.351 -21.2932 0
      vertex -15.0956 -21.1394 0
    endloop
  endfacet
  facet normal -0 0 -1
    outer loop
      vertex -12.7872 -23.2915 0
      vertex -12.9881 -23.5117 0
      vertex -15.0956 -21.1394 0
    endloop
  endfacet
  facet normal 0 0 -1
    outer loop
      vertex -15.7579 -23.5701 0
      vertex -16.0353 -23.461 0
      vertex -15.6403 -21.3649 0
    endloop
  endfacet
  facet normal 0 0 -1
    outer loop
      vertex 2.39275 -35 0
      vertex -1.71724 -35 0
      vertex -1.42249 -34.9556 0
    endloop
  endfacet
  facet normal 0 -0 -1
    outer loop
      vertex -23.8457 -22.1322 0
      vertex -16.3516 -23.4401 0
      vertex -24.0046 -24.1557 0
    endloop
  endfacet
  facet normal 0 -0 -1
    outer loop
      vertex 23.8555 -34.8262 0
      vertex 26.8379 -34.867 0
      vertex 23.5869 -34.9556 0
    endloop
  endfacet
  facet normal -0 0 -1
    outer loop
      vertex 43.1216 -20.4682 0
      vertex 42.9064 -20.6745 0
      vertex 42.8167 -18.0222 0
    endloop
  endfacet
  facet normal 0 0 -1
    outer loop
      vertex 56 -40 0
      vertex 42.2525 -35 0
      vertex 54 -35 0
    endloop
  endfacet
  facet normal 0 0 -1
    outer loop
      vertex 38.2267 -35 0
      vertex 42.2525 -35 0
      vertex 56 -40 0
    endloop
  endfacet
  facet normal 0 0 -1
    outer loop
      vertex 39.1576 -34.3653 0
      vertex 39.2203 -34.113 0
      vertex 41.2697 -34.1849 0
    endloop
  endfacet
  facet normal 0 0 -1
    outer loop
      vertex 39.7381 -18.3357 0
      vertex 39.6309 -20.3843 0
      vertex 39.4448 -18.3891 0
    endloop
  endfacet
  facet normal -0 -0 -1
    outer loop
      vertex 43.0633 -18.1896 0
      vertex 43.1216 -20.4682 0
      vertex 42.8167 -18.0222 0
    endloop
  endfacet
  facet normal 0 0 -1
    outer loop
      vertex 43.0633 -18.1896 0
      vertex 43.3879 -20.3345 0
      vertex 43.1216 -20.4682 0
    endloop
  endfacet
  facet normal 0 0 -1
    outer loop
      vertex 43.0633 -18.1896 0
      vertex 43.3483 -18.277 0
      vertex 43.3879 -20.3345 0
    endloop
  endfacet
  facet normal -0 0 -1
    outer loop
      vertex 43.6819 -20.2852 0
      vertex 43.3879 -20.3345 0
      vertex 43.5119 -18.2877 0
    endloop
  endfacet
  facet normal 0 0 -1
    outer loop
      vertex 43.3879 -20.3345 0
      vertex 43.3483 -18.277 0
      vertex 43.5119 -18.2877 0
    endloop
  endfacet
  facet normal 0 0 -1
    outer loop
      vertex 54.0164 -18.1149 0
      vertex 43.6819 -20.2852 0
      vertex 43.5119 -18.2877 0
    endloop
  endfacet
  facet normal 0 0 -1
    outer loop
      vertex 54.0164 -18.1149 0
      vertex 53.9836 -20.1158 0
      vertex 43.6819 -20.2852 0
    endloop
  endfacet
  facet normal 0 0 -1
    outer loop
      vertex 54.5768 -17.9319 0
      vertex 54.792 -17.7256 0
      vertex 54.6235 -20.3338 0
    endloop
  endfacet
  facet normal 0 0 -1
    outer loop
      vertex 54.6235 -20.3338 0
      vertex 54.792 -17.7256 0
      vertex 54.8262 -20.5523 0
    endloop
  endfacet
  facet normal 0 0 -1
    outer loop
      vertex 54.8262 -20.5523 0
      vertex 54.792 -17.7256 0
      vertex 54.9368 -17.4651 0
    endloop
  endfacet
  facet normal 0 0 -1
    outer loop
      vertex 55 -21.1156 0
      vertex 54.9556 -20.8209 0
      vertex 55 -17.1151 0
    endloop
  endfacet
  facet normal 0 0 -1
    outer loop
      vertex 54.9556 -20.8209 0
      vertex 54.9368 -17.4651 0
      vertex 55 -17.1151 0
    endloop
  endfacet
  facet normal 0 0 -1
    outer loop
      vertex 60 -36 0
      vertex 55 -21.1156 0
      vertex 55 -17.1151 0
    endloop
  endfacet
  facet normal 0 0 -1
    outer loop
      vertex 60 -36 0
      vertex 55 -34 0
      vertex 55 -21.1156 0
    endloop
  endfacet
  facet normal 0 0 -1
    outer loop
      vertex 54.7818 -34.6235 0
      vertex 59.1273 -38.494 0
      vertex 58.9322 -38.7207 0
    endloop
  endfacet
  facet normal 0 0 -1
    outer loop
      vertex 54.5633 -34.8262 0
      vertex 56.8901 -39.8997 0
      vertex 56.5962 -39.9553 0
    endloop
  endfacet
  facet normal 0 0 -1
    outer loop
      vertex 56 -40 0
      vertex 54.5633 -34.8262 0
      vertex 56.2989 -39.9888 0
    endloop
  endfacet
  facet normal 0 0 -1
    outer loop
      vertex 56 -40 0
      vertex 54.2948 -34.9556 0
      vertex 54.5633 -34.8262 0
    endloop
  endfacet
  facet normal -0 0 -1
    outer loop
      vertex 42.0655 -34.9824 0
      vertex 38.2267 -35 0
      vertex 38.5215 -34.9556 0
    endloop
  endfacet
  facet normal -0 -0 -1
    outer loop
      vertex 38.2267 -35 0
      vertex 56 -40 0
      vertex 27.3362 -35 0
    endloop
  endfacet
  facet normal 0 0 -1
    outer loop
      vertex 56 -40 0
      vertex 15.0036 -35 0
      vertex 23.2922 -35 0
    endloop
  endfacet
  facet normal 0 0 -1
    outer loop
      vertex 27.3362 -35 0
      vertex 23.2922 -35 0
      vertex 27.1156 -34.9754 0
    endloop
  endfacet
  facet normal 0 0 -1
    outer loop
      vertex 23.2922 -35 0
      vertex 27.3362 -35 0
      vertex 56 -40 0
    endloop
  endfacet
  facet normal 0 -0 -1
    outer loop
      vertex -14.6497 -34.1484 0
      vertex -14.5621 -34.4333 0
      vertex -16.7755 -34.3653 0
    endloop
  endfacet
  facet normal 0 0 -1
    outer loop
      vertex -0.720032 -34.0747 0
      vertex -0.744003 -33.7702 0
      vertex 1.41951 -34.2298 0
    endloop
  endfacet
  facet normal 0 0 -1
    outer loop
      vertex 11.7186 -34.3256 0
      vertex 14.0041 -33.9676 0
      vertex 14.039 -34.2636 0
    endloop
  endfacet
  facet normal 0 0 -1
    outer loop
      vertex 28.1761 -21.5574 0
      vertex 26.0416 -22.3135 0
      vertex 26.041 -22.0154 0
    endloop
  endfacet
  facet normal 0 0 -1
    outer loop
      vertex 14.8801 -20.0106 0
      vertex 17.6649 -19.8514 0
      vertex 15.077 -22.623 0
    endloop
  endfacet
  facet normal -0 0 -1
    outer loop
      vertex 18.5705 -20.1732 0
      vertex 18.5678 -22.1995 0
      vertex 18.1694 -20.1562 0
    endloop
  endfacet
  facet normal 0 0 -1
    outer loop
      vertex 24.8932 -21.1792 0
      vertex 25.3351 -19.082 0
      vertex 25.2731 -21.191 0
    endloop
  endfacet
  facet normal 0 0 -1
    outer loop
      vertex 26.047 -18.5858 0
      vertex 28.4219 -18.3771 0
      vertex 28.5769 -20.8959 0
    endloop
  endfacet
  facet normal 0 -0 -1
    outer loop
      vertex 26.047 -18.5858 0
      vertex 28.5769 -20.8959 0
      vertex 25.8635 -18.8208 0
    endloop
  endfacet
  facet normal 0 -0 -1
    outer loop
      vertex 28.6535 -18.5648 0
      vertex 28.8414 -20.7584 0
      vertex 28.5769 -20.8959 0
    endloop
  endfacet
  facet normal 0 0 -1
    outer loop
      vertex 28.6535 -18.5648 0
      vertex 28.9301 -18.6759 0
      vertex 28.8414 -20.7584 0
    endloop
  endfacet
  facet normal 0 0 -1
    outer loop
      vertex 29.1347 -20.705 0
      vertex 28.9301 -18.6759 0
      vertex 29.1909 -18.7024 0
    endloop
  endfacet
  facet normal 0 0 -1
    outer loop
      vertex 28.8414 -20.7584 0
      vertex 28.9301 -18.6759 0
      vertex 29.1347 -20.705 0
    endloop
  endfacet
  facet normal 0 0 -1
    outer loop
      vertex 29.1347 -20.705 0
      vertex 29.1909 -18.7024 0
      vertex 39.4448 -18.3891 0
    endloop
  endfacet
  facet normal 0 -0 -1
    outer loop
      vertex 42.8167 -18.0222 0
      vertex 42.9064 -20.6745 0
      vertex 40.3692 -20.6775 0
    endloop
  endfacet
  facet normal -0 0 -1
    outer loop
      vertex 39.6309 -20.3843 0
      vertex 29.1347 -20.705 0
      vertex 39.4448 -18.3891 0
    endloop
  endfacet
  facet normal 0 0 -1
    outer loop
      vertex 40.1296 -20.5002 0
      vertex 39.8483 -20.4015 0
      vertex 39.7381 -18.3357 0
    endloop
  endfacet
  facet normal 0 0 -1
    outer loop
      vertex 42.9064 -20.6745 0
      vertex 40.546 -20.9175 0
      vertex 40.3692 -20.6775 0
    endloop
  endfacet
  facet normal 0 0 -1
    outer loop
      vertex 42.9064 -20.6745 0
      vertex 42.7616 -20.9351 0
      vertex 40.546 -20.9175 0
    endloop
  endfacet
  facet normal 0 0 -1
    outer loop
      vertex 40.546 -20.9175 0
      vertex 42.7616 -20.9351 0
      vertex 40.6441 -21.199 0
    endloop
  endfacet
  facet normal 0 0 -1
    outer loop
      vertex 40.655 -21.4968 0
      vertex 40.6441 -21.199 0
      vertex 42.7048 -21.1721 0
    endloop
  endfacet
  facet normal 0 0 -1
    outer loop
      vertex 40.6441 -21.199 0
      vertex 42.7616 -20.9351 0
      vertex 42.7048 -21.1721 0
    endloop
  endfacet
  facet normal 0 0 -1
    outer loop
      vertex 41.2589 -33.887 0
      vertex 40.655 -21.4968 0
      vertex 42.7048 -21.1721 0
    endloop
  endfacet
  facet normal -0 0 -1
    outer loop
      vertex 41.2589 -33.887 0
      vertex 39.2203 -34.113 0
      vertex 40.655 -21.4968 0
    endloop
  endfacet
  facet normal 0 0 -1
    outer loop
      vertex 39.0085 -34.6235 0
      vertex 39.1576 -34.3653 0
      vertex 41.3679 -34.4664 0
    endloop
  endfacet
  facet normal 0 0 -1
    outer loop
      vertex 41.5446 -34.7064 0
      vertex 39.0085 -34.6235 0
      vertex 41.3679 -34.4664 0
    endloop
  endfacet
  facet normal 0 0 -1
    outer loop
      vertex 41.7843 -34.8836 0
      vertex 38.79 -34.8262 0
      vertex 41.5446 -34.7064 0
    endloop
  endfacet
  facet normal 0 0 -1
    outer loop
      vertex 42.0655 -34.9824 0
      vertex 38.5215 -34.9556 0
      vertex 41.7843 -34.8836 0
    endloop
  endfacet
  facet normal 0 0 -1
    outer loop
      vertex 23.8555 -34.8262 0
      vertex 24.074 -34.6235 0
      vertex 26.6045 -34.6816 0
    endloop
  endfacet
  facet normal 0 -0 -1
    outer loop
      vertex 26.3477 -34.151 0
      vertex 26.4361 -34.4356 0
      vertex 24.2231 -34.3653 0
    endloop
  endfacet
  facet normal 0 0 -1
    outer loop
      vertex 10.7731 -35 0
      vertex 15.0036 -35 0
      vertex 56 -40 0
    endloop
  endfacet
  facet normal 0 0 -1
    outer loop
      vertex 18.0393 -22.4607 0
      vertex 17.6649 -19.8514 0
      vertex 17.8942 -20.0418 0
    endloop
  endfacet
  facet normal 0 0 -1
    outer loop
      vertex 11.0679 -34.9556 0
      vertex 14.6083 -34.9185 0
      vertex 15.0036 -35 0
    endloop
  endfacet
  facet normal 0 0 -1
    outer loop
      vertex -17.1431 -34.8262 0
      vertex -16.9246 -34.6235 0
      vertex -14.3943 -34.6797 0
    endloop
  endfacet
  facet normal 0 0 -1
    outer loop
      vertex -3.35657 -22.899 0
      vertex -0.914612 -22.6575 0
      vertex -1.06538 -22.9146 0
    endloop
  endfacet
  facet normal -0 0 -1
    outer loop
      vertex -0.573181 -20.0648 0
      vertex -0.694748 -22.4562 0
      vertex -3.34003 -19.9439 0
    endloop
  endfacet
  facet normal 0 0 -1
    outer loop
      vertex 15.0036 -35 0
      vertex 10.7731 -35 0
      vertex 11.0679 -34.9556 0
    endloop
  endfacet
  facet normal -0 0 -1
    outer loop
      vertex 14.0041 -33.9676 0
      vertex 11.7186 -34.3256 0
      vertex 14.0581 -33.6744 0
    endloop
  endfacet
  facet normal 0 0 -1
    outer loop
      vertex 14.4352 -22.3842 0
      vertex 14.0957 -20.3819 0
      vertex 14.3907 -20.3394 0
    endloop
  endfacet
  facet normal 0 0 -1
    outer loop
      vertex -0.130264 -22.2862 0
      vertex 14.0957 -20.3819 0
      vertex 14.4352 -22.3842 0
    endloop
  endfacet
  facet normal 0 -0 -1
    outer loop
      vertex 26.0416 -22.3135 0
      vertex 26.3471 -33.8529 0
      vertex 24.2813 -34.1471 0
    endloop
  endfacet
  facet normal 0 0 -1
    outer loop
      vertex 18.0393 -22.4607 0
      vertex 17.8942 -20.0418 0
      vertex 18.2838 -22.2903 0
    endloop
  endfacet
  facet normal 0 0 -1
    outer loop
      vertex 28.1761 -21.5574 0
      vertex 26.3471 -33.8529 0
      vertex 26.0416 -22.3135 0
    endloop
  endfacet
  facet normal 0 0 -1
    outer loop
      vertex 18.2838 -22.2903 0
      vertex 17.8942 -20.0418 0
      vertex 18.1694 -20.1562 0
    endloop
  endfacet
  facet normal -0 0 -1
    outer loop
      vertex 18.5678 -22.1995 0
      vertex 18.2838 -22.2903 0
      vertex 18.1694 -20.1562 0
    endloop
  endfacet
  facet normal 0 0 -1
    outer loop
      vertex 18.5678 -22.1995 0
      vertex 18.5705 -20.1732 0
      vertex 24.8932 -21.1792 0
    endloop
  endfacet
  facet normal 0 -0 -1
    outer loop
      vertex 25.8635 -18.8208 0
      vertex 28.3647 -21.1052 0
      vertex 25.7842 -21.4848 0
    endloop
  endfacet
  facet normal 0 0 -1
    outer loop
      vertex 24.8932 -21.1792 0
      vertex 18.5705 -20.1732 0
      vertex 25.3351 -19.082 0
    endloop
  endfacet
  facet normal 0 0 -1
    outer loop
      vertex 25.5508 -21.2994 0
      vertex 25.8635 -18.8208 0
      vertex 25.7842 -21.4848 0
    endloop
  endfacet
  facet normal 0 0 -1
    outer loop
      vertex 25.2731 -21.191 0
      vertex 25.3351 -19.082 0
      vertex 25.619 -18.9912 0
    endloop
  endfacet
  facet normal 0 0 -1
    outer loop
      vertex 25.7842 -21.4848 0
      vertex 28.3647 -21.1052 0
      vertex 28.2236 -21.3678 0
    endloop
  endfacet
  facet normal 0 0 -1
    outer loop
      vertex 25.9526 -21.7308 0
      vertex 25.7842 -21.4848 0
      vertex 28.2236 -21.3678 0
    endloop
  endfacet
  facet normal -0 0 -1
    outer loop
      vertex 28.1761 -21.5574 0
      vertex 25.9526 -21.7308 0
      vertex 28.2236 -21.3678 0
    endloop
  endfacet
  facet normal 0 0 -1
    outer loop
      vertex 28.1761 -21.5574 0
      vertex 26.041 -22.0154 0
      vertex 25.9526 -21.7308 0
    endloop
  endfacet
  facet normal -0 0 -1
    outer loop
      vertex 26.4361 -34.4356 0
      vertex 24.074 -34.6235 0
      vertex 24.2231 -34.3653 0
    endloop
  endfacet
  facet normal 0 -0 -1
    outer loop
      vertex 26.4361 -34.4356 0
      vertex 26.6045 -34.6816 0
      vertex 24.074 -34.6235 0
    endloop
  endfacet
  facet normal 0 -0 -1
    outer loop
      vertex 26.6045 -34.6816 0
      vertex 26.8379 -34.867 0
      vertex 23.8555 -34.8262 0
    endloop
  endfacet
  facet normal 0 -0 -1
    outer loop
      vertex 26.8379 -34.867 0
      vertex 27.1156 -34.9754 0
      vertex 23.5869 -34.9556 0
    endloop
  endfacet
  facet normal 0 -0 -1
    outer loop
      vertex 23.5869 -34.9556 0
      vertex 27.1156 -34.9754 0
      vertex 23.2922 -35 0
    endloop
  endfacet
  facet normal 0 -0 -1
    outer loop
      vertex -42.3234 -34.8262 0
      vertex -39.273 -34.8869 0
      vertex -42.592 -34.9556 0
    endloop
  endfacet
  facet normal -0 0 -1
    outer loop
      vertex 14.3551 -34.7612 0
      vertex 11.3365 -34.8262 0
      vertex 11.555 -34.6235 0
    endloop
  endfacet
  facet normal 0 -0 -1
    outer loop
      vertex -54.6235 -18.935 0
      vertex -54.5422 -21.5333 0
      vertex -54.7658 -21.7304 0
    endloop
  endfacet
  facet normal 0 0 -1
    outer loop
      vertex -59.8997 -36.8901 0
      vertex -59.9553 -36.5962 0
      vertex -54.8262 -34.5633 0
    endloop
  endfacet
  facet normal 0 0 -1
    outer loop
      vertex -54.8262 -34.5633 0
      vertex -59.9553 -36.5962 0
      vertex -59.9888 -36.2989 0
    endloop
  endfacet
  facet normal 0 0 -1
    outer loop
      vertex -60 -36 0
      vertex -54.8262 -34.5633 0
      vertex -59.9888 -36.2989 0
    endloop
  endfacet
  facet normal 0 0 -1
    outer loop
      vertex -60 -36 0
      vertex -54.9556 -34.2948 0
      vertex -54.8262 -34.5633 0
    endloop
  endfacet
  facet normal 0 0 -1
    outer loop
      vertex -60 -36 0
      vertex -55 -34 0
      vertex -54.9556 -34.2948 0
    endloop
  endfacet
  facet normal 0 0 -1
    outer loop
      vertex -60 -36 0
      vertex -55 -22.3735 0
      vertex -55 -34 0
    endloop
  endfacet
  facet normal -0 0 -1
    outer loop
      vertex -54.7658 -21.7304 0
      vertex -54.9213 -21.9847 0
      vertex -54.8262 -18.7165 0
    endloop
  endfacet
  facet normal 0 0 -1
    outer loop
      vertex -54.3189 -19.101 0
      vertex -45.0646 -22.2146 0
      vertex -53.6811 -21.4257 0
    endloop
  endfacet
  facet normal 0 0 -1
    outer loop
      vertex -54.6235 -18.935 0
      vertex -54.3189 -19.101 0
      vertex -54.5422 -21.5333 0
    endloop
  endfacet
  facet normal 0 0 -1
    outer loop
      vertex -54.5422 -21.5333 0
      vertex -54.3189 -19.101 0
      vertex -54.2704 -21.4108 0
    endloop
  endfacet
  facet normal 0 0 -1
    outer loop
      vertex -54.2704 -21.4108 0
      vertex -54.3189 -19.101 0
      vertex -53.9746 -21.3739 0
    endloop
  endfacet
  facet normal 0 0 -1
    outer loop
      vertex -53.9746 -21.3739 0
      vertex -54.3189 -19.101 0
      vertex -53.6811 -21.4257 0
    endloop
  endfacet
  facet normal -0 -0 -1
    outer loop
      vertex -44.7711 -22.2665 0
      vertex -44.2181 -24.6096 0
      vertex -45.0646 -22.2146 0
    endloop
  endfacet
  facet normal 0 0 -1
    outer loop
      vertex -43.6557 -25.0848 0
      vertex -43.8341 -24.8461 0
      vertex -41.3957 -22.714 0
    endloop
  endfacet
  facet normal 0 0 -1
    outer loop
      vertex -43.5555 -25.3656 0
      vertex -43.6557 -25.0848 0
      vertex -41.1957 -25.3422 0
    endloop
  endfacet
  facet normal 0 0 -1
    outer loop
      vertex -41.3695 -26.1237 0
      vertex -43.5555 -25.3656 0
      vertex -41.3875 -25.8997 0
    endloop
  endfacet
  facet normal 0 -0 -1
    outer loop
      vertex -39.7925 -34.1918 0
      vertex -39.6923 -34.4726 0
      vertex -41.9559 -34.3653 0
    endloop
  endfacet
  facet normal 0 0 -1
    outer loop
      vertex -26.3347 -34.653 0
      vertex -28.8658 -34.6235 0
      vertex -26.4935 -34.4007 0
    endloop
  endfacet
  facet normal -0 0 -1
    outer loop
      vertex -26.1086 -34.8472 0
      vertex -29.3529 -34.9556 0
      vertex -29.0843 -34.8262 0
    endloop
  endfacet
  facet normal 0 0 -1
    outer loop
      vertex 14.1595 -34.5362 0
      vertex 11.7186 -34.3256 0
      vertex 14.039 -34.2636 0
    endloop
  endfacet
  facet normal 0 0 -1
    outer loop
      vertex 11.555 -34.6235 0
      vertex 11.7186 -34.3256 0
      vertex 14.1595 -34.5362 0
    endloop
  endfacet
  facet normal 0 0 -1
    outer loop
      vertex 56 -40 0
      vertex -56 -40 0
      vertex -1.71724 -35 0
    endloop
  endfacet
  facet normal -0 0 -1
    outer loop
      vertex -38.8111 -35 0
      vertex -56 -40 0
      vertex -42.8868 -35 0
    endloop
  endfacet
  facet normal -0 -0 -1
    outer loop
      vertex 10.7731 -35 0
      vertex 56 -40 0
      vertex 2.39275 -35 0
    endloop
  endfacet
  facet normal 0 -0 -1
    outer loop
      vertex 1.96561 -34.9042 0
      vertex 2.39275 -35 0
      vertex -1.42249 -34.9556 0
    endloop
  endfacet
  facet normal -0 -0 -1
    outer loop
      vertex 2.39275 -35 0
      vertex 56 -40 0
      vertex -1.71724 -35 0
    endloop
  endfacet
  facet normal 0 0 -1
    outer loop
      vertex -0.786362 -34.3653 0
      vertex 1.41951 -34.2298 0
      vertex 1.53049 -34.5065 0
    endloop
  endfacet
  facet normal -0 0 -1
    outer loop
      vertex -12.9881 -23.5117 0
      vertex -15.525 -23.7561 0
      vertex -15.0956 -21.1394 0
    endloop
  endfacet
  facet normal 0 -0 -1
    outer loop
      vertex -12.3763 -20.7341 0
      vertex -12.1333 -20.9068 0
      vertex -12.5304 -23.1402 0
    endloop
  endfacet
  facet normal 0 -0 -1
    outer loop
      vertex -3.34003 -19.9439 0
      vertex -0.914612 -22.6575 0
      vertex -3.54092 -20.1641 0
    endloop
  endfacet
  facet normal 0 0 -1
    outer loop
      vertex -3.79169 -22.5013 0
      vertex -3.54092 -20.1641 0
      vertex -3.54416 -22.6674 0
    endloop
  endfacet
  facet normal -0 0 -1
    outer loop
      vertex -0.425308 -22.3287 0
      vertex -0.694748 -22.4562 0
      vertex -0.573181 -20.0648 0
    endloop
  endfacet
  facet normal 0 0 -1
    outer loop
      vertex -3.34003 -19.9439 0
      vertex -0.694748 -22.4562 0
      vertex -0.914612 -22.6575 0
    endloop
  endfacet
  facet normal 0 0 -1
    outer loop
      vertex -0.573181 -20.0648 0
      vertex -0.316086 -20.2157 0
      vertex -0.425308 -22.3287 0
    endloop
  endfacet
  facet normal 0 0 -1
    outer loop
      vertex -0.425308 -22.3287 0
      vertex -0.316086 -20.2157 0
      vertex -0.130264 -22.2862 0
    endloop
  endfacet
  facet normal -0 0 -1
    outer loop
      vertex 14.0957 -20.3819 0
      vertex -0.130264 -22.2862 0
      vertex 0.0490112 -20.2874 0
    endloop
  endfacet
  facet normal 0 0 -1
    outer loop
      vertex -0.130264 -22.2862 0
      vertex -0.316086 -20.2157 0
      vertex 0.0490112 -20.2874 0
    endloop
  endfacet
  facet normal -0 0 -1
    outer loop
      vertex 18.0393 -22.4607 0
      vertex 15.077 -22.623 0
      vertex 17.6649 -19.8514 0
    endloop
  endfacet
  facet normal 0 0 -1
    outer loop
      vertex 18.0393 -22.4607 0
      vertex 17.8559 -22.6957 0
      vertex 15.077 -22.623 0
    endloop
  endfacet
  facet normal 0 0 -1
    outer loop
      vertex 15.077 -22.623 0
      vertex 17.8559 -22.6957 0
      vertex 15.2726 -22.8479 0
    endloop
  endfacet
  facet normal 0 0 -1
    outer loop
      vertex 15.2726 -22.8479 0
      vertex 17.8559 -22.6957 0
      vertex 17.7815 -22.8611 0
    endloop
  endfacet
  facet normal 0 0 -1
    outer loop
      vertex 15.3931 -23.1206 0
      vertex 15.2726 -22.8479 0
      vertex 17.7815 -22.8611 0
    endloop
  endfacet
  facet normal 0 0 -1
    outer loop
      vertex 15.374 -23.7098 0
      vertex 15.428 -23.4166 0
      vertex 17.7815 -22.8611 0
    endloop
  endfacet
  facet normal 0 0 -1
    outer loop
      vertex 15.428 -23.4166 0
      vertex 15.3931 -23.1206 0
      vertex 17.7815 -22.8611 0
    endloop
  endfacet
  facet normal 0 0 -1
    outer loop
      vertex 14.0581 -33.6744 0
      vertex 15.374 -23.7098 0
      vertex 17.7815 -22.8611 0
    endloop
  endfacet
  facet normal -0 0 -1
    outer loop
      vertex 14.0581 -33.6744 0
      vertex 11.7186 -34.3256 0
      vertex 15.374 -23.7098 0
    endloop
  endfacet
  facet normal 0 0 -1
    outer loop
      vertex 14.3551 -34.7612 0
      vertex 11.555 -34.6235 0
      vertex 14.1595 -34.5362 0
    endloop
  endfacet
  facet normal 0 0 -1
    outer loop
      vertex 14.6083 -34.9185 0
      vertex 11.3365 -34.8262 0
      vertex 14.3551 -34.7612 0
    endloop
  endfacet
  facet normal -0 0 -1
    outer loop
      vertex 14.6083 -34.9185 0
      vertex 11.0679 -34.9556 0
      vertex 11.3365 -34.8262 0
    endloop
  endfacet
  facet normal 0 0 -1
    outer loop
      vertex -1.15392 -34.8262 0
      vertex -0.93541 -34.6235 0
      vertex 1.71806 -34.7381 0
    endloop
  endfacet
  facet normal -0 0 -1
    outer loop
      vertex -1.71724 -35 0
      vertex -56 -40 0
      vertex -13.6608 -35 0
    endloop
  endfacet
  facet normal 0 0 -1
    outer loop
      vertex -13.6608 -35 0
      vertex -17.7064 -35 0
      vertex -13.884 -34.9748 0
    endloop
  endfacet
  facet normal 0 0 -1
    outer loop
      vertex -16.7755 -34.3653 0
      vertex -16.7177 -34.1497 0
      vertex -14.6497 -34.1484 0
    endloop
  endfacet
  facet normal 0 -0 -1
    outer loop
      vertex -42.592 -34.9556 0
      vertex -38.991 -34.9837 0
      vertex -42.8868 -35 0
    endloop
  endfacet
  facet normal 0 0 -1
    outer loop
      vertex -14.6496 -33.8503 0
      vertex -14.6497 -34.1484 0
      vertex -16.7177 -34.1497 0
    endloop
  endfacet
  facet normal -0 -0 -1
    outer loop
      vertex -41.1404 -22.8679 0
      vertex -40.986 -25.1304 0
      vertex -41.3957 -22.714 0
    endloop
  endfacet
  facet normal -0 0 -1
    outer loop
      vertex -24.4218 -22.0122 0
      vertex -24.5493 -24.3812 0
      vertex -24.6584 -21.8309 0
    endloop
  endfacet
  facet normal 0 0 -1
    outer loop
      vertex -24.5493 -24.3812 0
      vertex -27.1444 -21.9885 0
      vertex -24.6584 -21.8309 0
    endloop
  endfacet
  facet normal 0 0 -1
    outer loop
      vertex -15.6403 -21.3649 0
      vertex -16.0353 -23.461 0
      vertex -16.3516 -23.4401 0
    endloop
  endfacet
  facet normal 0 0 -1
    outer loop
      vertex -12.3763 -20.7341 0
      vertex -12.7872 -23.2915 0
      vertex -14.8969 -20.9172 0
    endloop
  endfacet
  facet normal 0 0 -1
    outer loop
      vertex -12.3763 -20.7341 0
      vertex -12.5304 -23.1402 0
      vertex -12.7872 -23.2915 0
    endloop
  endfacet
  facet normal 0 0 -1
    outer loop
      vertex -12.5304 -23.1402 0
      vertex -12.1333 -20.9068 0
      vertex -12.2403 -23.0715 0
    endloop
  endfacet
  facet normal 0 0 -1
    outer loop
      vertex -12.2403 -23.0715 0
      vertex -12.1333 -20.9068 0
      vertex -11.8503 -21.0002 0
    endloop
  endfacet
  facet normal -0 0 -1
    outer loop
      vertex -4.302 -22.4089 0
      vertex -12.2403 -23.0715 0
      vertex -11.5989 -21.011 0
    endloop
  endfacet
  facet normal 0 0 -1
    outer loop
      vertex -4.08784 -20.3841 0
      vertex -4.302 -22.4089 0
      vertex -11.5989 -21.011 0
    endloop
  endfacet
  facet normal 0 0 -1
    outer loop
      vertex -3.79169 -22.5013 0
      vertex -4.07718 -22.4156 0
      vertex -3.79781 -20.3153 0
    endloop
  endfacet
  facet normal 0 0 -1
    outer loop
      vertex -3.54416 -22.6674 0
      vertex -0.914612 -22.6575 0
      vertex -3.35657 -22.899 0
    endloop
  endfacet
  facet normal -0 0 -1
    outer loop
      vertex -1.06538 -22.9146 0
      vertex -3.24559 -23.1757 0
      vertex -3.35657 -22.899 0
    endloop
  endfacet
  facet normal 0 0 -1
    outer loop
      vertex -1.06538 -22.9146 0
      vertex -1.13367 -23.2048 0
      vertex -3.24559 -23.1757 0
    endloop
  endfacet
  facet normal 0 0 -1
    outer loop
      vertex -3.24559 -23.1757 0
      vertex -1.13367 -23.2048 0
      vertex -1.11023 -23.516 0
    endloop
  endfacet
  facet normal 0 0 -1
    outer loop
      vertex 1.41951 -34.2298 0
      vertex -0.744003 -33.7702 0
      vertex -1.11023 -23.516 0
    endloop
  endfacet
  facet normal 0 0 -1
    outer loop
      vertex -0.744003 -33.7702 0
      vertex -3.24559 -23.1757 0
      vertex -1.11023 -23.516 0
    endloop
  endfacet
  facet normal 0 0 -1
    outer loop
      vertex -0.786362 -34.3653 0
      vertex -0.720032 -34.0747 0
      vertex 1.41951 -34.2298 0
    endloop
  endfacet
  facet normal 0 0 -1
    outer loop
      vertex -0.93541 -34.6235 0
      vertex -0.786362 -34.3653 0
      vertex 1.53049 -34.5065 0
    endloop
  endfacet
  facet normal 0 0 -1
    outer loop
      vertex 1.71806 -34.7381 0
      vertex -0.93541 -34.6235 0
      vertex 1.53049 -34.5065 0
    endloop
  endfacet
  facet normal 0 0 -1
    outer loop
      vertex 1.96561 -34.9042 0
      vertex -1.15392 -34.8262 0
      vertex 1.71806 -34.7381 0
    endloop
  endfacet
  facet normal -0 0 -1
    outer loop
      vertex 1.96561 -34.9042 0
      vertex -1.42249 -34.9556 0
      vertex -1.15392 -34.8262 0
    endloop
  endfacet
  facet normal 0 0 -1
    outer loop
      vertex -56 -40 0
      vertex -17.7064 -35 0
      vertex -13.6608 -35 0
    endloop
  endfacet
  facet normal 0 -0 -1
    outer loop
      vertex -17.1431 -34.8262 0
      vertex -14.1614 -34.8657 0
      vertex -17.4117 -34.9556 0
    endloop
  endfacet
  facet normal 0 0 -1
    outer loop
      vertex -56 -40 0
      vertex -25.5773 -35 0
      vertex -17.7064 -35 0
    endloop
  endfacet
  facet normal 0 0 -1
    outer loop
      vertex -13.1459 -23.9183 0
      vertex -14.6496 -33.8503 0
      vertex -15.2697 -24.5854 0
    endloop
  endfacet
  facet normal 0 0 -1
    outer loop
      vertex -42.3234 -34.8262 0
      vertex -39.5139 -34.7114 0
      vertex -39.273 -34.8869 0
    endloop
  endfacet
  facet normal -0 0 -1
    outer loop
      vertex -26.5709 -34.1129 0
      vertex -28.6649 -34.185 0
      vertex -26.5601 -33.815 0
    endloop
  endfacet
  facet normal 0 0 -1
    outer loop
      vertex -42.3234 -34.8262 0
      vertex -42.1049 -34.6235 0
      vertex -39.5139 -34.7114 0
    endloop
  endfacet
  facet normal 0 0 -1
    outer loop
      vertex -24.8942 -24.9664 0
      vertex -27.0469 -25.5908 0
      vertex -27.036 -25.2929 0
    endloop
  endfacet
  facet normal -0 0 -1
    outer loop
      vertex -40.986 -25.1304 0
      vertex -41.1957 -25.3422 0
      vertex -41.3957 -22.714 0
    endloop
  endfacet
  facet normal -0 0 -1
    outer loop
      vertex -25.8353 -34.9662 0
      vertex -29.6476 -35 0
      vertex -29.3529 -34.9556 0
    endloop
  endfacet
  facet normal 0 0 -1
    outer loop
      vertex -27.7717 -24.4396 0
      vertex -28.0722 -24.4067 0
      vertex -27.9095 -22.3979 0
    endloop
  endfacet
  facet normal 0 -0 -1
    outer loop
      vertex -24.4218 -22.0122 0
      vertex -24.2939 -24.2274 0
      vertex -24.5493 -24.3812 0
    endloop
  endfacet
  facet normal 0 0 -1
    outer loop
      vertex -24.4218 -22.0122 0
      vertex -24.1422 -22.1156 0
      vertex -24.2939 -24.2274 0
    endloop
  endfacet
  facet normal 0 0 -1
    outer loop
      vertex -24.0046 -24.1557 0
      vertex -24.1422 -22.1156 0
      vertex -23.8457 -22.1322 0
    endloop
  endfacet
  facet normal 0 0 -1
    outer loop
      vertex -24.2939 -24.2274 0
      vertex -24.1422 -22.1156 0
      vertex -24.0046 -24.1557 0
    endloop
  endfacet
  facet normal 0 0 -1
    outer loop
      vertex -23.8457 -22.1322 0
      vertex -15.6403 -21.3649 0
      vertex -16.3516 -23.4401 0
    endloop
  endfacet
  facet normal 0 0 -1
    outer loop
      vertex -15.351 -21.2932 0
      vertex -15.7579 -23.5701 0
      vertex -15.6403 -21.3649 0
    endloop
  endfacet
  facet normal 0 0 -1
    outer loop
      vertex -15.351 -21.2932 0
      vertex -15.525 -23.7561 0
      vertex -15.7579 -23.5701 0
    endloop
  endfacet
  facet normal 0 0 -1
    outer loop
      vertex -12.9881 -23.5117 0
      vertex -15.3572 -24.0025 0
      vertex -15.525 -23.7561 0
    endloop
  endfacet
  facet normal 0 0 -1
    outer loop
      vertex -12.9881 -23.5117 0
      vertex -13.1459 -23.9183 0
      vertex -15.3572 -24.0025 0
    endloop
  endfacet
  facet normal 0 0 -1
    outer loop
      vertex -15.3572 -24.0025 0
      vertex -13.1459 -23.9183 0
      vertex -15.2695 -24.2874 0
    endloop
  endfacet
  facet normal 0 -0 -1
    outer loop
      vertex -15.2695 -24.2874 0
      vertex -13.1459 -23.9183 0
      vertex -15.2697 -24.5854 0
    endloop
  endfacet
  facet normal 0 -0 -1
    outer loop
      vertex -15.2697 -24.5854 0
      vertex -14.6496 -33.8503 0
      vertex -16.7177 -34.1497 0
    endloop
  endfacet
  facet normal -0 0 -1
    outer loop
      vertex -14.5621 -34.4333 0
      vertex -16.9246 -34.6235 0
      vertex -16.7755 -34.3653 0
    endloop
  endfacet
  facet normal 0 -0 -1
    outer loop
      vertex -14.5621 -34.4333 0
      vertex -14.3943 -34.6797 0
      vertex -16.9246 -34.6235 0
    endloop
  endfacet
  facet normal 0 -0 -1
    outer loop
      vertex -14.3943 -34.6797 0
      vertex -14.1614 -34.8657 0
      vertex -17.1431 -34.8262 0
    endloop
  endfacet
  facet normal 0 -0 -1
    outer loop
      vertex -14.1614 -34.8657 0
      vertex -13.884 -34.9748 0
      vertex -17.4117 -34.9556 0
    endloop
  endfacet
  facet normal 0 -0 -1
    outer loop
      vertex -17.4117 -34.9556 0
      vertex -13.884 -34.9748 0
      vertex -17.7064 -35 0
    endloop
  endfacet
  facet normal 0 -0 -1
    outer loop
      vertex -29.6476 -35 0
      vertex -25.5773 -35 0
      vertex -56 -40 0
    endloop
  endfacet
  facet normal 0 -0 -1
    outer loop
      vertex -38.991 -34.9837 0
      vertex -38.8111 -35 0
      vertex -42.8868 -35 0
    endloop
  endfacet
  facet normal 0 -0 -1
    outer loop
      vertex -38.8111 -35 0
      vertex -29.6476 -35 0
      vertex -56 -40 0
    endloop
  endfacet
  facet normal 0 -0 -1
    outer loop
      vertex -39.273 -34.8869 0
      vertex -38.991 -34.9837 0
      vertex -42.592 -34.9556 0
    endloop
  endfacet
  facet normal 0 -0 -1
    outer loop
      vertex -41.9559 -34.3653 0
      vertex -39.6923 -34.4726 0
      vertex -42.1049 -34.6235 0
    endloop
  endfacet
  facet normal 0 -0 -1
    outer loop
      vertex -41.8896 -34.0747 0
      vertex -39.7925 -34.1918 0
      vertex -41.9559 -34.3653 0
    endloop
  endfacet
  facet normal 0 0 -1
    outer loop
      vertex -41.8896 -34.0747 0
      vertex -41.9053 -33.8082 0
      vertex -39.7925 -34.1918 0
    endloop
  endfacet
  facet normal 0 -0 -1
    outer loop
      vertex -41.3695 -26.1237 0
      vertex -39.7925 -34.1918 0
      vertex -41.9053 -33.8082 0
    endloop
  endfacet
  facet normal 0 0 -1
    outer loop
      vertex -43.5555 -25.3656 0
      vertex -41.3695 -26.1237 0
      vertex -41.9053 -33.8082 0
    endloop
  endfacet
  facet normal 0 0 -1
    outer loop
      vertex -41.3336 -25.6065 0
      vertex -43.5555 -25.3656 0
      vertex -41.1957 -25.3422 0
    endloop
  endfacet
  facet normal 0 0 -1
    outer loop
      vertex -41.3875 -25.8997 0
      vertex -43.5555 -25.3656 0
      vertex -41.3336 -25.6065 0
    endloop
  endfacet
  facet normal 0 0 -1
    outer loop
      vertex -41.1957 -25.3422 0
      vertex -43.6557 -25.0848 0
      vertex -41.3957 -22.714 0
    endloop
  endfacet
  facet normal 0 0 -1
    outer loop
      vertex -41.1404 -22.8679 0
      vertex -40.7232 -24.9897 0
      vertex -40.986 -25.1304 0
    endloop
  endfacet
  facet normal 0 0 -1
    outer loop
      vertex -41.1404 -22.8679 0
      vertex -40.7151 -22.9431 0
      vertex -40.7232 -24.9897 0
    endloop
  endfacet
  facet normal 0 0 -1
    outer loop
      vertex -40.7232 -24.9897 0
      vertex -40.7151 -22.9431 0
      vertex -40.4306 -24.9328 0
    endloop
  endfacet
  facet normal -0 0 -1
    outer loop
      vertex -28.0722 -24.4067 0
      vertex -40.4306 -24.9328 0
      vertex -40.7151 -22.9431 0
    endloop
  endfacet
  facet normal 0 0 -1
    outer loop
      vertex -28.0722 -24.4067 0
      vertex -40.7151 -22.9431 0
      vertex -27.9095 -22.3979 0
    endloop
  endfacet
  facet normal 0 0 -1
    outer loop
      vertex -27.4984 -24.5585 0
      vertex -27.354 -22.2003 0
      vertex -27.2723 -24.7528 0
    endloop
  endfacet
  facet normal 0 0 -1
    outer loop
      vertex -27.6169 -22.341 0
      vertex -27.354 -22.2003 0
      vertex -27.4984 -24.5585 0
    endloop
  endfacet
  facet normal 0 0 -1
    outer loop
      vertex -27.2723 -24.7528 0
      vertex -27.354 -22.2003 0
      vertex -24.7479 -24.6034 0
    endloop
  endfacet
  facet normal 0 0 -1
    outer loop
      vertex -27.1134 -25.005 0
      vertex -27.2723 -24.7528 0
      vertex -24.7479 -24.6034 0
    endloop
  endfacet
  facet normal -0 0 -1
    outer loop
      vertex -24.8942 -24.9664 0
      vertex -27.1134 -25.005 0
      vertex -24.7479 -24.6034 0
    endloop
  endfacet
  facet normal 0 0 -1
    outer loop
      vertex -24.8942 -24.9664 0
      vertex -27.036 -25.2929 0
      vertex -27.1134 -25.005 0
    endloop
  endfacet
  facet normal 0 0 -1
    outer loop
      vertex -26.5601 -33.815 0
      vertex -27.0469 -25.5908 0
      vertex -24.8942 -24.9664 0
    endloop
  endfacet
  facet normal -0 0 -1
    outer loop
      vertex -26.5601 -33.815 0
      vertex -28.6649 -34.185 0
      vertex -27.0469 -25.5908 0
    endloop
  endfacet
  facet normal 0 0 -1
    outer loop
      vertex -28.8658 -34.6235 0
      vertex -28.7168 -34.3653 0
      vertex -26.4935 -34.4007 0
    endloop
  endfacet
  facet normal 0 0 -1
    outer loop
      vertex -29.0843 -34.8262 0
      vertex -28.8658 -34.6235 0
      vertex -26.3347 -34.653 0
    endloop
  endfacet
  facet normal 0 0 -1
    outer loop
      vertex -26.1086 -34.8472 0
      vertex -29.0843 -34.8262 0
      vertex -26.3347 -34.653 0
    endloop
  endfacet
  facet normal 0 0 -1
    outer loop
      vertex -25.8353 -34.9662 0
      vertex -29.3529 -34.9556 0
      vertex -26.1086 -34.8472 0
    endloop
  endfacet
  facet normal 0 0 1
    outer loop
      vertex 54.5633 -34.8262 3
      vertex 57.179 -39.8223 3
      vertex 57.4614 -39.7235 3
    endloop
  endfacet
  facet normal 0 0 1
    outer loop
      vertex 58 -39.4641 3
      vertex 54.5633 -34.8262 3
      vertex 57.7355 -39.6039 3
    endloop
  endfacet
  facet normal 0 0 1
    outer loop
      vertex 57.7355 -39.6039 3
      vertex 54.5633 -34.8262 3
      vertex 57.4614 -39.7235 3
    endloop
  endfacet
  facet normal 0 0 1
    outer loop
      vertex 58.2533 -39.305 3
      vertex 54.5633 -34.8262 3
      vertex 58 -39.4641 3
    endloop
  endfacet
  facet normal 0 0 1
    outer loop
      vertex 58.494 -39.1273 3
      vertex 54.5633 -34.8262 3
      vertex 58.2533 -39.305 3
    endloop
  endfacet
  facet normal 0 0 1
    outer loop
      vertex 54.5633 -34.8262 3
      vertex 56.8901 -39.8997 3
      vertex 57.179 -39.8223 3
    endloop
  endfacet
  facet normal 0 0 1
    outer loop
      vertex 54.7818 -34.6235 3
      vertex 58.494 -39.1273 3
      vertex 58.7207 -38.9322 3
    endloop
  endfacet
  facet normal -0 0 1
    outer loop
      vertex 54.5633 -34.8262 3
      vertex 58.494 -39.1273 3
      vertex 54.7818 -34.6235 3
    endloop
  endfacet
  facet normal 0 0 1
    outer loop
      vertex 59.305 -38.2533 3
      vertex 54.7818 -34.6235 3
      vertex 59.1273 -38.494 3
    endloop
  endfacet
  facet normal 0 0 1
    outer loop
      vertex 59.4641 -38 3
      vertex 54.7818 -34.6235 3
      vertex 59.305 -38.2533 3
    endloop
  endfacet
  facet normal 0 -0 1
    outer loop
      vertex 58.7207 -38.9322 3
      vertex 58.9322 -38.7207 3
      vertex 54.7818 -34.6235 3
    endloop
  endfacet
  facet normal 0 0 1
    outer loop
      vertex 59.7235 -37.4614 3
      vertex 54.7818 -34.6235 3
      vertex 59.6039 -37.7355 3
    endloop
  endfacet
  facet normal 0 0 1
    outer loop
      vertex 60 -36 3
      vertex 54.9309 -34.3653 3
      vertex 54.7818 -34.6235 3
    endloop
  endfacet
  facet normal 0 0 1
    outer loop
      vertex 59.8997 -36.8901 3
      vertex 54.7818 -34.6235 3
      vertex 59.8223 -37.179 3
    endloop
  endfacet
  facet normal 0 -0 1
    outer loop
      vertex 59.9553 -36.5962 3
      vertex 59.9888 -36.2989 3
      vertex 54.7818 -34.6235 3
    endloop
  endfacet
  facet normal 0 0 1
    outer loop
      vertex 59.9553 -36.5962 3
      vertex 54.7818 -34.6235 3
      vertex 59.8997 -36.8901 3
    endloop
  endfacet
  facet normal 0 0 1
    outer loop
      vertex 60 -36 3
      vertex 54.7818 -34.6235 3
      vertex 59.9888 -36.2989 3
    endloop
  endfacet
  facet normal 0 0 1
    outer loop
      vertex 55 -34 3
      vertex 54.9309 -34.3653 3
      vertex 60 -36 3
    endloop
  endfacet
  facet normal 0 0 1
    outer loop
      vertex 59.8223 -37.179 3
      vertex 54.7818 -34.6235 3
      vertex 59.7235 -37.4614 3
    endloop
  endfacet
  facet normal 0 0 1
    outer loop
      vertex 54.7818 -34.6235 3
      vertex 59.4641 -38 3
      vertex 59.6039 -37.7355 3
    endloop
  endfacet
  facet normal 0 -0 1
    outer loop
      vertex 43.9917 35 3
      vertex 56 40 3
      vertex 39.9758 35 3
    endloop
  endfacet
  facet normal 0 0 1
    outer loop
      vertex 54.8262 34.5633 3
      vertex 59.7235 37.4614 3
      vertex 59.6039 37.7355 3
    endloop
  endfacet
  facet normal 0 0 1
    outer loop
      vertex 54.8262 34.5633 3
      vertex 59.6039 37.7355 3
      vertex 59.4641 38 3
    endloop
  endfacet
  facet normal 0 0 1
    outer loop
      vertex 54.8262 34.5633 3
      vertex 59.4641 38 3
      vertex 59.305 38.2533 3
    endloop
  endfacet
  facet normal 0 0 1
    outer loop
      vertex 54.8262 34.5633 3
      vertex 59.305 38.2533 3
      vertex 59.1273 38.494 3
    endloop
  endfacet
  facet normal 0 -0 1
    outer loop
      vertex 54.8262 34.5633 3
      vertex 59.1273 38.494 3
      vertex 54.6235 34.7818 3
    endloop
  endfacet
  facet normal 0 0 1
    outer loop
      vertex 59.8223 37.179 3
      vertex 59.7235 37.4614 3
      vertex 54.8262 34.5633 3
    endloop
  endfacet
  facet normal 0 0 1
    outer loop
      vertex 58.9322 38.7207 3
      vertex 58.7207 38.9322 3
      vertex 54.6235 34.7818 3
    endloop
  endfacet
  facet normal 0 0 1
    outer loop
      vertex 58.9322 38.7207 3
      vertex 54.6235 34.7818 3
      vertex 59.1273 38.494 3
    endloop
  endfacet
  facet normal 0 0 1
    outer loop
      vertex 54.6235 34.7818 3
      vertex 58.2533 39.305 3
      vertex 58 39.4641 3
    endloop
  endfacet
  facet normal 0 0 1
    outer loop
      vertex 58.494 39.1273 3
      vertex 58.2533 39.305 3
      vertex 54.6235 34.7818 3
    endloop
  endfacet
  facet normal 0 0 1
    outer loop
      vertex 58 39.4641 3
      vertex 57.7355 39.6039 3
      vertex 54.6235 34.7818 3
    endloop
  endfacet
  facet normal 0 0 1
    outer loop
      vertex 57.7355 39.6039 3
      vertex 57.4614 39.7235 3
      vertex 54.6235 34.7818 3
    endloop
  endfacet
  facet normal 0 -0 1
    outer loop
      vertex 54.6235 34.7818 3
      vertex 56 40 3
      vertex 54.3653 34.9309 3
    endloop
  endfacet
  facet normal 0 0 1
    outer loop
      vertex 57.179 39.8223 3
      vertex 56.8901 39.8997 3
      vertex 54.6235 34.7818 3
    endloop
  endfacet
  facet normal 0 0 1
    outer loop
      vertex 54.6235 34.7818 3
      vertex 56.5962 39.9553 3
      vertex 56.2989 39.9888 3
    endloop
  endfacet
  facet normal 0 0 1
    outer loop
      vertex 56.8901 39.8997 3
      vertex 56.5962 39.9553 3
      vertex 54.6235 34.7818 3
    endloop
  endfacet
  facet normal 0 0 1
    outer loop
      vertex 56.2989 39.9888 3
      vertex 56 40 3
      vertex 54.6235 34.7818 3
    endloop
  endfacet
  facet normal 0 0 1
    outer loop
      vertex 56 40 3
      vertex 54 35 3
      vertex 54.3653 34.9309 3
    endloop
  endfacet
  facet normal 0 0 1
    outer loop
      vertex 57.4614 39.7235 3
      vertex 57.179 39.8223 3
      vertex 54.6235 34.7818 3
    endloop
  endfacet
  facet normal 0 0 1
    outer loop
      vertex 58.494 39.1273 3
      vertex 54.6235 34.7818 3
      vertex 58.7207 38.9322 3
    endloop
  endfacet
  facet normal 0 0 1
    outer loop
      vertex 41.6796 19.854 3
      vertex 44.0818 17.2417 3
      vertex 44.289 17.4559 3
    endloop
  endfacet
  facet normal 0 0 1
    outer loop
      vertex 27.1885 8.56279 3
      vertex 26.9932 8.33757 3
      vertex 29.7808 8.24409 3
    endloop
  endfacet
  facet normal 0 0 1
    outer loop
      vertex -54.5633 34.8262 3
      vertex -57.4614 39.7235 3
      vertex -57.7355 39.6039 3
    endloop
  endfacet
  facet normal 0 0 1
    outer loop
      vertex -54.5633 34.8262 3
      vertex -57.7355 39.6039 3
      vertex -58 39.4641 3
    endloop
  endfacet
  facet normal 0 0 1
    outer loop
      vertex -54.5633 34.8262 3
      vertex -58 39.4641 3
      vertex -58.2533 39.305 3
    endloop
  endfacet
  facet normal 0 0 1
    outer loop
      vertex -54.5633 34.8262 3
      vertex -58.2533 39.305 3
      vertex -58.494 39.1273 3
    endloop
  endfacet
  facet normal 0 0 1
    outer loop
      vertex -54.5633 34.8262 3
      vertex -58.494 39.1273 3
      vertex -54.7818 34.6235 3
    endloop
  endfacet
  facet normal 0 0 1
    outer loop
      vertex -57.179 39.8223 3
      vertex -57.4614 39.7235 3
      vertex -54.5633 34.8262 3
    endloop
  endfacet
  facet normal 0 0 1
    outer loop
      vertex -58.7207 38.9322 3
      vertex -58.9322 38.7207 3
      vertex -54.7818 34.6235 3
    endloop
  endfacet
  facet normal -0 0 1
    outer loop
      vertex -58.7207 38.9322 3
      vertex -54.7818 34.6235 3
      vertex -58.494 39.1273 3
    endloop
  endfacet
  facet normal 0 0 1
    outer loop
      vertex -54.7818 34.6235 3
      vertex -59.305 38.2533 3
      vertex -59.4641 38 3
    endloop
  endfacet
  facet normal 0 0 1
    outer loop
      vertex -59.1273 38.494 3
      vertex -59.305 38.2533 3
      vertex -54.7818 34.6235 3
    endloop
  endfacet
  facet normal 0 0 1
    outer loop
      vertex -59.4641 38 3
      vertex -59.6039 37.7355 3
      vertex -54.7818 34.6235 3
    endloop
  endfacet
  facet normal 0 0 1
    outer loop
      vertex -59.6039 37.7355 3
      vertex -59.7235 37.4614 3
      vertex -54.7818 34.6235 3
    endloop
  endfacet
  facet normal 0 0 1
    outer loop
      vertex -54.7818 34.6235 3
      vertex -60 36 3
      vertex -54.9309 34.3653 3
    endloop
  endfacet
  facet normal 0 0 1
    outer loop
      vertex -59.8223 37.179 3
      vertex -59.8997 36.8901 3
      vertex -54.7818 34.6235 3
    endloop
  endfacet
  facet normal 0 0 1
    outer loop
      vertex -54.7818 34.6235 3
      vertex -59.9553 36.5962 3
      vertex -59.9888 36.2989 3
    endloop
  endfacet
  facet normal 0 0 1
    outer loop
      vertex -59.8997 36.8901 3
      vertex -59.9553 36.5962 3
      vertex -54.7818 34.6235 3
    endloop
  endfacet
  facet normal 0 0 1
    outer loop
      vertex -59.9888 36.2989 3
      vertex -60 36 3
      vertex -54.7818 34.6235 3
    endloop
  endfacet
  facet normal 0 0 1
    outer loop
      vertex -60 36 3
      vertex -55 34 3
      vertex -54.9309 34.3653 3
    endloop
  endfacet
  facet normal 0 0 1
    outer loop
      vertex -59.7235 37.4614 3
      vertex -59.8223 37.179 3
      vertex -54.7818 34.6235 3
    endloop
  endfacet
  facet normal -0 0 1
    outer loop
      vertex -59.1273 38.494 3
      vertex -54.7818 34.6235 3
      vertex -58.9322 38.7207 3
    endloop
  endfacet
  facet normal 0 0 1
    outer loop
      vertex -42.6711 25.2289 3
      vertex -42.9674 23.1818 3
      vertex -42.6089 23.1187 3
    endloop
  endfacet
  facet normal 0 0 1
    outer loop
      vertex -54.6235 -34.7818 3
      vertex -56.8901 -39.8997 3
      vertex -56.5962 -39.9553 3
    endloop
  endfacet
  facet normal 0 0 1
    outer loop
      vertex -54.8262 -34.5633 3
      vertex -59.7235 -37.4614 3
      vertex -59.6039 -37.7355 3
    endloop
  endfacet
  facet normal 0 0 1
    outer loop
      vertex -54.8262 -34.5633 3
      vertex -59.6039 -37.7355 3
      vertex -59.4641 -38 3
    endloop
  endfacet
  facet normal 0 0 1
    outer loop
      vertex -54.8262 -34.5633 3
      vertex -59.4641 -38 3
      vertex -59.305 -38.2533 3
    endloop
  endfacet
  facet normal 0 0 1
    outer loop
      vertex -54.8262 -34.5633 3
      vertex -59.305 -38.2533 3
      vertex -59.1273 -38.494 3
    endloop
  endfacet
  facet normal 0 0 1
    outer loop
      vertex -54.8262 -34.5633 3
      vertex -59.1273 -38.494 3
      vertex -54.6235 -34.7818 3
    endloop
  endfacet
  facet normal -0 0 1
    outer loop
      vertex -59.8223 -37.179 3
      vertex -59.7235 -37.4614 3
      vertex -54.8262 -34.5633 3
    endloop
  endfacet
  facet normal -0 0 1
    outer loop
      vertex -58.9322 -38.7207 3
      vertex -58.7207 -38.9322 3
      vertex -54.6235 -34.7818 3
    endloop
  endfacet
  facet normal 0 -0 1
    outer loop
      vertex -58.9322 -38.7207 3
      vertex -54.6235 -34.7818 3
      vertex -59.1273 -38.494 3
    endloop
  endfacet
  facet normal -0 0 1
    outer loop
      vertex -58.494 -39.1273 3
      vertex -58.2533 -39.305 3
      vertex -54.6235 -34.7818 3
    endloop
  endfacet
  facet normal -0 0 1
    outer loop
      vertex -58.2533 -39.305 3
      vertex -58 -39.4641 3
      vertex -54.6235 -34.7818 3
    endloop
  endfacet
  facet normal 0 -0 1
    outer loop
      vertex -58.494 -39.1273 3
      vertex -54.6235 -34.7818 3
      vertex -58.7207 -38.9322 3
    endloop
  endfacet
  facet normal -0 0 1
    outer loop
      vertex -57.7355 -39.6039 3
      vertex -57.4614 -39.7235 3
      vertex -54.6235 -34.7818 3
    endloop
  endfacet
  facet normal 0 0 1
    outer loop
      vertex -54.6235 -34.7818 3
      vertex -56 -40 3
      vertex -54.3653 -34.9309 3
    endloop
  endfacet
  facet normal -0 0 1
    outer loop
      vertex -57.179 -39.8223 3
      vertex -56.8901 -39.8997 3
      vertex -54.6235 -34.7818 3
    endloop
  endfacet
  facet normal 0 0 1
    outer loop
      vertex -54.6235 -34.7818 3
      vertex -56.5962 -39.9553 3
      vertex -56.2989 -39.9888 3
    endloop
  endfacet
  facet normal 0 0 1
    outer loop
      vertex -54.6235 -34.7818 3
      vertex -56.2989 -39.9888 3
      vertex -56 -40 3
    endloop
  endfacet
  facet normal 0 0 1
    outer loop
      vertex -54.3653 -34.9309 3
      vertex -56 -40 3
      vertex -54 -35 3
    endloop
  endfacet
  facet normal 0 0 1
    outer loop
      vertex -54.6235 -34.7818 3
      vertex -57.4614 -39.7235 3
      vertex -57.179 -39.8223 3
    endloop
  endfacet
  facet normal -0 0 1
    outer loop
      vertex -58 -39.4641 3
      vertex -57.7355 -39.6039 3
      vertex -54.6235 -34.7818 3
    endloop
  endfacet
  facet normal 0 0 1
    outer loop
      vertex -54.934 22.4422 3
      vertex -54.7873 22.7017 3
      vertex -54.8262 25.5219 3
    endloop
  endfacet
  facet normal 0 0 1
    outer loop
      vertex 27.4849 18.3211 3
      vertex 27.7605 18.4348 3
      vertex 27.6092 20.5507 3
    endloop
  endfacet
  facet normal 0 0 1
    outer loop
      vertex 41.404 19.7404 3
      vertex 41.1013 17.6669 3
      vertex 41.3626 17.5235 3
    endloop
  endfacet
  facet normal 0 -0 1
    outer loop
      vertex 42.1608 20.8004 3
      vertex 42.9957 33.9109 3
      vertex 40.9718 34.0891 3
    endloop
  endfacet
  facet normal 0 0 1
    outer loop
      vertex 15.6356 34.1378 3
      vertex 13.5746 34.1603 3
      vertex 13.578 33.8622 3
    endloop
  endfacet
  facet normal 0 0 1
    outer loop
      vertex -31.655 34.5866 3
      vertex -31.5181 34.3218 3
      vertex -29.1712 34.3653 3
    endloop
  endfacet
  facet normal -0 0 1
    outer loop
      vertex 40.2567 34.9597 3
      vertex 43.697 34.9556 3
      vertex 43.9917 35 3
    endloop
  endfacet
  facet normal 0 -0 1
    outer loop
      vertex -39.9028 34.0091 3
      vertex -39.8337 34.3653 3
      vertex -41.9447 34.286 3
    endloop
  endfacet
  facet normal 0 0 1
    outer loop
      vertex -39.8337 34.3653 3
      vertex -42.0716 34.5558 3
      vertex -41.9447 34.286 3
    endloop
  endfacet
  facet normal 0 0 1
    outer loop
      vertex -54.6235 25.3034 3
      vertex -54.7873 22.7017 3
      vertex -54.5705 22.9063 3
    endloop
  endfacet
  facet normal 0 0 1
    outer loop
      vertex -28.8036 34.8262 3
      vertex -32.1262 34.9409 3
      vertex -31.8639 34.7992 3
    endloop
  endfacet
  facet normal 0 -0 1
    outer loop
      vertex -38.9028 35 3
      vertex -32.4649 35 3
      vertex -56 40 3
    endloop
  endfacet
  facet normal 0 -0 1
    outer loop
      vertex -42.2724 34.7761 3
      vertex -39.4661 34.8262 3
      vertex -42.5291 34.9275 3
    endloop
  endfacet
  facet normal -0 0 1
    outer loop
      vertex -42.2724 34.7761 3
      vertex -39.6846 34.6235 3
      vertex -39.4661 34.8262 3
    endloop
  endfacet
  facet normal 0 -0 1
    outer loop
      vertex 54 35 3
      vertex 56 40 3
      vertex 43.9917 35 3
    endloop
  endfacet
  facet normal 0 0 1
    outer loop
      vertex 59.8997 36.8901 3
      vertex 59.8223 37.179 3
      vertex 54.8262 34.5633 3
    endloop
  endfacet
  facet normal 0 0 1
    outer loop
      vertex 59.8997 36.8901 3
      vertex 54.8262 34.5633 3
      vertex 59.9553 36.5962 3
    endloop
  endfacet
  facet normal 0 0 1
    outer loop
      vertex 54.8262 34.5633 3
      vertex 59.9888 36.2989 3
      vertex 59.9553 36.5962 3
    endloop
  endfacet
  facet normal 0 0 1
    outer loop
      vertex 60 36 3
      vertex 59.9888 36.2989 3
      vertex 54.8262 34.5633 3
    endloop
  endfacet
  facet normal 0 0 1
    outer loop
      vertex 60 36 3
      vertex 54.8262 34.5633 3
      vertex 54.9556 34.2948 3
    endloop
  endfacet
  facet normal 0 0 1
    outer loop
      vertex 60 36 3
      vertex 54.9556 34.2948 3
      vertex 55 34 3
    endloop
  endfacet
  facet normal -0 0 1
    outer loop
      vertex 54.8144 20.5805 3
      vertex 54.8262 17.7182 3
      vertex 54.9493 20.8463 3
    endloop
  endfacet
  facet normal 0 0 1
    outer loop
      vertex 60 36 3
      vertex 55 34 3
      vertex 55 21.1608 3
    endloop
  endfacet
  facet normal -0 0 1
    outer loop
      vertex 54.8262 17.7182 3
      vertex 54.9556 17.4496 3
      vertex 54.9493 20.8463 3
    endloop
  endfacet
  facet normal -0 0 1
    outer loop
      vertex 54.3653 18.0858 3
      vertex 54.6235 17.9367 3
      vertex 54.6072 20.3662 3
    endloop
  endfacet
  facet normal 0 -0 1
    outer loop
      vertex 54.3653 18.0858 3
      vertex 54.6072 20.3662 3
      vertex 54.3461 20.2225 3
    endloop
  endfacet
  facet normal 0 0 1
    outer loop
      vertex 54.3653 18.0858 3
      vertex 54.3461 20.2225 3
      vertex 54.0541 20.1622 3
    endloop
  endfacet
  facet normal 0 -0 1
    outer loop
      vertex -41.903 33.9909 3
      vertex -39.9028 34.0091 3
      vertex -41.9447 34.286 3
    endloop
  endfacet
  facet normal 0 0 1
    outer loop
      vertex -60 -36 3
      vertex -55 6.59352 3
      vertex -60 36 3
    endloop
  endfacet
  facet normal 0 -0 1
    outer loop
      vertex -54.934 22.4422 3
      vertex -54.8262 25.5219 3
      vertex -54.9556 25.7904 3
    endloop
  endfacet
  facet normal 0 0 1
    outer loop
      vertex -54.934 22.4422 3
      vertex -54.9556 25.7904 3
      vertex -55 22.0851 3
    endloop
  endfacet
  facet normal 0 -0 1
    outer loop
      vertex -55 -6.66405 3
      vertex -55 6.59352 3
      vertex -60 -36 3
    endloop
  endfacet
  facet normal 0 0 1
    outer loop
      vertex -55 26.0852 3
      vertex -60 36 3
      vertex -55 22.0851 3
    endloop
  endfacet
  facet normal 0 0 1
    outer loop
      vertex -55 34 3
      vertex -60 36 3
      vertex -55 26.0852 3
    endloop
  endfacet
  facet normal 0 0 1
    outer loop
      vertex -56.8901 39.8997 3
      vertex -57.179 39.8223 3
      vertex -54.5633 34.8262 3
    endloop
  endfacet
  facet normal 0 -0 1
    outer loop
      vertex -28.2403 35 3
      vertex -15.3242 35 3
      vertex -56 40 3
    endloop
  endfacet
  facet normal -0 0 1
    outer loop
      vertex -56.8901 39.8997 3
      vertex -54.5633 34.8262 3
      vertex -56.5962 39.9553 3
    endloop
  endfacet
  facet normal 0 0 1
    outer loop
      vertex -54.5633 34.8262 3
      vertex -56.2989 39.9888 3
      vertex -56.5962 39.9553 3
    endloop
  endfacet
  facet normal 0 0 1
    outer loop
      vertex -56 40 3
      vertex -56.2989 39.9888 3
      vertex -54.5633 34.8262 3
    endloop
  endfacet
  facet normal 0 0 1
    outer loop
      vertex -56 40 3
      vertex -54.5633 34.8262 3
      vertex -54.2948 34.9556 3
    endloop
  endfacet
  facet normal 0 0 1
    outer loop
      vertex -56 40 3
      vertex -54.2948 34.9556 3
      vertex -54 35 3
    endloop
  endfacet
  facet normal 0 0 1
    outer loop
      vertex -39.6846 34.6235 3
      vertex -42.0716 34.5558 3
      vertex -39.8337 34.3653 3
    endloop
  endfacet
  facet normal 0 0 1
    outer loop
      vertex -56 40 3
      vertex -54 35 3
      vertex -42.9029 35 3
    endloop
  endfacet
  facet normal 0 0 1
    outer loop
      vertex -41.9742 26.1727 3
      vertex -39.9028 34.0091 3
      vertex -41.903 33.9909 3
    endloop
  endfacet
  facet normal -0 0 1
    outer loop
      vertex -42.1869 25.5652 3
      vertex -39.9361 25.466 3
      vertex -42.0401 25.8247 3
    endloop
  endfacet
  facet normal 0 0 1
    outer loop
      vertex -12.2099 34.3653 3
      vertex -14.3353 34.149 3
      vertex -12.2762 34.0747 3
    endloop
  endfacet
  facet normal 0 0 1
    outer loop
      vertex -27.9714 22.5864 3
      vertex -25.2178 22.1369 3
      vertex -25.3547 22.4017 3
    endloop
  endfacet
  facet normal 0 0 1
    outer loop
      vertex -42.4036 25.3606 3
      vertex -42.6711 25.2289 3
      vertex -42.6089 23.1187 3
    endloop
  endfacet
  facet normal 0 0 1
    outer loop
      vertex -42.6711 25.2289 3
      vertex -42.9654 25.1819 3
      vertex -42.9674 23.1818 3
    endloop
  endfacet
  facet normal 0 0 1
    outer loop
      vertex -41.9368 11.4483 3
      vertex -39.6066 11.5711 3
      vertex -41.8197 11.7224 3
    endloop
  endfacet
  facet normal 0 0 1
    outer loop
      vertex -39.8092 25.1962 3
      vertex -42.3483 22.974 3
      vertex -42.142 22.7589 3
    endloop
  endfacet
  facet normal -0 0 1
    outer loop
      vertex 13.5746 34.1603 3
      vertex 15.6356 34.1378 3
      vertex 15.6952 34.3653 3
    endloop
  endfacet
  facet normal 0 0 1
    outer loop
      vertex -28.1258 19.9075 3
      vertex -29.0296 22.1998 3
      vertex -38.703 22.5875 3
    endloop
  endfacet
  facet normal 0 0 1
    outer loop
      vertex -42.3483 22.974 3
      vertex -42.4036 25.3606 3
      vertex -42.6089 23.1187 3
    endloop
  endfacet
  facet normal 0 0 1
    outer loop
      vertex -39.9361 25.466 3
      vertex -42.1869 25.5652 3
      vertex -39.8092 25.1962 3
    endloop
  endfacet
  facet normal 0 0 1
    outer loop
      vertex -39.8092 25.1962 3
      vertex -42.1869 25.5652 3
      vertex -42.4036 25.3606 3
    endloop
  endfacet
  facet normal 0 0 1
    outer loop
      vertex -39.9361 25.466 3
      vertex -39.9779 25.7611 3
      vertex -42.0401 25.8247 3
    endloop
  endfacet
  facet normal 0 0 1
    outer loop
      vertex -39.9779 25.7611 3
      vertex -41.9742 26.1727 3
      vertex -42.0401 25.8247 3
    endloop
  endfacet
  facet normal -0 0 1
    outer loop
      vertex -41.9742 26.1727 3
      vertex -39.9779 25.7611 3
      vertex -39.9028 34.0091 3
    endloop
  endfacet
  facet normal 0 0 1
    outer loop
      vertex -42.2724 34.7761 3
      vertex -42.0716 34.5558 3
      vertex -39.6846 34.6235 3
    endloop
  endfacet
  facet normal 0 0 1
    outer loop
      vertex -39.1976 34.9556 3
      vertex -42.5291 34.9275 3
      vertex -39.4661 34.8262 3
    endloop
  endfacet
  facet normal 0 0 1
    outer loop
      vertex -42.9029 35 3
      vertex -42.5291 34.9275 3
      vertex -39.1976 34.9556 3
    endloop
  endfacet
  facet normal -0 0 1
    outer loop
      vertex -42.9029 35 3
      vertex -39.1976 34.9556 3
      vertex -38.9028 35 3
    endloop
  endfacet
  facet normal 0 -0 1
    outer loop
      vertex -42.9029 35 3
      vertex -38.9028 35 3
      vertex -56 40 3
    endloop
  endfacet
  facet normal 0 -0 1
    outer loop
      vertex -28.8036 34.8262 3
      vertex -28.535 34.9556 3
      vertex -32.1262 34.9409 3
    endloop
  endfacet
  facet normal 0 -0 1
    outer loop
      vertex -29.2375 34.0747 3
      vertex -29.1712 34.3653 3
      vertex -31.5181 34.3218 3
    endloop
  endfacet
  facet normal 0 0 1
    outer loop
      vertex -2.91618 34.9482 3
      vertex -2.6508 34.8124 3
      vertex 0.208008 34.8262 3
    endloop
  endfacet
  facet normal 0 0 1
    outer loop
      vertex -31.5181 34.3218 3
      vertex -29.1871 33.6782 3
      vertex -29.2375 34.0747 3
    endloop
  endfacet
  facet normal -0 0 1
    outer loop
      vertex 39.9758 35 3
      vertex 40.2567 34.9597 3
      vertex 43.9917 35 3
    endloop
  endfacet
  facet normal -0 -0 1
    outer loop
      vertex -27.7843 23.1454 3
      vertex -25.3547 22.4017 3
      vertex -27.8372 23.4909 3
    endloop
  endfacet
  facet normal -0 -0 1
    outer loop
      vertex -27.9476 19.8439 3
      vertex -27.6995 19.6788 3
      vertex -28.1793 22.3727 3
    endloop
  endfacet
  facet normal 0 0 1
    outer loop
      vertex -27.9476 19.8439 3
      vertex -28.1793 22.3727 3
      vertex -28.1258 19.9075 3
    endloop
  endfacet
  facet normal 0 0 1
    outer loop
      vertex 42.1608 20.8004 3
      vertex 42.156 20.5793 3
      vertex 44.1872 20.5937 3
    endloop
  endfacet
  facet normal -0 0 1
    outer loop
      vertex -41.9368 11.4483 3
      vertex -39.4003 11.356 3
      vertex -39.6066 11.5711 3
    endloop
  endfacet
  facet normal -0 -0 1
    outer loop
      vertex -38.9996 22.6169 3
      vertex -38.703 22.5875 3
      vertex -39.2235 24.7826 3
    endloop
  endfacet
  facet normal 0 0 1
    outer loop
      vertex -28.1258 19.9075 3
      vertex -28.733 22.1704 3
      vertex -29.0296 22.1998 3
    endloop
  endfacet
  facet normal 0 0 1
    outer loop
      vertex -13.7782 24.4175 3
      vertex -13.9402 22.2064 3
      vertex -13.6605 22.1033 3
    endloop
  endfacet
  facet normal 0 0 1
    outer loop
      vertex -28.1793 22.3727 3
      vertex -28.4409 22.2299 3
      vertex -28.1258 19.9075 3
    endloop
  endfacet
  facet normal -0 0 1
    outer loop
      vertex -28.1793 22.3727 3
      vertex -27.6995 19.6788 3
      vertex -27.9714 22.5864 3
    endloop
  endfacet
  facet normal -0 0 1
    outer loop
      vertex -27.9714 22.5864 3
      vertex -25.3547 22.4017 3
      vertex -27.8357 22.8518 3
    endloop
  endfacet
  facet normal 0 0 1
    outer loop
      vertex -27.7843 23.1454 3
      vertex -27.8357 22.8518 3
      vertex -25.3547 22.4017 3
    endloop
  endfacet
  facet normal -0 -0 1
    outer loop
      vertex -27.8372 23.4909 3
      vertex -25.3547 22.4017 3
      vertex -29.1871 33.6782 3
    endloop
  endfacet
  facet normal 0 0 1
    outer loop
      vertex -27.8372 23.4909 3
      vertex -29.1871 33.6782 3
      vertex -31.5181 34.3218 3
    endloop
  endfacet
  facet normal 0 -0 1
    outer loop
      vertex -29.1712 34.3653 3
      vertex -29.0221 34.6235 3
      vertex -31.655 34.5866 3
    endloop
  endfacet
  facet normal 0 0 1
    outer loop
      vertex -31.8639 34.7992 3
      vertex -31.655 34.5866 3
      vertex -29.0221 34.6235 3
    endloop
  endfacet
  facet normal -0 0 1
    outer loop
      vertex -31.8639 34.7992 3
      vertex -29.0221 34.6235 3
      vertex -28.8036 34.8262 3
    endloop
  endfacet
  facet normal 0 0 1
    outer loop
      vertex -32.4649 35 3
      vertex -32.1262 34.9409 3
      vertex -28.535 34.9556 3
    endloop
  endfacet
  facet normal -0 0 1
    outer loop
      vertex -32.4649 35 3
      vertex -28.535 34.9556 3
      vertex -28.2403 35 3
    endloop
  endfacet
  facet normal 0 -0 1
    outer loop
      vertex -32.4649 35 3
      vertex -28.2403 35 3
      vertex -56 40 3
    endloop
  endfacet
  facet normal 0 -0 1
    outer loop
      vertex -14.8241 34.866 3
      vertex -11.5738 34.9556 3
      vertex -15.1015 34.9749 3
    endloop
  endfacet
  facet normal 0 -0 1
    outer loop
      vertex -15.1015 34.9749 3
      vertex -11.279 35 3
      vertex -15.3242 35 3
    endloop
  endfacet
  facet normal 0 0 1
    outer loop
      vertex -14.3353 34.149 3
      vertex -13.0378 25.5351 3
      vertex -12.2679 33.8511 3
    endloop
  endfacet
  facet normal 0 -0 1
    outer loop
      vertex 43.2099 34.6235 3
      vertex 43.4284 34.8262 3
      vertex 40.7485 34.6347 3
    endloop
  endfacet
  facet normal 0 0 1
    outer loop
      vertex -13.7782 24.4175 3
      vertex -14.3908 22.1957 3
      vertex -14.2378 22.2224 3
    endloop
  endfacet
  facet normal 0 0 1
    outer loop
      vertex 43.2099 34.6235 3
      vertex 40.7485 34.6347 3
      vertex 40.9013 34.3787 3
    endloop
  endfacet
  facet normal 0 0 1
    outer loop
      vertex 11.7675 18.2598 3
      vertex 11.6236 20.8237 3
      vertex 11.4052 20.6208 3
    endloop
  endfacet
  facet normal 0 0 1
    outer loop
      vertex 0.469589 21.0957 3
      vertex -1.91551 21.7572 3
      vertex -2.149 21.5719 3
    endloop
  endfacet
  facet normal -0 0 1
    outer loop
      vertex 42.156 20.5793 3
      vertex 44.2578 20.3041 3
      vertex 44.1872 20.5937 3
    endloop
  endfacet
  facet normal 0 0 1
    outer loop
      vertex 41.6796 19.854 3
      vertex 41.404 19.7404 3
      vertex 41.3626 17.5235 3
    endloop
  endfacet
  facet normal 0 -0 1
    outer loop
      vertex -30.9565 8.7682 3
      vertex -30.7661 10.9614 3
      vertex -31.2261 8.89526 3
    endloop
  endfacet
  facet normal 0 0 1
    outer loop
      vertex -27.6995 19.6788 3
      vertex -25.0089 21.9242 3
      vertex -25.2178 22.1369 3
    endloop
  endfacet
  facet normal 0 0 1
    outer loop
      vertex -25.2178 22.1369 3
      vertex -27.9714 22.5864 3
      vertex -27.6995 19.6788 3
    endloop
  endfacet
  facet normal 0 0 1
    outer loop
      vertex 44.4105 20.0481 3
      vertex 42.073 20.293 3
      vertex 41.9094 20.0439 3
    endloop
  endfacet
  facet normal -0 0 1
    outer loop
      vertex -27.3734 18.8746 3
      vertex -27.4364 18.5833 3
      vertex -25.1386 19.0012 3
    endloop
  endfacet
  facet normal -0 0 1
    outer loop
      vertex -14.2378 22.2224 3
      vertex -13.9402 22.2064 3
      vertex -13.7782 24.4175 3
    endloop
  endfacet
  facet normal 0 0 1
    outer loop
      vertex 0.410278 21.3879 3
      vertex -1.91551 21.7572 3
      vertex 0.469589 21.0957 3
    endloop
  endfacet
  facet normal 0 0 1
    outer loop
      vertex -13.5037 24.5338 3
      vertex -13.7782 24.4175 3
      vertex -13.6605 22.1033 3
    endloop
  endfacet
  facet normal -0 0 1
    outer loop
      vertex -13.2757 24.7258 3
      vertex -10.7069 24.6543 3
      vertex -10.8748 24.9007 3
    endloop
  endfacet
  facet normal -0 0 1
    outer loop
      vertex -2.43724 34.6045 3
      vertex -0.159546 34.3653 3
      vertex -0.010498 34.6235 3
    endloop
  endfacet
  facet normal 0 -0 1
    outer loop
      vertex -2.43724 34.6045 3
      vertex -0.010498 34.6235 3
      vertex -2.6508 34.8124 3
    endloop
  endfacet
  facet normal 0 0 1
    outer loop
      vertex 40.2567 34.9597 3
      vertex 40.5271 34.8343 3
      vertex 43.697 34.9556 3
    endloop
  endfacet
  facet normal 0 0 1
    outer loop
      vertex -14.4231 34.4338 3
      vertex -14.3353 34.149 3
      vertex -12.2099 34.3653 3
    endloop
  endfacet
  facet normal -0 0 1
    outer loop
      vertex -14.4231 34.4338 3
      vertex -12.2099 34.3653 3
      vertex -12.0609 34.6235 3
    endloop
  endfacet
  facet normal 0 0 1
    outer loop
      vertex 0.771332 35 3
      vertex -56 40 3
      vertex -3.23386 35 3
    endloop
  endfacet
  facet normal 0 -0 1
    outer loop
      vertex -14.4231 34.4338 3
      vertex -12.0609 34.6235 3
      vertex -14.591 34.6801 3
    endloop
  endfacet
  facet normal 0 0 1
    outer loop
      vertex 32.2757 35 3
      vertex 39.9758 35 3
      vertex 56 40 3
    endloop
  endfacet
  facet normal 0 -0 1
    outer loop
      vertex 40.7485 34.6347 3
      vertex 43.4284 34.8262 3
      vertex 40.5271 34.8343 3
    endloop
  endfacet
  facet normal -0 0 1
    outer loop
      vertex 40.5271 34.8343 3
      vertex 43.4284 34.8262 3
      vertex 43.697 34.9556 3
    endloop
  endfacet
  facet normal -0 0 1
    outer loop
      vertex 40.9013 34.3787 3
      vertex 43.0609 34.3653 3
      vertex 43.2099 34.6235 3
    endloop
  endfacet
  facet normal 0 0 1
    outer loop
      vertex 40.9013 34.3787 3
      vertex 40.9718 34.0891 3
      vertex 43.0609 34.3653 3
    endloop
  endfacet
  facet normal -0 0 1
    outer loop
      vertex 40.9718 34.0891 3
      vertex 42.9945 34.0747 3
      vertex 43.0609 34.3653 3
    endloop
  endfacet
  facet normal 0 0 1
    outer loop
      vertex 42.9957 33.9109 3
      vertex 42.9945 34.0747 3
      vertex 40.9718 34.0891 3
    endloop
  endfacet
  facet normal 0 0 1
    outer loop
      vertex 44.1872 20.5937 3
      vertex 42.9957 33.9109 3
      vertex 42.1608 20.8004 3
    endloop
  endfacet
  facet normal 0 0 1
    outer loop
      vertex 42.073 20.293 3
      vertex 44.2578 20.3041 3
      vertex 42.156 20.5793 3
    endloop
  endfacet
  facet normal 0 0 1
    outer loop
      vertex 44.4105 20.0481 3
      vertex 44.2578 20.3041 3
      vertex 42.073 20.293 3
    endloop
  endfacet
  facet normal 0 0 1
    outer loop
      vertex 41.6796 19.854 3
      vertex 41.5701 17.3095 3
      vertex 44.0818 17.2417 3
    endloop
  endfacet
  facet normal -0 0 1
    outer loop
      vertex 41.3626 17.5235 3
      vertex 41.5701 17.3095 3
      vertex 41.6796 19.854 3
    endloop
  endfacet
  facet normal 0 0 1
    outer loop
      vertex 27.1885 8.56279 3
      vertex 29.7808 8.24409 3
      vertex 29.6532 8.51349 3
    endloop
  endfacet
  facet normal -0 0 1
    outer loop
      vertex 41.1072 19.713 3
      vertex 41.1013 17.6669 3
      vertex 41.404 19.7404 3
    endloop
  endfacet
  facet normal -0 0 1
    outer loop
      vertex -2.72404 21.442 3
      vertex -2.36942 19.1036 3
      vertex -2.42674 21.4636 3
    endloop
  endfacet
  facet normal 0 0 1
    outer loop
      vertex -2.21997 19.0296 3
      vertex 0.469589 21.0957 3
      vertex -2.149 21.5719 3
    endloop
  endfacet
  facet normal -0 0 1
    outer loop
      vertex -42.5316 8.81342 3
      vertex -42.2887 8.64066 3
      vertex -42.3806 11.0603 3
    endloop
  endfacet
  facet normal 0 0 1
    outer loop
      vertex -13.2757 24.7258 3
      vertex -10.8748 24.9007 3
      vertex -13.1144 24.9765 3
    endloop
  endfacet
  facet normal 0 0 1
    outer loop
      vertex -10.8748 24.9007 3
      vertex -10.9626 25.1855 3
      vertex -13.1144 24.9765 3
    endloop
  endfacet
  facet normal 0 0 1
    outer loop
      vertex -13.0378 25.5351 3
      vertex -13.0342 25.2636 3
      vertex -10.9626 25.1855 3
    endloop
  endfacet
  facet normal 0 0 1
    outer loop
      vertex -10.9626 25.1855 3
      vertex -13.0342 25.2636 3
      vertex -13.1144 24.9765 3
    endloop
  endfacet
  facet normal 0 0 1
    outer loop
      vertex -12.2679 33.8511 3
      vertex -13.0378 25.5351 3
      vertex -10.9626 25.1855 3
    endloop
  endfacet
  facet normal 0 0 1
    outer loop
      vertex -14.3353 34.149 3
      vertex -12.2679 33.8511 3
      vertex -12.2762 34.0747 3
    endloop
  endfacet
  facet normal 0 -0 1
    outer loop
      vertex 13.4835 34.4441 3
      vertex 15.8442 34.6235 3
      vertex 13.3128 34.6885 3
    endloop
  endfacet
  facet normal -0 0 1
    outer loop
      vertex -14.591 34.6801 3
      vertex -12.0609 34.6235 3
      vertex -11.8423 34.8262 3
    endloop
  endfacet
  facet normal 0 -0 1
    outer loop
      vertex -14.591 34.6801 3
      vertex -11.8423 34.8262 3
      vertex -14.8241 34.866 3
    endloop
  endfacet
  facet normal 0 0 1
    outer loop
      vertex -11.5738 34.9556 3
      vertex -14.8241 34.866 3
      vertex -11.8423 34.8262 3
    endloop
  endfacet
  facet normal 0 0 1
    outer loop
      vertex -11.279 35 3
      vertex -15.1015 34.9749 3
      vertex -11.5738 34.9556 3
    endloop
  endfacet
  facet normal 0 0 1
    outer loop
      vertex -56 40 3
      vertex -11.279 35 3
      vertex -3.23386 35 3
    endloop
  endfacet
  facet normal 0 0 1
    outer loop
      vertex -56 40 3
      vertex -15.3242 35 3
      vertex -11.279 35 3
    endloop
  endfacet
  facet normal 0 0 1
    outer loop
      vertex 0.771332 35 3
      vertex 12.5875 35 3
      vertex 56 40 3
    endloop
  endfacet
  facet normal 0 0 1
    outer loop
      vertex -0.159546 34.3653 3
      vertex -2.43724 34.6045 3
      vertex -2.29445 34.3428 3
    endloop
  endfacet
  facet normal 0 0 1
    outer loop
      vertex -0.159546 34.3653 3
      vertex -2.29445 34.3428 3
      vertex -2.23514 34.0507 3
    endloop
  endfacet
  facet normal 0 0 1
    outer loop
      vertex -0.159546 34.3653 3
      vertex -2.23514 34.0507 3
      vertex -0.227386 33.9493 3
    endloop
  endfacet
  facet normal -0 0 1
    outer loop
      vertex 28.4421 34.9197 3
      vertex 31.7124 34.8262 3
      vertex 31.9809 34.9556 3
    endloop
  endfacet
  facet normal 0 0 1
    outer loop
      vertex 28.9959 33.6772 3
      vertex 24.7681 21.2824 3
      vertex 27.0554 21.7932 3
    endloop
  endfacet
  facet normal -0 0 1
    outer loop
      vertex -2.42674 21.4636 3
      vertex -2.36942 19.1036 3
      vertex -2.149 21.5719 3
    endloop
  endfacet
  facet normal 0 0 1
    outer loop
      vertex 11.502 18.3953 3
      vertex 11.4052 20.6208 3
      vertex 11.1368 20.4912 3
    endloop
  endfacet
  facet normal -0 0 1
    outer loop
      vertex 24.7681 21.2824 3
      vertex 27.038 21.2039 3
      vertex 27.0023 21.4999 3
    endloop
  endfacet
  facet normal 0 0 1
    outer loop
      vertex 24.7681 21.2824 3
      vertex 27.1593 20.9317 3
      vertex 27.038 21.2039 3
    endloop
  endfacet
  facet normal 0 0 1
    outer loop
      vertex -12.3559 8.72568 3
      vertex -12.5289 8.9684 3
      vertex -14.8143 8.92299 3
    endloop
  endfacet
  facet normal -0 -0 1
    outer loop
      vertex 11.1843 18.4468 3
      vertex 11.502 18.3953 3
      vertex 11.1368 20.4912 3
    endloop
  endfacet
  facet normal -0 0 1
    outer loop
      vertex -2.21997 19.0296 3
      vertex -1.99062 18.8392 3
      vertex 0.469589 21.0957 3
    endloop
  endfacet
  facet normal -0 0 1
    outer loop
      vertex -2.36942 19.1036 3
      vertex -2.21997 19.0296 3
      vertex -2.149 21.5719 3
    endloop
  endfacet
  facet normal -0 0 1
    outer loop
      vertex -1.91551 21.7572 3
      vertex 0.410278 21.3879 3
      vertex -1.74702 22.0031 3
    endloop
  endfacet
  facet normal 0 0 1
    outer loop
      vertex -1.64825 22.4898 3
      vertex -1.65849 22.2877 3
      vertex 0.410278 21.3879 3
    endloop
  endfacet
  facet normal 0 0 1
    outer loop
      vertex 0.410278 21.3879 3
      vertex -1.65849 22.2877 3
      vertex -1.74702 22.0031 3
    endloop
  endfacet
  facet normal 0 0 1
    outer loop
      vertex -0.227386 33.9493 3
      vertex -1.64825 22.4898 3
      vertex 0.410278 21.3879 3
    endloop
  endfacet
  facet normal 0 0 1
    outer loop
      vertex -2.23514 34.0507 3
      vertex -1.64825 22.4898 3
      vertex -0.227386 33.9493 3
    endloop
  endfacet
  facet normal 0 -0 1
    outer loop
      vertex -0.010498 34.6235 3
      vertex 0.208008 34.8262 3
      vertex -2.6508 34.8124 3
    endloop
  endfacet
  facet normal -0 0 1
    outer loop
      vertex -2.91618 34.9482 3
      vertex 0.208008 34.8262 3
      vertex 0.476578 34.9556 3
    endloop
  endfacet
  facet normal 0 0 1
    outer loop
      vertex -3.23386 35 3
      vertex -2.91618 34.9482 3
      vertex 0.476578 34.9556 3
    endloop
  endfacet
  facet normal -0 0 1
    outer loop
      vertex -56 40 3
      vertex 0.771332 35 3
      vertex 56 40 3
    endloop
  endfacet
  facet normal -0 0 1
    outer loop
      vertex -3.23386 35 3
      vertex 0.476578 34.9556 3
      vertex 0.771332 35 3
    endloop
  endfacet
  facet normal 0 0 1
    outer loop
      vertex 12.7989 34.9774 3
      vertex 13.0776 34.8717 3
      vertex 16.3313 34.9556 3
    endloop
  endfacet
  facet normal 0 0 1
    outer loop
      vertex 15.8442 34.6235 3
      vertex 13.4835 34.4441 3
      vertex 15.6952 34.3653 3
    endloop
  endfacet
  facet normal 0 0 1
    outer loop
      vertex 28.0494 35 3
      vertex 28.4421 34.9197 3
      vertex 31.9809 34.9556 3
    endloop
  endfacet
  facet normal 0 -0 1
    outer loop
      vertex 13.5746 34.1603 3
      vertex 15.6952 34.3653 3
      vertex 13.4835 34.4441 3
    endloop
  endfacet
  facet normal -0 0 1
    outer loop
      vertex 11.6236 20.8237 3
      vertex 14.1592 20.7919 3
      vertex 13.9884 21.0363 3
    endloop
  endfacet
  facet normal 0 0 1
    outer loop
      vertex 24.7681 21.2824 3
      vertex 24.6121 20.9928 3
      vertex 27.1593 20.9317 3
    endloop
  endfacet
  facet normal 0 0 1
    outer loop
      vertex 11.1843 18.4468 3
      vertex 10.8421 20.4465 3
      vertex 1.19455 18.4384 3
    endloop
  endfacet
  facet normal 0 0 1
    outer loop
      vertex 24.6121 20.9928 3
      vertex 27.3556 20.7072 3
      vertex 27.1593 20.9317 3
    endloop
  endfacet
  facet normal -0 0 1
    outer loop
      vertex 24.3964 20.787 3
      vertex 24.4081 18.3821 3
      vertex 24.6121 20.9928 3
    endloop
  endfacet
  facet normal 0 0 1
    outer loop
      vertex -15.2564 8.533 3
      vertex -15.6689 6.39847 3
      vertex -15.2734 6.23581 3
    endloop
  endfacet
  facet normal 0 0 1
    outer loop
      vertex -15.006 8.69467 3
      vertex -15.2564 8.533 3
      vertex -15.2734 6.23581 3
    endloop
  endfacet
  facet normal -0 0 1
    outer loop
      vertex 24.1297 20.6539 3
      vertex 24.151 18.5328 3
      vertex 24.3964 20.787 3
    endloop
  endfacet
  facet normal 0 0 1
    outer loop
      vertex -12.119 8.54472 3
      vertex -12.243 6.27527 3
      vertex -11.9562 6.35645 3
    endloop
  endfacet
  facet normal -0 0 1
    outer loop
      vertex 10.8421 20.4465 3
      vertex 11.1843 18.4468 3
      vertex 11.1368 20.4912 3
    endloop
  endfacet
  facet normal 0 0 1
    outer loop
      vertex 11.6236 20.8237 3
      vertex 13.9884 21.0363 3
      vertex 11.7724 21.082 3
    endloop
  endfacet
  facet normal 0 0 1
    outer loop
      vertex 13.9884 21.0363 3
      vertex 13.8974 21.3201 3
      vertex 11.7724 21.082 3
    endloop
  endfacet
  facet normal 0 0 1
    outer loop
      vertex 13.8974 21.3201 3
      vertex 11.8317 21.3087 3
      vertex 11.7724 21.082 3
    endloop
  endfacet
  facet normal 0 0 1
    outer loop
      vertex 13.894 21.6181 3
      vertex 11.8317 21.3087 3
      vertex 13.8974 21.3201 3
    endloop
  endfacet
  facet normal 0 0 1
    outer loop
      vertex 13.578 33.8622 3
      vertex 11.8317 21.3087 3
      vertex 13.894 21.6181 3
    endloop
  endfacet
  facet normal 0 -0 1
    outer loop
      vertex 13.894 21.6181 3
      vertex 15.6356 34.1378 3
      vertex 13.578 33.8622 3
    endloop
  endfacet
  facet normal 0 0 1
    outer loop
      vertex 28.4421 34.9197 3
      vertex 28.6957 34.7631 3
      vertex 31.7124 34.8262 3
    endloop
  endfacet
  facet normal 0 -0 1
    outer loop
      vertex 15.8442 34.6235 3
      vertex 16.0627 34.8262 3
      vertex 13.3128 34.6885 3
    endloop
  endfacet
  facet normal 0 0 1
    outer loop
      vertex 16.0627 34.8262 3
      vertex 13.0776 34.8717 3
      vertex 13.3128 34.6885 3
    endloop
  endfacet
  facet normal 0 0 1
    outer loop
      vertex 56 40 3
      vertex 16.626 35 3
      vertex 28.0494 35 3
    endloop
  endfacet
  facet normal 0 0 1
    outer loop
      vertex 16.3313 34.9556 3
      vertex 13.0776 34.8717 3
      vertex 16.0627 34.8262 3
    endloop
  endfacet
  facet normal 0 0 1
    outer loop
      vertex 16.626 35 3
      vertex 12.7989 34.9774 3
      vertex 16.3313 34.9556 3
    endloop
  endfacet
  facet normal 0 0 1
    outer loop
      vertex 12.5875 35 3
      vertex 16.626 35 3
      vertex 56 40 3
    endloop
  endfacet
  facet normal -0 0 1
    outer loop
      vertex 12.5875 35 3
      vertex 12.7989 34.9774 3
      vertex 16.626 35 3
    endloop
  endfacet
  facet normal 0 0 1
    outer loop
      vertex 32.2757 35 3
      vertex 28.0494 35 3
      vertex 31.9809 34.9556 3
    endloop
  endfacet
  facet normal 0 -0 1
    outer loop
      vertex 32.2757 35 3
      vertex 56 40 3
      vertex 28.0494 35 3
    endloop
  endfacet
  facet normal -0 0 1
    outer loop
      vertex 28.6957 34.7631 3
      vertex 31.4939 34.6235 3
      vertex 31.7124 34.8262 3
    endloop
  endfacet
  facet normal 0 -0 1
    outer loop
      vertex 28.8919 34.5387 3
      vertex 31.4939 34.6235 3
      vertex 28.6957 34.7631 3
    endloop
  endfacet
  facet normal 0 -0 1
    outer loop
      vertex 31.3292 34.3228 3
      vertex 31.4939 34.6235 3
      vertex 28.8919 34.5387 3
    endloop
  endfacet
  facet normal 0 0 1
    outer loop
      vertex 31.3292 34.3228 3
      vertex 28.8919 34.5387 3
      vertex 29.0133 34.2664 3
    endloop
  endfacet
  facet normal 0 0 1
    outer loop
      vertex 31.3292 34.3228 3
      vertex 29.049 33.9705 3
      vertex 28.9959 33.6772 3
    endloop
  endfacet
  facet normal 0 0 1
    outer loop
      vertex 31.3292 34.3228 3
      vertex 29.0133 34.2664 3
      vertex 29.049 33.9705 3
    endloop
  endfacet
  facet normal 0 0 1
    outer loop
      vertex 27.0554 21.7932 3
      vertex 31.3292 34.3228 3
      vertex 28.9959 33.6772 3
    endloop
  endfacet
  facet normal 0 0 1
    outer loop
      vertex 27.0554 21.7932 3
      vertex 24.7681 21.2824 3
      vertex 27.0023 21.4999 3
    endloop
  endfacet
  facet normal 0 0 1
    outer loop
      vertex 24.4081 18.3821 3
      vertex 24.3964 20.787 3
      vertex 24.151 18.5328 3
    endloop
  endfacet
  facet normal 0 0 1
    outer loop
      vertex 24.151 18.5328 3
      vertex 24.1297 20.6539 3
      vertex 23.8356 20.6054 3
    endloop
  endfacet
  facet normal 0 0 1
    outer loop
      vertex 24.151 18.5328 3
      vertex 23.8356 20.6054 3
      vertex 23.7657 18.6042 3
    endloop
  endfacet
  facet normal 0 0 1
    outer loop
      vertex 24.4081 18.3821 3
      vertex 27.3556 20.7072 3
      vertex 24.6121 20.9928 3
    endloop
  endfacet
  facet normal -0 -0 1
    outer loop
      vertex 11.502 18.3953 3
      vertex 11.7675 18.2598 3
      vertex 11.4052 20.6208 3
    endloop
  endfacet
  facet normal 0 0 1
    outer loop
      vertex -30.4939 11.083 3
      vertex -30.9565 8.7682 3
      vertex -30.7363 8.56731 3
    endloop
  endfacet
  facet normal 0 0 1
    outer loop
      vertex -54.6235 25.3034 3
      vertex -54.5705 22.9063 3
      vertex -54.3653 25.1543 3
    endloop
  endfacet
  facet normal -0 0 1
    outer loop
      vertex -43.3806 -6.55959 3
      vertex -41.1806 -6.6783 3
      vertex -41.284 -6.39873 3
    endloop
  endfacet
  facet normal 0 0 1
    outer loop
      vertex -54.9556 10.3277 3
      vertex -54.9679 6.84486 3
      vertex -54.8508 7.11899 3
    endloop
  endfacet
  facet normal 0 0 1
    outer loop
      vertex -55 10.6225 3
      vertex -54.9679 6.84486 3
      vertex -54.9556 10.3277 3
    endloop
  endfacet
  facet normal 0 0 1
    outer loop
      vertex -55 6.59352 3
      vertex -54.9679 6.84486 3
      vertex -55 10.6225 3
    endloop
  endfacet
  facet normal 0 0 1
    outer loop
      vertex -55 22.0851 3
      vertex -60 36 3
      vertex -55 10.6225 3
    endloop
  endfacet
  facet normal 0 0 1
    outer loop
      vertex -54.9556 25.7904 3
      vertex -55 26.0852 3
      vertex -55 22.0851 3
    endloop
  endfacet
  facet normal 0 -0 1
    outer loop
      vertex -54.7873 22.7017 3
      vertex -54.6235 25.3034 3
      vertex -54.8262 25.5219 3
    endloop
  endfacet
  facet normal 0 0 1
    outer loop
      vertex -54.5705 22.9063 3
      vertex -54.3031 23.038 3
      vertex -54.3653 25.1543 3
    endloop
  endfacet
  facet normal 0 -0 1
    outer loop
      vertex -54.3031 23.038 3
      vertex -53.9912 25.0852 3
      vertex -54.3653 25.1543 3
    endloop
  endfacet
  facet normal 0 -0 1
    outer loop
      vertex -54.0088 23.085 3
      vertex -53.9912 25.0852 3
      vertex -54.3031 23.038 3
    endloop
  endfacet
  facet normal 0 0 1
    outer loop
      vertex -42.9674 23.1818 3
      vertex -53.9912 25.0852 3
      vertex -54.0088 23.085 3
    endloop
  endfacet
  facet normal 0 -0 1
    outer loop
      vertex -42.3483 22.974 3
      vertex -39.8092 25.1962 3
      vertex -42.4036 25.3606 3
    endloop
  endfacet
  facet normal 0 0 1
    outer loop
      vertex -42.9654 25.1819 3
      vertex -53.9912 25.0852 3
      vertex -42.9674 23.1818 3
    endloop
  endfacet
  facet normal 0 0 1
    outer loop
      vertex -42.142 22.7589 3
      vertex -39.6085 24.9759 3
      vertex -39.8092 25.1962 3
    endloop
  endfacet
  facet normal 0 0 1
    outer loop
      vertex -42.0081 22.4926 3
      vertex -39.8969 21.9355 3
      vertex -39.7612 22.2009 3
    endloop
  endfacet
  facet normal -0 -0 1
    outer loop
      vertex -41.9588 22.1986 3
      vertex -39.8969 21.9355 3
      vertex -42.0081 22.4926 3
    endloop
  endfacet
  facet normal 0 -0 1
    outer loop
      vertex -39.9485 21.6014 3
      vertex -39.8969 21.9355 3
      vertex -41.9588 22.1986 3
    endloop
  endfacet
  facet normal 0 0 1
    outer loop
      vertex -39.7898 12.1314 3
      vertex -39.9485 21.6014 3
      vertex -41.7878 11.9905 3
    endloop
  endfacet
  facet normal 0 -0 1
    outer loop
      vertex -42.8147 8.90691 3
      vertex -42.668 10.9809 3
      vertex -43.1029 8.91403 3
    endloop
  endfacet
  facet normal 0 0 1
    outer loop
      vertex -25.0089 21.9242 3
      vertex -27.6995 19.6788 3
      vertex -27.511 19.4479 3
    endloop
  endfacet
  facet normal 0 0 1
    outer loop
      vertex -31.062 10.9255 3
      vertex -31.484 8.93683 3
      vertex -31.2261 8.89526 3
    endloop
  endfacet
  facet normal 0 0 1
    outer loop
      vertex -54.6581 7.34642 3
      vertex -54.407 7.50696 3
      vertex -54.6235 9.84062 3
    endloop
  endfacet
  facet normal 0 0 1
    outer loop
      vertex -39.7071 8.7966 3
      vertex -42.1295 11.2208 3
      vertex -42.2887 8.64066 3
    endloop
  endfacet
  facet normal 0 0 1
    outer loop
      vertex -40.9995 -6.91499 3
      vertex -41.0863 -9.35596 3
      vertex -40.7565 -7.08775 3
    endloop
  endfacet
  facet normal 0 0 1
    outer loop
      vertex -41.284 -6.39873 3
      vertex -43.3311 -6.33025 3
      vertex -43.3806 -6.55959 3
    endloop
  endfacet
  facet normal 0 0 1
    outer loop
      vertex -10.8576 21.7756 3
      vertex -13.2757 24.7258 3
      vertex -13.4236 21.9223 3
    endloop
  endfacet
  facet normal 0 0 1
    outer loop
      vertex -42.1295 11.2208 3
      vertex -42.3806 11.0603 3
      vertex -42.2887 8.64066 3
    endloop
  endfacet
  facet normal -0 -0 1
    outer loop
      vertex -38.703 22.5875 3
      vertex -29.0296 22.1998 3
      vertex -39.2235 24.7826 3
    endloop
  endfacet
  facet normal 0 0 1
    outer loop
      vertex -39.4828 8.99298 3
      vertex -42.1295 11.2208 3
      vertex -39.7071 8.7966 3
    endloop
  endfacet
  facet normal 0 0 1
    outer loop
      vertex -39.6066 11.5711 3
      vertex -39.7405 11.8374 3
      vertex -41.8197 11.7224 3
    endloop
  endfacet
  facet normal 0 0 1
    outer loop
      vertex -39.7405 11.8374 3
      vertex -41.7878 11.9905 3
      vertex -41.8197 11.7224 3
    endloop
  endfacet
  facet normal 0 0 1
    outer loop
      vertex -39.7898 12.1314 3
      vertex -41.7878 11.9905 3
      vertex -39.7405 11.8374 3
    endloop
  endfacet
  facet normal 0 0 1
    outer loop
      vertex -39.9485 21.6014 3
      vertex -41.9588 22.1986 3
      vertex -41.7878 11.9905 3
    endloop
  endfacet
  facet normal -0 -0 1
    outer loop
      vertex -42.0081 22.4926 3
      vertex -39.7612 22.2009 3
      vertex -42.142 22.7589 3
    endloop
  endfacet
  facet normal 0 -0 1
    outer loop
      vertex -39.7612 22.2009 3
      vertex -39.5534 22.4146 3
      vertex -42.142 22.7589 3
    endloop
  endfacet
  facet normal 0 0 1
    outer loop
      vertex -39.6085 24.9759 3
      vertex -42.142 22.7589 3
      vertex -39.5534 22.4146 3
    endloop
  endfacet
  facet normal 0 0 1
    outer loop
      vertex -39.6085 24.9759 3
      vertex -39.5534 22.4146 3
      vertex -39.2917 22.5574 3
    endloop
  endfacet
  facet normal 0 0 1
    outer loop
      vertex -39.6085 24.9759 3
      vertex -39.2917 22.5574 3
      vertex -39.2235 24.7826 3
    endloop
  endfacet
  facet normal 0 0 1
    outer loop
      vertex -39.2917 22.5574 3
      vertex -38.9996 22.6169 3
      vertex -39.2235 24.7826 3
    endloop
  endfacet
  facet normal -0 0 1
    outer loop
      vertex -28.733 22.1704 3
      vertex -28.1258 19.9075 3
      vertex -28.4409 22.2299 3
    endloop
  endfacet
  facet normal 0 -0 1
    outer loop
      vertex -25.1386 19.0012 3
      vertex -24.9546 19.3067 3
      vertex -27.511 19.4479 3
    endloop
  endfacet
  facet normal 0 0 1
    outer loop
      vertex -25.1386 19.0012 3
      vertex -27.511 19.4479 3
      vertex -27.399 19.1716 3
    endloop
  endfacet
  facet normal 0 0 1
    outer loop
      vertex -24.9546 19.3067 3
      vertex -25.0089 21.9242 3
      vertex -27.511 19.4479 3
    endloop
  endfacet
  facet normal 0 0 1
    outer loop
      vertex -27.399 19.1716 3
      vertex -27.3734 18.8746 3
      vertex -25.1386 19.0012 3
    endloop
  endfacet
  facet normal 0 0 1
    outer loop
      vertex -24.7266 19.4987 3
      vertex -25.0089 21.9242 3
      vertex -24.9546 19.3067 3
    endloop
  endfacet
  facet normal -0 0 1
    outer loop
      vertex -30.4939 11.083 3
      vertex -27.8013 10.9248 3
      vertex -30.2697 11.2794 3
    endloop
  endfacet
  facet normal 0 0 1
    outer loop
      vertex -25.1386 19.0012 3
      vertex -27.4364 18.5833 3
      vertex -27.8759 11.7894 3
    endloop
  endfacet
  facet normal 0 0 1
    outer loop
      vertex 14.3694 10.3114 3
      vertex 14.1552 10.1042 3
      vertex 14.2757 7.69055 3
    endloop
  endfacet
  facet normal 0 0 1
    outer loop
      vertex -39.1397 11.2113 3
      vertex -38.9147 9.15048 3
      vertex -38.8187 11.1486 3
    endloop
  endfacet
  facet normal 0 0 1
    outer loop
      vertex -27.6129 10.6939 3
      vertex -28.121 8.21413 3
      vertex -27.8705 8.37579 3
    endloop
  endfacet
  facet normal 0 0 1
    outer loop
      vertex -1.74536 18.3031 3
      vertex -1.75124 18.0051 3
      vertex 0.264206 17.8029 3
    endloop
  endfacet
  facet normal 0 0 1
    outer loop
      vertex 0.612381 20.8341 3
      vertex 0.469589 21.0957 3
      vertex -1.99062 18.8392 3
    endloop
  endfacet
  facet normal 0 0 1
    outer loop
      vertex -41.3957 -22.714 3
      vertex -41.5943 -22.4917 3
      vertex -43.8341 -24.8461 3
    endloop
  endfacet
  facet normal 0 0 1
    outer loop
      vertex -30.9565 8.7682 3
      vertex -30.4939 11.083 3
      vertex -30.7661 10.9614 3
    endloop
  endfacet
  facet normal 0 0 1
    outer loop
      vertex -24.4521 19.615 3
      vertex -14.3908 22.1957 3
      vertex -24.1594 21.7548 3
    endloop
  endfacet
  facet normal 0 0 1
    outer loop
      vertex -31.2261 8.89526 3
      vertex -30.7661 10.9614 3
      vertex -31.062 10.9255 3
    endloop
  endfacet
  facet normal 0 -0 1
    outer loop
      vertex -27.8759 11.7894 3
      vertex -27.4364 18.5833 3
      vertex -30.0983 11.5702 3
    endloop
  endfacet
  facet normal 0 0 1
    outer loop
      vertex -27.8013 10.9248 3
      vertex -27.9134 11.2011 3
      vertex -30.2697 11.2794 3
    endloop
  endfacet
  facet normal 0 0 1
    outer loop
      vertex -27.9134 11.2011 3
      vertex -30.0983 11.5702 3
      vertex -30.2697 11.2794 3
    endloop
  endfacet
  facet normal 0 0 1
    outer loop
      vertex -27.939 11.498 3
      vertex -30.0983 11.5702 3
      vertex -27.9134 11.2011 3
    endloop
  endfacet
  facet normal 0 0 1
    outer loop
      vertex -27.8759 11.7894 3
      vertex -30.0983 11.5702 3
      vertex -27.939 11.498 3
    endloop
  endfacet
  facet normal 0 0 1
    outer loop
      vertex -25.0089 21.9242 3
      vertex -24.7266 19.4987 3
      vertex -24.7467 21.7826 3
    endloop
  endfacet
  facet normal 0 -0 1
    outer loop
      vertex -24.7266 19.4987 3
      vertex -24.4521 19.615 3
      vertex -24.7467 21.7826 3
    endloop
  endfacet
  facet normal 0 0 1
    outer loop
      vertex -24.1594 21.7548 3
      vertex -24.4543 21.7245 3
      vertex -24.4521 19.615 3
    endloop
  endfacet
  facet normal 0 0 1
    outer loop
      vertex -24.4521 19.615 3
      vertex -24.4543 21.7245 3
      vertex -24.7467 21.7826 3
    endloop
  endfacet
  facet normal 0 -0 1
    outer loop
      vertex -14.3908 22.1957 3
      vertex -13.7782 24.4175 3
      vertex -24.1594 21.7548 3
    endloop
  endfacet
  facet normal -0 0 1
    outer loop
      vertex -13.6605 22.1033 3
      vertex -13.4236 21.9223 3
      vertex -13.5037 24.5338 3
    endloop
  endfacet
  facet normal 0 -0 1
    outer loop
      vertex -13.4236 21.9223 3
      vertex -13.2757 24.7258 3
      vertex -13.5037 24.5338 3
    endloop
  endfacet
  facet normal 0 0 1
    outer loop
      vertex -11.0261 21.5297 3
      vertex -13.2506 21.6796 3
      vertex -13.1568 21.3967 3
    endloop
  endfacet
  facet normal 0 0 1
    outer loop
      vertex -10.8576 21.7756 3
      vertex -13.2506 21.6796 3
      vertex -11.0261 21.5297 3
    endloop
  endfacet
  facet normal -0 0 1
    outer loop
      vertex -13.1568 21.3967 3
      vertex -11.1179 21.2221 3
      vertex -11.0261 21.5297 3
    endloop
  endfacet
  facet normal 0 -0 1
    outer loop
      vertex -13.1506 21.0986 3
      vertex -11.1179 21.2221 3
      vertex -13.1568 21.3967 3
    endloop
  endfacet
  facet normal 0 0 1
    outer loop
      vertex -13.4236 21.9223 3
      vertex -13.2506 21.6796 3
      vertex -10.8576 21.7756 3
    endloop
  endfacet
  facet normal 0 0 1
    outer loop
      vertex -2.36942 19.1036 3
      vertex -3.0145 21.509 3
      vertex -9.75865 22.0237 3
    endloop
  endfacet
  facet normal 0 0 1
    outer loop
      vertex 0.612381 20.8341 3
      vertex -1.99062 18.8392 3
      vertex -1.82759 18.5897 3
    endloop
  endfacet
  facet normal 0 0 1
    outer loop
      vertex -15.006 8.69467 3
      vertex -15.2734 6.23581 3
      vertex -15.0564 6.03146 3
    endloop
  endfacet
  facet normal -0 0 1
    outer loop
      vertex -29.5482 -7.01035 3
      vertex -27.0603 -7.25737 3
      vertex -27.2115 -7.00049 3
    endloop
  endfacet
  facet normal -0 0 1
    outer loop
      vertex -15.0564 6.03146 3
      vertex -12.6844 5.88449 3
      vertex -12.4931 6.11314 3
    endloop
  endfacet
  facet normal -0 0 1
    outer loop
      vertex -15.5434 8.45232 3
      vertex -15.6689 6.39847 3
      vertex -15.2564 8.533 3
    endloop
  endfacet
  facet normal 0 0 1
    outer loop
      vertex -15.006 8.69467 3
      vertex -12.3559 8.72568 3
      vertex -14.8143 8.92299 3
    endloop
  endfacet
  facet normal 0 0 1
    outer loop
      vertex -12.5289 8.9684 3
      vertex -14.6758 9.31621 3
      vertex -14.8143 8.92299 3
    endloop
  endfacet
  facet normal 0 0 1
    outer loop
      vertex -12.6227 9.25134 3
      vertex -14.6758 9.31621 3
      vertex -12.5289 8.9684 3
    endloop
  endfacet
  facet normal 0 0 1
    outer loop
      vertex -12.6289 9.54936 3
      vertex -14.6758 9.31621 3
      vertex -12.6227 9.25134 3
    endloop
  endfacet
  facet normal 0 0 1
    outer loop
      vertex -14.6758 9.31621 3
      vertex -12.6289 9.54936 3
      vertex -13.1506 21.0986 3
    endloop
  endfacet
  facet normal 0 -0 1
    outer loop
      vertex -12.6289 9.54936 3
      vertex -11.1179 21.2221 3
      vertex -13.1506 21.0986 3
    endloop
  endfacet
  facet normal 0 0 1
    outer loop
      vertex -13.2757 24.7258 3
      vertex -10.8576 21.7756 3
      vertex -10.7069 24.6543 3
    endloop
  endfacet
  facet normal 0 0 1
    outer loop
      vertex -10.8576 21.7756 3
      vertex -10.6241 21.9609 3
      vertex -10.7069 24.6543 3
    endloop
  endfacet
  facet normal 0 -0 1
    outer loop
      vertex -10.6241 21.9609 3
      vertex -10.3413 24.4044 3
      vertex -10.7069 24.6543 3
    endloop
  endfacet
  facet normal 0 -0 1
    outer loop
      vertex -10.3464 22.0691 3
      vertex -10.3413 24.4044 3
      vertex -10.6241 21.9609 3
    endloop
  endfacet
  facet normal 0 0 1
    outer loop
      vertex -10.0491 22.0907 3
      vertex -10.3413 24.4044 3
      vertex -10.3464 22.0691 3
    endloop
  endfacet
  facet normal 0 0 1
    outer loop
      vertex -9.75865 22.0237 3
      vertex -10.3413 24.4044 3
      vertex -10.0491 22.0907 3
    endloop
  endfacet
  facet normal 0 0 1
    outer loop
      vertex -3.0145 21.509 3
      vertex -10.3413 24.4044 3
      vertex -9.75865 22.0237 3
    endloop
  endfacet
  facet normal 0 0 1
    outer loop
      vertex -3.0145 21.509 3
      vertex -2.36942 19.1036 3
      vertex -2.72404 21.442 3
    endloop
  endfacet
  facet normal 0 0 1
    outer loop
      vertex 0.631378 18.2641 3
      vertex 0.612381 20.8341 3
      vertex -1.82759 18.5897 3
    endloop
  endfacet
  facet normal 0 0 1
    outer loop
      vertex -1.74536 18.3031 3
      vertex 0.264206 17.8029 3
      vertex 0.41304 18.0612 3
    endloop
  endfacet
  facet normal 0 -0 1
    outer loop
      vertex 0.209686 17.6069 3
      vertex 0.264206 17.8029 3
      vertex -1.75124 18.0051 3
    endloop
  endfacet
  facet normal -0 -0 1
    outer loop
      vertex -1.74536 18.3031 3
      vertex 0.41304 18.0612 3
      vertex -1.82759 18.5897 3
    endloop
  endfacet
  facet normal 0 0 1
    outer loop
      vertex -3.40611 9.63286 3
      vertex -0.71405 9.96887 3
      vertex -3.21487 9.86151 3
    endloop
  endfacet
  facet normal 0 -0 1
    outer loop
      vertex 11.7675 18.2598 3
      vertex 14.1592 20.7919 3
      vertex 11.6236 20.8237 3
    endloop
  endfacet
  facet normal -0 0 1
    outer loop
      vertex 14.02 7.84373 3
      vertex 14.2757 7.69055 3
      vertex 14.1552 10.1042 3
    endloop
  endfacet
  facet normal -0 0 1
    outer loop
      vertex -30.0411 -7.33372 3
      vertex -29.6308 -9.40323 3
      vertex -29.7703 -7.20918 3
    endloop
  endfacet
  facet normal 0 0 1
    outer loop
      vertex -11.6623 -11.2527 3
      vertex -14.2344 -8.75064 3
      vertex -14.2541 -11.3447 3
    endloop
  endfacet
  facet normal 0 -0 1
    outer loop
      vertex -12.7997 5.60963 3
      vertex -12.6844 5.88449 3
      vertex -14.9092 5.77223 3
    endloop
  endfacet
  facet normal 0 0 1
    outer loop
      vertex 42.7372 9.34979 3
      vertex 42.4518 7.34651 3
      vertex 42.9476 9.29753 3
    endloop
  endfacet
  facet normal 0 0 1
    outer loop
      vertex 14.3943 20.6087 3
      vertex 14.6393 18.1001 3
      vertex 14.855 18.3058 3
    endloop
  endfacet
  facet normal 0 0 1
    outer loop
      vertex 27.3556 20.7072 3
      vertex 24.4081 18.3821 3
      vertex 24.6095 18.1623 3
    endloop
  endfacet
  facet normal 0 0 1
    outer loop
      vertex 14.5138 11.2621 3
      vertex 14.5733 10.8646 3
      vertex 16.9653 10.3832 3
    endloop
  endfacet
  facet normal 0 0 1
    outer loop
      vertex -3.70604 7.37799 3
      vertex -3.94307 9.38956 3
      vertex -3.93153 7.375 3
    endloop
  endfacet
  facet normal 0 0 1
    outer loop
      vertex 14.4939 17.8399 3
      vertex 11.9812 18.052 3
      vertex 12.1243 17.7905 3
    endloop
  endfacet
  facet normal 0 0 1
    outer loop
      vertex 0.825943 20.6261 3
      vertex 0.631378 18.2641 3
      vertex 0.899826 18.3937 3
    endloop
  endfacet
  facet normal 0 0 1
    outer loop
      vertex 11.9812 18.052 3
      vertex 14.6393 18.1001 3
      vertex 14.3943 20.6087 3
    endloop
  endfacet
  facet normal 0 -0 1
    outer loop
      vertex 15.4158 18.4875 3
      vertex 23.8356 20.6054 3
      vertex 14.8984 20.4805 3
    endloop
  endfacet
  facet normal 0 0 1
    outer loop
      vertex 14.3943 20.6087 3
      vertex 14.855 18.3058 3
      vertex 14.673 20.503 3
    endloop
  endfacet
  facet normal 0 -0 1
    outer loop
      vertex 14.855 18.3058 3
      vertex 15.1217 18.4389 3
      vertex 14.673 20.503 3
    endloop
  endfacet
  facet normal 0 0 1
    outer loop
      vertex 15.1217 18.4389 3
      vertex 14.8984 20.4805 3
      vertex 14.673 20.503 3
    endloop
  endfacet
  facet normal 0 0 1
    outer loop
      vertex 15.4158 18.4875 3
      vertex 14.8984 20.4805 3
      vertex 15.1217 18.4389 3
    endloop
  endfacet
  facet normal 0 0 1
    outer loop
      vertex 15.4158 18.4875 3
      vertex 23.7657 18.6042 3
      vertex 23.8356 20.6054 3
    endloop
  endfacet
  facet normal 0 -0 1
    outer loop
      vertex 27.0085 17.5958 3
      vertex 27.0914 17.8821 3
      vertex 24.7371 17.8929 3
    endloop
  endfacet
  facet normal 0 0 1
    outer loop
      vertex 27.0085 17.5958 3
      vertex 24.7371 17.8929 3
      vertex 27.0423 17.1752 3
    endloop
  endfacet
  facet normal 0 0 1
    outer loop
      vertex 27.2551 18.1313 3
      vertex 24.6095 18.1623 3
      vertex 27.0914 17.8821 3
    endloop
  endfacet
  facet normal 0 0 1
    outer loop
      vertex 27.3087 8.83556 3
      vertex 27.1885 8.56279 3
      vertex 29.6532 8.51349 3
    endloop
  endfacet
  facet normal 0 0 1
    outer loop
      vertex 27.0423 17.1752 3
      vertex 24.7371 17.8929 3
      vertex 27.3011 9.38654 3
    endloop
  endfacet
  facet normal -0 0 1
    outer loop
      vertex 28.0573 18.4622 3
      vertex 40.8139 17.7266 3
      vertex 41.1072 19.713 3
    endloop
  endfacet
  facet normal 0 0 1
    outer loop
      vertex 26.9932 8.33757 3
      vertex 27.0484 5.90654 3
      vertex 27.3991 5.76619 3
    endloop
  endfacet
  facet normal 0 0 1
    outer loop
      vertex 29.7808 8.24409 3
      vertex 26.9932 8.33757 3
      vertex 27.3991 5.76619 3
    endloop
  endfacet
  facet normal -0 0 1
    outer loop
      vertex 26.452 8.10382 3
      vertex 27.0484 5.90654 3
      vertex 26.7402 8.1799 3
    endloop
  endfacet
  facet normal 0 0 1
    outer loop
      vertex 29.7808 8.24409 3
      vertex 27.3991 5.76619 3
      vertex 29.9821 8.02429 3
    endloop
  endfacet
  facet normal 0 -0 1
    outer loop
      vertex 41.7053 17.0438 3
      vertex 44.0818 17.2417 3
      vertex 41.5701 17.3095 3
    endloop
  endfacet
  facet normal 0 0 1
    outer loop
      vertex 26.9932 8.33757 3
      vertex 26.7402 8.1799 3
      vertex 27.0484 5.90654 3
    endloop
  endfacet
  facet normal -0 0 1
    outer loop
      vertex 27.3087 8.83556 3
      vertex 29.6532 8.51349 3
      vertex 27.3431 9.13164 3
    endloop
  endfacet
  facet normal 0 0 1
    outer loop
      vertex 29.6532 8.51349 3
      vertex 27.3011 9.38654 3
      vertex 27.3431 9.13164 3
    endloop
  endfacet
  facet normal 0 0 1
    outer loop
      vertex 29.6532 8.51349 3
      vertex 27.0423 17.1752 3
      vertex 27.3011 9.38654 3
    endloop
  endfacet
  facet normal -0 0 1
    outer loop
      vertex 24.6095 18.1623 3
      vertex 27.2551 18.1313 3
      vertex 27.3556 20.7072 3
    endloop
  endfacet
  facet normal 0 0 1
    outer loop
      vertex 27.0914 17.8821 3
      vertex 24.6095 18.1623 3
      vertex 24.7371 17.8929 3
    endloop
  endfacet
  facet normal 0 0 1
    outer loop
      vertex 27.2551 18.1313 3
      vertex 27.4849 18.3211 3
      vertex 27.3556 20.7072 3
    endloop
  endfacet
  facet normal 0 -0 1
    outer loop
      vertex 27.4849 18.3211 3
      vertex 27.6092 20.5507 3
      vertex 27.3556 20.7072 3
    endloop
  endfacet
  facet normal 0 -0 1
    outer loop
      vertex 27.7605 18.4348 3
      vertex 27.9443 20.472 3
      vertex 27.6092 20.5507 3
    endloop
  endfacet
  facet normal 0 0 1
    outer loop
      vertex 28.0573 18.4622 3
      vertex 27.9443 20.472 3
      vertex 27.7605 18.4348 3
    endloop
  endfacet
  facet normal 0 0 1
    outer loop
      vertex 41.1072 19.713 3
      vertex 27.9443 20.472 3
      vertex 28.0573 18.4622 3
    endloop
  endfacet
  facet normal 0 0 1
    outer loop
      vertex 41.1072 19.713 3
      vertex 40.8139 17.7266 3
      vertex 41.1013 17.6669 3
    endloop
  endfacet
  facet normal -0 0 1
    outer loop
      vertex 41.7053 17.0438 3
      vertex 43.9345 16.9352 3
      vertex 44.0818 17.2417 3
    endloop
  endfacet
  facet normal 0 0 1
    outer loop
      vertex 41.9094 20.0439 3
      vertex 41.6796 19.854 3
      vertex 44.289 17.4559 3
    endloop
  endfacet
  facet normal 0 0 1
    outer loop
      vertex 43.9345 16.9352 3
      vertex 41.7053 17.0438 3
      vertex 41.7561 16.7501 3
    endloop
  endfacet
  facet normal 0 0 1
    outer loop
      vertex 43.9345 16.9352 3
      vertex 41.7182 16.4544 3
      vertex 42.1203 10.5622 3
    endloop
  endfacet
  facet normal 0 0 1
    outer loop
      vertex 41.7182 16.4544 3
      vertex 43.9345 16.9352 3
      vertex 41.7561 16.7501 3
    endloop
  endfacet
  facet normal 0 -0 1
    outer loop
      vertex 44.289 17.4559 3
      vertex 44.4105 20.0481 3
      vertex 41.9094 20.0439 3
    endloop
  endfacet
  facet normal 0 0 1
    outer loop
      vertex 39.6477 9.64699 3
      vertex 42.2684 9.70718 3
      vertex 39.8253 9.88635 3
    endloop
  endfacet
  facet normal 0 0 1
    outer loop
      vertex 44.6319 19.8485 3
      vertex 44.289 17.4559 3
      vertex 44.5502 17.5996 3
    endloop
  endfacet
  facet normal -0 0 1
    outer loop
      vertex 55 17.1549 3
      vertex 55 8.80644 3
      vertex 60 36 3
    endloop
  endfacet
  facet normal 0 0 1
    outer loop
      vertex 42.2684 9.70718 3
      vertex 39.6477 9.64699 3
      vertex 41.8702 7.25011 3
    endloop
  endfacet
  facet normal -0 -0 1
    outer loop
      vertex 14.8238 -22.4656 3
      vertex 15.077 -22.623 3
      vertex 14.6602 -20.2119 3
    endloop
  endfacet
  facet normal 0 0 1
    outer loop
      vertex 29.9821 8.02429 3
      vertex 27.6232 5.56958 3
      vertex 30.2053 5.49803 3
    endloop
  endfacet
  facet normal -0 0 1
    outer loop
      vertex 17.9585 7.66112 3
      vertex 27.0484 5.90654 3
      vertex 26.1542 8.11606 3
    endloop
  endfacet
  facet normal 0 0 1
    outer loop
      vertex 14.5733 10.8646 3
      vertex 14.513 10.5727 3
      vertex 16.9653 10.3832 3
    endloop
  endfacet
  facet normal -0 0 1
    outer loop
      vertex -3.65625 9.47073 3
      vertex -3.41718 7.30444 3
      vertex -3.40611 9.63286 3
    endloop
  endfacet
  facet normal 0 0 1
    outer loop
      vertex -0.71405 9.96887 3
      vertex -0.877075 10.2184 3
      vertex -3.21487 9.86151 3
    endloop
  endfacet
  facet normal 0 0 1
    outer loop
      vertex -0.877075 10.2184 3
      vertex -3.08328 10.2131 3
      vertex -3.21487 9.86151 3
    endloop
  endfacet
  facet normal 0 0 1
    outer loop
      vertex -0.959305 10.5049 3
      vertex -3.08328 10.2131 3
      vertex -0.877075 10.2184 3
    endloop
  endfacet
  facet normal 0 0 1
    outer loop
      vertex -0.95343 10.803 3
      vertex -3.08328 10.2131 3
      vertex -0.959305 10.5049 3
    endloop
  endfacet
  facet normal 0 0 1
    outer loop
      vertex -1.75124 18.0051 3
      vertex -3.08328 10.2131 3
      vertex -0.95343 10.803 3
    endloop
  endfacet
  facet normal 0 -0 1
    outer loop
      vertex 0.631378 18.2641 3
      vertex 0.825943 20.6261 3
      vertex 0.612381 20.8341 3
    endloop
  endfacet
  facet normal 0 0 1
    outer loop
      vertex -1.75124 18.0051 3
      vertex -0.95343 10.803 3
      vertex 0.209686 17.6069 3
    endloop
  endfacet
  facet normal 0 -0 1
    outer loop
      vertex 0.41304 18.0612 3
      vertex 0.631378 18.2641 3
      vertex -1.82759 18.5897 3
    endloop
  endfacet
  facet normal 0 0 1
    outer loop
      vertex 0.825943 20.6261 3
      vertex 0.899826 18.3937 3
      vertex 1.09132 20.4904 3
    endloop
  endfacet
  facet normal 0 0 1
    outer loop
      vertex 0.899826 18.3937 3
      vertex 1.19455 18.4384 3
      vertex 1.09132 20.4904 3
    endloop
  endfacet
  facet normal 0 -0 1
    outer loop
      vertex 1.19455 18.4384 3
      vertex 1.40984 20.4386 3
      vertex 1.09132 20.4904 3
    endloop
  endfacet
  facet normal 0 0 1
    outer loop
      vertex 10.8421 20.4465 3
      vertex 1.40984 20.4386 3
      vertex 1.19455 18.4384 3
    endloop
  endfacet
  facet normal 0 0 1
    outer loop
      vertex 14.6393 18.1001 3
      vertex 11.9812 18.052 3
      vertex 14.4939 17.8399 3
    endloop
  endfacet
  facet normal 0 0 1
    outer loop
      vertex 11.9812 18.052 3
      vertex 14.3943 20.6087 3
      vertex 14.1592 20.7919 3
    endloop
  endfacet
  facet normal -0 0 1
    outer loop
      vertex 11.7675 18.2598 3
      vertex 11.9812 18.052 3
      vertex 14.1592 20.7919 3
    endloop
  endfacet
  facet normal 0 0 1
    outer loop
      vertex 14.4939 17.8399 3
      vertex 12.1243 17.7905 3
      vertex 14.4316 17.5484 3
    endloop
  endfacet
  facet normal 0 0 1
    outer loop
      vertex 12.1243 17.7905 3
      vertex 14.4907 17.1438 3
      vertex 14.4316 17.5484 3
    endloop
  endfacet
  facet normal 0 0 1
    outer loop
      vertex 14.5138 11.2621 3
      vertex 14.4907 17.1438 3
      vertex 12.1243 17.7905 3
    endloop
  endfacet
  facet normal 0 0 1
    outer loop
      vertex 16.9653 10.3832 3
      vertex 14.4907 17.1438 3
      vertex 14.5138 11.2621 3
    endloop
  endfacet
  facet normal 0 0 1
    outer loop
      vertex 14.513 10.5727 3
      vertex 14.3694 10.3114 3
      vertex 16.9653 10.3832 3
    endloop
  endfacet
  facet normal -0 0 1
    outer loop
      vertex 14.3694 10.3114 3
      vertex 17.1083 10.1217 3
      vertex 16.9653 10.3832 3
    endloop
  endfacet
  facet normal 0 0 1
    outer loop
      vertex 14.1552 10.1042 3
      vertex 13.8895 9.96922 3
      vertex 14.02 7.84373 3
    endloop
  endfacet
  facet normal 0 0 1
    outer loop
      vertex 13.8895 9.96922 3
      vertex 13.6187 7.91866 3
      vertex 14.02 7.84373 3
    endloop
  endfacet
  facet normal -0 0 1
    outer loop
      vertex 13.5957 9.91862 3
      vertex 13.6187 7.91866 3
      vertex 13.8895 9.96922 3
    endloop
  endfacet
  facet normal 0 0 1
    outer loop
      vertex 2.66771 -5.38403 3
      vertex 2.5451 -5.11234 3
      vertex 0.452682 -5.35936 3
    endloop
  endfacet
  facet normal 0 0 1
    outer loop
      vertex -0.71405 9.96887 3
      vertex -0.516968 7.24567 3
      vertex -0.484695 9.77846 3
    endloop
  endfacet
  facet normal 0 0 1
    outer loop
      vertex 54.0541 20.1622 3
      vertex 53.9459 18.1534 3
      vertex 54.3653 18.0858 3
    endloop
  endfacet
  facet normal 0 0 1
    outer loop
      vertex 39.6477 9.64699 3
      vertex 41.6264 7.0786 3
      vertex 41.8702 7.25011 3
    endloop
  endfacet
  facet normal 0 0 1
    outer loop
      vertex 38.9759 6.88155 3
      vertex 41.6264 7.0786 3
      vertex 39.4074 9.47061 3
    endloop
  endfacet
  facet normal 0 0 1
    outer loop
      vertex 39.1257 9.37289 3
      vertex 38.4505 7.1488 3
      vertex 38.7333 7.05478 3
    endloop
  endfacet
  facet normal 0 0 1
    outer loop
      vertex 42.2684 9.70718 3
      vertex 42.1332 9.97285 3
      vertex 39.8253 9.88635 3
    endloop
  endfacet
  facet normal 0 0 1
    outer loop
      vertex 42.1332 9.97285 3
      vertex 39.9042 10.0822 3
      vertex 39.8253 9.88635 3
    endloop
  endfacet
  facet normal 0 0 1
    outer loop
      vertex 42.0824 10.2666 3
      vertex 39.9042 10.0822 3
      vertex 42.1332 9.97285 3
    endloop
  endfacet
  facet normal 0 0 1
    outer loop
      vertex 42.1203 10.5622 3
      vertex 39.9042 10.0822 3
      vertex 42.0824 10.2666 3
    endloop
  endfacet
  facet normal 0 0 1
    outer loop
      vertex 39.9042 10.0822 3
      vertex 42.1203 10.5622 3
      vertex 41.7182 16.4544 3
    endloop
  endfacet
  facet normal 0 0 1
    outer loop
      vertex 44.4105 20.0481 3
      vertex 44.289 17.4559 3
      vertex 44.6319 19.8485 3
    endloop
  endfacet
  facet normal 0 0 1
    outer loop
      vertex 44.6319 19.8485 3
      vertex 44.5502 17.5996 3
      vertex 44.9023 19.7231 3
    endloop
  endfacet
  facet normal 0 0 1
    outer loop
      vertex 44.5502 17.5996 3
      vertex 44.8421 17.6599 3
      vertex 44.9023 19.7231 3
    endloop
  endfacet
  facet normal 0 0 1
    outer loop
      vertex 44.8421 17.6599 3
      vertex 45.2374 19.6843 3
      vertex 44.9023 19.7231 3
    endloop
  endfacet
  facet normal 0 0 1
    outer loop
      vertex 53.9459 18.1534 3
      vertex 45.2374 19.6843 3
      vertex 44.8421 17.6599 3
    endloop
  endfacet
  facet normal 0 0 1
    outer loop
      vertex 54.0541 20.1622 3
      vertex 45.2374 19.6843 3
      vertex 53.9459 18.1534 3
    endloop
  endfacet
  facet normal 0 -0 1
    outer loop
      vertex 54.6235 17.9367 3
      vertex 54.8144 20.5805 3
      vertex 54.6072 20.3662 3
    endloop
  endfacet
  facet normal 0 0 1
    outer loop
      vertex 54.8262 17.7182 3
      vertex 54.8144 20.5805 3
      vertex 54.6235 17.9367 3
    endloop
  endfacet
  facet normal 0 -0 1
    outer loop
      vertex 54.9556 17.4496 3
      vertex 55 21.1608 3
      vertex 54.9493 20.8463 3
    endloop
  endfacet
  facet normal 0 -0 1
    outer loop
      vertex 55 17.1549 3
      vertex 55 21.1608 3
      vertex 54.9556 17.4496 3
    endloop
  endfacet
  facet normal 0 0 1
    outer loop
      vertex 60 36 3
      vertex 55 21.1608 3
      vertex 55 17.1549 3
    endloop
  endfacet
  facet normal 0 0 1
    outer loop
      vertex 54.9781 8.59827 3
      vertex 54.9556 5.06454 3
      vertex 55 4.76979 3
    endloop
  endfacet
  facet normal -0 0 1
    outer loop
      vertex 54.8733 8.31921 3
      vertex 54.9556 5.06454 3
      vertex 54.9781 8.59827 3
    endloop
  endfacet
  facet normal 0 0 1
    outer loop
      vertex 54.6909 8.08345 3
      vertex 54.4471 7.91194 3
      vertex 54.6235 5.55162 3
    endloop
  endfacet
  facet normal 0 0 1
    outer loop
      vertex 54.4471 7.91194 3
      vertex 54.3653 5.70067 3
      vertex 54.6235 5.55162 3
    endloop
  endfacet
  facet normal -0 0 1
    outer loop
      vertex 54.1635 7.8199 3
      vertex 54.3653 5.70067 3
      vertex 54.4471 7.91194 3
    endloop
  endfacet
  facet normal -0 0 1
    outer loop
      vertex 42.4518 7.34651 3
      vertex 54.1345 5.7607 3
      vertex 53.8655 7.81554 3
    endloop
  endfacet
  facet normal -0 0 1
    outer loop
      vertex 54.1345 5.7607 3
      vertex 54.3653 5.70067 3
      vertex 54.1635 7.8199 3
    endloop
  endfacet
  facet normal 0 0 1
    outer loop
      vertex -27.2803 -6.71045 3
      vertex -28.456 7.38107 3
      vertex -29.3223 -6.28992 3
    endloop
  endfacet
  facet normal 0 0 1
    outer loop
      vertex -28.121 8.21413 3
      vertex -30.4939 11.083 3
      vertex -30.7363 8.56731 3
    endloop
  endfacet
  facet normal 0 0 1
    outer loop
      vertex -54.8262 10.0591 3
      vertex -54.8508 7.11899 3
      vertex -54.6581 7.34642 3
    endloop
  endfacet
  facet normal -0 0 1
    outer loop
      vertex -44.5837 -9.25009 3
      vertex -44.1568 -9.32524 3
      vertex -44.2824 -7.2348 3
    endloop
  endfacet
  facet normal -0 0 1
    outer loop
      vertex -44.1568 -9.32524 3
      vertex -43.9015 -9.4791 3
      vertex -43.9899 -7.17738 3
    endloop
  endfacet
  facet normal 0 0 1
    outer loop
      vertex -43.3806 -6.55959 3
      vertex -43.518 -6.82408 3
      vertex -41.1806 -6.6783 3
    endloop
  endfacet
  facet normal 0 0 1
    outer loop
      vertex -39.7071 8.7966 3
      vertex -42.2887 8.64066 3
      vertex -39.8635 8.54283 3
    endloop
  endfacet
  facet normal 0 0 1
    outer loop
      vertex -54.8262 10.0591 3
      vertex -54.6581 7.34642 3
      vertex -54.6235 9.84062 3
    endloop
  endfacet
  facet normal -0 0 1
    outer loop
      vertex -54.0747 9.62524 3
      vertex -54.1196 7.58633 3
      vertex -53.8804 9.62964 3
    endloop
  endfacet
  facet normal 0 0 1
    outer loop
      vertex -41.9368 11.4483 3
      vertex -39.4828 8.99298 3
      vertex -39.4003 11.356 3
    endloop
  endfacet
  facet normal 0 0 1
    outer loop
      vertex -39.4828 8.99298 3
      vertex -41.9368 11.4483 3
      vertex -42.1295 11.2208 3
    endloop
  endfacet
  facet normal -0 0 1
    outer loop
      vertex -42.668 10.9809 3
      vertex -42.5316 8.81342 3
      vertex -42.3806 11.0603 3
    endloop
  endfacet
  facet normal 0 0 1
    outer loop
      vertex -39.1397 11.2113 3
      vertex -39.4003 11.356 3
      vertex -39.4828 8.99298 3
    endloop
  endfacet
  facet normal 0 0 1
    outer loop
      vertex -39.1397 11.2113 3
      vertex -39.4828 8.99298 3
      vertex -39.2107 9.11455 3
    endloop
  endfacet
  facet normal 0 0 1
    outer loop
      vertex -39.1397 11.2113 3
      vertex -39.2107 9.11455 3
      vertex -38.9147 9.15048 3
    endloop
  endfacet
  facet normal 0 0 1
    outer loop
      vertex -38.8187 11.1486 3
      vertex -38.9147 9.15048 3
      vertex -31.484 8.93683 3
    endloop
  endfacet
  facet normal 0 0 1
    outer loop
      vertex -38.8187 11.1486 3
      vertex -31.484 8.93683 3
      vertex -31.062 10.9255 3
    endloop
  endfacet
  facet normal 0 0 1
    outer loop
      vertex -30.7363 8.56731 3
      vertex -30.585 8.31042 3
      vertex -28.121 8.21413 3
    endloop
  endfacet
  facet normal 0 0 1
    outer loop
      vertex -30.585 8.31042 3
      vertex -30.5163 8.02039 3
      vertex -28.3126 7.98581 3
    endloop
  endfacet
  facet normal 0 0 1
    outer loop
      vertex -30.585 8.31042 3
      vertex -28.3126 7.98581 3
      vertex -28.121 8.21413 3
    endloop
  endfacet
  facet normal 0 -0 1
    outer loop
      vertex -28.456 7.38107 3
      vertex -28.4285 7.71115 3
      vertex -30.5163 8.02039 3
    endloop
  endfacet
  facet normal 0 0 1
    outer loop
      vertex -30.4939 11.083 3
      vertex -28.121 8.21413 3
      vertex -27.8013 10.9248 3
    endloop
  endfacet
  facet normal 0 0 1
    outer loop
      vertex -27.6129 10.6939 3
      vertex -27.8705 8.37579 3
      vertex -27.3647 10.5287 3
    endloop
  endfacet
  facet normal 0 0 1
    outer loop
      vertex -29.3512 -9.50667 3
      vertex -29.7703 -7.20918 3
      vertex -29.6308 -9.40323 3
    endloop
  endfacet
  facet normal 0 -0 1
    outer loop
      vertex -12.4931 6.11314 3
      vertex -12.3559 8.72568 3
      vertex -15.006 8.69467 3
    endloop
  endfacet
  facet normal 0 -0 1
    outer loop
      vertex 0.25679 7.63849 3
      vertex 13.5957 9.91862 3
      vertex 0.0532379 9.63467 3
    endloop
  endfacet
  facet normal 0 0 1
    outer loop
      vertex -3.79781 -20.3153 3
      vertex -4.08784 -20.3841 3
      vertex -4.07718 -22.4156 3
    endloop
  endfacet
  facet normal 0 0 1
    outer loop
      vertex -14.8969 -20.9172 3
      vertex -15.0956 -21.1394 3
      vertex -12.7872 -23.2915 3
    endloop
  endfacet
  facet normal 0 0 1
    outer loop
      vertex -41.284 -6.39873 3
      vertex -41.3004 -6.10109 3
      vertex -43.3311 -6.33025 3
    endloop
  endfacet
  facet normal 0 0 1
    outer loop
      vertex -54.8262 -7.22737 3
      vertex -54.8086 -10.0797 3
      vertex -54.6235 -7.44588 3
    endloop
  endfacet
  facet normal 0 0 1
    outer loop
      vertex -43.3311 -6.33025 3
      vertex -41.3004 -6.10109 3
      vertex -41.9877 7.82675 3
    endloop
  endfacet
  facet normal 0 0 1
    outer loop
      vertex -54.9556 -6.9588 3
      vertex -54.9461 -10.3442 3
      vertex -54.8262 -7.22737 3
    endloop
  endfacet
  facet normal 0 0 1
    outer loop
      vertex -55 -10.668 3
      vertex -54.9461 -10.3442 3
      vertex -54.9556 -6.9588 3
    endloop
  endfacet
  facet normal 0 0 1
    outer loop
      vertex -55 -10.668 3
      vertex -54.9556 -6.9588 3
      vertex -55 -6.66405 3
    endloop
  endfacet
  facet normal 0 -0 1
    outer loop
      vertex -55 -18.1532 3
      vertex -55 -10.668 3
      vertex -60 -36 3
    endloop
  endfacet
  facet normal 0 0 1
    outer loop
      vertex -60 36 3
      vertex -55 6.59352 3
      vertex -55 10.6225 3
    endloop
  endfacet
  facet normal 0 0 1
    outer loop
      vertex -54.8262 10.0591 3
      vertex -54.9556 10.3277 3
      vertex -54.8508 7.11899 3
    endloop
  endfacet
  facet normal 0 0 1
    outer loop
      vertex -54.3653 9.69157 3
      vertex -54.6235 9.84062 3
      vertex -54.407 7.50696 3
    endloop
  endfacet
  facet normal 0 0 1
    outer loop
      vertex -54.1196 7.58633 3
      vertex -54.3653 9.69157 3
      vertex -54.407 7.50696 3
    endloop
  endfacet
  facet normal 0 0 1
    outer loop
      vertex -54.0747 9.62524 3
      vertex -54.3653 9.69157 3
      vertex -54.1196 7.58633 3
    endloop
  endfacet
  facet normal 0 0 1
    outer loop
      vertex -53.8804 9.62964 3
      vertex -54.1196 7.58633 3
      vertex -43.1029 8.91403 3
    endloop
  endfacet
  facet normal -0 0 1
    outer loop
      vertex -53.8804 9.62964 3
      vertex -43.1029 8.91403 3
      vertex -42.668 10.9809 3
    endloop
  endfacet
  facet normal 0 0 1
    outer loop
      vertex -42.668 10.9809 3
      vertex -42.8147 8.90691 3
      vertex -42.5316 8.81342 3
    endloop
  endfacet
  facet normal 0 0 1
    outer loop
      vertex -42.2887 8.64066 3
      vertex -42.1075 8.40396 3
      vertex -39.8635 8.54283 3
    endloop
  endfacet
  facet normal -0 0 1
    outer loop
      vertex -42.1075 8.40396 3
      vertex -39.939 8.24536 3
      vertex -39.8635 8.54283 3
    endloop
  endfacet
  facet normal 0 -0 1
    outer loop
      vertex -42.0041 8.12439 3
      vertex -39.939 8.24536 3
      vertex -42.1075 8.40396 3
    endloop
  endfacet
  facet normal 0 -0 1
    outer loop
      vertex -41.9877 7.82675 3
      vertex -39.939 8.24536 3
      vertex -42.0041 8.12439 3
    endloop
  endfacet
  facet normal 0 -0 1
    outer loop
      vertex -41.3004 -6.10109 3
      vertex -39.939 8.24536 3
      vertex -41.9877 7.82675 3
    endloop
  endfacet
  facet normal 0 0 1
    outer loop
      vertex -41.1806 -6.6783 3
      vertex -43.518 -6.82408 3
      vertex -40.9995 -6.91499 3
    endloop
  endfacet
  facet normal 0 -0 1
    outer loop
      vertex -44.1568 -9.32524 3
      vertex -43.9899 -7.17738 3
      vertex -44.2824 -7.2348 3
    endloop
  endfacet
  facet normal 0 0 1
    outer loop
      vertex -43.5786 -9.97229 3
      vertex -43.5397 -10.2678 3
      vertex -41.5375 -10.1734 3
    endloop
  endfacet
  facet normal 0 0 1
    outer loop
      vertex -41.5943 -22.4917 3
      vertex -44.075 -24.6705 3
      vertex -43.8341 -24.8461 3
    endloop
  endfacet
  facet normal 0 0 1
    outer loop
      vertex -44.2036 -22.1071 3
      vertex -44.075 -24.6705 3
      vertex -41.5943 -22.4917 3
    endloop
  endfacet
  facet normal 0 0 1
    outer loop
      vertex -11.7263 -8.42189 3
      vertex -14.0547 -8.51282 3
      vertex -14.2344 -8.75064 3
    endloop
  endfacet
  facet normal -0 0 1
    outer loop
      vertex -30.3366 -7.37291 3
      vertex -29.8164 -9.38249 3
      vertex -30.0411 -7.33372 3
    endloop
  endfacet
  facet normal 0 0 1
    outer loop
      vertex -29.5482 -7.01035 3
      vertex -29.7703 -7.20918 3
      vertex -29.3512 -9.50667 3
    endloop
  endfacet
  facet normal 0 0 1
    outer loop
      vertex -29.6308 -9.40323 3
      vertex -30.0411 -7.33372 3
      vertex -29.8164 -9.38249 3
    endloop
  endfacet
  facet normal 0 0 1
    outer loop
      vertex -29.3946 -6.75488 3
      vertex -29.5482 -7.01035 3
      vertex -27.2115 -7.00049 3
    endloop
  endfacet
  facet normal 0 0 1
    outer loop
      vertex -27.2803 -6.71045 3
      vertex -29.3946 -6.75488 3
      vertex -27.2115 -7.00049 3
    endloop
  endfacet
  facet normal 0 0 1
    outer loop
      vertex -29.3231 -6.4655 3
      vertex -29.3946 -6.75488 3
      vertex -27.2803 -6.71045 3
    endloop
  endfacet
  facet normal -0 0 1
    outer loop
      vertex -29.3231 -6.4655 3
      vertex -27.2803 -6.71045 3
      vertex -29.3223 -6.28992 3
    endloop
  endfacet
  facet normal 0 -0 1
    outer loop
      vertex -29.3223 -6.28992 3
      vertex -28.456 7.38107 3
      vertex -30.5163 8.02039 3
    endloop
  endfacet
  facet normal 0 0 1
    outer loop
      vertex -30.5163 8.02039 3
      vertex -28.4285 7.71115 3
      vertex -28.3126 7.98581 3
    endloop
  endfacet
  facet normal 0 0 1
    outer loop
      vertex -27.2856 8.44899 3
      vertex -15.8414 8.45981 3
      vertex -27.1148 10.4498 3
    endloop
  endfacet
  facet normal 0 0 1
    outer loop
      vertex -27.6129 10.6939 3
      vertex -27.8013 10.9248 3
      vertex -28.121 8.21413 3
    endloop
  endfacet
  facet normal 0 0 1
    outer loop
      vertex -27.8705 8.37579 3
      vertex -27.5836 8.45648 3
      vertex -27.3647 10.5287 3
    endloop
  endfacet
  facet normal 0 0 1
    outer loop
      vertex -27.5836 8.45648 3
      vertex -27.1148 10.4498 3
      vertex -27.3647 10.5287 3
    endloop
  endfacet
  facet normal 0 -0 1
    outer loop
      vertex -27.2856 8.44899 3
      vertex -27.1148 10.4498 3
      vertex -27.5836 8.45648 3
    endloop
  endfacet
  facet normal 0 0 1
    outer loop
      vertex -15.8414 8.45981 3
      vertex -15.6689 6.39847 3
      vertex -15.5434 8.45232 3
    endloop
  endfacet
  facet normal 0 0 1
    outer loop
      vertex -15.8414 8.45981 3
      vertex -27.2856 8.44899 3
      vertex -15.6689 6.39847 3
    endloop
  endfacet
  facet normal 0 0 1
    outer loop
      vertex -14.9092 5.77223 3
      vertex -14.845 5.48116 3
      vertex -12.7997 5.60963 3
    endloop
  endfacet
  facet normal 0 0 1
    outer loop
      vertex -15.006 8.69467 3
      vertex -15.0564 6.03146 3
      vertex -12.4931 6.11314 3
    endloop
  endfacet
  facet normal 0 -0 1
    outer loop
      vertex -12.828 5.29695 3
      vertex -12.7997 5.60963 3
      vertex -14.845 5.48116 3
    endloop
  endfacet
  facet normal 0 0 1
    outer loop
      vertex -11.9377 -7.87158 3
      vertex -12.828 5.29695 3
      vertex -13.9357 -7.96817 3
    endloop
  endfacet
  facet normal 0 0 1
    outer loop
      vertex -14.2541 -11.3447 3
      vertex -14.4762 -8.92494 3
      vertex -14.4971 -11.1721 3
    endloop
  endfacet
  facet normal 0 0 1
    outer loop
      vertex 13.6187 7.91866 3
      vertex 13.5957 9.91862 3
      vertex 0.25679 7.63849 3
    endloop
  endfacet
  facet normal -0 0 1
    outer loop
      vertex 27.3991 5.76619 3
      vertex 27.6232 5.56958 3
      vertex 29.9821 8.02429 3
    endloop
  endfacet
  facet normal -0 0 1
    outer loop
      vertex 0.370071 -5.64577 3
      vertex 0.206696 -5.8951 3
      vertex 2.86494 -5.60753 3
    endloop
  endfacet
  facet normal -0 0 1
    outer loop
      vertex -15.0566 -9.02802 3
      vertex -14.8253 -11.0721 3
      vertex -14.7586 -9.02022 3
    endloop
  endfacet
  facet normal 0 0 1
    outer loop
      vertex 41.3679 -34.4664 3
      vertex 41.2697 -34.1849 3
      vertex 39.1576 -34.3653 3
    endloop
  endfacet
  facet normal 0 0 1
    outer loop
      vertex 39.0085 -34.6235 3
      vertex 38.79 -34.8262 3
      vertex 41.5446 -34.7064 3
    endloop
  endfacet
  facet normal -0 0 1
    outer loop
      vertex 14.2757 7.69055 3
      vertex 14.4749 7.46881 3
      vertex 17.1083 10.1217 3
    endloop
  endfacet
  facet normal 0 0 1
    outer loop
      vertex 2.66771 -5.38403 3
      vertex 0.452682 -5.35936 3
      vertex 0.370071 -5.64577 3
    endloop
  endfacet
  facet normal 0 0 1
    outer loop
      vertex 2.5451 -5.11234 3
      vertex 0.42392 -4.95764 3
      vertex 0.452682 -5.35936 3
    endloop
  endfacet
  facet normal 0 0 1
    outer loop
      vertex 38.5215 -34.9556 3
      vertex 41.7843 -34.8836 3
      vertex 38.79 -34.8262 3
    endloop
  endfacet
  facet normal 0 0 1
    outer loop
      vertex -0.720795 6.6925 3
      vertex -2.84299 6.65381 3
      vertex -0.684875 6.36786 3
    endloop
  endfacet
  facet normal 0 -0 1
    outer loop
      vertex -0.660568 6.98445 3
      vertex -0.516968 7.24567 3
      vertex -2.96559 6.92551 3
    endloop
  endfacet
  facet normal 0 0 1
    outer loop
      vertex -12.119 8.54472 3
      vertex -12.3559 8.72568 3
      vertex -12.243 6.27527 3
    endloop
  endfacet
  facet normal 0 -0 1
    outer loop
      vertex -3.16283 7.149 3
      vertex -0.71405 9.96887 3
      vertex -3.40611 9.63286 3
    endloop
  endfacet
  facet normal 0 0 1
    outer loop
      vertex -0.71405 9.96887 3
      vertex -3.16283 7.149 3
      vertex -0.516968 7.24567 3
    endloop
  endfacet
  facet normal 0 -0 1
    outer loop
      vertex -3.70604 7.37799 3
      vertex -3.65625 9.47073 3
      vertex -3.94307 9.38956 3
    endloop
  endfacet
  facet normal -0 0 1
    outer loop
      vertex -3.41718 7.30444 3
      vertex -3.16283 7.149 3
      vertex -3.40611 9.63286 3
    endloop
  endfacet
  facet normal 0 0 1
    outer loop
      vertex -0.516968 7.24567 3
      vertex -0.302765 7.45296 3
      vertex -0.484695 9.77846 3
    endloop
  endfacet
  facet normal 0 0 1
    outer loop
      vertex -0.209427 9.66411 3
      vertex -0.484695 9.77846 3
      vertex -0.302765 7.45296 3
    endloop
  endfacet
  facet normal 0 0 1
    outer loop
      vertex -0.209427 9.66411 3
      vertex -0.302765 7.45296 3
      vertex -0.036972 7.58789 3
    endloop
  endfacet
  facet normal 0 0 1
    outer loop
      vertex -0.209427 9.66411 3
      vertex -0.036972 7.58789 3
      vertex 0.0532379 9.63467 3
    endloop
  endfacet
  facet normal 0 0 1
    outer loop
      vertex -0.036972 7.58789 3
      vertex 0.25679 7.63849 3
      vertex 0.0532379 9.63467 3
    endloop
  endfacet
  facet normal 0 0 1
    outer loop
      vertex 14.3694 10.3114 3
      vertex 14.2757 7.69055 3
      vertex 17.1083 10.1217 3
    endloop
  endfacet
  facet normal 0 0 1
    outer loop
      vertex 17.1194 7.43961 3
      vertex 14.4749 7.46881 3
      vertex 16.9242 7.21439 3
    endloop
  endfacet
  facet normal 0 0 1
    outer loop
      vertex 16.9242 7.21439 3
      vertex 14.5999 7.1982 3
      vertex 16.8182 6.98935 3
    endloop
  endfacet
  facet normal 0 0 1
    outer loop
      vertex 14.4749 7.46881 3
      vertex 14.5999 7.1982 3
      vertex 16.9242 7.21439 3
    endloop
  endfacet
  facet normal 0 -0 1
    outer loop
      vertex 14.6396 6.90277 3
      vertex 16.8182 6.98935 3
      vertex 14.5999 7.1982 3
    endloop
  endfacet
  facet normal 0 0 1
    outer loop
      vertex 14.5904 6.60876 3
      vertex 16.8182 6.98935 3
      vertex 14.6396 6.90277 3
    endloop
  endfacet
  facet normal 0 0 1
    outer loop
      vertex 17.1083 10.1217 3
      vertex 14.4749 7.46881 3
      vertex 17.1194 7.43961 3
    endloop
  endfacet
  facet normal 0 0 1
    outer loop
      vertex 10.1354 -8.72105 3
      vertex 10.0385 -6.43066 3
      vertex 9.73352 -8.58363 3
    endloop
  endfacet
  facet normal 0 0 1
    outer loop
      vertex 40.5214 -5.72353 3
      vertex 40.3407 -5.4865 3
      vertex 38.0791 -5.61462 3
    endloop
  endfacet
  facet normal 0 0 1
    outer loop
      vertex 10.2789 -6.25444 3
      vertex 10.1354 -8.72105 3
      vertex 10.3647 -8.9115 3
    endloop
  endfacet
  facet normal 0 -0 1
    outer loop
      vertex 9.73352 -8.58363 3
      vertex 9.75685 -6.5282 3
      vertex 9.45894 -6.53838 3
    endloop
  endfacet
  facet normal 0 0 1
    outer loop
      vertex 3.17226 -7.86745 3
      vertex 3.47017 -7.85727 3
      vertex 3.39253 -5.83484 3
    endloop
  endfacet
  facet normal 0 0 1
    outer loop
      vertex 24.2813 -34.1471 3
      vertex 24.2231 -34.3653 3
      vertex 26.3477 -34.151 3
    endloop
  endfacet
  facet normal 0 0 1
    outer loop
      vertex 27.6232 5.56958 3
      vertex 27.7793 5.31566 3
      vertex 30.0276 5.25867 3
    endloop
  endfacet
  facet normal -0 0 1
    outer loop
      vertex 9.75685 -6.5282 3
      vertex 9.73352 -8.58363 3
      vertex 10.0385 -6.43066 3
    endloop
  endfacet
  facet normal 0 0 1
    outer loop
      vertex 10.2789 -6.25444 3
      vertex 10.3647 -8.9115 3
      vertex 12.7833 -6.59491 3
    endloop
  endfacet
  facet normal -0 0 1
    outer loop
      vertex 10.0385 -6.43066 3
      vertex 10.1354 -8.72105 3
      vertex 10.2789 -6.25444 3
    endloop
  endfacet
  facet normal 0 0 1
    outer loop
      vertex 12.7833 -6.59491 3
      vertex 12.6583 -6.3243 3
      vertex 10.2789 -6.25444 3
    endloop
  endfacet
  facet normal 0 0 1
    outer loop
      vertex 12.6583 -6.3243 3
      vertex 10.4567 -6.01517 3
      vertex 10.2789 -6.25444 3
    endloop
  endfacet
  facet normal 0 0 1
    outer loop
      vertex 10.5248 -5.85513 3
      vertex 10.4567 -6.01517 3
      vertex 12.6583 -6.3243 3
    endloop
  endfacet
  facet normal -0 0 1
    outer loop
      vertex 10.5248 -5.85513 3
      vertex 12.6186 -6.02887 3
      vertex 12.6678 -5.73486 3
    endloop
  endfacet
  facet normal 0 0 1
    outer loop
      vertex 10.5248 -5.85513 3
      vertex 12.6583 -6.3243 3
      vertex 12.6186 -6.02887 3
    endloop
  endfacet
  facet normal 0 0 1
    outer loop
      vertex 14.5904 6.60876 3
      vertex 10.5248 -5.85513 3
      vertex 12.6678 -5.73486 3
    endloop
  endfacet
  facet normal 0 0 1
    outer loop
      vertex 12.6678 -5.73486 3
      vertex 16.8182 6.98935 3
      vertex 14.5904 6.60876 3
    endloop
  endfacet
  facet normal 0 0 1
    outer loop
      vertex 17.1083 10.1217 3
      vertex 17.1194 7.43961 3
      vertex 17.3221 9.91396 3
    endloop
  endfacet
  facet normal 0 0 1
    outer loop
      vertex 17.1194 7.43961 3
      vertex 17.3724 7.59727 3
      vertex 17.3221 9.91396 3
    endloop
  endfacet
  facet normal 0 -0 1
    outer loop
      vertex 17.3724 7.59727 3
      vertex 17.7148 9.74507 3
      vertex 17.3221 9.91396 3
    endloop
  endfacet
  facet normal 0 -0 1
    outer loop
      vertex 17.6606 7.67336 3
      vertex 17.7148 9.74507 3
      vertex 17.3724 7.59727 3
    endloop
  endfacet
  facet normal 0 0 1
    outer loop
      vertex 17.9585 7.66112 3
      vertex 17.7148 9.74507 3
      vertex 17.6606 7.67336 3
    endloop
  endfacet
  facet normal 0 0 1
    outer loop
      vertex 26.1542 8.11606 3
      vertex 17.7148 9.74507 3
      vertex 17.9585 7.66112 3
    endloop
  endfacet
  facet normal 0 0 1
    outer loop
      vertex 26.1542 8.11606 3
      vertex 27.0484 5.90654 3
      vertex 26.452 8.10382 3
    endloop
  endfacet
  facet normal 0 -0 1
    outer loop
      vertex 29.9298 4.9845 3
      vertex 30.0276 5.25867 3
      vertex 27.7793 5.31566 3
    endloop
  endfacet
  facet normal 0 -0 1
    outer loop
      vertex 30.0276 5.25867 3
      vertex 30.2053 5.49803 3
      vertex 27.6232 5.56958 3
    endloop
  endfacet
  facet normal 0 0 1
    outer loop
      vertex 27.7793 5.31566 3
      vertex 27.8537 5.02699 3
      vertex 29.9298 4.9845 3
    endloop
  endfacet
  facet normal 0 0 1
    outer loop
      vertex 27.8537 5.02699 3
      vertex 27.8396 4.72925 3
      vertex 29.9298 4.9845 3
    endloop
  endfacet
  facet normal 0 0 1
    outer loop
      vertex 42.2684 9.70718 3
      vertex 41.8702 7.25011 3
      vertex 42.4759 9.49316 3
    endloop
  endfacet
  facet normal -0 0 1
    outer loop
      vertex 39.2595 6.36473 3
      vertex 39.2753 6.06708 3
      vertex 41.3219 6.45197 3
    endloop
  endfacet
  facet normal -0 0 1
    outer loop
      vertex 54.9864 -6.32779 3
      vertex 55 -10.1798 3
      vertex 55 -6.16339 3
    endloop
  endfacet
  facet normal 0 -0 1
    outer loop
      vertex 41.3935 -8.07829 3
      vertex 41.691 -8.06064 3
      vertex 41.1271 -6.00134 3
    endloop
  endfacet
  facet normal 0 0 1
    outer loop
      vertex 27.7868 -7.6963 3
      vertex 25.2729 -7.91444 3
      vertex 27.744 -10.3429 3
    endloop
  endfacet
  facet normal 0 0 1
    outer loop
      vertex 41.2589 -33.887 3
      vertex 39.2203 -34.113 3
      vertex 41.2697 -34.1849 3
    endloop
  endfacet
  facet normal 0 -0 1
    outer loop
      vertex -0.897751 -18.986 3
      vertex -0.0832672 -9.77406 3
      vertex -3.21751 -19.689 3
    endloop
  endfacet
  facet normal 0 0 1
    outer loop
      vertex -0.29834 -6.19917 3
      vertex -0.955078 -8.476 3
      vertex -0.664932 -8.54436 3
    endloop
  endfacet
  facet normal 0 0 1
    outer loop
      vertex -11.7263 -8.42189 3
      vertex -14.2344 -8.75064 3
      vertex -11.5093 -8.62624 3
    endloop
  endfacet
  facet normal 0 0 1
    outer loop
      vertex -14.7586 -9.02022 3
      vertex -14.8253 -11.0721 3
      vertex -14.4971 -11.1721 3
    endloop
  endfacet
  facet normal 0 0 1
    outer loop
      vertex -11.8735 -8.16266 3
      vertex -14.0547 -8.51282 3
      vertex -11.7263 -8.42189 3
    endloop
  endfacet
  facet normal -0 0 1
    outer loop
      vertex -13.9531 -8.23257 3
      vertex -14.0547 -8.51282 3
      vertex -11.8735 -8.16266 3
    endloop
  endfacet
  facet normal 0 0 1
    outer loop
      vertex -13.9531 -8.23257 3
      vertex -11.8735 -8.16266 3
      vertex -11.9377 -7.87158 3
    endloop
  endfacet
  facet normal 0 0 1
    outer loop
      vertex -13.9531 -8.23257 3
      vertex -11.9377 -7.87158 3
      vertex -13.9357 -7.96817 3
    endloop
  endfacet
  facet normal 0 -0 1
    outer loop
      vertex -13.9357 -7.96817 3
      vertex -12.828 5.29695 3
      vertex -14.845 5.48116 3
    endloop
  endfacet
  facet normal 0 0 1
    outer loop
      vertex -2.84299 6.65381 3
      vertex 0.42392 -4.95764 3
      vertex -0.684875 6.36786 3
    endloop
  endfacet
  facet normal 0 0 1
    outer loop
      vertex -12.6844 5.88449 3
      vertex -15.0564 6.03146 3
      vertex -14.9092 5.77223 3
    endloop
  endfacet
  facet normal 0 0 1
    outer loop
      vertex -12.243 6.27527 3
      vertex -12.3559 8.72568 3
      vertex -12.4931 6.11314 3
    endloop
  endfacet
  facet normal 0 0 1
    outer loop
      vertex -12.119 8.54472 3
      vertex -11.9562 6.35645 3
      vertex -11.8393 8.44164 3
    endloop
  endfacet
  facet normal 0 0 1
    outer loop
      vertex -11.9562 6.35645 3
      vertex -11.5113 8.42896 3
      vertex -11.8393 8.44164 3
    endloop
  endfacet
  facet normal 0 0 1
    outer loop
      vertex -11.5113 8.42896 3
      vertex -11.9562 6.35645 3
      vertex -3.93153 7.375 3
    endloop
  endfacet
  facet normal -0 0 1
    outer loop
      vertex -11.5113 8.42896 3
      vertex -3.93153 7.375 3
      vertex -3.94307 9.38956 3
    endloop
  endfacet
  facet normal 0 0 1
    outer loop
      vertex -3.65625 9.47073 3
      vertex -3.70604 7.37799 3
      vertex -3.41718 7.30444 3
    endloop
  endfacet
  facet normal 0 -0 1
    outer loop
      vertex -2.96559 6.92551 3
      vertex -0.516968 7.24567 3
      vertex -3.16283 7.149 3
    endloop
  endfacet
  facet normal 0 -0 1
    outer loop
      vertex -2.84299 6.65381 3
      vertex -0.660568 6.98445 3
      vertex -2.96559 6.92551 3
    endloop
  endfacet
  facet normal 0 -0 1
    outer loop
      vertex -0.720795 6.6925 3
      vertex -0.660568 6.98445 3
      vertex -2.84299 6.65381 3
    endloop
  endfacet
  facet normal -0 -0 1
    outer loop
      vertex 0.42392 -4.95764 3
      vertex 2.5451 -5.11234 3
      vertex -0.684875 6.36786 3
    endloop
  endfacet
  facet normal 0 0 1
    outer loop
      vertex 2.86494 -5.60753 3
      vertex 2.66771 -5.38403 3
      vertex 0.370071 -5.64577 3
    endloop
  endfacet
  facet normal -0 0 1
    outer loop
      vertex -0.0229034 -6.08519 3
      vertex 2.47238 -8.38048 3
      vertex 0.206696 -5.8951 3
    endloop
  endfacet
  facet normal -0 0 1
    outer loop
      vertex -0.29834 -6.19917 3
      vertex -0.407837 -8.69519 3
      vertex -0.0229034 -6.08519 3
    endloop
  endfacet
  facet normal 0 -0 1
    outer loop
      vertex 2.47238 -8.38048 3
      vertex 2.65016 -8.1412 3
      vertex 0.206696 -5.8951 3
    endloop
  endfacet
  facet normal -0 0 1
    outer loop
      vertex -10.9473 -8.80409 3
      vertex -11.1573 -10.9486 3
      vertex -10.6996 -8.77481 3
    endloop
  endfacet
  facet normal 0 -0 1
    outer loop
      vertex 14.1149 -9.17847 3
      vertex 14.4129 -9.17206 3
      vertex 13.4907 -7.03677 3
    endloop
  endfacet
  facet normal -0 0 1
    outer loop
      vertex 54.8262 5.33311 3
      vertex 54.9556 5.06454 3
      vertex 54.8733 8.31921 3
    endloop
  endfacet
  facet normal 0 0 1
    outer loop
      vertex 38.0791 -5.61462 3
      vertex 40.3407 -5.4865 3
      vertex 38.1779 -5.26813 3
    endloop
  endfacet
  facet normal 0 0 1
    outer loop
      vertex 24.7346 -10.5825 3
      vertex 24.5667 -8.41858 3
      vertex 24.3555 -10.4527 3
    endloop
  endfacet
  facet normal 0 0 1
    outer loop
      vertex 40.3407 -5.4865 3
      vertex 40.2378 -5.20671 3
      vertex 38.1779 -5.26813 3
    endloop
  endfacet
  facet normal 0 -0 1
    outer loop
      vertex 27.5704 -6.85597 3
      vertex 27.8396 4.72925 3
      vertex 25.3771 -7.6286 3
    endloop
  endfacet
  facet normal 0 0 1
    outer loop
      vertex 40.2378 -5.20671 3
      vertex 40.222 -4.90906 3
      vertex 38.1779 -5.26813 3
    endloop
  endfacet
  facet normal 0 0 1
    outer loop
      vertex 25.0921 -8.15144 3
      vertex 24.8495 -8.32462 3
      vertex 24.9662 -10.7702 3
    endloop
  endfacet
  facet normal 0 0 1
    outer loop
      vertex 39.6477 9.64699 3
      vertex 39.4074 9.47061 3
      vertex 41.6264 7.0786 3
    endloop
  endfacet
  facet normal 0 0 1
    outer loop
      vertex 42.4759 9.49316 3
      vertex 41.8702 7.25011 3
      vertex 42.1537 7.34215 3
    endloop
  endfacet
  facet normal 0 0 1
    outer loop
      vertex 42.4518 7.34651 3
      vertex 53.8655 7.81554 3
      vertex 42.9476 9.29753 3
    endloop
  endfacet
  facet normal 0 0 1
    outer loop
      vertex 42.7372 9.34979 3
      vertex 42.4759 9.49316 3
      vertex 42.1537 7.34215 3
    endloop
  endfacet
  facet normal 0 0 1
    outer loop
      vertex 42.7372 9.34979 3
      vertex 42.1537 7.34215 3
      vertex 42.4518 7.34651 3
    endloop
  endfacet
  facet normal -0 0 1
    outer loop
      vertex 53.8655 7.81554 3
      vertex 54.1345 5.7607 3
      vertex 54.1635 7.8199 3
    endloop
  endfacet
  facet normal 0 0 1
    outer loop
      vertex 54.6909 8.08345 3
      vertex 54.6235 5.55162 3
      vertex 54.8262 5.33311 3
    endloop
  endfacet
  facet normal -0 0 1
    outer loop
      vertex 54.6909 8.08345 3
      vertex 54.8262 5.33311 3
      vertex 54.8733 8.31921 3
    endloop
  endfacet
  facet normal -0 0 1
    outer loop
      vertex 55 -6.16339 3
      vertex 60 -36 3
      vertex 55 4.76979 3
    endloop
  endfacet
  facet normal -0 0 1
    outer loop
      vertex 54.9781 8.59827 3
      vertex 55 4.76979 3
      vertex 55 8.80644 3
    endloop
  endfacet
  facet normal 0 0 1
    outer loop
      vertex 55 4.76979 3
      vertex 60 36 3
      vertex 55 8.80644 3
    endloop
  endfacet
  facet normal 0 -0 1
    outer loop
      vertex 60 -36 3
      vertex 60 36 3
      vertex 55 4.76979 3
    endloop
  endfacet
  facet normal 0 0 1
    outer loop
      vertex 54.9864 -6.32779 3
      vertex 54.8941 -6.61122 3
      vertex 54.9556 -9.88503 3
    endloop
  endfacet
  facet normal 0 0 1
    outer loop
      vertex 54.8262 -9.61646 3
      vertex 54.7224 -6.85487 3
      vertex 54.6235 -9.39795 3
    endloop
  endfacet
  facet normal 0 0 1
    outer loop
      vertex 54.6235 -9.39795 3
      vertex 54.4865 -7.03708 3
      vertex 54.3653 -9.2489 3
    endloop
  endfacet
  facet normal 0 0 1
    outer loop
      vertex 54.4865 -7.03708 3
      vertex 54.2073 -7.14166 3
      vertex 54.3653 -9.2489 3
    endloop
  endfacet
  facet normal 0 0 1
    outer loop
      vertex 54.2073 -7.14166 3
      vertex 54.0902 -9.18385 3
      vertex 54.3653 -9.2489 3
    endloop
  endfacet
  facet normal 0 0 1
    outer loop
      vertex 53.9098 -7.15932 3
      vertex 41.691 -8.06064 3
      vertex 54.0902 -9.18385 3
    endloop
  endfacet
  facet normal 0 0 1
    outer loop
      vertex 38.2059 -8.45618 3
      vertex 37.9088 -5.85922 3
      vertex 37.9593 -8.28871 3
    endloop
  endfacet
  facet normal -0 0 1
    outer loop
      vertex 25.0921 -8.15144 3
      vertex 27.5091 -10.5264 3
      vertex 25.2729 -7.91444 3
    endloop
  endfacet
  facet normal 0 0 1
    outer loop
      vertex 27.7868 -7.6963 3
      vertex 27.6307 -7.44238 3
      vertex 25.2729 -7.91444 3
    endloop
  endfacet
  facet normal 0 0 1
    outer loop
      vertex 27.6307 -7.44238 3
      vertex 25.3771 -7.6286 3
      vertex 25.2729 -7.91444 3
    endloop
  endfacet
  facet normal 0 0 1
    outer loop
      vertex 27.5563 -7.15372 3
      vertex 25.3771 -7.6286 3
      vertex 27.6307 -7.44238 3
    endloop
  endfacet
  facet normal 0 0 1
    outer loop
      vertex 27.5704 -6.85597 3
      vertex 25.3771 -7.6286 3
      vertex 27.5563 -7.15372 3
    endloop
  endfacet
  facet normal 0 -0 1
    outer loop
      vertex 30.2053 5.49803 3
      vertex 30.2393 7.87358 3
      vertex 29.9821 8.02429 3
    endloop
  endfacet
  facet normal -0 0 1
    outer loop
      vertex 27.8396 4.72925 3
      vertex 27.5704 -6.85597 3
      vertex 29.9298 4.9845 3
    endloop
  endfacet
  facet normal 0 0 1
    outer loop
      vertex 30.2053 5.49803 3
      vertex 30.4456 5.67442 3
      vertex 30.2393 7.87358 3
    endloop
  endfacet
  facet normal 0 -0 1
    outer loop
      vertex 30.4456 5.67442 3
      vertex 30.5295 7.80539 3
      vertex 30.2393 7.87358 3
    endloop
  endfacet
  facet normal 0 0 1
    outer loop
      vertex 30.794 7.81905 3
      vertex 30.5295 7.80539 3
      vertex 30.7272 5.77213 3
    endloop
  endfacet
  facet normal 0 0 1
    outer loop
      vertex 30.7272 5.77213 3
      vertex 30.5295 7.80539 3
      vertex 30.4456 5.67442 3
    endloop
  endfacet
  facet normal 0 0 1
    outer loop
      vertex 38.0966 7.14648 3
      vertex 30.794 7.81905 3
      vertex 30.7272 5.77213 3
    endloop
  endfacet
  facet normal 0 0 1
    outer loop
      vertex 38.9759 6.88155 3
      vertex 39.4074 9.47061 3
      vertex 39.1257 9.37289 3
    endloop
  endfacet
  facet normal 0 0 1
    outer loop
      vertex 39.1257 9.37289 3
      vertex 30.794 7.81905 3
      vertex 38.0966 7.14648 3
    endloop
  endfacet
  facet normal 0 -0 1
    outer loop
      vertex 38.9759 6.88155 3
      vertex 39.1257 9.37289 3
      vertex 38.7333 7.05478 3
    endloop
  endfacet
  facet normal 0 0 1
    outer loop
      vertex 39.1257 9.37289 3
      vertex 38.0966 7.14648 3
      vertex 38.4505 7.1488 3
    endloop
  endfacet
  facet normal 0 -0 1
    outer loop
      vertex 41.444 6.84283 3
      vertex 41.6264 7.0786 3
      vertex 38.9759 6.88155 3
    endloop
  endfacet
  facet normal 0 0 1
    outer loop
      vertex 41.444 6.84283 3
      vertex 38.9759 6.88155 3
      vertex 39.1566 6.64452 3
    endloop
  endfacet
  facet normal 0 0 1
    outer loop
      vertex 41.444 6.84283 3
      vertex 39.1566 6.64452 3
      vertex 41.3219 6.45197 3
    endloop
  endfacet
  facet normal 0 0 1
    outer loop
      vertex 39.1566 6.64452 3
      vertex 39.2595 6.36473 3
      vertex 41.3219 6.45197 3
    endloop
  endfacet
  facet normal 0 0 1
    outer loop
      vertex 41.3219 6.45197 3
      vertex 39.2753 6.06708 3
      vertex 40.222 -4.90906 3
    endloop
  endfacet
  facet normal 0 0 1
    outer loop
      vertex 40.222 -4.90906 3
      vertex 39.2753 6.06708 3
      vertex 38.1779 -5.26813 3
    endloop
  endfacet
  facet normal 0 0 1
    outer loop
      vertex 37.9088 -5.85922 3
      vertex 40.5214 -5.72353 3
      vertex 38.0791 -5.61462 3
    endloop
  endfacet
  facet normal 0 0 1
    outer loop
      vertex 37.6743 -8.20137 3
      vertex 37.3953 -6.14886 3
      vertex 37.3143 -8.21338 3
    endloop
  endfacet
  facet normal 0 0 1
    outer loop
      vertex 38.2059 -8.45618 3
      vertex 40.8784 -8.36508 3
      vertex 40.5214 -5.72353 3
    endloop
  endfacet
  facet normal 0 0 1
    outer loop
      vertex 37.9593 -8.28871 3
      vertex 37.9088 -5.85922 3
      vertex 37.6739 -6.04274 3
    endloop
  endfacet
  facet normal 0 0 1
    outer loop
      vertex 26.153 -18.3072 3
      vertex 28.256 -18.1295 3
      vertex 28.1704 -17.844 3
    endloop
  endfacet
  facet normal 0 0 1
    outer loop
      vertex 27.744 -10.3429 3
      vertex 28.0225 -10.2368 3
      vertex 28.0109 -7.89291 3
    endloop
  endfacet
  facet normal 0 0 1
    outer loop
      vertex 24.3555 -10.4527 3
      vertex 24.2686 -8.42499 3
      vertex 14.4129 -9.17206 3
    endloop
  endfacet
  facet normal 0 0 1
    outer loop
      vertex 12.7833 -6.59491 3
      vertex 10.3647 -8.9115 3
      vertex 12.9825 -6.81665 3
    endloop
  endfacet
  facet normal 0 0 1
    outer loop
      vertex -3.34003 -19.9439 3
      vertex -0.774414 -19.8449 3
      vertex -3.21751 -19.689 3
    endloop
  endfacet
  facet normal 0 0 1
    outer loop
      vertex -0.573181 -20.0648 3
      vertex -0.774414 -19.8449 3
      vertex -3.34003 -19.9439 3
    endloop
  endfacet
  facet normal 0 0 1
    outer loop
      vertex -27.1444 -21.9885 3
      vertex -24.6584 -21.8309 3
      vertex -24.8311 -21.588 3
    endloop
  endfacet
  facet normal 0 -0 1
    outer loop
      vertex -26.6975 -10.5313 3
      vertex -26.5959 -10.2511 3
      vertex -28.8484 -10.2139 3
    endloop
  endfacet
  facet normal -0 0 1
    outer loop
      vertex -0.0367889 -9.47963 3
      vertex -0.0832672 -9.77406 3
      vertex 2.40147 -8.54921 3
    endloop
  endfacet
  facet normal 0 0 1
    outer loop
      vertex -11.2417 -8.75752 3
      vertex -11.5093 -8.62624 3
      vertex -11.4327 -11.0626 3
    endloop
  endfacet
  facet normal 0 -0 1
    outer loop
      vertex -0.955078 -8.476 3
      vertex -0.29834 -6.19917 3
      vertex -1.27713 -8.50197 3
    endloop
  endfacet
  facet normal -0 0 1
    outer loop
      vertex 0.206696 -5.8951 3
      vertex 2.65016 -8.1412 3
      vertex 2.86494 -5.60753 3
    endloop
  endfacet
  facet normal 0 0 1
    outer loop
      vertex 2.89058 -7.96498 3
      vertex 2.86494 -5.60753 3
      vertex 2.65016 -8.1412 3
    endloop
  endfacet
  facet normal 0 -0 1
    outer loop
      vertex 3.47017 -7.85727 3
      vertex 9.45894 -6.53838 3
      vertex 3.39253 -5.83484 3
    endloop
  endfacet
  facet normal 0 0 1
    outer loop
      vertex 3.11929 -5.76297 3
      vertex 2.86494 -5.60753 3
      vertex 2.89058 -7.96498 3
    endloop
  endfacet
  facet normal 0 0 1
    outer loop
      vertex 3.11929 -5.76297 3
      vertex 2.89058 -7.96498 3
      vertex 3.17226 -7.86745 3
    endloop
  endfacet
  facet normal 0 0 1
    outer loop
      vertex 3.11929 -5.76297 3
      vertex 3.17226 -7.86745 3
      vertex 3.39253 -5.83484 3
    endloop
  endfacet
  facet normal 0 0 1
    outer loop
      vertex 9.45894 -6.53838 3
      vertex 3.47017 -7.85727 3
      vertex 9.73352 -8.58363 3
    endloop
  endfacet
  facet normal -0 0 1
    outer loop
      vertex 10.3647 -8.9115 3
      vertex 10.5277 -9.16107 3
      vertex 12.9825 -6.81665 3
    endloop
  endfacet
  facet normal 0 0 1
    outer loop
      vertex 10.5277 -9.16107 3
      vertex 13.4086 -9.6826 3
      vertex 13.5894 -9.4456 3
    endloop
  endfacet
  facet normal 0 -0 1
    outer loop
      vertex 13.2898 -10.26 3
      vertex 13.3057 -9.96236 3
      vertex 10.5277 -9.16107 3
    endloop
  endfacet
  facet normal 0 0 1
    outer loop
      vertex 13.3758 -10.5798 3
      vertex 10.5277 -9.16107 3
      vertex 15.0118 -18.966 3
    endloop
  endfacet
  facet normal 0 0 1
    outer loop
      vertex 42.521 -17.5122 3
      vertex 40.3559 -17.7263 3
      vertex 42.6304 -17.7895 3
    endloop
  endfacet
  facet normal 0 0 1
    outer loop
      vertex 40.3888 -17.1652 3
      vertex 40.4133 -17.4338 3
      vertex 42.521 -17.5122 3
    endloop
  endfacet
  facet normal 0 0 1
    outer loop
      vertex 39.7381 -18.3357 3
      vertex 39.6309 -20.3843 3
      vertex 39.8483 -20.4015 3
    endloop
  endfacet
  facet normal 0 0 1
    outer loop
      vertex 40.0026 -18.1982 3
      vertex 40.1296 -20.5002 3
      vertex 40.3692 -20.6775 3
    endloop
  endfacet
  facet normal 0 0 1
    outer loop
      vertex 40.3692 -20.6775 3
      vertex 40.2148 -17.9889 3
      vertex 40.0026 -18.1982 3
    endloop
  endfacet
  facet normal -0 0 1
    outer loop
      vertex 25.2731 -21.191 3
      vertex 25.5508 -21.2994 3
      vertex 25.619 -18.9912 3
    endloop
  endfacet
  facet normal -0 -0 1
    outer loop
      vertex 14.4352 -22.3842 3
      vertex 14.8238 -22.4656 3
      vertex 14.3907 -20.3394 3
    endloop
  endfacet
  facet normal -0 0 1
    outer loop
      vertex 54.0164 -18.1149 3
      vertex 53.9836 -20.1158 3
      vertex 54.3104 -18.0657 3
    endloop
  endfacet
  facet normal 0 -0 1
    outer loop
      vertex 41.691 -8.06064 3
      vertex 53.9098 -7.15932 3
      vertex 41.1271 -6.00134 3
    endloop
  endfacet
  facet normal 0 0 1
    outer loop
      vertex 40.3559 -17.7263 3
      vertex 42.521 -17.5122 3
      vertex 40.4133 -17.4338 3
    endloop
  endfacet
  facet normal -0 0 1
    outer loop
      vertex 24.2813 -34.1471 3
      vertex 26.3477 -34.151 3
      vertex 26.3471 -33.8529 3
    endloop
  endfacet
  facet normal 0 0 1
    outer loop
      vertex 27.7868 -7.6963 3
      vertex 27.744 -10.3429 3
      vertex 28.0109 -7.89291 3
    endloop
  endfacet
  facet normal 0 0 1
    outer loop
      vertex 37.6743 -8.20137 3
      vertex 37.6739 -6.04274 3
      vertex 37.3953 -6.14886 3
    endloop
  endfacet
  facet normal -0 -0 1
    outer loop
      vertex 37.6743 -8.20137 3
      vertex 37.9593 -8.28871 3
      vertex 37.6739 -6.04274 3
    endloop
  endfacet
  facet normal 0 0 1
    outer loop
      vertex 40.764 -5.89676 3
      vertex 40.5214 -5.72353 3
      vertex 40.8784 -8.36508 3
    endloop
  endfacet
  facet normal 0 0 1
    outer loop
      vertex 40.764 -5.89676 3
      vertex 40.8784 -8.36508 3
      vertex 41.1143 -8.18288 3
    endloop
  endfacet
  facet normal 0 0 1
    outer loop
      vertex 40.764 -5.89676 3
      vertex 41.1143 -8.18288 3
      vertex 41.1271 -6.00134 3
    endloop
  endfacet
  facet normal 0 0 1
    outer loop
      vertex 41.1143 -8.18288 3
      vertex 41.3935 -8.07829 3
      vertex 41.1271 -6.00134 3
    endloop
  endfacet
  facet normal -0 0 1
    outer loop
      vertex 53.9098 -7.15932 3
      vertex 54.0902 -9.18385 3
      vertex 54.2073 -7.14166 3
    endloop
  endfacet
  facet normal -0 0 1
    outer loop
      vertex 55 -10.1798 3
      vertex 60 -36 3
      vertex 55 -6.16339 3
    endloop
  endfacet
  facet normal 0 0 1
    outer loop
      vertex 54.7224 -6.85487 3
      vertex 54.4865 -7.03708 3
      vertex 54.6235 -9.39795 3
    endloop
  endfacet
  facet normal 0 0 1
    outer loop
      vertex 54.8941 -6.61122 3
      vertex 54.7224 -6.85487 3
      vertex 54.8262 -9.61646 3
    endloop
  endfacet
  facet normal 0 0 1
    outer loop
      vertex 54.8941 -6.61122 3
      vertex 54.8262 -9.61646 3
      vertex 54.9556 -9.88503 3
    endloop
  endfacet
  facet normal 0 0 1
    outer loop
      vertex 54.9864 -6.32779 3
      vertex 54.9556 -9.88503 3
      vertex 55 -10.1798 3
    endloop
  endfacet
  facet normal -0 0 1
    outer loop
      vertex 55 -17.1151 3
      vertex 60 -36 3
      vertex 55 -10.1798 3
    endloop
  endfacet
  facet normal 0 0 1
    outer loop
      vertex 54.9368 -17.4651 3
      vertex 54.8262 -20.5523 3
      vertex 54.9556 -20.8209 3
    endloop
  endfacet
  facet normal 0 0 1
    outer loop
      vertex 54.6235 -20.3338 3
      vertex 54.5768 -17.9319 3
      vertex 54.3653 -20.1848 3
    endloop
  endfacet
  facet normal 0 0 1
    outer loop
      vertex 54.5768 -17.9319 3
      vertex 54.3104 -18.0657 3
      vertex 54.3653 -20.1848 3
    endloop
  endfacet
  facet normal 0 0 1
    outer loop
      vertex 54.3104 -18.0657 3
      vertex 53.9836 -20.1158 3
      vertex 54.3653 -20.1848 3
    endloop
  endfacet
  facet normal 0 0 1
    outer loop
      vertex 56.5962 -39.9553 3
      vertex 54.5633 -34.8262 3
      vertex 56.2989 -39.9888 3
    endloop
  endfacet
  facet normal 0 0 1
    outer loop
      vertex 28.256 -18.1295 3
      vertex 26.153 -18.3072 3
      vertex 26.047 -18.5858 3
    endloop
  endfacet
  facet normal 0 0 1
    outer loop
      vertex 28.1704 -17.844 3
      vertex 26.1658 -17.9536 3
      vertex 26.153 -18.3072 3
    endloop
  endfacet
  facet normal -0 0 1
    outer loop
      vertex 14.3907 -20.3394 3
      vertex 14.8238 -22.4656 3
      vertex 14.6602 -20.2119 3
    endloop
  endfacet
  facet normal 0 0 1
    outer loop
      vertex 27.248 -11.055 3
      vertex 25.2177 -11.3033 3
      vertex 27.2453 -11.355 3
    endloop
  endfacet
  facet normal -0 0 1
    outer loop
      vertex 15.0308 -19.7535 3
      vertex 17.6649 -19.8514 3
      vertex 17.5019 -19.6018 3
    endloop
  endfacet
  facet normal 0 0 1
    outer loop
      vertex 15.0308 -19.7535 3
      vertex 14.8801 -20.0106 3
      vertex 17.6649 -19.8514 3
    endloop
  endfacet
  facet normal 0 0 1
    outer loop
      vertex 24.5667 -8.41858 3
      vertex 24.2686 -8.42499 3
      vertex 24.3555 -10.4527 3
    endloop
  endfacet
  facet normal 0 0 1
    outer loop
      vertex 24.9662 -10.7702 3
      vertex 27.5091 -10.5264 3
      vertex 25.0921 -8.15144 3
    endloop
  endfacet
  facet normal 0 0 1
    outer loop
      vertex 24.9662 -10.7702 3
      vertex 24.8495 -8.32462 3
      vertex 24.7346 -10.5825 3
    endloop
  endfacet
  facet normal 0 -0 1
    outer loop
      vertex 24.7346 -10.5825 3
      vertex 24.8495 -8.32462 3
      vertex 24.5667 -8.41858 3
    endloop
  endfacet
  facet normal 0 0 1
    outer loop
      vertex 27.744 -10.3429 3
      vertex 25.2729 -7.91444 3
      vertex 27.5091 -10.5264 3
    endloop
  endfacet
  facet normal 0 -0 1
    outer loop
      vertex 28.0225 -10.2368 3
      vertex 28.2829 -8.01477 3
      vertex 28.0109 -7.89291 3
    endloop
  endfacet
  facet normal 0 0 1
    outer loop
      vertex 28.7639 -8.02849 3
      vertex 28.5788 -8.05101 3
      vertex 28.0225 -10.2368 3
    endloop
  endfacet
  facet normal 0 0 1
    outer loop
      vertex 28.0225 -10.2368 3
      vertex 28.5788 -8.05101 3
      vertex 28.2829 -8.01477 3
    endloop
  endfacet
  facet normal 0 0 1
    outer loop
      vertex 37.3143 -8.21338 3
      vertex 28.7639 -8.02849 3
      vertex 28.0225 -10.2368 3
    endloop
  endfacet
  facet normal 0 0 1
    outer loop
      vertex 37.3953 -6.14886 3
      vertex 28.7639 -8.02849 3
      vertex 37.3143 -8.21338 3
    endloop
  endfacet
  facet normal -0 0 1
    outer loop
      vertex 37.9088 -5.85922 3
      vertex 38.2059 -8.45618 3
      vertex 40.5214 -5.72353 3
    endloop
  endfacet
  facet normal 0 -0 1
    outer loop
      vertex 38.3922 -8.68889 3
      vertex 40.7067 -8.60873 3
      vertex 38.2059 -8.45618 3
    endloop
  endfacet
  facet normal -0 0 1
    outer loop
      vertex 38.2059 -8.45618 3
      vertex 40.7067 -8.60873 3
      vertex 40.8784 -8.36508 3
    endloop
  endfacet
  facet normal -0 0 1
    outer loop
      vertex 38.3922 -8.68889 3
      vertex 40.6144 -8.89217 3
      vertex 40.7067 -8.60873 3
    endloop
  endfacet
  facet normal 0 0 1
    outer loop
      vertex 40.6263 -9.28088 3
      vertex 40.6144 -8.89217 3
      vertex 38.5016 -8.96616 3
    endloop
  endfacet
  facet normal 0 -0 1
    outer loop
      vertex 38.5016 -8.96616 3
      vertex 40.6144 -8.89217 3
      vertex 38.3922 -8.68889 3
    endloop
  endfacet
  facet normal 0 0 1
    outer loop
      vertex 40.6263 -9.28088 3
      vertex 38.5016 -8.96616 3
      vertex 40.3888 -17.1652 3
    endloop
  endfacet
  facet normal 0 0 1
    outer loop
      vertex 40.6263 -9.28088 3
      vertex 40.3888 -17.1652 3
      vertex 42.521 -17.5122 3
    endloop
  endfacet
  facet normal 0 0 1
    outer loop
      vertex 40.2148 -17.9889 3
      vertex 42.6304 -17.7895 3
      vertex 40.3559 -17.7263 3
    endloop
  endfacet
  facet normal 0 0 1
    outer loop
      vertex 42.8167 -18.0222 3
      vertex 42.6304 -17.7895 3
      vertex 40.2148 -17.9889 3
    endloop
  endfacet
  facet normal 0 -0 1
    outer loop
      vertex 40.3692 -20.6775 3
      vertex 42.8167 -18.0222 3
      vertex 40.2148 -17.9889 3
    endloop
  endfacet
  facet normal 0 0 1
    outer loop
      vertex 40.1296 -20.5002 3
      vertex 40.0026 -18.1982 3
      vertex 39.7381 -18.3357 3
    endloop
  endfacet
  facet normal 0 -0 1
    outer loop
      vertex 28.5769 -20.8959 3
      vertex 28.6535 -18.5648 3
      vertex 28.4219 -18.3771 3
    endloop
  endfacet
  facet normal 0 0 1
    outer loop
      vertex 38.2267 -35 3
      vertex 42.2525 -35 3
      vertex 42.0655 -34.9824 3
    endloop
  endfacet
  facet normal 0 0 1
    outer loop
      vertex -0.774414 -19.8449 3
      vertex -0.901871 -19.5755 3
      vertex -3.21751 -19.689 3
    endloop
  endfacet
  facet normal 0 0 1
    outer loop
      vertex -27.4984 -24.5585 3
      vertex -27.6169 -22.341 3
      vertex -27.7717 -24.4396 3
    endloop
  endfacet
  facet normal 0 0 1
    outer loop
      vertex -25.5773 -35 3
      vertex -25.8353 -34.9662 3
      vertex -29.6476 -35 3
    endloop
  endfacet
  facet normal 0 0 1
    outer loop
      vertex -27.6169 -22.341 3
      vertex -27.9095 -22.3979 3
      vertex -27.7717 -24.4396 3
    endloop
  endfacet
  facet normal 0 -0 1
    outer loop
      vertex -26.7028 -10.8967 3
      vertex -26.6975 -10.5313 3
      vertex -28.8484 -10.2139 3
    endloop
  endfacet
  facet normal 0 0 1
    outer loop
      vertex -27.0603 -7.25737 3
      vertex -29.3512 -9.50667 3
      vertex -29.1146 -9.68793 3
    endloop
  endfacet
  facet normal 0 0 1
    outer loop
      vertex -14.2344 -8.75064 3
      vertex -14.4762 -8.92494 3
      vertex -14.2541 -11.3447 3
    endloop
  endfacet
  facet normal 0 0 1
    outer loop
      vertex -14.4762 -8.92494 3
      vertex -14.7586 -9.02022 3
      vertex -14.4971 -11.1721 3
    endloop
  endfacet
  facet normal 0 0 1
    outer loop
      vertex -11.4327 -11.0626 3
      vertex -11.5093 -8.62624 3
      vertex -11.6623 -11.2527 3
    endloop
  endfacet
  facet normal 0 -0 1
    outer loop
      vertex -11.6623 -11.2527 3
      vertex -11.5093 -8.62624 3
      vertex -14.2344 -8.75064 3
    endloop
  endfacet
  facet normal 0 0 1
    outer loop
      vertex -11.1573 -10.9486 3
      vertex -11.2417 -8.75752 3
      vertex -11.4327 -11.0626 3
    endloop
  endfacet
  facet normal 0 0 1
    outer loop
      vertex -10.9473 -8.80409 3
      vertex -11.2417 -8.75752 3
      vertex -11.1573 -10.9486 3
    endloop
  endfacet
  facet normal -0 0 1
    outer loop
      vertex -10.6996 -8.77481 3
      vertex -11.1573 -10.9486 3
      vertex -1.27713 -8.50197 3
    endloop
  endfacet
  facet normal 0 0 1
    outer loop
      vertex -10.6996 -8.77481 3
      vertex -1.27713 -8.50197 3
      vertex -0.29834 -6.19917 3
    endloop
  endfacet
  facet normal -0 0 1
    outer loop
      vertex -0.664932 -8.54436 3
      vertex -0.407837 -8.69519 3
      vertex -0.29834 -6.19917 3
    endloop
  endfacet
  facet normal 0 0 1
    outer loop
      vertex 2.47238 -8.38048 3
      vertex -0.0229034 -6.08519 3
      vertex -0.407837 -8.69519 3
    endloop
  endfacet
  facet normal 0 0 1
    outer loop
      vertex 2.47238 -8.38048 3
      vertex -0.407837 -8.69519 3
      vertex -0.206604 -8.91512 3
    endloop
  endfacet
  facet normal 0 0 1
    outer loop
      vertex 2.47238 -8.38048 3
      vertex -0.206604 -8.91512 3
      vertex 2.40147 -8.54921 3
    endloop
  endfacet
  facet normal -0 0 1
    outer loop
      vertex -0.206604 -8.91512 3
      vertex -0.0791473 -9.18457 3
      vertex 2.40147 -8.54921 3
    endloop
  endfacet
  facet normal -0 0 1
    outer loop
      vertex -0.0791473 -9.18457 3
      vertex -0.0367889 -9.47963 3
      vertex 2.40147 -8.54921 3
    endloop
  endfacet
  facet normal 0 0 1
    outer loop
      vertex -0.897751 -18.986 3
      vertex 2.40147 -8.54921 3
      vertex -0.0832672 -9.77406 3
    endloop
  endfacet
  facet normal 0 0 1
    outer loop
      vertex -0.944229 -19.2804 3
      vertex -3.21751 -19.689 3
      vertex -0.901871 -19.5755 3
    endloop
  endfacet
  facet normal 0 -0 1
    outer loop
      vertex -0.944229 -19.2804 3
      vertex -0.897751 -18.986 3
      vertex -3.21751 -19.689 3
    endloop
  endfacet
  facet normal -0 0 1
    outer loop
      vertex -3.79781 -20.3153 3
      vertex -3.79169 -22.5013 3
      vertex -3.54092 -20.1641 3
    endloop
  endfacet
  facet normal 0 0 1
    outer loop
      vertex -4.08784 -20.3841 3
      vertex -4.302 -22.4089 3
      vertex -4.07718 -22.4156 3
    endloop
  endfacet
  facet normal 0 0 1
    outer loop
      vertex -0.914612 -22.6575 3
      vertex -3.54092 -20.1641 3
      vertex -3.54416 -22.6674 3
    endloop
  endfacet
  facet normal 0 0 1
    outer loop
      vertex -11.8503 -21.0002 3
      vertex -12.2403 -23.0715 3
      vertex -11.5989 -21.011 3
    endloop
  endfacet
  facet normal 0 0 1
    outer loop
      vertex 26.047 -18.5858 3
      vertex 28.4219 -18.3771 3
      vertex 28.256 -18.1295 3
    endloop
  endfacet
  facet normal -0 0 1
    outer loop
      vertex 14.6602 -20.2119 3
      vertex 15.077 -22.623 3
      vertex 14.8801 -20.0106 3
    endloop
  endfacet
  facet normal 0 0 1
    outer loop
      vertex 15.0308 -19.7535 3
      vertex 17.5019 -19.6018 3
      vertex 15.0991 -19.4633 3
    endloop
  endfacet
  facet normal 0 0 1
    outer loop
      vertex 15.0788 -19.1659 3
      vertex 15.0991 -19.4633 3
      vertex 17.5019 -19.6018 3
    endloop
  endfacet
  facet normal -0 -0 1
    outer loop
      vertex 15.0788 -19.1659 3
      vertex 17.5019 -19.6018 3
      vertex 15.0118 -18.966 3
    endloop
  endfacet
  facet normal 0 0 1
    outer loop
      vertex 17.5019 -19.6018 3
      vertex 13.3758 -10.5798 3
      vertex 15.0118 -18.966 3
    endloop
  endfacet
  facet normal 0 -0 1
    outer loop
      vertex 13.3057 -9.96236 3
      vertex 13.4086 -9.6826 3
      vertex 10.5277 -9.16107 3
    endloop
  endfacet
  facet normal 0 0 1
    outer loop
      vertex 13.3758 -10.5798 3
      vertex 13.2898 -10.26 3
      vertex 10.5277 -9.16107 3
    endloop
  endfacet
  facet normal 0 -0 1
    outer loop
      vertex 14.4129 -9.17206 3
      vertex 24.2686 -8.42499 3
      vertex 13.4907 -7.03677 3
    endloop
  endfacet
  facet normal -0 0 1
    outer loop
      vertex 10.5277 -9.16107 3
      vertex 13.5894 -9.4456 3
      vertex 12.9825 -6.81665 3
    endloop
  endfacet
  facet normal 0 0 1
    outer loop
      vertex 13.2382 -6.96983 3
      vertex 12.9825 -6.81665 3
      vertex 13.5894 -9.4456 3
    endloop
  endfacet
  facet normal 0 0 1
    outer loop
      vertex 13.2382 -6.96983 3
      vertex 13.5894 -9.4456 3
      vertex 13.832 -9.27243 3
    endloop
  endfacet
  facet normal 0 0 1
    outer loop
      vertex 13.2382 -6.96983 3
      vertex 13.832 -9.27243 3
      vertex 13.4907 -7.03677 3
    endloop
  endfacet
  facet normal 0 -0 1
    outer loop
      vertex 13.832 -9.27243 3
      vertex 14.1149 -9.17847 3
      vertex 13.4907 -7.03677 3
    endloop
  endfacet
  facet normal 0 0 1
    outer loop
      vertex 27.5091 -10.5264 3
      vertex 24.9662 -10.7702 3
      vertex 27.3387 -10.771 3
    endloop
  endfacet
  facet normal 0 -0 1
    outer loop
      vertex 25.1321 -11.0178 3
      vertex 27.3387 -10.771 3
      vertex 24.9662 -10.7702 3
    endloop
  endfacet
  facet normal 0 -0 1
    outer loop
      vertex 27.248 -11.055 3
      vertex 27.3387 -10.771 3
      vertex 25.1321 -11.0178 3
    endloop
  endfacet
  facet normal 0 0 1
    outer loop
      vertex 27.248 -11.055 3
      vertex 25.1321 -11.0178 3
      vertex 25.2177 -11.3033 3
    endloop
  endfacet
  facet normal 0 -0 1
    outer loop
      vertex 26.1658 -17.9536 3
      vertex 27.2453 -11.355 3
      vertex 25.2177 -11.3033 3
    endloop
  endfacet
  facet normal 0 0 1
    outer loop
      vertex 28.1704 -17.844 3
      vertex 27.2453 -11.355 3
      vertex 26.1658 -17.9536 3
    endloop
  endfacet
  facet normal 0 0 1
    outer loop
      vertex 28.5769 -20.8959 3
      vertex 25.8635 -18.8208 3
      vertex 28.3647 -21.1052 3
    endloop
  endfacet
  facet normal 0 0 1
    outer loop
      vertex 25.5508 -21.2994 3
      vertex 25.8635 -18.8208 3
      vertex 25.619 -18.9912 3
    endloop
  endfacet
  facet normal 0 0 1
    outer loop
      vertex 54.2948 -34.9556 3
      vertex 54 -35 3
      vertex 56 -40 3
    endloop
  endfacet
  facet normal -0 0 1
    outer loop
      vertex -14.7378 -20.4633 3
      vertex -12.5576 -20.4975 3
      vertex -12.6611 -20.218 3
    endloop
  endfacet
  facet normal -0 0 1
    outer loop
      vertex -44.2036 -22.1071 3
      vertex -41.5943 -22.4917 3
      vertex -43.98 -21.91 3
    endloop
  endfacet
  facet normal 0 0 1
    outer loop
      vertex -53.6811 -21.4257 3
      vertex -44.2181 -24.6096 3
      vertex -45.0646 -22.2146 3
    endloop
  endfacet
  facet normal 0 0 1
    outer loop
      vertex -41.7186 -22.2208 3
      vertex -43.8244 -21.6557 3
      vertex -43.98 -21.91 3
    endloop
  endfacet
  facet normal 0 0 1
    outer loop
      vertex -43.7459 -21.2856 3
      vertex -43.8244 -21.6557 3
      vertex -41.7575 -21.9253 3
    endloop
  endfacet
  facet normal 0 0 1
    outer loop
      vertex -43.7274 -7.0363 3
      vertex -43.9015 -9.4791 3
      vertex -41.3083 -9.55479 3
    endloop
  endfacet
  facet normal 0 0 1
    outer loop
      vertex -43.518 -6.82408 3
      vertex -41.0863 -9.35596 3
      vertex -40.9995 -6.91499 3
    endloop
  endfacet
  facet normal 0 0 1
    outer loop
      vertex -41.0863 -9.35596 3
      vertex -43.518 -6.82408 3
      vertex -41.3083 -9.55479 3
    endloop
  endfacet
  facet normal 0 0 1
    outer loop
      vertex -41.3083 -9.55479 3
      vertex -43.518 -6.82408 3
      vertex -43.7274 -7.0363 3
    endloop
  endfacet
  facet normal 0 0 1
    outer loop
      vertex -41.0863 -9.35596 3
      vertex -40.8154 -9.23141 3
      vertex -40.7565 -7.08775 3
    endloop
  endfacet
  facet normal 0 0 1
    outer loop
      vertex -40.8154 -9.23141 3
      vertex -40.4735 -7.18124 3
      vertex -40.7565 -7.08775 3
    endloop
  endfacet
  facet normal 0 0 1
    outer loop
      vertex -40.3227 -7.1954 3
      vertex -40.4735 -7.18124 3
      vertex -40.5199 -9.19223 3
    endloop
  endfacet
  facet normal 0 -0 1
    outer loop
      vertex -40.5199 -9.19223 3
      vertex -40.4735 -7.18124 3
      vertex -40.8154 -9.23141 3
    endloop
  endfacet
  facet normal 0 0 1
    outer loop
      vertex -40.3227 -7.1954 3
      vertex -40.5199 -9.19223 3
      vertex -30.3366 -7.37291 3
    endloop
  endfacet
  facet normal 0 -0 1
    outer loop
      vertex -29.3512 -9.50667 3
      vertex -27.0603 -7.25737 3
      vertex -29.5482 -7.01035 3
    endloop
  endfacet
  facet normal 0 0 1
    outer loop
      vertex -30.3366 -7.37291 3
      vertex -40.5199 -9.19223 3
      vertex -29.8164 -9.38249 3
    endloop
  endfacet
  facet normal 0 0 1
    outer loop
      vertex -27.0603 -7.25737 3
      vertex -29.1146 -9.68793 3
      vertex -26.8401 -7.45827 3
    endloop
  endfacet
  facet normal 0 0 1
    outer loop
      vertex -28.9419 -9.93086 3
      vertex -28.8484 -10.2139 3
      vertex -26.5959 -10.2511 3
    endloop
  endfacet
  facet normal -0 0 1
    outer loop
      vertex -29.1146 -9.68793 3
      vertex -28.9419 -9.93086 3
      vertex -26.8401 -7.45827 3
    endloop
  endfacet
  facet normal 0 0 1
    outer loop
      vertex -27.0064 -21.7242 3
      vertex -24.8311 -21.588 3
      vertex -24.9246 -21.3049 3
    endloop
  endfacet
  facet normal 0 -0 1
    outer loop
      vertex -25.8919 -9.7437 3
      vertex -25.5939 -9.7359 3
      vertex -26.4069 -7.61969 3
    endloop
  endfacet
  facet normal 0 0 1
    outer loop
      vertex -14.8253 -11.0721 3
      vertex -15.0566 -9.02802 3
      vertex -25.5939 -9.7359 3
    endloop
  endfacet
  facet normal 0 0 1
    outer loop
      vertex -24.5493 -24.3812 3
      vertex -27.1444 -21.9885 3
      vertex -24.7479 -24.6034 3
    endloop
  endfacet
  facet normal 0 0 1
    outer loop
      vertex -14.7726 -20.6463 3
      vertex -12.5576 -20.4975 3
      vertex -14.7378 -20.4633 3
    endloop
  endfacet
  facet normal 0 0 1
    outer loop
      vertex -26.4935 -34.4007 3
      vertex -28.6649 -34.185 3
      vertex -28.7168 -34.3653 3
    endloop
  endfacet
  facet normal 0 0 1
    outer loop
      vertex -14.8969 -20.9172 3
      vertex -12.5576 -20.4975 3
      vertex -14.7726 -20.6463 3
    endloop
  endfacet
  facet normal 0 0 1
    outer loop
      vertex -26.4935 -34.4007 3
      vertex -26.5709 -34.1129 3
      vertex -28.6649 -34.185 3
    endloop
  endfacet
  facet normal -0 0 1
    outer loop
      vertex -42.1049 -34.6235 3
      vertex -39.5139 -34.7114 3
      vertex -39.6923 -34.4726 3
    endloop
  endfacet
  facet normal 0 0 1
    outer loop
      vertex -54.5993 -9.86748 3
      vertex -54.6235 -7.44588 3
      vertex -54.8086 -10.0797 3
    endloop
  endfacet
  facet normal 0 0 1
    outer loop
      vertex -54.8262 -34.5633 3
      vertex -59.8997 -36.8901 3
      vertex -59.8223 -37.179 3
    endloop
  endfacet
  facet normal 0 0 1
    outer loop
      vertex -56 -40 3
      vertex -42.8868 -35 3
      vertex -54 -35 3
    endloop
  endfacet
  facet normal 0 0 1
    outer loop
      vertex -43.8244 -21.6557 3
      vertex -41.7186 -22.2208 3
      vertex -41.7575 -21.9253 3
    endloop
  endfacet
  facet normal 0 0 1
    outer loop
      vertex -54.8262 -18.7165 3
      vertex -54.7658 -21.7304 3
      vertex -54.6235 -18.935 3
    endloop
  endfacet
  facet normal 0 0 1
    outer loop
      vertex -41.3083 -9.55479 3
      vertex -43.7029 -9.70135 3
      vertex -41.4619 -9.81026 3
    endloop
  endfacet
  facet normal 0 0 1
    outer loop
      vertex -54.9556 -18.448 3
      vertex -54.9213 -21.9847 3
      vertex -54.8262 -18.7165 3
    endloop
  endfacet
  facet normal 0 0 1
    outer loop
      vertex -55 -22.3735 3
      vertex -54.9213 -21.9847 3
      vertex -54.9556 -18.448 3
    endloop
  endfacet
  facet normal 0 0 1
    outer loop
      vertex -55 -22.3735 3
      vertex -54.9556 -18.448 3
      vertex -55 -18.1532 3
    endloop
  endfacet
  facet normal 0 -0 1
    outer loop
      vertex -55 -22.3735 3
      vertex -55 -18.1532 3
      vertex -60 -36 3
    endloop
  endfacet
  facet normal 0 0 1
    outer loop
      vertex -60 -36 3
      vertex -55 -10.668 3
      vertex -55 -6.66405 3
    endloop
  endfacet
  facet normal 0 0 1
    outer loop
      vertex -54.8262 -7.22737 3
      vertex -54.9461 -10.3442 3
      vertex -54.8086 -10.0797 3
    endloop
  endfacet
  facet normal 0 -0 1
    outer loop
      vertex -54.5993 -9.86748 3
      vertex -54.3653 -7.59492 3
      vertex -54.6235 -7.44588 3
    endloop
  endfacet
  facet normal 0 0 1
    outer loop
      vertex -54.3367 -9.72638 3
      vertex -54.3653 -7.59492 3
      vertex -54.5993 -9.86748 3
    endloop
  endfacet
  facet normal 0 0 1
    outer loop
      vertex -53.9558 -7.66307 3
      vertex -54.3653 -7.59492 3
      vertex -54.0442 -9.66896 3
    endloop
  endfacet
  facet normal 0 0 1
    outer loop
      vertex -54.0442 -9.66896 3
      vertex -54.3653 -7.59492 3
      vertex -54.3367 -9.72638 3
    endloop
  endfacet
  facet normal 0 0 1
    outer loop
      vertex -44.5837 -9.25009 3
      vertex -53.9558 -7.66307 3
      vertex -54.0442 -9.66896 3
    endloop
  endfacet
  facet normal 0 -0 1
    outer loop
      vertex -43.7029 -9.70135 3
      vertex -41.3083 -9.55479 3
      vertex -43.9015 -9.4791 3
    endloop
  endfacet
  facet normal 0 0 1
    outer loop
      vertex -44.2824 -7.2348 3
      vertex -53.9558 -7.66307 3
      vertex -44.5837 -9.25009 3
    endloop
  endfacet
  facet normal 0 0 1
    outer loop
      vertex -43.7274 -7.0363 3
      vertex -43.9899 -7.17738 3
      vertex -43.9015 -9.4791 3
    endloop
  endfacet
  facet normal 0 0 1
    outer loop
      vertex -43.7029 -9.70135 3
      vertex -43.5786 -9.97229 3
      vertex -41.4619 -9.81026 3
    endloop
  endfacet
  facet normal -0 0 1
    outer loop
      vertex -43.5786 -9.97229 3
      vertex -41.5375 -10.1734 3
      vertex -41.4619 -9.81026 3
    endloop
  endfacet
  facet normal -0 0 1
    outer loop
      vertex -43.5397 -10.2678 3
      vertex -43.7459 -21.2856 3
      vertex -41.5375 -10.1734 3
    endloop
  endfacet
  facet normal -0 0 1
    outer loop
      vertex -43.7459 -21.2856 3
      vertex -41.7575 -21.9253 3
      vertex -41.5375 -10.1734 3
    endloop
  endfacet
  facet normal 0 0 1
    outer loop
      vertex -43.98 -21.91 3
      vertex -41.5943 -22.4917 3
      vertex -41.7186 -22.2208 3
    endloop
  endfacet
  facet normal 0 0 1
    outer loop
      vertex -44.2036 -22.1071 3
      vertex -44.2181 -24.6096 3
      vertex -44.075 -24.6705 3
    endloop
  endfacet
  facet normal -0 0 1
    outer loop
      vertex -44.4753 -22.2296 3
      vertex -44.2181 -24.6096 3
      vertex -44.2036 -22.1071 3
    endloop
  endfacet
  facet normal -0 0 1
    outer loop
      vertex -44.7711 -22.2665 3
      vertex -44.2181 -24.6096 3
      vertex -44.4753 -22.2296 3
    endloop
  endfacet
  facet normal 0 0 1
    outer loop
      vertex -12.5576 -20.4975 3
      vertex -14.8969 -20.9172 3
      vertex -12.3763 -20.7341 3
    endloop
  endfacet
  facet normal -0 0 1
    outer loop
      vertex -27.354 -22.2003 3
      vertex -24.7479 -24.6034 3
      vertex -27.1444 -21.9885 3
    endloop
  endfacet
  facet normal 0 0 1
    outer loop
      vertex -27.1444 -21.9885 3
      vertex -24.8311 -21.588 3
      vertex -27.0064 -21.7242 3
    endloop
  endfacet
  facet normal 0 0 1
    outer loop
      vertex -27.0064 -21.7242 3
      vertex -24.9246 -21.3049 3
      vertex -26.9525 -21.431 3
    endloop
  endfacet
  facet normal 0 0 1
    outer loop
      vertex -24.9246 -21.3049 3
      vertex -26.9663 -21.2304 3
      vertex -26.9525 -21.431 3
    endloop
  endfacet
  facet normal 0 0 1
    outer loop
      vertex -26.7028 -10.8967 3
      vertex -26.9663 -21.2304 3
      vertex -24.9246 -21.3049 3
    endloop
  endfacet
  facet normal 0 0 1
    outer loop
      vertex -26.4162 -10.0133 3
      vertex -26.8401 -7.45827 3
      vertex -28.9419 -9.93086 3
    endloop
  endfacet
  facet normal 0 0 1
    outer loop
      vertex -28.8484 -10.2139 3
      vertex -26.9663 -21.2304 3
      vertex -26.7028 -10.8967 3
    endloop
  endfacet
  facet normal 0 -0 1
    outer loop
      vertex -26.5959 -10.2511 3
      vertex -26.4162 -10.0133 3
      vertex -28.9419 -9.93086 3
    endloop
  endfacet
  facet normal 0 0 1
    outer loop
      vertex -26.5704 -7.58533 3
      vertex -26.8401 -7.45827 3
      vertex -26.4162 -10.0133 3
    endloop
  endfacet
  facet normal 0 0 1
    outer loop
      vertex -26.5704 -7.58533 3
      vertex -26.4162 -10.0133 3
      vertex -26.1744 -9.83897 3
    endloop
  endfacet
  facet normal 0 0 1
    outer loop
      vertex -26.5704 -7.58533 3
      vertex -26.1744 -9.83897 3
      vertex -26.4069 -7.61969 3
    endloop
  endfacet
  facet normal 0 -0 1
    outer loop
      vertex -26.1744 -9.83897 3
      vertex -25.8919 -9.7437 3
      vertex -26.4069 -7.61969 3
    endloop
  endfacet
  facet normal 0 0 1
    outer loop
      vertex -15.0566 -9.02802 3
      vertex -26.4069 -7.61969 3
      vertex -25.5939 -9.7359 3
    endloop
  endfacet
  facet normal 0 0 1
    outer loop
      vertex -11.6623 -11.2527 3
      vertex -14.2541 -11.3447 3
      vertex -14.0728 -11.5814 3
    endloop
  endfacet
  facet normal 0 0 1
    outer loop
      vertex -11.6623 -11.2527 3
      vertex -14.0728 -11.5814 3
      vertex -11.8257 -11.502 3
    endloop
  endfacet
  facet normal -0 0 1
    outer loop
      vertex -14.0728 -11.5814 3
      vertex -13.9694 -11.8609 3
      vertex -11.8257 -11.502 3
    endloop
  endfacet
  facet normal 0 0 1
    outer loop
      vertex -13.9694 -11.8609 3
      vertex -11.9125 -11.8252 3
      vertex -11.8257 -11.502 3
    endloop
  endfacet
  facet normal 0 -0 1
    outer loop
      vertex -13.9529 -12.1585 3
      vertex -11.9125 -11.8252 3
      vertex -13.9694 -11.8609 3
    endloop
  endfacet
  facet normal 0 -0 1
    outer loop
      vertex -12.6776 -19.9203 3
      vertex -11.9125 -11.8252 3
      vertex -13.9529 -12.1585 3
    endloop
  endfacet
  facet normal 0 0 1
    outer loop
      vertex -12.6776 -19.9203 3
      vertex -14.7378 -20.4633 3
      vertex -12.6611 -20.218 3
    endloop
  endfacet
  facet normal 0 0 1
    outer loop
      vertex -12.6776 -19.9203 3
      vertex -13.9529 -12.1585 3
      vertex -14.7378 -20.4633 3
    endloop
  endfacet
  facet normal 0 0 1
    outer loop
      vertex -15.0956 -21.1394 3
      vertex -15.351 -21.2932 3
      vertex -15.525 -23.7561 3
    endloop
  endfacet
  facet normal 0 0 1
    outer loop
      vertex -15.0956 -21.1394 3
      vertex -12.9881 -23.5117 3
      vertex -12.7872 -23.2915 3
    endloop
  endfacet
  facet normal 0 0 1
    outer loop
      vertex -15.6403 -21.3649 3
      vertex -16.0353 -23.461 3
      vertex -15.7579 -23.5701 3
    endloop
  endfacet
  facet normal 0 0 1
    outer loop
      vertex -1.42249 -34.9556 3
      vertex -1.71724 -35 3
      vertex 2.39275 -35 3
    endloop
  endfacet
  facet normal 0 0 1
    outer loop
      vertex -24.0046 -24.1557 3
      vertex -16.3516 -23.4401 3
      vertex -23.8457 -22.1322 3
    endloop
  endfacet
  facet normal 0 0 1
    outer loop
      vertex 23.5869 -34.9556 3
      vertex 26.8379 -34.867 3
      vertex 23.8555 -34.8262 3
    endloop
  endfacet
  facet normal 0 0 1
    outer loop
      vertex 42.8167 -18.0222 3
      vertex 42.9064 -20.6745 3
      vertex 43.1216 -20.4682 3
    endloop
  endfacet
  facet normal 0 0 1
    outer loop
      vertex 54 -35 3
      vertex 42.2525 -35 3
      vertex 56 -40 3
    endloop
  endfacet
  facet normal 0 0 1
    outer loop
      vertex 56 -40 3
      vertex 42.2525 -35 3
      vertex 38.2267 -35 3
    endloop
  endfacet
  facet normal 0 0 1
    outer loop
      vertex 41.2697 -34.1849 3
      vertex 39.2203 -34.113 3
      vertex 39.1576 -34.3653 3
    endloop
  endfacet
  facet normal -0 0 1
    outer loop
      vertex 39.4448 -18.3891 3
      vertex 39.6309 -20.3843 3
      vertex 39.7381 -18.3357 3
    endloop
  endfacet
  facet normal 0 0 1
    outer loop
      vertex 42.8167 -18.0222 3
      vertex 43.1216 -20.4682 3
      vertex 43.0633 -18.1896 3
    endloop
  endfacet
  facet normal 0 -0 1
    outer loop
      vertex 43.1216 -20.4682 3
      vertex 43.3879 -20.3345 3
      vertex 43.0633 -18.1896 3
    endloop
  endfacet
  facet normal 0 0 1
    outer loop
      vertex 43.3879 -20.3345 3
      vertex 43.3483 -18.277 3
      vertex 43.0633 -18.1896 3
    endloop
  endfacet
  facet normal 0 0 1
    outer loop
      vertex 43.5119 -18.2877 3
      vertex 43.3879 -20.3345 3
      vertex 43.6819 -20.2852 3
    endloop
  endfacet
  facet normal 0 0 1
    outer loop
      vertex 43.5119 -18.2877 3
      vertex 43.3483 -18.277 3
      vertex 43.3879 -20.3345 3
    endloop
  endfacet
  facet normal -0 0 1
    outer loop
      vertex 43.5119 -18.2877 3
      vertex 43.6819 -20.2852 3
      vertex 54.0164 -18.1149 3
    endloop
  endfacet
  facet normal 0 0 1
    outer loop
      vertex 43.6819 -20.2852 3
      vertex 53.9836 -20.1158 3
      vertex 54.0164 -18.1149 3
    endloop
  endfacet
  facet normal 0 -0 1
    outer loop
      vertex 54.6235 -20.3338 3
      vertex 54.792 -17.7256 3
      vertex 54.5768 -17.9319 3
    endloop
  endfacet
  facet normal 0 0 1
    outer loop
      vertex 54.8262 -20.5523 3
      vertex 54.792 -17.7256 3
      vertex 54.6235 -20.3338 3
    endloop
  endfacet
  facet normal 0 0 1
    outer loop
      vertex 54.9368 -17.4651 3
      vertex 54.792 -17.7256 3
      vertex 54.8262 -20.5523 3
    endloop
  endfacet
  facet normal 0 0 1
    outer loop
      vertex 55 -17.1151 3
      vertex 54.9556 -20.8209 3
      vertex 55 -21.1156 3
    endloop
  endfacet
  facet normal 0 0 1
    outer loop
      vertex 55 -17.1151 3
      vertex 54.9368 -17.4651 3
      vertex 54.9556 -20.8209 3
    endloop
  endfacet
  facet normal 0 0 1
    outer loop
      vertex 55 -17.1151 3
      vertex 55 -21.1156 3
      vertex 60 -36 3
    endloop
  endfacet
  facet normal 0 0 1
    outer loop
      vertex 55 -21.1156 3
      vertex 55 -34 3
      vertex 60 -36 3
    endloop
  endfacet
  facet normal 0 -0 1
    outer loop
      vertex 58.9322 -38.7207 3
      vertex 59.1273 -38.494 3
      vertex 54.7818 -34.6235 3
    endloop
  endfacet
  facet normal 0 -0 1
    outer loop
      vertex 56.5962 -39.9553 3
      vertex 56.8901 -39.8997 3
      vertex 54.5633 -34.8262 3
    endloop
  endfacet
  facet normal 0 0 1
    outer loop
      vertex 56.2989 -39.9888 3
      vertex 54.5633 -34.8262 3
      vertex 56 -40 3
    endloop
  endfacet
  facet normal 0 0 1
    outer loop
      vertex 54.5633 -34.8262 3
      vertex 54.2948 -34.9556 3
      vertex 56 -40 3
    endloop
  endfacet
  facet normal 0 0 1
    outer loop
      vertex 38.5215 -34.9556 3
      vertex 38.2267 -35 3
      vertex 42.0655 -34.9824 3
    endloop
  endfacet
  facet normal -0 0 1
    outer loop
      vertex 27.3362 -35 3
      vertex 56 -40 3
      vertex 38.2267 -35 3
    endloop
  endfacet
  facet normal 0 0 1
    outer loop
      vertex 23.2922 -35 3
      vertex 15.0036 -35 3
      vertex 56 -40 3
    endloop
  endfacet
  facet normal 0 0 1
    outer loop
      vertex 27.1156 -34.9754 3
      vertex 23.2922 -35 3
      vertex 27.3362 -35 3
    endloop
  endfacet
  facet normal 0 0 1
    outer loop
      vertex 56 -40 3
      vertex 27.3362 -35 3
      vertex 23.2922 -35 3
    endloop
  endfacet
  facet normal -0 0 1
    outer loop
      vertex -16.7755 -34.3653 3
      vertex -14.5621 -34.4333 3
      vertex -14.6497 -34.1484 3
    endloop
  endfacet
  facet normal 0 0 1
    outer loop
      vertex 1.41951 -34.2298 3
      vertex -0.744003 -33.7702 3
      vertex -0.720032 -34.0747 3
    endloop
  endfacet
  facet normal 0 0 1
    outer loop
      vertex 14.039 -34.2636 3
      vertex 14.0041 -33.9676 3
      vertex 11.7186 -34.3256 3
    endloop
  endfacet
  facet normal -0 0 1
    outer loop
      vertex 26.041 -22.0154 3
      vertex 26.0416 -22.3135 3
      vertex 28.1761 -21.5574 3
    endloop
  endfacet
  facet normal 0 -0 1
    outer loop
      vertex 15.077 -22.623 3
      vertex 17.6649 -19.8514 3
      vertex 14.8801 -20.0106 3
    endloop
  endfacet
  facet normal 0 0 1
    outer loop
      vertex 18.1694 -20.1562 3
      vertex 18.5678 -22.1995 3
      vertex 18.5705 -20.1732 3
    endloop
  endfacet
  facet normal 0 -0 1
    outer loop
      vertex 25.2731 -21.191 3
      vertex 25.3351 -19.082 3
      vertex 24.8932 -21.1792 3
    endloop
  endfacet
  facet normal 0 0 1
    outer loop
      vertex 28.5769 -20.8959 3
      vertex 28.4219 -18.3771 3
      vertex 26.047 -18.5858 3
    endloop
  endfacet
  facet normal -0 0 1
    outer loop
      vertex 25.8635 -18.8208 3
      vertex 28.5769 -20.8959 3
      vertex 26.047 -18.5858 3
    endloop
  endfacet
  facet normal 0 0 1
    outer loop
      vertex 28.5769 -20.8959 3
      vertex 28.8414 -20.7584 3
      vertex 28.6535 -18.5648 3
    endloop
  endfacet
  facet normal 0 -0 1
    outer loop
      vertex 28.8414 -20.7584 3
      vertex 28.9301 -18.6759 3
      vertex 28.6535 -18.5648 3
    endloop
  endfacet
  facet normal 0 0 1
    outer loop
      vertex 29.1909 -18.7024 3
      vertex 28.9301 -18.6759 3
      vertex 29.1347 -20.705 3
    endloop
  endfacet
  facet normal 0 0 1
    outer loop
      vertex 29.1347 -20.705 3
      vertex 28.9301 -18.6759 3
      vertex 28.8414 -20.7584 3
    endloop
  endfacet
  facet normal 0 0 1
    outer loop
      vertex 39.4448 -18.3891 3
      vertex 29.1909 -18.7024 3
      vertex 29.1347 -20.705 3
    endloop
  endfacet
  facet normal 0 0 1
    outer loop
      vertex 40.3692 -20.6775 3
      vertex 42.9064 -20.6745 3
      vertex 42.8167 -18.0222 3
    endloop
  endfacet
  facet normal 0 0 1
    outer loop
      vertex 39.4448 -18.3891 3
      vertex 29.1347 -20.705 3
      vertex 39.6309 -20.3843 3
    endloop
  endfacet
  facet normal 0 0 1
    outer loop
      vertex 39.7381 -18.3357 3
      vertex 39.8483 -20.4015 3
      vertex 40.1296 -20.5002 3
    endloop
  endfacet
  facet normal -0 0 1
    outer loop
      vertex 40.3692 -20.6775 3
      vertex 40.546 -20.9175 3
      vertex 42.9064 -20.6745 3
    endloop
  endfacet
  facet normal -0 0 1
    outer loop
      vertex 40.546 -20.9175 3
      vertex 42.7616 -20.9351 3
      vertex 42.9064 -20.6745 3
    endloop
  endfacet
  facet normal 0 -0 1
    outer loop
      vertex 40.6441 -21.199 3
      vertex 42.7616 -20.9351 3
      vertex 40.546 -20.9175 3
    endloop
  endfacet
  facet normal 0 0 1
    outer loop
      vertex 42.7048 -21.1721 3
      vertex 40.6441 -21.199 3
      vertex 40.655 -21.4968 3
    endloop
  endfacet
  facet normal 0 -0 1
    outer loop
      vertex 42.7048 -21.1721 3
      vertex 42.7616 -20.9351 3
      vertex 40.6441 -21.199 3
    endloop
  endfacet
  facet normal 0 0 1
    outer loop
      vertex 42.7048 -21.1721 3
      vertex 40.655 -21.4968 3
      vertex 41.2589 -33.887 3
    endloop
  endfacet
  facet normal 0 0 1
    outer loop
      vertex 40.655 -21.4968 3
      vertex 39.2203 -34.113 3
      vertex 41.2589 -33.887 3
    endloop
  endfacet
  facet normal 0 0 1
    outer loop
      vertex 41.3679 -34.4664 3
      vertex 39.1576 -34.3653 3
      vertex 39.0085 -34.6235 3
    endloop
  endfacet
  facet normal 0 0 1
    outer loop
      vertex 41.3679 -34.4664 3
      vertex 39.0085 -34.6235 3
      vertex 41.5446 -34.7064 3
    endloop
  endfacet
  facet normal 0 0 1
    outer loop
      vertex 41.5446 -34.7064 3
      vertex 38.79 -34.8262 3
      vertex 41.7843 -34.8836 3
    endloop
  endfacet
  facet normal 0 0 1
    outer loop
      vertex 41.7843 -34.8836 3
      vertex 38.5215 -34.9556 3
      vertex 42.0655 -34.9824 3
    endloop
  endfacet
  facet normal 0 0 1
    outer loop
      vertex 26.6045 -34.6816 3
      vertex 24.074 -34.6235 3
      vertex 23.8555 -34.8262 3
    endloop
  endfacet
  facet normal -0 0 1
    outer loop
      vertex 24.2231 -34.3653 3
      vertex 26.4361 -34.4356 3
      vertex 26.3477 -34.151 3
    endloop
  endfacet
  facet normal 0 0 1
    outer loop
      vertex 56 -40 3
      vertex 15.0036 -35 3
      vertex 10.7731 -35 3
    endloop
  endfacet
  facet normal 0 0 1
    outer loop
      vertex 17.8942 -20.0418 3
      vertex 17.6649 -19.8514 3
      vertex 18.0393 -22.4607 3
    endloop
  endfacet
  facet normal 0 0 1
    outer loop
      vertex 15.0036 -35 3
      vertex 14.6083 -34.9185 3
      vertex 11.0679 -34.9556 3
    endloop
  endfacet
  facet normal 0 0 1
    outer loop
      vertex -14.3943 -34.6797 3
      vertex -16.9246 -34.6235 3
      vertex -17.1431 -34.8262 3
    endloop
  endfacet
  facet normal 0 -0 1
    outer loop
      vertex -1.06538 -22.9146 3
      vertex -0.914612 -22.6575 3
      vertex -3.35657 -22.899 3
    endloop
  endfacet
  facet normal 0 0 1
    outer loop
      vertex -3.34003 -19.9439 3
      vertex -0.694748 -22.4562 3
      vertex -0.573181 -20.0648 3
    endloop
  endfacet
  facet normal 0 0 1
    outer loop
      vertex 11.0679 -34.9556 3
      vertex 10.7731 -35 3
      vertex 15.0036 -35 3
    endloop
  endfacet
  facet normal 0 0 1
    outer loop
      vertex 14.0581 -33.6744 3
      vertex 11.7186 -34.3256 3
      vertex 14.0041 -33.9676 3
    endloop
  endfacet
  facet normal 0 0 1
    outer loop
      vertex 14.3907 -20.3394 3
      vertex 14.0957 -20.3819 3
      vertex 14.4352 -22.3842 3
    endloop
  endfacet
  facet normal 0 0 1
    outer loop
      vertex 14.4352 -22.3842 3
      vertex 14.0957 -20.3819 3
      vertex -0.130264 -22.2862 3
    endloop
  endfacet
  facet normal 0 0 1
    outer loop
      vertex 24.2813 -34.1471 3
      vertex 26.3471 -33.8529 3
      vertex 26.0416 -22.3135 3
    endloop
  endfacet
  facet normal 0 0 1
    outer loop
      vertex 18.2838 -22.2903 3
      vertex 17.8942 -20.0418 3
      vertex 18.0393 -22.4607 3
    endloop
  endfacet
  facet normal -0 0 1
    outer loop
      vertex 26.0416 -22.3135 3
      vertex 26.3471 -33.8529 3
      vertex 28.1761 -21.5574 3
    endloop
  endfacet
  facet normal 0 0 1
    outer loop
      vertex 18.1694 -20.1562 3
      vertex 17.8942 -20.0418 3
      vertex 18.2838 -22.2903 3
    endloop
  endfacet
  facet normal 0 0 1
    outer loop
      vertex 18.1694 -20.1562 3
      vertex 18.2838 -22.2903 3
      vertex 18.5678 -22.1995 3
    endloop
  endfacet
  facet normal 0 0 1
    outer loop
      vertex 24.8932 -21.1792 3
      vertex 18.5705 -20.1732 3
      vertex 18.5678 -22.1995 3
    endloop
  endfacet
  facet normal 0 0 1
    outer loop
      vertex 25.7842 -21.4848 3
      vertex 28.3647 -21.1052 3
      vertex 25.8635 -18.8208 3
    endloop
  endfacet
  facet normal 0 0 1
    outer loop
      vertex 25.3351 -19.082 3
      vertex 18.5705 -20.1732 3
      vertex 24.8932 -21.1792 3
    endloop
  endfacet
  facet normal 0 -0 1
    outer loop
      vertex 25.7842 -21.4848 3
      vertex 25.8635 -18.8208 3
      vertex 25.5508 -21.2994 3
    endloop
  endfacet
  facet normal 0 0 1
    outer loop
      vertex 25.619 -18.9912 3
      vertex 25.3351 -19.082 3
      vertex 25.2731 -21.191 3
    endloop
  endfacet
  facet normal 0 -0 1
    outer loop
      vertex 28.2236 -21.3678 3
      vertex 28.3647 -21.1052 3
      vertex 25.7842 -21.4848 3
    endloop
  endfacet
  facet normal 0 0 1
    outer loop
      vertex 28.2236 -21.3678 3
      vertex 25.7842 -21.4848 3
      vertex 25.9526 -21.7308 3
    endloop
  endfacet
  facet normal 0 0 1
    outer loop
      vertex 28.2236 -21.3678 3
      vertex 25.9526 -21.7308 3
      vertex 28.1761 -21.5574 3
    endloop
  endfacet
  facet normal -0 0 1
    outer loop
      vertex 25.9526 -21.7308 3
      vertex 26.041 -22.0154 3
      vertex 28.1761 -21.5574 3
    endloop
  endfacet
  facet normal 0 0 1
    outer loop
      vertex 24.2231 -34.3653 3
      vertex 24.074 -34.6235 3
      vertex 26.4361 -34.4356 3
    endloop
  endfacet
  facet normal -0 0 1
    outer loop
      vertex 24.074 -34.6235 3
      vertex 26.6045 -34.6816 3
      vertex 26.4361 -34.4356 3
    endloop
  endfacet
  facet normal -0 0 1
    outer loop
      vertex 23.8555 -34.8262 3
      vertex 26.8379 -34.867 3
      vertex 26.6045 -34.6816 3
    endloop
  endfacet
  facet normal -0 0 1
    outer loop
      vertex 23.5869 -34.9556 3
      vertex 27.1156 -34.9754 3
      vertex 26.8379 -34.867 3
    endloop
  endfacet
  facet normal 0 0 1
    outer loop
      vertex 23.2922 -35 3
      vertex 27.1156 -34.9754 3
      vertex 23.5869 -34.9556 3
    endloop
  endfacet
  facet normal 0 0 1
    outer loop
      vertex -42.592 -34.9556 3
      vertex -39.273 -34.8869 3
      vertex -42.3234 -34.8262 3
    endloop
  endfacet
  facet normal 0 0 1
    outer loop
      vertex 11.555 -34.6235 3
      vertex 11.3365 -34.8262 3
      vertex 14.3551 -34.7612 3
    endloop
  endfacet
  facet normal 0 0 1
    outer loop
      vertex -54.7658 -21.7304 3
      vertex -54.5422 -21.5333 3
      vertex -54.6235 -18.935 3
    endloop
  endfacet
  facet normal 0 0 1
    outer loop
      vertex -54.8262 -34.5633 3
      vertex -59.9553 -36.5962 3
      vertex -59.8997 -36.8901 3
    endloop
  endfacet
  facet normal -0 0 1
    outer loop
      vertex -59.9888 -36.2989 3
      vertex -59.9553 -36.5962 3
      vertex -54.8262 -34.5633 3
    endloop
  endfacet
  facet normal 0 -0 1
    outer loop
      vertex -59.9888 -36.2989 3
      vertex -54.8262 -34.5633 3
      vertex -60 -36 3
    endloop
  endfacet
  facet normal 0 0 1
    outer loop
      vertex -54.8262 -34.5633 3
      vertex -54.9556 -34.2948 3
      vertex -60 -36 3
    endloop
  endfacet
  facet normal 0 0 1
    outer loop
      vertex -54.9556 -34.2948 3
      vertex -55 -34 3
      vertex -60 -36 3
    endloop
  endfacet
  facet normal 0 -0 1
    outer loop
      vertex -55 -34 3
      vertex -55 -22.3735 3
      vertex -60 -36 3
    endloop
  endfacet
  facet normal 0 0 1
    outer loop
      vertex -54.8262 -18.7165 3
      vertex -54.9213 -21.9847 3
      vertex -54.7658 -21.7304 3
    endloop
  endfacet
  facet normal -0 -0 1
    outer loop
      vertex -53.6811 -21.4257 3
      vertex -45.0646 -22.2146 3
      vertex -54.3189 -19.101 3
    endloop
  endfacet
  facet normal 0 -0 1
    outer loop
      vertex -54.5422 -21.5333 3
      vertex -54.3189 -19.101 3
      vertex -54.6235 -18.935 3
    endloop
  endfacet
  facet normal 0 0 1
    outer loop
      vertex -54.2704 -21.4108 3
      vertex -54.3189 -19.101 3
      vertex -54.5422 -21.5333 3
    endloop
  endfacet
  facet normal 0 0 1
    outer loop
      vertex -53.9746 -21.3739 3
      vertex -54.3189 -19.101 3
      vertex -54.2704 -21.4108 3
    endloop
  endfacet
  facet normal 0 0 1
    outer loop
      vertex -53.6811 -21.4257 3
      vertex -54.3189 -19.101 3
      vertex -53.9746 -21.3739 3
    endloop
  endfacet
  facet normal 0 0 1
    outer loop
      vertex -45.0646 -22.2146 3
      vertex -44.2181 -24.6096 3
      vertex -44.7711 -22.2665 3
    endloop
  endfacet
  facet normal 0 0 1
    outer loop
      vertex -41.3957 -22.714 3
      vertex -43.8341 -24.8461 3
      vertex -43.6557 -25.0848 3
    endloop
  endfacet
  facet normal 0 0 1
    outer loop
      vertex -41.1957 -25.3422 3
      vertex -43.6557 -25.0848 3
      vertex -43.5555 -25.3656 3
    endloop
  endfacet
  facet normal 0 0 1
    outer loop
      vertex -41.3875 -25.8997 3
      vertex -43.5555 -25.3656 3
      vertex -41.3695 -26.1237 3
    endloop
  endfacet
  facet normal -0 0 1
    outer loop
      vertex -41.9559 -34.3653 3
      vertex -39.6923 -34.4726 3
      vertex -39.7925 -34.1918 3
    endloop
  endfacet
  facet normal 0 0 1
    outer loop
      vertex -26.4935 -34.4007 3
      vertex -28.8658 -34.6235 3
      vertex -26.3347 -34.653 3
    endloop
  endfacet
  facet normal 0 0 1
    outer loop
      vertex -29.0843 -34.8262 3
      vertex -29.3529 -34.9556 3
      vertex -26.1086 -34.8472 3
    endloop
  endfacet
  facet normal 0 0 1
    outer loop
      vertex 14.039 -34.2636 3
      vertex 11.7186 -34.3256 3
      vertex 14.1595 -34.5362 3
    endloop
  endfacet
  facet normal 0 0 1
    outer loop
      vertex 14.1595 -34.5362 3
      vertex 11.7186 -34.3256 3
      vertex 11.555 -34.6235 3
    endloop
  endfacet
  facet normal 0 0 1
    outer loop
      vertex -1.71724 -35 3
      vertex -56 -40 3
      vertex 56 -40 3
    endloop
  endfacet
  facet normal -0 0 1
    outer loop
      vertex -42.8868 -35 3
      vertex -56 -40 3
      vertex -38.8111 -35 3
    endloop
  endfacet
  facet normal -0 0 1
    outer loop
      vertex 2.39275 -35 3
      vertex 56 -40 3
      vertex 10.7731 -35 3
    endloop
  endfacet
  facet normal -0 0 1
    outer loop
      vertex -1.42249 -34.9556 3
      vertex 2.39275 -35 3
      vertex 1.96561 -34.9042 3
    endloop
  endfacet
  facet normal -0 0 1
    outer loop
      vertex -1.71724 -35 3
      vertex 56 -40 3
      vertex 2.39275 -35 3
    endloop
  endfacet
  facet normal 0 0 1
    outer loop
      vertex 1.53049 -34.5065 3
      vertex 1.41951 -34.2298 3
      vertex -0.786362 -34.3653 3
    endloop
  endfacet
  facet normal 0 0 1
    outer loop
      vertex -15.0956 -21.1394 3
      vertex -15.525 -23.7561 3
      vertex -12.9881 -23.5117 3
    endloop
  endfacet
  facet normal 0 0 1
    outer loop
      vertex -12.5304 -23.1402 3
      vertex -12.1333 -20.9068 3
      vertex -12.3763 -20.7341 3
    endloop
  endfacet
  facet normal -0 0 1
    outer loop
      vertex -3.54092 -20.1641 3
      vertex -0.914612 -22.6575 3
      vertex -3.34003 -19.9439 3
    endloop
  endfacet
  facet normal 0 -0 1
    outer loop
      vertex -3.54416 -22.6674 3
      vertex -3.54092 -20.1641 3
      vertex -3.79169 -22.5013 3
    endloop
  endfacet
  facet normal 0 0 1
    outer loop
      vertex -0.573181 -20.0648 3
      vertex -0.694748 -22.4562 3
      vertex -0.425308 -22.3287 3
    endloop
  endfacet
  facet normal 0 -0 1
    outer loop
      vertex -0.914612 -22.6575 3
      vertex -0.694748 -22.4562 3
      vertex -3.34003 -19.9439 3
    endloop
  endfacet
  facet normal 0 -0 1
    outer loop
      vertex -0.425308 -22.3287 3
      vertex -0.316086 -20.2157 3
      vertex -0.573181 -20.0648 3
    endloop
  endfacet
  facet normal 0 0 1
    outer loop
      vertex -0.130264 -22.2862 3
      vertex -0.316086 -20.2157 3
      vertex -0.425308 -22.3287 3
    endloop
  endfacet
  facet normal 0 0 1
    outer loop
      vertex 0.0490112 -20.2874 3
      vertex -0.130264 -22.2862 3
      vertex 14.0957 -20.3819 3
    endloop
  endfacet
  facet normal 0 0 1
    outer loop
      vertex 0.0490112 -20.2874 3
      vertex -0.316086 -20.2157 3
      vertex -0.130264 -22.2862 3
    endloop
  endfacet
  facet normal 0 0 1
    outer loop
      vertex 17.6649 -19.8514 3
      vertex 15.077 -22.623 3
      vertex 18.0393 -22.4607 3
    endloop
  endfacet
  facet normal -0 0 1
    outer loop
      vertex 15.077 -22.623 3
      vertex 17.8559 -22.6957 3
      vertex 18.0393 -22.4607 3
    endloop
  endfacet
  facet normal 0 -0 1
    outer loop
      vertex 15.2726 -22.8479 3
      vertex 17.8559 -22.6957 3
      vertex 15.077 -22.623 3
    endloop
  endfacet
  facet normal 0 -0 1
    outer loop
      vertex 17.7815 -22.8611 3
      vertex 17.8559 -22.6957 3
      vertex 15.2726 -22.8479 3
    endloop
  endfacet
  facet normal 0 0 1
    outer loop
      vertex 17.7815 -22.8611 3
      vertex 15.2726 -22.8479 3
      vertex 15.3931 -23.1206 3
    endloop
  endfacet
  facet normal 0 0 1
    outer loop
      vertex 17.7815 -22.8611 3
      vertex 15.428 -23.4166 3
      vertex 15.374 -23.7098 3
    endloop
  endfacet
  facet normal 0 0 1
    outer loop
      vertex 17.7815 -22.8611 3
      vertex 15.3931 -23.1206 3
      vertex 15.428 -23.4166 3
    endloop
  endfacet
  facet normal 0 0 1
    outer loop
      vertex 17.7815 -22.8611 3
      vertex 15.374 -23.7098 3
      vertex 14.0581 -33.6744 3
    endloop
  endfacet
  facet normal 0 0 1
    outer loop
      vertex 15.374 -23.7098 3
      vertex 11.7186 -34.3256 3
      vertex 14.0581 -33.6744 3
    endloop
  endfacet
  facet normal 0 0 1
    outer loop
      vertex 14.1595 -34.5362 3
      vertex 11.555 -34.6235 3
      vertex 14.3551 -34.7612 3
    endloop
  endfacet
  facet normal 0 0 1
    outer loop
      vertex 14.3551 -34.7612 3
      vertex 11.3365 -34.8262 3
      vertex 14.6083 -34.9185 3
    endloop
  endfacet
  facet normal 0 0 1
    outer loop
      vertex 11.3365 -34.8262 3
      vertex 11.0679 -34.9556 3
      vertex 14.6083 -34.9185 3
    endloop
  endfacet
  facet normal 0 0 1
    outer loop
      vertex 1.71806 -34.7381 3
      vertex -0.93541 -34.6235 3
      vertex -1.15392 -34.8262 3
    endloop
  endfacet
  facet normal -0 0 1
    outer loop
      vertex -13.6608 -35 3
      vertex -56 -40 3
      vertex -1.71724 -35 3
    endloop
  endfacet
  facet normal 0 0 1
    outer loop
      vertex -13.884 -34.9748 3
      vertex -17.7064 -35 3
      vertex -13.6608 -35 3
    endloop
  endfacet
  facet normal 0 0 1
    outer loop
      vertex -14.6497 -34.1484 3
      vertex -16.7177 -34.1497 3
      vertex -16.7755 -34.3653 3
    endloop
  endfacet
  facet normal 0 0 1
    outer loop
      vertex -42.8868 -35 3
      vertex -38.991 -34.9837 3
      vertex -42.592 -34.9556 3
    endloop
  endfacet
  facet normal 0 0 1
    outer loop
      vertex -16.7177 -34.1497 3
      vertex -14.6497 -34.1484 3
      vertex -14.6496 -33.8503 3
    endloop
  endfacet
  facet normal 0 0 1
    outer loop
      vertex -41.3957 -22.714 3
      vertex -40.986 -25.1304 3
      vertex -41.1404 -22.8679 3
    endloop
  endfacet
  facet normal 0 0 1
    outer loop
      vertex -24.6584 -21.8309 3
      vertex -24.5493 -24.3812 3
      vertex -24.4218 -22.0122 3
    endloop
  endfacet
  facet normal 0 0 1
    outer loop
      vertex -24.6584 -21.8309 3
      vertex -27.1444 -21.9885 3
      vertex -24.5493 -24.3812 3
    endloop
  endfacet
  facet normal -0 0 1
    outer loop
      vertex -16.3516 -23.4401 3
      vertex -16.0353 -23.461 3
      vertex -15.6403 -21.3649 3
    endloop
  endfacet
  facet normal -0 0 1
    outer loop
      vertex -14.8969 -20.9172 3
      vertex -12.7872 -23.2915 3
      vertex -12.3763 -20.7341 3
    endloop
  endfacet
  facet normal 0 0 1
    outer loop
      vertex -12.7872 -23.2915 3
      vertex -12.5304 -23.1402 3
      vertex -12.3763 -20.7341 3
    endloop
  endfacet
  facet normal 0 -0 1
    outer loop
      vertex -12.2403 -23.0715 3
      vertex -12.1333 -20.9068 3
      vertex -12.5304 -23.1402 3
    endloop
  endfacet
  facet normal 0 0 1
    outer loop
      vertex -11.8503 -21.0002 3
      vertex -12.1333 -20.9068 3
      vertex -12.2403 -23.0715 3
    endloop
  endfacet
  facet normal 0 0 1
    outer loop
      vertex -11.5989 -21.011 3
      vertex -12.2403 -23.0715 3
      vertex -4.302 -22.4089 3
    endloop
  endfacet
  facet normal -0 0 1
    outer loop
      vertex -11.5989 -21.011 3
      vertex -4.302 -22.4089 3
      vertex -4.08784 -20.3841 3
    endloop
  endfacet
  facet normal 0 0 1
    outer loop
      vertex -3.79781 -20.3153 3
      vertex -4.07718 -22.4156 3
      vertex -3.79169 -22.5013 3
    endloop
  endfacet
  facet normal 0 -0 1
    outer loop
      vertex -3.35657 -22.899 3
      vertex -0.914612 -22.6575 3
      vertex -3.54416 -22.6674 3
    endloop
  endfacet
  facet normal 0 0 1
    outer loop
      vertex -3.35657 -22.899 3
      vertex -3.24559 -23.1757 3
      vertex -1.06538 -22.9146 3
    endloop
  endfacet
  facet normal -0 0 1
    outer loop
      vertex -3.24559 -23.1757 3
      vertex -1.13367 -23.2048 3
      vertex -1.06538 -22.9146 3
    endloop
  endfacet
  facet normal 0 0 1
    outer loop
      vertex -1.11023 -23.516 3
      vertex -1.13367 -23.2048 3
      vertex -3.24559 -23.1757 3
    endloop
  endfacet
  facet normal 0 0 1
    outer loop
      vertex -1.11023 -23.516 3
      vertex -0.744003 -33.7702 3
      vertex 1.41951 -34.2298 3
    endloop
  endfacet
  facet normal 0 0 1
    outer loop
      vertex -1.11023 -23.516 3
      vertex -3.24559 -23.1757 3
      vertex -0.744003 -33.7702 3
    endloop
  endfacet
  facet normal 0 0 1
    outer loop
      vertex 1.41951 -34.2298 3
      vertex -0.720032 -34.0747 3
      vertex -0.786362 -34.3653 3
    endloop
  endfacet
  facet normal 0 0 1
    outer loop
      vertex 1.53049 -34.5065 3
      vertex -0.786362 -34.3653 3
      vertex -0.93541 -34.6235 3
    endloop
  endfacet
  facet normal 0 0 1
    outer loop
      vertex 1.53049 -34.5065 3
      vertex -0.93541 -34.6235 3
      vertex 1.71806 -34.7381 3
    endloop
  endfacet
  facet normal 0 0 1
    outer loop
      vertex 1.71806 -34.7381 3
      vertex -1.15392 -34.8262 3
      vertex 1.96561 -34.9042 3
    endloop
  endfacet
  facet normal 0 0 1
    outer loop
      vertex -1.15392 -34.8262 3
      vertex -1.42249 -34.9556 3
      vertex 1.96561 -34.9042 3
    endloop
  endfacet
  facet normal 0 0 1
    outer loop
      vertex -13.6608 -35 3
      vertex -17.7064 -35 3
      vertex -56 -40 3
    endloop
  endfacet
  facet normal 0 0 1
    outer loop
      vertex -17.4117 -34.9556 3
      vertex -14.1614 -34.8657 3
      vertex -17.1431 -34.8262 3
    endloop
  endfacet
  facet normal 0 0 1
    outer loop
      vertex -17.7064 -35 3
      vertex -25.5773 -35 3
      vertex -56 -40 3
    endloop
  endfacet
  facet normal -0 0 1
    outer loop
      vertex -15.2697 -24.5854 3
      vertex -14.6496 -33.8503 3
      vertex -13.1459 -23.9183 3
    endloop
  endfacet
  facet normal 0 0 1
    outer loop
      vertex -39.273 -34.8869 3
      vertex -39.5139 -34.7114 3
      vertex -42.3234 -34.8262 3
    endloop
  endfacet
  facet normal 0 0 1
    outer loop
      vertex -26.5601 -33.815 3
      vertex -28.6649 -34.185 3
      vertex -26.5709 -34.1129 3
    endloop
  endfacet
  facet normal 0 0 1
    outer loop
      vertex -39.5139 -34.7114 3
      vertex -42.1049 -34.6235 3
      vertex -42.3234 -34.8262 3
    endloop
  endfacet
  facet normal -0 0 1
    outer loop
      vertex -27.036 -25.2929 3
      vertex -27.0469 -25.5908 3
      vertex -24.8942 -24.9664 3
    endloop
  endfacet
  facet normal 0 0 1
    outer loop
      vertex -41.3957 -22.714 3
      vertex -41.1957 -25.3422 3
      vertex -40.986 -25.1304 3
    endloop
  endfacet
  facet normal 0 0 1
    outer loop
      vertex -29.3529 -34.9556 3
      vertex -29.6476 -35 3
      vertex -25.8353 -34.9662 3
    endloop
  endfacet
  facet normal 0 0 1
    outer loop
      vertex -27.9095 -22.3979 3
      vertex -28.0722 -24.4067 3
      vertex -27.7717 -24.4396 3
    endloop
  endfacet
  facet normal 0 0 1
    outer loop
      vertex -24.5493 -24.3812 3
      vertex -24.2939 -24.2274 3
      vertex -24.4218 -22.0122 3
    endloop
  endfacet
  facet normal 0 -0 1
    outer loop
      vertex -24.2939 -24.2274 3
      vertex -24.1422 -22.1156 3
      vertex -24.4218 -22.0122 3
    endloop
  endfacet
  facet normal 0 0 1
    outer loop
      vertex -23.8457 -22.1322 3
      vertex -24.1422 -22.1156 3
      vertex -24.0046 -24.1557 3
    endloop
  endfacet
  facet normal 0 0 1
    outer loop
      vertex -24.0046 -24.1557 3
      vertex -24.1422 -22.1156 3
      vertex -24.2939 -24.2274 3
    endloop
  endfacet
  facet normal 0 -0 1
    outer loop
      vertex -16.3516 -23.4401 3
      vertex -15.6403 -21.3649 3
      vertex -23.8457 -22.1322 3
    endloop
  endfacet
  facet normal -0 0 1
    outer loop
      vertex -15.6403 -21.3649 3
      vertex -15.7579 -23.5701 3
      vertex -15.351 -21.2932 3
    endloop
  endfacet
  facet normal -0 0 1
    outer loop
      vertex -15.7579 -23.5701 3
      vertex -15.525 -23.7561 3
      vertex -15.351 -21.2932 3
    endloop
  endfacet
  facet normal -0 0 1
    outer loop
      vertex -15.525 -23.7561 3
      vertex -15.3572 -24.0025 3
      vertex -12.9881 -23.5117 3
    endloop
  endfacet
  facet normal 0 0 1
    outer loop
      vertex -15.3572 -24.0025 3
      vertex -13.1459 -23.9183 3
      vertex -12.9881 -23.5117 3
    endloop
  endfacet
  facet normal 0 -0 1
    outer loop
      vertex -15.2695 -24.2874 3
      vertex -13.1459 -23.9183 3
      vertex -15.3572 -24.0025 3
    endloop
  endfacet
  facet normal 0 0 1
    outer loop
      vertex -15.2697 -24.5854 3
      vertex -13.1459 -23.9183 3
      vertex -15.2695 -24.2874 3
    endloop
  endfacet
  facet normal 0 0 1
    outer loop
      vertex -16.7177 -34.1497 3
      vertex -14.6496 -33.8503 3
      vertex -15.2697 -24.5854 3
    endloop
  endfacet
  facet normal 0 0 1
    outer loop
      vertex -16.7755 -34.3653 3
      vertex -16.9246 -34.6235 3
      vertex -14.5621 -34.4333 3
    endloop
  endfacet
  facet normal -0 0 1
    outer loop
      vertex -16.9246 -34.6235 3
      vertex -14.3943 -34.6797 3
      vertex -14.5621 -34.4333 3
    endloop
  endfacet
  facet normal -0 0 1
    outer loop
      vertex -17.1431 -34.8262 3
      vertex -14.1614 -34.8657 3
      vertex -14.3943 -34.6797 3
    endloop
  endfacet
  facet normal -0 0 1
    outer loop
      vertex -17.4117 -34.9556 3
      vertex -13.884 -34.9748 3
      vertex -14.1614 -34.8657 3
    endloop
  endfacet
  facet normal 0 0 1
    outer loop
      vertex -17.7064 -35 3
      vertex -13.884 -34.9748 3
      vertex -17.4117 -34.9556 3
    endloop
  endfacet
  facet normal 0 0 1
    outer loop
      vertex -56 -40 3
      vertex -25.5773 -35 3
      vertex -29.6476 -35 3
    endloop
  endfacet
  facet normal 0 0 1
    outer loop
      vertex -42.8868 -35 3
      vertex -38.8111 -35 3
      vertex -38.991 -34.9837 3
    endloop
  endfacet
  facet normal 0 0 1
    outer loop
      vertex -56 -40 3
      vertex -29.6476 -35 3
      vertex -38.8111 -35 3
    endloop
  endfacet
  facet normal -0 0 1
    outer loop
      vertex -42.592 -34.9556 3
      vertex -38.991 -34.9837 3
      vertex -39.273 -34.8869 3
    endloop
  endfacet
  facet normal 0 0 1
    outer loop
      vertex -42.1049 -34.6235 3
      vertex -39.6923 -34.4726 3
      vertex -41.9559 -34.3653 3
    endloop
  endfacet
  facet normal 0 0 1
    outer loop
      vertex -41.9559 -34.3653 3
      vertex -39.7925 -34.1918 3
      vertex -41.8896 -34.0747 3
    endloop
  endfacet
  facet normal 0 0 1
    outer loop
      vertex -39.7925 -34.1918 3
      vertex -41.9053 -33.8082 3
      vertex -41.8896 -34.0747 3
    endloop
  endfacet
  facet normal -0 0 1
    outer loop
      vertex -41.9053 -33.8082 3
      vertex -39.7925 -34.1918 3
      vertex -41.3695 -26.1237 3
    endloop
  endfacet
  facet normal 0 -0 1
    outer loop
      vertex -41.9053 -33.8082 3
      vertex -41.3695 -26.1237 3
      vertex -43.5555 -25.3656 3
    endloop
  endfacet
  facet normal 0 0 1
    outer loop
      vertex -41.1957 -25.3422 3
      vertex -43.5555 -25.3656 3
      vertex -41.3336 -25.6065 3
    endloop
  endfacet
  facet normal 0 0 1
    outer loop
      vertex -41.3336 -25.6065 3
      vertex -43.5555 -25.3656 3
      vertex -41.3875 -25.8997 3
    endloop
  endfacet
  facet normal 0 0 1
    outer loop
      vertex -41.3957 -22.714 3
      vertex -43.6557 -25.0848 3
      vertex -41.1957 -25.3422 3
    endloop
  endfacet
  facet normal 0 -0 1
    outer loop
      vertex -40.986 -25.1304 3
      vertex -40.7232 -24.9897 3
      vertex -41.1404 -22.8679 3
    endloop
  endfacet
  facet normal 0 -0 1
    outer loop
      vertex -40.7232 -24.9897 3
      vertex -40.7151 -22.9431 3
      vertex -41.1404 -22.8679 3
    endloop
  endfacet
  facet normal 0 0 1
    outer loop
      vertex -40.4306 -24.9328 3
      vertex -40.7151 -22.9431 3
      vertex -40.7232 -24.9897 3
    endloop
  endfacet
  facet normal 0 0 1
    outer loop
      vertex -40.7151 -22.9431 3
      vertex -40.4306 -24.9328 3
      vertex -28.0722 -24.4067 3
    endloop
  endfacet
  facet normal 0 0 1
    outer loop
      vertex -27.9095 -22.3979 3
      vertex -40.7151 -22.9431 3
      vertex -28.0722 -24.4067 3
    endloop
  endfacet
  facet normal 0 0 1
    outer loop
      vertex -27.2723 -24.7528 3
      vertex -27.354 -22.2003 3
      vertex -27.4984 -24.5585 3
    endloop
  endfacet
  facet normal 0 -0 1
    outer loop
      vertex -27.4984 -24.5585 3
      vertex -27.354 -22.2003 3
      vertex -27.6169 -22.341 3
    endloop
  endfacet
  facet normal 0 0 1
    outer loop
      vertex -24.7479 -24.6034 3
      vertex -27.354 -22.2003 3
      vertex -27.2723 -24.7528 3
    endloop
  endfacet
  facet normal 0 0 1
    outer loop
      vertex -24.7479 -24.6034 3
      vertex -27.2723 -24.7528 3
      vertex -27.1134 -25.005 3
    endloop
  endfacet
  facet normal 0 0 1
    outer loop
      vertex -24.7479 -24.6034 3
      vertex -27.1134 -25.005 3
      vertex -24.8942 -24.9664 3
    endloop
  endfacet
  facet normal -0 0 1
    outer loop
      vertex -27.1134 -25.005 3
      vertex -27.036 -25.2929 3
      vertex -24.8942 -24.9664 3
    endloop
  endfacet
  facet normal 0 0 1
    outer loop
      vertex -24.8942 -24.9664 3
      vertex -27.0469 -25.5908 3
      vertex -26.5601 -33.815 3
    endloop
  endfacet
  facet normal 0 0 1
    outer loop
      vertex -27.0469 -25.5908 3
      vertex -28.6649 -34.185 3
      vertex -26.5601 -33.815 3
    endloop
  endfacet
  facet normal 0 0 1
    outer loop
      vertex -26.4935 -34.4007 3
      vertex -28.7168 -34.3653 3
      vertex -28.8658 -34.6235 3
    endloop
  endfacet
  facet normal 0 0 1
    outer loop
      vertex -26.3347 -34.653 3
      vertex -28.8658 -34.6235 3
      vertex -29.0843 -34.8262 3
    endloop
  endfacet
  facet normal 0 0 1
    outer loop
      vertex -26.3347 -34.653 3
      vertex -29.0843 -34.8262 3
      vertex -26.1086 -34.8472 3
    endloop
  endfacet
  facet normal 0 0 1
    outer loop
      vertex -26.1086 -34.8472 3
      vertex -29.3529 -34.9556 3
      vertex -25.8353 -34.9662 3
    endloop
  endfacet
  facet normal 0.111972 -0.993711 0
    outer loop
      vertex 56.5962 -39.9553 0
      vertex 56.2989 -39.9888 3
      vertex 56.2989 -39.9888 0
    endloop
  endfacet
  facet normal 0.111972 -0.993711 0
    outer loop
      vertex 56.5962 -39.9553 0
      vertex 56.5962 -39.9553 3
      vertex 56.2989 -39.9888 3
    endloop
  endfacet
  facet normal 0.185883 -0.982572 0
    outer loop
      vertex 56.8901 -39.8997 0
      vertex 56.5962 -39.9553 3
      vertex 56.5962 -39.9553 0
    endloop
  endfacet
  facet normal 0.185883 -0.982572 0
    outer loop
      vertex 56.8901 -39.8997 0
      vertex 56.8901 -39.8997 3
      vertex 56.5962 -39.9553 3
    endloop
  endfacet
  facet normal 0.258786 -0.965935 0
    outer loop
      vertex 57.179 -39.8223 0
      vertex 56.8901 -39.8997 3
      vertex 56.8901 -39.8997 0
    endloop
  endfacet
  facet normal 0.258786 -0.965935 0
    outer loop
      vertex 57.179 -39.8223 0
      vertex 57.179 -39.8223 3
      vertex 56.8901 -39.8997 3
    endloop
  endfacet
  facet normal 0.330231 -0.9439 0
    outer loop
      vertex 57.4614 -39.7235 0
      vertex 57.179 -39.8223 3
      vertex 57.179 -39.8223 0
    endloop
  endfacet
  facet normal 0.330231 -0.9439 0
    outer loop
      vertex 57.4614 -39.7235 0
      vertex 57.4614 -39.7235 3
      vertex 57.179 -39.8223 3
    endloop
  endfacet
  facet normal 0.399924 -0.916548 0
    outer loop
      vertex 57.7355 -39.6039 0
      vertex 57.4614 -39.7235 3
      vertex 57.4614 -39.7235 0
    endloop
  endfacet
  facet normal 0.399924 -0.916548 0
    outer loop
      vertex 57.7355 -39.6039 0
      vertex 57.7355 -39.6039 3
      vertex 57.4614 -39.7235 3
    endloop
  endfacet
  facet normal 0.467289 -0.884105 0
    outer loop
      vertex 58 -39.4641 0
      vertex 57.7355 -39.6039 3
      vertex 57.7355 -39.6039 0
    endloop
  endfacet
  facet normal 0.467289 -0.884105 0
    outer loop
      vertex 58 -39.4641 0
      vertex 58 -39.4641 3
      vertex 57.7355 -39.6039 3
    endloop
  endfacet
  facet normal 0.531891 -0.846813 0
    outer loop
      vertex 58.2533 -39.305 0
      vertex 58 -39.4641 3
      vertex 58 -39.4641 0
    endloop
  endfacet
  facet normal 0.531891 -0.846813 0
    outer loop
      vertex 58.2533 -39.305 0
      vertex 58.2533 -39.305 3
      vertex 58 -39.4641 3
    endloop
  endfacet
  facet normal 0.59394 -0.804509 0
    outer loop
      vertex 58.494 -39.1273 0
      vertex 58.2533 -39.305 3
      vertex 58.2533 -39.305 0
    endloop
  endfacet
  facet normal 0.59394 -0.804509 0
    outer loop
      vertex 58.494 -39.1273 0
      vertex 58.494 -39.1273 3
      vertex 58.2533 -39.305 3
    endloop
  endfacet
  facet normal 0.652304 -0.757957 0
    outer loop
      vertex 58.7207 -38.9322 0
      vertex 58.494 -39.1273 3
      vertex 58.494 -39.1273 0
    endloop
  endfacet
  facet normal 0.652304 -0.757957 0
    outer loop
      vertex 58.7207 -38.9322 0
      vertex 58.7207 -38.9322 3
      vertex 58.494 -39.1273 3
    endloop
  endfacet
  facet normal 0.707107 -0.707107 0
    outer loop
      vertex 58.9322 -38.7207 0
      vertex 58.7207 -38.9322 3
      vertex 58.7207 -38.9322 0
    endloop
  endfacet
  facet normal 0.707107 -0.707107 0
    outer loop
      vertex 58.9322 -38.7207 0
      vertex 58.9322 -38.7207 3
      vertex 58.7207 -38.9322 3
    endloop
  endfacet
  facet normal 0.757957 -0.652304 0
    outer loop
      vertex 59.1273 -38.494 0
      vertex 58.9322 -38.7207 3
      vertex 58.9322 -38.7207 0
    endloop
  endfacet
  facet normal 0.757957 -0.652304 0
    outer loop
      vertex 59.1273 -38.494 0
      vertex 59.1273 -38.494 3
      vertex 58.9322 -38.7207 3
    endloop
  endfacet
  facet normal 0.804509 -0.59394 0
    outer loop
      vertex 59.305 -38.2533 0
      vertex 59.1273 -38.494 3
      vertex 59.1273 -38.494 0
    endloop
  endfacet
  facet normal 0.804509 -0.59394 0
    outer loop
      vertex 59.305 -38.2533 0
      vertex 59.305 -38.2533 3
      vertex 59.1273 -38.494 3
    endloop
  endfacet
  facet normal 0.846813 -0.531891 0
    outer loop
      vertex 59.4641 -38 0
      vertex 59.305 -38.2533 3
      vertex 59.305 -38.2533 0
    endloop
  endfacet
  facet normal 0.846813 -0.531891 0
    outer loop
      vertex 59.4641 -38 0
      vertex 59.4641 -38 3
      vertex 59.305 -38.2533 3
    endloop
  endfacet
  facet normal 0.884105 -0.467289 0
    outer loop
      vertex 59.6039 -37.7355 0
      vertex 59.4641 -38 3
      vertex 59.4641 -38 0
    endloop
  endfacet
  facet normal 0.884105 -0.467289 0
    outer loop
      vertex 59.6039 -37.7355 0
      vertex 59.6039 -37.7355 3
      vertex 59.4641 -38 3
    endloop
  endfacet
  facet normal 0.916548 -0.399924 0
    outer loop
      vertex 59.7235 -37.4614 0
      vertex 59.6039 -37.7355 3
      vertex 59.6039 -37.7355 0
    endloop
  endfacet
  facet normal 0.916548 -0.399924 0
    outer loop
      vertex 59.7235 -37.4614 0
      vertex 59.7235 -37.4614 3
      vertex 59.6039 -37.7355 3
    endloop
  endfacet
  facet normal 0.9439 -0.330231 0
    outer loop
      vertex 59.8223 -37.179 0
      vertex 59.7235 -37.4614 3
      vertex 59.7235 -37.4614 0
    endloop
  endfacet
  facet normal 0.9439 -0.330231 0
    outer loop
      vertex 59.8223 -37.179 0
      vertex 59.8223 -37.179 3
      vertex 59.7235 -37.4614 3
    endloop
  endfacet
  facet normal 0.965935 -0.258786 0
    outer loop
      vertex 59.8997 -36.8901 0
      vertex 59.8223 -37.179 3
      vertex 59.8223 -37.179 0
    endloop
  endfacet
  facet normal 0.965935 -0.258786 0
    outer loop
      vertex 59.8997 -36.8901 0
      vertex 59.8997 -36.8901 3
      vertex 59.8223 -37.179 3
    endloop
  endfacet
  facet normal 0.982572 -0.185883 0
    outer loop
      vertex 59.9553 -36.5962 0
      vertex 59.8997 -36.8901 3
      vertex 59.8997 -36.8901 0
    endloop
  endfacet
  facet normal 0.982572 -0.185883 0
    outer loop
      vertex 59.9553 -36.5962 0
      vertex 59.9553 -36.5962 3
      vertex 59.8997 -36.8901 3
    endloop
  endfacet
  facet normal 0.993711 -0.111972 0
    outer loop
      vertex 59.9888 -36.2989 0
      vertex 59.9553 -36.5962 3
      vertex 59.9553 -36.5962 0
    endloop
  endfacet
  facet normal 0.993711 -0.111972 0
    outer loop
      vertex 59.9888 -36.2989 0
      vertex 59.9888 -36.2989 3
      vertex 59.9553 -36.5962 3
    endloop
  endfacet
  facet normal 0.999299 -0.0374444 0
    outer loop
      vertex 60 -36 0
      vertex 59.9888 -36.2989 3
      vertex 59.9888 -36.2989 0
    endloop
  endfacet
  facet normal 0.999299 -0.0374444 0
    outer loop
      vertex 60 -36 0
      vertex 60 -36 3
      vertex 59.9888 -36.2989 3
    endloop
  endfacet
  facet normal 1 0 0
    outer loop
      vertex 60 36 0
      vertex 60 -36 3
      vertex 60 -36 0
    endloop
  endfacet
  facet normal 1 0 -0
    outer loop
      vertex 60 36 0
      vertex 60 36 3
      vertex 60 -36 3
    endloop
  endfacet
  facet normal 0.999299 0.0374444 0
    outer loop
      vertex 59.9888 36.2989 0
      vertex 60 36 3
      vertex 60 36 0
    endloop
  endfacet
  facet normal 0.999299 0.0374444 -0
    outer loop
      vertex 59.9888 36.2989 0
      vertex 59.9888 36.2989 3
      vertex 60 36 3
    endloop
  endfacet
  facet normal 0.993711 0.111972 0
    outer loop
      vertex 59.9553 36.5962 0
      vertex 59.9888 36.2989 3
      vertex 59.9888 36.2989 0
    endloop
  endfacet
  facet normal 0.993711 0.111972 -0
    outer loop
      vertex 59.9553 36.5962 0
      vertex 59.9553 36.5962 3
      vertex 59.9888 36.2989 3
    endloop
  endfacet
  facet normal 0.982572 0.185883 0
    outer loop
      vertex 59.8997 36.8901 0
      vertex 59.9553 36.5962 3
      vertex 59.9553 36.5962 0
    endloop
  endfacet
  facet normal 0.982572 0.185883 -0
    outer loop
      vertex 59.8997 36.8901 0
      vertex 59.8997 36.8901 3
      vertex 59.9553 36.5962 3
    endloop
  endfacet
  facet normal 0.965935 0.258786 0
    outer loop
      vertex 59.8223 37.179 0
      vertex 59.8997 36.8901 3
      vertex 59.8997 36.8901 0
    endloop
  endfacet
  facet normal 0.965935 0.258786 -0
    outer loop
      vertex 59.8223 37.179 0
      vertex 59.8223 37.179 3
      vertex 59.8997 36.8901 3
    endloop
  endfacet
  facet normal 0.9439 0.330231 0
    outer loop
      vertex 59.7235 37.4614 0
      vertex 59.8223 37.179 3
      vertex 59.8223 37.179 0
    endloop
  endfacet
  facet normal 0.9439 0.330231 -0
    outer loop
      vertex 59.7235 37.4614 0
      vertex 59.7235 37.4614 3
      vertex 59.8223 37.179 3
    endloop
  endfacet
  facet normal 0.916548 0.399924 0
    outer loop
      vertex 59.6039 37.7355 0
      vertex 59.7235 37.4614 3
      vertex 59.7235 37.4614 0
    endloop
  endfacet
  facet normal 0.916548 0.399924 -0
    outer loop
      vertex 59.6039 37.7355 0
      vertex 59.6039 37.7355 3
      vertex 59.7235 37.4614 3
    endloop
  endfacet
  facet normal 0.884105 0.467289 0
    outer loop
      vertex 59.4641 38 0
      vertex 59.6039 37.7355 3
      vertex 59.6039 37.7355 0
    endloop
  endfacet
  facet normal 0.884105 0.467289 -0
    outer loop
      vertex 59.4641 38 0
      vertex 59.4641 38 3
      vertex 59.6039 37.7355 3
    endloop
  endfacet
  facet normal 0.846813 0.531891 0
    outer loop
      vertex 59.305 38.2533 0
      vertex 59.4641 38 3
      vertex 59.4641 38 0
    endloop
  endfacet
  facet normal 0.846813 0.531891 -0
    outer loop
      vertex 59.305 38.2533 0
      vertex 59.305 38.2533 3
      vertex 59.4641 38 3
    endloop
  endfacet
  facet normal 0.804509 0.59394 0
    outer loop
      vertex 59.1273 38.494 0
      vertex 59.305 38.2533 3
      vertex 59.305 38.2533 0
    endloop
  endfacet
  facet normal 0.804509 0.59394 -0
    outer loop
      vertex 59.1273 38.494 0
      vertex 59.1273 38.494 3
      vertex 59.305 38.2533 3
    endloop
  endfacet
  facet normal 0.757957 0.652304 0
    outer loop
      vertex 58.9322 38.7207 0
      vertex 59.1273 38.494 3
      vertex 59.1273 38.494 0
    endloop
  endfacet
  facet normal 0.757957 0.652304 -0
    outer loop
      vertex 58.9322 38.7207 0
      vertex 58.9322 38.7207 3
      vertex 59.1273 38.494 3
    endloop
  endfacet
  facet normal 0.707107 0.707107 0
    outer loop
      vertex 58.7207 38.9322 0
      vertex 58.9322 38.7207 3
      vertex 58.9322 38.7207 0
    endloop
  endfacet
  facet normal 0.707107 0.707107 -0
    outer loop
      vertex 58.7207 38.9322 0
      vertex 58.7207 38.9322 3
      vertex 58.9322 38.7207 3
    endloop
  endfacet
  facet normal 0.652304 0.757957 0
    outer loop
      vertex 58.494 39.1273 0
      vertex 58.7207 38.9322 3
      vertex 58.7207 38.9322 0
    endloop
  endfacet
  facet normal 0.652304 0.757957 -0
    outer loop
      vertex 58.494 39.1273 0
      vertex 58.494 39.1273 3
      vertex 58.7207 38.9322 3
    endloop
  endfacet
  facet normal 0.59394 0.804509 0
    outer loop
      vertex 58.2533 39.305 0
      vertex 58.494 39.1273 3
      vertex 58.494 39.1273 0
    endloop
  endfacet
  facet normal 0.59394 0.804509 -0
    outer loop
      vertex 58.2533 39.305 0
      vertex 58.2533 39.305 3
      vertex 58.494 39.1273 3
    endloop
  endfacet
  facet normal 0.531891 0.846813 0
    outer loop
      vertex 58 39.4641 0
      vertex 58.2533 39.305 3
      vertex 58.2533 39.305 0
    endloop
  endfacet
  facet normal 0.531891 0.846813 -0
    outer loop
      vertex 58 39.4641 0
      vertex 58 39.4641 3
      vertex 58.2533 39.305 3
    endloop
  endfacet
  facet normal 0.467289 0.884105 0
    outer loop
      vertex 57.7355 39.6039 0
      vertex 58 39.4641 3
      vertex 58 39.4641 0
    endloop
  endfacet
  facet normal 0.467289 0.884105 -0
    outer loop
      vertex 57.7355 39.6039 0
      vertex 57.7355 39.6039 3
      vertex 58 39.4641 3
    endloop
  endfacet
  facet normal 0.399924 0.916548 0
    outer loop
      vertex 57.4614 39.7235 0
      vertex 57.7355 39.6039 3
      vertex 57.7355 39.6039 0
    endloop
  endfacet
  facet normal 0.399924 0.916548 -0
    outer loop
      vertex 57.4614 39.7235 0
      vertex 57.4614 39.7235 3
      vertex 57.7355 39.6039 3
    endloop
  endfacet
  facet normal 0.330231 0.9439 0
    outer loop
      vertex 57.179 39.8223 0
      vertex 57.4614 39.7235 3
      vertex 57.4614 39.7235 0
    endloop
  endfacet
  facet normal 0.330231 0.9439 -0
    outer loop
      vertex 57.179 39.8223 0
      vertex 57.179 39.8223 3
      vertex 57.4614 39.7235 3
    endloop
  endfacet
  facet normal 0.258786 0.965935 0
    outer loop
      vertex 56.8901 39.8997 0
      vertex 57.179 39.8223 3
      vertex 57.179 39.8223 0
    endloop
  endfacet
  facet normal 0.258786 0.965935 -0
    outer loop
      vertex 56.8901 39.8997 0
      vertex 56.8901 39.8997 3
      vertex 57.179 39.8223 3
    endloop
  endfacet
  facet normal 0.185883 0.982572 0
    outer loop
      vertex 56.5962 39.9553 0
      vertex 56.8901 39.8997 3
      vertex 56.8901 39.8997 0
    endloop
  endfacet
  facet normal 0.185883 0.982572 -0
    outer loop
      vertex 56.5962 39.9553 0
      vertex 56.5962 39.9553 3
      vertex 56.8901 39.8997 3
    endloop
  endfacet
  facet normal 0.111972 0.993711 0
    outer loop
      vertex 56.2989 39.9888 0
      vertex 56.5962 39.9553 3
      vertex 56.5962 39.9553 0
    endloop
  endfacet
  facet normal 0.111972 0.993711 -0
    outer loop
      vertex 56.2989 39.9888 0
      vertex 56.2989 39.9888 3
      vertex 56.5962 39.9553 3
    endloop
  endfacet
  facet normal 0.0374444 0.999299 0
    outer loop
      vertex 56 40 0
      vertex 56.2989 39.9888 3
      vertex 56.2989 39.9888 0
    endloop
  endfacet
  facet normal 0.0374444 0.999299 -0
    outer loop
      vertex 56 40 0
      vertex 56 40 3
      vertex 56.2989 39.9888 3
    endloop
  endfacet
  facet normal 0 1 0
    outer loop
      vertex -56 40 0
      vertex 56 40 3
      vertex 56 40 0
    endloop
  endfacet
  facet normal 0 1 0
    outer loop
      vertex -56 40 0
      vertex -56 40 3
      vertex 56 40 3
    endloop
  endfacet
  facet normal -0.0374444 0.999299 0
    outer loop
      vertex -56.2989 39.9888 0
      vertex -56 40 3
      vertex -56 40 0
    endloop
  endfacet
  facet normal -0.0374444 0.999299 0
    outer loop
      vertex -56.2989 39.9888 0
      vertex -56.2989 39.9888 3
      vertex -56 40 3
    endloop
  endfacet
  facet normal -0.111972 0.993711 0
    outer loop
      vertex -56.5962 39.9553 0
      vertex -56.2989 39.9888 3
      vertex -56.2989 39.9888 0
    endloop
  endfacet
  facet normal -0.111972 0.993711 0
    outer loop
      vertex -56.5962 39.9553 0
      vertex -56.5962 39.9553 3
      vertex -56.2989 39.9888 3
    endloop
  endfacet
  facet normal -0.185883 0.982572 0
    outer loop
      vertex -56.8901 39.8997 0
      vertex -56.5962 39.9553 3
      vertex -56.5962 39.9553 0
    endloop
  endfacet
  facet normal -0.185883 0.982572 0
    outer loop
      vertex -56.8901 39.8997 0
      vertex -56.8901 39.8997 3
      vertex -56.5962 39.9553 3
    endloop
  endfacet
  facet normal -0.258786 0.965935 0
    outer loop
      vertex -57.179 39.8223 0
      vertex -56.8901 39.8997 3
      vertex -56.8901 39.8997 0
    endloop
  endfacet
  facet normal -0.258786 0.965935 0
    outer loop
      vertex -57.179 39.8223 0
      vertex -57.179 39.8223 3
      vertex -56.8901 39.8997 3
    endloop
  endfacet
  facet normal -0.330231 0.9439 0
    outer loop
      vertex -57.4614 39.7235 0
      vertex -57.179 39.8223 3
      vertex -57.179 39.8223 0
    endloop
  endfacet
  facet normal -0.330231 0.9439 0
    outer loop
      vertex -57.4614 39.7235 0
      vertex -57.4614 39.7235 3
      vertex -57.179 39.8223 3
    endloop
  endfacet
  facet normal -0.399924 0.916548 0
    outer loop
      vertex -57.7355 39.6039 0
      vertex -57.4614 39.7235 3
      vertex -57.4614 39.7235 0
    endloop
  endfacet
  facet normal -0.399924 0.916548 0
    outer loop
      vertex -57.7355 39.6039 0
      vertex -57.7355 39.6039 3
      vertex -57.4614 39.7235 3
    endloop
  endfacet
  facet normal -0.467289 0.884105 0
    outer loop
      vertex -58 39.4641 0
      vertex -57.7355 39.6039 3
      vertex -57.7355 39.6039 0
    endloop
  endfacet
  facet normal -0.467289 0.884105 0
    outer loop
      vertex -58 39.4641 0
      vertex -58 39.4641 3
      vertex -57.7355 39.6039 3
    endloop
  endfacet
  facet normal -0.531891 0.846813 0
    outer loop
      vertex -58.2533 39.305 0
      vertex -58 39.4641 3
      vertex -58 39.4641 0
    endloop
  endfacet
  facet normal -0.531891 0.846813 0
    outer loop
      vertex -58.2533 39.305 0
      vertex -58.2533 39.305 3
      vertex -58 39.4641 3
    endloop
  endfacet
  facet normal -0.59394 0.804509 0
    outer loop
      vertex -58.494 39.1273 0
      vertex -58.2533 39.305 3
      vertex -58.2533 39.305 0
    endloop
  endfacet
  facet normal -0.59394 0.804509 0
    outer loop
      vertex -58.494 39.1273 0
      vertex -58.494 39.1273 3
      vertex -58.2533 39.305 3
    endloop
  endfacet
  facet normal -0.652304 0.757957 0
    outer loop
      vertex -58.7207 38.9322 0
      vertex -58.494 39.1273 3
      vertex -58.494 39.1273 0
    endloop
  endfacet
  facet normal -0.652304 0.757957 0
    outer loop
      vertex -58.7207 38.9322 0
      vertex -58.7207 38.9322 3
      vertex -58.494 39.1273 3
    endloop
  endfacet
  facet normal -0.707107 0.707107 0
    outer loop
      vertex -58.9322 38.7207 0
      vertex -58.7207 38.9322 3
      vertex -58.7207 38.9322 0
    endloop
  endfacet
  facet normal -0.707107 0.707107 0
    outer loop
      vertex -58.9322 38.7207 0
      vertex -58.9322 38.7207 3
      vertex -58.7207 38.9322 3
    endloop
  endfacet
  facet normal -0.757957 0.652304 0
    outer loop
      vertex -59.1273 38.494 0
      vertex -58.9322 38.7207 3
      vertex -58.9322 38.7207 0
    endloop
  endfacet
  facet normal -0.757957 0.652304 0
    outer loop
      vertex -59.1273 38.494 0
      vertex -59.1273 38.494 3
      vertex -58.9322 38.7207 3
    endloop
  endfacet
  facet normal -0.804509 0.59394 0
    outer loop
      vertex -59.305 38.2533 0
      vertex -59.1273 38.494 3
      vertex -59.1273 38.494 0
    endloop
  endfacet
  facet normal -0.804509 0.59394 0
    outer loop
      vertex -59.305 38.2533 0
      vertex -59.305 38.2533 3
      vertex -59.1273 38.494 3
    endloop
  endfacet
  facet normal -0.846813 0.531891 0
    outer loop
      vertex -59.4641 38 0
      vertex -59.305 38.2533 3
      vertex -59.305 38.2533 0
    endloop
  endfacet
  facet normal -0.846813 0.531891 0
    outer loop
      vertex -59.4641 38 0
      vertex -59.4641 38 3
      vertex -59.305 38.2533 3
    endloop
  endfacet
  facet normal -0.884105 0.467289 0
    outer loop
      vertex -59.6039 37.7355 0
      vertex -59.4641 38 3
      vertex -59.4641 38 0
    endloop
  endfacet
  facet normal -0.884105 0.467289 0
    outer loop
      vertex -59.6039 37.7355 0
      vertex -59.6039 37.7355 3
      vertex -59.4641 38 3
    endloop
  endfacet
  facet normal -0.916548 0.399924 0
    outer loop
      vertex -59.7235 37.4614 0
      vertex -59.6039 37.7355 3
      vertex -59.6039 37.7355 0
    endloop
  endfacet
  facet normal -0.916548 0.399924 0
    outer loop
      vertex -59.7235 37.4614 0
      vertex -59.7235 37.4614 3
      vertex -59.6039 37.7355 3
    endloop
  endfacet
  facet normal -0.9439 0.330231 0
    outer loop
      vertex -59.8223 37.179 0
      vertex -59.7235 37.4614 3
      vertex -59.7235 37.4614 0
    endloop
  endfacet
  facet normal -0.9439 0.330231 0
    outer loop
      vertex -59.8223 37.179 0
      vertex -59.8223 37.179 3
      vertex -59.7235 37.4614 3
    endloop
  endfacet
  facet normal -0.965935 0.258786 0
    outer loop
      vertex -59.8997 36.8901 0
      vertex -59.8223 37.179 3
      vertex -59.8223 37.179 0
    endloop
  endfacet
  facet normal -0.965935 0.258786 0
    outer loop
      vertex -59.8997 36.8901 0
      vertex -59.8997 36.8901 3
      vertex -59.8223 37.179 3
    endloop
  endfacet
  facet normal -0.982572 0.185883 0
    outer loop
      vertex -59.9553 36.5962 0
      vertex -59.8997 36.8901 3
      vertex -59.8997 36.8901 0
    endloop
  endfacet
  facet normal -0.982572 0.185883 0
    outer loop
      vertex -59.9553 36.5962 0
      vertex -59.9553 36.5962 3
      vertex -59.8997 36.8901 3
    endloop
  endfacet
  facet normal -0.993711 0.111972 0
    outer loop
      vertex -59.9888 36.2989 0
      vertex -59.9553 36.5962 3
      vertex -59.9553 36.5962 0
    endloop
  endfacet
  facet normal -0.993711 0.111972 0
    outer loop
      vertex -59.9888 36.2989 0
      vertex -59.9888 36.2989 3
      vertex -59.9553 36.5962 3
    endloop
  endfacet
  facet normal -0.999299 0.0374444 0
    outer loop
      vertex -60 36 0
      vertex -59.9888 36.2989 3
      vertex -59.9888 36.2989 0
    endloop
  endfacet
  facet normal -0.999299 0.0374444 0
    outer loop
      vertex -60 36 0
      vertex -60 36 3
      vertex -59.9888 36.2989 3
    endloop
  endfacet
  facet normal -1 0 0
    outer loop
      vertex -60 -36 0
      vertex -60 36 3
      vertex -60 36 0
    endloop
  endfacet
  facet normal -1 0 0
    outer loop
      vertex -60 -36 0
      vertex -60 -36 3
      vertex -60 36 3
    endloop
  endfacet
  facet normal -0.999299 -0.0374444 0
    outer loop
      vertex -59.9888 -36.2989 0
      vertex -60 -36 3
      vertex -60 -36 0
    endloop
  endfacet
  facet normal -0.999299 -0.0374444 0
    outer loop
      vertex -59.9888 -36.2989 0
      vertex -59.9888 -36.2989 3
      vertex -60 -36 3
    endloop
  endfacet
  facet normal -0.993711 -0.111972 0
    outer loop
      vertex -59.9553 -36.5962 0
      vertex -59.9888 -36.2989 3
      vertex -59.9888 -36.2989 0
    endloop
  endfacet
  facet normal -0.993711 -0.111972 0
    outer loop
      vertex -59.9553 -36.5962 0
      vertex -59.9553 -36.5962 3
      vertex -59.9888 -36.2989 3
    endloop
  endfacet
  facet normal -0.982572 -0.185883 0
    outer loop
      vertex -59.8997 -36.8901 0
      vertex -59.9553 -36.5962 3
      vertex -59.9553 -36.5962 0
    endloop
  endfacet
  facet normal -0.982572 -0.185883 0
    outer loop
      vertex -59.8997 -36.8901 0
      vertex -59.8997 -36.8901 3
      vertex -59.9553 -36.5962 3
    endloop
  endfacet
  facet normal -0.965935 -0.258786 0
    outer loop
      vertex -59.8223 -37.179 0
      vertex -59.8997 -36.8901 3
      vertex -59.8997 -36.8901 0
    endloop
  endfacet
  facet normal -0.965935 -0.258786 0
    outer loop
      vertex -59.8223 -37.179 0
      vertex -59.8223 -37.179 3
      vertex -59.8997 -36.8901 3
    endloop
  endfacet
  facet normal -0.9439 -0.330231 0
    outer loop
      vertex -59.7235 -37.4614 0
      vertex -59.8223 -37.179 3
      vertex -59.8223 -37.179 0
    endloop
  endfacet
  facet normal -0.9439 -0.330231 0
    outer loop
      vertex -59.7235 -37.4614 0
      vertex -59.7235 -37.4614 3
      vertex -59.8223 -37.179 3
    endloop
  endfacet
  facet normal -0.916548 -0.399924 0
    outer loop
      vertex -59.6039 -37.7355 0
      vertex -59.7235 -37.4614 3
      vertex -59.7235 -37.4614 0
    endloop
  endfacet
  facet normal -0.916548 -0.399924 0
    outer loop
      vertex -59.6039 -37.7355 0
      vertex -59.6039 -37.7355 3
      vertex -59.7235 -37.4614 3
    endloop
  endfacet
  facet normal -0.884105 -0.467289 0
    outer loop
      vertex -59.4641 -38 0
      vertex -59.6039 -37.7355 3
      vertex -59.6039 -37.7355 0
    endloop
  endfacet
  facet normal -0.884105 -0.467289 0
    outer loop
      vertex -59.4641 -38 0
      vertex -59.4641 -38 3
      vertex -59.6039 -37.7355 3
    endloop
  endfacet
  facet normal -0.846813 -0.531891 0
    outer loop
      vertex -59.305 -38.2533 0
      vertex -59.4641 -38 3
      vertex -59.4641 -38 0
    endloop
  endfacet
  facet normal -0.846813 -0.531891 0
    outer loop
      vertex -59.305 -38.2533 0
      vertex -59.305 -38.2533 3
      vertex -59.4641 -38 3
    endloop
  endfacet
  facet normal -0.804509 -0.59394 0
    outer loop
      vertex -59.1273 -38.494 0
      vertex -59.305 -38.2533 3
      vertex -59.305 -38.2533 0
    endloop
  endfacet
  facet normal -0.804509 -0.59394 0
    outer loop
      vertex -59.1273 -38.494 0
      vertex -59.1273 -38.494 3
      vertex -59.305 -38.2533 3
    endloop
  endfacet
  facet normal -0.757957 -0.652304 0
    outer loop
      vertex -58.9322 -38.7207 0
      vertex -59.1273 -38.494 3
      vertex -59.1273 -38.494 0
    endloop
  endfacet
  facet normal -0.757957 -0.652304 0
    outer loop
      vertex -58.9322 -38.7207 0
      vertex -58.9322 -38.7207 3
      vertex -59.1273 -38.494 3
    endloop
  endfacet
  facet normal -0.707107 -0.707107 0
    outer loop
      vertex -58.7207 -38.9322 0
      vertex -58.9322 -38.7207 3
      vertex -58.9322 -38.7207 0
    endloop
  endfacet
  facet normal -0.707107 -0.707107 0
    outer loop
      vertex -58.7207 -38.9322 0
      vertex -58.7207 -38.9322 3
      vertex -58.9322 -38.7207 3
    endloop
  endfacet
  facet normal -0.652304 -0.757957 0
    outer loop
      vertex -58.494 -39.1273 0
      vertex -58.7207 -38.9322 3
      vertex -58.7207 -38.9322 0
    endloop
  endfacet
  facet normal -0.652304 -0.757957 0
    outer loop
      vertex -58.494 -39.1273 0
      vertex -58.494 -39.1273 3
      vertex -58.7207 -38.9322 3
    endloop
  endfacet
  facet normal -0.59394 -0.804509 0
    outer loop
      vertex -58.2533 -39.305 0
      vertex -58.494 -39.1273 3
      vertex -58.494 -39.1273 0
    endloop
  endfacet
  facet normal -0.59394 -0.804509 0
    outer loop
      vertex -58.2533 -39.305 0
      vertex -58.2533 -39.305 3
      vertex -58.494 -39.1273 3
    endloop
  endfacet
  facet normal -0.531891 -0.846813 0
    outer loop
      vertex -58 -39.4641 0
      vertex -58.2533 -39.305 3
      vertex -58.2533 -39.305 0
    endloop
  endfacet
  facet normal -0.531891 -0.846813 0
    outer loop
      vertex -58 -39.4641 0
      vertex -58 -39.4641 3
      vertex -58.2533 -39.305 3
    endloop
  endfacet
  facet normal -0.467289 -0.884105 0
    outer loop
      vertex -57.7355 -39.6039 0
      vertex -58 -39.4641 3
      vertex -58 -39.4641 0
    endloop
  endfacet
  facet normal -0.467289 -0.884105 0
    outer loop
      vertex -57.7355 -39.6039 0
      vertex -57.7355 -39.6039 3
      vertex -58 -39.4641 3
    endloop
  endfacet
  facet normal -0.399924 -0.916548 0
    outer loop
      vertex -57.4614 -39.7235 0
      vertex -57.7355 -39.6039 3
      vertex -57.7355 -39.6039 0
    endloop
  endfacet
  facet normal -0.399924 -0.916548 0
    outer loop
      vertex -57.4614 -39.7235 0
      vertex -57.4614 -39.7235 3
      vertex -57.7355 -39.6039 3
    endloop
  endfacet
  facet normal -0.330231 -0.9439 0
    outer loop
      vertex -57.179 -39.8223 0
      vertex -57.4614 -39.7235 3
      vertex -57.4614 -39.7235 0
    endloop
  endfacet
  facet normal -0.330231 -0.9439 0
    outer loop
      vertex -57.179 -39.8223 0
      vertex -57.179 -39.8223 3
      vertex -57.4614 -39.7235 3
    endloop
  endfacet
  facet normal -0.258786 -0.965935 0
    outer loop
      vertex -56.8901 -39.8997 0
      vertex -57.179 -39.8223 3
      vertex -57.179 -39.8223 0
    endloop
  endfacet
  facet normal -0.258786 -0.965935 0
    outer loop
      vertex -56.8901 -39.8997 0
      vertex -56.8901 -39.8997 3
      vertex -57.179 -39.8223 3
    endloop
  endfacet
  facet normal -0.185883 -0.982572 0
    outer loop
      vertex -56.5962 -39.9553 0
      vertex -56.8901 -39.8997 3
      vertex -56.8901 -39.8997 0
    endloop
  endfacet
  facet normal -0.185883 -0.982572 0
    outer loop
      vertex -56.5962 -39.9553 0
      vertex -56.5962 -39.9553 3
      vertex -56.8901 -39.8997 3
    endloop
  endfacet
  facet normal -0.111972 -0.993711 0
    outer loop
      vertex -56.2989 -39.9888 0
      vertex -56.5962 -39.9553 3
      vertex -56.5962 -39.9553 0
    endloop
  endfacet
  facet normal -0.111972 -0.993711 0
    outer loop
      vertex -56.2989 -39.9888 0
      vertex -56.2989 -39.9888 3
      vertex -56.5962 -39.9553 3
    endloop
  endfacet
  facet normal -0.0374444 -0.999299 0
    outer loop
      vertex -56 -40 0
      vertex -56.2989 -39.9888 3
      vertex -56.2989 -39.9888 0
    endloop
  endfacet
  facet normal -0.0374444 -0.999299 0
    outer loop
      vertex -56 -40 0
      vertex -56 -40 3
      vertex -56.2989 -39.9888 3
    endloop
  endfacet
  facet normal 0 -1 0
    outer loop
      vertex 56 -40 0
      vertex -56 -40 3
      vertex -56 -40 0
    endloop
  endfacet
  facet normal 0 -1 0
    outer loop
      vertex 56 -40 0
      vertex 56 -40 3
      vertex -56 -40 3
    endloop
  endfacet
  facet normal 0.0374444 -0.999299 0
    outer loop
      vertex 56.2989 -39.9888 0
      vertex 56 -40 3
      vertex 56 -40 0
    endloop
  endfacet
  facet normal 0.0374444 -0.999299 0
    outer loop
      vertex 56.2989 -39.9888 0
      vertex 56.2989 -39.9888 3
      vertex 56 -40 3
    endloop
  endfacet
  facet normal 0.420717 0.907192 -0
    outer loop
      vertex 44.6319 19.8485 0
      vertex 44.6319 19.8485 3
      vertex 44.9023 19.7231 0
    endloop
  endfacet
  facet normal 0.420717 0.907192 0
    outer loop
      vertex 44.9023 19.7231 3
      vertex 44.9023 19.7231 0
      vertex 44.6319 19.8485 3
    endloop
  endfacet
  facet normal 0.669595 0.742727 -0
    outer loop
      vertex 44.4105 20.0481 0
      vertex 44.4105 20.0481 3
      vertex 44.6319 19.8485 0
    endloop
  endfacet
  facet normal 0.669595 0.742727 0
    outer loop
      vertex 44.6319 19.8485 3
      vertex 44.6319 19.8485 0
      vertex 44.4105 20.0481 3
    endloop
  endfacet
  facet normal 0.858822 0.512274 -0
    outer loop
      vertex 44.2578 20.3041 0
      vertex 44.2578 20.3041 3
      vertex 44.4105 20.0481 0
    endloop
  endfacet
  facet normal 0.858822 0.512274 0
    outer loop
      vertex 44.4105 20.0481 3
      vertex 44.4105 20.0481 0
      vertex 44.2578 20.3041 3
    endloop
  endfacet
  facet normal 0.971547 0.236848 -0
    outer loop
      vertex 44.1872 20.5937 0
      vertex 44.1872 20.5937 3
      vertex 44.2578 20.3041 0
    endloop
  endfacet
  facet normal 0.971547 0.236848 0
    outer loop
      vertex 44.2578 20.3041 3
      vertex 44.2578 20.3041 0
      vertex 44.1872 20.5937 3
    endloop
  endfacet
  facet normal 0.996021 0.0891148 -0
    outer loop
      vertex 42.9957 33.9109 0
      vertex 42.9957 33.9109 3
      vertex 44.1872 20.5937 0
    endloop
  endfacet
  facet normal 0.996021 0.0891148 0
    outer loop
      vertex 44.1872 20.5937 3
      vertex 44.1872 20.5937 0
      vertex 42.9957 33.9109 3
    endloop
  endfacet
  facet normal 0.999973 0.00732581 -0
    outer loop
      vertex 42.9945 34.0747 0
      vertex 42.9945 34.0747 3
      vertex 42.9957 33.9109 0
    endloop
  endfacet
  facet normal 0.999973 0.00732581 0
    outer loop
      vertex 42.9957 33.9109 3
      vertex 42.9957 33.9109 0
      vertex 42.9945 34.0747 3
    endloop
  endfacet
  facet normal 0.974875 -0.222752 0
    outer loop
      vertex 43.0609 34.3653 0
      vertex 43.0609 34.3653 3
      vertex 42.9945 34.0747 0
    endloop
  endfacet
  facet normal 0.974875 -0.222752 0
    outer loop
      vertex 42.9945 34.0747 3
      vertex 42.9945 34.0747 0
      vertex 43.0609 34.3653 3
    endloop
  endfacet
  facet normal 0.86613 -0.499819 0
    outer loop
      vertex 43.2099 34.6235 0
      vertex 43.2099 34.6235 3
      vertex 43.0609 34.3653 0
    endloop
  endfacet
  facet normal 0.86613 -0.499819 0
    outer loop
      vertex 43.0609 34.3653 3
      vertex 43.0609 34.3653 0
      vertex 43.2099 34.6235 3
    endloop
  endfacet
  facet normal 0.680104 -0.733116 0
    outer loop
      vertex 43.4284 34.8262 0
      vertex 43.4284 34.8262 3
      vertex 43.2099 34.6235 0
    endloop
  endfacet
  facet normal 0.680104 -0.733116 0
    outer loop
      vertex 43.2099 34.6235 3
      vertex 43.2099 34.6235 0
      vertex 43.4284 34.8262 3
    endloop
  endfacet
  facet normal 0.434017 -0.900905 0
    outer loop
      vertex 43.697 34.9556 0
      vertex 43.697 34.9556 3
      vertex 43.4284 34.8262 0
    endloop
  endfacet
  facet normal 0.434017 -0.900905 0
    outer loop
      vertex 43.4284 34.8262 3
      vertex 43.4284 34.8262 0
      vertex 43.697 34.9556 3
    endloop
  endfacet
  facet normal 0.14898 -0.98884 0
    outer loop
      vertex 43.9917 35 0
      vertex 43.9917 35 3
      vertex 43.697 34.9556 0
    endloop
  endfacet
  facet normal 0.14898 -0.98884 0
    outer loop
      vertex 43.697 34.9556 3
      vertex 43.697 34.9556 0
      vertex 43.9917 35 3
    endloop
  endfacet
  facet normal 0 -1 0
    outer loop
      vertex 54 35 0
      vertex 54 35 3
      vertex 43.9917 35 0
    endloop
  endfacet
  facet normal 0 -1 0
    outer loop
      vertex 43.9917 35 3
      vertex 43.9917 35 0
      vertex 54 35 3
    endloop
  endfacet
  facet normal -0.185864 -0.982576 0
    outer loop
      vertex 54.3653 34.9309 0
      vertex 54.3653 34.9309 3
      vertex 54 35 0
    endloop
  endfacet
  facet normal -0.185864 -0.982576 -0
    outer loop
      vertex 54 35 3
      vertex 54 35 0
      vertex 54.3653 34.9309 3
    endloop
  endfacet
  facet normal -0.500071 -0.865985 0
    outer loop
      vertex 54.6235 34.7818 0
      vertex 54.6235 34.7818 3
      vertex 54.3653 34.9309 0
    endloop
  endfacet
  facet normal -0.500071 -0.865985 -0
    outer loop
      vertex 54.3653 34.9309 3
      vertex 54.3653 34.9309 0
      vertex 54.6235 34.7818 3
    endloop
  endfacet
  facet normal -0.733116 -0.680104 0
    outer loop
      vertex 54.8262 34.5633 0
      vertex 54.8262 34.5633 3
      vertex 54.6235 34.7818 0
    endloop
  endfacet
  facet normal -0.733116 -0.680104 -0
    outer loop
      vertex 54.6235 34.7818 3
      vertex 54.6235 34.7818 0
      vertex 54.8262 34.5633 3
    endloop
  endfacet
  facet normal -0.900841 -0.434148 0
    outer loop
      vertex 54.9556 34.2948 0
      vertex 54.9556 34.2948 3
      vertex 54.8262 34.5633 0
    endloop
  endfacet
  facet normal -0.900841 -0.434148 -0
    outer loop
      vertex 54.8262 34.5633 3
      vertex 54.8262 34.5633 0
      vertex 54.9556 34.2948 3
    endloop
  endfacet
  facet normal -0.988848 -0.148931 0
    outer loop
      vertex 55 34 0
      vertex 55 34 3
      vertex 54.9556 34.2948 0
    endloop
  endfacet
  facet normal -0.988848 -0.148931 -0
    outer loop
      vertex 54.9556 34.2948 3
      vertex 54.9556 34.2948 0
      vertex 55 34 3
    endloop
  endfacet
  facet normal -1 0 0
    outer loop
      vertex 55 21.1608 0
      vertex 55 21.1608 3
      vertex 55 34 0
    endloop
  endfacet
  facet normal -1 -0 -0
    outer loop
      vertex 55 34 3
      vertex 55 34 0
      vertex 55 21.1608 3
    endloop
  endfacet
  facet normal -0.987254 0.159153 0
    outer loop
      vertex 54.9493 20.8463 0
      vertex 54.9493 20.8463 3
      vertex 55 21.1608 0
    endloop
  endfacet
  facet normal -0.987254 0.159153 0
    outer loop
      vertex 55 21.1608 3
      vertex 55 21.1608 0
      vertex 54.9493 20.8463 3
    endloop
  endfacet
  facet normal -0.891727 0.452573 0
    outer loop
      vertex 54.8144 20.5805 0
      vertex 54.8144 20.5805 3
      vertex 54.9493 20.8463 0
    endloop
  endfacet
  facet normal -0.891727 0.452573 0
    outer loop
      vertex 54.9493 20.8463 3
      vertex 54.9493 20.8463 0
      vertex 54.8144 20.5805 3
    endloop
  endfacet
  facet normal -0.718916 0.695097 0
    outer loop
      vertex 54.6072 20.3662 0
      vertex 54.6072 20.3662 3
      vertex 54.8144 20.5805 0
    endloop
  endfacet
  facet normal -0.718916 0.695097 0
    outer loop
      vertex 54.8144 20.5805 3
      vertex 54.8144 20.5805 0
      vertex 54.6072 20.3662 3
    endloop
  endfacet
  facet normal -0.482163 0.876081 0
    outer loop
      vertex 54.3461 20.2225 0
      vertex 54.3461 20.2225 3
      vertex 54.6072 20.3662 0
    endloop
  endfacet
  facet normal -0.482163 0.876081 0
    outer loop
      vertex 54.6072 20.3662 3
      vertex 54.6072 20.3662 0
      vertex 54.3461 20.2225 3
    endloop
  endfacet
  facet normal -0.20224 0.979336 0
    outer loop
      vertex 54.0541 20.1622 0
      vertex 54.0541 20.1622 3
      vertex 54.3461 20.2225 0
    endloop
  endfacet
  facet normal -0.20224 0.979336 0
    outer loop
      vertex 54.3461 20.2225 3
      vertex 54.3461 20.2225 0
      vertex 54.0541 20.1622 3
    endloop
  endfacet
  facet normal -0.0541245 0.998534 0
    outer loop
      vertex 45.2374 19.6843 0
      vertex 45.2374 19.6843 3
      vertex 54.0541 20.1622 0
    endloop
  endfacet
  facet normal -0.0541245 0.998534 0
    outer loop
      vertex 54.0541 20.1622 3
      vertex 54.0541 20.1622 0
      vertex 45.2374 19.6843 3
    endloop
  endfacet
  facet normal 0.115018 0.993363 -0
    outer loop
      vertex 44.9023 19.7231 0
      vertex 44.9023 19.7231 3
      vertex 45.2374 19.6843 0
    endloop
  endfacet
  facet normal 0.115018 0.993363 0
    outer loop
      vertex 45.2374 19.6843 3
      vertex 45.2374 19.6843 0
      vertex 44.9023 19.7231 3
    endloop
  endfacet
  facet normal 0.500071 0.865985 -0
    outer loop
      vertex -54.6235 25.3034 0
      vertex -54.6235 25.3034 3
      vertex -54.3653 25.1543 0
    endloop
  endfacet
  facet normal 0.500071 0.865985 0
    outer loop
      vertex -54.3653 25.1543 3
      vertex -54.3653 25.1543 0
      vertex -54.6235 25.3034 3
    endloop
  endfacet
  facet normal 0.733116 0.680104 -0
    outer loop
      vertex -54.8262 25.5219 0
      vertex -54.8262 25.5219 3
      vertex -54.6235 25.3034 0
    endloop
  endfacet
  facet normal 0.733116 0.680104 0
    outer loop
      vertex -54.6235 25.3034 3
      vertex -54.6235 25.3034 0
      vertex -54.8262 25.5219 3
    endloop
  endfacet
  facet normal 0.900841 0.434148 -0
    outer loop
      vertex -54.9556 25.7904 0
      vertex -54.9556 25.7904 3
      vertex -54.8262 25.5219 0
    endloop
  endfacet
  facet normal 0.900841 0.434148 0
    outer loop
      vertex -54.8262 25.5219 3
      vertex -54.8262 25.5219 0
      vertex -54.9556 25.7904 3
    endloop
  endfacet
  facet normal 0.988848 0.148931 -0
    outer loop
      vertex -55 26.0852 0
      vertex -55 26.0852 3
      vertex -54.9556 25.7904 0
    endloop
  endfacet
  facet normal 0.988848 0.148931 0
    outer loop
      vertex -54.9556 25.7904 3
      vertex -54.9556 25.7904 0
      vertex -55 26.0852 3
    endloop
  endfacet
  facet normal 1 0 -0
    outer loop
      vertex -55 34 0
      vertex -55 34 3
      vertex -55 26.0852 0
    endloop
  endfacet
  facet normal 1 -0 0
    outer loop
      vertex -55 26.0852 3
      vertex -55 26.0852 0
      vertex -55 34 3
    endloop
  endfacet
  facet normal 0.982576 -0.185864 0
    outer loop
      vertex -54.9309 34.3653 0
      vertex -54.9309 34.3653 3
      vertex -55 34 0
    endloop
  endfacet
  facet normal 0.982576 -0.185864 0
    outer loop
      vertex -55 34 3
      vertex -55 34 0
      vertex -54.9309 34.3653 3
    endloop
  endfacet
  facet normal 0.865985 -0.500071 0
    outer loop
      vertex -54.7818 34.6235 0
      vertex -54.7818 34.6235 3
      vertex -54.9309 34.3653 0
    endloop
  endfacet
  facet normal 0.865985 -0.500071 0
    outer loop
      vertex -54.9309 34.3653 3
      vertex -54.9309 34.3653 0
      vertex -54.7818 34.6235 3
    endloop
  endfacet
  facet normal 0.680104 -0.733116 0
    outer loop
      vertex -54.5633 34.8262 0
      vertex -54.5633 34.8262 3
      vertex -54.7818 34.6235 0
    endloop
  endfacet
  facet normal 0.680104 -0.733116 0
    outer loop
      vertex -54.7818 34.6235 3
      vertex -54.7818 34.6235 0
      vertex -54.5633 34.8262 3
    endloop
  endfacet
  facet normal 0.434148 -0.900841 0
    outer loop
      vertex -54.2948 34.9556 0
      vertex -54.2948 34.9556 3
      vertex -54.5633 34.8262 0
    endloop
  endfacet
  facet normal 0.434148 -0.900841 0
    outer loop
      vertex -54.5633 34.8262 3
      vertex -54.5633 34.8262 0
      vertex -54.2948 34.9556 3
    endloop
  endfacet
  facet normal 0.148931 -0.988848 0
    outer loop
      vertex -54 35 0
      vertex -54 35 3
      vertex -54.2948 34.9556 0
    endloop
  endfacet
  facet normal 0.148931 -0.988848 0
    outer loop
      vertex -54.2948 34.9556 3
      vertex -54.2948 34.9556 0
      vertex -54 35 3
    endloop
  endfacet
  facet normal 0 -1 0
    outer loop
      vertex -42.9029 35 0
      vertex -42.9029 35 3
      vertex -54 35 0
    endloop
  endfacet
  facet normal 0 -1 0
    outer loop
      vertex -54 35 3
      vertex -54 35 0
      vertex -42.9029 35 3
    endloop
  endfacet
  facet normal -0.190406 -0.981705 0
    outer loop
      vertex -42.5291 34.9275 0
      vertex -42.5291 34.9275 3
      vertex -42.9029 35 0
    endloop
  endfacet
  facet normal -0.190406 -0.981705 -0
    outer loop
      vertex -42.9029 35 3
      vertex -42.9029 35 0
      vertex -42.5291 34.9275 3
    endloop
  endfacet
  facet normal -0.508017 -0.861347 0
    outer loop
      vertex -42.2724 34.7761 0
      vertex -42.2724 34.7761 3
      vertex -42.5291 34.9275 0
    endloop
  endfacet
  facet normal -0.508017 -0.861347 -0
    outer loop
      vertex -42.5291 34.9275 3
      vertex -42.5291 34.9275 0
      vertex -42.2724 34.7761 3
    endloop
  endfacet
  facet normal -0.739059 -0.673641 0
    outer loop
      vertex -42.0716 34.5558 0
      vertex -42.0716 34.5558 3
      vertex -42.2724 34.7761 0
    endloop
  endfacet
  facet normal -0.739059 -0.673641 -0
    outer loop
      vertex -42.2724 34.7761 3
      vertex -42.2724 34.7761 0
      vertex -42.0716 34.5558 3
    endloop
  endfacet
  facet normal -0.904902 -0.425619 0
    outer loop
      vertex -41.9447 34.286 0
      vertex -41.9447 34.286 3
      vertex -42.0716 34.5558 0
    endloop
  endfacet
  facet normal -0.904902 -0.425619 -0
    outer loop
      vertex -42.0716 34.5558 3
      vertex -42.0716 34.5558 0
      vertex -41.9447 34.286 3
    endloop
  endfacet
  facet normal -0.990163 -0.139918 0
    outer loop
      vertex -41.903 33.9909 0
      vertex -41.903 33.9909 3
      vertex -41.9447 34.286 0
    endloop
  endfacet
  facet normal -0.990163 -0.139918 -0
    outer loop
      vertex -41.9447 34.286 3
      vertex -41.9447 34.286 0
      vertex -41.903 33.9909 3
    endloop
  endfacet
  facet normal -0.999959 0.00910658 0
    outer loop
      vertex -41.9742 26.1727 0
      vertex -41.9742 26.1727 3
      vertex -41.903 33.9909 0
    endloop
  endfacet
  facet normal -0.999959 0.00910658 0
    outer loop
      vertex -41.903 33.9909 3
      vertex -41.903 33.9909 0
      vertex -41.9742 26.1727 3
    endloop
  endfacet
  facet normal -0.982538 0.186061 0
    outer loop
      vertex -42.0401 25.8247 0
      vertex -42.0401 25.8247 3
      vertex -41.9742 26.1727 0
    endloop
  endfacet
  facet normal -0.982538 0.186061 0
    outer loop
      vertex -41.9742 26.1727 3
      vertex -41.9742 26.1727 0
      vertex -42.0401 25.8247 3
    endloop
  endfacet
  facet normal -0.870382 0.492378 0
    outer loop
      vertex -42.1869 25.5652 0
      vertex -42.1869 25.5652 3
      vertex -42.0401 25.8247 0
    endloop
  endfacet
  facet normal -0.870382 0.492378 0
    outer loop
      vertex -42.0401 25.8247 3
      vertex -42.0401 25.8247 0
      vertex -42.1869 25.5652 3
    endloop
  endfacet
  facet normal -0.686515 0.727116 0
    outer loop
      vertex -42.4036 25.3606 0
      vertex -42.4036 25.3606 3
      vertex -42.1869 25.5652 0
    endloop
  endfacet
  facet normal -0.686515 0.727116 0
    outer loop
      vertex -42.1869 25.5652 3
      vertex -42.1869 25.5652 0
      vertex -42.4036 25.3606 3
    endloop
  endfacet
  facet normal -0.441705 0.89716 0
    outer loop
      vertex -42.6711 25.2289 0
      vertex -42.6711 25.2289 3
      vertex -42.4036 25.3606 0
    endloop
  endfacet
  facet normal -0.441705 0.89716 0
    outer loop
      vertex -42.4036 25.3606 3
      vertex -42.4036 25.3606 0
      vertex -42.6711 25.2289 3
    endloop
  endfacet
  facet normal -0.157703 0.987487 0
    outer loop
      vertex -42.9654 25.1819 0
      vertex -42.9654 25.1819 3
      vertex -42.6711 25.2289 0
    endloop
  endfacet
  facet normal -0.157703 0.987487 0
    outer loop
      vertex -42.6711 25.2289 3
      vertex -42.6711 25.2289 0
      vertex -42.9654 25.1819 3
    endloop
  endfacet
  facet normal -0.00877 0.999962 0
    outer loop
      vertex -53.9912 25.0852 0
      vertex -53.9912 25.0852 3
      vertex -42.9654 25.1819 0
    endloop
  endfacet
  facet normal -0.00877 0.999962 0
    outer loop
      vertex -42.9654 25.1819 3
      vertex -42.9654 25.1819 0
      vertex -53.9912 25.0852 3
    endloop
  endfacet
  facet normal 0.181637 0.983366 -0
    outer loop
      vertex -54.3653 25.1543 0
      vertex -54.3653 25.1543 3
      vertex -53.9912 25.0852 0
    endloop
  endfacet
  facet normal 0.181637 0.983366 0
    outer loop
      vertex -53.9912 25.0852 3
      vertex -53.9912 25.0852 0
      vertex -54.3653 25.1543 3
    endloop
  endfacet
  facet normal 0.245606 0.96937 -0
    outer loop
      vertex -39.2235 24.7826 0
      vertex -39.2235 24.7826 3
      vertex -29.0296 22.1998 0
    endloop
  endfacet
  facet normal 0.245606 0.96937 0
    outer loop
      vertex -29.0296 22.1998 3
      vertex -29.0296 22.1998 0
      vertex -39.2235 24.7826 3
    endloop
  endfacet
  facet normal 0.448699 0.893683 -0
    outer loop
      vertex -39.6085 24.9759 0
      vertex -39.6085 24.9759 3
      vertex -39.2235 24.7826 0
    endloop
  endfacet
  facet normal 0.448699 0.893683 0
    outer loop
      vertex -39.2235 24.7826 3
      vertex -39.2235 24.7826 0
      vertex -39.6085 24.9759 3
    endloop
  endfacet
  facet normal 0.739226 0.673457 -0
    outer loop
      vertex -39.8092 25.1962 0
      vertex -39.8092 25.1962 3
      vertex -39.6085 24.9759 0
    endloop
  endfacet
  facet normal 0.739226 0.673457 0
    outer loop
      vertex -39.6085 24.9759 3
      vertex -39.6085 24.9759 0
      vertex -39.8092 25.1962 3
    endloop
  endfacet
  facet normal 0.904902 0.425619 -0
    outer loop
      vertex -39.9361 25.466 0
      vertex -39.9361 25.466 3
      vertex -39.8092 25.1962 0
    endloop
  endfacet
  facet normal 0.904902 0.425619 0
    outer loop
      vertex -39.8092 25.1962 3
      vertex -39.8092 25.1962 0
      vertex -39.9361 25.466 3
    endloop
  endfacet
  facet normal 0.990117 0.140247 -0
    outer loop
      vertex -39.9779 25.7611 0
      vertex -39.9779 25.7611 3
      vertex -39.9361 25.466 0
    endloop
  endfacet
  facet normal 0.990117 0.140247 0
    outer loop
      vertex -39.9361 25.466 3
      vertex -39.9361 25.466 0
      vertex -39.9779 25.7611 3
    endloop
  endfacet
  facet normal 0.999959 -0.00910486 0
    outer loop
      vertex -39.9028 34.0091 0
      vertex -39.9028 34.0091 3
      vertex -39.9779 25.7611 0
    endloop
  endfacet
  facet normal 0.999959 -0.00910486 0
    outer loop
      vertex -39.9779 25.7611 3
      vertex -39.9779 25.7611 0
      vertex -39.9028 34.0091 3
    endloop
  endfacet
  facet normal 0.981698 -0.190442 0
    outer loop
      vertex -39.8337 34.3653 0
      vertex -39.8337 34.3653 3
      vertex -39.9028 34.0091 0
    endloop
  endfacet
  facet normal 0.981698 -0.190442 0
    outer loop
      vertex -39.9028 34.0091 3
      vertex -39.9028 34.0091 0
      vertex -39.8337 34.3653 3
    endloop
  endfacet
  facet normal 0.865985 -0.500071 0
    outer loop
      vertex -39.6846 34.6235 0
      vertex -39.6846 34.6235 3
      vertex -39.8337 34.3653 0
    endloop
  endfacet
  facet normal 0.865985 -0.500071 0
    outer loop
      vertex -39.8337 34.3653 3
      vertex -39.8337 34.3653 0
      vertex -39.6846 34.6235 3
    endloop
  endfacet
  facet normal 0.680104 -0.733116 0
    outer loop
      vertex -39.4661 34.8262 0
      vertex -39.4661 34.8262 3
      vertex -39.6846 34.6235 0
    endloop
  endfacet
  facet normal 0.680104 -0.733116 0
    outer loop
      vertex -39.6846 34.6235 3
      vertex -39.6846 34.6235 0
      vertex -39.4661 34.8262 3
    endloop
  endfacet
  facet normal 0.434148 -0.900841 0
    outer loop
      vertex -39.1976 34.9556 0
      vertex -39.1976 34.9556 3
      vertex -39.4661 34.8262 0
    endloop
  endfacet
  facet normal 0.434148 -0.900841 0
    outer loop
      vertex -39.4661 34.8262 3
      vertex -39.4661 34.8262 0
      vertex -39.1976 34.9556 3
    endloop
  endfacet
  facet normal 0.148931 -0.988848 0
    outer loop
      vertex -38.9028 35 0
      vertex -38.9028 35 3
      vertex -39.1976 34.9556 0
    endloop
  endfacet
  facet normal 0.148931 -0.988848 0
    outer loop
      vertex -39.1976 34.9556 3
      vertex -39.1976 34.9556 0
      vertex -38.9028 35 3
    endloop
  endfacet
  facet normal 0 -1 0
    outer loop
      vertex -32.4649 35 0
      vertex -32.4649 35 3
      vertex -38.9028 35 0
    endloop
  endfacet
  facet normal 0 -1 0
    outer loop
      vertex -38.9028 35 3
      vertex -38.9028 35 0
      vertex -32.4649 35 3
    endloop
  endfacet
  facet normal -0.171893 -0.985116 0
    outer loop
      vertex -32.1262 34.9409 0
      vertex -32.1262 34.9409 3
      vertex -32.4649 35 0
    endloop
  endfacet
  facet normal -0.171893 -0.985116 -0
    outer loop
      vertex -32.4649 35 3
      vertex -32.4649 35 0
      vertex -32.1262 34.9409 3
    endloop
  endfacet
  facet normal -0.4753 -0.879824 0
    outer loop
      vertex -31.8639 34.7992 0
      vertex -31.8639 34.7992 3
      vertex -32.1262 34.9409 0
    endloop
  endfacet
  facet normal -0.4753 -0.879824 -0
    outer loop
      vertex -32.1262 34.9409 3
      vertex -32.1262 34.9409 0
      vertex -31.8639 34.7992 3
    endloop
  endfacet
  facet normal -0.713286 -0.700873 0
    outer loop
      vertex -31.655 34.5866 0
      vertex -31.655 34.5866 3
      vertex -31.8639 34.7992 0
    endloop
  endfacet
  facet normal -0.713286 -0.700873 -0
    outer loop
      vertex -31.8639 34.7992 3
      vertex -31.8639 34.7992 0
      vertex -31.655 34.5866 3
    endloop
  endfacet
  facet normal -0.888307 -0.45925 0
    outer loop
      vertex -31.5181 34.3218 0
      vertex -31.5181 34.3218 3
      vertex -31.655 34.5866 0
    endloop
  endfacet
  facet normal -0.888307 -0.45925 -0
    outer loop
      vertex -31.655 34.5866 3
      vertex -31.655 34.5866 0
      vertex -31.5181 34.3218 3
    endloop
  endfacet
  facet normal -0.946816 -0.321777 0
    outer loop
      vertex -27.8372 23.4909 0
      vertex -27.8372 23.4909 3
      vertex -31.5181 34.3218 0
    endloop
  endfacet
  facet normal -0.946816 -0.321777 -0
    outer loop
      vertex -31.5181 34.3218 3
      vertex -31.5181 34.3218 0
      vertex -27.8372 23.4909 3
    endloop
  endfacet
  facet normal -0.988481 -0.151348 0
    outer loop
      vertex -27.7843 23.1454 0
      vertex -27.7843 23.1454 3
      vertex -27.8372 23.4909 0
    endloop
  endfacet
  facet normal -0.988481 -0.151348 -0
    outer loop
      vertex -27.8372 23.4909 3
      vertex -27.8372 23.4909 0
      vertex -27.7843 23.1454 3
    endloop
  endfacet
  facet normal -0.985019 0.172445 0
    outer loop
      vertex -27.8357 22.8518 0
      vertex -27.8357 22.8518 3
      vertex -27.7843 23.1454 0
    endloop
  endfacet
  facet normal -0.985019 0.172445 0
    outer loop
      vertex -27.7843 23.1454 3
      vertex -27.7843 23.1454 0
      vertex -27.8357 22.8518 3
    endloop
  endfacet
  facet normal -0.890365 0.455247 0
    outer loop
      vertex -27.9714 22.5864 0
      vertex -27.9714 22.5864 3
      vertex -27.8357 22.8518 0
    endloop
  endfacet
  facet normal -0.890365 0.455247 0
    outer loop
      vertex -27.8357 22.8518 3
      vertex -27.8357 22.8518 0
      vertex -27.9714 22.5864 3
    endloop
  endfacet
  facet normal -0.716767 0.697313 0
    outer loop
      vertex -28.1793 22.3727 0
      vertex -28.1793 22.3727 3
      vertex -27.9714 22.5864 0
    endloop
  endfacet
  facet normal -0.716767 0.697313 0
    outer loop
      vertex -27.9714 22.5864 3
      vertex -27.9714 22.5864 0
      vertex -28.1793 22.3727 3
    endloop
  endfacet
  facet normal -0.479134 0.877742 0
    outer loop
      vertex -28.4409 22.2299 0
      vertex -28.4409 22.2299 3
      vertex -28.1793 22.3727 0
    endloop
  endfacet
  facet normal -0.479134 0.877742 0
    outer loop
      vertex -28.1793 22.3727 3
      vertex -28.1793 22.3727 0
      vertex -28.4409 22.2299 3
    endloop
  endfacet
  facet normal -0.199599 0.979878 0
    outer loop
      vertex -28.733 22.1704 0
      vertex -28.733 22.1704 3
      vertex -28.4409 22.2299 0
    endloop
  endfacet
  facet normal -0.199599 0.979878 0
    outer loop
      vertex -28.4409 22.2299 3
      vertex -28.4409 22.2299 0
      vertex -28.733 22.1704 3
    endloop
  endfacet
  facet normal 0.09864 0.995123 -0
    outer loop
      vertex -29.0296 22.1998 0
      vertex -29.0296 22.1998 3
      vertex -28.733 22.1704 0
    endloop
  endfacet
  facet normal 0.09864 0.995123 0
    outer loop
      vertex -28.733 22.1704 3
      vertex -28.733 22.1704 0
      vertex -29.0296 22.1998 3
    endloop
  endfacet
  facet normal 0.47518 0.879889 -0
    outer loop
      vertex -25.0089 21.9242 0
      vertex -25.0089 21.9242 3
      vertex -24.7467 21.7826 0
    endloop
  endfacet
  facet normal 0.47518 0.879889 0
    outer loop
      vertex -24.7467 21.7826 3
      vertex -24.7467 21.7826 0
      vertex -25.0089 21.9242 3
    endloop
  endfacet
  facet normal 0.713451 0.700705 -0
    outer loop
      vertex -25.2178 22.1369 0
      vertex -25.2178 22.1369 3
      vertex -25.0089 21.9242 0
    endloop
  endfacet
  facet normal 0.713451 0.700705 0
    outer loop
      vertex -25.0089 21.9242 3
      vertex -25.0089 21.9242 0
      vertex -25.2178 22.1369 3
    endloop
  endfacet
  facet normal 0.888307 0.45925 -0
    outer loop
      vertex -25.3547 22.4017 0
      vertex -25.3547 22.4017 3
      vertex -25.2178 22.1369 0
    endloop
  endfacet
  facet normal 0.888307 0.45925 0
    outer loop
      vertex -25.2178 22.1369 3
      vertex -25.2178 22.1369 0
      vertex -25.3547 22.4017 3
    endloop
  endfacet
  facet normal 0.946814 0.321782 -0
    outer loop
      vertex -29.1871 33.6782 0
      vertex -29.1871 33.6782 3
      vertex -25.3547 22.4017 0
    endloop
  endfacet
  facet normal 0.946814 0.321782 0
    outer loop
      vertex -25.3547 22.4017 3
      vertex -25.3547 22.4017 0
      vertex -29.1871 33.6782 3
    endloop
  endfacet
  facet normal 0.992018 0.126098 -0
    outer loop
      vertex -29.2375 34.0747 0
      vertex -29.2375 34.0747 3
      vertex -29.1871 33.6782 0
    endloop
  endfacet
  facet normal 0.992018 0.126098 0
    outer loop
      vertex -29.1871 33.6782 3
      vertex -29.1871 33.6782 0
      vertex -29.2375 34.0747 3
    endloop
  endfacet
  facet normal 0.974948 -0.222433 0
    outer loop
      vertex -29.1712 34.3653 0
      vertex -29.1712 34.3653 3
      vertex -29.2375 34.0747 0
    endloop
  endfacet
  facet normal 0.974948 -0.222433 0
    outer loop
      vertex -29.2375 34.0747 3
      vertex -29.2375 34.0747 0
      vertex -29.1712 34.3653 3
    endloop
  endfacet
  facet normal 0.865985 -0.500071 0
    outer loop
      vertex -29.0221 34.6235 0
      vertex -29.0221 34.6235 3
      vertex -29.1712 34.3653 0
    endloop
  endfacet
  facet normal 0.865985 -0.500071 0
    outer loop
      vertex -29.1712 34.3653 3
      vertex -29.1712 34.3653 0
      vertex -29.0221 34.6235 3
    endloop
  endfacet
  facet normal 0.680104 -0.733116 0
    outer loop
      vertex -28.8036 34.8262 0
      vertex -28.8036 34.8262 3
      vertex -29.0221 34.6235 0
    endloop
  endfacet
  facet normal 0.680104 -0.733116 0
    outer loop
      vertex -29.0221 34.6235 3
      vertex -29.0221 34.6235 0
      vertex -28.8036 34.8262 3
    endloop
  endfacet
  facet normal 0.434017 -0.900905 0
    outer loop
      vertex -28.535 34.9556 0
      vertex -28.535 34.9556 3
      vertex -28.8036 34.8262 0
    endloop
  endfacet
  facet normal 0.434017 -0.900905 0
    outer loop
      vertex -28.8036 34.8262 3
      vertex -28.8036 34.8262 0
      vertex -28.535 34.9556 3
    endloop
  endfacet
  facet normal 0.14898 -0.98884 0
    outer loop
      vertex -28.2403 35 0
      vertex -28.2403 35 3
      vertex -28.535 34.9556 0
    endloop
  endfacet
  facet normal 0.14898 -0.98884 0
    outer loop
      vertex -28.535 34.9556 3
      vertex -28.535 34.9556 0
      vertex -28.2403 35 3
    endloop
  endfacet
  facet normal 0 -1 0
    outer loop
      vertex -15.3242 35 0
      vertex -15.3242 35 3
      vertex -28.2403 35 0
    endloop
  endfacet
  facet normal 0 -1 0
    outer loop
      vertex -28.2403 35 3
      vertex -28.2403 35 0
      vertex -15.3242 35 3
    endloop
  endfacet
  facet normal -0.111999 -0.993708 0
    outer loop
      vertex -15.1015 34.9749 0
      vertex -15.1015 34.9749 3
      vertex -15.3242 35 0
    endloop
  endfacet
  facet normal -0.111999 -0.993708 -0
    outer loop
      vertex -15.3242 35 3
      vertex -15.3242 35 0
      vertex -15.1015 34.9749 3
    endloop
  endfacet
  facet normal -0.365424 -0.930841 0
    outer loop
      vertex -14.8241 34.866 0
      vertex -14.8241 34.866 3
      vertex -15.1015 34.9749 0
    endloop
  endfacet
  facet normal -0.365424 -0.930841 -0
    outer loop
      vertex -15.1015 34.9749 3
      vertex -15.1015 34.9749 0
      vertex -14.8241 34.866 3
    endloop
  endfacet
  facet normal -0.623508 -0.781817 0
    outer loop
      vertex -14.591 34.6801 0
      vertex -14.591 34.6801 3
      vertex -14.8241 34.866 0
    endloop
  endfacet
  facet normal -0.623508 -0.781817 -0
    outer loop
      vertex -14.8241 34.866 3
      vertex -14.8241 34.866 0
      vertex -14.591 34.6801 3
    endloop
  endfacet
  facet normal -0.826277 -0.563264 0
    outer loop
      vertex -14.4231 34.4338 0
      vertex -14.4231 34.4338 3
      vertex -14.591 34.6801 0
    endloop
  endfacet
  facet normal -0.826277 -0.563264 -0
    outer loop
      vertex -14.591 34.6801 3
      vertex -14.591 34.6801 0
      vertex -14.4231 34.4338 3
    endloop
  endfacet
  facet normal -0.955619 -0.294605 0
    outer loop
      vertex -14.3353 34.149 0
      vertex -14.3353 34.149 3
      vertex -14.4231 34.4338 0
    endloop
  endfacet
  facet normal -0.955619 -0.294605 -0
    outer loop
      vertex -14.4231 34.4338 3
      vertex -14.4231 34.4338 0
      vertex -14.3353 34.149 3
    endloop
  endfacet
  facet normal -0.988845 -0.148948 0
    outer loop
      vertex -13.0378 25.5351 0
      vertex -13.0378 25.5351 3
      vertex -14.3353 34.149 0
    endloop
  endfacet
  facet normal -0.988845 -0.148948 -0
    outer loop
      vertex -14.3353 34.149 3
      vertex -14.3353 34.149 0
      vertex -13.0378 25.5351 3
    endloop
  endfacet
  facet normal -0.999912 -0.0132585 0
    outer loop
      vertex -13.0342 25.2636 0
      vertex -13.0342 25.2636 3
      vertex -13.0378 25.5351 0
    endloop
  endfacet
  facet normal -0.999912 -0.0132585 -0
    outer loop
      vertex -13.0378 25.5351 3
      vertex -13.0378 25.5351 0
      vertex -13.0342 25.2636 3
    endloop
  endfacet
  facet normal -0.963128 0.269045 0
    outer loop
      vertex -13.1144 24.9765 0
      vertex -13.1144 24.9765 3
      vertex -13.0342 25.2636 0
    endloop
  endfacet
  facet normal -0.963128 0.269045 0
    outer loop
      vertex -13.0342 25.2636 3
      vertex -13.0342 25.2636 0
      vertex -13.1144 24.9765 3
    endloop
  endfacet
  facet normal -0.840971 0.54108 0
    outer loop
      vertex -13.2757 24.7258 0
      vertex -13.2757 24.7258 3
      vertex -13.1144 24.9765 0
    endloop
  endfacet
  facet normal -0.840971 0.54108 0
    outer loop
      vertex -13.1144 24.9765 3
      vertex -13.1144 24.9765 0
      vertex -13.2757 24.7258 3
    endloop
  endfacet
  facet normal -0.644136 0.764911 0
    outer loop
      vertex -13.5037 24.5338 0
      vertex -13.5037 24.5338 3
      vertex -13.2757 24.7258 0
    endloop
  endfacet
  facet normal -0.644136 0.764911 0
    outer loop
      vertex -13.2757 24.7258 3
      vertex -13.2757 24.7258 0
      vertex -13.5037 24.5338 3
    endloop
  endfacet
  facet normal -0.39011 0.920768 0
    outer loop
      vertex -13.7782 24.4175 0
      vertex -13.7782 24.4175 3
      vertex -13.5037 24.5338 0
    endloop
  endfacet
  facet normal -0.39011 0.920768 0
    outer loop
      vertex -13.5037 24.5338 3
      vertex -13.5037 24.5338 0
      vertex -13.7782 24.4175 3
    endloop
  endfacet
  facet normal -0.24845 0.968645 0
    outer loop
      vertex -24.1594 21.7548 0
      vertex -24.1594 21.7548 3
      vertex -13.7782 24.4175 0
    endloop
  endfacet
  facet normal -0.24845 0.968645 0
    outer loop
      vertex -13.7782 24.4175 3
      vertex -13.7782 24.4175 0
      vertex -24.1594 21.7548 3
    endloop
  endfacet
  facet normal -0.102209 0.994763 0
    outer loop
      vertex -24.4543 21.7245 0
      vertex -24.4543 21.7245 3
      vertex -24.1594 21.7548 0
    endloop
  endfacet
  facet normal -0.102209 0.994763 0
    outer loop
      vertex -24.1594 21.7548 3
      vertex -24.1594 21.7548 0
      vertex -24.4543 21.7245 3
    endloop
  endfacet
  facet normal 0.19489 0.980825 -0
    outer loop
      vertex -24.7467 21.7826 0
      vertex -24.7467 21.7826 3
      vertex -24.4543 21.7245 0
    endloop
  endfacet
  facet normal 0.19489 0.980825 0
    outer loop
      vertex -24.4543 21.7245 3
      vertex -24.4543 21.7245 0
      vertex -24.7467 21.7826 3
    endloop
  endfacet
  facet normal 0.228634 0.973512 -0
    outer loop
      vertex 27.6092 20.5507 0
      vertex 27.6092 20.5507 3
      vertex 27.9443 20.472 0
    endloop
  endfacet
  facet normal 0.228634 0.973512 0
    outer loop
      vertex 27.9443 20.472 3
      vertex 27.9443 20.472 0
      vertex 27.6092 20.5507 3
    endloop
  endfacet
  facet normal 0.525164 0.851001 -0
    outer loop
      vertex 27.3556 20.7072 0
      vertex 27.3556 20.7072 3
      vertex 27.6092 20.5507 0
    endloop
  endfacet
  facet normal 0.525164 0.851001 0
    outer loop
      vertex 27.6092 20.5507 3
      vertex 27.6092 20.5507 0
      vertex 27.3556 20.7072 3
    endloop
  endfacet
  facet normal 0.752805 0.658243 -0
    outer loop
      vertex 27.1593 20.9317 0
      vertex 27.1593 20.9317 3
      vertex 27.3556 20.7072 0
    endloop
  endfacet
  facet normal 0.752805 0.658243 0
    outer loop
      vertex 27.3556 20.7072 3
      vertex 27.3556 20.7072 0
      vertex 27.1593 20.9317 3
    endloop
  endfacet
  facet normal 0.91341 0.407041 -0
    outer loop
      vertex 27.038 21.2039 0
      vertex 27.038 21.2039 3
      vertex 27.1593 20.9317 0
    endloop
  endfacet
  facet normal 0.91341 0.407041 0
    outer loop
      vertex 27.1593 20.9317 3
      vertex 27.1593 20.9317 0
      vertex 27.038 21.2039 3
    endloop
  endfacet
  facet normal 0.992805 0.11974 -0
    outer loop
      vertex 27.0023 21.4999 0
      vertex 27.0023 21.4999 3
      vertex 27.038 21.2039 0
    endloop
  endfacet
  facet normal 0.992805 0.11974 0
    outer loop
      vertex 27.038 21.2039 3
      vertex 27.038 21.2039 0
      vertex 27.0023 21.4999 3
    endloop
  endfacet
  facet normal 0.984004 -0.178147 0
    outer loop
      vertex 27.0554 21.7932 0
      vertex 27.0554 21.7932 3
      vertex 27.0023 21.4999 0
    endloop
  endfacet
  facet normal 0.984004 -0.178147 0
    outer loop
      vertex 27.0023 21.4999 3
      vertex 27.0023 21.4999 0
      vertex 27.0554 21.7932 3
    endloop
  endfacet
  facet normal 0.946456 -0.322833 0
    outer loop
      vertex 31.3292 34.3228 0
      vertex 31.3292 34.3228 3
      vertex 27.0554 21.7932 0
    endloop
  endfacet
  facet normal 0.946456 -0.322833 0
    outer loop
      vertex 27.0554 21.7932 3
      vertex 27.0554 21.7932 0
      vertex 31.3292 34.3228 3
    endloop
  endfacet
  facet normal 0.877058 -0.480384 0
    outer loop
      vertex 31.4939 34.6235 0
      vertex 31.4939 34.6235 3
      vertex 31.3292 34.3228 0
    endloop
  endfacet
  facet normal 0.877058 -0.480384 0
    outer loop
      vertex 31.3292 34.3228 3
      vertex 31.3292 34.3228 0
      vertex 31.4939 34.6235 3
    endloop
  endfacet
  facet normal 0.680104 -0.733116 0
    outer loop
      vertex 31.7124 34.8262 0
      vertex 31.7124 34.8262 3
      vertex 31.4939 34.6235 0
    endloop
  endfacet
  facet normal 0.680104 -0.733116 0
    outer loop
      vertex 31.4939 34.6235 3
      vertex 31.4939 34.6235 0
      vertex 31.7124 34.8262 3
    endloop
  endfacet
  facet normal 0.434148 -0.900841 0
    outer loop
      vertex 31.9809 34.9556 0
      vertex 31.9809 34.9556 3
      vertex 31.7124 34.8262 0
    endloop
  endfacet
  facet normal 0.434148 -0.900841 0
    outer loop
      vertex 31.7124 34.8262 3
      vertex 31.7124 34.8262 0
      vertex 31.9809 34.9556 3
    endloop
  endfacet
  facet normal 0.148931 -0.988848 0
    outer loop
      vertex 32.2757 35 0
      vertex 32.2757 35 3
      vertex 31.9809 34.9556 0
    endloop
  endfacet
  facet normal 0.148931 -0.988848 0
    outer loop
      vertex 31.9809 34.9556 3
      vertex 31.9809 34.9556 0
      vertex 32.2757 35 3
    endloop
  endfacet
  facet normal 0 -1 0
    outer loop
      vertex 39.9758 35 0
      vertex 39.9758 35 3
      vertex 32.2757 35 0
    endloop
  endfacet
  facet normal 0 -1 0
    outer loop
      vertex 32.2757 35 3
      vertex 32.2757 35 0
      vertex 39.9758 35 3
    endloop
  endfacet
  facet normal -0.142013 -0.989865 0
    outer loop
      vertex 40.2567 34.9597 0
      vertex 40.2567 34.9597 3
      vertex 39.9758 35 0
    endloop
  endfacet
  facet normal -0.142013 -0.989865 -0
    outer loop
      vertex 39.9758 35 3
      vertex 39.9758 35 0
      vertex 40.2567 34.9597 3
    endloop
  endfacet
  facet normal -0.420717 -0.907192 0
    outer loop
      vertex 40.5271 34.8343 0
      vertex 40.5271 34.8343 3
      vertex 40.2567 34.9597 0
    endloop
  endfacet
  facet normal -0.420717 -0.907192 -0
    outer loop
      vertex 40.2567 34.9597 3
      vertex 40.2567 34.9597 0
      vertex 40.5271 34.8343 3
    endloop
  endfacet
  facet normal -0.669595 -0.742727 0
    outer loop
      vertex 40.7485 34.6347 0
      vertex 40.7485 34.6347 3
      vertex 40.5271 34.8343 0
    endloop
  endfacet
  facet normal -0.669595 -0.742727 -0
    outer loop
      vertex 40.5271 34.8343 3
      vertex 40.5271 34.8343 0
      vertex 40.7485 34.6347 3
    endloop
  endfacet
  facet normal -0.858674 -0.512521 0
    outer loop
      vertex 40.9013 34.3787 0
      vertex 40.9013 34.3787 3
      vertex 40.7485 34.6347 0
    endloop
  endfacet
  facet normal -0.858674 -0.512521 -0
    outer loop
      vertex 40.7485 34.6347 3
      vertex 40.7485 34.6347 0
      vertex 40.9013 34.3787 3
    endloop
  endfacet
  facet normal -0.971624 -0.236531 0
    outer loop
      vertex 40.9718 34.0891 0
      vertex 40.9718 34.0891 3
      vertex 40.9013 34.3787 0
    endloop
  endfacet
  facet normal -0.971624 -0.236531 -0
    outer loop
      vertex 40.9013 34.3787 3
      vertex 40.9013 34.3787 0
      vertex 40.9718 34.0891 3
    endloop
  endfacet
  facet normal -0.996021 -0.0891185 0
    outer loop
      vertex 42.1608 20.8004 0
      vertex 42.1608 20.8004 3
      vertex 40.9718 34.0891 0
    endloop
  endfacet
  facet normal -0.996021 -0.0891185 -0
    outer loop
      vertex 40.9718 34.0891 3
      vertex 40.9718 34.0891 0
      vertex 42.1608 20.8004 3
    endloop
  endfacet
  facet normal -0.999764 0.0217045 0
    outer loop
      vertex 42.156 20.5793 0
      vertex 42.156 20.5793 3
      vertex 42.1608 20.8004 0
    endloop
  endfacet
  facet normal -0.999764 0.0217045 0
    outer loop
      vertex 42.1608 20.8004 3
      vertex 42.1608 20.8004 0
      vertex 42.156 20.5793 3
    endloop
  endfacet
  facet normal -0.960453 0.278441 0
    outer loop
      vertex 42.073 20.293 0
      vertex 42.073 20.293 3
      vertex 42.156 20.5793 0
    endloop
  endfacet
  facet normal -0.960453 0.278441 0
    outer loop
      vertex 42.156 20.5793 3
      vertex 42.156 20.5793 0
      vertex 42.073 20.293 3
    endloop
  endfacet
  facet normal -0.835851 0.548957 0
    outer loop
      vertex 41.9094 20.0439 0
      vertex 41.9094 20.0439 3
      vertex 42.073 20.293 0
    endloop
  endfacet
  facet normal -0.835851 0.548957 0
    outer loop
      vertex 42.073 20.293 3
      vertex 42.073 20.293 0
      vertex 41.9094 20.0439 3
    endloop
  endfacet
  facet normal -0.637011 0.770854 0
    outer loop
      vertex 41.6796 19.854 0
      vertex 41.6796 19.854 3
      vertex 41.9094 20.0439 0
    endloop
  endfacet
  facet normal -0.637011 0.770854 0
    outer loop
      vertex 41.9094 20.0439 3
      vertex 41.9094 20.0439 0
      vertex 41.6796 19.854 3
    endloop
  endfacet
  facet normal -0.381087 0.924539 0
    outer loop
      vertex 41.404 19.7404 0
      vertex 41.404 19.7404 3
      vertex 41.6796 19.854 0
    endloop
  endfacet
  facet normal -0.381087 0.924539 0
    outer loop
      vertex 41.6796 19.854 3
      vertex 41.6796 19.854 0
      vertex 41.404 19.7404 3
    endloop
  endfacet
  facet normal -0.0919272 0.995766 0
    outer loop
      vertex 41.1072 19.713 0
      vertex 41.1072 19.713 3
      vertex 41.404 19.7404 0
    endloop
  endfacet
  facet normal -0.0919272 0.995766 0
    outer loop
      vertex 41.404 19.7404 3
      vertex 41.404 19.7404 0
      vertex 41.1072 19.713 3
    endloop
  endfacet
  facet normal 0.0575664 0.998342 -0
    outer loop
      vertex 27.9443 20.472 0
      vertex 27.9443 20.472 3
      vertex 41.1072 19.713 0
    endloop
  endfacet
  facet normal 0.0575664 0.998342 0
    outer loop
      vertex 41.1072 19.713 3
      vertex 41.1072 19.713 0
      vertex 27.9443 20.472 3
    endloop
  endfacet
  facet normal 0.367523 0.930015 -0
    outer loop
      vertex -10.3413 24.4044 0
      vertex -10.3413 24.4044 3
      vertex -3.0145 21.509 0
    endloop
  endfacet
  facet normal 0.367523 0.930015 0
    outer loop
      vertex -3.0145 21.509 3
      vertex -3.0145 21.509 0
      vertex -10.3413 24.4044 3
    endloop
  endfacet
  facet normal 0.564303 0.825567 -0
    outer loop
      vertex -10.7069 24.6543 0
      vertex -10.7069 24.6543 3
      vertex -10.3413 24.4044 0
    endloop
  endfacet
  facet normal 0.564303 0.825567 0
    outer loop
      vertex -10.3413 24.4044 3
      vertex -10.3413 24.4044 0
      vertex -10.7069 24.6543 3
    endloop
  endfacet
  facet normal 0.826383 0.563108 -0
    outer loop
      vertex -10.8748 24.9007 0
      vertex -10.8748 24.9007 3
      vertex -10.7069 24.6543 0
    endloop
  endfacet
  facet normal 0.826383 0.563108 0
    outer loop
      vertex -10.7069 24.6543 3
      vertex -10.7069 24.6543 0
      vertex -10.8748 24.9007 3
    endloop
  endfacet
  facet normal 0.955619 0.294605 -0
    outer loop
      vertex -10.9626 25.1855 0
      vertex -10.9626 25.1855 3
      vertex -10.8748 24.9007 0
    endloop
  endfacet
  facet normal 0.955619 0.294605 0
    outer loop
      vertex -10.8748 24.9007 3
      vertex -10.8748 24.9007 0
      vertex -10.9626 25.1855 3
    endloop
  endfacet
  facet normal 0.988845 0.14895 -0
    outer loop
      vertex -12.2679 33.8511 0
      vertex -12.2679 33.8511 3
      vertex -10.9626 25.1855 0
    endloop
  endfacet
  facet normal 0.988845 0.14895 0
    outer loop
      vertex -10.9626 25.1855 3
      vertex -10.9626 25.1855 0
      vertex -12.2679 33.8511 3
    endloop
  endfacet
  facet normal 0.999312 0.0370943 -0
    outer loop
      vertex -12.2762 34.0747 0
      vertex -12.2762 34.0747 3
      vertex -12.2679 33.8511 0
    endloop
  endfacet
  facet normal 0.999312 0.0370943 0
    outer loop
      vertex -12.2679 33.8511 3
      vertex -12.2679 33.8511 0
      vertex -12.2762 34.0747 3
    endloop
  endfacet
  facet normal 0.974948 -0.222433 0
    outer loop
      vertex -12.2099 34.3653 0
      vertex -12.2099 34.3653 3
      vertex -12.2762 34.0747 0
    endloop
  endfacet
  facet normal 0.974948 -0.222433 0
    outer loop
      vertex -12.2762 34.0747 3
      vertex -12.2762 34.0747 0
      vertex -12.2099 34.3653 3
    endloop
  endfacet
  facet normal 0.86613 -0.499819 0
    outer loop
      vertex -12.0609 34.6235 0
      vertex -12.0609 34.6235 3
      vertex -12.2099 34.3653 0
    endloop
  endfacet
  facet normal 0.86613 -0.499819 0
    outer loop
      vertex -12.2099 34.3653 3
      vertex -12.2099 34.3653 0
      vertex -12.0609 34.6235 3
    endloop
  endfacet
  facet normal 0.679936 -0.733271 0
    outer loop
      vertex -11.8423 34.8262 0
      vertex -11.8423 34.8262 3
      vertex -12.0609 34.6235 0
    endloop
  endfacet
  facet normal 0.679936 -0.733271 0
    outer loop
      vertex -12.0609 34.6235 3
      vertex -12.0609 34.6235 0
      vertex -11.8423 34.8262 3
    endloop
  endfacet
  facet normal 0.434148 -0.900841 0
    outer loop
      vertex -11.5738 34.9556 0
      vertex -11.5738 34.9556 3
      vertex -11.8423 34.8262 0
    endloop
  endfacet
  facet normal 0.434148 -0.900841 0
    outer loop
      vertex -11.8423 34.8262 3
      vertex -11.8423 34.8262 0
      vertex -11.5738 34.9556 3
    endloop
  endfacet
  facet normal 0.148931 -0.988848 0
    outer loop
      vertex -11.279 35 0
      vertex -11.279 35 3
      vertex -11.5738 34.9556 0
    endloop
  endfacet
  facet normal 0.148931 -0.988848 0
    outer loop
      vertex -11.5738 34.9556 3
      vertex -11.5738 34.9556 0
      vertex -11.279 35 3
    endloop
  endfacet
  facet normal 0 -1 0
    outer loop
      vertex -3.23386 35 0
      vertex -3.23386 35 3
      vertex -11.279 35 0
    endloop
  endfacet
  facet normal 0 -1 0
    outer loop
      vertex -11.279 35 3
      vertex -11.279 35 0
      vertex -3.23386 35 3
    endloop
  endfacet
  facet normal -0.160932 -0.986966 0
    outer loop
      vertex -2.91618 34.9482 0
      vertex -2.91618 34.9482 3
      vertex -3.23386 35 0
    endloop
  endfacet
  facet normal -0.160932 -0.986966 -0
    outer loop
      vertex -3.23386 35 3
      vertex -3.23386 35 0
      vertex -2.91618 34.9482 3
    endloop
  endfacet
  facet normal -0.45554 -0.890215 0
    outer loop
      vertex -2.6508 34.8124 0
      vertex -2.6508 34.8124 3
      vertex -2.91618 34.9482 0
    endloop
  endfacet
  facet normal -0.45554 -0.890215 -0
    outer loop
      vertex -2.91618 34.9482 3
      vertex -2.91618 34.9482 0
      vertex -2.6508 34.8124 3
    endloop
  endfacet
  facet normal -0.697548 -0.716538 0
    outer loop
      vertex -2.43724 34.6045 0
      vertex -2.43724 34.6045 3
      vertex -2.6508 34.8124 0
    endloop
  endfacet
  facet normal -0.697548 -0.716538 -0
    outer loop
      vertex -2.6508 34.8124 3
      vertex -2.6508 34.8124 0
      vertex -2.43724 34.6045 3
    endloop
  endfacet
  facet normal -0.877833 -0.478967 0
    outer loop
      vertex -2.29445 34.3428 0
      vertex -2.29445 34.3428 3
      vertex -2.43724 34.6045 0
    endloop
  endfacet
  facet normal -0.877833 -0.478967 -0
    outer loop
      vertex -2.43724 34.6045 3
      vertex -2.43724 34.6045 0
      vertex -2.29445 34.3428 3
    endloop
  endfacet
  facet normal -0.980002 -0.198986 0
    outer loop
      vertex -2.23514 34.0507 0
      vertex -2.23514 34.0507 3
      vertex -2.29445 34.3428 0
    endloop
  endfacet
  facet normal -0.980002 -0.198986 -0
    outer loop
      vertex -2.29445 34.3428 3
      vertex -2.29445 34.3428 0
      vertex -2.23514 34.0507 3
    endloop
  endfacet
  facet normal -0.998714 -0.0506998 0
    outer loop
      vertex -1.64825 22.4898 0
      vertex -1.64825 22.4898 3
      vertex -2.23514 34.0507 0
    endloop
  endfacet
  facet normal -0.998714 -0.0506998 -0
    outer loop
      vertex -2.23514 34.0507 3
      vertex -2.23514 34.0507 0
      vertex -1.64825 22.4898 3
    endloop
  endfacet
  facet normal -0.998719 0.0506031 0
    outer loop
      vertex -1.65849 22.2877 0
      vertex -1.65849 22.2877 3
      vertex -1.64825 22.4898 0
    endloop
  endfacet
  facet normal -0.998719 0.0506031 0
    outer loop
      vertex -1.64825 22.4898 3
      vertex -1.64825 22.4898 0
      vertex -1.65849 22.2877 3
    endloop
  endfacet
  facet normal -0.954868 0.297029 0
    outer loop
      vertex -1.74702 22.0031 0
      vertex -1.74702 22.0031 3
      vertex -1.65849 22.2877 0
    endloop
  endfacet
  facet normal -0.954868 0.297029 0
    outer loop
      vertex -1.65849 22.2877 3
      vertex -1.65849 22.2877 0
      vertex -1.74702 22.0031 3
    endloop
  endfacet
  facet normal -0.824928 0.565238 0
    outer loop
      vertex -1.91551 21.7572 0
      vertex -1.91551 21.7572 3
      vertex -1.74702 22.0031 0
    endloop
  endfacet
  facet normal -0.824928 0.565238 0
    outer loop
      vertex -1.74702 22.0031 3
      vertex -1.74702 22.0031 0
      vertex -1.91551 21.7572 3
    endloop
  endfacet
  facet normal -0.621638 0.783304 0
    outer loop
      vertex -2.149 21.5719 0
      vertex -2.149 21.5719 3
      vertex -1.91551 21.7572 0
    endloop
  endfacet
  facet normal -0.621638 0.783304 0
    outer loop
      vertex -1.91551 21.7572 3
      vertex -1.91551 21.7572 0
      vertex -2.149 21.5719 3
    endloop
  endfacet
  facet normal -0.363291 0.931676 0
    outer loop
      vertex -2.42674 21.4636 0
      vertex -2.42674 21.4636 3
      vertex -2.149 21.5719 0
    endloop
  endfacet
  facet normal -0.363291 0.931676 0
    outer loop
      vertex -2.149 21.5719 3
      vertex -2.149 21.5719 0
      vertex -2.42674 21.4636 3
    endloop
  endfacet
  facet normal -0.0724629 0.997371 0
    outer loop
      vertex -2.72404 21.442 0
      vertex -2.72404 21.442 3
      vertex -2.42674 21.4636 0
    endloop
  endfacet
  facet normal -0.0724629 0.997371 0
    outer loop
      vertex -2.42674 21.4636 3
      vertex -2.42674 21.4636 0
      vertex -2.72404 21.442 3
    endloop
  endfacet
  facet normal 0.224766 0.974413 -0
    outer loop
      vertex -3.0145 21.509 0
      vertex -3.0145 21.509 3
      vertex -2.72404 21.442 0
    endloop
  endfacet
  facet normal 0.224766 0.974413 0
    outer loop
      vertex -2.72404 21.442 3
      vertex -2.72404 21.442 0
      vertex -3.0145 21.509 3
    endloop
  endfacet
  facet normal 0.455278 0.890349 -0
    outer loop
      vertex 0.825943 20.6261 0
      vertex 0.825943 20.6261 3
      vertex 1.09132 20.4904 0
    endloop
  endfacet
  facet normal 0.455278 0.890349 0
    outer loop
      vertex 1.09132 20.4904 3
      vertex 1.09132 20.4904 0
      vertex 0.825943 20.6261 3
    endloop
  endfacet
  facet normal 0.697717 0.716374 -0
    outer loop
      vertex 0.612381 20.8341 0
      vertex 0.612381 20.8341 3
      vertex 0.825943 20.6261 0
    endloop
  endfacet
  facet normal 0.697717 0.716374 0
    outer loop
      vertex 0.825943 20.6261 3
      vertex 0.825943 20.6261 0
      vertex 0.612381 20.8341 3
    endloop
  endfacet
  facet normal 0.877753 0.479114 -0
    outer loop
      vertex 0.469589 21.0957 0
      vertex 0.469589 21.0957 3
      vertex 0.612381 20.8341 0
    endloop
  endfacet
  facet normal 0.877753 0.479114 0
    outer loop
      vertex 0.612381 20.8341 3
      vertex 0.612381 20.8341 0
      vertex 0.469589 21.0957 3
    endloop
  endfacet
  facet normal 0.980015 0.198924 -0
    outer loop
      vertex 0.410278 21.3879 0
      vertex 0.410278 21.3879 3
      vertex 0.469589 21.0957 0
    endloop
  endfacet
  facet normal 0.980015 0.198924 0
    outer loop
      vertex 0.469589 21.0957 3
      vertex 0.469589 21.0957 0
      vertex 0.410278 21.3879 3
    endloop
  endfacet
  facet normal 0.998714 0.0506985 -0
    outer loop
      vertex -0.227386 33.9493 0
      vertex -0.227386 33.9493 3
      vertex 0.410278 21.3879 0
    endloop
  endfacet
  facet normal 0.998714 0.0506985 0
    outer loop
      vertex 0.410278 21.3879 3
      vertex 0.410278 21.3879 0
      vertex -0.227386 33.9493 3
    endloop
  endfacet
  facet normal 0.986962 -0.160951 0
    outer loop
      vertex -0.159546 34.3653 0
      vertex -0.159546 34.3653 3
      vertex -0.227386 33.9493 0
    endloop
  endfacet
  facet normal 0.986962 -0.160951 0
    outer loop
      vertex -0.227386 33.9493 3
      vertex -0.227386 33.9493 0
      vertex -0.159546 34.3653 3
    endloop
  endfacet
  facet normal 0.86606 -0.49994 0
    outer loop
      vertex -0.010498 34.6235 0
      vertex -0.010498 34.6235 3
      vertex -0.159546 34.3653 0
    endloop
  endfacet
  facet normal 0.86606 -0.49994 0
    outer loop
      vertex -0.159546 34.3653 3
      vertex -0.159546 34.3653 0
      vertex -0.010498 34.6235 3
    endloop
  endfacet
  facet normal 0.680094 -0.733125 0
    outer loop
      vertex 0.208008 34.8262 0
      vertex 0.208008 34.8262 3
      vertex -0.010498 34.6235 0
    endloop
  endfacet
  facet normal 0.680094 -0.733125 0
    outer loop
      vertex -0.010498 34.6235 3
      vertex -0.010498 34.6235 0
      vertex 0.208008 34.8262 3
    endloop
  endfacet
  facet normal 0.434057 -0.900886 0
    outer loop
      vertex 0.476578 34.9556 0
      vertex 0.476578 34.9556 3
      vertex 0.208008 34.8262 0
    endloop
  endfacet
  facet normal 0.434057 -0.900886 0
    outer loop
      vertex 0.208008 34.8262 3
      vertex 0.208008 34.8262 0
      vertex 0.476578 34.9556 3
    endloop
  endfacet
  facet normal 0.148954 -0.988844 0
    outer loop
      vertex 0.771332 35 0
      vertex 0.771332 35 3
      vertex 0.476578 34.9556 0
    endloop
  endfacet
  facet normal 0.148954 -0.988844 0
    outer loop
      vertex 0.476578 34.9556 3
      vertex 0.476578 34.9556 0
      vertex 0.771332 35 3
    endloop
  endfacet
  facet normal 0 -1 0
    outer loop
      vertex 12.5875 35 0
      vertex 12.5875 35 3
      vertex 0.771332 35 0
    endloop
  endfacet
  facet normal 0 -1 0
    outer loop
      vertex 0.771332 35 3
      vertex 0.771332 35 0
      vertex 12.5875 35 3
    endloop
  endfacet
  facet normal -0.106301 -0.994334 0
    outer loop
      vertex 12.7989 34.9774 0
      vertex 12.7989 34.9774 3
      vertex 12.5875 35 0
    endloop
  endfacet
  facet normal -0.106301 -0.994334 -0
    outer loop
      vertex 12.5875 35 3
      vertex 12.5875 35 0
      vertex 12.7989 34.9774 3
    endloop
  endfacet
  facet normal -0.354614 -0.935013 0
    outer loop
      vertex 13.0776 34.8717 0
      vertex 13.0776 34.8717 3
      vertex 12.7989 34.9774 0
    endloop
  endfacet
  facet normal -0.354614 -0.935013 -0
    outer loop
      vertex 12.7989 34.9774 3
      vertex 12.7989 34.9774 0
      vertex 13.0776 34.8717 3
    endloop
  endfacet
  facet normal -0.614498 -0.788919 0
    outer loop
      vertex 13.3128 34.6885 0
      vertex 13.3128 34.6885 3
      vertex 13.0776 34.8717 0
    endloop
  endfacet
  facet normal -0.614498 -0.788919 -0
    outer loop
      vertex 13.0776 34.8717 3
      vertex 13.0776 34.8717 0
      vertex 13.3128 34.6885 3
    endloop
  endfacet
  facet normal -0.81983 -0.572607 0
    outer loop
      vertex 13.4835 34.4441 0
      vertex 13.4835 34.4441 3
      vertex 13.3128 34.6885 0
    endloop
  endfacet
  facet normal -0.81983 -0.572607 -0
    outer loop
      vertex 13.3128 34.6885 3
      vertex 13.3128 34.6885 0
      vertex 13.4835 34.4441 3
    endloop
  endfacet
  facet normal -0.952147 -0.30564 0
    outer loop
      vertex 13.5746 34.1603 0
      vertex 13.5746 34.1603 3
      vertex 13.4835 34.4441 0
    endloop
  endfacet
  facet normal -0.952147 -0.30564 -0
    outer loop
      vertex 13.4835 34.4441 3
      vertex 13.4835 34.4441 0
      vertex 13.5746 34.1603 3
    endloop
  endfacet
  facet normal -0.999935 -0.0114048 0
    outer loop
      vertex 13.578 33.8622 0
      vertex 13.578 33.8622 3
      vertex 13.5746 34.1603 0
    endloop
  endfacet
  facet normal -0.999935 -0.0114048 -0
    outer loop
      vertex 13.5746 34.1603 3
      vertex 13.5746 34.1603 0
      vertex 13.578 33.8622 3
    endloop
  endfacet
  facet normal -0.990463 0.137782 0
    outer loop
      vertex 11.8317 21.3087 0
      vertex 11.8317 21.3087 3
      vertex 13.578 33.8622 0
    endloop
  endfacet
  facet normal -0.990463 0.137782 0
    outer loop
      vertex 13.578 33.8622 3
      vertex 13.578 33.8622 0
      vertex 11.8317 21.3087 3
    endloop
  endfacet
  facet normal -0.967449 0.253065 0
    outer loop
      vertex 11.7724 21.082 0
      vertex 11.7724 21.082 3
      vertex 11.8317 21.3087 0
    endloop
  endfacet
  facet normal -0.967449 0.253065 0
    outer loop
      vertex 11.8317 21.3087 3
      vertex 11.8317 21.3087 0
      vertex 11.7724 21.082 3
    endloop
  endfacet
  facet normal -0.866504 0.499171 0
    outer loop
      vertex 11.6236 20.8237 0
      vertex 11.6236 20.8237 3
      vertex 11.7724 21.082 0
    endloop
  endfacet
  facet normal -0.866504 0.499171 0
    outer loop
      vertex 11.7724 21.082 3
      vertex 11.7724 21.082 0
      vertex 11.6236 20.8237 3
    endloop
  endfacet
  facet normal -0.680631 0.732626 0
    outer loop
      vertex 11.4052 20.6208 0
      vertex 11.4052 20.6208 3
      vertex 11.6236 20.8237 0
    endloop
  endfacet
  facet normal -0.680631 0.732626 0
    outer loop
      vertex 11.6236 20.8237 3
      vertex 11.6236 20.8237 0
      vertex 11.4052 20.6208 3
    endloop
  endfacet
  facet normal -0.434824 0.900515 0
    outer loop
      vertex 11.1368 20.4912 0
      vertex 11.1368 20.4912 3
      vertex 11.4052 20.6208 0
    endloop
  endfacet
  facet normal -0.434824 0.900515 0
    outer loop
      vertex 11.4052 20.6208 3
      vertex 11.4052 20.6208 0
      vertex 11.1368 20.4912 3
    endloop
  endfacet
  facet normal -0.149964 0.988691 0
    outer loop
      vertex 10.8421 20.4465 0
      vertex 10.8421 20.4465 3
      vertex 11.1368 20.4912 0
    endloop
  endfacet
  facet normal -0.149964 0.988691 0
    outer loop
      vertex 11.1368 20.4912 3
      vertex 11.1368 20.4912 0
      vertex 10.8421 20.4465 3
    endloop
  endfacet
  facet normal -0.000837551 1 0
    outer loop
      vertex 1.40984 20.4386 0
      vertex 1.40984 20.4386 3
      vertex 10.8421 20.4465 0
    endloop
  endfacet
  facet normal -0.000837551 1 0
    outer loop
      vertex 10.8421 20.4465 3
      vertex 10.8421 20.4465 0
      vertex 1.40984 20.4386 3
    endloop
  endfacet
  facet normal 0.160518 0.987033 -0
    outer loop
      vertex 1.09132 20.4904 0
      vertex 1.09132 20.4904 3
      vertex 1.40984 20.4386 0
    endloop
  endfacet
  facet normal 0.160518 0.987033 0
    outer loop
      vertex 1.40984 20.4386 3
      vertex 1.40984 20.4386 0
      vertex 1.09132 20.4904 3
    endloop
  endfacet
  facet normal 0.354614 0.935013 -0
    outer loop
      vertex 14.3943 20.6087 0
      vertex 14.3943 20.6087 3
      vertex 14.673 20.503 0
    endloop
  endfacet
  facet normal 0.354614 0.935013 0
    outer loop
      vertex 14.673 20.503 3
      vertex 14.673 20.503 0
      vertex 14.3943 20.6087 3
    endloop
  endfacet
  facet normal 0.61466 0.788792 -0
    outer loop
      vertex 14.1592 20.7919 0
      vertex 14.1592 20.7919 3
      vertex 14.3943 20.6087 0
    endloop
  endfacet
  facet normal 0.61466 0.788792 0
    outer loop
      vertex 14.3943 20.6087 3
      vertex 14.3943 20.6087 0
      vertex 14.1592 20.7919 3
    endloop
  endfacet
  facet normal 0.819673 0.572832 -0
    outer loop
      vertex 13.9884 21.0363 0
      vertex 13.9884 21.0363 3
      vertex 14.1592 20.7919 0
    endloop
  endfacet
  facet normal 0.819673 0.572832 0
    outer loop
      vertex 14.1592 20.7919 3
      vertex 14.1592 20.7919 0
      vertex 13.9884 21.0363 3
    endloop
  endfacet
  facet normal 0.952245 0.305336 -0
    outer loop
      vertex 13.8974 21.3201 0
      vertex 13.8974 21.3201 3
      vertex 13.9884 21.0363 0
    endloop
  endfacet
  facet normal 0.952245 0.305336 0
    outer loop
      vertex 13.9884 21.0363 3
      vertex 13.9884 21.0363 0
      vertex 13.8974 21.3201 3
    endloop
  endfacet
  facet normal 0.999935 0.0114087 -0
    outer loop
      vertex 13.894 21.6181 0
      vertex 13.894 21.6181 3
      vertex 13.8974 21.3201 0
    endloop
  endfacet
  facet normal 0.999935 0.0114087 0
    outer loop
      vertex 13.8974 21.3201 3
      vertex 13.8974 21.3201 0
      vertex 13.894 21.6181 3
    endloop
  endfacet
  facet normal 0.990463 -0.137782 0
    outer loop
      vertex 15.6356 34.1378 0
      vertex 15.6356 34.1378 3
      vertex 13.894 21.6181 0
    endloop
  endfacet
  facet normal 0.990463 -0.137782 0
    outer loop
      vertex 13.894 21.6181 3
      vertex 13.894 21.6181 0
      vertex 15.6356 34.1378 3
    endloop
  endfacet
  facet normal 0.967355 -0.253426 0
    outer loop
      vertex 15.6952 34.3653 0
      vertex 15.6952 34.3653 3
      vertex 15.6356 34.1378 0
    endloop
  endfacet
  facet normal 0.967355 -0.253426 0
    outer loop
      vertex 15.6356 34.1378 3
      vertex 15.6356 34.1378 0
      vertex 15.6952 34.3653 3
    endloop
  endfacet
  facet normal 0.86613 -0.499819 0
    outer loop
      vertex 15.8442 34.6235 0
      vertex 15.8442 34.6235 3
      vertex 15.6952 34.3653 0
    endloop
  endfacet
  facet normal 0.86613 -0.499819 0
    outer loop
      vertex 15.6952 34.3653 3
      vertex 15.6952 34.3653 0
      vertex 15.8442 34.6235 3
    endloop
  endfacet
  facet normal 0.680104 -0.733116 0
    outer loop
      vertex 16.0627 34.8262 0
      vertex 16.0627 34.8262 3
      vertex 15.8442 34.6235 0
    endloop
  endfacet
  facet normal 0.680104 -0.733116 0
    outer loop
      vertex 15.8442 34.6235 3
      vertex 15.8442 34.6235 0
      vertex 16.0627 34.8262 3
    endloop
  endfacet
  facet normal 0.434017 -0.900905 0
    outer loop
      vertex 16.3313 34.9556 0
      vertex 16.3313 34.9556 3
      vertex 16.0627 34.8262 0
    endloop
  endfacet
  facet normal 0.434017 -0.900905 0
    outer loop
      vertex 16.0627 34.8262 3
      vertex 16.0627 34.8262 0
      vertex 16.3313 34.9556 3
    endloop
  endfacet
  facet normal 0.14898 -0.98884 0
    outer loop
      vertex 16.626 35 0
      vertex 16.626 35 3
      vertex 16.3313 34.9556 0
    endloop
  endfacet
  facet normal 0.14898 -0.98884 0
    outer loop
      vertex 16.3313 34.9556 3
      vertex 16.3313 34.9556 0
      vertex 16.626 35 3
    endloop
  endfacet
  facet normal 0 -1 0
    outer loop
      vertex 28.0494 35 0
      vertex 28.0494 35 3
      vertex 16.626 35 0
    endloop
  endfacet
  facet normal 0 -1 0
    outer loop
      vertex 16.626 35 3
      vertex 16.626 35 0
      vertex 28.0494 35 3
    endloop
  endfacet
  facet normal -0.200336 -0.979727 0
    outer loop
      vertex 28.4421 34.9197 0
      vertex 28.4421 34.9197 3
      vertex 28.0494 35 0
    endloop
  endfacet
  facet normal -0.200336 -0.979727 -0
    outer loop
      vertex 28.0494 35 3
      vertex 28.0494 35 0
      vertex 28.4421 34.9197 3
    endloop
  endfacet
  facet normal -0.525407 -0.850851 0
    outer loop
      vertex 28.6957 34.7631 0
      vertex 28.6957 34.7631 3
      vertex 28.4421 34.9197 0
    endloop
  endfacet
  facet normal -0.525407 -0.850851 -0
    outer loop
      vertex 28.4421 34.9197 3
      vertex 28.4421 34.9197 0
      vertex 28.6957 34.7631 3
    endloop
  endfacet
  facet normal -0.752826 -0.65822 0
    outer loop
      vertex 28.8919 34.5387 0
      vertex 28.8919 34.5387 3
      vertex 28.6957 34.7631 0
    endloop
  endfacet
  facet normal -0.752826 -0.65822 -0
    outer loop
      vertex 28.6957 34.7631 3
      vertex 28.6957 34.7631 0
      vertex 28.8919 34.5387 3
    endloop
  endfacet
  facet normal -0.913341 -0.407196 0
    outer loop
      vertex 29.0133 34.2664 0
      vertex 29.0133 34.2664 3
      vertex 28.8919 34.5387 0
    endloop
  endfacet
  facet normal -0.913341 -0.407196 -0
    outer loop
      vertex 28.8919 34.5387 3
      vertex 28.8919 34.5387 0
      vertex 29.0133 34.2664 3
    endloop
  endfacet
  facet normal -0.9928 -0.11978 0
    outer loop
      vertex 29.049 33.9705 0
      vertex 29.049 33.9705 3
      vertex 29.0133 34.2664 0
    endloop
  endfacet
  facet normal -0.9928 -0.11978 -0
    outer loop
      vertex 29.0133 34.2664 3
      vertex 29.0133 34.2664 0
      vertex 29.049 33.9705 3
    endloop
  endfacet
  facet normal -0.984004 0.178147 0
    outer loop
      vertex 28.9959 33.6772 0
      vertex 28.9959 33.6772 3
      vertex 29.049 33.9705 0
    endloop
  endfacet
  facet normal -0.984004 0.178147 0
    outer loop
      vertex 29.049 33.9705 3
      vertex 29.049 33.9705 0
      vertex 28.9959 33.6772 3
    endloop
  endfacet
  facet normal -0.946457 0.322831 0
    outer loop
      vertex 24.7681 21.2824 0
      vertex 24.7681 21.2824 3
      vertex 28.9959 33.6772 0
    endloop
  endfacet
  facet normal -0.946457 0.322831 0
    outer loop
      vertex 28.9959 33.6772 3
      vertex 28.9959 33.6772 0
      vertex 24.7681 21.2824 3
    endloop
  endfacet
  facet normal -0.880393 0.474245 0
    outer loop
      vertex 24.6121 20.9928 0
      vertex 24.6121 20.9928 3
      vertex 24.7681 21.2824 0
    endloop
  endfacet
  facet normal -0.880393 0.474245 0
    outer loop
      vertex 24.7681 21.2824 3
      vertex 24.7681 21.2824 0
      vertex 24.6121 20.9928 3
    endloop
  endfacet
  facet normal -0.690308 0.723515 0
    outer loop
      vertex 24.3964 20.787 0
      vertex 24.3964 20.787 3
      vertex 24.6121 20.9928 0
    endloop
  endfacet
  facet normal -0.690308 0.723515 0
    outer loop
      vertex 24.6121 20.9928 3
      vertex 24.6121 20.9928 0
      vertex 24.3964 20.787 3
    endloop
  endfacet
  facet normal -0.446542 0.894762 0
    outer loop
      vertex 24.1297 20.6539 0
      vertex 24.1297 20.6539 3
      vertex 24.3964 20.787 0
    endloop
  endfacet
  facet normal -0.446542 0.894762 0
    outer loop
      vertex 24.3964 20.787 3
      vertex 24.3964 20.787 0
      vertex 24.1297 20.6539 3
    endloop
  endfacet
  facet normal -0.162712 0.986674 0
    outer loop
      vertex 23.8356 20.6054 0
      vertex 23.8356 20.6054 3
      vertex 24.1297 20.6539 0
    endloop
  endfacet
  facet normal -0.162712 0.986674 0
    outer loop
      vertex 24.1297 20.6539 3
      vertex 24.1297 20.6539 0
      vertex 23.8356 20.6054 3
    endloop
  endfacet
  facet normal -0.0139739 0.999902 0
    outer loop
      vertex 14.8984 20.4805 0
      vertex 14.8984 20.4805 3
      vertex 23.8356 20.6054 0
    endloop
  endfacet
  facet normal -0.0139739 0.999902 0
    outer loop
      vertex 23.8356 20.6054 3
      vertex 23.8356 20.6054 0
      vertex 14.8984 20.4805 3
    endloop
  endfacet
  facet normal 0.0993289 0.995055 -0
    outer loop
      vertex 14.673 20.503 0
      vertex 14.673 20.503 3
      vertex 14.8984 20.4805 0
    endloop
  endfacet
  facet normal 0.0993289 0.995055 0
    outer loop
      vertex 14.8984 20.4805 3
      vertex 14.8984 20.4805 0
      vertex 14.673 20.503 3
    endloop
  endfacet
  facet normal 0.499945 0.866057 -0
    outer loop
      vertex -54.6235 9.84062 0
      vertex -54.6235 9.84062 3
      vertex -54.3653 9.69157 0
    endloop
  endfacet
  facet normal 0.499945 0.866057 0
    outer loop
      vertex -54.3653 9.69157 3
      vertex -54.3653 9.69157 0
      vertex -54.6235 9.84062 3
    endloop
  endfacet
  facet normal 0.733085 0.680137 -0
    outer loop
      vertex -54.8262 10.0591 0
      vertex -54.8262 10.0591 3
      vertex -54.6235 9.84062 0
    endloop
  endfacet
  facet normal 0.733085 0.680137 0
    outer loop
      vertex -54.6235 9.84062 3
      vertex -54.6235 9.84062 0
      vertex -54.8262 10.0591 3
    endloop
  endfacet
  facet normal 0.900905 0.434017 -0
    outer loop
      vertex -54.9556 10.3277 0
      vertex -54.9556 10.3277 3
      vertex -54.8262 10.0591 0
    endloop
  endfacet
  facet normal 0.900905 0.434017 0
    outer loop
      vertex -54.8262 10.0591 3
      vertex -54.8262 10.0591 0
      vertex -54.9556 10.3277 3
    endloop
  endfacet
  facet normal 0.988848 0.148931 -0
    outer loop
      vertex -55 10.6225 0
      vertex -55 10.6225 3
      vertex -54.9556 10.3277 0
    endloop
  endfacet
  facet normal 0.988848 0.148931 0
    outer loop
      vertex -54.9556 10.3277 3
      vertex -54.9556 10.3277 0
      vertex -55 10.6225 3
    endloop
  endfacet
  facet normal 1 0 -0
    outer loop
      vertex -55 22.0851 0
      vertex -55 22.0851 3
      vertex -55 10.6225 0
    endloop
  endfacet
  facet normal 1 -0 0
    outer loop
      vertex -55 10.6225 3
      vertex -55 10.6225 0
      vertex -55 22.0851 3
    endloop
  endfacet
  facet normal 0.983346 -0.181744 0
    outer loop
      vertex -54.934 22.4422 0
      vertex -54.934 22.4422 3
      vertex -55 22.0851 0
    endloop
  endfacet
  facet normal 0.983346 -0.181744 0
    outer loop
      vertex -55 22.0851 3
      vertex -55 22.0851 0
      vertex -54.934 22.4422 3
    endloop
  endfacet
  facet normal 0.870525 -0.492124 0
    outer loop
      vertex -54.7873 22.7017 0
      vertex -54.7873 22.7017 3
      vertex -54.934 22.4422 0
    endloop
  endfacet
  facet normal 0.870525 -0.492124 0
    outer loop
      vertex -54.934 22.4422 3
      vertex -54.934 22.4422 0
      vertex -54.7873 22.7017 3
    endloop
  endfacet
  facet normal 0.686348 -0.727274 0
    outer loop
      vertex -54.5705 22.9063 0
      vertex -54.5705 22.9063 3
      vertex -54.7873 22.7017 0
    endloop
  endfacet
  facet normal 0.686348 -0.727274 0
    outer loop
      vertex -54.7873 22.7017 3
      vertex -54.7873 22.7017 0
      vertex -54.5705 22.9063 3
    endloop
  endfacet
  facet normal 0.441838 -0.897095 0
    outer loop
      vertex -54.3031 23.038 0
      vertex -54.3031 23.038 3
      vertex -54.5705 22.9063 0
    endloop
  endfacet
  facet normal 0.441838 -0.897095 0
    outer loop
      vertex -54.5705 22.9063 3
      vertex -54.5705 22.9063 0
      vertex -54.3031 23.038 3
    endloop
  endfacet
  facet normal 0.157703 -0.987487 0
    outer loop
      vertex -54.0088 23.085 0
      vertex -54.0088 23.085 3
      vertex -54.3031 23.038 0
    endloop
  endfacet
  facet normal 0.157703 -0.987487 0
    outer loop
      vertex -54.3031 23.038 3
      vertex -54.3031 23.038 0
      vertex -54.0088 23.085 3
    endloop
  endfacet
  facet normal 0.00876667 -0.999962 0
    outer loop
      vertex -42.9674 23.1818 0
      vertex -42.9674 23.1818 3
      vertex -54.0088 23.085 0
    endloop
  endfacet
  facet normal 0.00876667 -0.999962 0
    outer loop
      vertex -54.0088 23.085 3
      vertex -54.0088 23.085 0
      vertex -42.9674 23.1818 3
    endloop
  endfacet
  facet normal -0.173347 -0.984861 0
    outer loop
      vertex -42.6089 23.1187 0
      vertex -42.6089 23.1187 3
      vertex -42.9674 23.1818 0
    endloop
  endfacet
  facet normal -0.173347 -0.984861 -0
    outer loop
      vertex -42.9674 23.1818 3
      vertex -42.9674 23.1818 0
      vertex -42.6089 23.1187 3
    endloop
  endfacet
  facet normal -0.485444 -0.874268 0
    outer loop
      vertex -42.3483 22.974 0
      vertex -42.3483 22.974 3
      vertex -42.6089 23.1187 0
    endloop
  endfacet
  facet normal -0.485444 -0.874268 -0
    outer loop
      vertex -42.6089 23.1187 3
      vertex -42.6089 23.1187 0
      vertex -42.3483 22.974 3
    endloop
  endfacet
  facet normal -0.721716 -0.69219 0
    outer loop
      vertex -42.142 22.7589 0
      vertex -42.142 22.7589 3
      vertex -42.3483 22.974 0
    endloop
  endfacet
  facet normal -0.721716 -0.69219 -0
    outer loop
      vertex -42.3483 22.974 3
      vertex -42.3483 22.974 0
      vertex -42.142 22.7589 3
    endloop
  endfacet
  facet normal -0.893418 -0.449225 0
    outer loop
      vertex -42.0081 22.4926 0
      vertex -42.0081 22.4926 3
      vertex -42.142 22.7589 0
    endloop
  endfacet
  facet normal -0.893418 -0.449225 -0
    outer loop
      vertex -42.142 22.7589 3
      vertex -42.142 22.7589 0
      vertex -42.0081 22.4926 3
    endloop
  endfacet
  facet normal -0.98623 -0.165378 0
    outer loop
      vertex -41.9588 22.1986 0
      vertex -41.9588 22.1986 3
      vertex -42.0081 22.4926 0
    endloop
  endfacet
  facet normal -0.98623 -0.165378 -0
    outer loop
      vertex -42.0081 22.4926 3
      vertex -42.0081 22.4926 0
      vertex -41.9588 22.1986 3
    endloop
  endfacet
  facet normal -0.99986 -0.0167491 0
    outer loop
      vertex -41.7878 11.9905 0
      vertex -41.7878 11.9905 3
      vertex -41.9588 22.1986 0
    endloop
  endfacet
  facet normal -0.99986 -0.0167491 -0
    outer loop
      vertex -41.9588 22.1986 3
      vertex -41.9588 22.1986 0
      vertex -41.7878 11.9905 3
    endloop
  endfacet
  facet normal -0.992996 0.118152 0
    outer loop
      vertex -41.8197 11.7224 0
      vertex -41.8197 11.7224 3
      vertex -41.7878 11.9905 0
    endloop
  endfacet
  facet normal -0.992996 0.118152 0
    outer loop
      vertex -41.7878 11.9905 3
      vertex -41.7878 11.9905 0
      vertex -41.8197 11.7224 3
    endloop
  endfacet
  facet normal -0.919596 0.392866 0
    outer loop
      vertex -41.9368 11.4483 0
      vertex -41.9368 11.4483 3
      vertex -41.8197 11.7224 0
    endloop
  endfacet
  facet normal -0.919596 0.392866 0
    outer loop
      vertex -41.8197 11.7224 3
      vertex -41.8197 11.7224 0
      vertex -41.9368 11.4483 3
    endloop
  endfacet
  facet normal -0.763055 0.646333 0
    outer loop
      vertex -42.1295 11.2208 0
      vertex -42.1295 11.2208 3
      vertex -41.9368 11.4483 0
    endloop
  endfacet
  facet normal -0.763055 0.646333 0
    outer loop
      vertex -41.9368 11.4483 3
      vertex -41.9368 11.4483 0
      vertex -42.1295 11.2208 3
    endloop
  endfacet
  facet normal -0.538568 0.842582 0
    outer loop
      vertex -42.3806 11.0603 0
      vertex -42.3806 11.0603 3
      vertex -42.1295 11.2208 0
    endloop
  endfacet
  facet normal -0.538568 0.842582 0
    outer loop
      vertex -42.1295 11.2208 3
      vertex -42.1295 11.2208 0
      vertex -42.3806 11.0603 3
    endloop
  endfacet
  facet normal -0.266294 0.963892 0
    outer loop
      vertex -42.668 10.9809 0
      vertex -42.668 10.9809 3
      vertex -42.3806 11.0603 0
    endloop
  endfacet
  facet normal -0.266294 0.963892 0
    outer loop
      vertex -42.3806 11.0603 3
      vertex -42.3806 11.0603 0
      vertex -42.668 10.9809 3
    endloop
  endfacet
  facet normal -0.119649 0.992816 0
    outer loop
      vertex -53.8804 9.62964 0
      vertex -53.8804 9.62964 3
      vertex -42.668 10.9809 0
    endloop
  endfacet
  facet normal -0.119649 0.992816 0
    outer loop
      vertex -42.668 10.9809 3
      vertex -42.668 10.9809 0
      vertex -53.8804 9.62964 3
    endloop
  endfacet
  facet normal -0.0226396 0.999744 0
    outer loop
      vertex -54.0747 9.62524 0
      vertex -54.0747 9.62524 3
      vertex -53.8804 9.62964 0
    endloop
  endfacet
  facet normal -0.0226396 0.999744 0
    outer loop
      vertex -53.8804 9.62964 3
      vertex -53.8804 9.62964 0
      vertex -54.0747 9.62524 3
    endloop
  endfacet
  facet normal 0.222529 0.974926 -0
    outer loop
      vertex -54.3653 9.69157 0
      vertex -54.3653 9.69157 3
      vertex -54.0747 9.62524 0
    endloop
  endfacet
  facet normal 0.222529 0.974926 0
    outer loop
      vertex -54.0747 9.62524 3
      vertex -54.0747 9.62524 0
      vertex -54.3653 9.69157 3
    endloop
  endfacet
  facet normal 0.191704 0.981453 -0
    outer loop
      vertex -39.1397 11.2113 0
      vertex -39.1397 11.2113 3
      vertex -38.8187 11.1486 0
    endloop
  endfacet
  facet normal 0.191704 0.981453 0
    outer loop
      vertex -38.8187 11.1486 3
      vertex -38.8187 11.1486 0
      vertex -39.1397 11.2113 3
    endloop
  endfacet
  facet normal 0.485444 0.874268 -0
    outer loop
      vertex -39.4003 11.356 0
      vertex -39.4003 11.356 3
      vertex -39.1397 11.2113 0
    endloop
  endfacet
  facet normal 0.485444 0.874268 0
    outer loop
      vertex -39.1397 11.2113 3
      vertex -39.1397 11.2113 0
      vertex -39.4003 11.356 3
    endloop
  endfacet
  facet normal 0.721716 0.69219 -0
    outer loop
      vertex -39.6066 11.5711 0
      vertex -39.6066 11.5711 3
      vertex -39.4003 11.356 0
    endloop
  endfacet
  facet normal 0.721716 0.69219 0
    outer loop
      vertex -39.4003 11.356 3
      vertex -39.4003 11.356 0
      vertex -39.6066 11.5711 3
    endloop
  endfacet
  facet normal 0.893418 0.449225 -0
    outer loop
      vertex -39.7405 11.8374 0
      vertex -39.7405 11.8374 3
      vertex -39.6066 11.5711 0
    endloop
  endfacet
  facet normal 0.893418 0.449225 0
    outer loop
      vertex -39.6066 11.5711 3
      vertex -39.6066 11.5711 0
      vertex -39.7405 11.8374 3
    endloop
  endfacet
  facet normal 0.98623 0.165378 -0
    outer loop
      vertex -39.7898 12.1314 0
      vertex -39.7898 12.1314 3
      vertex -39.7405 11.8374 0
    endloop
  endfacet
  facet normal 0.98623 0.165378 0
    outer loop
      vertex -39.7405 11.8374 3
      vertex -39.7405 11.8374 0
      vertex -39.7898 12.1314 3
    endloop
  endfacet
  facet normal 0.99986 0.0167558 -0
    outer loop
      vertex -39.9485 21.6014 0
      vertex -39.9485 21.6014 3
      vertex -39.7898 12.1314 0
    endloop
  endfacet
  facet normal 0.99986 0.0167558 0
    outer loop
      vertex -39.7898 12.1314 3
      vertex -39.7898 12.1314 0
      vertex -39.9485 21.6014 3
    endloop
  endfacet
  facet normal 0.988283 -0.152635 0
    outer loop
      vertex -39.8969 21.9355 0
      vertex -39.8969 21.9355 3
      vertex -39.9485 21.6014 0
    endloop
  endfacet
  facet normal 0.988283 -0.152635 0
    outer loop
      vertex -39.9485 21.6014 3
      vertex -39.9485 21.6014 0
      vertex -39.8969 21.9355 3
    endloop
  endfacet
  facet normal 0.890365 -0.455247 0
    outer loop
      vertex -39.7612 22.2009 0
      vertex -39.7612 22.2009 3
      vertex -39.8969 21.9355 0
    endloop
  endfacet
  facet normal 0.890365 -0.455247 0
    outer loop
      vertex -39.8969 21.9355 3
      vertex -39.8969 21.9355 0
      vertex -39.7612 22.2009 3
    endloop
  endfacet
  facet normal 0.716934 -0.697141 0
    outer loop
      vertex -39.5534 22.4146 0
      vertex -39.5534 22.4146 3
      vertex -39.7612 22.2009 0
    endloop
  endfacet
  facet normal 0.716934 -0.697141 0
    outer loop
      vertex -39.7612 22.2009 3
      vertex -39.7612 22.2009 0
      vertex -39.5534 22.4146 3
    endloop
  endfacet
  facet normal 0.478993 -0.877819 0
    outer loop
      vertex -39.2917 22.5574 0
      vertex -39.2917 22.5574 3
      vertex -39.5534 22.4146 0
    endloop
  endfacet
  facet normal 0.478993 -0.877819 0
    outer loop
      vertex -39.5534 22.4146 3
      vertex -39.5534 22.4146 0
      vertex -39.2917 22.5574 3
    endloop
  endfacet
  facet normal 0.199599 -0.979878 0
    outer loop
      vertex -38.9996 22.6169 0
      vertex -38.9996 22.6169 3
      vertex -39.2917 22.5574 0
    endloop
  endfacet
  facet normal 0.199599 -0.979878 0
    outer loop
      vertex -39.2917 22.5574 3
      vertex -39.2917 22.5574 0
      vertex -38.9996 22.6169 3
    endloop
  endfacet
  facet normal -0.09864 -0.995123 0
    outer loop
      vertex -38.703 22.5875 0
      vertex -38.703 22.5875 3
      vertex -38.9996 22.6169 0
    endloop
  endfacet
  facet normal -0.09864 -0.995123 -0
    outer loop
      vertex -38.9996 22.6169 3
      vertex -38.9996 22.6169 0
      vertex -38.703 22.5875 3
    endloop
  endfacet
  facet normal -0.245614 -0.969368 0
    outer loop
      vertex -28.1258 19.9075 0
      vertex -28.1258 19.9075 3
      vertex -38.703 22.5875 0
    endloop
  endfacet
  facet normal -0.245614 -0.969368 -0
    outer loop
      vertex -38.703 22.5875 3
      vertex -38.703 22.5875 0
      vertex -28.1258 19.9075 3
    endloop
  endfacet
  facet normal -0.336136 -0.941814 0
    outer loop
      vertex -27.9476 19.8439 0
      vertex -27.9476 19.8439 3
      vertex -28.1258 19.9075 0
    endloop
  endfacet
  facet normal -0.336136 -0.941814 -0
    outer loop
      vertex -28.1258 19.9075 3
      vertex -28.1258 19.9075 0
      vertex -27.9476 19.8439 3
    endloop
  endfacet
  facet normal -0.554003 -0.832515 0
    outer loop
      vertex -27.6995 19.6788 0
      vertex -27.6995 19.6788 3
      vertex -27.9476 19.8439 0
    endloop
  endfacet
  facet normal -0.554003 -0.832515 -0
    outer loop
      vertex -27.9476 19.8439 3
      vertex -27.9476 19.8439 0
      vertex -27.6995 19.6788 3
    endloop
  endfacet
  facet normal -0.774644 -0.632397 0
    outer loop
      vertex -27.511 19.4479 0
      vertex -27.511 19.4479 3
      vertex -27.6995 19.6788 0
    endloop
  endfacet
  facet normal -0.774644 -0.632397 -0
    outer loop
      vertex -27.6995 19.6788 3
      vertex -27.6995 19.6788 0
      vertex -27.511 19.4479 3
    endloop
  endfacet
  facet normal -0.926755 -0.375666 0
    outer loop
      vertex -27.399 19.1716 0
      vertex -27.399 19.1716 3
      vertex -27.511 19.4479 0
    endloop
  endfacet
  facet normal -0.926755 -0.375666 -0
    outer loop
      vertex -27.511 19.4479 3
      vertex -27.511 19.4479 0
      vertex -27.399 19.1716 3
    endloop
  endfacet
  facet normal -0.996306 -0.0858769 0
    outer loop
      vertex -27.3734 18.8746 0
      vertex -27.3734 18.8746 3
      vertex -27.399 19.1716 0
    endloop
  endfacet
  facet normal -0.996306 -0.0858769 -0
    outer loop
      vertex -27.399 19.1716 3
      vertex -27.399 19.1716 0
      vertex -27.3734 18.8746 3
    endloop
  endfacet
  facet normal -0.977403 0.211385 0
    outer loop
      vertex -27.4364 18.5833 0
      vertex -27.4364 18.5833 3
      vertex -27.3734 18.8746 0
    endloop
  endfacet
  facet normal -0.977403 0.211385 0
    outer loop
      vertex -27.3734 18.8746 3
      vertex -27.3734 18.8746 0
      vertex -27.4364 18.5833 3
    endloop
  endfacet
  facet normal -0.93492 0.354859 0
    outer loop
      vertex -30.0983 11.5702 0
      vertex -30.0983 11.5702 3
      vertex -27.4364 18.5833 0
    endloop
  endfacet
  facet normal -0.93492 0.354859 0
    outer loop
      vertex -27.4364 18.5833 3
      vertex -27.4364 18.5833 0
      vertex -30.0983 11.5702 3
    endloop
  endfacet
  facet normal -0.861492 0.507771 0
    outer loop
      vertex -30.2697 11.2794 0
      vertex -30.2697 11.2794 3
      vertex -30.0983 11.5702 0
    endloop
  endfacet
  facet normal -0.861492 0.507771 0
    outer loop
      vertex -30.0983 11.5702 3
      vertex -30.0983 11.5702 0
      vertex -30.2697 11.2794 3
    endloop
  endfacet
  facet normal -0.658932 0.752202 0
    outer loop
      vertex -30.4939 11.083 0
      vertex -30.4939 11.083 3
      vertex -30.2697 11.2794 0
    endloop
  endfacet
  facet normal -0.658932 0.752202 0
    outer loop
      vertex -30.2697 11.2794 3
      vertex -30.2697 11.2794 0
      vertex -30.4939 11.083 3
    endloop
  endfacet
  facet normal -0.407881 0.913035 0
    outer loop
      vertex -30.7661 10.9614 0
      vertex -30.7661 10.9614 3
      vertex -30.4939 11.083 0
    endloop
  endfacet
  facet normal -0.407881 0.913035 0
    outer loop
      vertex -30.4939 11.083 3
      vertex -30.4939 11.083 0
      vertex -30.7661 10.9614 3
    endloop
  endfacet
  facet normal -0.120442 0.99272 0
    outer loop
      vertex -31.062 10.9255 0
      vertex -31.062 10.9255 3
      vertex -30.7661 10.9614 0
    endloop
  endfacet
  facet normal -0.120442 0.99272 0
    outer loop
      vertex -30.7661 10.9614 3
      vertex -30.7661 10.9614 0
      vertex -31.062 10.9255 3
    endloop
  endfacet
  facet normal 0.0287503 0.999587 -0
    outer loop
      vertex -38.8187 11.1486 0
      vertex -38.8187 11.1486 3
      vertex -31.062 10.9255 0
    endloop
  endfacet
  facet normal 0.0287503 0.999587 0
    outer loop
      vertex -31.062 10.9255 3
      vertex -31.062 10.9255 0
      vertex -38.8187 11.1486 3
    endloop
  endfacet
  facet normal 0.173833 0.984775 -0
    outer loop
      vertex -27.1148 10.4498 0
      vertex -27.1148 10.4498 3
      vertex -15.8414 8.45981 0
    endloop
  endfacet
  facet normal 0.173833 0.984775 0
    outer loop
      vertex -15.8414 8.45981 3
      vertex -15.8414 8.45981 0
      vertex -27.1148 10.4498 3
    endloop
  endfacet
  facet normal 0.301077 0.9536 -0
    outer loop
      vertex -27.3647 10.5287 0
      vertex -27.3647 10.5287 3
      vertex -27.1148 10.4498 0
    endloop
  endfacet
  facet normal 0.301077 0.9536 0
    outer loop
      vertex -27.1148 10.4498 3
      vertex -27.1148 10.4498 0
      vertex -27.3647 10.5287 3
    endloop
  endfacet
  facet normal 0.554081 0.832463 -0
    outer loop
      vertex -27.6129 10.6939 0
      vertex -27.6129 10.6939 3
      vertex -27.3647 10.5287 0
    endloop
  endfacet
  facet normal 0.554081 0.832463 0
    outer loop
      vertex -27.3647 10.5287 3
      vertex -27.3647 10.5287 0
      vertex -27.6129 10.6939 3
    endloop
  endfacet
  facet normal 0.774809 0.632196 -0
    outer loop
      vertex -27.8013 10.9248 0
      vertex -27.8013 10.9248 3
      vertex -27.6129 10.6939 0
    endloop
  endfacet
  facet normal 0.774809 0.632196 0
    outer loop
      vertex -27.6129 10.6939 3
      vertex -27.6129 10.6939 0
      vertex -27.8013 10.9248 3
    endloop
  endfacet
  facet normal 0.926638 0.375954 -0
    outer loop
      vertex -27.9134 11.2011 0
      vertex -27.9134 11.2011 3
      vertex -27.8013 10.9248 0
    endloop
  endfacet
  facet normal 0.926638 0.375954 0
    outer loop
      vertex -27.8013 10.9248 3
      vertex -27.8013 10.9248 0
      vertex -27.9134 11.2011 3
    endloop
  endfacet
  facet normal 0.996303 0.0859056 -0
    outer loop
      vertex -27.939 11.498 0
      vertex -27.939 11.498 3
      vertex -27.9134 11.2011 0
    endloop
  endfacet
  facet normal 0.996303 0.0859056 0
    outer loop
      vertex -27.9134 11.2011 3
      vertex -27.9134 11.2011 0
      vertex -27.939 11.498 3
    endloop
  endfacet
  facet normal 0.977349 -0.211636 0
    outer loop
      vertex -27.8759 11.7894 0
      vertex -27.8759 11.7894 3
      vertex -27.939 11.498 0
    endloop
  endfacet
  facet normal 0.977349 -0.211636 0
    outer loop
      vertex -27.939 11.498 3
      vertex -27.939 11.498 0
      vertex -27.8759 11.7894 3
    endloop
  endfacet
  facet normal 0.934921 -0.354857 0
    outer loop
      vertex -25.1386 19.0012 0
      vertex -25.1386 19.0012 3
      vertex -27.8759 11.7894 0
    endloop
  endfacet
  facet normal 0.934921 -0.354857 0
    outer loop
      vertex -27.8759 11.7894 3
      vertex -27.8759 11.7894 0
      vertex -25.1386 19.0012 3
    endloop
  endfacet
  facet normal 0.856626 -0.515938 0
    outer loop
      vertex -24.9546 19.3067 0
      vertex -24.9546 19.3067 3
      vertex -25.1386 19.0012 0
    endloop
  endfacet
  facet normal 0.856626 -0.515938 0
    outer loop
      vertex -25.1386 19.0012 3
      vertex -25.1386 19.0012 0
      vertex -24.9546 19.3067 3
    endloop
  endfacet
  facet normal 0.644136 -0.764911 0
    outer loop
      vertex -24.7266 19.4987 0
      vertex -24.7266 19.4987 3
      vertex -24.9546 19.3067 0
    endloop
  endfacet
  facet normal 0.644136 -0.764911 0
    outer loop
      vertex -24.9546 19.3067 3
      vertex -24.9546 19.3067 0
      vertex -24.7266 19.4987 3
    endloop
  endfacet
  facet normal 0.39011 -0.920768 0
    outer loop
      vertex -24.4521 19.615 0
      vertex -24.4521 19.615 3
      vertex -24.7266 19.4987 0
    endloop
  endfacet
  facet normal 0.39011 -0.920768 0
    outer loop
      vertex -24.7266 19.4987 3
      vertex -24.7266 19.4987 0
      vertex -24.4521 19.615 3
    endloop
  endfacet
  facet normal 0.248455 -0.968643 0
    outer loop
      vertex -14.3908 22.1957 0
      vertex -14.3908 22.1957 3
      vertex -24.4521 19.615 0
    endloop
  endfacet
  facet normal 0.248455 -0.968643 0
    outer loop
      vertex -24.4521 19.615 3
      vertex -24.4521 19.615 0
      vertex -14.3908 22.1957 3
    endloop
  endfacet
  facet normal 0.171912 -0.985112 0
    outer loop
      vertex -14.2378 22.2224 0
      vertex -14.2378 22.2224 3
      vertex -14.3908 22.1957 0
    endloop
  endfacet
  facet normal 0.171912 -0.985112 0
    outer loop
      vertex -14.3908 22.1957 3
      vertex -14.3908 22.1957 0
      vertex -14.2378 22.2224 3
    endloop
  endfacet
  facet normal -0.0536859 -0.998558 0
    outer loop
      vertex -13.9402 22.2064 0
      vertex -13.9402 22.2064 3
      vertex -14.2378 22.2224 0
    endloop
  endfacet
  facet normal -0.0536859 -0.998558 -0
    outer loop
      vertex -14.2378 22.2224 3
      vertex -14.2378 22.2224 0
      vertex -13.9402 22.2064 3
    endloop
  endfacet
  facet normal -0.345861 -0.938286 0
    outer loop
      vertex -13.6605 22.1033 0
      vertex -13.6605 22.1033 3
      vertex -13.9402 22.2064 0
    endloop
  endfacet
  facet normal -0.345861 -0.938286 -0
    outer loop
      vertex -13.9402 22.2064 3
      vertex -13.9402 22.2064 0
      vertex -13.6605 22.1033 3
    endloop
  endfacet
  facet normal -0.607114 -0.794615 0
    outer loop
      vertex -13.4236 21.9223 0
      vertex -13.4236 21.9223 3
      vertex -13.6605 22.1033 0
    endloop
  endfacet
  facet normal -0.607114 -0.794615 -0
    outer loop
      vertex -13.6605 22.1033 3
      vertex -13.6605 22.1033 0
      vertex -13.4236 21.9223 3
    endloop
  endfacet
  facet normal -0.8143 -0.580444 0
    outer loop
      vertex -13.2506 21.6796 0
      vertex -13.2506 21.6796 3
      vertex -13.4236 21.9223 0
    endloop
  endfacet
  facet normal -0.8143 -0.580444 -0
    outer loop
      vertex -13.4236 21.9223 3
      vertex -13.4236 21.9223 0
      vertex -13.2506 21.6796 3
    endloop
  endfacet
  facet normal -0.949185 -0.314718 0
    outer loop
      vertex -13.1568 21.3967 0
      vertex -13.1568 21.3967 3
      vertex -13.2506 21.6796 0
    endloop
  endfacet
  facet normal -0.949185 -0.314718 -0
    outer loop
      vertex -13.2506 21.6796 3
      vertex -13.2506 21.6796 0
      vertex -13.1568 21.3967 3
    endloop
  endfacet
  facet normal -0.999784 -0.0207939 0
    outer loop
      vertex -13.1506 21.0986 0
      vertex -13.1506 21.0986 3
      vertex -13.1568 21.3967 0
    endloop
  endfacet
  facet normal -0.999784 -0.0207939 -0
    outer loop
      vertex -13.1568 21.3967 3
      vertex -13.1568 21.3967 0
      vertex -13.1506 21.0986 3
    endloop
  endfacet
  facet normal -0.991726 0.128376 0
    outer loop
      vertex -14.6758 9.31621 0
      vertex -14.6758 9.31621 3
      vertex -13.1506 21.0986 0
    endloop
  endfacet
  facet normal -0.991726 0.128376 0
    outer loop
      vertex -13.1506 21.0986 3
      vertex -13.1506 21.0986 0
      vertex -14.6758 9.31621 3
    endloop
  endfacet
  facet normal -0.943204 0.332215 0
    outer loop
      vertex -14.8143 8.92299 0
      vertex -14.8143 8.92299 3
      vertex -14.6758 9.31621 0
    endloop
  endfacet
  facet normal -0.943204 0.332215 0
    outer loop
      vertex -14.6758 9.31621 3
      vertex -14.6758 9.31621 0
      vertex -14.8143 8.92299 3
    endloop
  endfacet
  facet normal -0.765852 0.643017 0
    outer loop
      vertex -15.006 8.69467 0
      vertex -15.006 8.69467 3
      vertex -14.8143 8.92299 0
    endloop
  endfacet
  facet normal -0.765852 0.643017 0
    outer loop
      vertex -14.8143 8.92299 3
      vertex -14.8143 8.92299 0
      vertex -15.006 8.69467 3
    endloop
  endfacet
  facet normal -0.542415 0.840111 0
    outer loop
      vertex -15.2564 8.533 0
      vertex -15.2564 8.533 3
      vertex -15.006 8.69467 0
    endloop
  endfacet
  facet normal -0.542415 0.840111 0
    outer loop
      vertex -15.006 8.69467 3
      vertex -15.006 8.69467 0
      vertex -15.2564 8.533 3
    endloop
  endfacet
  facet normal -0.270625 0.962685 0
    outer loop
      vertex -15.5434 8.45232 0
      vertex -15.5434 8.45232 3
      vertex -15.2564 8.533 0
    endloop
  endfacet
  facet normal -0.270625 0.962685 0
    outer loop
      vertex -15.2564 8.533 3
      vertex -15.2564 8.533 0
      vertex -15.5434 8.45232 3
    endloop
  endfacet
  facet normal 0.0251263 0.999684 -0
    outer loop
      vertex -15.8414 8.45981 0
      vertex -15.8414 8.45981 3
      vertex -15.5434 8.45232 0
    endloop
  endfacet
  facet normal 0.0251263 0.999684 0
    outer loop
      vertex -15.5434 8.45232 3
      vertex -15.5434 8.45232 0
      vertex -15.8414 8.45981 3
    endloop
  endfacet
  facet normal 0.345802 0.938308 -0
    outer loop
      vertex -12.119 8.54472 0
      vertex -12.119 8.54472 3
      vertex -11.8393 8.44164 0
    endloop
  endfacet
  facet normal 0.345802 0.938308 0
    outer loop
      vertex -11.8393 8.44164 3
      vertex -11.8393 8.44164 0
      vertex -12.119 8.54472 3
    endloop
  endfacet
  facet normal 0.607029 0.79468 -0
    outer loop
      vertex -12.3559 8.72568 0
      vertex -12.3559 8.72568 3
      vertex -12.119 8.54472 0
    endloop
  endfacet
  facet normal 0.607029 0.79468 0
    outer loop
      vertex -12.119 8.54472 3
      vertex -12.119 8.54472 0
      vertex -12.3559 8.72568 3
    endloop
  endfacet
  facet normal 0.814322 0.580413 -0
    outer loop
      vertex -12.5289 8.9684 0
      vertex -12.5289 8.9684 3
      vertex -12.3559 8.72568 0
    endloop
  endfacet
  facet normal 0.814322 0.580413 0
    outer loop
      vertex -12.3559 8.72568 3
      vertex -12.3559 8.72568 0
      vertex -12.5289 8.9684 3
    endloop
  endfacet
  facet normal 0.949199 0.314677 -0
    outer loop
      vertex -12.6227 9.25134 0
      vertex -12.6227 9.25134 3
      vertex -12.5289 8.9684 0
    endloop
  endfacet
  facet normal 0.949199 0.314677 0
    outer loop
      vertex -12.5289 8.9684 3
      vertex -12.5289 8.9684 0
      vertex -12.6227 9.25134 3
    endloop
  endfacet
  facet normal 0.999784 0.0207995 -0
    outer loop
      vertex -12.6289 9.54936 0
      vertex -12.6289 9.54936 3
      vertex -12.6227 9.25134 0
    endloop
  endfacet
  facet normal 0.999784 0.0207995 0
    outer loop
      vertex -12.6227 9.25134 3
      vertex -12.6227 9.25134 0
      vertex -12.6289 9.54936 3
    endloop
  endfacet
  facet normal 0.991726 -0.128376 0
    outer loop
      vertex -11.1179 21.2221 0
      vertex -11.1179 21.2221 3
      vertex -12.6289 9.54936 0
    endloop
  endfacet
  facet normal 0.991726 -0.128376 0
    outer loop
      vertex -12.6289 9.54936 3
      vertex -12.6289 9.54936 0
      vertex -11.1179 21.2221 3
    endloop
  endfacet
  facet normal 0.958237 -0.285976 0
    outer loop
      vertex -11.0261 21.5297 0
      vertex -11.0261 21.5297 3
      vertex -11.1179 21.2221 0
    endloop
  endfacet
  facet normal 0.958237 -0.285976 0
    outer loop
      vertex -11.1179 21.2221 3
      vertex -11.1179 21.2221 0
      vertex -11.0261 21.5297 3
    endloop
  endfacet
  facet normal 0.824912 -0.565261 0
    outer loop
      vertex -10.8576 21.7756 0
      vertex -10.8576 21.7756 3
      vertex -11.0261 21.5297 0
    endloop
  endfacet
  facet normal 0.824912 -0.565261 0
    outer loop
      vertex -11.0261 21.5297 3
      vertex -11.0261 21.5297 0
      vertex -10.8576 21.7756 3
    endloop
  endfacet
  facet normal 0.621622 -0.783317 0
    outer loop
      vertex -10.6241 21.9609 0
      vertex -10.6241 21.9609 3
      vertex -10.8576 21.7756 0
    endloop
  endfacet
  facet normal 0.621622 -0.783317 0
    outer loop
      vertex -10.8576 21.7756 3
      vertex -10.8576 21.7756 0
      vertex -10.6241 21.9609 3
    endloop
  endfacet
  facet normal 0.363045 -0.931771 0
    outer loop
      vertex -10.3464 22.0691 0
      vertex -10.3464 22.0691 3
      vertex -10.6241 21.9609 0
    endloop
  endfacet
  facet normal 0.363045 -0.931771 0
    outer loop
      vertex -10.6241 21.9609 3
      vertex -10.6241 21.9609 0
      vertex -10.3464 22.0691 3
    endloop
  endfacet
  facet normal 0.0724629 -0.997371 0
    outer loop
      vertex -10.0491 22.0907 0
      vertex -10.0491 22.0907 3
      vertex -10.3464 22.0691 0
    endloop
  endfacet
  facet normal 0.0724629 -0.997371 0
    outer loop
      vertex -10.3464 22.0691 3
      vertex -10.3464 22.0691 0
      vertex -10.0491 22.0907 3
    endloop
  endfacet
  facet normal -0.224774 -0.974411 0
    outer loop
      vertex -9.75865 22.0237 0
      vertex -9.75865 22.0237 3
      vertex -10.0491 22.0907 0
    endloop
  endfacet
  facet normal -0.224774 -0.974411 -0
    outer loop
      vertex -10.0491 22.0907 3
      vertex -10.0491 22.0907 0
      vertex -9.75865 22.0237 3
    endloop
  endfacet
  facet normal -0.367526 -0.930013 0
    outer loop
      vertex -2.36942 19.1036 0
      vertex -2.36942 19.1036 3
      vertex -9.75865 22.0237 0
    endloop
  endfacet
  facet normal -0.367526 -0.930013 -0
    outer loop
      vertex -9.75865 22.0237 3
      vertex -9.75865 22.0237 0
      vertex -2.36942 19.1036 3
    endloop
  endfacet
  facet normal -0.443732 -0.896159 0
    outer loop
      vertex -2.21997 19.0296 0
      vertex -2.21997 19.0296 3
      vertex -2.36942 19.1036 0
    endloop
  endfacet
  facet normal -0.443732 -0.896159 -0
    outer loop
      vertex -2.36942 19.1036 3
      vertex -2.36942 19.1036 0
      vertex -2.21997 19.0296 3
    endloop
  endfacet
  facet normal -0.638748 -0.769416 0
    outer loop
      vertex -1.99062 18.8392 0
      vertex -1.99062 18.8392 3
      vertex -2.21997 19.0296 0
    endloop
  endfacet
  facet normal -0.638748 -0.769416 -0
    outer loop
      vertex -2.21997 19.0296 3
      vertex -2.21997 19.0296 0
      vertex -1.99062 18.8392 3
    endloop
  endfacet
  facet normal -0.83713 -0.547003 0
    outer loop
      vertex -1.82759 18.5897 0
      vertex -1.82759 18.5897 3
      vertex -1.99062 18.8392 0
    endloop
  endfacet
  facet normal -0.83713 -0.547003 -0
    outer loop
      vertex -1.99062 18.8392 3
      vertex -1.99062 18.8392 0
      vertex -1.82759 18.5897 3
    endloop
  endfacet
  facet normal -0.961218 -0.275789 0
    outer loop
      vertex -1.74536 18.3031 0
      vertex -1.74536 18.3031 3
      vertex -1.82759 18.5897 0
    endloop
  endfacet
  facet normal -0.961218 -0.275789 -0
    outer loop
      vertex -1.82759 18.5897 3
      vertex -1.82759 18.5897 0
      vertex -1.74536 18.3031 3
    endloop
  endfacet
  facet normal -0.999805 0.0197277 0
    outer loop
      vertex -1.75124 18.0051 0
      vertex -1.75124 18.0051 3
      vertex -1.74536 18.3031 0
    endloop
  endfacet
  facet normal -0.999805 0.0197277 0
    outer loop
      vertex -1.74536 18.3031 3
      vertex -1.74536 18.3031 0
      vertex -1.75124 18.0051 3
    endloop
  endfacet
  facet normal -0.985701 0.168505 0
    outer loop
      vertex -3.08328 10.2131 0
      vertex -3.08328 10.2131 3
      vertex -1.75124 18.0051 0
    endloop
  endfacet
  facet normal -0.985701 0.168505 0
    outer loop
      vertex -1.75124 18.0051 3
      vertex -1.75124 18.0051 0
      vertex -3.08328 10.2131 3
    endloop
  endfacet
  facet normal -0.936553 0.350525 0
    outer loop
      vertex -3.21487 9.86151 0
      vertex -3.21487 9.86151 3
      vertex -3.08328 10.2131 0
    endloop
  endfacet
  facet normal -0.936553 0.350525 0
    outer loop
      vertex -3.08328 10.2131 3
      vertex -3.08328 10.2131 0
      vertex -3.21487 9.86151 3
    endloop
  endfacet
  facet normal -0.767068 0.641566 0
    outer loop
      vertex -3.40611 9.63286 0
      vertex -3.40611 9.63286 3
      vertex -3.21487 9.86151 0
    endloop
  endfacet
  facet normal -0.767068 0.641566 0
    outer loop
      vertex -3.21487 9.86151 3
      vertex -3.21487 9.86151 0
      vertex -3.40611 9.63286 3
    endloop
  endfacet
  facet normal -0.543901 0.83915 0
    outer loop
      vertex -3.65625 9.47073 0
      vertex -3.65625 9.47073 3
      vertex -3.40611 9.63286 0
    endloop
  endfacet
  facet normal -0.543901 0.83915 0
    outer loop
      vertex -3.40611 9.63286 3
      vertex -3.40611 9.63286 0
      vertex -3.65625 9.47073 3
    endloop
  endfacet
  facet normal -0.272305 0.962211 0
    outer loop
      vertex -3.94307 9.38956 0
      vertex -3.94307 9.38956 3
      vertex -3.65625 9.47073 0
    endloop
  endfacet
  facet normal -0.272305 0.962211 0
    outer loop
      vertex -3.65625 9.47073 3
      vertex -3.65625 9.47073 0
      vertex -3.94307 9.38956 3
    endloop
  endfacet
  facet normal -0.125915 0.992041 0
    outer loop
      vertex -11.5113 8.42896 0
      vertex -11.5113 8.42896 3
      vertex -3.94307 9.38956 0
    endloop
  endfacet
  facet normal -0.125915 0.992041 0
    outer loop
      vertex -3.94307 9.38956 3
      vertex -3.94307 9.38956 0
      vertex -11.5113 8.42896 3
    endloop
  endfacet
  facet normal 0.0386297 0.999254 -0
    outer loop
      vertex -11.8393 8.44164 0
      vertex -11.8393 8.44164 3
      vertex -11.5113 8.42896 0
    endloop
  endfacet
  facet normal 0.0386297 0.999254 0
    outer loop
      vertex -11.5113 8.42896 3
      vertex -11.5113 8.42896 0
      vertex -11.8393 8.44164 3
    endloop
  endfacet
  facet normal 0.189526 0.981876 -0
    outer loop
      vertex 17.7148 9.74507 0
      vertex 17.7148 9.74507 3
      vertex 26.1542 8.11606 0
    endloop
  endfacet
  facet normal 0.189526 0.981876 0
    outer loop
      vertex 26.1542 8.11606 3
      vertex 26.1542 8.11606 0
      vertex 17.7148 9.74507 3
    endloop
  endfacet
  facet normal 0.395085 0.918645 -0
    outer loop
      vertex 17.3221 9.91396 0
      vertex 17.3221 9.91396 3
      vertex 17.7148 9.74507 0
    endloop
  endfacet
  facet normal 0.395085 0.918645 0
    outer loop
      vertex 17.7148 9.74507 3
      vertex 17.7148 9.74507 0
      vertex 17.3221 9.91396 3
    endloop
  endfacet
  facet normal 0.69687 0.717198 -0
    outer loop
      vertex 17.1083 10.1217 0
      vertex 17.1083 10.1217 3
      vertex 17.3221 9.91396 0
    endloop
  endfacet
  facet normal 0.69687 0.717198 0
    outer loop
      vertex 17.3221 9.91396 3
      vertex 17.3221 9.91396 0
      vertex 17.1083 10.1217 3
    endloop
  endfacet
  facet normal 0.877382 0.479792 -0
    outer loop
      vertex 16.9653 10.3832 0
      vertex 16.9653 10.3832 3
      vertex 17.1083 10.1217 0
    endloop
  endfacet
  facet normal 0.877382 0.479792 0
    outer loop
      vertex 17.1083 10.1217 3
      vertex 17.1083 10.1217 0
      vertex 16.9653 10.3832 3
    endloop
  endfacet
  facet normal 0.939069 0.34373 -0
    outer loop
      vertex 14.4907 17.1438 0
      vertex 14.4907 17.1438 3
      vertex 16.9653 10.3832 0
    endloop
  endfacet
  facet normal 0.939069 0.34373 0
    outer loop
      vertex 16.9653 10.3832 3
      vertex 16.9653 10.3832 0
      vertex 14.4907 17.1438 3
    endloop
  endfacet
  facet normal 0.989499 0.144536 -0
    outer loop
      vertex 14.4316 17.5484 0
      vertex 14.4316 17.5484 3
      vertex 14.4907 17.1438 0
    endloop
  endfacet
  facet normal 0.989499 0.144536 0
    outer loop
      vertex 14.4907 17.1438 3
      vertex 14.4907 17.1438 0
      vertex 14.4316 17.5484 3
    endloop
  endfacet
  facet normal 0.977915 -0.209002 0
    outer loop
      vertex 14.4939 17.8399 0
      vertex 14.4939 17.8399 3
      vertex 14.4316 17.5484 0
    endloop
  endfacet
  facet normal 0.977915 -0.209002 0
    outer loop
      vertex 14.4316 17.5484 3
      vertex 14.4316 17.5484 0
      vertex 14.4939 17.8399 3
    endloop
  endfacet
  facet normal 0.872952 -0.487806 0
    outer loop
      vertex 14.6393 18.1001 0
      vertex 14.6393 18.1001 3
      vertex 14.4939 17.8399 0
    endloop
  endfacet
  facet normal 0.872952 -0.487806 0
    outer loop
      vertex 14.4939 17.8399 3
      vertex 14.4939 17.8399 0
      vertex 14.6393 18.1001 3
    endloop
  endfacet
  facet normal 0.690133 -0.723683 0
    outer loop
      vertex 14.855 18.3058 0
      vertex 14.855 18.3058 3
      vertex 14.6393 18.1001 0
    endloop
  endfacet
  facet normal 0.690133 -0.723683 0
    outer loop
      vertex 14.6393 18.1001 3
      vertex 14.6393 18.1001 0
      vertex 14.855 18.3058 3
    endloop
  endfacet
  facet normal 0.446542 -0.894762 0
    outer loop
      vertex 15.1217 18.4389 0
      vertex 15.1217 18.4389 3
      vertex 14.855 18.3058 0
    endloop
  endfacet
  facet normal 0.446542 -0.894762 0
    outer loop
      vertex 14.855 18.3058 3
      vertex 14.855 18.3058 0
      vertex 15.1217 18.4389 3
    endloop
  endfacet
  facet normal 0.163039 -0.98662 0
    outer loop
      vertex 15.4158 18.4875 0
      vertex 15.4158 18.4875 3
      vertex 15.1217 18.4389 0
    endloop
  endfacet
  facet normal 0.163039 -0.98662 0
    outer loop
      vertex 15.1217 18.4389 3
      vertex 15.1217 18.4389 0
      vertex 15.4158 18.4875 3
    endloop
  endfacet
  facet normal 0.0139749 -0.999902 0
    outer loop
      vertex 23.7657 18.6042 0
      vertex 23.7657 18.6042 3
      vertex 15.4158 18.4875 0
    endloop
  endfacet
  facet normal 0.0139749 -0.999902 0
    outer loop
      vertex 15.4158 18.4875 3
      vertex 15.4158 18.4875 0
      vertex 23.7657 18.6042 3
    endloop
  endfacet
  facet normal -0.182208 -0.98326 0
    outer loop
      vertex 24.151 18.5328 0
      vertex 24.151 18.5328 3
      vertex 23.7657 18.6042 0
    endloop
  endfacet
  facet normal -0.182208 -0.98326 -0
    outer loop
      vertex 23.7657 18.6042 3
      vertex 23.7657 18.6042 0
      vertex 24.151 18.5328 3
    endloop
  endfacet
  facet normal -0.505685 -0.862718 0
    outer loop
      vertex 24.4081 18.3821 0
      vertex 24.4081 18.3821 3
      vertex 24.151 18.5328 0
    endloop
  endfacet
  facet normal -0.505685 -0.862718 -0
    outer loop
      vertex 24.151 18.5328 3
      vertex 24.151 18.5328 0
      vertex 24.4081 18.3821 3
    endloop
  endfacet
  facet normal -0.737293 -0.675573 0
    outer loop
      vertex 24.6095 18.1623 0
      vertex 24.6095 18.1623 3
      vertex 24.4081 18.3821 0
    endloop
  endfacet
  facet normal -0.737293 -0.675573 -0
    outer loop
      vertex 24.4081 18.3821 3
      vertex 24.4081 18.3821 0
      vertex 24.6095 18.1623 3
    endloop
  endfacet
  facet normal -0.903752 -0.428058 0
    outer loop
      vertex 24.7371 17.8929 0
      vertex 24.7371 17.8929 3
      vertex 24.6095 18.1623 0
    endloop
  endfacet
  facet normal -0.903752 -0.428058 -0
    outer loop
      vertex 24.6095 18.1623 3
      vertex 24.6095 18.1623 0
      vertex 24.7371 17.8929 3
    endloop
  endfacet
  facet normal -0.957451 -0.288596 0
    outer loop
      vertex 27.3011 9.38654 0
      vertex 27.3011 9.38654 3
      vertex 24.7371 17.8929 0
    endloop
  endfacet
  facet normal -0.957451 -0.288596 -0
    outer loop
      vertex 24.7371 17.8929 3
      vertex 24.7371 17.8929 0
      vertex 27.3011 9.38654 3
    endloop
  endfacet
  facet normal -0.986696 -0.162578 0
    outer loop
      vertex 27.3431 9.13164 0
      vertex 27.3431 9.13164 3
      vertex 27.3011 9.38654 0
    endloop
  endfacet
  facet normal -0.986696 -0.162578 -0
    outer loop
      vertex 27.3011 9.38654 3
      vertex 27.3011 9.38654 0
      vertex 27.3431 9.13164 3
    endloop
  endfacet
  facet normal -0.993318 0.115408 0
    outer loop
      vertex 27.3087 8.83556 0
      vertex 27.3087 8.83556 3
      vertex 27.3431 9.13164 0
    endloop
  endfacet
  facet normal -0.993318 0.115408 0
    outer loop
      vertex 27.3431 9.13164 3
      vertex 27.3431 9.13164 0
      vertex 27.3087 8.83556 3
    endloop
  endfacet
  facet normal -0.915091 0.403248 0
    outer loop
      vertex 27.1885 8.56279 0
      vertex 27.1885 8.56279 3
      vertex 27.3087 8.83556 0
    endloop
  endfacet
  facet normal -0.915091 0.403248 0
    outer loop
      vertex 27.3087 8.83556 3
      vertex 27.3087 8.83556 0
      vertex 27.1885 8.56279 3
    endloop
  endfacet
  facet normal -0.755508 0.65514 0
    outer loop
      vertex 26.9932 8.33757 0
      vertex 26.9932 8.33757 3
      vertex 27.1885 8.56279 0
    endloop
  endfacet
  facet normal -0.755508 0.65514 0
    outer loop
      vertex 27.1885 8.56279 3
      vertex 27.1885 8.56279 0
      vertex 26.9932 8.33757 3
    endloop
  endfacet
  facet normal -0.528901 0.848684 0
    outer loop
      vertex 26.7402 8.1799 0
      vertex 26.7402 8.1799 3
      vertex 26.9932 8.33757 0
    endloop
  endfacet
  facet normal -0.528901 0.848684 0
    outer loop
      vertex 26.9932 8.33757 3
      vertex 26.9932 8.33757 0
      vertex 26.7402 8.1799 3
    endloop
  endfacet
  facet normal -0.25524 0.966878 0
    outer loop
      vertex 26.452 8.10382 0
      vertex 26.452 8.10382 3
      vertex 26.7402 8.1799 0
    endloop
  endfacet
  facet normal -0.25524 0.966878 0
    outer loop
      vertex 26.7402 8.1799 3
      vertex 26.7402 8.1799 0
      vertex 26.452 8.10382 3
    endloop
  endfacet
  facet normal 0.0410667 0.999156 -0
    outer loop
      vertex 26.1542 8.11606 0
      vertex 26.1542 8.11606 3
      vertex 26.452 8.10382 0
    endloop
  endfacet
  facet normal 0.0410667 0.999156 0
    outer loop
      vertex 26.452 8.10382 3
      vertex 26.452 8.10382 0
      vertex 26.1542 8.11606 3
    endloop
  endfacet
  facet normal 0.505564 0.862789 -0
    outer loop
      vertex 29.9821 8.02429 0
      vertex 29.9821 8.02429 3
      vertex 30.2393 7.87358 0
    endloop
  endfacet
  facet normal 0.505564 0.862789 0
    outer loop
      vertex 30.2393 7.87358 3
      vertex 30.2393 7.87358 0
      vertex 29.9821 8.02429 3
    endloop
  endfacet
  facet normal 0.73746 0.67539 -0
    outer loop
      vertex 29.7808 8.24409 0
      vertex 29.7808 8.24409 3
      vertex 29.9821 8.02429 0
    endloop
  endfacet
  facet normal 0.73746 0.67539 0
    outer loop
      vertex 29.9821 8.02429 3
      vertex 29.9821 8.02429 0
      vertex 29.7808 8.24409 3
    endloop
  endfacet
  facet normal 0.903752 0.428058 -0
    outer loop
      vertex 29.6532 8.51349 0
      vertex 29.6532 8.51349 3
      vertex 29.7808 8.24409 0
    endloop
  endfacet
  facet normal 0.903752 0.428058 0
    outer loop
      vertex 29.7808 8.24409 3
      vertex 29.7808 8.24409 0
      vertex 29.6532 8.51349 3
    endloop
  endfacet
  facet normal 0.957449 0.288604 -0
    outer loop
      vertex 27.0423 17.1752 0
      vertex 27.0423 17.1752 3
      vertex 29.6532 8.51349 0
    endloop
  endfacet
  facet normal 0.957449 0.288604 0
    outer loop
      vertex 29.6532 8.51349 3
      vertex 29.6532 8.51349 0
      vertex 27.0423 17.1752 3
    endloop
  endfacet
  facet normal 0.996787 0.0801032 -0
    outer loop
      vertex 27.0085 17.5958 0
      vertex 27.0085 17.5958 3
      vertex 27.0423 17.1752 0
    endloop
  endfacet
  facet normal 0.996787 0.0801032 0
    outer loop
      vertex 27.0423 17.1752 3
      vertex 27.0423 17.1752 0
      vertex 27.0085 17.5958 3
    endloop
  endfacet
  facet normal 0.960543 -0.278131 0
    outer loop
      vertex 27.0914 17.8821 0
      vertex 27.0914 17.8821 3
      vertex 27.0085 17.5958 0
    endloop
  endfacet
  facet normal 0.960543 -0.278131 0
    outer loop
      vertex 27.0085 17.5958 3
      vertex 27.0085 17.5958 0
      vertex 27.0914 17.8821 3
    endloop
  endfacet
  facet normal 0.835798 -0.549037 0
    outer loop
      vertex 27.2551 18.1313 0
      vertex 27.2551 18.1313 3
      vertex 27.0914 17.8821 0
    endloop
  endfacet
  facet normal 0.835798 -0.549037 0
    outer loop
      vertex 27.0914 17.8821 3
      vertex 27.0914 17.8821 0
      vertex 27.2551 18.1313 3
    endloop
  endfacet
  facet normal 0.636812 -0.771019 0
    outer loop
      vertex 27.4849 18.3211 0
      vertex 27.4849 18.3211 3
      vertex 27.2551 18.1313 0
    endloop
  endfacet
  facet normal 0.636812 -0.771019 0
    outer loop
      vertex 27.2551 18.1313 3
      vertex 27.2551 18.1313 0
      vertex 27.4849 18.3211 3
    endloop
  endfacet
  facet normal 0.381374 -0.924421 0
    outer loop
      vertex 27.7605 18.4348 0
      vertex 27.7605 18.4348 3
      vertex 27.4849 18.3211 0
    endloop
  endfacet
  facet normal 0.381374 -0.924421 0
    outer loop
      vertex 27.4849 18.3211 3
      vertex 27.4849 18.3211 0
      vertex 27.7605 18.4348 3
    endloop
  endfacet
  facet normal 0.0919272 -0.995766 0
    outer loop
      vertex 28.0573 18.4622 0
      vertex 28.0573 18.4622 3
      vertex 27.7605 18.4348 0
    endloop
  endfacet
  facet normal 0.0919272 -0.995766 0
    outer loop
      vertex 27.7605 18.4348 3
      vertex 27.7605 18.4348 0
      vertex 28.0573 18.4622 3
    endloop
  endfacet
  facet normal -0.0575686 -0.998342 0
    outer loop
      vertex 40.8139 17.7266 0
      vertex 40.8139 17.7266 3
      vertex 28.0573 18.4622 0
    endloop
  endfacet
  facet normal -0.0575686 -0.998342 -0
    outer loop
      vertex 28.0573 18.4622 3
      vertex 28.0573 18.4622 0
      vertex 40.8139 17.7266 3
    endloop
  endfacet
  facet normal -0.203383 -0.979099 0
    outer loop
      vertex 41.1013 17.6669 0
      vertex 41.1013 17.6669 3
      vertex 40.8139 17.7266 0
    endloop
  endfacet
  facet normal -0.203383 -0.979099 -0
    outer loop
      vertex 40.8139 17.7266 3
      vertex 40.8139 17.7266 0
      vertex 41.1013 17.6669 3
    endloop
  endfacet
  facet normal -0.481107 -0.876662 0
    outer loop
      vertex 41.3626 17.5235 0
      vertex 41.3626 17.5235 3
      vertex 41.1013 17.6669 0
    endloop
  endfacet
  facet normal -0.481107 -0.876662 -0
    outer loop
      vertex 41.1013 17.6669 3
      vertex 41.1013 17.6669 0
      vertex 41.3626 17.5235 3
    endloop
  endfacet
  facet normal -0.717926 -0.69612 0
    outer loop
      vertex 41.5701 17.3095 0
      vertex 41.5701 17.3095 3
      vertex 41.3626 17.5235 0
    endloop
  endfacet
  facet normal -0.717926 -0.69612 -0
    outer loop
      vertex 41.3626 17.5235 3
      vertex 41.3626 17.5235 0
      vertex 41.5701 17.3095 3
    endloop
  endfacet
  facet normal -0.891252 -0.453509 0
    outer loop
      vertex 41.7053 17.0438 0
      vertex 41.7053 17.0438 3
      vertex 41.5701 17.3095 0
    endloop
  endfacet
  facet normal -0.891252 -0.453509 -0
    outer loop
      vertex 41.5701 17.3095 3
      vertex 41.5701 17.3095 0
      vertex 41.7053 17.0438 3
    endloop
  endfacet
  facet normal -0.985369 -0.170435 0
    outer loop
      vertex 41.7561 16.7501 0
      vertex 41.7561 16.7501 3
      vertex 41.7053 17.0438 0
    endloop
  endfacet
  facet normal -0.985369 -0.170435 -0
    outer loop
      vertex 41.7053 17.0438 3
      vertex 41.7053 17.0438 0
      vertex 41.7561 16.7501 3
    endloop
  endfacet
  facet normal -0.991886 0.12713 0
    outer loop
      vertex 41.7182 16.4544 0
      vertex 41.7182 16.4544 3
      vertex 41.7561 16.7501 0
    endloop
  endfacet
  facet normal -0.991886 0.12713 0
    outer loop
      vertex 41.7561 16.7501 3
      vertex 41.7561 16.7501 0
      vertex 41.7182 16.4544 3
    endloop
  endfacet
  facet normal -0.961788 0.273796 0
    outer loop
      vertex 39.9042 10.0822 0
      vertex 39.9042 10.0822 3
      vertex 41.7182 16.4544 0
    endloop
  endfacet
  facet normal -0.961788 0.273796 0
    outer loop
      vertex 41.7182 16.4544 3
      vertex 41.7182 16.4544 0
      vertex 39.9042 10.0822 3
    endloop
  endfacet
  facet normal -0.927559 0.373676 0
    outer loop
      vertex 39.8253 9.88635 0
      vertex 39.8253 9.88635 3
      vertex 39.9042 10.0822 0
    endloop
  endfacet
  facet normal -0.927559 0.373676 0
    outer loop
      vertex 39.9042 10.0822 3
      vertex 39.9042 10.0822 0
      vertex 39.8253 9.88635 3
    endloop
  endfacet
  facet normal -0.803081 0.595869 0
    outer loop
      vertex 39.6477 9.64699 0
      vertex 39.6477 9.64699 3
      vertex 39.8253 9.88635 0
    endloop
  endfacet
  facet normal -0.803081 0.595869 0
    outer loop
      vertex 39.8253 9.88635 3
      vertex 39.8253 9.88635 0
      vertex 39.6477 9.64699 3
    endloop
  endfacet
  facet normal -0.591713 0.806149 0
    outer loop
      vertex 39.4074 9.47061 0
      vertex 39.4074 9.47061 3
      vertex 39.6477 9.64699 0
    endloop
  endfacet
  facet normal -0.591713 0.806149 0
    outer loop
      vertex 39.6477 9.64699 3
      vertex 39.6477 9.64699 0
      vertex 39.4074 9.47061 3
    endloop
  endfacet
  facet normal -0.327735 0.94477 0
    outer loop
      vertex 39.1257 9.37289 0
      vertex 39.1257 9.37289 3
      vertex 39.4074 9.47061 0
    endloop
  endfacet
  facet normal -0.327735 0.94477 0
    outer loop
      vertex 39.4074 9.47061 3
      vertex 39.4074 9.47061 0
      vertex 39.1257 9.37289 3
    endloop
  endfacet
  facet normal -0.183336 0.98305 0
    outer loop
      vertex 30.794 7.81905 0
      vertex 30.794 7.81905 3
      vertex 39.1257 9.37289 0
    endloop
  endfacet
  facet normal -0.183336 0.98305 0
    outer loop
      vertex 39.1257 9.37289 3
      vertex 39.1257 9.37289 0
      vertex 30.794 7.81905 3
    endloop
  endfacet
  facet normal -0.0515759 0.998669 0
    outer loop
      vertex 30.5295 7.80539 0
      vertex 30.5295 7.80539 3
      vertex 30.794 7.81905 0
    endloop
  endfacet
  facet normal -0.0515759 0.998669 0
    outer loop
      vertex 30.794 7.81905 3
      vertex 30.794 7.81905 0
      vertex 30.5295 7.80539 3
    endloop
  endfacet
  facet normal 0.228746 0.973486 -0
    outer loop
      vertex 30.2393 7.87358 0
      vertex 30.2393 7.87358 3
      vertex 30.5295 7.80539 0
    endloop
  endfacet
  facet normal 0.228746 0.973486 0
    outer loop
      vertex 30.5295 7.80539 3
      vertex 30.5295 7.80539 0
      vertex 30.2393 7.87358 3
    endloop
  endfacet
  facet normal 0.383629 0.923487 -0
    outer loop
      vertex -0.484695 9.77846 0
      vertex -0.484695 9.77846 3
      vertex -0.209427 9.66411 0
    endloop
  endfacet
  facet normal 0.383629 0.923487 0
    outer loop
      vertex -0.209427 9.66411 3
      vertex -0.209427 9.66411 0
      vertex -0.484695 9.77846 3
    endloop
  endfacet
  facet normal 0.638759 0.769406 -0
    outer loop
      vertex -0.71405 9.96887 0
      vertex -0.71405 9.96887 3
      vertex -0.484695 9.77846 0
    endloop
  endfacet
  facet normal 0.638759 0.769406 0
    outer loop
      vertex -0.484695 9.77846 3
      vertex -0.484695 9.77846 0
      vertex -0.71405 9.96887 3
    endloop
  endfacet
  facet normal 0.837168 0.546946 -0
    outer loop
      vertex -0.877075 10.2184 0
      vertex -0.877075 10.2184 3
      vertex -0.71405 9.96887 0
    endloop
  endfacet
  facet normal 0.837168 0.546946 0
    outer loop
      vertex -0.71405 9.96887 3
      vertex -0.71405 9.96887 0
      vertex -0.877075 10.2184 3
    endloop
  endfacet
  facet normal 0.961193 0.275877 -0
    outer loop
      vertex -0.959305 10.5049 0
      vertex -0.959305 10.5049 3
      vertex -0.877075 10.2184 0
    endloop
  endfacet
  facet normal 0.961193 0.275877 0
    outer loop
      vertex -0.877075 10.2184 3
      vertex -0.877075 10.2184 0
      vertex -0.959305 10.5049 3
    endloop
  endfacet
  facet normal 0.999806 -0.0197043 0
    outer loop
      vertex -0.95343 10.803 0
      vertex -0.95343 10.803 3
      vertex -0.959305 10.5049 0
    endloop
  endfacet
  facet normal 0.999806 -0.0197043 0
    outer loop
      vertex -0.959305 10.5049 3
      vertex -0.959305 10.5049 0
      vertex -0.95343 10.803 3
    endloop
  endfacet
  facet normal 0.985701 -0.168504 0
    outer loop
      vertex 0.209686 17.6069 0
      vertex 0.209686 17.6069 3
      vertex -0.95343 10.803 0
    endloop
  endfacet
  facet normal 0.985701 -0.168504 0
    outer loop
      vertex -0.95343 10.803 3
      vertex -0.95343 10.803 0
      vertex 0.209686 17.6069 3
    endloop
  endfacet
  facet normal 0.963422 -0.267989 0
    outer loop
      vertex 0.264206 17.8029 0
      vertex 0.264206 17.8029 3
      vertex 0.209686 17.6069 0
    endloop
  endfacet
  facet normal 0.963422 -0.267989 0
    outer loop
      vertex 0.209686 17.6069 3
      vertex 0.209686 17.6069 0
      vertex 0.264206 17.8029 3
    endloop
  endfacet
  facet normal 0.866454 -0.499256 0
    outer loop
      vertex 0.41304 18.0612 0
      vertex 0.41304 18.0612 3
      vertex 0.264206 17.8029 0
    endloop
  endfacet
  facet normal 0.866454 -0.499256 0
    outer loop
      vertex 0.264206 17.8029 3
      vertex 0.264206 17.8029 0
      vertex 0.41304 18.0612 3
    endloop
  endfacet
  facet normal 0.680735 -0.73253 0
    outer loop
      vertex 0.631378 18.2641 0
      vertex 0.631378 18.2641 3
      vertex 0.41304 18.0612 0
    endloop
  endfacet
  facet normal 0.680735 -0.73253 0
    outer loop
      vertex 0.41304 18.0612 3
      vertex 0.41304 18.0612 0
      vertex 0.631378 18.2641 3
    endloop
  endfacet
  facet normal 0.434761 -0.900546 0
    outer loop
      vertex 0.899826 18.3937 0
      vertex 0.899826 18.3937 3
      vertex 0.631378 18.2641 0
    endloop
  endfacet
  facet normal 0.434761 -0.900546 0
    outer loop
      vertex 0.631378 18.2641 3
      vertex 0.631378 18.2641 0
      vertex 0.899826 18.3937 3
    endloop
  endfacet
  facet normal 0.149952 -0.988693 0
    outer loop
      vertex 1.19455 18.4384 0
      vertex 1.19455 18.4384 3
      vertex 0.899826 18.3937 0
    endloop
  endfacet
  facet normal 0.149952 -0.988693 0
    outer loop
      vertex 0.899826 18.3937 3
      vertex 0.899826 18.3937 0
      vertex 1.19455 18.4384 3
    endloop
  endfacet
  facet normal 0.000840862 -1 0
    outer loop
      vertex 11.1843 18.4468 0
      vertex 11.1843 18.4468 3
      vertex 1.19455 18.4384 0
    endloop
  endfacet
  facet normal 0.000840862 -1 0
    outer loop
      vertex 1.19455 18.4384 3
      vertex 1.19455 18.4384 0
      vertex 11.1843 18.4468 3
    endloop
  endfacet
  facet normal -0.160014 -0.987115 0
    outer loop
      vertex 11.502 18.3953 0
      vertex 11.502 18.3953 3
      vertex 11.1843 18.4468 0
    endloop
  endfacet
  facet normal -0.160014 -0.987115 -0
    outer loop
      vertex 11.1843 18.4468 3
      vertex 11.1843 18.4468 0
      vertex 11.502 18.3953 3
    endloop
  endfacet
  facet normal -0.454579 -0.890706 0
    outer loop
      vertex 11.7675 18.2598 0
      vertex 11.7675 18.2598 3
      vertex 11.502 18.3953 0
    endloop
  endfacet
  facet normal -0.454579 -0.890706 -0
    outer loop
      vertex 11.502 18.3953 3
      vertex 11.502 18.3953 0
      vertex 11.7675 18.2598 3
    endloop
  endfacet
  facet normal -0.697141 -0.716934 0
    outer loop
      vertex 11.9812 18.052 0
      vertex 11.9812 18.052 3
      vertex 11.7675 18.2598 0
    endloop
  endfacet
  facet normal -0.697141 -0.716934 -0
    outer loop
      vertex 11.7675 18.2598 3
      vertex 11.7675 18.2598 0
      vertex 11.9812 18.052 3
    endloop
  endfacet
  facet normal -0.877241 -0.48005 0
    outer loop
      vertex 12.1243 17.7905 0
      vertex 12.1243 17.7905 3
      vertex 11.9812 18.052 0
    endloop
  endfacet
  facet normal -0.877241 -0.48005 -0
    outer loop
      vertex 11.9812 18.052 3
      vertex 11.9812 18.052 0
      vertex 12.1243 17.7905 3
    endloop
  endfacet
  facet normal -0.939074 -0.343716 0
    outer loop
      vertex 14.5138 11.2621 0
      vertex 14.5138 11.2621 3
      vertex 12.1243 17.7905 0
    endloop
  endfacet
  facet normal -0.939074 -0.343716 -0
    outer loop
      vertex 12.1243 17.7905 3
      vertex 12.1243 17.7905 0
      vertex 14.5138 11.2621 3
    endloop
  endfacet
  facet normal -0.988982 -0.148036 0
    outer loop
      vertex 14.5733 10.8646 0
      vertex 14.5733 10.8646 3
      vertex 14.5138 11.2621 0
    endloop
  endfacet
  facet normal -0.988982 -0.148036 -0
    outer loop
      vertex 14.5138 11.2621 3
      vertex 14.5138 11.2621 0
      vertex 14.5733 10.8646 3
    endloop
  endfacet
  facet normal -0.979322 0.202306 0
    outer loop
      vertex 14.513 10.5727 0
      vertex 14.513 10.5727 3
      vertex 14.5733 10.8646 0
    endloop
  endfacet
  facet normal -0.979322 0.202306 0
    outer loop
      vertex 14.5733 10.8646 3
      vertex 14.5733 10.8646 0
      vertex 14.513 10.5727 3
    endloop
  endfacet
  facet normal -0.876379 0.481623 0
    outer loop
      vertex 14.3694 10.3114 0
      vertex 14.3694 10.3114 3
      vertex 14.513 10.5727 0
    endloop
  endfacet
  facet normal -0.876379 0.481623 0
    outer loop
      vertex 14.513 10.5727 3
      vertex 14.513 10.5727 0
      vertex 14.3694 10.3114 3
    endloop
  endfacet
  facet normal -0.695265 0.718754 0
    outer loop
      vertex 14.1552 10.1042 0
      vertex 14.1552 10.1042 3
      vertex 14.3694 10.3114 0
    endloop
  endfacet
  facet normal -0.695265 0.718754 0
    outer loop
      vertex 14.3694 10.3114 3
      vertex 14.3694 10.3114 0
      vertex 14.1552 10.1042 3
    endloop
  endfacet
  facet normal -0.452922 0.89155 0
    outer loop
      vertex 13.8895 9.96922 0
      vertex 13.8895 9.96922 3
      vertex 14.1552 10.1042 0
    endloop
  endfacet
  facet normal -0.452922 0.89155 0
    outer loop
      vertex 14.1552 10.1042 3
      vertex 14.1552 10.1042 0
      vertex 13.8895 9.96922 3
    endloop
  endfacet
  facet normal -0.169727 0.985491 0
    outer loop
      vertex 13.5957 9.91862 0
      vertex 13.5957 9.91862 3
      vertex 13.8895 9.96922 0
    endloop
  endfacet
  facet normal -0.169727 0.985491 0
    outer loop
      vertex 13.8895 9.96922 3
      vertex 13.8895 9.96922 0
      vertex 13.5957 9.91862 3
    endloop
  endfacet
  facet normal -0.0209628 0.99978 0
    outer loop
      vertex 0.0532379 9.63467 0
      vertex 0.0532379 9.63467 3
      vertex 13.5957 9.91862 0
    endloop
  endfacet
  facet normal -0.0209628 0.99978 0
    outer loop
      vertex 13.5957 9.91862 3
      vertex 13.5957 9.91862 0
      vertex 0.0532379 9.63467 3
    endloop
  endfacet
  facet normal 0.111385 0.993777 -0
    outer loop
      vertex -0.209427 9.66411 0
      vertex -0.209427 9.66411 3
      vertex 0.0532379 9.63467 0
    endloop
  endfacet
  facet normal 0.111385 0.993777 0
    outer loop
      vertex 0.0532379 9.63467 3
      vertex 0.0532379 9.63467 0
      vertex -0.209427 9.66411 3
    endloop
  endfacet
  facet normal 0.241059 0.97051 -0
    outer loop
      vertex 42.7372 9.34979 0
      vertex 42.7372 9.34979 3
      vertex 42.9476 9.29753 0
    endloop
  endfacet
  facet normal 0.241059 0.97051 0
    outer loop
      vertex 42.9476 9.29753 3
      vertex 42.9476 9.29753 0
      vertex 42.7372 9.34979 3
    endloop
  endfacet
  facet normal 0.48103 0.876704 -0
    outer loop
      vertex 42.4759 9.49316 0
      vertex 42.4759 9.49316 3
      vertex 42.7372 9.34979 0
    endloop
  endfacet
  facet normal 0.48103 0.876704 0
    outer loop
      vertex 42.7372 9.34979 3
      vertex 42.7372 9.34979 0
      vertex 42.4759 9.49316 3
    endloop
  endfacet
  facet normal 0.717958 0.696086 -0
    outer loop
      vertex 42.2684 9.70718 0
      vertex 42.2684 9.70718 3
      vertex 42.4759 9.49316 0
    endloop
  endfacet
  facet normal 0.717958 0.696086 0
    outer loop
      vertex 42.4759 9.49316 3
      vertex 42.4759 9.49316 0
      vertex 42.2684 9.70718 3
    endloop
  endfacet
  facet normal 0.891231 0.453549 -0
    outer loop
      vertex 42.1332 9.97285 0
      vertex 42.1332 9.97285 3
      vertex 42.2684 9.70718 0
    endloop
  endfacet
  facet normal 0.891231 0.453549 0
    outer loop
      vertex 42.2684 9.70718 3
      vertex 42.2684 9.70718 0
      vertex 42.1332 9.97285 3
    endloop
  endfacet
  facet normal 0.985374 0.170407 -0
    outer loop
      vertex 42.0824 10.2666 0
      vertex 42.0824 10.2666 3
      vertex 42.1332 9.97285 0
    endloop
  endfacet
  facet normal 0.985374 0.170407 0
    outer loop
      vertex 42.1332 9.97285 3
      vertex 42.1332 9.97285 0
      vertex 42.0824 10.2666 3
    endloop
  endfacet
  facet normal 0.991881 -0.127173 0
    outer loop
      vertex 42.1203 10.5622 0
      vertex 42.1203 10.5622 3
      vertex 42.0824 10.2666 0
    endloop
  endfacet
  facet normal 0.991881 -0.127173 0
    outer loop
      vertex 42.0824 10.2666 3
      vertex 42.0824 10.2666 0
      vertex 42.1203 10.5622 3
    endloop
  endfacet
  facet normal 0.961789 -0.273792 0
    outer loop
      vertex 43.9345 16.9352 0
      vertex 43.9345 16.9352 3
      vertex 42.1203 10.5622 0
    endloop
  endfacet
  facet normal 0.961789 -0.273792 0
    outer loop
      vertex 42.1203 10.5622 3
      vertex 42.1203 10.5622 0
      vertex 43.9345 16.9352 3
    endloop
  endfacet
  facet normal 0.901316 -0.433161 0
    outer loop
      vertex 44.0818 17.2417 0
      vertex 44.0818 17.2417 3
      vertex 43.9345 16.9352 0
    endloop
  endfacet
  facet normal 0.901316 -0.433161 0
    outer loop
      vertex 43.9345 16.9352 3
      vertex 43.9345 16.9352 0
      vertex 44.0818 17.2417 3
    endloop
  endfacet
  facet normal 0.718754 -0.695265 0
    outer loop
      vertex 44.289 17.4559 0
      vertex 44.289 17.4559 3
      vertex 44.0818 17.2417 0
    endloop
  endfacet
  facet normal 0.718754 -0.695265 0
    outer loop
      vertex 44.0818 17.2417 3
      vertex 44.0818 17.2417 0
      vertex 44.289 17.4559 3
    endloop
  endfacet
  facet normal 0.482022 -0.876159 0
    outer loop
      vertex 44.5502 17.5996 0
      vertex 44.5502 17.5996 3
      vertex 44.289 17.4559 0
    endloop
  endfacet
  facet normal 0.482022 -0.876159 0
    outer loop
      vertex 44.289 17.4559 3
      vertex 44.289 17.4559 0
      vertex 44.5502 17.5996 3
    endloop
  endfacet
  facet normal 0.202306 -0.979322 0
    outer loop
      vertex 44.8421 17.6599 0
      vertex 44.8421 17.6599 3
      vertex 44.5502 17.5996 0
    endloop
  endfacet
  facet normal 0.202306 -0.979322 0
    outer loop
      vertex 44.5502 17.5996 3
      vertex 44.5502 17.5996 0
      vertex 44.8421 17.6599 3
    endloop
  endfacet
  facet normal 0.0541287 -0.998534 0
    outer loop
      vertex 53.9459 18.1534 0
      vertex 53.9459 18.1534 3
      vertex 44.8421 17.6599 0
    endloop
  endfacet
  facet normal 0.0541287 -0.998534 0
    outer loop
      vertex 44.8421 17.6599 3
      vertex 44.8421 17.6599 0
      vertex 53.9459 18.1534 3
    endloop
  endfacet
  facet normal -0.159129 -0.987258 0
    outer loop
      vertex 54.3653 18.0858 0
      vertex 54.3653 18.0858 3
      vertex 53.9459 18.1534 0
    endloop
  endfacet
  facet normal -0.159129 -0.987258 -0
    outer loop
      vertex 53.9459 18.1534 3
      vertex 53.9459 18.1534 0
      vertex 54.3653 18.0858 3
    endloop
  endfacet
  facet normal -0.500071 -0.865985 0
    outer loop
      vertex 54.6235 17.9367 0
      vertex 54.6235 17.9367 3
      vertex 54.3653 18.0858 0
    endloop
  endfacet
  facet normal -0.500071 -0.865985 -0
    outer loop
      vertex 54.3653 18.0858 3
      vertex 54.3653 18.0858 0
      vertex 54.6235 17.9367 3
    endloop
  endfacet
  facet normal -0.733116 -0.680104 0
    outer loop
      vertex 54.8262 17.7182 0
      vertex 54.8262 17.7182 3
      vertex 54.6235 17.9367 0
    endloop
  endfacet
  facet normal -0.733116 -0.680104 -0
    outer loop
      vertex 54.6235 17.9367 3
      vertex 54.6235 17.9367 0
      vertex 54.8262 17.7182 3
    endloop
  endfacet
  facet normal -0.900905 -0.434017 0
    outer loop
      vertex 54.9556 17.4496 0
      vertex 54.9556 17.4496 3
      vertex 54.8262 17.7182 0
    endloop
  endfacet
  facet normal -0.900905 -0.434017 -0
    outer loop
      vertex 54.8262 17.7182 3
      vertex 54.8262 17.7182 0
      vertex 54.9556 17.4496 3
    endloop
  endfacet
  facet normal -0.98884 -0.14898 0
    outer loop
      vertex 55 17.1549 0
      vertex 55 17.1549 3
      vertex 54.9556 17.4496 0
    endloop
  endfacet
  facet normal -0.98884 -0.14898 -0
    outer loop
      vertex 54.9556 17.4496 3
      vertex 54.9556 17.4496 0
      vertex 55 17.1549 3
    endloop
  endfacet
  facet normal -1 0 0
    outer loop
      vertex 55 8.80644 0
      vertex 55 8.80644 3
      vertex 55 17.1549 0
    endloop
  endfacet
  facet normal -1 -0 -0
    outer loop
      vertex 55 17.1549 3
      vertex 55 17.1549 0
      vertex 55 8.80644 3
    endloop
  endfacet
  facet normal -0.994512 0.104625 0
    outer loop
      vertex 54.9781 8.59827 0
      vertex 54.9781 8.59827 3
      vertex 55 8.80644 0
    endloop
  endfacet
  facet normal -0.994512 0.104625 0
    outer loop
      vertex 55 8.80644 3
      vertex 55 8.80644 0
      vertex 54.9781 8.59827 3
    endloop
  endfacet
  facet normal -0.936161 0.351572 0
    outer loop
      vertex 54.8733 8.31921 0
      vertex 54.8733 8.31921 3
      vertex 54.9781 8.59827 0
    endloop
  endfacet
  facet normal -0.936161 0.351572 0
    outer loop
      vertex 54.9781 8.59827 3
      vertex 54.9781 8.59827 0
      vertex 54.8733 8.31921 3
    endloop
  endfacet
  facet normal -0.790925 0.611913 0
    outer loop
      vertex 54.6909 8.08345 0
      vertex 54.6909 8.08345 3
      vertex 54.8733 8.31921 0
    endloop
  endfacet
  facet normal -0.790925 0.611913 0
    outer loop
      vertex 54.8733 8.31921 3
      vertex 54.8733 8.31921 0
      vertex 54.6909 8.08345 3
    endloop
  endfacet
  facet normal -0.575375 0.81789 0
    outer loop
      vertex 54.4471 7.91194 0
      vertex 54.4471 7.91194 3
      vertex 54.6909 8.08345 0
    endloop
  endfacet
  facet normal -0.575375 0.81789 0
    outer loop
      vertex 54.6909 8.08345 3
      vertex 54.6909 8.08345 0
      vertex 54.4471 7.91194 3
    endloop
  endfacet
  facet normal -0.308692 0.951162 0
    outer loop
      vertex 54.1635 7.8199 0
      vertex 54.1635 7.8199 3
      vertex 54.4471 7.91194 0
    endloop
  endfacet
  facet normal -0.308692 0.951162 0
    outer loop
      vertex 54.4471 7.91194 3
      vertex 54.4471 7.91194 0
      vertex 54.1635 7.8199 3
    endloop
  endfacet
  facet normal -0.0146293 0.999893 0
    outer loop
      vertex 53.8655 7.81554 0
      vertex 53.8655 7.81554 3
      vertex 54.1635 7.8199 0
    endloop
  endfacet
  facet normal -0.0146293 0.999893 0
    outer loop
      vertex 54.1635 7.8199 3
      vertex 54.1635 7.8199 0
      vertex 53.8655 7.81554 3
    endloop
  endfacet
  facet normal 0.134506 0.990913 -0
    outer loop
      vertex 42.9476 9.29753 0
      vertex 42.9476 9.29753 3
      vertex 53.8655 7.81554 0
    endloop
  endfacet
  facet normal 0.134506 0.990913 0
    outer loop
      vertex 53.8655 7.81554 3
      vertex 53.8655 7.81554 0
      vertex 42.9476 9.29753 3
    endloop
  endfacet
  facet normal 0.093488 0.99562 -0
    outer loop
      vertex -40.4735 -7.18124 0
      vertex -40.4735 -7.18124 3
      vertex -40.3227 -7.1954 0
    endloop
  endfacet
  facet normal 0.093488 0.99562 0
    outer loop
      vertex -40.3227 -7.1954 3
      vertex -40.3227 -7.1954 0
      vertex -40.4735 -7.18124 3
    endloop
  endfacet
  facet normal 0.31368 0.949529 -0
    outer loop
      vertex -40.7565 -7.08775 0
      vertex -40.7565 -7.08775 3
      vertex -40.4735 -7.18124 0
    endloop
  endfacet
  facet normal 0.31368 0.949529 0
    outer loop
      vertex -40.4735 -7.18124 3
      vertex -40.4735 -7.18124 0
      vertex -40.7565 -7.08775 3
    endloop
  endfacet
  facet normal 0.579435 0.815019 -0
    outer loop
      vertex -40.9995 -6.91499 0
      vertex -40.9995 -6.91499 3
      vertex -40.7565 -7.08775 0
    endloop
  endfacet
  facet normal 0.579435 0.815019 0
    outer loop
      vertex -40.7565 -7.08775 3
      vertex -40.7565 -7.08775 0
      vertex -40.9995 -6.91499 3
    endloop
  endfacet
  facet normal 0.794193 0.607666 -0
    outer loop
      vertex -41.1806 -6.6783 0
      vertex -41.1806 -6.6783 3
      vertex -40.9995 -6.91499 0
    endloop
  endfacet
  facet normal 0.794193 0.607666 0
    outer loop
      vertex -40.9995 -6.91499 3
      vertex -40.9995 -6.91499 0
      vertex -41.1806 -6.6783 3
    endloop
  endfacet
  facet normal 0.937906 0.346888 -0
    outer loop
      vertex -41.284 -6.39873 0
      vertex -41.284 -6.39873 3
      vertex -41.1806 -6.6783 0
    endloop
  endfacet
  facet normal 0.937906 0.346888 0
    outer loop
      vertex -41.1806 -6.6783 3
      vertex -41.1806 -6.6783 0
      vertex -41.284 -6.39873 3
    endloop
  endfacet
  facet normal 0.998485 0.0550167 -0
    outer loop
      vertex -41.3004 -6.10109 0
      vertex -41.3004 -6.10109 3
      vertex -41.284 -6.39873 0
    endloop
  endfacet
  facet normal 0.998485 0.0550167 0
    outer loop
      vertex -41.284 -6.39873 3
      vertex -41.284 -6.39873 0
      vertex -41.3004 -6.10109 3
    endloop
  endfacet
  facet normal 0.995528 -0.0944702 0
    outer loop
      vertex -39.939 8.24536 0
      vertex -39.939 8.24536 3
      vertex -41.3004 -6.10109 0
    endloop
  endfacet
  facet normal 0.995528 -0.0944702 0
    outer loop
      vertex -41.3004 -6.10109 3
      vertex -41.3004 -6.10109 0
      vertex -39.939 8.24536 3
    endloop
  endfacet
  facet normal 0.969268 -0.246007 0
    outer loop
      vertex -39.8635 8.54283 0
      vertex -39.8635 8.54283 3
      vertex -39.939 8.24536 0
    endloop
  endfacet
  facet normal 0.969268 -0.246007 0
    outer loop
      vertex -39.939 8.24536 3
      vertex -39.939 8.24536 0
      vertex -39.8635 8.54283 3
    endloop
  endfacet
  facet normal 0.851308 -0.524666 0
    outer loop
      vertex -39.7071 8.7966 0
      vertex -39.7071 8.7966 3
      vertex -39.8635 8.54283 0
    endloop
  endfacet
  facet normal 0.851308 -0.524666 0
    outer loop
      vertex -39.8635 8.54283 3
      vertex -39.8635 8.54283 0
      vertex -39.7071 8.7966 3
    endloop
  endfacet
  facet normal 0.658728 -0.752381 0
    outer loop
      vertex -39.4828 8.99298 0
      vertex -39.4828 8.99298 3
      vertex -39.7071 8.7966 0
    endloop
  endfacet
  facet normal 0.658728 -0.752381 0
    outer loop
      vertex -39.7071 8.7966 3
      vertex -39.7071 8.7966 0
      vertex -39.4828 8.99298 3
    endloop
  endfacet
  facet normal 0.407922 -0.913017 0
    outer loop
      vertex -39.2107 9.11455 0
      vertex -39.2107 9.11455 3
      vertex -39.4828 8.99298 0
    endloop
  endfacet
  facet normal 0.407922 -0.913017 0
    outer loop
      vertex -39.4828 8.99298 3
      vertex -39.4828 8.99298 0
      vertex -39.2107 9.11455 3
    endloop
  endfacet
  facet normal 0.120501 -0.992713 0
    outer loop
      vertex -38.9147 9.15048 0
      vertex -38.9147 9.15048 3
      vertex -39.2107 9.11455 0
    endloop
  endfacet
  facet normal 0.120501 -0.992713 0
    outer loop
      vertex -39.2107 9.11455 3
      vertex -39.2107 9.11455 0
      vertex -38.9147 9.15048 3
    endloop
  endfacet
  facet normal -0.0287405 -0.999587 0
    outer loop
      vertex -31.484 8.93683 0
      vertex -31.484 8.93683 3
      vertex -38.9147 9.15048 0
    endloop
  endfacet
  facet normal -0.0287405 -0.999587 -0
    outer loop
      vertex -38.9147 9.15048 3
      vertex -38.9147 9.15048 0
      vertex -31.484 8.93683 3
    endloop
  endfacet
  facet normal -0.159133 -0.987257 0
    outer loop
      vertex -31.2261 8.89526 0
      vertex -31.2261 8.89526 3
      vertex -31.484 8.93683 0
    endloop
  endfacet
  facet normal -0.159133 -0.987257 -0
    outer loop
      vertex -31.484 8.93683 3
      vertex -31.484 8.93683 0
      vertex -31.2261 8.89526 3
    endloop
  endfacet
  facet normal -0.426317 -0.904574 0
    outer loop
      vertex -30.9565 8.7682 0
      vertex -30.9565 8.7682 3
      vertex -31.2261 8.89526 0
    endloop
  endfacet
  facet normal -0.426317 -0.904574 -0
    outer loop
      vertex -31.2261 8.89526 3
      vertex -31.2261 8.89526 0
      vertex -30.9565 8.7682 3
    endloop
  endfacet
  facet normal -0.673973 -0.738756 0
    outer loop
      vertex -30.7363 8.56731 0
      vertex -30.7363 8.56731 3
      vertex -30.9565 8.7682 0
    endloop
  endfacet
  facet normal -0.673973 -0.738756 -0
    outer loop
      vertex -30.9565 8.7682 3
      vertex -30.9565 8.7682 0
      vertex -30.7363 8.56731 3
    endloop
  endfacet
  facet normal -0.861658 -0.507489 0
    outer loop
      vertex -30.585 8.31042 0
      vertex -30.585 8.31042 3
      vertex -30.7363 8.56731 0
    endloop
  endfacet
  facet normal -0.861658 -0.507489 -0
    outer loop
      vertex -30.7363 8.56731 3
      vertex -30.7363 8.56731 0
      vertex -30.585 8.31042 3
    endloop
  endfacet
  facet normal -0.973074 -0.230494 0
    outer loop
      vertex -30.5163 8.02039 0
      vertex -30.5163 8.02039 3
      vertex -30.585 8.31042 0
    endloop
  endfacet
  facet normal -0.973074 -0.230494 -0
    outer loop
      vertex -30.585 8.31042 3
      vertex -30.585 8.31042 0
      vertex -30.5163 8.02039 3
    endloop
  endfacet
  facet normal -0.996537 -0.0831474 0
    outer loop
      vertex -29.3223 -6.28992 0
      vertex -29.3223 -6.28992 3
      vertex -30.5163 8.02039 0
    endloop
  endfacet
  facet normal -0.996537 -0.0831474 -0
    outer loop
      vertex -30.5163 8.02039 3
      vertex -30.5163 8.02039 0
      vertex -29.3223 -6.28992 3
    endloop
  endfacet
  facet normal -0.99999 0.00455628 0
    outer loop
      vertex -29.3231 -6.4655 0
      vertex -29.3231 -6.4655 3
      vertex -29.3223 -6.28992 0
    endloop
  endfacet
  facet normal -0.99999 0.00455628 0
    outer loop
      vertex -29.3223 -6.28992 3
      vertex -29.3223 -6.28992 0
      vertex -29.3231 -6.4655 3
    endloop
  endfacet
  facet normal -0.970806 0.239867 0
    outer loop
      vertex -29.3946 -6.75488 0
      vertex -29.3946 -6.75488 3
      vertex -29.3231 -6.4655 0
    endloop
  endfacet
  facet normal -0.970806 0.239867 0
    outer loop
      vertex -29.3231 -6.4655 3
      vertex -29.3231 -6.4655 0
      vertex -29.3946 -6.75488 3
    endloop
  endfacet
  facet normal -0.857022 0.51528 0
    outer loop
      vertex -29.5482 -7.01035 0
      vertex -29.5482 -7.01035 3
      vertex -29.3946 -6.75488 0
    endloop
  endfacet
  facet normal -0.857022 0.51528 0
    outer loop
      vertex -29.3946 -6.75488 3
      vertex -29.3946 -6.75488 0
      vertex -29.5482 -7.01035 3
    endloop
  endfacet
  facet normal -0.666998 0.74506 0
    outer loop
      vertex -29.7703 -7.20918 0
      vertex -29.7703 -7.20918 3
      vertex -29.5482 -7.01035 0
    endloop
  endfacet
  facet normal -0.666998 0.74506 0
    outer loop
      vertex -29.5482 -7.01035 3
      vertex -29.5482 -7.01035 0
      vertex -29.7703 -7.20918 3
    endloop
  endfacet
  facet normal -0.417828 0.908526 0
    outer loop
      vertex -30.0411 -7.33372 0
      vertex -30.0411 -7.33372 3
      vertex -29.7703 -7.20918 0
    endloop
  endfacet
  facet normal -0.417828 0.908526 0
    outer loop
      vertex -29.7703 -7.20918 3
      vertex -29.7703 -7.20918 0
      vertex -30.0411 -7.33372 3
    endloop
  endfacet
  facet normal -0.131472 0.99132 0
    outer loop
      vertex -30.3366 -7.37291 0
      vertex -30.3366 -7.37291 3
      vertex -30.0411 -7.33372 0
    endloop
  endfacet
  facet normal -0.131472 0.99132 0
    outer loop
      vertex -30.0411 -7.33372 3
      vertex -30.0411 -7.33372 0
      vertex -30.3366 -7.37291 3
    endloop
  endfacet
  facet normal 0.0177729 0.999842 -0
    outer loop
      vertex -40.3227 -7.1954 0
      vertex -40.3227 -7.1954 3
      vertex -30.3366 -7.37291 0
    endloop
  endfacet
  facet normal 0.0177729 0.999842 0
    outer loop
      vertex -30.3366 -7.37291 3
      vertex -30.3366 -7.37291 0
      vertex -40.3227 -7.1954 3
    endloop
  endfacet
  facet normal 0.49992 0.866072 -0
    outer loop
      vertex -54.6235 -7.44588 0
      vertex -54.6235 -7.44588 3
      vertex -54.3653 -7.59492 0
    endloop
  endfacet
  facet normal 0.49992 0.866072 0
    outer loop
      vertex -54.3653 -7.59492 3
      vertex -54.3653 -7.59492 0
      vertex -54.6235 -7.44588 3
    endloop
  endfacet
  facet normal 0.733132 0.680087 -0
    outer loop
      vertex -54.8262 -7.22737 0
      vertex -54.8262 -7.22737 3
      vertex -54.6235 -7.44588 0
    endloop
  endfacet
  facet normal 0.733132 0.680087 0
    outer loop
      vertex -54.6235 -7.44588 3
      vertex -54.6235 -7.44588 0
      vertex -54.8262 -7.22737 3
    endloop
  endfacet
  facet normal 0.900886 0.434057 -0
    outer loop
      vertex -54.9556 -6.9588 0
      vertex -54.9556 -6.9588 3
      vertex -54.8262 -7.22737 0
    endloop
  endfacet
  facet normal 0.900886 0.434057 0
    outer loop
      vertex -54.8262 -7.22737 3
      vertex -54.8262 -7.22737 0
      vertex -54.9556 -6.9588 3
    endloop
  endfacet
  facet normal 0.988844 0.148956 -0
    outer loop
      vertex -55 -6.66405 0
      vertex -55 -6.66405 3
      vertex -54.9556 -6.9588 0
    endloop
  endfacet
  facet normal 0.988844 0.148956 0
    outer loop
      vertex -54.9556 -6.9588 3
      vertex -54.9556 -6.9588 0
      vertex -55 -6.66405 3
    endloop
  endfacet
  facet normal 1 0 -0
    outer loop
      vertex -55 6.59352 0
      vertex -55 6.59352 3
      vertex -55 -6.66405 0
    endloop
  endfacet
  facet normal 1 -0 0
    outer loop
      vertex -55 -6.66405 3
      vertex -55 -6.66405 0
      vertex -55 6.59352 3
    endloop
  endfacet
  facet normal 0.991943 -0.126686 0
    outer loop
      vertex -54.9679 6.84486 0
      vertex -54.9679 6.84486 3
      vertex -55 6.59352 0
    endloop
  endfacet
  facet normal 0.991943 -0.126686 0
    outer loop
      vertex -55 6.59352 3
      vertex -55 6.59352 0
      vertex -54.9679 6.84486 3
    endloop
  endfacet
  facet normal 0.919611 -0.39283 0
    outer loop
      vertex -54.8508 7.11899 0
      vertex -54.8508 7.11899 3
      vertex -54.9679 6.84486 0
    endloop
  endfacet
  facet normal 0.919611 -0.39283 0
    outer loop
      vertex -54.9679 6.84486 3
      vertex -54.9679 6.84486 0
      vertex -54.8508 7.11899 3
    endloop
  endfacet
  facet normal 0.762957 -0.646449 0
    outer loop
      vertex -54.6581 7.34642 0
      vertex -54.6581 7.34642 3
      vertex -54.8508 7.11899 0
    endloop
  endfacet
  facet normal 0.762957 -0.646449 0
    outer loop
      vertex -54.8508 7.11899 3
      vertex -54.8508 7.11899 0
      vertex -54.6581 7.34642 3
    endloop
  endfacet
  facet normal 0.538663 -0.842521 0
    outer loop
      vertex -54.407 7.50696 0
      vertex -54.407 7.50696 3
      vertex -54.6581 7.34642 0
    endloop
  endfacet
  facet normal 0.538663 -0.842521 0
    outer loop
      vertex -54.6581 7.34642 3
      vertex -54.6581 7.34642 0
      vertex -54.407 7.50696 3
    endloop
  endfacet
  facet normal 0.266201 -0.963918 0
    outer loop
      vertex -54.1196 7.58633 0
      vertex -54.1196 7.58633 3
      vertex -54.407 7.50696 0
    endloop
  endfacet
  facet normal 0.266201 -0.963918 0
    outer loop
      vertex -54.407 7.50696 3
      vertex -54.407 7.50696 0
      vertex -54.1196 7.58633 3
    endloop
  endfacet
  facet normal 0.119651 -0.992816 0
    outer loop
      vertex -43.1029 8.91403 0
      vertex -43.1029 8.91403 3
      vertex -54.1196 7.58633 0
    endloop
  endfacet
  facet normal 0.119651 -0.992816 0
    outer loop
      vertex -54.1196 7.58633 3
      vertex -54.1196 7.58633 0
      vertex -43.1029 8.91403 3
    endloop
  endfacet
  facet normal -0.0246975 -0.999695 0
    outer loop
      vertex -42.8147 8.90691 0
      vertex -42.8147 8.90691 3
      vertex -43.1029 8.91403 0
    endloop
  endfacet
  facet normal -0.0246975 -0.999695 -0
    outer loop
      vertex -43.1029 8.91403 3
      vertex -43.1029 8.91403 0
      vertex -42.8147 8.90691 3
    endloop
  endfacet
  facet normal -0.31358 -0.949562 0
    outer loop
      vertex -42.5316 8.81342 0
      vertex -42.5316 8.81342 3
      vertex -42.8147 8.90691 0
    endloop
  endfacet
  facet normal -0.31358 -0.949562 -0
    outer loop
      vertex -42.8147 8.90691 3
      vertex -42.8147 8.90691 0
      vertex -42.5316 8.81342 3
    endloop
  endfacet
  facet normal -0.579593 -0.814906 0
    outer loop
      vertex -42.2887 8.64066 0
      vertex -42.2887 8.64066 3
      vertex -42.5316 8.81342 0
    endloop
  endfacet
  facet normal -0.579593 -0.814906 -0
    outer loop
      vertex -42.5316 8.81342 3
      vertex -42.5316 8.81342 0
      vertex -42.2887 8.64066 3
    endloop
  endfacet
  facet normal -0.794044 -0.607861 0
    outer loop
      vertex -42.1075 8.40396 0
      vertex -42.1075 8.40396 3
      vertex -42.2887 8.64066 0
    endloop
  endfacet
  facet normal -0.794044 -0.607861 -0
    outer loop
      vertex -42.2887 8.64066 3
      vertex -42.2887 8.64066 0
      vertex -42.1075 8.40396 3
    endloop
  endfacet
  facet normal -0.937906 -0.346888 0
    outer loop
      vertex -42.0041 8.12439 0
      vertex -42.0041 8.12439 3
      vertex -42.1075 8.40396 0
    endloop
  endfacet
  facet normal -0.937906 -0.346888 -0
    outer loop
      vertex -42.1075 8.40396 3
      vertex -42.1075 8.40396 0
      vertex -42.0041 8.12439 3
    endloop
  endfacet
  facet normal -0.998485 -0.0550167 0
    outer loop
      vertex -41.9877 7.82675 0
      vertex -41.9877 7.82675 3
      vertex -42.0041 8.12439 0
    endloop
  endfacet
  facet normal -0.998485 -0.0550167 -0
    outer loop
      vertex -42.0041 8.12439 3
      vertex -42.0041 8.12439 0
      vertex -41.9877 7.82675 3
    endloop
  endfacet
  facet normal -0.995528 0.0944686 0
    outer loop
      vertex -43.3311 -6.33025 0
      vertex -43.3311 -6.33025 3
      vertex -41.9877 7.82675 0
    endloop
  endfacet
  facet normal -0.995528 0.0944686 0
    outer loop
      vertex -41.9877 7.82675 3
      vertex -41.9877 7.82675 0
      vertex -43.3311 -6.33025 3
    endloop
  endfacet
  facet normal -0.977491 0.210978 0
    outer loop
      vertex -43.3806 -6.55959 0
      vertex -43.3806 -6.55959 3
      vertex -43.3311 -6.33025 0
    endloop
  endfacet
  facet normal -0.977491 0.210978 0
    outer loop
      vertex -43.3311 -6.33025 3
      vertex -43.3311 -6.33025 0
      vertex -43.3806 -6.55959 3
    endloop
  endfacet
  facet normal -0.887402 0.460997 0
    outer loop
      vertex -43.518 -6.82408 0
      vertex -43.518 -6.82408 3
      vertex -43.3806 -6.55959 0
    endloop
  endfacet
  facet normal -0.887402 0.460997 0
    outer loop
      vertex -43.3806 -6.55959 3
      vertex -43.3806 -6.55959 0
      vertex -43.518 -6.82408 3
    endloop
  endfacet
  facet normal -0.71182 0.702362 0
    outer loop
      vertex -43.7274 -7.0363 0
      vertex -43.7274 -7.0363 3
      vertex -43.518 -6.82408 0
    endloop
  endfacet
  facet normal -0.71182 0.702362 0
    outer loop
      vertex -43.518 -6.82408 3
      vertex -43.518 -6.82408 0
      vertex -43.7274 -7.0363 3
    endloop
  endfacet
  facet normal -0.473407 0.880844 0
    outer loop
      vertex -43.9899 -7.17738 0
      vertex -43.9899 -7.17738 3
      vertex -43.7274 -7.0363 0
    endloop
  endfacet
  facet normal -0.473407 0.880844 0
    outer loop
      vertex -43.7274 -7.0363 3
      vertex -43.7274 -7.0363 0
      vertex -43.9899 -7.17738 3
    endloop
  endfacet
  facet normal -0.192631 0.981271 0
    outer loop
      vertex -44.2824 -7.2348 0
      vertex -44.2824 -7.2348 3
      vertex -43.9899 -7.17738 0
    endloop
  endfacet
  facet normal -0.192631 0.981271 0
    outer loop
      vertex -43.9899 -7.17738 3
      vertex -43.9899 -7.17738 0
      vertex -44.2824 -7.2348 3
    endloop
  endfacet
  facet normal -0.0442296 0.999021 0
    outer loop
      vertex -53.9558 -7.66307 0
      vertex -53.9558 -7.66307 3
      vertex -44.2824 -7.2348 0
    endloop
  endfacet
  facet normal -0.0442296 0.999021 0
    outer loop
      vertex -44.2824 -7.2348 3
      vertex -44.2824 -7.2348 0
      vertex -53.9558 -7.66307 3
    endloop
  endfacet
  facet normal 0.164165 0.986433 -0
    outer loop
      vertex -54.3653 -7.59492 0
      vertex -54.3653 -7.59492 3
      vertex -53.9558 -7.66307 0
    endloop
  endfacet
  facet normal 0.164165 0.986433 0
    outer loop
      vertex -53.9558 -7.66307 3
      vertex -53.9558 -7.66307 0
      vertex -54.3653 -7.59492 3
    endloop
  endfacet
  facet normal 0.205661 0.978623 -0
    outer loop
      vertex -26.5704 -7.58533 0
      vertex -26.5704 -7.58533 3
      vertex -26.4069 -7.61969 0
    endloop
  endfacet
  facet normal 0.205661 0.978623 0
    outer loop
      vertex -26.4069 -7.61969 3
      vertex -26.4069 -7.61969 0
      vertex -26.5704 -7.58533 3
    endloop
  endfacet
  facet normal 0.426188 0.904635 -0
    outer loop
      vertex -26.8401 -7.45827 0
      vertex -26.8401 -7.45827 3
      vertex -26.5704 -7.58533 0
    endloop
  endfacet
  facet normal 0.426188 0.904635 0
    outer loop
      vertex -26.5704 -7.58533 3
      vertex -26.5704 -7.58533 0
      vertex -26.8401 -7.45827 3
    endloop
  endfacet
  facet normal 0.673991 0.73874 -0
    outer loop
      vertex -27.0603 -7.25737 0
      vertex -27.0603 -7.25737 3
      vertex -26.8401 -7.45827 0
    endloop
  endfacet
  facet normal 0.673991 0.73874 0
    outer loop
      vertex -26.8401 -7.45827 3
      vertex -26.8401 -7.45827 0
      vertex -27.0603 -7.25737 3
    endloop
  endfacet
  facet normal 0.861796 0.507255 -0
    outer loop
      vertex -27.2115 -7.00049 0
      vertex -27.2115 -7.00049 3
      vertex -27.0603 -7.25737 0
    endloop
  endfacet
  facet normal 0.861796 0.507255 0
    outer loop
      vertex -27.0603 -7.25737 3
      vertex -27.0603 -7.25737 0
      vertex -27.2115 -7.00049 3
    endloop
  endfacet
  facet normal 0.973 0.230804 -0
    outer loop
      vertex -27.2803 -6.71045 0
      vertex -27.2803 -6.71045 3
      vertex -27.2115 -7.00049 0
    endloop
  endfacet
  facet normal 0.973 0.230804 0
    outer loop
      vertex -27.2115 -7.00049 3
      vertex -27.2115 -7.00049 0
      vertex -27.2803 -6.71045 3
    endloop
  endfacet
  facet normal 0.996538 0.0831443 -0
    outer loop
      vertex -28.456 7.38107 0
      vertex -28.456 7.38107 3
      vertex -27.2803 -6.71045 0
    endloop
  endfacet
  facet normal 0.996538 0.0831443 0
    outer loop
      vertex -27.2803 -6.71045 3
      vertex -27.2803 -6.71045 0
      vertex -28.456 7.38107 3
    endloop
  endfacet
  facet normal 0.996547 -0.0830255 0
    outer loop
      vertex -28.4285 7.71115 0
      vertex -28.4285 7.71115 3
      vertex -28.456 7.38107 0
    endloop
  endfacet
  facet normal 0.996547 -0.0830255 0
    outer loop
      vertex -28.456 7.38107 3
      vertex -28.456 7.38107 0
      vertex -28.4285 7.71115 3
    endloop
  endfacet
  facet normal 0.921331 -0.38878 0
    outer loop
      vertex -28.3126 7.98581 0
      vertex -28.3126 7.98581 3
      vertex -28.4285 7.71115 0
    endloop
  endfacet
  facet normal 0.921331 -0.38878 0
    outer loop
      vertex -28.4285 7.71115 3
      vertex -28.4285 7.71115 0
      vertex -28.3126 7.98581 3
    endloop
  endfacet
  facet normal 0.766017 -0.642821 0
    outer loop
      vertex -28.121 8.21413 0
      vertex -28.121 8.21413 3
      vertex -28.3126 7.98581 0
    endloop
  endfacet
  facet normal 0.766017 -0.642821 0
    outer loop
      vertex -28.3126 7.98581 3
      vertex -28.3126 7.98581 0
      vertex -28.121 8.21413 3
    endloop
  endfacet
  facet normal 0.542238 -0.840225 0
    outer loop
      vertex -27.8705 8.37579 0
      vertex -27.8705 8.37579 3
      vertex -28.121 8.21413 0
    endloop
  endfacet
  facet normal 0.542238 -0.840225 0
    outer loop
      vertex -28.121 8.21413 3
      vertex -28.121 8.21413 0
      vertex -27.8705 8.37579 3
    endloop
  endfacet
  facet normal 0.270744 -0.962651 0
    outer loop
      vertex -27.5836 8.45648 0
      vertex -27.5836 8.45648 3
      vertex -27.8705 8.37579 0
    endloop
  endfacet
  facet normal 0.270744 -0.962651 0
    outer loop
      vertex -27.8705 8.37579 3
      vertex -27.8705 8.37579 0
      vertex -27.5836 8.45648 3
    endloop
  endfacet
  facet normal -0.0251263 -0.999684 0
    outer loop
      vertex -27.2856 8.44899 0
      vertex -27.2856 8.44899 3
      vertex -27.5836 8.45648 0
    endloop
  endfacet
  facet normal -0.0251263 -0.999684 -0
    outer loop
      vertex -27.5836 8.45648 3
      vertex -27.5836 8.45648 0
      vertex -27.2856 8.44899 3
    endloop
  endfacet
  facet normal -0.173828 -0.984776 0
    outer loop
      vertex -15.6689 6.39847 0
      vertex -15.6689 6.39847 3
      vertex -27.2856 8.44899 0
    endloop
  endfacet
  facet normal -0.173828 -0.984776 -0
    outer loop
      vertex -27.2856 8.44899 3
      vertex -27.2856 8.44899 0
      vertex -15.6689 6.39847 3
    endloop
  endfacet
  facet normal -0.380364 -0.924837 0
    outer loop
      vertex -15.2734 6.23581 0
      vertex -15.2734 6.23581 3
      vertex -15.6689 6.39847 0
    endloop
  endfacet
  facet normal -0.380364 -0.924837 -0
    outer loop
      vertex -15.6689 6.39847 3
      vertex -15.6689 6.39847 0
      vertex -15.2734 6.23581 3
    endloop
  endfacet
  facet normal -0.685569 -0.728008 0
    outer loop
      vertex -15.0564 6.03146 0
      vertex -15.0564 6.03146 3
      vertex -15.2734 6.23581 0
    endloop
  endfacet
  facet normal -0.685569 -0.728008 -0
    outer loop
      vertex -15.2734 6.23581 3
      vertex -15.2734 6.23581 0
      vertex -15.0564 6.03146 3
    endloop
  endfacet
  facet normal -0.869586 -0.493782 0
    outer loop
      vertex -14.9092 5.77223 0
      vertex -14.9092 5.77223 3
      vertex -15.0564 6.03146 0
    endloop
  endfacet
  facet normal -0.869586 -0.493782 -0
    outer loop
      vertex -15.0564 6.03146 3
      vertex -15.0564 6.03146 0
      vertex -14.9092 5.77223 3
    endloop
  endfacet
  facet normal -0.976528 -0.215388 0
    outer loop
      vertex -14.845 5.48116 0
      vertex -14.845 5.48116 3
      vertex -14.9092 5.77223 0
    endloop
  endfacet
  facet normal -0.976528 -0.215388 -0
    outer loop
      vertex -14.9092 5.77223 3
      vertex -14.9092 5.77223 0
      vertex -14.845 5.48116 3
    endloop
  endfacet
  facet normal -0.997722 -0.0674553 0
    outer loop
      vertex -13.9357 -7.96817 0
      vertex -13.9357 -7.96817 3
      vertex -14.845 5.48116 0
    endloop
  endfacet
  facet normal -0.997722 -0.0674553 -0
    outer loop
      vertex -14.845 5.48116 3
      vertex -14.845 5.48116 0
      vertex -13.9357 -7.96817 3
    endloop
  endfacet
  facet normal -0.997842 0.0656673 0
    outer loop
      vertex -13.9531 -8.23257 0
      vertex -13.9531 -8.23257 3
      vertex -13.9357 -7.96817 0
    endloop
  endfacet
  facet normal -0.997842 0.0656673 0
    outer loop
      vertex -13.9357 -7.96817 3
      vertex -13.9357 -7.96817 0
      vertex -13.9531 -8.23257 3
    endloop
  endfacet
  facet normal -0.940126 0.340827 0
    outer loop
      vertex -14.0547 -8.51282 0
      vertex -14.0547 -8.51282 3
      vertex -13.9531 -8.23257 0
    endloop
  endfacet
  facet normal -0.940126 0.340827 0
    outer loop
      vertex -13.9531 -8.23257 3
      vertex -13.9531 -8.23257 0
      vertex -14.0547 -8.51282 3
    endloop
  endfacet
  facet normal -0.797845 0.602863 0
    outer loop
      vertex -14.2344 -8.75064 0
      vertex -14.2344 -8.75064 3
      vertex -14.0547 -8.51282 0
    endloop
  endfacet
  facet normal -0.797845 0.602863 0
    outer loop
      vertex -14.0547 -8.51282 3
      vertex -14.0547 -8.51282 0
      vertex -14.2344 -8.75064 3
    endloop
  endfacet
  facet normal -0.584755 0.81121 0
    outer loop
      vertex -14.4762 -8.92494 0
      vertex -14.4762 -8.92494 3
      vertex -14.2344 -8.75064 0
    endloop
  endfacet
  facet normal -0.584755 0.81121 0
    outer loop
      vertex -14.2344 -8.75064 3
      vertex -14.2344 -8.75064 0
      vertex -14.4762 -8.92494 3
    endloop
  endfacet
  facet normal -0.319688 0.947523 0
    outer loop
      vertex -14.7586 -9.02022 0
      vertex -14.7586 -9.02022 3
      vertex -14.4762 -8.92494 0
    endloop
  endfacet
  facet normal -0.319688 0.947523 0
    outer loop
      vertex -14.4762 -8.92494 3
      vertex -14.4762 -8.92494 0
      vertex -14.7586 -9.02022 3
    endloop
  endfacet
  facet normal -0.0261655 0.999658 0
    outer loop
      vertex -15.0566 -9.02802 0
      vertex -15.0566 -9.02802 3
      vertex -14.7586 -9.02022 0
    endloop
  endfacet
  facet normal -0.0261655 0.999658 0
    outer loop
      vertex -14.7586 -9.02022 3
      vertex -14.7586 -9.02022 0
      vertex -15.0566 -9.02802 3
    endloop
  endfacet
  facet normal 0.123134 0.99239 -0
    outer loop
      vertex -26.4069 -7.61969 0
      vertex -26.4069 -7.61969 3
      vertex -15.0566 -9.02802 0
    endloop
  endfacet
  facet normal 0.123134 0.99239 0
    outer loop
      vertex -15.0566 -9.02802 3
      vertex -15.0566 -9.02802 0
      vertex -26.4069 -7.61969 3
    endloop
  endfacet
  facet normal 0.254377 0.967105 -0
    outer loop
      vertex 3.11929 -5.76297 0
      vertex 3.11929 -5.76297 3
      vertex 3.39253 -5.83484 0
    endloop
  endfacet
  facet normal 0.254377 0.967105 0
    outer loop
      vertex 3.39253 -5.83484 3
      vertex 3.39253 -5.83484 0
      vertex 3.11929 -5.76297 3
    endloop
  endfacet
  facet normal 0.52146 0.853276 -0
    outer loop
      vertex 2.86494 -5.60753 0
      vertex 2.86494 -5.60753 3
      vertex 3.11929 -5.76297 0
    endloop
  endfacet
  facet normal 0.52146 0.853276 0
    outer loop
      vertex 3.11929 -5.76297 3
      vertex 3.11929 -5.76297 0
      vertex 2.86494 -5.60753 3
    endloop
  endfacet
  facet normal 0.749798 0.661667 -0
    outer loop
      vertex 2.66771 -5.38403 0
      vertex 2.66771 -5.38403 3
      vertex 2.86494 -5.60753 0
    endloop
  endfacet
  facet normal 0.749798 0.661667 0
    outer loop
      vertex 2.86494 -5.60753 3
      vertex 2.86494 -5.60753 0
      vertex 2.66771 -5.38403 3
    endloop
  endfacet
  facet normal 0.911482 0.41134 -0
    outer loop
      vertex 2.5451 -5.11234 0
      vertex 2.5451 -5.11234 3
      vertex 2.66771 -5.38403 0
    endloop
  endfacet
  facet normal 0.911482 0.41134 0
    outer loop
      vertex 2.66771 -5.38403 3
      vertex 2.66771 -5.38403 0
      vertex 2.5451 -5.11234 3
    endloop
  endfacet
  facet normal 0.962625 0.270836 -0
    outer loop
      vertex -0.684875 6.36786 0
      vertex -0.684875 6.36786 3
      vertex 2.5451 -5.11234 0
    endloop
  endfacet
  facet normal 0.962625 0.270836 0
    outer loop
      vertex 2.5451 -5.11234 3
      vertex 2.5451 -5.11234 0
      vertex -0.684875 6.36786 3
    endloop
  endfacet
  facet normal 0.993934 0.109975 -0
    outer loop
      vertex -0.720795 6.6925 0
      vertex -0.720795 6.6925 3
      vertex -0.684875 6.36786 0
    endloop
  endfacet
  facet normal 0.993934 0.109975 0
    outer loop
      vertex -0.684875 6.36786 3
      vertex -0.684875 6.36786 0
      vertex -0.720795 6.6925 3
    endloop
  endfacet
  facet normal 0.979378 -0.202038 0
    outer loop
      vertex -0.660568 6.98445 0
      vertex -0.660568 6.98445 3
      vertex -0.720795 6.6925 0
    endloop
  endfacet
  facet normal 0.979378 -0.202038 0
    outer loop
      vertex -0.720795 6.6925 3
      vertex -0.720795 6.6925 0
      vertex -0.660568 6.98445 3
    endloop
  endfacet
  facet normal 0.876316 -0.481736 0
    outer loop
      vertex -0.516968 7.24567 0
      vertex -0.516968 7.24567 3
      vertex -0.660568 6.98445 0
    endloop
  endfacet
  facet normal 0.876316 -0.481736 0
    outer loop
      vertex -0.660568 6.98445 3
      vertex -0.660568 6.98445 0
      vertex -0.516968 7.24567 3
    endloop
  endfacet
  facet normal 0.695416 -0.718608 0
    outer loop
      vertex -0.302765 7.45296 0
      vertex -0.302765 7.45296 3
      vertex -0.516968 7.24567 0
    endloop
  endfacet
  facet normal 0.695416 -0.718608 0
    outer loop
      vertex -0.516968 7.24567 3
      vertex -0.516968 7.24567 0
      vertex -0.302765 7.45296 3
    endloop
  endfacet
  facet normal 0.452663 -0.891682 0
    outer loop
      vertex -0.036972 7.58789 0
      vertex -0.036972 7.58789 3
      vertex -0.302765 7.45296 0
    endloop
  endfacet
  facet normal 0.452663 -0.891682 0
    outer loop
      vertex -0.302765 7.45296 3
      vertex -0.302765 7.45296 0
      vertex -0.036972 7.58789 3
    endloop
  endfacet
  facet normal 0.169749 -0.985487 0
    outer loop
      vertex 0.25679 7.63849 0
      vertex 0.25679 7.63849 3
      vertex -0.036972 7.58789 0
    endloop
  endfacet
  facet normal 0.169749 -0.985487 0
    outer loop
      vertex -0.036972 7.58789 3
      vertex -0.036972 7.58789 0
      vertex 0.25679 7.63849 3
    endloop
  endfacet
  facet normal 0.0209632 -0.99978 0
    outer loop
      vertex 13.6187 7.91866 0
      vertex 13.6187 7.91866 3
      vertex 0.25679 7.63849 0
    endloop
  endfacet
  facet normal 0.0209632 -0.99978 0
    outer loop
      vertex 0.25679 7.63849 3
      vertex 0.25679 7.63849 0
      vertex 13.6187 7.91866 3
    endloop
  endfacet
  facet normal -0.183546 -0.983011 0
    outer loop
      vertex 14.02 7.84373 0
      vertex 14.02 7.84373 3
      vertex 13.6187 7.91866 0
    endloop
  endfacet
  facet normal -0.183546 -0.983011 -0
    outer loop
      vertex 13.6187 7.91866 3
      vertex 13.6187 7.91866 0
      vertex 14.02 7.84373 3
    endloop
  endfacet
  facet normal -0.513904 -0.857848 0
    outer loop
      vertex 14.2757 7.69055 0
      vertex 14.2757 7.69055 3
      vertex 14.02 7.84373 0
    endloop
  endfacet
  facet normal -0.513904 -0.857848 -0
    outer loop
      vertex 14.02 7.84373 3
      vertex 14.02 7.84373 0
      vertex 14.2757 7.69055 3
    endloop
  endfacet
  facet normal -0.743904 -0.668286 0
    outer loop
      vertex 14.4749 7.46881 0
      vertex 14.4749 7.46881 3
      vertex 14.2757 7.69055 0
    endloop
  endfacet
  facet normal -0.743904 -0.668286 -0
    outer loop
      vertex 14.2757 7.69055 3
      vertex 14.2757 7.69055 0
      vertex 14.4749 7.46881 3
    endloop
  endfacet
  facet normal -0.907828 -0.419343 0
    outer loop
      vertex 14.5999 7.1982 0
      vertex 14.5999 7.1982 3
      vertex 14.4749 7.46881 0
    endloop
  endfacet
  facet normal -0.907828 -0.419343 -0
    outer loop
      vertex 14.4749 7.46881 3
      vertex 14.4749 7.46881 0
      vertex 14.5999 7.1982 3
    endloop
  endfacet
  facet normal -0.991091 -0.133183 0
    outer loop
      vertex 14.6396 6.90277 0
      vertex 14.6396 6.90277 3
      vertex 14.5999 7.1982 0
    endloop
  endfacet
  facet normal -0.991091 -0.133183 -0
    outer loop
      vertex 14.5999 7.1982 3
      vertex 14.5999 7.1982 0
      vertex 14.6396 6.90277 3
    endloop
  endfacet
  facet normal -0.986286 0.165046 0
    outer loop
      vertex 14.5904 6.60876 0
      vertex 14.5904 6.60876 3
      vertex 14.6396 6.90277 0
    endloop
  endfacet
  facet normal -0.986286 0.165046 0
    outer loop
      vertex 14.6396 6.90277 3
      vertex 14.6396 6.90277 0
      vertex 14.5904 6.60876 3
    endloop
  endfacet
  facet normal -0.950701 0.310109 0
    outer loop
      vertex 10.5248 -5.85513 0
      vertex 10.5248 -5.85513 3
      vertex 14.5904 6.60876 0
    endloop
  endfacet
  facet normal -0.950701 0.310109 0
    outer loop
      vertex 14.5904 6.60876 3
      vertex 14.5904 6.60876 0
      vertex 10.5248 -5.85513 3
    endloop
  endfacet
  facet normal -0.920159 0.391545 0
    outer loop
      vertex 10.4567 -6.01517 0
      vertex 10.4567 -6.01517 3
      vertex 10.5248 -5.85513 0
    endloop
  endfacet
  facet normal -0.920159 0.391545 0
    outer loop
      vertex 10.5248 -5.85513 3
      vertex 10.5248 -5.85513 0
      vertex 10.4567 -6.01517 3
    endloop
  endfacet
  facet normal -0.802653 0.596446 0
    outer loop
      vertex 10.2789 -6.25444 0
      vertex 10.2789 -6.25444 3
      vertex 10.4567 -6.01517 0
    endloop
  endfacet
  facet normal -0.802653 0.596446 0
    outer loop
      vertex 10.4567 -6.01517 3
      vertex 10.4567 -6.01517 0
      vertex 10.2789 -6.25444 3
    endloop
  endfacet
  facet normal -0.591204 0.806522 0
    outer loop
      vertex 10.0385 -6.43066 0
      vertex 10.0385 -6.43066 3
      vertex 10.2789 -6.25444 0
    endloop
  endfacet
  facet normal -0.591204 0.806522 0
    outer loop
      vertex 10.2789 -6.25444 3
      vertex 10.2789 -6.25444 0
      vertex 10.0385 -6.43066 3
    endloop
  endfacet
  facet normal -0.327248 0.944939 0
    outer loop
      vertex 9.75685 -6.5282 0
      vertex 9.75685 -6.5282 3
      vertex 10.0385 -6.43066 0
    endloop
  endfacet
  facet normal -0.327248 0.944939 0
    outer loop
      vertex 10.0385 -6.43066 3
      vertex 10.0385 -6.43066 0
      vertex 9.75685 -6.5282 3
    endloop
  endfacet
  facet normal -0.0341515 0.999417 0
    outer loop
      vertex 9.45894 -6.53838 0
      vertex 9.45894 -6.53838 3
      vertex 9.75685 -6.5282 0
    endloop
  endfacet
  facet normal -0.0341515 0.999417 0
    outer loop
      vertex 9.75685 -6.5282 3
      vertex 9.75685 -6.5282 0
      vertex 9.45894 -6.53838 3
    endloop
  endfacet
  facet normal 0.115201 0.993342 -0
    outer loop
      vertex 3.39253 -5.83484 0
      vertex 3.39253 -5.83484 3
      vertex 9.45894 -6.53838 0
    endloop
  endfacet
  facet normal 0.115201 0.993342 0
    outer loop
      vertex 9.45894 -6.53838 3
      vertex 9.45894 -6.53838 0
      vertex 3.39253 -5.83484 3
    endloop
  endfacet
  facet normal 0.256257 0.966609 -0
    outer loop
      vertex 13.2382 -6.96983 0
      vertex 13.2382 -6.96983 3
      vertex 13.4907 -7.03677 0
    endloop
  endfacet
  facet normal 0.256257 0.966609 0
    outer loop
      vertex 13.4907 -7.03677 3
      vertex 13.4907 -7.03677 0
      vertex 13.2382 -6.96983 3
    endloop
  endfacet
  facet normal 0.513904 0.857848 -0
    outer loop
      vertex 12.9825 -6.81665 0
      vertex 12.9825 -6.81665 3
      vertex 13.2382 -6.96983 0
    endloop
  endfacet
  facet normal 0.513904 0.857848 0
    outer loop
      vertex 13.2382 -6.96983 3
      vertex 13.2382 -6.96983 0
      vertex 12.9825 -6.81665 3
    endloop
  endfacet
  facet normal 0.743904 0.668286 -0
    outer loop
      vertex 12.7833 -6.59491 0
      vertex 12.7833 -6.59491 3
      vertex 12.9825 -6.81665 0
    endloop
  endfacet
  facet normal 0.743904 0.668286 0
    outer loop
      vertex 12.9825 -6.81665 3
      vertex 12.9825 -6.81665 0
      vertex 12.7833 -6.59491 3
    endloop
  endfacet
  facet normal 0.907828 0.419343 -0
    outer loop
      vertex 12.6583 -6.3243 0
      vertex 12.6583 -6.3243 3
      vertex 12.7833 -6.59491 0
    endloop
  endfacet
  facet normal 0.907828 0.419343 0
    outer loop
      vertex 12.7833 -6.59491 3
      vertex 12.7833 -6.59491 0
      vertex 12.6583 -6.3243 3
    endloop
  endfacet
  facet normal 0.991091 0.133183 -0
    outer loop
      vertex 12.6186 -6.02887 0
      vertex 12.6186 -6.02887 3
      vertex 12.6583 -6.3243 0
    endloop
  endfacet
  facet normal 0.991091 0.133183 0
    outer loop
      vertex 12.6583 -6.3243 3
      vertex 12.6583 -6.3243 0
      vertex 12.6186 -6.02887 3
    endloop
  endfacet
  facet normal 0.986286 -0.165046 0
    outer loop
      vertex 12.6678 -5.73486 0
      vertex 12.6678 -5.73486 3
      vertex 12.6186 -6.02887 0
    endloop
  endfacet
  facet normal 0.986286 -0.165046 0
    outer loop
      vertex 12.6186 -6.02887 3
      vertex 12.6186 -6.02887 0
      vertex 12.6678 -5.73486 3
    endloop
  endfacet
  facet normal 0.950703 -0.310102 0
    outer loop
      vertex 16.8182 6.98935 0
      vertex 16.8182 6.98935 3
      vertex 12.6678 -5.73486 0
    endloop
  endfacet
  facet normal 0.950703 -0.310102 0
    outer loop
      vertex 12.6678 -5.73486 3
      vertex 12.6678 -5.73486 0
      vertex 16.8182 6.98935 3
    endloop
  endfacet
  facet normal 0.904666 -0.426122 0
    outer loop
      vertex 16.9242 7.21439 0
      vertex 16.9242 7.21439 3
      vertex 16.8182 6.98935 0
    endloop
  endfacet
  facet normal 0.904666 -0.426122 0
    outer loop
      vertex 16.8182 6.98935 3
      vertex 16.8182 6.98935 0
      vertex 16.9242 7.21439 3
    endloop
  endfacet
  facet normal 0.755674 -0.654948 0
    outer loop
      vertex 17.1194 7.43961 0
      vertex 17.1194 7.43961 3
      vertex 16.9242 7.21439 0
    endloop
  endfacet
  facet normal 0.755674 -0.654948 0
    outer loop
      vertex 16.9242 7.21439 3
      vertex 16.9242 7.21439 0
      vertex 17.1194 7.43961 3
    endloop
  endfacet
  facet normal 0.528877 -0.848699 0
    outer loop
      vertex 17.3724 7.59727 0
      vertex 17.3724 7.59727 3
      vertex 17.1194 7.43961 0
    endloop
  endfacet
  facet normal 0.528877 -0.848699 0
    outer loop
      vertex 17.1194 7.43961 3
      vertex 17.1194 7.43961 0
      vertex 17.3724 7.59727 3
    endloop
  endfacet
  facet normal 0.255271 -0.96687 0
    outer loop
      vertex 17.6606 7.67336 0
      vertex 17.6606 7.67336 3
      vertex 17.3724 7.59727 0
    endloop
  endfacet
  facet normal 0.255271 -0.96687 0
    outer loop
      vertex 17.3724 7.59727 3
      vertex 17.3724 7.59727 0
      vertex 17.6606 7.67336 3
    endloop
  endfacet
  facet normal -0.041053 -0.999157 0
    outer loop
      vertex 17.9585 7.66112 0
      vertex 17.9585 7.66112 3
      vertex 17.6606 7.67336 0
    endloop
  endfacet
  facet normal -0.041053 -0.999157 -0
    outer loop
      vertex 17.6606 7.67336 3
      vertex 17.6606 7.67336 0
      vertex 17.9585 7.66112 3
    endloop
  endfacet
  facet normal -0.189527 -0.981876 0
    outer loop
      vertex 27.0484 5.90654 0
      vertex 27.0484 5.90654 3
      vertex 17.9585 7.66112 0
    endloop
  endfacet
  facet normal -0.189527 -0.981876 -0
    outer loop
      vertex 17.9585 7.66112 3
      vertex 17.9585 7.66112 0
      vertex 27.0484 5.90654 3
    endloop
  endfacet
  facet normal -0.37155 -0.928413 0
    outer loop
      vertex 27.3991 5.76619 0
      vertex 27.3991 5.76619 3
      vertex 27.0484 5.90654 0
    endloop
  endfacet
  facet normal -0.37155 -0.928413 -0
    outer loop
      vertex 27.0484 5.90654 3
      vertex 27.0484 5.90654 0
      vertex 27.3991 5.76619 3
    endloop
  endfacet
  facet normal -0.659497 -0.751707 0
    outer loop
      vertex 27.6232 5.56958 0
      vertex 27.6232 5.56958 3
      vertex 27.3991 5.76619 0
    endloop
  endfacet
  facet normal -0.659497 -0.751707 -0
    outer loop
      vertex 27.3991 5.76619 3
      vertex 27.3991 5.76619 0
      vertex 27.6232 5.56958 3
    endloop
  endfacet
  facet normal -0.851896 -0.523712 0
    outer loop
      vertex 27.7793 5.31566 0
      vertex 27.7793 5.31566 3
      vertex 27.6232 5.56958 0
    endloop
  endfacet
  facet normal -0.851896 -0.523712 -0
    outer loop
      vertex 27.6232 5.56958 3
      vertex 27.6232 5.56958 0
      vertex 27.7793 5.31566 3
    endloop
  endfacet
  facet normal -0.968355 -0.249578 0
    outer loop
      vertex 27.8537 5.02699 0
      vertex 27.8537 5.02699 3
      vertex 27.7793 5.31566 0
    endloop
  endfacet
  facet normal -0.968355 -0.249578 -0
    outer loop
      vertex 27.7793 5.31566 3
      vertex 27.7793 5.31566 0
      vertex 27.8537 5.02699 3
    endloop
  endfacet
  facet normal -0.998881 0.0473037 0
    outer loop
      vertex 27.8396 4.72925 0
      vertex 27.8396 4.72925 3
      vertex 27.8537 5.02699 0
    endloop
  endfacet
  facet normal -0.998881 0.0473037 0
    outer loop
      vertex 27.8537 5.02699 3
      vertex 27.8537 5.02699 0
      vertex 27.8396 4.72925 3
    endloop
  endfacet
  facet normal -0.980719 0.195424 0
    outer loop
      vertex 25.3771 -7.6286 0
      vertex 25.3771 -7.6286 3
      vertex 27.8396 4.72925 0
    endloop
  endfacet
  facet normal -0.980719 0.195424 0
    outer loop
      vertex 27.8396 4.72925 3
      vertex 27.8396 4.72925 0
      vertex 25.3771 -7.6286 3
    endloop
  endfacet
  facet normal -0.939521 0.342492 0
    outer loop
      vertex 25.2729 -7.91444 0
      vertex 25.2729 -7.91444 3
      vertex 25.3771 -7.6286 0
    endloop
  endfacet
  facet normal -0.939521 0.342492 0
    outer loop
      vertex 25.3771 -7.6286 3
      vertex 25.3771 -7.6286 0
      vertex 25.2729 -7.91444 3
    endloop
  endfacet
  facet normal -0.795062 0.606528 0
    outer loop
      vertex 25.0921 -8.15144 0
      vertex 25.0921 -8.15144 3
      vertex 25.2729 -7.91444 0
    endloop
  endfacet
  facet normal -0.795062 0.606528 0
    outer loop
      vertex 25.2729 -7.91444 3
      vertex 25.2729 -7.91444 0
      vertex 25.0921 -8.15144 3
    endloop
  endfacet
  facet normal -0.581003 0.813901 0
    outer loop
      vertex 24.8495 -8.32462 0
      vertex 24.8495 -8.32462 3
      vertex 25.0921 -8.15144 0
    endloop
  endfacet
  facet normal -0.581003 0.813901 0
    outer loop
      vertex 25.0921 -8.15144 3
      vertex 25.0921 -8.15144 0
      vertex 24.8495 -8.32462 3
    endloop
  endfacet
  facet normal -0.315301 0.948992 0
    outer loop
      vertex 24.5667 -8.41858 0
      vertex 24.5667 -8.41858 3
      vertex 24.8495 -8.32462 0
    endloop
  endfacet
  facet normal -0.315301 0.948992 0
    outer loop
      vertex 24.8495 -8.32462 3
      vertex 24.8495 -8.32462 0
      vertex 24.5667 -8.41858 3
    endloop
  endfacet
  facet normal -0.0214979 0.999769 0
    outer loop
      vertex 24.2686 -8.42499 0
      vertex 24.2686 -8.42499 3
      vertex 24.5667 -8.41858 0
    endloop
  endfacet
  facet normal -0.0214979 0.999769 0
    outer loop
      vertex 24.5667 -8.41858 3
      vertex 24.5667 -8.41858 0
      vertex 24.2686 -8.42499 3
    endloop
  endfacet
  facet normal 0.127747 0.991807 -0
    outer loop
      vertex 13.4907 -7.03677 0
      vertex 13.4907 -7.03677 3
      vertex 24.2686 -8.42499 0
    endloop
  endfacet
  facet normal 0.127747 0.991807 0
    outer loop
      vertex 24.2686 -8.42499 3
      vertex 24.2686 -8.42499 0
      vertex 13.4907 -7.03677 3
    endloop
  endfacet
  facet normal 0.440437 0.897783 -0
    outer loop
      vertex -11.5093 -8.62624 0
      vertex -11.5093 -8.62624 3
      vertex -11.2417 -8.75752 0
    endloop
  endfacet
  facet normal 0.440437 0.897783 0
    outer loop
      vertex -11.2417 -8.75752 3
      vertex -11.2417 -8.75752 0
      vertex -11.5093 -8.62624 3
    endloop
  endfacet
  facet normal 0.685569 0.728008 -0
    outer loop
      vertex -11.7263 -8.42189 0
      vertex -11.7263 -8.42189 3
      vertex -11.5093 -8.62624 0
    endloop
  endfacet
  facet normal 0.685569 0.728008 0
    outer loop
      vertex -11.5093 -8.62624 3
      vertex -11.5093 -8.62624 0
      vertex -11.7263 -8.42189 3
    endloop
  endfacet
  facet normal 0.869586 0.493782 -0
    outer loop
      vertex -11.8735 -8.16266 0
      vertex -11.8735 -8.16266 3
      vertex -11.7263 -8.42189 0
    endloop
  endfacet
  facet normal 0.869586 0.493782 0
    outer loop
      vertex -11.7263 -8.42189 3
      vertex -11.7263 -8.42189 0
      vertex -11.8735 -8.16266 3
    endloop
  endfacet
  facet normal 0.97653 0.215381 -0
    outer loop
      vertex -11.9377 -7.87158 0
      vertex -11.9377 -7.87158 3
      vertex -11.8735 -8.16266 0
    endloop
  endfacet
  facet normal 0.97653 0.215381 0
    outer loop
      vertex -11.8735 -8.16266 3
      vertex -11.8735 -8.16266 0
      vertex -11.9377 -7.87158 3
    endloop
  endfacet
  facet normal 0.997722 0.0674542 -0
    outer loop
      vertex -12.828 5.29695 0
      vertex -12.828 5.29695 3
      vertex -11.9377 -7.87158 0
    endloop
  endfacet
  facet normal 0.997722 0.0674542 0
    outer loop
      vertex -11.9377 -7.87158 3
      vertex -11.9377 -7.87158 0
      vertex -12.828 5.29695 3
    endloop
  endfacet
  facet normal 0.995929 -0.0901394 0
    outer loop
      vertex -12.7997 5.60963 0
      vertex -12.7997 5.60963 3
      vertex -12.828 5.29695 0
    endloop
  endfacet
  facet normal 0.995929 -0.0901394 0
    outer loop
      vertex -12.828 5.29695 3
      vertex -12.828 5.29695 0
      vertex -12.7997 5.60963 3
    endloop
  endfacet
  facet normal 0.922151 -0.38683 0
    outer loop
      vertex -12.6844 5.88449 0
      vertex -12.6844 5.88449 3
      vertex -12.7997 5.60963 0
    endloop
  endfacet
  facet normal 0.922151 -0.38683 0
    outer loop
      vertex -12.7997 5.60963 3
      vertex -12.7997 5.60963 0
      vertex -12.6844 5.88449 3
    endloop
  endfacet
  facet normal 0.766969 -0.641684 0
    outer loop
      vertex -12.4931 6.11314 0
      vertex -12.4931 6.11314 3
      vertex -12.6844 5.88449 0
    endloop
  endfacet
  facet normal 0.766969 -0.641684 0
    outer loop
      vertex -12.6844 5.88449 3
      vertex -12.6844 5.88449 0
      vertex -12.4931 6.11314 3
    endloop
  endfacet
  facet normal 0.543962 -0.83911 0
    outer loop
      vertex -12.243 6.27527 0
      vertex -12.243 6.27527 3
      vertex -12.4931 6.11314 0
    endloop
  endfacet
  facet normal 0.543962 -0.83911 0
    outer loop
      vertex -12.4931 6.11314 3
      vertex -12.4931 6.11314 0
      vertex -12.243 6.27527 3
    endloop
  endfacet
  facet normal 0.272354 -0.962197 0
    outer loop
      vertex -11.9562 6.35645 0
      vertex -11.9562 6.35645 3
      vertex -12.243 6.27527 0
    endloop
  endfacet
  facet normal 0.272354 -0.962197 0
    outer loop
      vertex -12.243 6.27527 3
      vertex -12.243 6.27527 0
      vertex -11.9562 6.35645 3
    endloop
  endfacet
  facet normal 0.125917 -0.992041 0
    outer loop
      vertex -3.93153 7.375 0
      vertex -3.93153 7.375 3
      vertex -11.9562 6.35645 0
    endloop
  endfacet
  facet normal 0.125917 -0.992041 0
    outer loop
      vertex -11.9562 6.35645 3
      vertex -11.9562 6.35645 0
      vertex -3.93153 7.375 3
    endloop
  endfacet
  facet normal 0.0132588 -0.999912 0
    outer loop
      vertex -3.70604 7.37799 0
      vertex -3.70604 7.37799 3
      vertex -3.93153 7.375 0
    endloop
  endfacet
  facet normal 0.0132588 -0.999912 0
    outer loop
      vertex -3.93153 7.375 3
      vertex -3.93153 7.375 0
      vertex -3.70604 7.37799 3
    endloop
  endfacet
  facet normal -0.246749 -0.96908 0
    outer loop
      vertex -3.41718 7.30444 0
      vertex -3.41718 7.30444 3
      vertex -3.70604 7.37799 0
    endloop
  endfacet
  facet normal -0.246749 -0.96908 -0
    outer loop
      vertex -3.70604 7.37799 3
      vertex -3.70604 7.37799 0
      vertex -3.41718 7.30444 3
    endloop
  endfacet
  facet normal -0.52146 -0.853276 0
    outer loop
      vertex -3.16283 7.149 0
      vertex -3.16283 7.149 3
      vertex -3.41718 7.30444 0
    endloop
  endfacet
  facet normal -0.52146 -0.853276 -0
    outer loop
      vertex -3.41718 7.30444 3
      vertex -3.41718 7.30444 0
      vertex -3.16283 7.149 3
    endloop
  endfacet
  facet normal -0.749766 -0.661703 0
    outer loop
      vertex -2.96559 6.92551 0
      vertex -2.96559 6.92551 3
      vertex -3.16283 7.149 0
    endloop
  endfacet
  facet normal -0.749766 -0.661703 -0
    outer loop
      vertex -3.16283 7.149 3
      vertex -3.16283 7.149 0
      vertex -2.96559 6.92551 3
    endloop
  endfacet
  facet normal -0.9115 -0.411299 0
    outer loop
      vertex -2.84299 6.65381 0
      vertex -2.84299 6.65381 3
      vertex -2.96559 6.92551 0
    endloop
  endfacet
  facet normal -0.9115 -0.411299 -0
    outer loop
      vertex -2.96559 6.92551 3
      vertex -2.96559 6.92551 0
      vertex -2.84299 6.65381 3
    endloop
  endfacet
  facet normal -0.962625 -0.270837 0
    outer loop
      vertex 0.42392 -4.95764 0
      vertex 0.42392 -4.95764 3
      vertex -2.84299 6.65381 0
    endloop
  endfacet
  facet normal -0.962625 -0.270837 -0
    outer loop
      vertex -2.84299 6.65381 3
      vertex -2.84299 6.65381 0
      vertex 0.42392 -4.95764 3
    endloop
  endfacet
  facet normal -0.997447 -0.0714143 0
    outer loop
      vertex 0.452682 -5.35936 0
      vertex 0.452682 -5.35936 3
      vertex 0.42392 -4.95764 0
    endloop
  endfacet
  facet normal -0.997447 -0.0714143 -0
    outer loop
      vertex 0.42392 -4.95764 3
      vertex 0.42392 -4.95764 0
      vertex 0.452682 -5.35936 3
    endloop
  endfacet
  facet normal -0.96083 0.277138 0
    outer loop
      vertex 0.370071 -5.64577 0
      vertex 0.370071 -5.64577 3
      vertex 0.452682 -5.35936 0
    endloop
  endfacet
  facet normal -0.96083 0.277138 0
    outer loop
      vertex 0.452682 -5.35936 3
      vertex 0.452682 -5.35936 0
      vertex 0.370071 -5.64577 3
    endloop
  endfacet
  facet normal -0.836429 0.548075 0
    outer loop
      vertex 0.206696 -5.8951 0
      vertex 0.206696 -5.8951 3
      vertex 0.370071 -5.64577 0
    endloop
  endfacet
  facet normal -0.836429 0.548075 0
    outer loop
      vertex 0.370071 -5.64577 3
      vertex 0.370071 -5.64577 0
      vertex 0.206696 -5.8951 3
    endloop
  endfacet
  facet normal -0.63772 0.770268 0
    outer loop
      vertex -0.0229034 -6.08519 0
      vertex -0.0229034 -6.08519 3
      vertex 0.206696 -5.8951 0
    endloop
  endfacet
  facet normal -0.63772 0.770268 0
    outer loop
      vertex 0.206696 -5.8951 3
      vertex 0.206696 -5.8951 0
      vertex -0.0229034 -6.08519 3
    endloop
  endfacet
  facet normal -0.38237 0.924009 0
    outer loop
      vertex -0.29834 -6.19917 0
      vertex -0.29834 -6.19917 3
      vertex -0.0229034 -6.08519 0
    endloop
  endfacet
  facet normal -0.38237 0.924009 0
    outer loop
      vertex -0.0229034 -6.08519 3
      vertex -0.0229034 -6.08519 0
      vertex -0.29834 -6.19917 3
    endloop
  endfacet
  facet normal -0.240368 0.970682 0
    outer loop
      vertex -10.6996 -8.77481 0
      vertex -10.6996 -8.77481 3
      vertex -0.29834 -6.19917 0
    endloop
  endfacet
  facet normal -0.240368 0.970682 0
    outer loop
      vertex -0.29834 -6.19917 3
      vertex -0.29834 -6.19917 0
      vertex -10.6996 -8.77481 3
    endloop
  endfacet
  facet normal -0.11739 0.993086 0
    outer loop
      vertex -10.9473 -8.80409 0
      vertex -10.9473 -8.80409 3
      vertex -10.6996 -8.77481 0
    endloop
  endfacet
  facet normal -0.11739 0.993086 0
    outer loop
      vertex -10.6996 -8.77481 3
      vertex -10.6996 -8.77481 0
      vertex -10.9473 -8.80409 3
    endloop
  endfacet
  facet normal 0.156243 0.987719 -0
    outer loop
      vertex -11.2417 -8.75752 0
      vertex -11.2417 -8.75752 3
      vertex -10.9473 -8.80409 0
    endloop
  endfacet
  facet normal 0.156243 0.987719 0
    outer loop
      vertex -10.9473 -8.80409 3
      vertex -10.9473 -8.80409 0
      vertex -11.2417 -8.75752 3
    endloop
  endfacet
  facet normal 0.276769 0.960937 -0
    outer loop
      vertex 40.764 -5.89676 0
      vertex 40.764 -5.89676 3
      vertex 41.1271 -6.00134 0
    endloop
  endfacet
  facet normal 0.276769 0.960937 0
    outer loop
      vertex 41.1271 -6.00134 3
      vertex 41.1271 -6.00134 0
      vertex 40.764 -5.89676 3
    endloop
  endfacet
  facet normal 0.581114 0.813822 -0
    outer loop
      vertex 40.5214 -5.72353 0
      vertex 40.5214 -5.72353 3
      vertex 40.764 -5.89676 0
    endloop
  endfacet
  facet normal 0.581114 0.813822 0
    outer loop
      vertex 40.764 -5.89676 3
      vertex 40.764 -5.89676 0
      vertex 40.5214 -5.72353 3
    endloop
  endfacet
  facet normal 0.795261 0.606268 -0
    outer loop
      vertex 40.3407 -5.4865 0
      vertex 40.3407 -5.4865 3
      vertex 40.5214 -5.72353 0
    endloop
  endfacet
  facet normal 0.795261 0.606268 0
    outer loop
      vertex 40.5214 -5.72353 3
      vertex 40.5214 -5.72353 0
      vertex 40.3407 -5.4865 3
    endloop
  endfacet
  facet normal 0.938539 0.345172 -0
    outer loop
      vertex 40.2378 -5.20671 0
      vertex 40.2378 -5.20671 3
      vertex 40.3407 -5.4865 0
    endloop
  endfacet
  facet normal 0.938539 0.345172 0
    outer loop
      vertex 40.3407 -5.4865 3
      vertex 40.3407 -5.4865 0
      vertex 40.2378 -5.20671 3
    endloop
  endfacet
  facet normal 0.998594 0.0530079 -0
    outer loop
      vertex 40.222 -4.90906 0
      vertex 40.222 -4.90906 3
      vertex 40.2378 -5.20671 0
    endloop
  endfacet
  facet normal 0.998594 0.0530079 0
    outer loop
      vertex 40.2378 -5.20671 3
      vertex 40.2378 -5.20671 0
      vertex 40.222 -4.90906 3
    endloop
  endfacet
  facet normal 0.995346 -0.0963629 0
    outer loop
      vertex 41.3219 6.45197 0
      vertex 41.3219 6.45197 3
      vertex 40.222 -4.90906 0
    endloop
  endfacet
  facet normal 0.995346 -0.0963629 0
    outer loop
      vertex 40.222 -4.90906 3
      vertex 40.222 -4.90906 0
      vertex 41.3219 6.45197 3
    endloop
  endfacet
  facet normal 0.95451 -0.298178 0
    outer loop
      vertex 41.444 6.84283 0
      vertex 41.444 6.84283 3
      vertex 41.3219 6.45197 0
    endloop
  endfacet
  facet normal 0.95451 -0.298178 0
    outer loop
      vertex 41.3219 6.45197 3
      vertex 41.3219 6.45197 0
      vertex 41.444 6.84283 3
    endloop
  endfacet
  facet normal 0.790937 -0.611897 0
    outer loop
      vertex 41.6264 7.0786 0
      vertex 41.6264 7.0786 3
      vertex 41.444 6.84283 0
    endloop
  endfacet
  facet normal 0.790937 -0.611897 0
    outer loop
      vertex 41.444 6.84283 3
      vertex 41.444 6.84283 0
      vertex 41.6264 7.0786 3
    endloop
  endfacet
  facet normal 0.575375 -0.81789 0
    outer loop
      vertex 41.8702 7.25011 0
      vertex 41.8702 7.25011 3
      vertex 41.6264 7.0786 0
    endloop
  endfacet
  facet normal 0.575375 -0.81789 0
    outer loop
      vertex 41.6264 7.0786 3
      vertex 41.6264 7.0786 0
      vertex 41.8702 7.25011 3
    endloop
  endfacet
  facet normal 0.30879 -0.95113 0
    outer loop
      vertex 42.1537 7.34215 0
      vertex 42.1537 7.34215 3
      vertex 41.8702 7.25011 0
    endloop
  endfacet
  facet normal 0.30879 -0.95113 0
    outer loop
      vertex 41.8702 7.25011 3
      vertex 41.8702 7.25011 0
      vertex 42.1537 7.34215 3
    endloop
  endfacet
  facet normal 0.0146244 -0.999893 0
    outer loop
      vertex 42.4518 7.34651 0
      vertex 42.4518 7.34651 3
      vertex 42.1537 7.34215 0
    endloop
  endfacet
  facet normal 0.0146244 -0.999893 0
    outer loop
      vertex 42.1537 7.34215 3
      vertex 42.1537 7.34215 0
      vertex 42.4518 7.34651 3
    endloop
  endfacet
  facet normal -0.134507 -0.990913 0
    outer loop
      vertex 54.1345 5.7607 0
      vertex 54.1345 5.7607 3
      vertex 42.4518 7.34651 0
    endloop
  endfacet
  facet normal -0.134507 -0.990913 -0
    outer loop
      vertex 42.4518 7.34651 3
      vertex 42.4518 7.34651 0
      vertex 54.1345 5.7607 3
    endloop
  endfacet
  facet normal -0.25172 -0.9678 0
    outer loop
      vertex 54.3653 5.70067 0
      vertex 54.3653 5.70067 3
      vertex 54.1345 5.7607 0
    endloop
  endfacet
  facet normal -0.25172 -0.9678 -0
    outer loop
      vertex 54.1345 5.7607 3
      vertex 54.1345 5.7607 0
      vertex 54.3653 5.70067 3
    endloop
  endfacet
  facet normal -0.499945 -0.866057 0
    outer loop
      vertex 54.6235 5.55162 0
      vertex 54.6235 5.55162 3
      vertex 54.3653 5.70067 0
    endloop
  endfacet
  facet normal -0.499945 -0.866057 -0
    outer loop
      vertex 54.3653 5.70067 3
      vertex 54.3653 5.70067 0
      vertex 54.6235 5.55162 3
    endloop
  endfacet
  facet normal -0.733132 -0.680087 0
    outer loop
      vertex 54.8262 5.33311 0
      vertex 54.8262 5.33311 3
      vertex 54.6235 5.55162 0
    endloop
  endfacet
  facet normal -0.733132 -0.680087 -0
    outer loop
      vertex 54.6235 5.55162 3
      vertex 54.6235 5.55162 0
      vertex 54.8262 5.33311 3
    endloop
  endfacet
  facet normal -0.900886 -0.434057 0
    outer loop
      vertex 54.9556 5.06454 0
      vertex 54.9556 5.06454 3
      vertex 54.8262 5.33311 0
    endloop
  endfacet
  facet normal -0.900886 -0.434057 -0
    outer loop
      vertex 54.8262 5.33311 3
      vertex 54.8262 5.33311 0
      vertex 54.9556 5.06454 3
    endloop
  endfacet
  facet normal -0.988844 -0.148956 0
    outer loop
      vertex 55 4.76979 0
      vertex 55 4.76979 3
      vertex 54.9556 5.06454 0
    endloop
  endfacet
  facet normal -0.988844 -0.148956 -0
    outer loop
      vertex 54.9556 5.06454 3
      vertex 54.9556 5.06454 0
      vertex 55 4.76979 3
    endloop
  endfacet
  facet normal -1 0 0
    outer loop
      vertex 55 -6.16339 0
      vertex 55 -6.16339 3
      vertex 55 4.76979 0
    endloop
  endfacet
  facet normal -1 -0 -0
    outer loop
      vertex 55 4.76979 3
      vertex 55 4.76979 0
      vertex 55 -6.16339 3
    endloop
  endfacet
  facet normal -0.996596 0.0824434 0
    outer loop
      vertex 54.9864 -6.32779 0
      vertex 54.9864 -6.32779 3
      vertex 55 -6.16339 0
    endloop
  endfacet
  facet normal -0.996596 0.0824434 0
    outer loop
      vertex 55 -6.16339 3
      vertex 55 -6.16339 0
      vertex 54.9864 -6.32779 3
    endloop
  endfacet
  facet normal -0.950851 0.309648 0
    outer loop
      vertex 54.8941 -6.61122 0
      vertex 54.8941 -6.61122 3
      vertex 54.9864 -6.32779 0
    endloop
  endfacet
  facet normal -0.950851 0.309648 0
    outer loop
      vertex 54.9864 -6.32779 3
      vertex 54.9864 -6.32779 0
      vertex 54.8941 -6.61122 3
    endloop
  endfacet
  facet normal -0.817423 0.576038 0
    outer loop
      vertex 54.7224 -6.85487 0
      vertex 54.7224 -6.85487 3
      vertex 54.8941 -6.61122 0
    endloop
  endfacet
  facet normal -0.817423 0.576038 0
    outer loop
      vertex 54.8941 -6.61122 3
      vertex 54.8941 -6.61122 0
      vertex 54.7224 -6.85487 3
    endloop
  endfacet
  facet normal -0.611287 0.791409 0
    outer loop
      vertex 54.4865 -7.03708 0
      vertex 54.4865 -7.03708 3
      vertex 54.7224 -6.85487 0
    endloop
  endfacet
  facet normal -0.611287 0.791409 0
    outer loop
      vertex 54.7224 -6.85487 3
      vertex 54.7224 -6.85487 0
      vertex 54.4865 -7.03708 3
    endloop
  endfacet
  facet normal -0.350771 0.936461 0
    outer loop
      vertex 54.2073 -7.14166 0
      vertex 54.2073 -7.14166 3
      vertex 54.4865 -7.03708 0
    endloop
  endfacet
  facet normal -0.350771 0.936461 0
    outer loop
      vertex 54.4865 -7.03708 3
      vertex 54.4865 -7.03708 0
      vertex 54.2073 -7.14166 3
    endloop
  endfacet
  facet normal -0.059257 0.998243 0
    outer loop
      vertex 53.9098 -7.15932 0
      vertex 53.9098 -7.15932 3
      vertex 54.2073 -7.14166 0
    endloop
  endfacet
  facet normal -0.059257 0.998243 0
    outer loop
      vertex 54.2073 -7.14166 3
      vertex 54.2073 -7.14166 0
      vertex 53.9098 -7.15932 3
    endloop
  endfacet
  facet normal 0.0902202 0.995922 -0
    outer loop
      vertex 41.1271 -6.00134 0
      vertex 41.1271 -6.00134 3
      vertex 53.9098 -7.15932 0
    endloop
  endfacet
  facet normal 0.0902202 0.995922 0
    outer loop
      vertex 53.9098 -7.15932 3
      vertex 53.9098 -7.15932 0
      vertex 41.1271 -6.00134 3
    endloop
  endfacet
  facet normal 0.408857 0.912598 -0
    outer loop
      vertex 28.0109 -7.89291 0
      vertex 28.0109 -7.89291 3
      vertex 28.2829 -8.01477 0
    endloop
  endfacet
  facet normal 0.408857 0.912598 0
    outer loop
      vertex 28.2829 -8.01477 3
      vertex 28.2829 -8.01477 0
      vertex 28.0109 -7.89291 3
    endloop
  endfacet
  facet normal 0.659497 0.751707 -0
    outer loop
      vertex 27.7868 -7.6963 0
      vertex 27.7868 -7.6963 3
      vertex 28.0109 -7.89291 0
    endloop
  endfacet
  facet normal 0.659497 0.751707 0
    outer loop
      vertex 28.0109 -7.89291 3
      vertex 28.0109 -7.89291 0
      vertex 27.7868 -7.6963 3
    endloop
  endfacet
  facet normal 0.851896 0.523712 -0
    outer loop
      vertex 27.6307 -7.44238 0
      vertex 27.6307 -7.44238 3
      vertex 27.7868 -7.6963 0
    endloop
  endfacet
  facet normal 0.851896 0.523712 0
    outer loop
      vertex 27.7868 -7.6963 3
      vertex 27.7868 -7.6963 0
      vertex 27.6307 -7.44238 3
    endloop
  endfacet
  facet normal 0.968353 0.249586 -0
    outer loop
      vertex 27.5563 -7.15372 0
      vertex 27.5563 -7.15372 3
      vertex 27.6307 -7.44238 0
    endloop
  endfacet
  facet normal 0.968353 0.249586 0
    outer loop
      vertex 27.6307 -7.44238 3
      vertex 27.6307 -7.44238 0
      vertex 27.5563 -7.15372 3
    endloop
  endfacet
  facet normal 0.998881 -0.0473022 0
    outer loop
      vertex 27.5704 -6.85597 0
      vertex 27.5704 -6.85597 3
      vertex 27.5563 -7.15372 0
    endloop
  endfacet
  facet normal 0.998881 -0.0473022 0
    outer loop
      vertex 27.5563 -7.15372 3
      vertex 27.5563 -7.15372 0
      vertex 27.5704 -6.85597 3
    endloop
  endfacet
  facet normal 0.980719 -0.195424 0
    outer loop
      vertex 29.9298 4.9845 0
      vertex 29.9298 4.9845 3
      vertex 27.5704 -6.85597 0
    endloop
  endfacet
  facet normal 0.980719 -0.195424 0
    outer loop
      vertex 27.5704 -6.85597 3
      vertex 27.5704 -6.85597 0
      vertex 29.9298 4.9845 3
    endloop
  endfacet
  facet normal 0.94187 -0.335977 0
    outer loop
      vertex 30.0276 5.25867 0
      vertex 30.0276 5.25867 3
      vertex 29.9298 4.9845 0
    endloop
  endfacet
  facet normal 0.94187 -0.335977 0
    outer loop
      vertex 29.9298 4.9845 3
      vertex 29.9298 4.9845 0
      vertex 30.0276 5.25867 3
    endloop
  endfacet
  facet normal 0.802921 -0.596086 0
    outer loop
      vertex 30.2053 5.49803 0
      vertex 30.2053 5.49803 3
      vertex 30.0276 5.25867 0
    endloop
  endfacet
  facet normal 0.802921 -0.596086 0
    outer loop
      vertex 30.0276 5.25867 3
      vertex 30.0276 5.25867 0
      vertex 30.2053 5.49803 3
    endloop
  endfacet
  facet normal 0.591734 -0.806133 0
    outer loop
      vertex 30.4456 5.67442 0
      vertex 30.4456 5.67442 3
      vertex 30.2053 5.49803 0
    endloop
  endfacet
  facet normal 0.591734 -0.806133 0
    outer loop
      vertex 30.2053 5.49803 3
      vertex 30.2053 5.49803 0
      vertex 30.4456 5.67442 3
    endloop
  endfacet
  facet normal 0.327809 -0.944744 0
    outer loop
      vertex 30.7272 5.77213 0
      vertex 30.7272 5.77213 3
      vertex 30.4456 5.67442 0
    endloop
  endfacet
  facet normal 0.327809 -0.944744 0
    outer loop
      vertex 30.4456 5.67442 3
      vertex 30.4456 5.67442 0
      vertex 30.7272 5.77213 3
    endloop
  endfacet
  facet normal 0.183333 -0.983051 0
    outer loop
      vertex 38.0966 7.14648 0
      vertex 38.0966 7.14648 3
      vertex 30.7272 5.77213 0
    endloop
  endfacet
  facet normal 0.183333 -0.983051 0
    outer loop
      vertex 30.7272 5.77213 3
      vertex 30.7272 5.77213 0
      vertex 38.0966 7.14648 3
    endloop
  endfacet
  facet normal 0.00655538 -0.999979 0
    outer loop
      vertex 38.4505 7.1488 0
      vertex 38.4505 7.1488 3
      vertex 38.0966 7.14648 0
    endloop
  endfacet
  facet normal 0.00655538 -0.999979 0
    outer loop
      vertex 38.0966 7.14648 3
      vertex 38.0966 7.14648 0
      vertex 38.4505 7.1488 3
    endloop
  endfacet
  facet normal -0.315483 -0.948931 0
    outer loop
      vertex 38.7333 7.05478 0
      vertex 38.7333 7.05478 3
      vertex 38.4505 7.1488 0
    endloop
  endfacet
  facet normal -0.315483 -0.948931 -0
    outer loop
      vertex 38.4505 7.1488 3
      vertex 38.4505 7.1488 0
      vertex 38.7333 7.05478 3
    endloop
  endfacet
  facet normal -0.581114 -0.813822 0
    outer loop
      vertex 38.9759 6.88155 0
      vertex 38.9759 6.88155 3
      vertex 38.7333 7.05478 0
    endloop
  endfacet
  facet normal -0.581114 -0.813822 -0
    outer loop
      vertex 38.7333 7.05478 3
      vertex 38.7333 7.05478 0
      vertex 38.9759 6.88155 3
    endloop
  endfacet
  facet normal -0.795261 -0.606268 0
    outer loop
      vertex 39.1566 6.64452 0
      vertex 39.1566 6.64452 3
      vertex 38.9759 6.88155 0
    endloop
  endfacet
  facet normal -0.795261 -0.606268 -0
    outer loop
      vertex 38.9759 6.88155 3
      vertex 38.9759 6.88155 0
      vertex 39.1566 6.64452 3
    endloop
  endfacet
  facet normal -0.938539 -0.345172 0
    outer loop
      vertex 39.2595 6.36473 0
      vertex 39.2595 6.36473 3
      vertex 39.1566 6.64452 0
    endloop
  endfacet
  facet normal -0.938539 -0.345172 -0
    outer loop
      vertex 39.1566 6.64452 3
      vertex 39.1566 6.64452 0
      vertex 39.2595 6.36473 3
    endloop
  endfacet
  facet normal -0.998594 -0.0530079 0
    outer loop
      vertex 39.2753 6.06708 0
      vertex 39.2753 6.06708 3
      vertex 39.2595 6.36473 0
    endloop
  endfacet
  facet normal -0.998594 -0.0530079 -0
    outer loop
      vertex 39.2595 6.36473 3
      vertex 39.2595 6.36473 0
      vertex 39.2753 6.06708 3
    endloop
  endfacet
  facet normal -0.995346 0.0963628 0
    outer loop
      vertex 38.1779 -5.26813 0
      vertex 38.1779 -5.26813 3
      vertex 39.2753 6.06708 0
    endloop
  endfacet
  facet normal -0.995346 0.0963628 0
    outer loop
      vertex 39.2753 6.06708 3
      vertex 39.2753 6.06708 0
      vertex 38.1779 -5.26813 3
    endloop
  endfacet
  facet normal -0.961668 0.274215 0
    outer loop
      vertex 38.0791 -5.61462 0
      vertex 38.0791 -5.61462 3
      vertex 38.1779 -5.26813 0
    endloop
  endfacet
  facet normal -0.961668 0.274215 0
    outer loop
      vertex 38.1779 -5.26813 3
      vertex 38.1779 -5.26813 0
      vertex 38.0791 -5.61462 3
    endloop
  endfacet
  facet normal -0.820679 0.571389 0
    outer loop
      vertex 37.9088 -5.85922 0
      vertex 37.9088 -5.85922 3
      vertex 38.0791 -5.61462 0
    endloop
  endfacet
  facet normal -0.820679 0.571389 0
    outer loop
      vertex 38.0791 -5.61462 3
      vertex 38.0791 -5.61462 0
      vertex 37.9088 -5.85922 3
    endloop
  endfacet
  facet normal -0.615653 0.788017 0
    outer loop
      vertex 37.6739 -6.04274 0
      vertex 37.6739 -6.04274 3
      vertex 37.9088 -5.85922 0
    endloop
  endfacet
  facet normal -0.615653 0.788017 0
    outer loop
      vertex 37.9088 -5.85922 3
      vertex 37.9088 -5.85922 0
      vertex 37.6739 -6.04274 3
    endloop
  endfacet
  facet normal -0.355956 0.934503 0
    outer loop
      vertex 37.3953 -6.14886 0
      vertex 37.3953 -6.14886 3
      vertex 37.6739 -6.04274 0
    endloop
  endfacet
  facet normal -0.355956 0.934503 0
    outer loop
      vertex 37.6739 -6.04274 3
      vertex 37.6739 -6.04274 0
      vertex 37.3953 -6.14886 3
    endloop
  endfacet
  facet normal -0.21278 0.9771 0
    outer loop
      vertex 28.7639 -8.02849 0
      vertex 28.7639 -8.02849 3
      vertex 37.3953 -6.14886 0
    endloop
  endfacet
  facet normal -0.21278 0.9771 0
    outer loop
      vertex 37.3953 -6.14886 3
      vertex 37.3953 -6.14886 0
      vertex 28.7639 -8.02849 3
    endloop
  endfacet
  facet normal -0.120773 0.99268 0
    outer loop
      vertex 28.5788 -8.05101 0
      vertex 28.5788 -8.05101 3
      vertex 28.7639 -8.02849 0
    endloop
  endfacet
  facet normal -0.120773 0.99268 0
    outer loop
      vertex 28.7639 -8.02849 3
      vertex 28.7639 -8.02849 0
      vertex 28.5788 -8.05101 3
    endloop
  endfacet
  facet normal 0.121565 0.992583 -0
    outer loop
      vertex 28.2829 -8.01477 0
      vertex 28.2829 -8.01477 3
      vertex 28.5788 -8.05101 0
    endloop
  endfacet
  facet normal 0.121565 0.992583 0
    outer loop
      vertex 28.5788 -8.05101 3
      vertex 28.5788 -8.05101 0
      vertex 28.2829 -8.01477 3
    endloop
  endfacet
  facet normal 0.192705 0.981257 -0
    outer loop
      vertex -0.316086 -20.2157 0
      vertex -0.316086 -20.2157 3
      vertex 0.0490112 -20.2874 0
    endloop
  endfacet
  facet normal 0.192705 0.981257 0
    outer loop
      vertex 0.0490112 -20.2874 3
      vertex 0.0490112 -20.2874 0
      vertex -0.316086 -20.2157 3
    endloop
  endfacet
  facet normal 0.506192 0.862421 -0
    outer loop
      vertex -0.573181 -20.0648 0
      vertex -0.573181 -20.0648 3
      vertex -0.316086 -20.2157 0
    endloop
  endfacet
  facet normal 0.506192 0.862421 0
    outer loop
      vertex -0.316086 -20.2157 3
      vertex -0.316086 -20.2157 0
      vertex -0.573181 -20.0648 3
    endloop
  endfacet
  facet normal 0.737725 0.675101 -0
    outer loop
      vertex -0.774414 -19.8449 0
      vertex -0.774414 -19.8449 3
      vertex -0.573181 -20.0648 0
    endloop
  endfacet
  facet normal 0.737725 0.675101 0
    outer loop
      vertex -0.573181 -20.0648 3
      vertex -0.573181 -20.0648 0
      vertex -0.774414 -19.8449 3
    endloop
  endfacet
  facet normal 0.903937 0.427666 -0
    outer loop
      vertex -0.901871 -19.5755 0
      vertex -0.901871 -19.5755 3
      vertex -0.774414 -19.8449 0
    endloop
  endfacet
  facet normal 0.903937 0.427666 0
    outer loop
      vertex -0.774414 -19.8449 3
      vertex -0.774414 -19.8449 0
      vertex -0.901871 -19.5755 3
    endloop
  endfacet
  facet normal 0.989855 0.142082 -0
    outer loop
      vertex -0.944229 -19.2804 0
      vertex -0.944229 -19.2804 3
      vertex -0.901871 -19.5755 0
    endloop
  endfacet
  facet normal 0.989855 0.142082 0
    outer loop
      vertex -0.901871 -19.5755 3
      vertex -0.901871 -19.5755 0
      vertex -0.944229 -19.2804 3
    endloop
  endfacet
  facet normal 0.987766 -0.155942 0
    outer loop
      vertex -0.897751 -18.986 0
      vertex -0.897751 -18.986 3
      vertex -0.944229 -19.2804 0
    endloop
  endfacet
  facet normal 0.987766 -0.155942 0
    outer loop
      vertex -0.944229 -19.2804 3
      vertex -0.944229 -19.2804 0
      vertex -0.897751 -18.986 3
    endloop
  endfacet
  facet normal 0.953494 -0.301413 0
    outer loop
      vertex 2.40147 -8.54921 0
      vertex 2.40147 -8.54921 3
      vertex -0.897751 -18.986 0
    endloop
  endfacet
  facet normal 0.953494 -0.301413 0
    outer loop
      vertex -0.897751 -18.986 3
      vertex -0.897751 -18.986 0
      vertex 2.40147 -8.54921 3
    endloop
  endfacet
  facet normal 0.921897 -0.387434 0
    outer loop
      vertex 2.47238 -8.38048 0
      vertex 2.47238 -8.38048 3
      vertex 2.40147 -8.54921 0
    endloop
  endfacet
  facet normal 0.921897 -0.387434 0
    outer loop
      vertex 2.40147 -8.54921 3
      vertex 2.40147 -8.54921 0
      vertex 2.47238 -8.38048 3
    endloop
  endfacet
  facet normal 0.802697 -0.596387 0
    outer loop
      vertex 2.65016 -8.1412 0
      vertex 2.65016 -8.1412 3
      vertex 2.47238 -8.38048 0
    endloop
  endfacet
  facet normal 0.802697 -0.596387 0
    outer loop
      vertex 2.47238 -8.38048 3
      vertex 2.47238 -8.38048 0
      vertex 2.65016 -8.1412 3
    endloop
  endfacet
  facet normal 0.591172 -0.806546 0
    outer loop
      vertex 2.89058 -7.96498 0
      vertex 2.89058 -7.96498 3
      vertex 2.65016 -8.1412 0
    endloop
  endfacet
  facet normal 0.591172 -0.806546 0
    outer loop
      vertex 2.65016 -8.1412 3
      vertex 2.65016 -8.1412 0
      vertex 2.89058 -7.96498 3
    endloop
  endfacet
  facet normal 0.327187 -0.94496 0
    outer loop
      vertex 3.17226 -7.86745 0
      vertex 3.17226 -7.86745 3
      vertex 2.89058 -7.96498 0
    endloop
  endfacet
  facet normal 0.327187 -0.94496 0
    outer loop
      vertex 2.89058 -7.96498 3
      vertex 2.89058 -7.96498 0
      vertex 3.17226 -7.86745 3
    endloop
  endfacet
  facet normal 0.0341515 -0.999417 0
    outer loop
      vertex 3.47017 -7.85727 0
      vertex 3.47017 -7.85727 3
      vertex 3.17226 -7.86745 0
    endloop
  endfacet
  facet normal 0.0341515 -0.999417 0
    outer loop
      vertex 3.17226 -7.86745 3
      vertex 3.17226 -7.86745 0
      vertex 3.47017 -7.85727 3
    endloop
  endfacet
  facet normal -0.115198 -0.993343 0
    outer loop
      vertex 9.73352 -8.58363 0
      vertex 9.73352 -8.58363 3
      vertex 3.47017 -7.85727 0
    endloop
  endfacet
  facet normal -0.115198 -0.993343 -0
    outer loop
      vertex 3.47017 -7.85727 3
      vertex 3.47017 -7.85727 0
      vertex 9.73352 -8.58363 3
    endloop
  endfacet
  facet normal -0.32355 -0.946211 0
    outer loop
      vertex 10.1354 -8.72105 0
      vertex 10.1354 -8.72105 3
      vertex 9.73352 -8.58363 0
    endloop
  endfacet
  facet normal -0.32355 -0.946211 -0
    outer loop
      vertex 9.73352 -8.58363 3
      vertex 9.73352 -8.58363 0
      vertex 10.1354 -8.72105 3
    endloop
  endfacet
  facet normal -0.63893 -0.769265 0
    outer loop
      vertex 10.3647 -8.9115 0
      vertex 10.3647 -8.9115 3
      vertex 10.1354 -8.72105 0
    endloop
  endfacet
  facet normal -0.63893 -0.769265 -0
    outer loop
      vertex 10.1354 -8.72105 3
      vertex 10.1354 -8.72105 0
      vertex 10.3647 -8.9115 3
    endloop
  endfacet
  facet normal -0.837247 -0.546825 0
    outer loop
      vertex 10.5277 -9.16107 0
      vertex 10.5277 -9.16107 3
      vertex 10.3647 -8.9115 0
    endloop
  endfacet
  facet normal -0.837247 -0.546825 -0
    outer loop
      vertex 10.3647 -8.9115 3
      vertex 10.3647 -8.9115 0
      vertex 10.5277 -9.16107 3
    endloop
  endfacet
  facet normal -0.90941 -0.415901 0
    outer loop
      vertex 15.0118 -18.966 0
      vertex 15.0118 -18.966 3
      vertex 10.5277 -9.16107 0
    endloop
  endfacet
  facet normal -0.90941 -0.415901 -0
    outer loop
      vertex 10.5277 -9.16107 3
      vertex 10.5277 -9.16107 0
      vertex 15.0118 -18.966 3
    endloop
  endfacet
  facet normal -0.94816 -0.317793 0
    outer loop
      vertex 15.0788 -19.1659 0
      vertex 15.0788 -19.1659 3
      vertex 15.0118 -18.966 0
    endloop
  endfacet
  facet normal -0.94816 -0.317793 -0
    outer loop
      vertex 15.0118 -18.966 3
      vertex 15.0118 -18.966 0
      vertex 15.0788 -19.1659 3
    endloop
  endfacet
  facet normal -0.997679 -0.0680998 0
    outer loop
      vertex 15.0991 -19.4633 0
      vertex 15.0991 -19.4633 3
      vertex 15.0788 -19.1659 0
    endloop
  endfacet
  facet normal -0.997679 -0.0680998 -0
    outer loop
      vertex 15.0788 -19.1659 3
      vertex 15.0788 -19.1659 0
      vertex 15.0991 -19.4633 3
    endloop
  endfacet
  facet normal -0.973404 0.229095 0
    outer loop
      vertex 15.0308 -19.7535 0
      vertex 15.0308 -19.7535 3
      vertex 15.0991 -19.4633 0
    endloop
  endfacet
  facet normal -0.973404 0.229095 0
    outer loop
      vertex 15.0991 -19.4633 3
      vertex 15.0991 -19.4633 0
      vertex 15.0308 -19.7535 3
    endloop
  endfacet
  facet normal -0.862718 0.505685 0
    outer loop
      vertex 14.8801 -20.0106 0
      vertex 14.8801 -20.0106 3
      vertex 15.0308 -19.7535 0
    endloop
  endfacet
  facet normal -0.862718 0.505685 0
    outer loop
      vertex 15.0308 -19.7535 3
      vertex 15.0308 -19.7535 0
      vertex 14.8801 -20.0106 3
    endloop
  endfacet
  facet normal -0.675223 0.737613 0
    outer loop
      vertex 14.6602 -20.2119 0
      vertex 14.6602 -20.2119 3
      vertex 14.8801 -20.0106 0
    endloop
  endfacet
  facet normal -0.675223 0.737613 0
    outer loop
      vertex 14.8801 -20.0106 3
      vertex 14.8801 -20.0106 0
      vertex 14.6602 -20.2119 3
    endloop
  endfacet
  facet normal -0.427654 0.903943 0
    outer loop
      vertex 14.3907 -20.3394 0
      vertex 14.3907 -20.3394 3
      vertex 14.6602 -20.2119 0
    endloop
  endfacet
  facet normal -0.427654 0.903943 0
    outer loop
      vertex 14.6602 -20.2119 3
      vertex 14.6602 -20.2119 0
      vertex 14.3907 -20.3394 3
    endloop
  endfacet
  facet normal -0.142596 0.989781 0
    outer loop
      vertex 14.0957 -20.3819 0
      vertex 14.0957 -20.3819 3
      vertex 14.3907 -20.3394 0
    endloop
  endfacet
  facet normal -0.142596 0.989781 0
    outer loop
      vertex 14.3907 -20.3394 3
      vertex 14.3907 -20.3394 0
      vertex 14.0957 -20.3819 3
    endloop
  endfacet
  facet normal 0.00672741 0.999977 -0
    outer loop
      vertex 0.0490112 -20.2874 0
      vertex 0.0490112 -20.2874 3
      vertex 14.0957 -20.3819 0
    endloop
  endfacet
  facet normal 0.00672741 0.999977 0
    outer loop
      vertex 14.0957 -20.3819 3
      vertex 14.0957 -20.3819 0
      vertex 0.0490112 -20.2874 3
    endloop
  endfacet
  facet normal 0.29319 0.956054 -0
    outer loop
      vertex 43.0633 -18.1896 0
      vertex 43.0633 -18.1896 3
      vertex 43.3483 -18.277 0
    endloop
  endfacet
  facet normal 0.29319 0.956054 0
    outer loop
      vertex 43.3483 -18.277 3
      vertex 43.3483 -18.277 0
      vertex 43.0633 -18.1896 3
    endloop
  endfacet
  facet normal 0.561649 0.827376 -0
    outer loop
      vertex 42.8167 -18.0222 0
      vertex 42.8167 -18.0222 3
      vertex 43.0633 -18.1896 0
    endloop
  endfacet
  facet normal 0.561649 0.827376 0
    outer loop
      vertex 43.0633 -18.1896 3
      vertex 43.0633 -18.1896 0
      vertex 42.8167 -18.0222 3
    endloop
  endfacet
  facet normal 0.78064 0.624981 -0
    outer loop
      vertex 42.6304 -17.7895 0
      vertex 42.6304 -17.7895 3
      vertex 42.8167 -18.0222 0
    endloop
  endfacet
  facet normal 0.78064 0.624981 0
    outer loop
      vertex 42.8167 -18.0222 3
      vertex 42.8167 -18.0222 0
      vertex 42.6304 -17.7895 3
    endloop
  endfacet
  facet normal 0.930225 0.366991 -0
    outer loop
      vertex 42.521 -17.5122 0
      vertex 42.521 -17.5122 3
      vertex 42.6304 -17.7895 0
    endloop
  endfacet
  facet normal 0.930225 0.366991 0
    outer loop
      vertex 42.6304 -17.7895 3
      vertex 42.6304 -17.7895 0
      vertex 42.521 -17.5122 3
    endloop
  endfacet
  facet normal 0.974516 0.224316 -0
    outer loop
      vertex 40.6263 -9.28088 0
      vertex 40.6263 -9.28088 3
      vertex 42.521 -17.5122 0
    endloop
  endfacet
  facet normal 0.974516 0.224316 0
    outer loop
      vertex 42.521 -17.5122 3
      vertex 42.521 -17.5122 0
      vertex 40.6263 -9.28088 3
    endloop
  endfacet
  facet normal 0.999532 0.0305997 -0
    outer loop
      vertex 40.6144 -8.89217 0
      vertex 40.6144 -8.89217 3
      vertex 40.6263 -9.28088 0
    endloop
  endfacet
  facet normal 0.999532 0.0305997 0
    outer loop
      vertex 40.6263 -9.28088 3
      vertex 40.6263 -9.28088 0
      vertex 40.6144 -8.89217 3
    endloop
  endfacet
  facet normal 0.950854 -0.309638 0
    outer loop
      vertex 40.7067 -8.60873 0
      vertex 40.7067 -8.60873 3
      vertex 40.6144 -8.89217 0
    endloop
  endfacet
  facet normal 0.950854 -0.309638 0
    outer loop
      vertex 40.6144 -8.89217 3
      vertex 40.6144 -8.89217 0
      vertex 40.7067 -8.60873 3
    endloop
  endfacet
  facet normal 0.817423 -0.576038 0
    outer loop
      vertex 40.8784 -8.36508 0
      vertex 40.8784 -8.36508 3
      vertex 40.7067 -8.60873 0
    endloop
  endfacet
  facet normal 0.817423 -0.576038 0
    outer loop
      vertex 40.7067 -8.60873 3
      vertex 40.7067 -8.60873 0
      vertex 40.8784 -8.36508 3
    endloop
  endfacet
  facet normal 0.611266 -0.791425 0
    outer loop
      vertex 41.1143 -8.18288 0
      vertex 41.1143 -8.18288 3
      vertex 40.8784 -8.36508 0
    endloop
  endfacet
  facet normal 0.611266 -0.791425 0
    outer loop
      vertex 40.8784 -8.36508 3
      vertex 40.8784 -8.36508 0
      vertex 41.1143 -8.18288 3
    endloop
  endfacet
  facet normal 0.3508 -0.93645 0
    outer loop
      vertex 41.3935 -8.07829 0
      vertex 41.3935 -8.07829 3
      vertex 41.1143 -8.18288 0
    endloop
  endfacet
  facet normal 0.3508 -0.93645 0
    outer loop
      vertex 41.1143 -8.18288 3
      vertex 41.1143 -8.18288 0
      vertex 41.3935 -8.07829 3
    endloop
  endfacet
  facet normal 0.0592236 -0.998245 0
    outer loop
      vertex 41.691 -8.06064 0
      vertex 41.691 -8.06064 3
      vertex 41.3935 -8.07829 0
    endloop
  endfacet
  facet normal 0.0592236 -0.998245 0
    outer loop
      vertex 41.3935 -8.07829 3
      vertex 41.3935 -8.07829 0
      vertex 41.691 -8.06064 3
    endloop
  endfacet
  facet normal -0.0902179 -0.995922 0
    outer loop
      vertex 54.0902 -9.18385 0
      vertex 54.0902 -9.18385 3
      vertex 41.691 -8.06064 0
    endloop
  endfacet
  facet normal -0.0902179 -0.995922 -0
    outer loop
      vertex 41.691 -8.06064 3
      vertex 41.691 -8.06064 0
      vertex 54.0902 -9.18385 3
    endloop
  endfacet
  facet normal -0.230114 -0.973164 0
    outer loop
      vertex 54.3653 -9.2489 0
      vertex 54.3653 -9.2489 3
      vertex 54.0902 -9.18385 0
    endloop
  endfacet
  facet normal -0.230114 -0.973164 -0
    outer loop
      vertex 54.0902 -9.18385 3
      vertex 54.0902 -9.18385 0
      vertex 54.3653 -9.2489 3
    endloop
  endfacet
  facet normal -0.499945 -0.866057 0
    outer loop
      vertex 54.6235 -9.39795 0
      vertex 54.6235 -9.39795 3
      vertex 54.3653 -9.2489 0
    endloop
  endfacet
  facet normal -0.499945 -0.866057 -0
    outer loop
      vertex 54.3653 -9.2489 3
      vertex 54.3653 -9.2489 0
      vertex 54.6235 -9.39795 3
    endloop
  endfacet
  facet normal -0.733132 -0.680087 0
    outer loop
      vertex 54.8262 -9.61646 0
      vertex 54.8262 -9.61646 3
      vertex 54.6235 -9.39795 0
    endloop
  endfacet
  facet normal -0.733132 -0.680087 -0
    outer loop
      vertex 54.6235 -9.39795 3
      vertex 54.6235 -9.39795 0
      vertex 54.8262 -9.61646 3
    endloop
  endfacet
  facet normal -0.900886 -0.434057 0
    outer loop
      vertex 54.9556 -9.88503 0
      vertex 54.9556 -9.88503 3
      vertex 54.8262 -9.61646 0
    endloop
  endfacet
  facet normal -0.900886 -0.434057 -0
    outer loop
      vertex 54.8262 -9.61646 3
      vertex 54.8262 -9.61646 0
      vertex 54.9556 -9.88503 3
    endloop
  endfacet
  facet normal -0.988845 -0.148946 0
    outer loop
      vertex 55 -10.1798 0
      vertex 55 -10.1798 3
      vertex 54.9556 -9.88503 0
    endloop
  endfacet
  facet normal -0.988845 -0.148946 -0
    outer loop
      vertex 54.9556 -9.88503 3
      vertex 54.9556 -9.88503 0
      vertex 55 -10.1798 3
    endloop
  endfacet
  facet normal -1 0 0
    outer loop
      vertex 55 -17.1151 0
      vertex 55 -17.1151 3
      vertex 55 -10.1798 0
    endloop
  endfacet
  facet normal -1 -0 -0
    outer loop
      vertex 55 -10.1798 3
      vertex 55 -10.1798 0
      vertex 55 -17.1151 3
    endloop
  endfacet
  facet normal -0.984085 0.177698 0
    outer loop
      vertex 54.9368 -17.4651 0
      vertex 54.9368 -17.4651 3
      vertex 55 -17.1151 0
    endloop
  endfacet
  facet normal -0.984085 0.177698 0
    outer loop
      vertex 55 -17.1151 3
      vertex 55 -17.1151 0
      vertex 54.9368 -17.4651 3
    endloop
  endfacet
  facet normal -0.874046 0.485842 0
    outer loop
      vertex 54.792 -17.7256 0
      vertex 54.792 -17.7256 3
      vertex 54.9368 -17.4651 0
    endloop
  endfacet
  facet normal -0.874046 0.485842 0
    outer loop
      vertex 54.9368 -17.4651 3
      vertex 54.9368 -17.4651 0
      vertex 54.792 -17.7256 3
    endloop
  endfacet
  facet normal -0.692022 0.721876 0
    outer loop
      vertex 54.5768 -17.9319 0
      vertex 54.5768 -17.9319 3
      vertex 54.792 -17.7256 0
    endloop
  endfacet
  facet normal -0.692022 0.721876 0
    outer loop
      vertex 54.792 -17.7256 3
      vertex 54.792 -17.7256 0
      vertex 54.5768 -17.9319 3
    endloop
  endfacet
  facet normal -0.448823 0.893621 0
    outer loop
      vertex 54.3104 -18.0657 0
      vertex 54.3104 -18.0657 3
      vertex 54.5768 -17.9319 0
    endloop
  endfacet
  facet normal -0.448823 0.893621 0
    outer loop
      vertex 54.5768 -17.9319 3
      vertex 54.5768 -17.9319 0
      vertex 54.3104 -18.0657 3
    endloop
  endfacet
  facet normal -0.165052 0.986285 0
    outer loop
      vertex 54.0164 -18.1149 0
      vertex 54.0164 -18.1149 3
      vertex 54.3104 -18.0657 0
    endloop
  endfacet
  facet normal -0.165052 0.986285 0
    outer loop
      vertex 54.3104 -18.0657 3
      vertex 54.3104 -18.0657 0
      vertex 54.0164 -18.1149 3
    endloop
  endfacet
  facet normal -0.0164479 0.999865 0
    outer loop
      vertex 43.5119 -18.2877 0
      vertex 43.5119 -18.2877 3
      vertex 54.0164 -18.1149 0
    endloop
  endfacet
  facet normal -0.0164479 0.999865 0
    outer loop
      vertex 54.0164 -18.1149 3
      vertex 54.0164 -18.1149 0
      vertex 43.5119 -18.2877 3
    endloop
  endfacet
  facet normal 0.065264 0.997868 -0
    outer loop
      vertex 43.3483 -18.277 0
      vertex 43.3483 -18.277 3
      vertex 43.5119 -18.2877 0
    endloop
  endfacet
  facet normal 0.065264 0.997868 0
    outer loop
      vertex 43.5119 -18.2877 3
      vertex 43.5119 -18.2877 0
      vertex 43.3483 -18.277 3
    endloop
  endfacet
  facet normal 0.372721 0.927944 -0
    outer loop
      vertex 28.6535 -18.5648 0
      vertex 28.6535 -18.5648 3
      vertex 28.9301 -18.6759 0
    endloop
  endfacet
  facet normal 0.372721 0.927944 0
    outer loop
      vertex 28.9301 -18.6759 3
      vertex 28.9301 -18.6759 0
      vertex 28.6535 -18.5648 3
    endloop
  endfacet
  facet normal 0.629632 0.776893 -0
    outer loop
      vertex 28.4219 -18.3771 0
      vertex 28.4219 -18.3771 3
      vertex 28.6535 -18.5648 0
    endloop
  endfacet
  facet normal 0.629632 0.776893 0
    outer loop
      vertex 28.6535 -18.5648 3
      vertex 28.6535 -18.5648 0
      vertex 28.4219 -18.3771 3
    endloop
  endfacet
  facet normal 0.830758 0.556634 -0
    outer loop
      vertex 28.256 -18.1295 0
      vertex 28.256 -18.1295 3
      vertex 28.4219 -18.3771 0
    endloop
  endfacet
  facet normal 0.830758 0.556634 0
    outer loop
      vertex 28.4219 -18.3771 3
      vertex 28.4219 -18.3771 0
      vertex 28.256 -18.1295 3
    endloop
  endfacet
  facet normal 0.957872 0.287194 -0
    outer loop
      vertex 28.1704 -17.844 0
      vertex 28.1704 -17.844 3
      vertex 28.256 -18.1295 0
    endloop
  endfacet
  facet normal 0.957872 0.287194 0
    outer loop
      vertex 28.256 -18.1295 3
      vertex 28.256 -18.1295 0
      vertex 28.1704 -17.844 3
    endloop
  endfacet
  facet normal 0.98999 0.141137 -0
    outer loop
      vertex 27.2453 -11.355 0
      vertex 27.2453 -11.355 3
      vertex 28.1704 -17.844 0
    endloop
  endfacet
  facet normal 0.98999 0.141137 0
    outer loop
      vertex 28.1704 -17.844 3
      vertex 28.1704 -17.844 0
      vertex 27.2453 -11.355 3
    endloop
  endfacet
  facet normal 0.99996 -0.00899964 0
    outer loop
      vertex 27.248 -11.055 0
      vertex 27.248 -11.055 3
      vertex 27.2453 -11.355 0
    endloop
  endfacet
  facet normal 0.99996 -0.00899964 0
    outer loop
      vertex 27.2453 -11.355 3
      vertex 27.2453 -11.355 0
      vertex 27.248 -11.055 3
    endloop
  endfacet
  facet normal 0.952599 -0.304228 0
    outer loop
      vertex 27.3387 -10.771 0
      vertex 27.3387 -10.771 3
      vertex 27.248 -11.055 0
    endloop
  endfacet
  facet normal 0.952599 -0.304228 0
    outer loop
      vertex 27.248 -11.055 3
      vertex 27.248 -11.055 0
      vertex 27.3387 -10.771 3
    endloop
  endfacet
  facet normal 0.820522 -0.571615 0
    outer loop
      vertex 27.5091 -10.5264 0
      vertex 27.5091 -10.5264 3
      vertex 27.3387 -10.771 0
    endloop
  endfacet
  facet normal 0.820522 -0.571615 0
    outer loop
      vertex 27.3387 -10.771 3
      vertex 27.3387 -10.771 0
      vertex 27.5091 -10.5264 3
    endloop
  endfacet
  facet normal 0.615611 -0.78805 0
    outer loop
      vertex 27.744 -10.3429 0
      vertex 27.744 -10.3429 3
      vertex 27.5091 -10.5264 0
    endloop
  endfacet
  facet normal 0.615611 -0.78805 0
    outer loop
      vertex 27.5091 -10.5264 3
      vertex 27.5091 -10.5264 0
      vertex 27.744 -10.3429 3
    endloop
  endfacet
  facet normal 0.356009 -0.934482 0
    outer loop
      vertex 28.0225 -10.2368 0
      vertex 28.0225 -10.2368 3
      vertex 27.744 -10.3429 0
    endloop
  endfacet
  facet normal 0.356009 -0.934482 0
    outer loop
      vertex 27.744 -10.3429 3
      vertex 27.744 -10.3429 0
      vertex 28.0225 -10.2368 3
    endloop
  endfacet
  facet normal 0.212777 -0.977101 0
    outer loop
      vertex 37.3143 -8.21338 0
      vertex 37.3143 -8.21338 3
      vertex 28.0225 -10.2368 0
    endloop
  endfacet
  facet normal 0.212777 -0.977101 0
    outer loop
      vertex 28.0225 -10.2368 3
      vertex 28.0225 -10.2368 0
      vertex 37.3143 -8.21338 3
    endloop
  endfacet
  facet normal 0.0333426 -0.999444 0
    outer loop
      vertex 37.6743 -8.20137 0
      vertex 37.6743 -8.20137 3
      vertex 37.3143 -8.21338 0
    endloop
  endfacet
  facet normal 0.0333426 -0.999444 0
    outer loop
      vertex 37.3143 -8.21338 3
      vertex 37.3143 -8.21338 0
      vertex 37.6743 -8.20137 3
    endloop
  endfacet
  facet normal -0.293006 -0.956111 0
    outer loop
      vertex 37.9593 -8.28871 0
      vertex 37.9593 -8.28871 3
      vertex 37.6743 -8.20137 0
    endloop
  endfacet
  facet normal -0.293006 -0.956111 -0
    outer loop
      vertex 37.6743 -8.20137 3
      vertex 37.6743 -8.20137 0
      vertex 37.9593 -8.28871 3
    endloop
  endfacet
  facet normal -0.56181 -0.827266 0
    outer loop
      vertex 38.2059 -8.45618 0
      vertex 38.2059 -8.45618 3
      vertex 37.9593 -8.28871 0
    endloop
  endfacet
  facet normal -0.56181 -0.827266 -0
    outer loop
      vertex 37.9593 -8.28871 3
      vertex 37.9593 -8.28871 0
      vertex 38.2059 -8.45618 3
    endloop
  endfacet
  facet normal -0.780653 -0.624965 0
    outer loop
      vertex 38.3922 -8.68889 0
      vertex 38.3922 -8.68889 3
      vertex 38.2059 -8.45618 0
    endloop
  endfacet
  facet normal -0.780653 -0.624965 -0
    outer loop
      vertex 38.2059 -8.45618 3
      vertex 38.2059 -8.45618 0
      vertex 38.3922 -8.68889 3
    endloop
  endfacet
  facet normal -0.930211 -0.367025 0
    outer loop
      vertex 38.5016 -8.96616 0
      vertex 38.5016 -8.96616 3
      vertex 38.3922 -8.68889 0
    endloop
  endfacet
  facet normal -0.930211 -0.367025 -0
    outer loop
      vertex 38.3922 -8.68889 3
      vertex 38.3922 -8.68889 0
      vertex 38.5016 -8.96616 3
    endloop
  endfacet
  facet normal -0.974518 -0.224308 0
    outer loop
      vertex 40.3888 -17.1652 0
      vertex 40.3888 -17.1652 3
      vertex 38.5016 -8.96616 0
    endloop
  endfacet
  facet normal -0.974518 -0.224308 -0
    outer loop
      vertex 38.5016 -8.96616 3
      vertex 38.5016 -8.96616 0
      vertex 40.3888 -17.1652 3
    endloop
  endfacet
  facet normal -0.995866 -0.0908366 0
    outer loop
      vertex 40.4133 -17.4338 0
      vertex 40.4133 -17.4338 3
      vertex 40.3888 -17.1652 0
    endloop
  endfacet
  facet normal -0.995866 -0.0908366 -0
    outer loop
      vertex 40.3888 -17.1652 3
      vertex 40.3888 -17.1652 0
      vertex 40.4133 -17.4338 3
    endloop
  endfacet
  facet normal -0.981284 0.192566 0
    outer loop
      vertex 40.3559 -17.7263 0
      vertex 40.3559 -17.7263 3
      vertex 40.4133 -17.4338 0
    endloop
  endfacet
  facet normal -0.981284 0.192566 0
    outer loop
      vertex 40.4133 -17.4338 3
      vertex 40.4133 -17.4338 0
      vertex 40.3559 -17.7263 3
    endloop
  endfacet
  facet normal -0.880891 0.473319 0
    outer loop
      vertex 40.2148 -17.9889 0
      vertex 40.2148 -17.9889 3
      vertex 40.3559 -17.7263 0
    endloop
  endfacet
  facet normal -0.880891 0.473319 0
    outer loop
      vertex 40.3559 -17.7263 3
      vertex 40.3559 -17.7263 0
      vertex 40.2148 -17.9889 3
    endloop
  endfacet
  facet normal -0.702225 0.711955 0
    outer loop
      vertex 40.0026 -18.1982 0
      vertex 40.0026 -18.1982 3
      vertex 40.2148 -17.9889 0
    endloop
  endfacet
  facet normal -0.702225 0.711955 0
    outer loop
      vertex 40.2148 -17.9889 3
      vertex 40.2148 -17.9889 0
      vertex 40.0026 -18.1982 3
    endloop
  endfacet
  facet normal -0.461247 0.887272 0
    outer loop
      vertex 39.7381 -18.3357 0
      vertex 39.7381 -18.3357 3
      vertex 40.0026 -18.1982 0
    endloop
  endfacet
  facet normal -0.461247 0.887272 0
    outer loop
      vertex 40.0026 -18.1982 3
      vertex 40.0026 -18.1982 0
      vertex 39.7381 -18.3357 3
    endloop
  endfacet
  facet normal -0.179122 0.983827 0
    outer loop
      vertex 39.4448 -18.3891 0
      vertex 39.4448 -18.3891 3
      vertex 39.7381 -18.3357 0
    endloop
  endfacet
  facet normal -0.179122 0.983827 0
    outer loop
      vertex 39.7381 -18.3357 3
      vertex 39.7381 -18.3357 0
      vertex 39.4448 -18.3891 3
    endloop
  endfacet
  facet normal -0.03054 0.999534 0
    outer loop
      vertex 29.1909 -18.7024 0
      vertex 29.1909 -18.7024 3
      vertex 39.4448 -18.3891 0
    endloop
  endfacet
  facet normal -0.03054 0.999534 0
    outer loop
      vertex 39.4448 -18.3891 3
      vertex 39.4448 -18.3891 0
      vertex 29.1909 -18.7024 3
    endloop
  endfacet
  facet normal 0.10109 0.994877 -0
    outer loop
      vertex 28.9301 -18.6759 0
      vertex 28.9301 -18.6759 3
      vertex 29.1909 -18.7024 0
    endloop
  endfacet
  facet normal 0.10109 0.994877 0
    outer loop
      vertex 29.1909 -18.7024 3
      vertex 29.1909 -18.7024 0
      vertex 28.9301 -18.6759 3
    endloop
  endfacet
  facet normal 0.313408 0.949619 -0
    outer loop
      vertex -12.1333 -20.9068 0
      vertex -12.1333 -20.9068 3
      vertex -11.8503 -21.0002 0
    endloop
  endfacet
  facet normal 0.313408 0.949619 0
    outer loop
      vertex -11.8503 -21.0002 3
      vertex -11.8503 -21.0002 0
      vertex -12.1333 -20.9068 3
    endloop
  endfacet
  facet normal 0.579301 0.815114 -0
    outer loop
      vertex -12.3763 -20.7341 0
      vertex -12.3763 -20.7341 3
      vertex -12.1333 -20.9068 0
    endloop
  endfacet
  facet normal 0.579301 0.815114 0
    outer loop
      vertex -12.1333 -20.9068 3
      vertex -12.1333 -20.9068 0
      vertex -12.3763 -20.7341 3
    endloop
  endfacet
  facet normal 0.793758 0.608234 -0
    outer loop
      vertex -12.5576 -20.4975 0
      vertex -12.5576 -20.4975 3
      vertex -12.3763 -20.7341 0
    endloop
  endfacet
  facet normal 0.793758 0.608234 0
    outer loop
      vertex -12.3763 -20.7341 3
      vertex -12.3763 -20.7341 0
      vertex -12.5576 -20.4975 3
    endloop
  endfacet
  facet normal 0.937769 0.34726 -0
    outer loop
      vertex -12.6611 -20.218 0
      vertex -12.6611 -20.218 3
      vertex -12.5576 -20.4975 0
    endloop
  endfacet
  facet normal 0.937769 0.34726 0
    outer loop
      vertex -12.5576 -20.4975 3
      vertex -12.5576 -20.4975 0
      vertex -12.6611 -20.218 3
    endloop
  endfacet
  facet normal 0.998468 0.05534 -0
    outer loop
      vertex -12.6776 -19.9203 0
      vertex -12.6776 -19.9203 3
      vertex -12.6611 -20.218 0
    endloop
  endfacet
  facet normal 0.998468 0.05534 0
    outer loop
      vertex -12.6611 -20.218 3
      vertex -12.6611 -20.218 0
      vertex -12.6776 -19.9203 3
    endloop
  endfacet
  facet normal 0.995563 -0.0940946 0
    outer loop
      vertex -11.9125 -11.8252 0
      vertex -11.9125 -11.8252 3
      vertex -12.6776 -19.9203 0
    endloop
  endfacet
  facet normal 0.995563 -0.0940946 0
    outer loop
      vertex -12.6776 -19.9203 3
      vertex -12.6776 -19.9203 0
      vertex -11.9125 -11.8252 3
    endloop
  endfacet
  facet normal 0.965777 -0.259373 0
    outer loop
      vertex -11.8257 -11.502 0
      vertex -11.8257 -11.502 3
      vertex -11.9125 -11.8252 0
    endloop
  endfacet
  facet normal 0.965777 -0.259373 0
    outer loop
      vertex -11.9125 -11.8252 3
      vertex -11.9125 -11.8252 0
      vertex -11.8257 -11.502 3
    endloop
  endfacet
  facet normal 0.83636 -0.54818 0
    outer loop
      vertex -11.6623 -11.2527 0
      vertex -11.6623 -11.2527 3
      vertex -11.8257 -11.502 0
    endloop
  endfacet
  facet normal 0.83636 -0.54818 0
    outer loop
      vertex -11.8257 -11.502 3
      vertex -11.8257 -11.502 0
      vertex -11.6623 -11.2527 3
    endloop
  endfacet
  facet normal 0.637739 -0.770252 0
    outer loop
      vertex -11.4327 -11.0626 0
      vertex -11.4327 -11.0626 3
      vertex -11.6623 -11.2527 0
    endloop
  endfacet
  facet normal 0.637739 -0.770252 0
    outer loop
      vertex -11.6623 -11.2527 3
      vertex -11.6623 -11.2527 0
      vertex -11.4327 -11.0626 3
    endloop
  endfacet
  facet normal 0.38247 -0.923968 0
    outer loop
      vertex -11.1573 -10.9486 0
      vertex -11.1573 -10.9486 3
      vertex -11.4327 -11.0626 0
    endloop
  endfacet
  facet normal 0.38247 -0.923968 0
    outer loop
      vertex -11.4327 -11.0626 3
      vertex -11.4327 -11.0626 0
      vertex -11.1573 -10.9486 3
    endloop
  endfacet
  facet normal 0.24037 -0.970681 0
    outer loop
      vertex -1.27713 -8.50197 0
      vertex -1.27713 -8.50197 3
      vertex -11.1573 -10.9486 0
    endloop
  endfacet
  facet normal 0.24037 -0.970681 0
    outer loop
      vertex -11.1573 -10.9486 3
      vertex -11.1573 -10.9486 0
      vertex -1.27713 -8.50197 3
    endloop
  endfacet
  facet normal 0.0803782 -0.996764 0
    outer loop
      vertex -0.955078 -8.476 0
      vertex -0.955078 -8.476 3
      vertex -1.27713 -8.50197 0
    endloop
  endfacet
  facet normal 0.0803782 -0.996764 0
    outer loop
      vertex -1.27713 -8.50197 3
      vertex -1.27713 -8.50197 0
      vertex -0.955078 -8.476 3
    endloop
  endfacet
  facet normal -0.229327 -0.97335 0
    outer loop
      vertex -0.664932 -8.54436 0
      vertex -0.664932 -8.54436 3
      vertex -0.955078 -8.476 0
    endloop
  endfacet
  facet normal -0.229327 -0.97335 -0
    outer loop
      vertex -0.955078 -8.476 3
      vertex -0.955078 -8.476 0
      vertex -0.664932 -8.54436 3
    endloop
  endfacet
  facet normal -0.506017 -0.862524 0
    outer loop
      vertex -0.407837 -8.69519 0
      vertex -0.407837 -8.69519 3
      vertex -0.664932 -8.54436 0
    endloop
  endfacet
  facet normal -0.506017 -0.862524 -0
    outer loop
      vertex -0.664932 -8.54436 3
      vertex -0.664932 -8.54436 0
      vertex -0.407837 -8.69519 3
    endloop
  endfacet
  facet normal -0.737771 -0.675051 0
    outer loop
      vertex -0.206604 -8.91512 0
      vertex -0.206604 -8.91512 3
      vertex -0.407837 -8.69519 0
    endloop
  endfacet
  facet normal -0.737771 -0.675051 -0
    outer loop
      vertex -0.407837 -8.69519 3
      vertex -0.407837 -8.69519 0
      vertex -0.206604 -8.91512 3
    endloop
  endfacet
  facet normal -0.903968 -0.4276 0
    outer loop
      vertex -0.0791473 -9.18457 0
      vertex -0.0791473 -9.18457 3
      vertex -0.206604 -8.91512 0
    endloop
  endfacet
  facet normal -0.903968 -0.4276 -0
    outer loop
      vertex -0.206604 -8.91512 3
      vertex -0.206604 -8.91512 0
      vertex -0.0791473 -9.18457 3
    endloop
  endfacet
  facet normal -0.989852 -0.142102 0
    outer loop
      vertex -0.0367889 -9.47963 0
      vertex -0.0367889 -9.47963 3
      vertex -0.0791473 -9.18457 0
    endloop
  endfacet
  facet normal -0.989852 -0.142102 -0
    outer loop
      vertex -0.0791473 -9.18457 3
      vertex -0.0791473 -9.18457 0
      vertex -0.0367889 -9.47963 3
    endloop
  endfacet
  facet normal -0.987768 0.155928 0
    outer loop
      vertex -0.0832672 -9.77406 0
      vertex -0.0832672 -9.77406 3
      vertex -0.0367889 -9.47963 0
    endloop
  endfacet
  facet normal -0.987768 0.155928 0
    outer loop
      vertex -0.0367889 -9.47963 3
      vertex -0.0367889 -9.47963 0
      vertex -0.0832672 -9.77406 3
    endloop
  endfacet
  facet normal -0.953494 0.301412 0
    outer loop
      vertex -3.21751 -19.689 0
      vertex -3.21751 -19.689 3
      vertex -0.0832672 -9.77406 0
    endloop
  endfacet
  facet normal -0.953494 0.301412 0
    outer loop
      vertex -0.0832672 -9.77406 3
      vertex -0.0832672 -9.77406 0
      vertex -3.21751 -19.689 3
    endloop
  endfacet
  facet normal -0.901291 0.433214 0
    outer loop
      vertex -3.34003 -19.9439 0
      vertex -3.34003 -19.9439 3
      vertex -3.21751 -19.689 0
    endloop
  endfacet
  facet normal -0.901291 0.433214 0
    outer loop
      vertex -3.21751 -19.689 3
      vertex -3.21751 -19.689 0
      vertex -3.34003 -19.9439 3
    endloop
  endfacet
  facet normal -0.738756 0.673973 0
    outer loop
      vertex -3.54092 -20.1641 0
      vertex -3.54092 -20.1641 3
      vertex -3.34003 -19.9439 0
    endloop
  endfacet
  facet normal -0.738756 0.673973 0
    outer loop
      vertex -3.34003 -19.9439 3
      vertex -3.34003 -19.9439 0
      vertex -3.54092 -20.1641 3
    endloop
  endfacet
  facet normal -0.50724 0.861805 0
    outer loop
      vertex -3.79781 -20.3153 0
      vertex -3.79781 -20.3153 3
      vertex -3.54092 -20.1641 0
    endloop
  endfacet
  facet normal -0.50724 0.861805 0
    outer loop
      vertex -3.54092 -20.1641 3
      vertex -3.54092 -20.1641 0
      vertex -3.79781 -20.3153 3
    endloop
  endfacet
  facet normal -0.230812 0.972998 0
    outer loop
      vertex -4.08784 -20.3841 0
      vertex -4.08784 -20.3841 3
      vertex -3.79781 -20.3153 0
    endloop
  endfacet
  facet normal -0.230812 0.972998 0
    outer loop
      vertex -3.79781 -20.3153 3
      vertex -3.79781 -20.3153 0
      vertex -4.08784 -20.3841 3
    endloop
  endfacet
  facet normal -0.0831744 0.996535 0
    outer loop
      vertex -11.5989 -21.011 0
      vertex -11.5989 -21.011 3
      vertex -4.08784 -20.3841 0
    endloop
  endfacet
  facet normal -0.0831744 0.996535 0
    outer loop
      vertex -4.08784 -20.3841 3
      vertex -4.08784 -20.3841 0
      vertex -11.5989 -21.011 3
    endloop
  endfacet
  facet normal 0.0429198 0.999079 -0
    outer loop
      vertex -11.8503 -21.0002 0
      vertex -11.8503 -21.0002 3
      vertex -11.5989 -21.011 0
    endloop
  endfacet
  facet normal 0.0429198 0.999079 0
    outer loop
      vertex -11.5989 -21.011 3
      vertex -11.5989 -21.011 0
      vertex -11.8503 -21.0002 3
    endloop
  endfacet
  facet normal 0.383853 0.923394 -0
    outer loop
      vertex 17.8942 -20.0418 0
      vertex 17.8942 -20.0418 3
      vertex 18.1694 -20.1562 0
    endloop
  endfacet
  facet normal 0.383853 0.923394 0
    outer loop
      vertex 18.1694 -20.1562 3
      vertex 18.1694 -20.1562 0
      vertex 17.8942 -20.0418 3
    endloop
  endfacet
  facet normal 0.63883 0.769348 -0
    outer loop
      vertex 17.6649 -19.8514 0
      vertex 17.6649 -19.8514 3
      vertex 17.8942 -20.0418 0
    endloop
  endfacet
  facet normal 0.63883 0.769348 0
    outer loop
      vertex 17.8942 -20.0418 3
      vertex 17.8942 -20.0418 0
      vertex 17.6649 -19.8514 3
    endloop
  endfacet
  facet normal 0.837277 0.546779 -0
    outer loop
      vertex 17.5019 -19.6018 0
      vertex 17.5019 -19.6018 3
      vertex 17.6649 -19.8514 0
    endloop
  endfacet
  facet normal 0.837277 0.546779 0
    outer loop
      vertex 17.6649 -19.8514 3
      vertex 17.6649 -19.8514 0
      vertex 17.5019 -19.6018 3
    endloop
  endfacet
  facet normal 0.909407 0.415906 -0
    outer loop
      vertex 13.3758 -10.5798 0
      vertex 13.3758 -10.5798 3
      vertex 17.5019 -19.6018 0
    endloop
  endfacet
  facet normal 0.909407 0.415906 0
    outer loop
      vertex 17.5019 -19.6018 3
      vertex 17.5019 -19.6018 0
      vertex 13.3758 -10.5798 3
    endloop
  endfacet
  facet normal 0.965692 0.259692 -0
    outer loop
      vertex 13.2898 -10.26 0
      vertex 13.2898 -10.26 3
      vertex 13.3758 -10.5798 0
    endloop
  endfacet
  facet normal 0.965692 0.259692 0
    outer loop
      vertex 13.3758 -10.5798 3
      vertex 13.3758 -10.5798 0
      vertex 13.2898 -10.26 3
    endloop
  endfacet
  facet normal 0.998576 -0.0533442 0
    outer loop
      vertex 13.3057 -9.96236 0
      vertex 13.3057 -9.96236 3
      vertex 13.2898 -10.26 0
    endloop
  endfacet
  facet normal 0.998576 -0.0533442 0
    outer loop
      vertex 13.2898 -10.26 3
      vertex 13.2898 -10.26 0
      vertex 13.3057 -9.96236 3
    endloop
  endfacet
  facet normal 0.938527 -0.345205 0
    outer loop
      vertex 13.4086 -9.6826 0
      vertex 13.4086 -9.6826 3
      vertex 13.3057 -9.96236 0
    endloop
  endfacet
  facet normal 0.938527 -0.345205 0
    outer loop
      vertex 13.3057 -9.96236 3
      vertex 13.3057 -9.96236 0
      vertex 13.4086 -9.6826 3
    endloop
  endfacet
  facet normal 0.795062 -0.606528 0
    outer loop
      vertex 13.5894 -9.4456 0
      vertex 13.5894 -9.4456 3
      vertex 13.4086 -9.6826 0
    endloop
  endfacet
  facet normal 0.795062 -0.606528 0
    outer loop
      vertex 13.4086 -9.6826 3
      vertex 13.4086 -9.6826 0
      vertex 13.5894 -9.4456 3
    endloop
  endfacet
  facet normal 0.580981 -0.813917 0
    outer loop
      vertex 13.832 -9.27243 0
      vertex 13.832 -9.27243 3
      vertex 13.5894 -9.4456 0
    endloop
  endfacet
  facet normal 0.580981 -0.813917 0
    outer loop
      vertex 13.5894 -9.4456 3
      vertex 13.5894 -9.4456 0
      vertex 13.832 -9.27243 3
    endloop
  endfacet
  facet normal 0.315201 -0.949025 0
    outer loop
      vertex 14.1149 -9.17847 0
      vertex 14.1149 -9.17847 3
      vertex 13.832 -9.27243 0
    endloop
  endfacet
  facet normal 0.315201 -0.949025 0
    outer loop
      vertex 13.832 -9.27243 3
      vertex 13.832 -9.27243 0
      vertex 14.1149 -9.17847 3
    endloop
  endfacet
  facet normal 0.0215051 -0.999769 0
    outer loop
      vertex 14.4129 -9.17206 0
      vertex 14.4129 -9.17206 3
      vertex 14.1149 -9.17847 0
    endloop
  endfacet
  facet normal 0.0215051 -0.999769 0
    outer loop
      vertex 14.1149 -9.17847 3
      vertex 14.1149 -9.17847 0
      vertex 14.4129 -9.17206 3
    endloop
  endfacet
  facet normal -0.127748 -0.991807 0
    outer loop
      vertex 24.3555 -10.4527 0
      vertex 24.3555 -10.4527 3
      vertex 14.4129 -9.17206 0
    endloop
  endfacet
  facet normal -0.127748 -0.991807 -0
    outer loop
      vertex 14.4129 -9.17206 3
      vertex 14.4129 -9.17206 0
      vertex 24.3555 -10.4527 3
    endloop
  endfacet
  facet normal -0.323929 -0.946081 0
    outer loop
      vertex 24.7346 -10.5825 0
      vertex 24.7346 -10.5825 3
      vertex 24.3555 -10.4527 0
    endloop
  endfacet
  facet normal -0.323929 -0.946081 -0
    outer loop
      vertex 24.3555 -10.4527 3
      vertex 24.3555 -10.4527 0
      vertex 24.7346 -10.5825 3
    endloop
  endfacet
  facet normal -0.629632 -0.776893 0
    outer loop
      vertex 24.9662 -10.7702 0
      vertex 24.9662 -10.7702 3
      vertex 24.7346 -10.5825 0
    endloop
  endfacet
  facet normal -0.629632 -0.776893 -0
    outer loop
      vertex 24.7346 -10.5825 3
      vertex 24.7346 -10.5825 0
      vertex 24.9662 -10.7702 3
    endloop
  endfacet
  facet normal -0.830758 -0.556634 0
    outer loop
      vertex 25.1321 -11.0178 0
      vertex 25.1321 -11.0178 3
      vertex 24.9662 -10.7702 0
    endloop
  endfacet
  facet normal -0.830758 -0.556634 -0
    outer loop
      vertex 24.9662 -10.7702 3
      vertex 24.9662 -10.7702 0
      vertex 25.1321 -11.0178 3
    endloop
  endfacet
  facet normal -0.957872 -0.287194 0
    outer loop
      vertex 25.2177 -11.3033 0
      vertex 25.2177 -11.3033 3
      vertex 25.1321 -11.0178 0
    endloop
  endfacet
  facet normal -0.957872 -0.287194 -0
    outer loop
      vertex 25.1321 -11.0178 3
      vertex 25.1321 -11.0178 0
      vertex 25.2177 -11.3033 3
    endloop
  endfacet
  facet normal -0.98999 -0.141138 0
    outer loop
      vertex 26.1658 -17.9536 0
      vertex 26.1658 -17.9536 3
      vertex 25.2177 -11.3033 0
    endloop
  endfacet
  facet normal -0.98999 -0.141138 -0
    outer loop
      vertex 25.2177 -11.3033 3
      vertex 25.2177 -11.3033 0
      vertex 26.1658 -17.9536 3
    endloop
  endfacet
  facet normal -0.999345 0.0361754 0
    outer loop
      vertex 26.153 -18.3072 0
      vertex 26.153 -18.3072 3
      vertex 26.1658 -17.9536 0
    endloop
  endfacet
  facet normal -0.999345 0.0361754 0
    outer loop
      vertex 26.1658 -17.9536 3
      vertex 26.1658 -17.9536 0
      vertex 26.153 -18.3072 3
    endloop
  endfacet
  facet normal -0.934636 0.355605 0
    outer loop
      vertex 26.047 -18.5858 0
      vertex 26.047 -18.5858 3
      vertex 26.153 -18.3072 0
    endloop
  endfacet
  facet normal -0.934636 0.355605 0
    outer loop
      vertex 26.153 -18.3072 3
      vertex 26.153 -18.3072 0
      vertex 26.047 -18.5858 3
    endloop
  endfacet
  facet normal -0.788177 0.615449 0
    outer loop
      vertex 25.8635 -18.8208 0
      vertex 25.8635 -18.8208 3
      vertex 26.047 -18.5858 0
    endloop
  endfacet
  facet normal -0.788177 0.615449 0
    outer loop
      vertex 26.047 -18.5858 3
      vertex 26.047 -18.5858 0
      vertex 25.8635 -18.8208 3
    endloop
  endfacet
  facet normal -0.571772 0.820412 0
    outer loop
      vertex 25.619 -18.9912 0
      vertex 25.619 -18.9912 3
      vertex 25.8635 -18.8208 0
    endloop
  endfacet
  facet normal -0.571772 0.820412 0
    outer loop
      vertex 25.8635 -18.8208 3
      vertex 25.8635 -18.8208 0
      vertex 25.619 -18.9912 3
    endloop
  endfacet
  facet normal -0.30463 0.952471 0
    outer loop
      vertex 25.3351 -19.082 0
      vertex 25.3351 -19.082 3
      vertex 25.619 -18.9912 0
    endloop
  endfacet
  facet normal -0.30463 0.952471 0
    outer loop
      vertex 25.619 -18.9912 3
      vertex 25.619 -18.9912 0
      vertex 25.3351 -19.082 3
    endloop
  endfacet
  facet normal -0.159252 0.987238 0
    outer loop
      vertex 18.5705 -20.1732 0
      vertex 18.5705 -20.1732 3
      vertex 25.3351 -19.082 0
    endloop
  endfacet
  facet normal -0.159252 0.987238 0
    outer loop
      vertex 25.3351 -19.082 3
      vertex 25.3351 -19.082 0
      vertex 18.5705 -20.1732 3
    endloop
  endfacet
  facet normal 0.0423454 0.999103 -0
    outer loop
      vertex 18.1694 -20.1562 0
      vertex 18.1694 -20.1562 3
      vertex 18.5705 -20.1732 0
    endloop
  endfacet
  facet normal 0.0423454 0.999103 0
    outer loop
      vertex 18.5705 -20.1732 3
      vertex 18.5705 -20.1732 0
      vertex 18.1694 -20.1562 3
    endloop
  endfacet
  facet normal 0.516271 0.856426 -0
    outer loop
      vertex -41.3957 -22.714 0
      vertex -41.3957 -22.714 3
      vertex -41.1404 -22.8679 0
    endloop
  endfacet
  facet normal 0.516271 0.856426 0
    outer loop
      vertex -41.1404 -22.8679 3
      vertex -41.1404 -22.8679 0
      vertex -41.3957 -22.714 3
    endloop
  endfacet
  facet normal 0.745741 0.666236 -0
    outer loop
      vertex -41.5943 -22.4917 0
      vertex -41.5943 -22.4917 3
      vertex -41.3957 -22.714 0
    endloop
  endfacet
  facet normal 0.745741 0.666236 0
    outer loop
      vertex -41.3957 -22.714 3
      vertex -41.3957 -22.714 0
      vertex -41.5943 -22.4917 3
    endloop
  endfacet
  facet normal 0.90889 0.417036 -0
    outer loop
      vertex -41.7186 -22.2208 0
      vertex -41.7186 -22.2208 3
      vertex -41.5943 -22.4917 0
    endloop
  endfacet
  facet normal 0.90889 0.417036 0
    outer loop
      vertex -41.5943 -22.4917 3
      vertex -41.5943 -22.4917 0
      vertex -41.7186 -22.2208 3
    endloop
  endfacet
  facet normal 0.991446 0.130515 -0
    outer loop
      vertex -41.7575 -21.9253 0
      vertex -41.7575 -21.9253 3
      vertex -41.7186 -22.2208 0
    endloop
  endfacet
  facet normal 0.991446 0.130515 0
    outer loop
      vertex -41.7186 -22.2208 3
      vertex -41.7186 -22.2208 0
      vertex -41.7575 -21.9253 3
    endloop
  endfacet
  facet normal 0.999825 -0.0187171 0
    outer loop
      vertex -41.5375 -10.1734 0
      vertex -41.5375 -10.1734 3
      vertex -41.7575 -21.9253 0
    endloop
  endfacet
  facet normal 0.999825 -0.0187171 0
    outer loop
      vertex -41.7575 -21.9253 3
      vertex -41.7575 -21.9253 0
      vertex -41.5375 -10.1734 3
    endloop
  endfacet
  facet normal 0.97901 -0.203814 0
    outer loop
      vertex -41.4619 -9.81026 0
      vertex -41.4619 -9.81026 3
      vertex -41.5375 -10.1734 0
    endloop
  endfacet
  facet normal 0.97901 -0.203814 0
    outer loop
      vertex -41.5375 -10.1734 3
      vertex -41.5375 -10.1734 0
      vertex -41.4619 -9.81026 3
    endloop
  endfacet
  facet normal 0.857022 -0.51528 0
    outer loop
      vertex -41.3083 -9.55479 0
      vertex -41.3083 -9.55479 3
      vertex -41.4619 -9.81026 0
    endloop
  endfacet
  facet normal 0.857022 -0.51528 0
    outer loop
      vertex -41.4619 -9.81026 3
      vertex -41.4619 -9.81026 0
      vertex -41.3083 -9.55479 3
    endloop
  endfacet
  facet normal 0.667165 -0.74491 0
    outer loop
      vertex -41.0863 -9.35596 0
      vertex -41.0863 -9.35596 3
      vertex -41.3083 -9.55479 0
    endloop
  endfacet
  facet normal 0.667165 -0.74491 0
    outer loop
      vertex -41.3083 -9.55479 3
      vertex -41.3083 -9.55479 0
      vertex -41.0863 -9.35596 3
    endloop
  endfacet
  facet normal 0.417728 -0.908572 0
    outer loop
      vertex -40.8154 -9.23141 0
      vertex -40.8154 -9.23141 3
      vertex -41.0863 -9.35596 0
    endloop
  endfacet
  facet normal 0.417728 -0.908572 0
    outer loop
      vertex -41.0863 -9.35596 3
      vertex -41.0863 -9.35596 0
      vertex -40.8154 -9.23141 3
    endloop
  endfacet
  facet normal 0.131439 -0.991324 0
    outer loop
      vertex -40.5199 -9.19223 0
      vertex -40.5199 -9.19223 3
      vertex -40.8154 -9.23141 0
    endloop
  endfacet
  facet normal 0.131439 -0.991324 0
    outer loop
      vertex -40.8154 -9.23141 3
      vertex -40.8154 -9.23141 0
      vertex -40.5199 -9.19223 3
    endloop
  endfacet
  facet normal -0.0177727 -0.999842 0
    outer loop
      vertex -29.8164 -9.38249 0
      vertex -29.8164 -9.38249 3
      vertex -40.5199 -9.19223 0
    endloop
  endfacet
  facet normal -0.0177727 -0.999842 -0
    outer loop
      vertex -40.5199 -9.19223 3
      vertex -40.5199 -9.19223 0
      vertex -29.8164 -9.38249 3
    endloop
  endfacet
  facet normal -0.111054 -0.993814 0
    outer loop
      vertex -29.6308 -9.40323 0
      vertex -29.6308 -9.40323 3
      vertex -29.8164 -9.38249 0
    endloop
  endfacet
  facet normal -0.111054 -0.993814 -0
    outer loop
      vertex -29.8164 -9.38249 3
      vertex -29.8164 -9.38249 0
      vertex -29.6308 -9.40323 3
    endloop
  endfacet
  facet normal -0.346973 -0.937875 0
    outer loop
      vertex -29.3512 -9.50667 0
      vertex -29.3512 -9.50667 3
      vertex -29.6308 -9.40323 0
    endloop
  endfacet
  facet normal -0.346973 -0.937875 -0
    outer loop
      vertex -29.6308 -9.40323 3
      vertex -29.6308 -9.40323 0
      vertex -29.3512 -9.50667 3
    endloop
  endfacet
  facet normal -0.60815 -0.793822 0
    outer loop
      vertex -29.1146 -9.68793 0
      vertex -29.1146 -9.68793 3
      vertex -29.3512 -9.50667 0
    endloop
  endfacet
  facet normal -0.60815 -0.793822 -0
    outer loop
      vertex -29.3512 -9.50667 3
      vertex -29.3512 -9.50667 0
      vertex -29.1146 -9.68793 3
    endloop
  endfacet
  facet normal -0.815035 -0.579412 0
    outer loop
      vertex -28.9419 -9.93086 0
      vertex -28.9419 -9.93086 3
      vertex -29.1146 -9.68793 0
    endloop
  endfacet
  facet normal -0.815035 -0.579412 -0
    outer loop
      vertex -29.1146 -9.68793 3
      vertex -29.1146 -9.68793 0
      vertex -28.9419 -9.93086 3
    endloop
  endfacet
  facet normal -0.949532 -0.31367 0
    outer loop
      vertex -28.8484 -10.2139 0
      vertex -28.8484 -10.2139 3
      vertex -28.9419 -9.93086 0
    endloop
  endfacet
  facet normal -0.949532 -0.31367 -0
    outer loop
      vertex -28.9419 -9.93086 3
      vertex -28.9419 -9.93086 0
      vertex -28.8484 -10.2139 3
    endloop
  endfacet
  facet normal -0.985718 -0.168404 0
    outer loop
      vertex -26.9663 -21.2304 0
      vertex -26.9663 -21.2304 3
      vertex -28.8484 -10.2139 0
    endloop
  endfacet
  facet normal -0.985718 -0.168404 -0
    outer loop
      vertex -28.8484 -10.2139 3
      vertex -28.8484 -10.2139 0
      vertex -26.9663 -21.2304 3
    endloop
  endfacet
  facet normal -0.997642 -0.0686314 0
    outer loop
      vertex -26.9525 -21.431 0
      vertex -26.9525 -21.431 3
      vertex -26.9663 -21.2304 0
    endloop
  endfacet
  facet normal -0.997642 -0.0686314 -0
    outer loop
      vertex -26.9663 -21.2304 3
      vertex -26.9663 -21.2304 0
      vertex -26.9525 -21.431 3
    endloop
  endfacet
  facet normal -0.983519 0.180804 0
    outer loop
      vertex -27.0064 -21.7242 0
      vertex -27.0064 -21.7242 3
      vertex -26.9525 -21.431 0
    endloop
  endfacet
  facet normal -0.983519 0.180804 0
    outer loop
      vertex -26.9525 -21.431 3
      vertex -26.9525 -21.431 0
      vertex -27.0064 -21.7242 3
    endloop
  endfacet
  facet normal -0.886441 0.462841 0
    outer loop
      vertex -27.1444 -21.9885 0
      vertex -27.1444 -21.9885 3
      vertex -27.0064 -21.7242 0
    endloop
  endfacet
  facet normal -0.886441 0.462841 0
    outer loop
      vertex -27.0064 -21.7242 3
      vertex -27.0064 -21.7242 0
      vertex -27.1444 -21.9885 3
    endloop
  endfacet
  facet normal -0.710789 0.703406 0
    outer loop
      vertex -27.354 -22.2003 0
      vertex -27.354 -22.2003 3
      vertex -27.1444 -21.9885 0
    endloop
  endfacet
  facet normal -0.710789 0.703406 0
    outer loop
      vertex -27.1444 -21.9885 3
      vertex -27.1444 -21.9885 0
      vertex -27.354 -22.2003 3
    endloop
  endfacet
  facet normal -0.471858 0.881674 0
    outer loop
      vertex -27.6169 -22.341 0
      vertex -27.6169 -22.341 3
      vertex -27.354 -22.2003 0
    endloop
  endfacet
  facet normal -0.471858 0.881674 0
    outer loop
      vertex -27.354 -22.2003 3
      vertex -27.354 -22.2003 0
      vertex -27.6169 -22.341 3
    endloop
  endfacet
  facet normal -0.190888 0.981612 0
    outer loop
      vertex -27.9095 -22.3979 0
      vertex -27.9095 -22.3979 3
      vertex -27.6169 -22.341 0
    endloop
  endfacet
  facet normal -0.190888 0.981612 0
    outer loop
      vertex -27.6169 -22.341 3
      vertex -27.6169 -22.341 0
      vertex -27.9095 -22.3979 3
    endloop
  endfacet
  facet normal -0.0425366 0.999095 0
    outer loop
      vertex -40.7151 -22.9431 0
      vertex -40.7151 -22.9431 3
      vertex -27.9095 -22.3979 0
    endloop
  endfacet
  facet normal -0.0425366 0.999095 0
    outer loop
      vertex -27.9095 -22.3979 3
      vertex -27.9095 -22.3979 0
      vertex -40.7151 -22.9431 3
    endloop
  endfacet
  facet normal 0.174116 0.984725 -0
    outer loop
      vertex -41.1404 -22.8679 0
      vertex -41.1404 -22.8679 3
      vertex -40.7151 -22.9431 0
    endloop
  endfacet
  facet normal 0.174116 0.984725 0
    outer loop
      vertex -40.7151 -22.9431 3
      vertex -40.7151 -22.9431 0
      vertex -41.1404 -22.8679 3
    endloop
  endfacet
  facet normal 0.318884 0.947794 -0
    outer loop
      vertex -54.3189 -19.101 0
      vertex -54.3189 -19.101 3
      vertex -45.0646 -22.2146 0
    endloop
  endfacet
  facet normal 0.318884 0.947794 0
    outer loop
      vertex -45.0646 -22.2146 3
      vertex -45.0646 -22.2146 0
      vertex -54.3189 -19.101 3
    endloop
  endfacet
  facet normal 0.478529 0.878072 -0
    outer loop
      vertex -54.6235 -18.935 0
      vertex -54.6235 -18.935 3
      vertex -54.3189 -19.101 0
    endloop
  endfacet
  facet normal 0.478529 0.878072 0
    outer loop
      vertex -54.3189 -19.101 3
      vertex -54.3189 -19.101 0
      vertex -54.6235 -18.935 3
    endloop
  endfacet
  facet normal 0.733116 0.680104 -0
    outer loop
      vertex -54.8262 -18.7165 0
      vertex -54.8262 -18.7165 3
      vertex -54.6235 -18.935 0
    endloop
  endfacet
  facet normal 0.733116 0.680104 0
    outer loop
      vertex -54.6235 -18.935 3
      vertex -54.6235 -18.935 0
      vertex -54.8262 -18.7165 3
    endloop
  endfacet
  facet normal 0.900841 0.434148 -0
    outer loop
      vertex -54.9556 -18.448 0
      vertex -54.9556 -18.448 3
      vertex -54.8262 -18.7165 0
    endloop
  endfacet
  facet normal 0.900841 0.434148 0
    outer loop
      vertex -54.8262 -18.7165 3
      vertex -54.8262 -18.7165 0
      vertex -54.9556 -18.448 3
    endloop
  endfacet
  facet normal 0.988848 0.148931 -0
    outer loop
      vertex -55 -18.1532 0
      vertex -55 -18.1532 3
      vertex -54.9556 -18.448 0
    endloop
  endfacet
  facet normal 0.988848 0.148931 0
    outer loop
      vertex -54.9556 -18.448 3
      vertex -54.9556 -18.448 0
      vertex -55 -18.1532 3
    endloop
  endfacet
  facet normal 1 0 -0
    outer loop
      vertex -55 -10.668 0
      vertex -55 -10.668 3
      vertex -55 -18.1532 0
    endloop
  endfacet
  facet normal 1 -0 0
    outer loop
      vertex -55 -18.1532 3
      vertex -55 -18.1532 0
      vertex -55 -10.668 3
    endloop
  endfacet
  facet normal 0.986427 -0.164201 0
    outer loop
      vertex -54.9461 -10.3442 0
      vertex -54.9461 -10.3442 3
      vertex -55 -10.668 0
    endloop
  endfacet
  facet normal 0.986427 -0.164201 0
    outer loop
      vertex -55 -10.668 3
      vertex -55 -10.668 0
      vertex -54.9461 -10.3442 3
    endloop
  endfacet
  facet normal 0.887272 -0.461247 0
    outer loop
      vertex -54.8086 -10.0797 0
      vertex -54.8086 -10.0797 3
      vertex -54.9461 -10.3442 0
    endloop
  endfacet
  facet normal 0.887272 -0.461247 0
    outer loop
      vertex -54.9461 -10.3442 3
      vertex -54.9461 -10.3442 0
      vertex -54.8086 -10.0797 3
    endloop
  endfacet
  facet normal 0.711988 -0.702192 0
    outer loop
      vertex -54.5993 -9.86748 0
      vertex -54.5993 -9.86748 3
      vertex -54.8086 -10.0797 0
    endloop
  endfacet
  facet normal 0.711988 -0.702192 0
    outer loop
      vertex -54.8086 -10.0797 3
      vertex -54.8086 -10.0797 0
      vertex -54.5993 -9.86748 3
    endloop
  endfacet
  facet normal 0.473319 -0.880891 0
    outer loop
      vertex -54.3367 -9.72638 0
      vertex -54.3367 -9.72638 3
      vertex -54.5993 -9.86748 0
    endloop
  endfacet
  facet normal 0.473319 -0.880891 0
    outer loop
      vertex -54.5993 -9.86748 3
      vertex -54.5993 -9.86748 0
      vertex -54.3367 -9.72638 3
    endloop
  endfacet
  facet normal 0.192631 -0.981271 0
    outer loop
      vertex -54.0442 -9.66896 0
      vertex -54.0442 -9.66896 3
      vertex -54.3367 -9.72638 0
    endloop
  endfacet
  facet normal 0.192631 -0.981271 0
    outer loop
      vertex -54.3367 -9.72638 3
      vertex -54.3367 -9.72638 0
      vertex -54.0442 -9.66896 3
    endloop
  endfacet
  facet normal 0.0442323 -0.999021 0
    outer loop
      vertex -44.5837 -9.25009 0
      vertex -44.5837 -9.25009 3
      vertex -54.0442 -9.66896 0
    endloop
  endfacet
  facet normal 0.0442323 -0.999021 0
    outer loop
      vertex -54.0442 -9.66896 3
      vertex -54.0442 -9.66896 0
      vertex -44.5837 -9.25009 3
    endloop
  endfacet
  facet normal -0.173371 -0.984857 0
    outer loop
      vertex -44.1568 -9.32524 0
      vertex -44.1568 -9.32524 3
      vertex -44.5837 -9.25009 0
    endloop
  endfacet
  facet normal -0.173371 -0.984857 -0
    outer loop
      vertex -44.5837 -9.25009 3
      vertex -44.5837 -9.25009 0
      vertex -44.1568 -9.32524 3
    endloop
  endfacet
  facet normal -0.516172 -0.856485 0
    outer loop
      vertex -43.9015 -9.4791 0
      vertex -43.9015 -9.4791 3
      vertex -44.1568 -9.32524 0
    endloop
  endfacet
  facet normal -0.516172 -0.856485 -0
    outer loop
      vertex -44.1568 -9.32524 3
      vertex -44.1568 -9.32524 0
      vertex -43.9015 -9.4791 3
    endloop
  endfacet
  facet normal -0.745667 -0.666319 0
    outer loop
      vertex -43.7029 -9.70135 0
      vertex -43.7029 -9.70135 3
      vertex -43.9015 -9.4791 0
    endloop
  endfacet
  facet normal -0.745667 -0.666319 -0
    outer loop
      vertex -43.9015 -9.4791 3
      vertex -43.9015 -9.4791 0
      vertex -43.7029 -9.70135 3
    endloop
  endfacet
  facet normal -0.908913 -0.416985 0
    outer loop
      vertex -43.5786 -9.97229 0
      vertex -43.5786 -9.97229 3
      vertex -43.7029 -9.70135 0
    endloop
  endfacet
  facet normal -0.908913 -0.416985 -0
    outer loop
      vertex -43.7029 -9.70135 3
      vertex -43.7029 -9.70135 0
      vertex -43.5786 -9.97229 3
    endloop
  endfacet
  facet normal -0.991447 -0.130511 0
    outer loop
      vertex -43.5397 -10.2678 0
      vertex -43.5397 -10.2678 3
      vertex -43.5786 -9.97229 0
    endloop
  endfacet
  facet normal -0.991447 -0.130511 -0
    outer loop
      vertex -43.5786 -9.97229 3
      vertex -43.5786 -9.97229 0
      vertex -43.5397 -10.2678 3
    endloop
  endfacet
  facet normal -0.999825 0.0187119 0
    outer loop
      vertex -43.7459 -21.2856 0
      vertex -43.7459 -21.2856 3
      vertex -43.5397 -10.2678 0
    endloop
  endfacet
  facet normal -0.999825 0.0187119 0
    outer loop
      vertex -43.5397 -10.2678 3
      vertex -43.5397 -10.2678 0
      vertex -43.7459 -21.2856 3
    endloop
  endfacet
  facet normal -0.978237 0.207489 0
    outer loop
      vertex -43.8244 -21.6557 0
      vertex -43.8244 -21.6557 3
      vertex -43.7459 -21.2856 0
    endloop
  endfacet
  facet normal -0.978237 0.207489 0
    outer loop
      vertex -43.7459 -21.2856 3
      vertex -43.7459 -21.2856 0
      vertex -43.8244 -21.6557 3
    endloop
  endfacet
  facet normal -0.852992 0.521925 0
    outer loop
      vertex -43.98 -21.91 0
      vertex -43.98 -21.91 3
      vertex -43.8244 -21.6557 0
    endloop
  endfacet
  facet normal -0.852992 0.521925 0
    outer loop
      vertex -43.8244 -21.6557 3
      vertex -43.8244 -21.6557 0
      vertex -43.98 -21.91 3
    endloop
  endfacet
  facet normal -0.661255 0.750161 0
    outer loop
      vertex -44.2036 -22.1071 0
      vertex -44.2036 -22.1071 3
      vertex -43.98 -21.91 0
    endloop
  endfacet
  facet normal -0.661255 0.750161 0
    outer loop
      vertex -43.98 -21.91 3
      vertex -43.98 -21.91 0
      vertex -44.2036 -22.1071 3
    endloop
  endfacet
  facet normal -0.41102 0.911626 0
    outer loop
      vertex -44.4753 -22.2296 0
      vertex -44.4753 -22.2296 3
      vertex -44.2036 -22.1071 0
    endloop
  endfacet
  facet normal -0.41102 0.911626 0
    outer loop
      vertex -44.2036 -22.1071 3
      vertex -44.2036 -22.1071 0
      vertex -44.4753 -22.2296 3
    endloop
  endfacet
  facet normal -0.123787 0.992309 0
    outer loop
      vertex -44.7711 -22.2665 0
      vertex -44.7711 -22.2665 3
      vertex -44.4753 -22.2296 0
    endloop
  endfacet
  facet normal -0.123787 0.992309 0
    outer loop
      vertex -44.4753 -22.2296 3
      vertex -44.4753 -22.2296 0
      vertex -44.7711 -22.2665 3
    endloop
  endfacet
  facet normal 0.17413 0.984723 -0
    outer loop
      vertex -45.0646 -22.2146 0
      vertex -45.0646 -22.2146 3
      vertex -44.7711 -22.2665 0
    endloop
  endfacet
  facet normal 0.17413 0.984723 0
    outer loop
      vertex -44.7711 -22.2665 3
      vertex -44.7711 -22.2665 0
      vertex -45.0646 -22.2146 3
    endloop
  endfacet
  facet normal 0.346855 0.937919 -0
    outer loop
      vertex -24.4218 -22.0122 0
      vertex -24.4218 -22.0122 3
      vertex -24.1422 -22.1156 0
    endloop
  endfacet
  facet normal 0.346855 0.937919 0
    outer loop
      vertex -24.1422 -22.1156 3
      vertex -24.1422 -22.1156 0
      vertex -24.4218 -22.0122 3
    endloop
  endfacet
  facet normal 0.608234 0.793758 -0
    outer loop
      vertex -24.6584 -21.8309 0
      vertex -24.6584 -21.8309 3
      vertex -24.4218 -22.0122 0
    endloop
  endfacet
  facet normal 0.608234 0.793758 0
    outer loop
      vertex -24.4218 -22.0122 3
      vertex -24.4218 -22.0122 0
      vertex -24.6584 -21.8309 3
    endloop
  endfacet
  facet normal 0.815001 0.579459 -0
    outer loop
      vertex -24.8311 -21.588 0
      vertex -24.8311 -21.588 3
      vertex -24.6584 -21.8309 0
    endloop
  endfacet
  facet normal 0.815001 0.579459 0
    outer loop
      vertex -24.6584 -21.8309 3
      vertex -24.6584 -21.8309 0
      vertex -24.8311 -21.588 3
    endloop
  endfacet
  facet normal 0.949552 0.31361 -0
    outer loop
      vertex -24.9246 -21.3049 0
      vertex -24.9246 -21.3049 3
      vertex -24.8311 -21.588 0
    endloop
  endfacet
  facet normal 0.949552 0.31361 0
    outer loop
      vertex -24.8311 -21.588 3
      vertex -24.8311 -21.588 0
      vertex -24.9246 -21.3049 3
    endloop
  endfacet
  facet normal 0.985718 0.168406 -0
    outer loop
      vertex -26.7028 -10.8967 0
      vertex -26.7028 -10.8967 3
      vertex -24.9246 -21.3049 0
    endloop
  endfacet
  facet normal 0.985718 0.168406 0
    outer loop
      vertex -24.9246 -21.3049 3
      vertex -24.9246 -21.3049 0
      vertex -26.7028 -10.8967 3
    endloop
  endfacet
  facet normal 0.999895 -0.0145031 0
    outer loop
      vertex -26.6975 -10.5313 0
      vertex -26.6975 -10.5313 3
      vertex -26.7028 -10.8967 0
    endloop
  endfacet
  facet normal 0.999895 -0.0145031 0
    outer loop
      vertex -26.7028 -10.8967 3
      vertex -26.7028 -10.8967 0
      vertex -26.6975 -10.5313 3
    endloop
  endfacet
  facet normal 0.940106 -0.340881 0
    outer loop
      vertex -26.5959 -10.2511 0
      vertex -26.5959 -10.2511 3
      vertex -26.6975 -10.5313 0
    endloop
  endfacet
  facet normal 0.940106 -0.340881 0
    outer loop
      vertex -26.6975 -10.5313 3
      vertex -26.6975 -10.5313 0
      vertex -26.5959 -10.2511 3
    endloop
  endfacet
  facet normal 0.797821 -0.602895 0
    outer loop
      vertex -26.4162 -10.0133 0
      vertex -26.4162 -10.0133 3
      vertex -26.5959 -10.2511 0
    endloop
  endfacet
  facet normal 0.797821 -0.602895 0
    outer loop
      vertex -26.5959 -10.2511 3
      vertex -26.5959 -10.2511 0
      vertex -26.4162 -10.0133 3
    endloop
  endfacet
  facet normal 0.584822 -0.811162 0
    outer loop
      vertex -26.1744 -9.83897 0
      vertex -26.1744 -9.83897 3
      vertex -26.4162 -10.0133 0
    endloop
  endfacet
  facet normal 0.584822 -0.811162 0
    outer loop
      vertex -26.4162 -10.0133 3
      vertex -26.4162 -10.0133 0
      vertex -26.1744 -9.83897 3
    endloop
  endfacet
  facet normal 0.319557 -0.947567 0
    outer loop
      vertex -25.8919 -9.7437 0
      vertex -25.8919 -9.7437 3
      vertex -26.1744 -9.83897 0
    endloop
  endfacet
  facet normal 0.319557 -0.947567 0
    outer loop
      vertex -26.1744 -9.83897 3
      vertex -26.1744 -9.83897 0
      vertex -25.8919 -9.7437 3
    endloop
  endfacet
  facet normal 0.0261655 -0.999658 0
    outer loop
      vertex -25.5939 -9.7359 0
      vertex -25.5939 -9.7359 3
      vertex -25.8919 -9.7437 0
    endloop
  endfacet
  facet normal 0.0261655 -0.999658 0
    outer loop
      vertex -25.8919 -9.7437 3
      vertex -25.8919 -9.7437 0
      vertex -25.5939 -9.7359 3
    endloop
  endfacet
  facet normal -0.123139 -0.992389 0
    outer loop
      vertex -14.8253 -11.0721 0
      vertex -14.8253 -11.0721 3
      vertex -25.5939 -9.7359 0
    endloop
  endfacet
  facet normal -0.123139 -0.992389 -0
    outer loop
      vertex -25.5939 -9.7359 3
      vertex -25.5939 -9.7359 0
      vertex -14.8253 -11.0721 3
    endloop
  endfacet
  facet normal -0.291463 -0.956582 0
    outer loop
      vertex -14.4971 -11.1721 0
      vertex -14.4971 -11.1721 3
      vertex -14.8253 -11.0721 0
    endloop
  endfacet
  facet normal -0.291463 -0.956582 -0
    outer loop
      vertex -14.8253 -11.0721 3
      vertex -14.8253 -11.0721 0
      vertex -14.4971 -11.1721 3
    endloop
  endfacet
  facet normal -0.579078 -0.815272 0
    outer loop
      vertex -14.2541 -11.3447 0
      vertex -14.2541 -11.3447 3
      vertex -14.4971 -11.1721 0
    endloop
  endfacet
  facet normal -0.579078 -0.815272 -0
    outer loop
      vertex -14.4971 -11.1721 3
      vertex -14.4971 -11.1721 0
      vertex -14.2541 -11.3447 3
    endloop
  endfacet
  facet normal -0.793882 -0.608072 0
    outer loop
      vertex -14.0728 -11.5814 0
      vertex -14.0728 -11.5814 3
      vertex -14.2541 -11.3447 0
    endloop
  endfacet
  facet normal -0.793882 -0.608072 -0
    outer loop
      vertex -14.2541 -11.3447 3
      vertex -14.2541 -11.3447 0
      vertex -14.0728 -11.5814 3
    endloop
  endfacet
  facet normal -0.937878 -0.346965 0
    outer loop
      vertex -13.9694 -11.8609 0
      vertex -13.9694 -11.8609 3
      vertex -14.0728 -11.5814 0
    endloop
  endfacet
  facet normal -0.937878 -0.346965 -0
    outer loop
      vertex -14.0728 -11.5814 3
      vertex -14.0728 -11.5814 0
      vertex -13.9694 -11.8609 3
    endloop
  endfacet
  facet normal -0.998467 -0.0553585 0
    outer loop
      vertex -13.9529 -12.1585 0
      vertex -13.9529 -12.1585 3
      vertex -13.9694 -11.8609 0
    endloop
  endfacet
  facet normal -0.998467 -0.0553585 -0
    outer loop
      vertex -13.9694 -11.8609 3
      vertex -13.9694 -11.8609 0
      vertex -13.9529 -12.1585 3
    endloop
  endfacet
  facet normal -0.995563 0.0940923 0
    outer loop
      vertex -14.7378 -20.4633 0
      vertex -14.7378 -20.4633 3
      vertex -13.9529 -12.1585 0
    endloop
  endfacet
  facet normal -0.995563 0.0940923 0
    outer loop
      vertex -13.9529 -12.1585 3
      vertex -13.9529 -12.1585 0
      vertex -14.7378 -20.4633 3
    endloop
  endfacet
  facet normal -0.982395 0.186816 0
    outer loop
      vertex -14.7726 -20.6463 0
      vertex -14.7726 -20.6463 3
      vertex -14.7378 -20.4633 0
    endloop
  endfacet
  facet normal -0.982395 0.186816 0
    outer loop
      vertex -14.7378 -20.4633 3
      vertex -14.7378 -20.4633 0
      vertex -14.7726 -20.6463 3
    endloop
  endfacet
  facet normal -0.90889 0.417036 0
    outer loop
      vertex -14.8969 -20.9172 0
      vertex -14.8969 -20.9172 3
      vertex -14.7726 -20.6463 0
    endloop
  endfacet
  facet normal -0.90889 0.417036 0
    outer loop
      vertex -14.7726 -20.6463 3
      vertex -14.7726 -20.6463 0
      vertex -14.8969 -20.9172 3
    endloop
  endfacet
  facet normal -0.745426 0.666589 0
    outer loop
      vertex -15.0956 -21.1394 0
      vertex -15.0956 -21.1394 3
      vertex -14.8969 -20.9172 0
    endloop
  endfacet
  facet normal -0.745426 0.666589 0
    outer loop
      vertex -14.8969 -20.9172 3
      vertex -14.8969 -20.9172 0
      vertex -15.0956 -21.1394 3
    endloop
  endfacet
  facet normal -0.515876 0.856663 0
    outer loop
      vertex -15.351 -21.2932 0
      vertex -15.351 -21.2932 3
      vertex -15.0956 -21.1394 0
    endloop
  endfacet
  facet normal -0.515876 0.856663 0
    outer loop
      vertex -15.0956 -21.1394 3
      vertex -15.0956 -21.1394 0
      vertex -15.351 -21.2932 3
    endloop
  endfacet
  facet normal -0.240562 0.970634 0
    outer loop
      vertex -15.6403 -21.3649 0
      vertex -15.6403 -21.3649 3
      vertex -15.351 -21.2932 0
    endloop
  endfacet
  facet normal -0.240562 0.970634 0
    outer loop
      vertex -15.351 -21.2932 3
      vertex -15.351 -21.2932 0
      vertex -15.6403 -21.3649 3
    endloop
  endfacet
  facet normal -0.0931054 0.995656 0
    outer loop
      vertex -23.8457 -22.1322 0
      vertex -23.8457 -22.1322 3
      vertex -15.6403 -21.3649 0
    endloop
  endfacet
  facet normal -0.0931054 0.995656 0
    outer loop
      vertex -15.6403 -21.3649 3
      vertex -15.6403 -21.3649 0
      vertex -23.8457 -22.1322 3
    endloop
  endfacet
  facet normal 0.055899 0.998436 -0
    outer loop
      vertex -24.1422 -22.1156 0
      vertex -24.1422 -22.1156 3
      vertex -23.8457 -22.1322 0
    endloop
  endfacet
  facet normal 0.055899 0.998436 0
    outer loop
      vertex -23.8457 -22.1322 3
      vertex -23.8457 -22.1322 0
      vertex -24.1422 -22.1156 3
    endloop
  endfacet
  facet normal 0.0937035 0.9956 -0
    outer loop
      vertex 42.0655 -34.9824 0
      vertex 42.0655 -34.9824 3
      vertex 42.2525 -35 0
    endloop
  endfacet
  facet normal 0.0937035 0.9956 0
    outer loop
      vertex 42.2525 -35 3
      vertex 42.2525 -35 0
      vertex 42.0655 -34.9824 3
    endloop
  endfacet
  facet normal 0.331486 0.94346 -0
    outer loop
      vertex 41.7843 -34.8836 0
      vertex 41.7843 -34.8836 3
      vertex 42.0655 -34.9824 0
    endloop
  endfacet
  facet normal 0.331486 0.94346 0
    outer loop
      vertex 42.0655 -34.9824 3
      vertex 42.0655 -34.9824 0
      vertex 41.7843 -34.8836 3
    endloop
  endfacet
  facet normal 0.594457 0.804127 -0
    outer loop
      vertex 41.5446 -34.7064 0
      vertex 41.5446 -34.7064 3
      vertex 41.7843 -34.8836 0
    endloop
  endfacet
  facet normal 0.594457 0.804127 0
    outer loop
      vertex 41.7843 -34.8836 3
      vertex 41.7843 -34.8836 0
      vertex 41.5446 -34.7064 3
    endloop
  endfacet
  facet normal 0.805283 0.59289 -0
    outer loop
      vertex 41.3679 -34.4664 0
      vertex 41.3679 -34.4664 3
      vertex 41.5446 -34.7064 0
    endloop
  endfacet
  facet normal 0.805283 0.59289 0
    outer loop
      vertex 41.5446 -34.7064 3
      vertex 41.5446 -34.7064 0
      vertex 41.3679 -34.4664 3
    endloop
  endfacet
  facet normal 0.944198 0.329379 -0
    outer loop
      vertex 41.2697 -34.1849 0
      vertex 41.2697 -34.1849 3
      vertex 41.3679 -34.4664 0
    endloop
  endfacet
  facet normal 0.944198 0.329379 0
    outer loop
      vertex 41.3679 -34.4664 3
      vertex 41.3679 -34.4664 0
      vertex 41.2697 -34.1849 3
    endloop
  endfacet
  facet normal 0.999343 0.03623 -0
    outer loop
      vertex 41.2589 -33.887 0
      vertex 41.2589 -33.887 3
      vertex 41.2697 -34.1849 0
    endloop
  endfacet
  facet normal 0.999343 0.03623 0
    outer loop
      vertex 41.2697 -34.1849 3
      vertex 41.2697 -34.1849 0
      vertex 41.2589 -33.887 3
    endloop
  endfacet
  facet normal 0.993596 -0.112989 0
    outer loop
      vertex 42.7048 -21.1721 0
      vertex 42.7048 -21.1721 3
      vertex 41.2589 -33.887 0
    endloop
  endfacet
  facet normal 0.993596 -0.112989 0
    outer loop
      vertex 41.2589 -33.887 3
      vertex 41.2589 -33.887 0
      vertex 42.7048 -21.1721 3
    endloop
  endfacet
  facet normal 0.972462 -0.233063 0
    outer loop
      vertex 42.7616 -20.9351 0
      vertex 42.7616 -20.9351 3
      vertex 42.7048 -21.1721 0
    endloop
  endfacet
  facet normal 0.972462 -0.233063 0
    outer loop
      vertex 42.7048 -21.1721 3
      vertex 42.7048 -21.1721 0
      vertex 42.7616 -20.9351 3
    endloop
  endfacet
  facet normal 0.874126 -0.4857 0
    outer loop
      vertex 42.9064 -20.6745 0
      vertex 42.9064 -20.6745 3
      vertex 42.7616 -20.9351 0
    endloop
  endfacet
  facet normal 0.874126 -0.4857 0
    outer loop
      vertex 42.7616 -20.9351 3
      vertex 42.7616 -20.9351 0
      vertex 42.9064 -20.6745 3
    endloop
  endfacet
  facet normal 0.692022 -0.721876 0
    outer loop
      vertex 43.1216 -20.4682 0
      vertex 43.1216 -20.4682 3
      vertex 42.9064 -20.6745 0
    endloop
  endfacet
  facet normal 0.692022 -0.721876 0
    outer loop
      vertex 42.9064 -20.6745 3
      vertex 42.9064 -20.6745 0
      vertex 43.1216 -20.4682 3
    endloop
  endfacet
  facet normal 0.44869 -0.893688 0
    outer loop
      vertex 43.3879 -20.3345 0
      vertex 43.3879 -20.3345 3
      vertex 43.1216 -20.4682 0
    endloop
  endfacet
  facet normal 0.44869 -0.893688 0
    outer loop
      vertex 43.1216 -20.4682 3
      vertex 43.1216 -20.4682 0
      vertex 43.3879 -20.3345 3
    endloop
  endfacet
  facet normal 0.165378 -0.98623 0
    outer loop
      vertex 43.6819 -20.2852 0
      vertex 43.6819 -20.2852 3
      vertex 43.3879 -20.3345 0
    endloop
  endfacet
  facet normal 0.165378 -0.98623 0
    outer loop
      vertex 43.3879 -20.3345 3
      vertex 43.3879 -20.3345 0
      vertex 43.6819 -20.2852 3
    endloop
  endfacet
  facet normal 0.0164417 -0.999865 0
    outer loop
      vertex 53.9836 -20.1158 0
      vertex 53.9836 -20.1158 3
      vertex 43.6819 -20.2852 0
    endloop
  endfacet
  facet normal 0.0164417 -0.999865 0
    outer loop
      vertex 43.6819 -20.2852 3
      vertex 43.6819 -20.2852 0
      vertex 53.9836 -20.1158 3
    endloop
  endfacet
  facet normal -0.177887 -0.984051 0
    outer loop
      vertex 54.3653 -20.1848 0
      vertex 54.3653 -20.1848 3
      vertex 53.9836 -20.1158 0
    endloop
  endfacet
  facet normal -0.177887 -0.984051 -0
    outer loop
      vertex 53.9836 -20.1158 3
      vertex 53.9836 -20.1158 0
      vertex 54.3653 -20.1848 3
    endloop
  endfacet
  facet normal -0.499819 -0.86613 0
    outer loop
      vertex 54.6235 -20.3338 0
      vertex 54.6235 -20.3338 3
      vertex 54.3653 -20.1848 0
    endloop
  endfacet
  facet normal -0.499819 -0.86613 -0
    outer loop
      vertex 54.3653 -20.1848 3
      vertex 54.3653 -20.1848 0
      vertex 54.6235 -20.3338 3
    endloop
  endfacet
  facet normal -0.733116 -0.680104 0
    outer loop
      vertex 54.8262 -20.5523 0
      vertex 54.8262 -20.5523 3
      vertex 54.6235 -20.3338 0
    endloop
  endfacet
  facet normal -0.733116 -0.680104 -0
    outer loop
      vertex 54.6235 -20.3338 3
      vertex 54.6235 -20.3338 0
      vertex 54.8262 -20.5523 3
    endloop
  endfacet
  facet normal -0.900905 -0.434017 0
    outer loop
      vertex 54.9556 -20.8209 0
      vertex 54.9556 -20.8209 3
      vertex 54.8262 -20.5523 0
    endloop
  endfacet
  facet normal -0.900905 -0.434017 -0
    outer loop
      vertex 54.8262 -20.5523 3
      vertex 54.8262 -20.5523 0
      vertex 54.9556 -20.8209 3
    endloop
  endfacet
  facet normal -0.98884 -0.14898 0
    outer loop
      vertex 55 -21.1156 0
      vertex 55 -21.1156 3
      vertex 54.9556 -20.8209 0
    endloop
  endfacet
  facet normal -0.98884 -0.14898 -0
    outer loop
      vertex 54.9556 -20.8209 3
      vertex 54.9556 -20.8209 0
      vertex 55 -21.1156 3
    endloop
  endfacet
  facet normal -1 0 0
    outer loop
      vertex 55 -34 0
      vertex 55 -34 3
      vertex 55 -21.1156 0
    endloop
  endfacet
  facet normal -1 -0 -0
    outer loop
      vertex 55 -21.1156 3
      vertex 55 -21.1156 0
      vertex 55 -34 3
    endloop
  endfacet
  facet normal -0.982576 0.185864 0
    outer loop
      vertex 54.9309 -34.3653 0
      vertex 54.9309 -34.3653 3
      vertex 55 -34 0
    endloop
  endfacet
  facet normal -0.982576 0.185864 0
    outer loop
      vertex 55 -34 3
      vertex 55 -34 0
      vertex 54.9309 -34.3653 3
    endloop
  endfacet
  facet normal -0.865985 0.500071 0
    outer loop
      vertex 54.7818 -34.6235 0
      vertex 54.7818 -34.6235 3
      vertex 54.9309 -34.3653 0
    endloop
  endfacet
  facet normal -0.865985 0.500071 0
    outer loop
      vertex 54.9309 -34.3653 3
      vertex 54.9309 -34.3653 0
      vertex 54.7818 -34.6235 3
    endloop
  endfacet
  facet normal -0.680104 0.733116 0
    outer loop
      vertex 54.5633 -34.8262 0
      vertex 54.5633 -34.8262 3
      vertex 54.7818 -34.6235 0
    endloop
  endfacet
  facet normal -0.680104 0.733116 0
    outer loop
      vertex 54.7818 -34.6235 3
      vertex 54.7818 -34.6235 0
      vertex 54.5633 -34.8262 3
    endloop
  endfacet
  facet normal -0.434148 0.900841 0
    outer loop
      vertex 54.2948 -34.9556 0
      vertex 54.2948 -34.9556 3
      vertex 54.5633 -34.8262 0
    endloop
  endfacet
  facet normal -0.434148 0.900841 0
    outer loop
      vertex 54.5633 -34.8262 3
      vertex 54.5633 -34.8262 0
      vertex 54.2948 -34.9556 3
    endloop
  endfacet
  facet normal -0.148931 0.988848 0
    outer loop
      vertex 54 -35 0
      vertex 54 -35 3
      vertex 54.2948 -34.9556 0
    endloop
  endfacet
  facet normal -0.148931 0.988848 0
    outer loop
      vertex 54.2948 -34.9556 3
      vertex 54.2948 -34.9556 0
      vertex 54 -35 3
    endloop
  endfacet
  facet normal 0 1 0
    outer loop
      vertex 42.2525 -35 0
      vertex 42.2525 -35 3
      vertex 54 -35 0
    endloop
  endfacet
  facet normal 0 1 0
    outer loop
      vertex 54 -35 3
      vertex 54 -35 0
      vertex 42.2525 -35 3
    endloop
  endfacet
  facet normal 0.110827 0.99384 -0
    outer loop
      vertex 27.1156 -34.9754 0
      vertex 27.1156 -34.9754 3
      vertex 27.3362 -35 0
    endloop
  endfacet
  facet normal 0.110827 0.99384 0
    outer loop
      vertex 27.3362 -35 3
      vertex 27.3362 -35 0
      vertex 27.1156 -34.9754 3
    endloop
  endfacet
  facet normal 0.363628 0.931544 -0
    outer loop
      vertex 26.8379 -34.867 0
      vertex 26.8379 -34.867 3
      vertex 27.1156 -34.9754 0
    endloop
  endfacet
  facet normal 0.363628 0.931544 0
    outer loop
      vertex 27.1156 -34.9754 3
      vertex 27.1156 -34.9754 0
      vertex 26.8379 -34.867 3
    endloop
  endfacet
  facet normal 0.621991 0.783024 -0
    outer loop
      vertex 26.6045 -34.6816 0
      vertex 26.6045 -34.6816 3
      vertex 26.8379 -34.867 0
    endloop
  endfacet
  facet normal 0.621991 0.783024 0
    outer loop
      vertex 26.8379 -34.867 3
      vertex 26.8379 -34.867 0
      vertex 26.6045 -34.6816 3
    endloop
  endfacet
  facet normal 0.825176 0.564876 -0
    outer loop
      vertex 26.4361 -34.4356 0
      vertex 26.4361 -34.4356 3
      vertex 26.6045 -34.6816 0
    endloop
  endfacet
  facet normal 0.825176 0.564876 0
    outer loop
      vertex 26.6045 -34.6816 3
      vertex 26.6045 -34.6816 0
      vertex 26.4361 -34.4356 3
    endloop
  endfacet
  facet normal 0.954992 0.296631 -0
    outer loop
      vertex 26.3477 -34.151 0
      vertex 26.3477 -34.151 3
      vertex 26.4361 -34.4356 0
    endloop
  endfacet
  facet normal 0.954992 0.296631 0
    outer loop
      vertex 26.4361 -34.4356 3
      vertex 26.4361 -34.4356 0
      vertex 26.3477 -34.151 3
    endloop
  endfacet
  facet normal 0.999998 0.00201274 -0
    outer loop
      vertex 26.3471 -33.8529 0
      vertex 26.3471 -33.8529 3
      vertex 26.3477 -34.151 0
    endloop
  endfacet
  facet normal 0.999998 0.00201274 0
    outer loop
      vertex 26.3477 -34.151 3
      vertex 26.3477 -34.151 0
      vertex 26.3471 -33.8529 3
    endloop
  endfacet
  facet normal 0.989116 -0.147135 0
    outer loop
      vertex 28.1761 -21.5574 0
      vertex 28.1761 -21.5574 3
      vertex 26.3471 -33.8529 0
    endloop
  endfacet
  facet normal 0.989116 -0.147135 0
    outer loop
      vertex 26.3471 -33.8529 3
      vertex 26.3471 -33.8529 0
      vertex 28.1761 -21.5574 3
    endloop
  endfacet
  facet normal 0.970022 -0.243017 0
    outer loop
      vertex 28.2236 -21.3678 0
      vertex 28.2236 -21.3678 3
      vertex 28.1761 -21.5574 0
    endloop
  endfacet
  facet normal 0.970022 -0.243017 0
    outer loop
      vertex 28.1761 -21.5574 3
      vertex 28.1761 -21.5574 0
      vertex 28.2236 -21.3678 3
    endloop
  endfacet
  facet normal 0.880891 -0.473319 0
    outer loop
      vertex 28.3647 -21.1052 0
      vertex 28.3647 -21.1052 3
      vertex 28.2236 -21.3678 0
    endloop
  endfacet
  facet normal 0.880891 -0.473319 0
    outer loop
      vertex 28.2236 -21.3678 3
      vertex 28.2236 -21.3678 0
      vertex 28.3647 -21.1052 3
    endloop
  endfacet
  facet normal 0.702225 -0.711955 0
    outer loop
      vertex 28.5769 -20.8959 0
      vertex 28.5769 -20.8959 3
      vertex 28.3647 -21.1052 0
    endloop
  endfacet
  facet normal 0.702225 -0.711955 0
    outer loop
      vertex 28.3647 -21.1052 3
      vertex 28.3647 -21.1052 0
      vertex 28.5769 -20.8959 3
    endloop
  endfacet
  facet normal 0.461247 -0.887272 0
    outer loop
      vertex 28.8414 -20.7584 0
      vertex 28.8414 -20.7584 3
      vertex 28.5769 -20.8959 0
    endloop
  endfacet
  facet normal 0.461247 -0.887272 0
    outer loop
      vertex 28.5769 -20.8959 3
      vertex 28.5769 -20.8959 0
      vertex 28.8414 -20.7584 3
    endloop
  endfacet
  facet normal 0.179122 -0.983827 0
    outer loop
      vertex 29.1347 -20.705 0
      vertex 29.1347 -20.705 3
      vertex 28.8414 -20.7584 0
    endloop
  endfacet
  facet normal 0.179122 -0.983827 0
    outer loop
      vertex 28.8414 -20.7584 3
      vertex 28.8414 -20.7584 0
      vertex 29.1347 -20.705 3
    endloop
  endfacet
  facet normal 0.0305397 -0.999534 0
    outer loop
      vertex 39.6309 -20.3843 0
      vertex 39.6309 -20.3843 3
      vertex 29.1347 -20.705 0
    endloop
  endfacet
  facet normal 0.0305397 -0.999534 0
    outer loop
      vertex 29.1347 -20.705 3
      vertex 29.1347 -20.705 0
      vertex 39.6309 -20.3843 3
    endloop
  endfacet
  facet normal -0.0788704 -0.996885 0
    outer loop
      vertex 39.8483 -20.4015 0
      vertex 39.8483 -20.4015 3
      vertex 39.6309 -20.3843 0
    endloop
  endfacet
  facet normal -0.0788704 -0.996885 -0
    outer loop
      vertex 39.6309 -20.3843 3
      vertex 39.6309 -20.3843 0
      vertex 39.8483 -20.4015 3
    endloop
  endfacet
  facet normal -0.331082 -0.943602 0
    outer loop
      vertex 40.1296 -20.5002 0
      vertex 40.1296 -20.5002 3
      vertex 39.8483 -20.4015 0
    endloop
  endfacet
  facet normal -0.331082 -0.943602 -0
    outer loop
      vertex 39.8483 -20.4015 3
      vertex 39.8483 -20.4015 0
      vertex 40.1296 -20.5002 3
    endloop
  endfacet
  facet normal -0.594834 -0.803848 0
    outer loop
      vertex 40.3692 -20.6775 0
      vertex 40.3692 -20.6775 3
      vertex 40.1296 -20.5002 0
    endloop
  endfacet
  facet normal -0.594834 -0.803848 -0
    outer loop
      vertex 40.1296 -20.5002 3
      vertex 40.1296 -20.5002 0
      vertex 40.3692 -20.6775 3
    endloop
  endfacet
  facet normal -0.805123 -0.593107 0
    outer loop
      vertex 40.546 -20.9175 0
      vertex 40.546 -20.9175 3
      vertex 40.3692 -20.6775 0
    endloop
  endfacet
  facet normal -0.805123 -0.593107 -0
    outer loop
      vertex 40.3692 -20.6775 3
      vertex 40.3692 -20.6775 0
      vertex 40.546 -20.9175 3
    endloop
  endfacet
  facet normal -0.944302 -0.32908 0
    outer loop
      vertex 40.6441 -21.199 0
      vertex 40.6441 -21.199 3
      vertex 40.546 -20.9175 0
    endloop
  endfacet
  facet normal -0.944302 -0.32908 -0
    outer loop
      vertex 40.546 -20.9175 3
      vertex 40.546 -20.9175 0
      vertex 40.6441 -21.199 3
    endloop
  endfacet
  facet normal -0.999331 -0.0365773 0
    outer loop
      vertex 40.655 -21.4968 0
      vertex 40.655 -21.4968 3
      vertex 40.6441 -21.199 0
    endloop
  endfacet
  facet normal -0.999331 -0.0365773 -0
    outer loop
      vertex 40.6441 -21.199 3
      vertex 40.6441 -21.199 0
      vertex 40.655 -21.4968 3
    endloop
  endfacet
  facet normal -0.993596 0.112991 0
    outer loop
      vertex 39.2203 -34.113 0
      vertex 39.2203 -34.113 3
      vertex 40.655 -21.4968 0
    endloop
  endfacet
  facet normal -0.993596 0.112991 0
    outer loop
      vertex 40.655 -21.4968 3
      vertex 40.655 -21.4968 0
      vertex 39.2203 -34.113 3
    endloop
  endfacet
  facet normal -0.970481 0.241178 0
    outer loop
      vertex 39.1576 -34.3653 0
      vertex 39.1576 -34.3653 3
      vertex 39.2203 -34.113 0
    endloop
  endfacet
  facet normal -0.970481 0.241178 0
    outer loop
      vertex 39.2203 -34.113 3
      vertex 39.2203 -34.113 0
      vertex 39.1576 -34.3653 3
    endloop
  endfacet
  facet normal -0.865985 0.500071 0
    outer loop
      vertex 39.0085 -34.6235 0
      vertex 39.0085 -34.6235 3
      vertex 39.1576 -34.3653 0
    endloop
  endfacet
  facet normal -0.865985 0.500071 0
    outer loop
      vertex 39.1576 -34.3653 3
      vertex 39.1576 -34.3653 0
      vertex 39.0085 -34.6235 3
    endloop
  endfacet
  facet normal -0.680104 0.733116 0
    outer loop
      vertex 38.79 -34.8262 0
      vertex 38.79 -34.8262 3
      vertex 39.0085 -34.6235 0
    endloop
  endfacet
  facet normal -0.680104 0.733116 0
    outer loop
      vertex 39.0085 -34.6235 3
      vertex 39.0085 -34.6235 0
      vertex 38.79 -34.8262 3
    endloop
  endfacet
  facet normal -0.434148 0.900841 0
    outer loop
      vertex 38.5215 -34.9556 0
      vertex 38.5215 -34.9556 3
      vertex 38.79 -34.8262 0
    endloop
  endfacet
  facet normal -0.434148 0.900841 0
    outer loop
      vertex 38.79 -34.8262 3
      vertex 38.79 -34.8262 0
      vertex 38.5215 -34.9556 3
    endloop
  endfacet
  facet normal -0.148931 0.988848 0
    outer loop
      vertex 38.2267 -35 0
      vertex 38.2267 -35 3
      vertex 38.5215 -34.9556 0
    endloop
  endfacet
  facet normal -0.148931 0.988848 0
    outer loop
      vertex 38.5215 -34.9556 3
      vertex 38.5215 -34.9556 0
      vertex 38.2267 -35 3
    endloop
  endfacet
  facet normal 0 1 0
    outer loop
      vertex 27.3362 -35 0
      vertex 27.3362 -35 3
      vertex 38.2267 -35 0
    endloop
  endfacet
  facet normal 0 1 0
    outer loop
      vertex 38.2267 -35 3
      vertex 38.2267 -35 0
      vertex 27.3362 -35 3
    endloop
  endfacet
  facet normal 0.201926 0.979401 -0
    outer loop
      vertex 14.6083 -34.9185 0
      vertex 14.6083 -34.9185 3
      vertex 15.0036 -35 0
    endloop
  endfacet
  facet normal 0.201926 0.979401 0
    outer loop
      vertex 15.0036 -35 3
      vertex 15.0036 -35 0
      vertex 14.6083 -34.9185 3
    endloop
  endfacet
  facet normal 0.527705 0.849428 -0
    outer loop
      vertex 14.3551 -34.7612 0
      vertex 14.3551 -34.7612 3
      vertex 14.6083 -34.9185 0
    endloop
  endfacet
  facet normal 0.527705 0.849428 0
    outer loop
      vertex 14.6083 -34.9185 3
      vertex 14.6083 -34.9185 0
      vertex 14.3551 -34.7612 3
    endloop
  endfacet
  facet normal 0.754692 0.656079 -0
    outer loop
      vertex 14.1595 -34.5362 0
      vertex 14.1595 -34.5362 3
      vertex 14.3551 -34.7612 0
    endloop
  endfacet
  facet normal 0.754692 0.656079 0
    outer loop
      vertex 14.3551 -34.7612 3
      vertex 14.3551 -34.7612 0
      vertex 14.1595 -34.5362 3
    endloop
  endfacet
  facet normal 0.914626 0.404301 -0
    outer loop
      vertex 14.039 -34.2636 0
      vertex 14.039 -34.2636 3
      vertex 14.1595 -34.5362 0
    endloop
  endfacet
  facet normal 0.914626 0.404301 0
    outer loop
      vertex 14.1595 -34.5362 3
      vertex 14.1595 -34.5362 0
      vertex 14.039 -34.2636 3
    endloop
  endfacet
  facet normal 0.993121 0.117094 -0
    outer loop
      vertex 14.0041 -33.9676 0
      vertex 14.0041 -33.9676 3
      vertex 14.039 -34.2636 0
    endloop
  endfacet
  facet normal 0.993121 0.117094 0
    outer loop
      vertex 14.039 -34.2636 3
      vertex 14.039 -34.2636 0
      vertex 14.0041 -33.9676 3
    endloop
  endfacet
  facet normal 0.983459 -0.181128 0
    outer loop
      vertex 14.0581 -33.6744 0
      vertex 14.0581 -33.6744 3
      vertex 14.0041 -33.9676 0
    endloop
  endfacet
  facet normal 0.983459 -0.181128 0
    outer loop
      vertex 14.0041 -33.9676 3
      vertex 14.0041 -33.9676 0
      vertex 14.0581 -33.6744 3
    endloop
  endfacet
  facet normal 0.945516 -0.325575 0
    outer loop
      vertex 17.7815 -22.8611 0
      vertex 17.7815 -22.8611 3
      vertex 14.0581 -33.6744 0
    endloop
  endfacet
  facet normal 0.945516 -0.325575 0
    outer loop
      vertex 14.0581 -33.6744 3
      vertex 14.0581 -33.6744 0
      vertex 17.7815 -22.8611 3
    endloop
  endfacet
  facet normal 0.911983 -0.410227 0
    outer loop
      vertex 17.8559 -22.6957 0
      vertex 17.8559 -22.6957 3
      vertex 17.7815 -22.8611 0
    endloop
  endfacet
  facet normal 0.911983 -0.410227 0
    outer loop
      vertex 17.7815 -22.8611 3
      vertex 17.7815 -22.8611 0
      vertex 17.8559 -22.6957 3
    endloop
  endfacet
  facet normal 0.78834 -0.61524 0
    outer loop
      vertex 18.0393 -22.4607 0
      vertex 18.0393 -22.4607 3
      vertex 17.8559 -22.6957 0
    endloop
  endfacet
  facet normal 0.78834 -0.61524 0
    outer loop
      vertex 17.8559 -22.6957 3
      vertex 17.8559 -22.6957 0
      vertex 18.0393 -22.4607 3
    endloop
  endfacet
  facet normal 0.571772 -0.820412 0
    outer loop
      vertex 18.2838 -22.2903 0
      vertex 18.2838 -22.2903 3
      vertex 18.0393 -22.4607 0
    endloop
  endfacet
  facet normal 0.571772 -0.820412 0
    outer loop
      vertex 18.0393 -22.4607 3
      vertex 18.0393 -22.4607 0
      vertex 18.2838 -22.2903 3
    endloop
  endfacet
  facet normal 0.304532 -0.952502 0
    outer loop
      vertex 18.5678 -22.1995 0
      vertex 18.5678 -22.1995 3
      vertex 18.2838 -22.2903 0
    endloop
  endfacet
  facet normal 0.304532 -0.952502 0
    outer loop
      vertex 18.2838 -22.2903 3
      vertex 18.2838 -22.2903 0
      vertex 18.5678 -22.1995 3
    endloop
  endfacet
  facet normal 0.159244 -0.987239 0
    outer loop
      vertex 24.8932 -21.1792 0
      vertex 24.8932 -21.1792 3
      vertex 18.5678 -22.1995 0
    endloop
  endfacet
  facet normal 0.159244 -0.987239 0
    outer loop
      vertex 18.5678 -22.1995 3
      vertex 18.5678 -22.1995 0
      vertex 24.8932 -21.1792 3
    endloop
  endfacet
  facet normal -0.0310458 -0.999518 0
    outer loop
      vertex 25.2731 -21.191 0
      vertex 25.2731 -21.191 3
      vertex 24.8932 -21.1792 0
    endloop
  endfacet
  facet normal -0.0310458 -0.999518 -0
    outer loop
      vertex 24.8932 -21.1792 3
      vertex 24.8932 -21.1792 0
      vertex 25.2731 -21.191 3
    endloop
  endfacet
  facet normal -0.363628 -0.931544 0
    outer loop
      vertex 25.5508 -21.2994 0
      vertex 25.5508 -21.2994 3
      vertex 25.2731 -21.191 0
    endloop
  endfacet
  facet normal -0.363628 -0.931544 -0
    outer loop
      vertex 25.2731 -21.191 3
      vertex 25.2731 -21.191 0
      vertex 25.5508 -21.2994 3
    endloop
  endfacet
  facet normal -0.621991 -0.783024 0
    outer loop
      vertex 25.7842 -21.4848 0
      vertex 25.7842 -21.4848 3
      vertex 25.5508 -21.2994 0
    endloop
  endfacet
  facet normal -0.621991 -0.783024 -0
    outer loop
      vertex 25.5508 -21.2994 3
      vertex 25.5508 -21.2994 0
      vertex 25.7842 -21.4848 3
    endloop
  endfacet
  facet normal -0.825176 -0.564876 0
    outer loop
      vertex 25.9526 -21.7308 0
      vertex 25.9526 -21.7308 3
      vertex 25.7842 -21.4848 0
    endloop
  endfacet
  facet normal -0.825176 -0.564876 -0
    outer loop
      vertex 25.7842 -21.4848 3
      vertex 25.7842 -21.4848 0
      vertex 25.9526 -21.7308 3
    endloop
  endfacet
  facet normal -0.954992 -0.296631 0
    outer loop
      vertex 26.041 -22.0154 0
      vertex 26.041 -22.0154 3
      vertex 25.9526 -21.7308 0
    endloop
  endfacet
  facet normal -0.954992 -0.296631 -0
    outer loop
      vertex 25.9526 -21.7308 3
      vertex 25.9526 -21.7308 0
      vertex 26.041 -22.0154 3
    endloop
  endfacet
  facet normal -0.999998 -0.00201274 0
    outer loop
      vertex 26.0416 -22.3135 0
      vertex 26.0416 -22.3135 3
      vertex 26.041 -22.0154 0
    endloop
  endfacet
  facet normal -0.999998 -0.00201274 -0
    outer loop
      vertex 26.041 -22.0154 3
      vertex 26.041 -22.0154 0
      vertex 26.0416 -22.3135 3
    endloop
  endfacet
  facet normal -0.989116 0.147135 0
    outer loop
      vertex 24.2813 -34.1471 0
      vertex 24.2813 -34.1471 3
      vertex 26.0416 -22.3135 0
    endloop
  endfacet
  facet normal -0.989116 0.147135 0
    outer loop
      vertex 26.0416 -22.3135 3
      vertex 26.0416 -22.3135 0
      vertex 24.2813 -34.1471 3
    endloop
  endfacet
  facet normal -0.96622 0.257718 0
    outer loop
      vertex 24.2231 -34.3653 0
      vertex 24.2231 -34.3653 3
      vertex 24.2813 -34.1471 0
    endloop
  endfacet
  facet normal -0.96622 0.257718 0
    outer loop
      vertex 24.2813 -34.1471 3
      vertex 24.2813 -34.1471 0
      vertex 24.2231 -34.3653 3
    endloop
  endfacet
  facet normal -0.865985 0.500071 0
    outer loop
      vertex 24.074 -34.6235 0
      vertex 24.074 -34.6235 3
      vertex 24.2231 -34.3653 0
    endloop
  endfacet
  facet normal -0.865985 0.500071 0
    outer loop
      vertex 24.2231 -34.3653 3
      vertex 24.2231 -34.3653 0
      vertex 24.074 -34.6235 3
    endloop
  endfacet
  facet normal -0.680104 0.733116 0
    outer loop
      vertex 23.8555 -34.8262 0
      vertex 23.8555 -34.8262 3
      vertex 24.074 -34.6235 0
    endloop
  endfacet
  facet normal -0.680104 0.733116 0
    outer loop
      vertex 24.074 -34.6235 3
      vertex 24.074 -34.6235 0
      vertex 23.8555 -34.8262 3
    endloop
  endfacet
  facet normal -0.434017 0.900905 0
    outer loop
      vertex 23.5869 -34.9556 0
      vertex 23.5869 -34.9556 3
      vertex 23.8555 -34.8262 0
    endloop
  endfacet
  facet normal -0.434017 0.900905 0
    outer loop
      vertex 23.8555 -34.8262 3
      vertex 23.8555 -34.8262 0
      vertex 23.5869 -34.9556 3
    endloop
  endfacet
  facet normal -0.14898 0.98884 0
    outer loop
      vertex 23.2922 -35 0
      vertex 23.2922 -35 3
      vertex 23.5869 -34.9556 0
    endloop
  endfacet
  facet normal -0.14898 0.98884 0
    outer loop
      vertex 23.5869 -34.9556 3
      vertex 23.5869 -34.9556 0
      vertex 23.2922 -35 3
    endloop
  endfacet
  facet normal 0 1 0
    outer loop
      vertex 15.0036 -35 0
      vertex 15.0036 -35 3
      vertex 23.2922 -35 0
    endloop
  endfacet
  facet normal 0 1 0
    outer loop
      vertex 23.2922 -35 3
      vertex 23.2922 -35 0
      vertex 15.0036 -35 3
    endloop
  endfacet
  facet normal 0.185864 0.982576 -0
    outer loop
      vertex -54.3653 -34.9309 0
      vertex -54.3653 -34.9309 3
      vertex -54 -35 0
    endloop
  endfacet
  facet normal 0.185864 0.982576 0
    outer loop
      vertex -54 -35 3
      vertex -54 -35 0
      vertex -54.3653 -34.9309 3
    endloop
  endfacet
  facet normal 0.500071 0.865985 -0
    outer loop
      vertex -54.6235 -34.7818 0
      vertex -54.6235 -34.7818 3
      vertex -54.3653 -34.9309 0
    endloop
  endfacet
  facet normal 0.500071 0.865985 0
    outer loop
      vertex -54.3653 -34.9309 3
      vertex -54.3653 -34.9309 0
      vertex -54.6235 -34.7818 3
    endloop
  endfacet
  facet normal 0.733116 0.680104 -0
    outer loop
      vertex -54.8262 -34.5633 0
      vertex -54.8262 -34.5633 3
      vertex -54.6235 -34.7818 0
    endloop
  endfacet
  facet normal 0.733116 0.680104 0
    outer loop
      vertex -54.6235 -34.7818 3
      vertex -54.6235 -34.7818 0
      vertex -54.8262 -34.5633 3
    endloop
  endfacet
  facet normal 0.900841 0.434148 -0
    outer loop
      vertex -54.9556 -34.2948 0
      vertex -54.9556 -34.2948 3
      vertex -54.8262 -34.5633 0
    endloop
  endfacet
  facet normal 0.900841 0.434148 0
    outer loop
      vertex -54.8262 -34.5633 3
      vertex -54.8262 -34.5633 0
      vertex -54.9556 -34.2948 3
    endloop
  endfacet
  facet normal 0.988848 0.148931 -0
    outer loop
      vertex -55 -34 0
      vertex -55 -34 3
      vertex -54.9556 -34.2948 0
    endloop
  endfacet
  facet normal 0.988848 0.148931 0
    outer loop
      vertex -54.9556 -34.2948 3
      vertex -54.9556 -34.2948 0
      vertex -55 -34 3
    endloop
  endfacet
  facet normal 1 0 -0
    outer loop
      vertex -55 -22.3735 0
      vertex -55 -22.3735 3
      vertex -55 -34 0
    endloop
  endfacet
  facet normal 1 -0 0
    outer loop
      vertex -55 -34 3
      vertex -55 -34 0
      vertex -55 -22.3735 3
    endloop
  endfacet
  facet normal 0.980122 -0.198394 0
    outer loop
      vertex -54.9213 -21.9847 0
      vertex -54.9213 -21.9847 3
      vertex -55 -22.3735 0
    endloop
  endfacet
  facet normal 0.980122 -0.198394 0
    outer loop
      vertex -55 -22.3735 3
      vertex -55 -22.3735 0
      vertex -54.9213 -21.9847 3
    endloop
  endfacet
  facet normal 0.853141 -0.521681 0
    outer loop
      vertex -54.7658 -21.7304 0
      vertex -54.7658 -21.7304 3
      vertex -54.9213 -21.9847 0
    endloop
  endfacet
  facet normal 0.853141 -0.521681 0
    outer loop
      vertex -54.9213 -21.9847 3
      vertex -54.9213 -21.9847 0
      vertex -54.7658 -21.7304 3
    endloop
  endfacet
  facet normal 0.661255 -0.750161 0
    outer loop
      vertex -54.5422 -21.5333 0
      vertex -54.5422 -21.5333 3
      vertex -54.7658 -21.7304 0
    endloop
  endfacet
  facet normal 0.661255 -0.750161 0
    outer loop
      vertex -54.7658 -21.7304 3
      vertex -54.7658 -21.7304 0
      vertex -54.5422 -21.5333 3
    endloop
  endfacet
  facet normal 0.410895 -0.911683 0
    outer loop
      vertex -54.2704 -21.4108 0
      vertex -54.2704 -21.4108 3
      vertex -54.5422 -21.5333 0
    endloop
  endfacet
  facet normal 0.410895 -0.911683 0
    outer loop
      vertex -54.5422 -21.5333 3
      vertex -54.5422 -21.5333 0
      vertex -54.2704 -21.4108 3
    endloop
  endfacet
  facet normal 0.123787 -0.992309 0
    outer loop
      vertex -53.9746 -21.3739 0
      vertex -53.9746 -21.3739 3
      vertex -54.2704 -21.4108 0
    endloop
  endfacet
  facet normal 0.123787 -0.992309 0
    outer loop
      vertex -54.2704 -21.4108 3
      vertex -54.2704 -21.4108 0
      vertex -53.9746 -21.3739 3
    endloop
  endfacet
  facet normal -0.173804 -0.98478 0
    outer loop
      vertex -53.6811 -21.4257 0
      vertex -53.6811 -21.4257 3
      vertex -53.9746 -21.3739 0
    endloop
  endfacet
  facet normal -0.173804 -0.98478 -0
    outer loop
      vertex -53.9746 -21.3739 3
      vertex -53.9746 -21.3739 0
      vertex -53.6811 -21.4257 3
    endloop
  endfacet
  facet normal -0.318892 -0.947791 0
    outer loop
      vertex -44.2181 -24.6096 0
      vertex -44.2181 -24.6096 3
      vertex -53.6811 -21.4257 0
    endloop
  endfacet
  facet normal -0.318892 -0.947791 -0
    outer loop
      vertex -53.6811 -21.4257 3
      vertex -53.6811 -21.4257 0
      vertex -44.2181 -24.6096 3
    endloop
  endfacet
  facet normal -0.39159 -0.92014 0
    outer loop
      vertex -44.075 -24.6705 0
      vertex -44.075 -24.6705 3
      vertex -44.2181 -24.6096 0
    endloop
  endfacet
  facet normal -0.39159 -0.92014 -0
    outer loop
      vertex -44.2181 -24.6096 3
      vertex -44.2181 -24.6096 0
      vertex -44.075 -24.6705 3
    endloop
  endfacet
  facet normal -0.589049 -0.808097 0
    outer loop
      vertex -43.8341 -24.8461 0
      vertex -43.8341 -24.8461 3
      vertex -44.075 -24.6705 0
    endloop
  endfacet
  facet normal -0.589049 -0.808097 -0
    outer loop
      vertex -44.075 -24.6705 3
      vertex -44.075 -24.6705 0
      vertex -43.8341 -24.8461 3
    endloop
  endfacet
  facet normal -0.801006 -0.598657 0
    outer loop
      vertex -43.6557 -25.0848 0
      vertex -43.6557 -25.0848 3
      vertex -43.8341 -24.8461 0
    endloop
  endfacet
  facet normal -0.801006 -0.598657 -0
    outer loop
      vertex -43.8341 -24.8461 3
      vertex -43.8341 -24.8461 0
      vertex -43.6557 -25.0848 3
    endloop
  endfacet
  facet normal -0.941833 -0.336081 0
    outer loop
      vertex -43.5555 -25.3656 0
      vertex -43.5555 -25.3656 3
      vertex -43.6557 -25.0848 0
    endloop
  endfacet
  facet normal -0.941833 -0.336081 -0
    outer loop
      vertex -43.6557 -25.0848 3
      vertex -43.6557 -25.0848 0
      vertex -43.5555 -25.3656 3
    endloop
  endfacet
  facet normal -0.981428 -0.191831 0
    outer loop
      vertex -41.9053 -33.8082 0
      vertex -41.9053 -33.8082 3
      vertex -43.5555 -25.3656 0
    endloop
  endfacet
  facet normal -0.981428 -0.191831 -0
    outer loop
      vertex -43.5555 -25.3656 3
      vertex -43.5555 -25.3656 0
      vertex -41.9053 -33.8082 3
    endloop
  endfacet
  facet normal -0.998269 -0.0588099 0
    outer loop
      vertex -41.8896 -34.0747 0
      vertex -41.8896 -34.0747 3
      vertex -41.9053 -33.8082 0
    endloop
  endfacet
  facet normal -0.998269 -0.0588099 -0
    outer loop
      vertex -41.9053 -33.8082 3
      vertex -41.9053 -33.8082 0
      vertex -41.8896 -34.0747 3
    endloop
  endfacet
  facet normal -0.974948 0.222433 0
    outer loop
      vertex -41.9559 -34.3653 0
      vertex -41.9559 -34.3653 3
      vertex -41.8896 -34.0747 0
    endloop
  endfacet
  facet normal -0.974948 0.222433 0
    outer loop
      vertex -41.8896 -34.0747 3
      vertex -41.8896 -34.0747 0
      vertex -41.9559 -34.3653 3
    endloop
  endfacet
  facet normal -0.86613 0.499819 0
    outer loop
      vertex -42.1049 -34.6235 0
      vertex -42.1049 -34.6235 3
      vertex -41.9559 -34.3653 0
    endloop
  endfacet
  facet normal -0.86613 0.499819 0
    outer loop
      vertex -41.9559 -34.3653 3
      vertex -41.9559 -34.3653 0
      vertex -42.1049 -34.6235 3
    endloop
  endfacet
  facet normal -0.680104 0.733116 0
    outer loop
      vertex -42.3234 -34.8262 0
      vertex -42.3234 -34.8262 3
      vertex -42.1049 -34.6235 0
    endloop
  endfacet
  facet normal -0.680104 0.733116 0
    outer loop
      vertex -42.1049 -34.6235 3
      vertex -42.1049 -34.6235 0
      vertex -42.3234 -34.8262 3
    endloop
  endfacet
  facet normal -0.434017 0.900905 0
    outer loop
      vertex -42.592 -34.9556 0
      vertex -42.592 -34.9556 3
      vertex -42.3234 -34.8262 0
    endloop
  endfacet
  facet normal -0.434017 0.900905 0
    outer loop
      vertex -42.3234 -34.8262 3
      vertex -42.3234 -34.8262 0
      vertex -42.592 -34.9556 3
    endloop
  endfacet
  facet normal -0.148931 0.988848 0
    outer loop
      vertex -42.8868 -35 0
      vertex -42.8868 -35 3
      vertex -42.592 -34.9556 0
    endloop
  endfacet
  facet normal -0.148931 0.988848 0
    outer loop
      vertex -42.592 -34.9556 3
      vertex -42.592 -34.9556 0
      vertex -42.8868 -35 3
    endloop
  endfacet
  facet normal 0 1 0
    outer loop
      vertex -54 -35 0
      vertex -54 -35 3
      vertex -42.8868 -35 0
    endloop
  endfacet
  facet normal 0 1 0
    outer loop
      vertex -42.8868 -35 3
      vertex -42.8868 -35 0
      vertex -54 -35 3
    endloop
  endfacet
  facet normal 0.218846 0.975759 -0
    outer loop
      vertex 1.96561 -34.9042 0
      vertex 1.96561 -34.9042 3
      vertex 2.39275 -35 0
    endloop
  endfacet
  facet normal 0.218846 0.975759 0
    outer loop
      vertex 2.39275 -35 3
      vertex 2.39275 -35 0
      vertex 1.96561 -34.9042 3
    endloop
  endfacet
  facet normal 0.557175 0.830395 -0
    outer loop
      vertex 1.71806 -34.7381 0
      vertex 1.71806 -34.7381 3
      vertex 1.96561 -34.9042 0
    endloop
  endfacet
  facet normal 0.557175 0.830395 0
    outer loop
      vertex 1.96561 -34.9042 3
      vertex 1.96561 -34.9042 0
      vertex 1.71806 -34.7381 3
    endloop
  endfacet
  facet normal 0.777107 0.629369 -0
    outer loop
      vertex 1.53049 -34.5065 0
      vertex 1.53049 -34.5065 3
      vertex 1.71806 -34.7381 0
    endloop
  endfacet
  facet normal 0.777107 0.629369 0
    outer loop
      vertex 1.71806 -34.7381 3
      vertex 1.71806 -34.7381 0
      vertex 1.53049 -34.5065 3
    endloop
  endfacet
  facet normal 0.928129 0.372258 -0
    outer loop
      vertex 1.41951 -34.2298 0
      vertex 1.41951 -34.2298 3
      vertex 1.53049 -34.5065 0
    endloop
  endfacet
  facet normal 0.928129 0.372258 0
    outer loop
      vertex 1.53049 -34.5065 3
      vertex 1.53049 -34.5065 0
      vertex 1.41951 -34.2298 3
    endloop
  endfacet
  facet normal 0.973238 0.229801 -0
    outer loop
      vertex -1.11023 -23.516 0
      vertex -1.11023 -23.516 3
      vertex 1.41951 -34.2298 0
    endloop
  endfacet
  facet normal 0.973238 0.229801 0
    outer loop
      vertex 1.41951 -34.2298 3
      vertex 1.41951 -34.2298 0
      vertex -1.11023 -23.516 3
    endloop
  endfacet
  facet normal 0.997175 0.0751086 -0
    outer loop
      vertex -1.13367 -23.2048 0
      vertex -1.13367 -23.2048 3
      vertex -1.11023 -23.516 0
    endloop
  endfacet
  facet normal 0.997175 0.0751086 0
    outer loop
      vertex -1.11023 -23.516 3
      vertex -1.11023 -23.516 0
      vertex -1.13367 -23.2048 3
    endloop
  endfacet
  facet normal 0.973411 -0.229064 0
    outer loop
      vertex -1.06538 -22.9146 0
      vertex -1.06538 -22.9146 3
      vertex -1.13367 -23.2048 0
    endloop
  endfacet
  facet normal 0.973411 -0.229064 0
    outer loop
      vertex -1.13367 -23.2048 3
      vertex -1.13367 -23.2048 0
      vertex -1.06538 -22.9146 3
    endloop
  endfacet
  facet normal 0.862619 -0.505855 0
    outer loop
      vertex -0.914612 -22.6575 0
      vertex -0.914612 -22.6575 3
      vertex -1.06538 -22.9146 0
    endloop
  endfacet
  facet normal 0.862619 -0.505855 0
    outer loop
      vertex -1.06538 -22.9146 3
      vertex -1.06538 -22.9146 0
      vertex -0.914612 -22.6575 3
    endloop
  endfacet
  facet normal 0.675283 -0.737558 0
    outer loop
      vertex -0.694748 -22.4562 0
      vertex -0.694748 -22.4562 3
      vertex -0.914612 -22.6575 0
    endloop
  endfacet
  facet normal 0.675283 -0.737558 0
    outer loop
      vertex -0.914612 -22.6575 3
      vertex -0.914612 -22.6575 0
      vertex -0.694748 -22.4562 3
    endloop
  endfacet
  facet normal 0.427732 -0.903906 0
    outer loop
      vertex -0.425308 -22.3287 0
      vertex -0.425308 -22.3287 3
      vertex -0.694748 -22.4562 0
    endloop
  endfacet
  facet normal 0.427732 -0.903906 0
    outer loop
      vertex -0.694748 -22.4562 3
      vertex -0.694748 -22.4562 0
      vertex -0.425308 -22.3287 3
    endloop
  endfacet
  facet normal 0.142575 -0.989784 0
    outer loop
      vertex -0.130264 -22.2862 0
      vertex -0.130264 -22.2862 3
      vertex -0.425308 -22.3287 0
    endloop
  endfacet
  facet normal 0.142575 -0.989784 0
    outer loop
      vertex -0.425308 -22.3287 3
      vertex -0.425308 -22.3287 0
      vertex -0.130264 -22.2862 3
    endloop
  endfacet
  facet normal -0.00672809 -0.999977 0
    outer loop
      vertex 14.4352 -22.3842 0
      vertex 14.4352 -22.3842 3
      vertex -0.130264 -22.2862 0
    endloop
  endfacet
  facet normal -0.00672809 -0.999977 -0
    outer loop
      vertex -0.130264 -22.2862 3
      vertex -0.130264 -22.2862 0
      vertex 14.4352 -22.3842 3
    endloop
  endfacet
  facet normal -0.20502 -0.978758 0
    outer loop
      vertex 14.8238 -22.4656 0
      vertex 14.8238 -22.4656 3
      vertex 14.4352 -22.3842 0
    endloop
  endfacet
  facet normal -0.20502 -0.978758 -0
    outer loop
      vertex 14.4352 -22.3842 3
      vertex 14.4352 -22.3842 0
      vertex 14.8238 -22.4656 3
    endloop
  endfacet
  facet normal -0.527947 -0.849277 0
    outer loop
      vertex 15.077 -22.623 0
      vertex 15.077 -22.623 3
      vertex 14.8238 -22.4656 0
    endloop
  endfacet
  facet normal -0.527947 -0.849277 -0
    outer loop
      vertex 14.8238 -22.4656 3
      vertex 14.8238 -22.4656 0
      vertex 15.077 -22.623 3
    endloop
  endfacet
  facet normal -0.754548 -0.656245 0
    outer loop
      vertex 15.2726 -22.8479 0
      vertex 15.2726 -22.8479 3
      vertex 15.077 -22.623 0
    endloop
  endfacet
  facet normal -0.754548 -0.656245 -0
    outer loop
      vertex 15.077 -22.623 3
      vertex 15.077 -22.623 0
      vertex 15.2726 -22.8479 3
    endloop
  endfacet
  facet normal -0.914681 -0.404177 0
    outer loop
      vertex 15.3931 -23.1206 0
      vertex 15.3931 -23.1206 3
      vertex 15.2726 -22.8479 0
    endloop
  endfacet
  facet normal -0.914681 -0.404177 -0
    outer loop
      vertex 15.2726 -22.8479 3
      vertex 15.2726 -22.8479 0
      vertex 15.3931 -23.1206 3
    endloop
  endfacet
  facet normal -0.993121 -0.117094 0
    outer loop
      vertex 15.428 -23.4166 0
      vertex 15.428 -23.4166 3
      vertex 15.3931 -23.1206 0
    endloop
  endfacet
  facet normal -0.993121 -0.117094 -0
    outer loop
      vertex 15.3931 -23.1206 3
      vertex 15.3931 -23.1206 0
      vertex 15.428 -23.4166 3
    endloop
  endfacet
  facet normal -0.983459 0.181128 0
    outer loop
      vertex 15.374 -23.7098 0
      vertex 15.374 -23.7098 3
      vertex 15.428 -23.4166 0
    endloop
  endfacet
  facet normal -0.983459 0.181128 0
    outer loop
      vertex 15.428 -23.4166 3
      vertex 15.428 -23.4166 0
      vertex 15.374 -23.7098 3
    endloop
  endfacet
  facet normal -0.945516 0.325575 0
    outer loop
      vertex 11.7186 -34.3256 0
      vertex 11.7186 -34.3256 3
      vertex 15.374 -23.7098 0
    endloop
  endfacet
  facet normal -0.945516 0.325575 0
    outer loop
      vertex 15.374 -23.7098 3
      vertex 15.374 -23.7098 0
      vertex 11.7186 -34.3256 3
    endloop
  endfacet
  facet normal -0.87652 0.481365 0
    outer loop
      vertex 11.555 -34.6235 0
      vertex 11.555 -34.6235 3
      vertex 11.7186 -34.3256 0
    endloop
  endfacet
  facet normal -0.87652 0.481365 0
    outer loop
      vertex 11.7186 -34.3256 3
      vertex 11.7186 -34.3256 0
      vertex 11.555 -34.6235 3
    endloop
  endfacet
  facet normal -0.680104 0.733116 0
    outer loop
      vertex 11.3365 -34.8262 0
      vertex 11.3365 -34.8262 3
      vertex 11.555 -34.6235 0
    endloop
  endfacet
  facet normal -0.680104 0.733116 0
    outer loop
      vertex 11.555 -34.6235 3
      vertex 11.555 -34.6235 0
      vertex 11.3365 -34.8262 3
    endloop
  endfacet
  facet normal -0.434017 0.900905 0
    outer loop
      vertex 11.0679 -34.9556 0
      vertex 11.0679 -34.9556 3
      vertex 11.3365 -34.8262 0
    endloop
  endfacet
  facet normal -0.434017 0.900905 0
    outer loop
      vertex 11.3365 -34.8262 3
      vertex 11.3365 -34.8262 0
      vertex 11.0679 -34.9556 3
    endloop
  endfacet
  facet normal -0.148931 0.988848 0
    outer loop
      vertex 10.7731 -35 0
      vertex 10.7731 -35 3
      vertex 11.0679 -34.9556 0
    endloop
  endfacet
  facet normal -0.148931 0.988848 0
    outer loop
      vertex 11.0679 -34.9556 3
      vertex 11.0679 -34.9556 0
      vertex 10.7731 -35 3
    endloop
  endfacet
  facet normal 0 1 0
    outer loop
      vertex 2.39275 -35 0
      vertex 2.39275 -35 3
      vertex 10.7731 -35 0
    endloop
  endfacet
  facet normal 0 1 0
    outer loop
      vertex 10.7731 -35 3
      vertex 10.7731 -35 0
      vertex 2.39275 -35 3
    endloop
  endfacet
  facet normal 0.11219 0.993687 -0
    outer loop
      vertex -13.884 -34.9748 0
      vertex -13.884 -34.9748 3
      vertex -13.6608 -35 0
    endloop
  endfacet
  facet normal 0.11219 0.993687 0
    outer loop
      vertex -13.6608 -35 3
      vertex -13.6608 -35 0
      vertex -13.884 -34.9748 3
    endloop
  endfacet
  facet normal 0.366005 0.930613 -0
    outer loop
      vertex -14.1614 -34.8657 0
      vertex -14.1614 -34.8657 3
      vertex -13.884 -34.9748 0
    endloop
  endfacet
  facet normal 0.366005 0.930613 0
    outer loop
      vertex -13.884 -34.9748 3
      vertex -13.884 -34.9748 0
      vertex -14.1614 -34.8657 3
    endloop
  endfacet
  facet normal 0.62404 0.781392 -0
    outer loop
      vertex -14.3943 -34.6797 0
      vertex -14.3943 -34.6797 3
      vertex -14.1614 -34.8657 0
    endloop
  endfacet
  facet normal 0.62404 0.781392 0
    outer loop
      vertex -14.1614 -34.8657 3
      vertex -14.1614 -34.8657 0
      vertex -14.3943 -34.6797 3
    endloop
  endfacet
  facet normal 0.826539 0.562879 -0
    outer loop
      vertex -14.5621 -34.4333 0
      vertex -14.5621 -34.4333 3
      vertex -14.3943 -34.6797 0
    endloop
  endfacet
  facet normal 0.826539 0.562879 0
    outer loop
      vertex -14.3943 -34.6797 3
      vertex -14.3943 -34.6797 0
      vertex -14.5621 -34.4333 3
    endloop
  endfacet
  facet normal 0.955837 0.293897 -0
    outer loop
      vertex -14.6497 -34.1484 0
      vertex -14.6497 -34.1484 3
      vertex -14.5621 -34.4333 0
    endloop
  endfacet
  facet normal 0.955837 0.293897 0
    outer loop
      vertex -14.5621 -34.4333 3
      vertex -14.5621 -34.4333 0
      vertex -14.6497 -34.1484 3
    endloop
  endfacet
  facet normal 1 -0.000335458 0
    outer loop
      vertex -14.6496 -33.8503 0
      vertex -14.6496 -33.8503 3
      vertex -14.6497 -34.1484 0
    endloop
  endfacet
  facet normal 1 -0.000335458 0
    outer loop
      vertex -14.6497 -34.1484 3
      vertex -14.6497 -34.1484 0
      vertex -14.6496 -33.8503 3
    endloop
  endfacet
  facet normal 0.988732 -0.149694 0
    outer loop
      vertex -13.1459 -23.9183 0
      vertex -13.1459 -23.9183 3
      vertex -14.6496 -33.8503 0
    endloop
  endfacet
  facet normal 0.988732 -0.149694 0
    outer loop
      vertex -14.6496 -33.8503 3
      vertex -14.6496 -33.8503 0
      vertex -13.1459 -23.9183 3
    endloop
  endfacet
  facet normal 0.932254 -0.361804 0
    outer loop
      vertex -12.9881 -23.5117 0
      vertex -12.9881 -23.5117 3
      vertex -13.1459 -23.9183 0
    endloop
  endfacet
  facet normal 0.932254 -0.361804 0
    outer loop
      vertex -13.1459 -23.9183 3
      vertex -13.1459 -23.9183 0
      vertex -12.9881 -23.5117 3
    endloop
  endfacet
  facet normal 0.73874 -0.673991 0
    outer loop
      vertex -12.7872 -23.2915 0
      vertex -12.7872 -23.2915 3
      vertex -12.9881 -23.5117 0
    endloop
  endfacet
  facet normal 0.73874 -0.673991 0
    outer loop
      vertex -12.9881 -23.5117 3
      vertex -12.9881 -23.5117 0
      vertex -12.7872 -23.2915 3
    endloop
  endfacet
  facet normal 0.507621 -0.86158 0
    outer loop
      vertex -12.5304 -23.1402 0
      vertex -12.5304 -23.1402 3
      vertex -12.7872 -23.2915 0
    endloop
  endfacet
  facet normal 0.507621 -0.86158 0
    outer loop
      vertex -12.7872 -23.2915 3
      vertex -12.7872 -23.2915 0
      vertex -12.5304 -23.1402 3
    endloop
  endfacet
  facet normal 0.230441 -0.973086 0
    outer loop
      vertex -12.2403 -23.0715 0
      vertex -12.2403 -23.0715 3
      vertex -12.5304 -23.1402 0
    endloop
  endfacet
  facet normal 0.230441 -0.973086 0
    outer loop
      vertex -12.5304 -23.1402 3
      vertex -12.5304 -23.1402 0
      vertex -12.2403 -23.0715 3
    endloop
  endfacet
  facet normal 0.0831795 -0.996535 0
    outer loop
      vertex -4.302 -22.4089 0
      vertex -4.302 -22.4089 3
      vertex -12.2403 -23.0715 0
    endloop
  endfacet
  facet normal 0.0831795 -0.996535 0
    outer loop
      vertex -12.2403 -23.0715 3
      vertex -12.2403 -23.0715 0
      vertex -4.302 -22.4089 3
    endloop
  endfacet
  facet normal -0.0297884 -0.999556 0
    outer loop
      vertex -4.07718 -22.4156 0
      vertex -4.07718 -22.4156 3
      vertex -4.302 -22.4089 0
    endloop
  endfacet
  facet normal -0.0297884 -0.999556 -0
    outer loop
      vertex -4.302 -22.4089 3
      vertex -4.302 -22.4089 0
      vertex -4.07718 -22.4156 3
    endloop
  endfacet
  facet normal -0.287511 -0.957777 0
    outer loop
      vertex -3.79169 -22.5013 0
      vertex -3.79169 -22.5013 3
      vertex -4.07718 -22.4156 0
    endloop
  endfacet
  facet normal -0.287511 -0.957777 -0
    outer loop
      vertex -4.07718 -22.4156 3
      vertex -4.07718 -22.4156 0
      vertex -3.79169 -22.5013 3
    endloop
  endfacet
  facet normal -0.557206 -0.830374 0
    outer loop
      vertex -3.54416 -22.6674 0
      vertex -3.54416 -22.6674 3
      vertex -3.79169 -22.5013 0
    endloop
  endfacet
  facet normal -0.557206 -0.830374 -0
    outer loop
      vertex -3.79169 -22.5013 3
      vertex -3.79169 -22.5013 0
      vertex -3.54416 -22.6674 3
    endloop
  endfacet
  facet normal -0.777074 -0.62941 0
    outer loop
      vertex -3.35657 -22.899 0
      vertex -3.35657 -22.899 3
      vertex -3.54416 -22.6674 0
    endloop
  endfacet
  facet normal -0.777074 -0.62941 -0
    outer loop
      vertex -3.54416 -22.6674 3
      vertex -3.54416 -22.6674 0
      vertex -3.35657 -22.899 3
    endloop
  endfacet
  facet normal -0.928129 -0.372258 0
    outer loop
      vertex -3.24559 -23.1757 0
      vertex -3.24559 -23.1757 3
      vertex -3.35657 -22.899 0
    endloop
  endfacet
  facet normal -0.928129 -0.372258 -0
    outer loop
      vertex -3.35657 -22.899 3
      vertex -3.35657 -22.899 0
      vertex -3.24559 -23.1757 3
    endloop
  endfacet
  facet normal -0.973237 -0.229802 0
    outer loop
      vertex -0.744003 -33.7702 0
      vertex -0.744003 -33.7702 3
      vertex -3.24559 -23.1757 0
    endloop
  endfacet
  facet normal -0.973237 -0.229802 -0
    outer loop
      vertex -3.24559 -23.1757 3
      vertex -3.24559 -23.1757 0
      vertex -0.744003 -33.7702 3
    endloop
  endfacet
  facet normal -0.996916 -0.0784797 0
    outer loop
      vertex -0.720032 -34.0747 0
      vertex -0.720032 -34.0747 3
      vertex -0.744003 -33.7702 0
    endloop
  endfacet
  facet normal -0.996916 -0.0784797 -0
    outer loop
      vertex -0.744003 -33.7702 3
      vertex -0.744003 -33.7702 0
      vertex -0.720032 -34.0747 3
    endloop
  endfacet
  facet normal -0.974926 0.222529 0
    outer loop
      vertex -0.786362 -34.3653 0
      vertex -0.786362 -34.3653 3
      vertex -0.720032 -34.0747 0
    endloop
  endfacet
  facet normal -0.974926 0.222529 0
    outer loop
      vertex -0.720032 -34.0747 3
      vertex -0.720032 -34.0747 0
      vertex -0.786362 -34.3653 3
    endloop
  endfacet
  facet normal -0.86606 0.49994 0
    outer loop
      vertex -0.93541 -34.6235 0
      vertex -0.93541 -34.6235 3
      vertex -0.786362 -34.3653 0
    endloop
  endfacet
  facet normal -0.86606 0.49994 0
    outer loop
      vertex -0.786362 -34.3653 3
      vertex -0.786362 -34.3653 0
      vertex -0.93541 -34.6235 3
    endloop
  endfacet
  facet normal -0.680087 0.733132 0
    outer loop
      vertex -1.15392 -34.8262 0
      vertex -1.15392 -34.8262 3
      vertex -0.93541 -34.6235 0
    endloop
  endfacet
  facet normal -0.680087 0.733132 0
    outer loop
      vertex -0.93541 -34.6235 3
      vertex -0.93541 -34.6235 0
      vertex -1.15392 -34.8262 3
    endloop
  endfacet
  facet normal -0.434057 0.900886 0
    outer loop
      vertex -1.42249 -34.9556 0
      vertex -1.42249 -34.9556 3
      vertex -1.15392 -34.8262 0
    endloop
  endfacet
  facet normal -0.434057 0.900886 0
    outer loop
      vertex -1.15392 -34.8262 3
      vertex -1.15392 -34.8262 0
      vertex -1.42249 -34.9556 3
    endloop
  endfacet
  facet normal -0.148956 0.988844 0
    outer loop
      vertex -1.71724 -35 0
      vertex -1.71724 -35 3
      vertex -1.42249 -34.9556 0
    endloop
  endfacet
  facet normal -0.148956 0.988844 0
    outer loop
      vertex -1.42249 -34.9556 3
      vertex -1.42249 -34.9556 0
      vertex -1.71724 -35 3
    endloop
  endfacet
  facet normal 0 1 0
    outer loop
      vertex -13.6608 -35 0
      vertex -13.6608 -35 3
      vertex -1.71724 -35 0
    endloop
  endfacet
  facet normal 0 1 0
    outer loop
      vertex -1.71724 -35 3
      vertex -1.71724 -35 0
      vertex -13.6608 -35 3
    endloop
  endfacet
  facet normal 0.129898 0.991527 -0
    outer loop
      vertex -25.8353 -34.9662 0
      vertex -25.8353 -34.9662 3
      vertex -25.5773 -35 0
    endloop
  endfacet
  facet normal 0.129898 0.991527 0
    outer loop
      vertex -25.5773 -35 3
      vertex -25.5773 -35 0
      vertex -25.8353 -34.9662 3
    endloop
  endfacet
  facet normal 0.399217 0.916857 -0
    outer loop
      vertex -26.1086 -34.8472 0
      vertex -26.1086 -34.8472 3
      vertex -25.8353 -34.9662 0
    endloop
  endfacet
  facet normal 0.399217 0.916857 0
    outer loop
      vertex -25.8353 -34.9662 3
      vertex -25.8353 -34.9662 0
      vertex -26.1086 -34.8472 3
    endloop
  endfacet
  facet normal 0.651565 0.758593 -0
    outer loop
      vertex -26.3347 -34.653 0
      vertex -26.3347 -34.653 3
      vertex -26.1086 -34.8472 0
    endloop
  endfacet
  facet normal 0.651565 0.758593 0
    outer loop
      vertex -26.1086 -34.8472 3
      vertex -26.1086 -34.8472 0
      vertex -26.3347 -34.653 3
    endloop
  endfacet
  facet normal 0.846317 0.53268 -0
    outer loop
      vertex -26.4935 -34.4007 0
      vertex -26.4935 -34.4007 3
      vertex -26.3347 -34.653 0
    endloop
  endfacet
  facet normal 0.846317 0.53268 0
    outer loop
      vertex -26.3347 -34.653 3
      vertex -26.3347 -34.653 0
      vertex -26.4935 -34.4007 3
    endloop
  endfacet
  facet normal 0.965687 0.259709 -0
    outer loop
      vertex -26.5709 -34.1129 0
      vertex -26.5709 -34.1129 3
      vertex -26.4935 -34.4007 0
    endloop
  endfacet
  facet normal 0.965687 0.259709 0
    outer loop
      vertex -26.4935 -34.4007 3
      vertex -26.4935 -34.4007 0
      vertex -26.5709 -34.1129 3
    endloop
  endfacet
  facet normal 0.999343 -0.03623 0
    outer loop
      vertex -26.5601 -33.815 0
      vertex -26.5601 -33.815 3
      vertex -26.5709 -34.1129 0
    endloop
  endfacet
  facet normal 0.999343 -0.03623 0
    outer loop
      vertex -26.5709 -34.1129 3
      vertex -26.5709 -34.1129 0
      vertex -26.5601 -33.815 3
    endloop
  endfacet
  facet normal 0.982735 -0.185017 0
    outer loop
      vertex -24.8942 -24.9664 0
      vertex -24.8942 -24.9664 3
      vertex -26.5601 -33.815 0
    endloop
  endfacet
  facet normal 0.982735 -0.185017 0
    outer loop
      vertex -26.5601 -33.815 3
      vertex -26.5601 -33.815 0
      vertex -24.8942 -24.9664 3
    endloop
  endfacet
  facet normal 0.927504 -0.373812 0
    outer loop
      vertex -24.7479 -24.6034 0
      vertex -24.7479 -24.6034 3
      vertex -24.8942 -24.9664 0
    endloop
  endfacet
  facet normal 0.927504 -0.373812 0
    outer loop
      vertex -24.8942 -24.9664 3
      vertex -24.8942 -24.9664 0
      vertex -24.7479 -24.6034 3
    endloop
  endfacet
  facet normal 0.745592 -0.666402 0
    outer loop
      vertex -24.5493 -24.3812 0
      vertex -24.5493 -24.3812 3
      vertex -24.7479 -24.6034 0
    endloop
  endfacet
  facet normal 0.745592 -0.666402 0
    outer loop
      vertex -24.7479 -24.6034 3
      vertex -24.7479 -24.6034 0
      vertex -24.5493 -24.3812 3
    endloop
  endfacet
  facet normal 0.515876 -0.856663 0
    outer loop
      vertex -24.2939 -24.2274 0
      vertex -24.2939 -24.2274 3
      vertex -24.5493 -24.3812 0
    endloop
  endfacet
  facet normal 0.515876 -0.856663 0
    outer loop
      vertex -24.5493 -24.3812 3
      vertex -24.5493 -24.3812 0
      vertex -24.2939 -24.2274 3
    endloop
  endfacet
  facet normal 0.240562 -0.970634 0
    outer loop
      vertex -24.0046 -24.1557 0
      vertex -24.0046 -24.1557 3
      vertex -24.2939 -24.2274 0
    endloop
  endfacet
  facet normal 0.240562 -0.970634 0
    outer loop
      vertex -24.2939 -24.2274 3
      vertex -24.2939 -24.2274 0
      vertex -24.0046 -24.1557 3
    endloop
  endfacet
  facet normal 0.0930997 -0.995657 0
    outer loop
      vertex -16.3516 -23.4401 0
      vertex -16.3516 -23.4401 3
      vertex -24.0046 -24.1557 0
    endloop
  endfacet
  facet normal 0.0930997 -0.995657 0
    outer loop
      vertex -24.0046 -24.1557 3
      vertex -24.0046 -24.1557 0
      vertex -16.3516 -23.4401 3
    endloop
  endfacet
  facet normal -0.0659327 -0.997824 0
    outer loop
      vertex -16.0353 -23.461 0
      vertex -16.0353 -23.461 3
      vertex -16.3516 -23.4401 0
    endloop
  endfacet
  facet normal -0.0659327 -0.997824 -0
    outer loop
      vertex -16.3516 -23.4401 3
      vertex -16.3516 -23.4401 0
      vertex -16.0353 -23.461 3
    endloop
  endfacet
  facet normal -0.366005 -0.930613 0
    outer loop
      vertex -15.7579 -23.5701 0
      vertex -15.7579 -23.5701 3
      vertex -16.0353 -23.461 0
    endloop
  endfacet
  facet normal -0.366005 -0.930613 -0
    outer loop
      vertex -16.0353 -23.461 3
      vertex -16.0353 -23.461 0
      vertex -15.7579 -23.5701 3
    endloop
  endfacet
  facet normal -0.62404 -0.781392 0
    outer loop
      vertex -15.525 -23.7561 0
      vertex -15.525 -23.7561 3
      vertex -15.7579 -23.5701 0
    endloop
  endfacet
  facet normal -0.62404 -0.781392 -0
    outer loop
      vertex -15.7579 -23.5701 3
      vertex -15.7579 -23.5701 0
      vertex -15.525 -23.7561 3
    endloop
  endfacet
  facet normal -0.826539 -0.562879 0
    outer loop
      vertex -15.3572 -24.0025 0
      vertex -15.3572 -24.0025 3
      vertex -15.525 -23.7561 0
    endloop
  endfacet
  facet normal -0.826539 -0.562879 -0
    outer loop
      vertex -15.525 -23.7561 3
      vertex -15.525 -23.7561 0
      vertex -15.3572 -24.0025 3
    endloop
  endfacet
  facet normal -0.955743 -0.294204 0
    outer loop
      vertex -15.2695 -24.2874 0
      vertex -15.2695 -24.2874 3
      vertex -15.3572 -24.0025 0
    endloop
  endfacet
  facet normal -0.955743 -0.294204 -0
    outer loop
      vertex -15.3572 -24.0025 3
      vertex -15.3572 -24.0025 0
      vertex -15.2695 -24.2874 3
    endloop
  endfacet
  facet normal -1 0.000671141 0
    outer loop
      vertex -15.2697 -24.5854 0
      vertex -15.2697 -24.5854 3
      vertex -15.2695 -24.2874 0
    endloop
  endfacet
  facet normal -1 0.000671141 0
    outer loop
      vertex -15.2695 -24.2874 3
      vertex -15.2695 -24.2874 0
      vertex -15.2697 -24.5854 3
    endloop
  endfacet
  facet normal -0.988733 0.149691 0
    outer loop
      vertex -16.7177 -34.1497 0
      vertex -16.7177 -34.1497 3
      vertex -15.2697 -24.5854 0
    endloop
  endfacet
  facet normal -0.988733 0.149691 0
    outer loop
      vertex -15.2697 -24.5854 3
      vertex -15.2697 -24.5854 0
      vertex -16.7177 -34.1497 3
    endloop
  endfacet
  facet normal -0.965892 0.258945 0
    outer loop
      vertex -16.7755 -34.3653 0
      vertex -16.7755 -34.3653 3
      vertex -16.7177 -34.1497 0
    endloop
  endfacet
  facet normal -0.965892 0.258945 0
    outer loop
      vertex -16.7177 -34.1497 3
      vertex -16.7177 -34.1497 0
      vertex -16.7755 -34.3653 3
    endloop
  endfacet
  facet normal -0.865985 0.500071 0
    outer loop
      vertex -16.9246 -34.6235 0
      vertex -16.9246 -34.6235 3
      vertex -16.7755 -34.3653 0
    endloop
  endfacet
  facet normal -0.865985 0.500071 0
    outer loop
      vertex -16.7755 -34.3653 3
      vertex -16.7755 -34.3653 0
      vertex -16.9246 -34.6235 3
    endloop
  endfacet
  facet normal -0.680104 0.733116 0
    outer loop
      vertex -17.1431 -34.8262 0
      vertex -17.1431 -34.8262 3
      vertex -16.9246 -34.6235 0
    endloop
  endfacet
  facet normal -0.680104 0.733116 0
    outer loop
      vertex -16.9246 -34.6235 3
      vertex -16.9246 -34.6235 0
      vertex -17.1431 -34.8262 3
    endloop
  endfacet
  facet normal -0.434017 0.900905 0
    outer loop
      vertex -17.4117 -34.9556 0
      vertex -17.4117 -34.9556 3
      vertex -17.1431 -34.8262 0
    endloop
  endfacet
  facet normal -0.434017 0.900905 0
    outer loop
      vertex -17.1431 -34.8262 3
      vertex -17.1431 -34.8262 0
      vertex -17.4117 -34.9556 3
    endloop
  endfacet
  facet normal -0.14898 0.98884 0
    outer loop
      vertex -17.7064 -35 0
      vertex -17.7064 -35 3
      vertex -17.4117 -34.9556 0
    endloop
  endfacet
  facet normal -0.14898 0.98884 0
    outer loop
      vertex -17.4117 -34.9556 3
      vertex -17.4117 -34.9556 0
      vertex -17.7064 -35 3
    endloop
  endfacet
  facet normal 0 1 0
    outer loop
      vertex -25.5773 -35 0
      vertex -25.5773 -35 3
      vertex -17.7064 -35 0
    endloop
  endfacet
  facet normal 0 1 0
    outer loop
      vertex -17.7064 -35 3
      vertex -17.7064 -35 0
      vertex -25.5773 -35 3
    endloop
  endfacet
  facet normal 0.0902363 0.99592 -0
    outer loop
      vertex -38.991 -34.9837 0
      vertex -38.991 -34.9837 3
      vertex -38.8111 -35 0
    endloop
  endfacet
  facet normal 0.0902363 0.99592 0
    outer loop
      vertex -38.8111 -35 3
      vertex -38.8111 -35 0
      vertex -38.991 -34.9837 3
    endloop
  endfacet
  facet normal 0.324667 0.945828 -0
    outer loop
      vertex -39.273 -34.8869 0
      vertex -39.273 -34.8869 3
      vertex -38.991 -34.9837 0
    endloop
  endfacet
  facet normal 0.324667 0.945828 0
    outer loop
      vertex -38.991 -34.9837 3
      vertex -38.991 -34.9837 0
      vertex -39.273 -34.8869 3
    endloop
  endfacet
  facet normal 0.58883 0.808257 -0
    outer loop
      vertex -39.5139 -34.7114 0
      vertex -39.5139 -34.7114 3
      vertex -39.273 -34.8869 0
    endloop
  endfacet
  facet normal 0.58883 0.808257 0
    outer loop
      vertex -39.273 -34.8869 3
      vertex -39.273 -34.8869 0
      vertex -39.5139 -34.7114 3
    endloop
  endfacet
  facet normal 0.801126 0.598496 -0
    outer loop
      vertex -39.6923 -34.4726 0
      vertex -39.6923 -34.4726 3
      vertex -39.5139 -34.7114 0
    endloop
  endfacet
  facet normal 0.801126 0.598496 0
    outer loop
      vertex -39.5139 -34.7114 3
      vertex -39.5139 -34.7114 0
      vertex -39.6923 -34.4726 3
    endloop
  endfacet
  facet normal 0.941833 0.336081 -0
    outer loop
      vertex -39.7925 -34.1918 0
      vertex -39.7925 -34.1918 3
      vertex -39.6923 -34.4726 0
    endloop
  endfacet
  facet normal 0.941833 0.336081 0
    outer loop
      vertex -39.6923 -34.4726 3
      vertex -39.6923 -34.4726 0
      vertex -39.7925 -34.1918 3
    endloop
  endfacet
  facet normal 0.981428 0.191831 -0
    outer loop
      vertex -41.3695 -26.1237 0
      vertex -41.3695 -26.1237 3
      vertex -39.7925 -34.1918 0
    endloop
  endfacet
  facet normal 0.981428 0.191831 0
    outer loop
      vertex -39.7925 -34.1918 3
      vertex -39.7925 -34.1918 0
      vertex -41.3695 -26.1237 3
    endloop
  endfacet
  facet normal 0.996787 0.0800989 -0
    outer loop
      vertex -41.3875 -25.8997 0
      vertex -41.3875 -25.8997 3
      vertex -41.3695 -26.1237 0
    endloop
  endfacet
  facet normal 0.996787 0.0800989 0
    outer loop
      vertex -41.3695 -26.1237 3
      vertex -41.3695 -26.1237 0
      vertex -41.3875 -25.8997 3
    endloop
  endfacet
  facet normal 0.983519 -0.180804 0
    outer loop
      vertex -41.3336 -25.6065 0
      vertex -41.3336 -25.6065 3
      vertex -41.3875 -25.8997 0
    endloop
  endfacet
  facet normal 0.983519 -0.180804 0
    outer loop
      vertex -41.3875 -25.8997 3
      vertex -41.3875 -25.8997 0
      vertex -41.3336 -25.6065 3
    endloop
  endfacet
  facet normal 0.886579 -0.462577 0
    outer loop
      vertex -41.1957 -25.3422 0
      vertex -41.1957 -25.3422 3
      vertex -41.3336 -25.6065 0
    endloop
  endfacet
  facet normal 0.886579 -0.462577 0
    outer loop
      vertex -41.3336 -25.6065 3
      vertex -41.3336 -25.6065 0
      vertex -41.1957 -25.3422 3
    endloop
  endfacet
  facet normal 0.710621 -0.703575 0
    outer loop
      vertex -40.986 -25.1304 0
      vertex -40.986 -25.1304 3
      vertex -41.1957 -25.3422 0
    endloop
  endfacet
  facet normal 0.710621 -0.703575 0
    outer loop
      vertex -41.1957 -25.3422 3
      vertex -41.1957 -25.3422 0
      vertex -40.986 -25.1304 3
    endloop
  endfacet
  facet normal 0.471998 -0.8816 0
    outer loop
      vertex -40.7232 -24.9897 0
      vertex -40.7232 -24.9897 3
      vertex -40.986 -25.1304 0
    endloop
  endfacet
  facet normal 0.471998 -0.8816 0
    outer loop
      vertex -40.986 -25.1304 3
      vertex -40.986 -25.1304 0
      vertex -40.7232 -24.9897 3
    endloop
  endfacet
  facet normal 0.190888 -0.981612 0
    outer loop
      vertex -40.4306 -24.9328 0
      vertex -40.4306 -24.9328 3
      vertex -40.7232 -24.9897 0
    endloop
  endfacet
  facet normal 0.190888 -0.981612 0
    outer loop
      vertex -40.7232 -24.9897 3
      vertex -40.7232 -24.9897 0
      vertex -40.4306 -24.9328 3
    endloop
  endfacet
  facet normal 0.0425317 -0.999095 0
    outer loop
      vertex -28.0722 -24.4067 0
      vertex -28.0722 -24.4067 3
      vertex -40.4306 -24.9328 0
    endloop
  endfacet
  facet normal 0.0425317 -0.999095 0
    outer loop
      vertex -40.4306 -24.9328 3
      vertex -40.4306 -24.9328 0
      vertex -28.0722 -24.4067 3
    endloop
  endfacet
  facet normal -0.108834 -0.99406 0
    outer loop
      vertex -27.7717 -24.4396 0
      vertex -27.7717 -24.4396 3
      vertex -28.0722 -24.4067 0
    endloop
  endfacet
  facet normal -0.108834 -0.99406 -0
    outer loop
      vertex -28.0722 -24.4067 3
      vertex -28.0722 -24.4067 0
      vertex -27.7717 -24.4396 3
    endloop
  endfacet
  facet normal -0.398935 -0.916979 0
    outer loop
      vertex -27.4984 -24.5585 0
      vertex -27.4984 -24.5585 3
      vertex -27.7717 -24.4396 0
    endloop
  endfacet
  facet normal -0.398935 -0.916979 -0
    outer loop
      vertex -27.7717 -24.4396 3
      vertex -27.7717 -24.4396 0
      vertex -27.4984 -24.5585 3
    endloop
  endfacet
  facet normal -0.651758 -0.758427 0
    outer loop
      vertex -27.2723 -24.7528 0
      vertex -27.2723 -24.7528 3
      vertex -27.4984 -24.5585 0
    endloop
  endfacet
  facet normal -0.651758 -0.758427 -0
    outer loop
      vertex -27.4984 -24.5585 3
      vertex -27.4984 -24.5585 0
      vertex -27.2723 -24.7528 3
    endloop
  endfacet
  facet normal -0.84607 -0.533071 0
    outer loop
      vertex -27.1134 -25.005 0
      vertex -27.1134 -25.005 3
      vertex -27.2723 -24.7528 0
    endloop
  endfacet
  facet normal -0.84607 -0.533071 -0
    outer loop
      vertex -27.2723 -24.7528 3
      vertex -27.2723 -24.7528 0
      vertex -27.1134 -25.005 3
    endloop
  endfacet
  facet normal -0.96571 -0.259625 0
    outer loop
      vertex -27.036 -25.2929 0
      vertex -27.036 -25.2929 3
      vertex -27.1134 -25.005 0
    endloop
  endfacet
  facet normal -0.96571 -0.259625 -0
    outer loop
      vertex -27.1134 -25.005 3
      vertex -27.1134 -25.005 0
      vertex -27.036 -25.2929 3
    endloop
  endfacet
  facet normal -0.999331 0.036565 0
    outer loop
      vertex -27.0469 -25.5908 0
      vertex -27.0469 -25.5908 3
      vertex -27.036 -25.2929 0
    endloop
  endfacet
  facet normal -0.999331 0.036565 0
    outer loop
      vertex -27.036 -25.2929 3
      vertex -27.036 -25.2929 0
      vertex -27.0469 -25.5908 3
    endloop
  endfacet
  facet normal -0.982735 0.185016 0
    outer loop
      vertex -28.6649 -34.185 0
      vertex -28.6649 -34.185 3
      vertex -27.0469 -25.5908 0
    endloop
  endfacet
  facet normal -0.982735 0.185016 0
    outer loop
      vertex -27.0469 -25.5908 3
      vertex -27.0469 -25.5908 0
      vertex -28.6649 -34.185 3
    endloop
  endfacet
  facet normal -0.960979 0.276621 0
    outer loop
      vertex -28.7168 -34.3653 0
      vertex -28.7168 -34.3653 3
      vertex -28.6649 -34.185 0
    endloop
  endfacet
  facet normal -0.960979 0.276621 0
    outer loop
      vertex -28.6649 -34.185 3
      vertex -28.6649 -34.185 0
      vertex -28.7168 -34.3653 3
    endloop
  endfacet
  facet normal -0.86613 0.499819 0
    outer loop
      vertex -28.8658 -34.6235 0
      vertex -28.8658 -34.6235 3
      vertex -28.7168 -34.3653 0
    endloop
  endfacet
  facet normal -0.86613 0.499819 0
    outer loop
      vertex -28.7168 -34.3653 3
      vertex -28.7168 -34.3653 0
      vertex -28.8658 -34.6235 3
    endloop
  endfacet
  facet normal -0.680104 0.733116 0
    outer loop
      vertex -29.0843 -34.8262 0
      vertex -29.0843 -34.8262 3
      vertex -28.8658 -34.6235 0
    endloop
  endfacet
  facet normal -0.680104 0.733116 0
    outer loop
      vertex -28.8658 -34.6235 3
      vertex -28.8658 -34.6235 0
      vertex -29.0843 -34.8262 3
    endloop
  endfacet
  facet normal -0.434017 0.900905 0
    outer loop
      vertex -29.3529 -34.9556 0
      vertex -29.3529 -34.9556 3
      vertex -29.0843 -34.8262 0
    endloop
  endfacet
  facet normal -0.434017 0.900905 0
    outer loop
      vertex -29.0843 -34.8262 3
      vertex -29.0843 -34.8262 0
      vertex -29.3529 -34.9556 3
    endloop
  endfacet
  facet normal -0.14898 0.98884 0
    outer loop
      vertex -29.6476 -35 0
      vertex -29.6476 -35 3
      vertex -29.3529 -34.9556 0
    endloop
  endfacet
  facet normal -0.14898 0.98884 0
    outer loop
      vertex -29.3529 -34.9556 3
      vertex -29.3529 -34.9556 0
      vertex -29.6476 -35 3
    endloop
  endfacet
  facet normal 0 1 0
    outer loop
      vertex -38.8111 -35 0
      vertex -38.8111 -35 3
      vertex -29.6476 -35 0
    endloop
  endfacet
  facet normal 0 1 0
    outer loop
      vertex -29.6476 -35 3
      vertex -29.6476 -35 0
      vertex -38.8111 -35 3
    endloop
  endfacet
endsolid OpenSCAD_Model
