solid OpenSCAD_Model
  facet normal -1 0 0
    outer loop
      vertex 4.25 19.8013 38.4906
      vertex 4.25 19.8326 41.6981
      vertex 4.25 19.8408 40.0943
    endloop
  endfacet
  facet normal -1 0 0
    outer loop
      vertex 4.25 19.8013 38.4906
      vertex 4.25 19.7796 43.3019
      vertex 4.25 19.8326 41.6981
    endloop
  endfacet
  facet normal -1 0 0
    outer loop
      vertex 4.25 19.7116 36.8868
      vertex 4.25 19.7796 43.3019
      vertex 4.25 19.8013 38.4906
    endloop
  endfacet
  facet normal -1 0 0
    outer loop
      vertex 4.25 19.7116 36.8868
      vertex 4.25 19.6849 44.9057
      vertex 4.25 19.7796 43.3019
    endloop
  endfacet
  facet normal -1 0 0
    outer loop
      vertex 4.25 19.5699 35.283
      vertex 4.25 19.6849 44.9057
      vertex 4.25 19.7116 36.8868
    endloop
  endfacet
  facet normal -1 0 0
    outer loop
      vertex 4.25 19.3747 33.6792
      vertex 4.25 19.6849 44.9057
      vertex 4.25 19.5699 35.283
    endloop
  endfacet
  facet normal -1 0 0
    outer loop
      vertex 4.25 19.1251 32.0755
      vertex 4.25 19.6849 44.9057
      vertex 4.25 19.3747 33.6792
    endloop
  endfacet
  facet normal -1 0 0
    outer loop
      vertex 4.25 18.8209 30.4717
      vertex 4.25 19.6849 44.9057
      vertex 4.25 19.1251 32.0755
    endloop
  endfacet
  facet normal -1 0 0
    outer loop
      vertex 4.25 18.4627 28.8679
      vertex 4.25 19.6849 44.9057
      vertex 4.25 18.8209 30.4717
    endloop
  endfacet
  facet normal -1 0 0
    outer loop
      vertex 4.25 18.0516 27.2641
      vertex 4.25 19.6849 44.9057
      vertex 4.25 18.4627 28.8679
    endloop
  endfacet
  facet normal -1 0 0
    outer loop
      vertex 4.25 0 0
      vertex 4.25 19.6849 44.9057
      vertex 4.25 18.0516 27.2641
    endloop
  endfacet
  facet normal -1 -0 0
    outer loop
      vertex 4.25 19.6849 44.9057
      vertex 4.25 0 0
      vertex 4.25 19.5519 46.5094
    endloop
  endfacet
  facet normal -1 -0 0
    outer loop
      vertex 4.25 19.5519 46.5094
      vertex 4.25 0 0
      vertex 4.25 19.3843 48.1132
    endloop
  endfacet
  facet normal -1 -0 0
    outer loop
      vertex 4.25 19.3843 48.1132
      vertex 4.25 0 0
      vertex 4.25 19.1857 49.717
    endloop
  endfacet
  facet normal -1 -0 0
    outer loop
      vertex 4.25 19.1857 49.717
      vertex 4.25 0 0
      vertex 4.25 18.9599 51.3207
    endloop
  endfacet
  facet normal -1 -0 0
    outer loop
      vertex 4.25 18.9599 51.3207
      vertex 4.25 0 0
      vertex 4.25 18.7108 52.9245
    endloop
  endfacet
  facet normal -1 -0 0
    outer loop
      vertex 4.25 18.7108 52.9245
      vertex 4.25 0 0
      vertex 4.25 18.4418 54.5283
    endloop
  endfacet
  facet normal -1 -0 0
    outer loop
      vertex 4.25 18.4418 54.5283
      vertex 4.25 0 0
      vertex 4.25 18.1568 56.1321
    endloop
  endfacet
  facet normal -1 0 0
    outer loop
      vertex 4.25 0 0
      vertex 4.25 18.0516 27.2641
      vertex 4.25 17.5897 25.6604
    endloop
  endfacet
  facet normal -1 -0 0
    outer loop
      vertex 4.25 18.1568 56.1321
      vertex 4.25 0 0
      vertex 4.25 17.8591 57.7358
    endloop
  endfacet
  facet normal -1 -0 0
    outer loop
      vertex 4.25 17.8591 57.7358
      vertex 4.25 0 0
      vertex 4.25 17.552 59.3396
    endloop
  endfacet
  facet normal -1 0 0
    outer loop
      vertex 4.25 0 0
      vertex 4.25 17.5897 25.6604
      vertex 4.25 17.0797 24.0566
    endloop
  endfacet
  facet normal -1 -0 0
    outer loop
      vertex 4.25 17.552 59.3396
      vertex 4.25 0 0
      vertex 4.25 17.2385 60.9434
    endloop
  endfacet
  facet normal -1 -0 0
    outer loop
      vertex 4.25 17.2385 60.9434
      vertex 4.25 0 0
      vertex 4.25 16.9215 62.5472
    endloop
  endfacet
  facet normal -1 0 0
    outer loop
      vertex 4.25 0 0
      vertex 4.25 17.0797 24.0566
      vertex 4.25 16.5252 22.4528
    endloop
  endfacet
  facet normal -1 -0 0
    outer loop
      vertex 4.25 16.9215 62.5472
      vertex 4.25 0 0
      vertex 4.25 16.6035 64.1509
    endloop
  endfacet
  facet normal -1 -0 0
    outer loop
      vertex 4.25 16.6035 64.1509
      vertex 4.25 0 0
      vertex 4.25 16.2868 65.7547
    endloop
  endfacet
  facet normal -1 0 0
    outer loop
      vertex 4.25 0 0
      vertex 4.25 16.5252 22.4528
      vertex 4.25 15.9303 20.849
    endloop
  endfacet
  facet normal -1 -0 0
    outer loop
      vertex 4.25 16.2868 65.7547
      vertex 4.25 0 0
      vertex 4.25 15.9735 67.3585
    endloop
  endfacet
  facet normal -1 -0 0
    outer loop
      vertex 4.25 15.9735 67.3585
      vertex 4.25 0 0
      vertex 4.25 15.6655 68.9622
    endloop
  endfacet
  facet normal -1 0 0
    outer loop
      vertex 4.25 0 0
      vertex 4.25 15.9303 20.849
      vertex 4.25 15.3003 19.2453
    endloop
  endfacet
  facet normal -1 -0 0
    outer loop
      vertex 4.25 15.6655 68.9622
      vertex 4.25 0 0
      vertex 4.25 15.3642 70.566
    endloop
  endfacet
  facet normal -1 -0 0
    outer loop
      vertex 4.25 15.3642 70.566
      vertex 4.25 0 0
      vertex 4.25 15.0712 72.1698
    endloop
  endfacet
  facet normal -1 0 0
    outer loop
      vertex 4.25 0 0
      vertex 4.25 15.3003 19.2453
      vertex 4.25 14.6407 17.6415
    endloop
  endfacet
  facet normal -1 -0 0
    outer loop
      vertex 4.25 15.0712 72.1698
      vertex 4.25 0 0
      vertex 4.25 14.7874 73.7736
    endloop
  endfacet
  facet normal -1 -0 0
    outer loop
      vertex 4.25 14.7874 73.7736
      vertex 4.25 0 0
      vertex 4.25 14.5137 75.3773
    endloop
  endfacet
  facet normal -1 -0 0
    outer loop
      vertex 4.25 14.5137 75.3773
      vertex 4.25 0 0
      vertex 4.25 14.2511 76.9811
    endloop
  endfacet
  facet normal -1 0 0
    outer loop
      vertex 4.25 0 0
      vertex 4.25 14.6407 17.6415
      vertex 4.25 13.9578 16.0377
    endloop
  endfacet
  facet normal -1 -0 0
    outer loop
      vertex 4.25 14.2511 76.9811
      vertex 4.25 0 0
      vertex 4.25 14 78.5849
    endloop
  endfacet
  facet normal -1 -0 0
    outer loop
      vertex 4.25 14 78.5849
      vertex 4.25 0 0
      vertex 4.25 13.7609 80.1887
    endloop
  endfacet
  facet normal -1 -0 0
    outer loop
      vertex 4.25 13.7609 80.1887
      vertex 4.25 0 0
      vertex 4.25 13.5342 81.7924
    endloop
  endfacet
  facet normal -1 0 0
    outer loop
      vertex 4.25 0 0
      vertex 4.25 13.9578 16.0377
      vertex 4.25 13.2585 14.434
    endloop
  endfacet
  facet normal -1 -0 0
    outer loop
      vertex 4.25 13.5342 81.7924
      vertex 4.25 0 0
      vertex 4.25 13.3202 83.3962
    endloop
  endfacet
  facet normal -1 -0 0
    outer loop
      vertex 4.25 13.3202 83.3962
      vertex 4.25 0 0
      vertex 4.25 13.1189 85
    endloop
  endfacet
  facet normal -1 -0 0
    outer loop
      vertex 4.25 13.1189 85
      vertex 4.25 0 0
      vertex 4.25 12.9306 86.6038
    endloop
  endfacet
  facet normal -1 -0 0
    outer loop
      vertex 4.25 12.9306 86.6038
      vertex 4.25 0 0
      vertex 4.25 12.7552 88.2075
    endloop
  endfacet
  facet normal -1 0 0
    outer loop
      vertex 4.25 0 0
      vertex 4.25 13.2585 14.434
      vertex 4.25 12.5503 12.8302
    endloop
  endfacet
  facet normal -1 -0 0
    outer loop
      vertex 4.25 12.7552 88.2075
      vertex 4.25 0 0
      vertex 4.25 12.593 89.8113
    endloop
  endfacet
  facet normal -1 -0 0
    outer loop
      vertex 4.25 12.593 89.8113
      vertex 4.25 0 0
      vertex 4.25 12.4439 91.4151
    endloop
  endfacet
  facet normal -1 -0 0
    outer loop
      vertex 4.25 12.4439 91.4151
      vertex 4.25 0 0
      vertex 4.25 12.308 93.0189
    endloop
  endfacet
  facet normal -1 -0 0
    outer loop
      vertex 4.25 12.308 93.0189
      vertex 4.25 0 0
      vertex 4.25 12.1854 94.6226
    endloop
  endfacet
  facet normal -1 -0 0
    outer loop
      vertex 4.25 12.1854 94.6226
      vertex 4.25 0 0
      vertex 4.25 12.0761 96.2264
    endloop
  endfacet
  facet normal -1 -0 0
    outer loop
      vertex 4.25 12.0761 96.2264
      vertex 4.25 0 0
      vertex 4.25 11.9803 97.8302
    endloop
  endfacet
  facet normal -1 0 0
    outer loop
      vertex 4.25 0 0
      vertex 4.25 12.5503 12.8302
      vertex 4.25 11.8407 11.2264
    endloop
  endfacet
  facet normal -1 -0 0
    outer loop
      vertex 4.25 11.9803 97.8302
      vertex 4.25 0 0
      vertex 4.25 11.898 99.434
    endloop
  endfacet
  facet normal -1 -0 0
    outer loop
      vertex 4.25 11.898 99.434
      vertex 4.25 0 0
      vertex 4.25 11.8293 101.038
    endloop
  endfacet
  facet normal -1 0 0
    outer loop
      vertex 4.25 0 170
      vertex 4.25 11.8293 101.038
      vertex 4.25 0 0
    endloop
  endfacet
  facet normal -1 0 0
    outer loop
      vertex 4.25 11.8293 101.038
      vertex 4.25 0 170
      vertex 4.25 11.7745 102.641
    endloop
  endfacet
  facet normal -1 0 0
    outer loop
      vertex 4.25 11.7745 102.641
      vertex 4.25 0 170
      vertex 4.25 11.7336 104.245
    endloop
  endfacet
  facet normal -1 0 0
    outer loop
      vertex 4.25 0 0
      vertex 4.25 11.8407 11.2264
      vertex 4.25 11.1378 9.62263
    endloop
  endfacet
  facet normal -1 0 0
    outer loop
      vertex 4.25 0 170
      vertex 4.25 15.6974 158.774
      vertex 4.25 15.6699 157.17
    endloop
  endfacet
  facet normal -1 0 0
    outer loop
      vertex 4.25 15.6974 158.774
      vertex 4.25 0 170
      vertex 4.25 15.6974 160.377
    endloop
  endfacet
  facet normal -1 0 0
    outer loop
      vertex 4.25 0 170
      vertex 4.25 15.6699 157.17
      vertex 4.25 15.6165 155.566
    endloop
  endfacet
  facet normal -1 0 0
    outer loop
      vertex 4.25 15.6974 160.377
      vertex 4.25 0 170
      vertex 4.25 15.6683 161.981
    endloop
  endfacet
  facet normal -1 0 0
    outer loop
      vertex 4.25 0 170
      vertex 4.25 15.6165 155.566
      vertex 4.25 15.5392 153.962
    endloop
  endfacet
  facet normal -1 0 0
    outer loop
      vertex 4.25 15.6683 161.981
      vertex 4.25 0 170
      vertex 4.25 15.6086 163.585
    endloop
  endfacet
  facet normal -1 0 0
    outer loop
      vertex 4.25 0 170
      vertex 4.25 15.5392 153.962
      vertex 4.25 15.44 152.358
    endloop
  endfacet
  facet normal -1 0 0
    outer loop
      vertex 4.25 15.6086 163.585
      vertex 4.25 0 170
      vertex 4.25 15.5172 165.189
    endloop
  endfacet
  facet normal -1 0 0
    outer loop
      vertex 4.25 0 170
      vertex 4.25 15.44 152.358
      vertex 4.25 15.321 150.755
    endloop
  endfacet
  facet normal -1 0 0
    outer loop
      vertex 4.25 15.5172 165.189
      vertex 4.25 0 170
      vertex 4.25 15.3933 166.792
    endloop
  endfacet
  facet normal -1 0 0
    outer loop
      vertex 4.25 0 170
      vertex 4.25 15.321 150.755
      vertex 4.25 15.1846 149.151
    endloop
  endfacet
  facet normal -1 0 0
    outer loop
      vertex 4.25 15.3933 166.792
      vertex 4.25 0 170
      vertex 4.25 15.2362 168.396
    endloop
  endfacet
  facet normal -1 0 0
    outer loop
      vertex 4.25 0 170
      vertex 4.25 15.1846 149.151
      vertex 4.25 15.0327 147.547
    endloop
  endfacet
  facet normal -1 0 0
    outer loop
      vertex 4.25 0 170
      vertex 4.25 15.0327 147.547
      vertex 4.25 14.8679 145.943
    endloop
  endfacet
  facet normal -1 0 0
    outer loop
      vertex 4.25 0 170
      vertex 4.25 14.8679 145.943
      vertex 4.25 14.6924 144.34
    endloop
  endfacet
  facet normal -1 0 0
    outer loop
      vertex 4.25 0 170
      vertex 4.25 14.6924 144.34
      vertex 4.25 14.5083 142.736
    endloop
  endfacet
  facet normal -1 0 0
    outer loop
      vertex 4.25 0 170
      vertex 4.25 14.5083 142.736
      vertex 4.25 14.318 141.132
    endloop
  endfacet
  facet normal -1 0 0
    outer loop
      vertex 4.25 0 170
      vertex 4.25 14.318 141.132
      vertex 4.25 14.1236 139.528
    endloop
  endfacet
  facet normal -1 0 0
    outer loop
      vertex 4.25 0 170
      vertex 4.25 14.1236 139.528
      vertex 4.25 13.9271 137.925
    endloop
  endfacet
  facet normal -1 0 0
    outer loop
      vertex 4.25 0 170
      vertex 4.25 13.9271 137.925
      vertex 4.25 13.7306 136.321
    endloop
  endfacet
  facet normal -1 0 0
    outer loop
      vertex 4.25 0 170
      vertex 4.25 13.7306 136.321
      vertex 4.25 13.5359 134.717
    endloop
  endfacet
  facet normal -1 0 0
    outer loop
      vertex 4.25 0 170
      vertex 4.25 13.5359 134.717
      vertex 4.25 13.3448 133.113
    endloop
  endfacet
  facet normal -1 0 0
    outer loop
      vertex 4.25 0 170
      vertex 4.25 13.3448 133.113
      vertex 4.25 13.1589 131.509
    endloop
  endfacet
  facet normal -1 0 0
    outer loop
      vertex 4.25 0 170
      vertex 4.25 13.1589 131.509
      vertex 4.25 12.9797 129.906
    endloop
  endfacet
  facet normal -1 0 0
    outer loop
      vertex 4.25 0 170
      vertex 4.25 12.9797 129.906
      vertex 4.25 12.8086 128.302
    endloop
  endfacet
  facet normal -1 0 0
    outer loop
      vertex 4.25 0 170
      vertex 4.25 12.8086 128.302
      vertex 4.25 12.6468 126.698
    endloop
  endfacet
  facet normal -1 0 0
    outer loop
      vertex 4.25 0 170
      vertex 4.25 12.6468 126.698
      vertex 4.25 12.4953 125.094
    endloop
  endfacet
  facet normal -1 0 0
    outer loop
      vertex 4.25 0 170
      vertex 4.25 12.4953 125.094
      vertex 4.25 12.3552 123.491
    endloop
  endfacet
  facet normal -1 0 0
    outer loop
      vertex 4.25 0 170
      vertex 4.25 12.3552 123.491
      vertex 4.25 12.2272 121.887
    endloop
  endfacet
  facet normal -1 0 0
    outer loop
      vertex 4.25 0 170
      vertex 4.25 12.2272 121.887
      vertex 4.25 12.112 120.283
    endloop
  endfacet
  facet normal -1 0 0
    outer loop
      vertex 4.25 0 170
      vertex 4.25 12.112 120.283
      vertex 4.25 12.0102 118.679
    endloop
  endfacet
  facet normal -1 0 0
    outer loop
      vertex 4.25 11.7336 104.245
      vertex 4.25 0 170
      vertex 4.25 11.7068 105.849
    endloop
  endfacet
  facet normal -1 0 0
    outer loop
      vertex 4.25 0 0
      vertex 4.25 11.1378 9.62263
      vertex 4.25 10.4496 8.01886
    endloop
  endfacet
  facet normal -1 0 0
    outer loop
      vertex 4.25 11.7068 105.849
      vertex 4.25 0 170
      vertex 4.25 11.6943 107.453
    endloop
  endfacet
  facet normal -1 0 0
    outer loop
      vertex 4.25 0 0
      vertex 4.25 10.4496 8.01886
      vertex 4.25 9.78429 6.41508
    endloop
  endfacet
  facet normal -1 0 0
    outer loop
      vertex 4.25 0 0
      vertex 4.25 9.78429 6.41508
      vertex 4.25 9.1499 4.81131
    endloop
  endfacet
  facet normal -1 0 0
    outer loop
      vertex 4.25 11.6943 107.453
      vertex 4.25 0 170
      vertex 4.25 11.6961 109.057
    endloop
  endfacet
  facet normal -1 0 0
    outer loop
      vertex 4.25 0 0
      vertex 4.25 9.1499 4.81131
      vertex 4.25 8.5542 3.20753
    endloop
  endfacet
  facet normal -1 0 0
    outer loop
      vertex 4.25 11.6961 109.057
      vertex 4.25 0 170
      vertex 4.25 11.7123 110.66
    endloop
  endfacet
  facet normal -1 0 0
    outer loop
      vertex 4.25 0 0
      vertex 4.25 8.5542 3.20753
      vertex 4.25 8.00458 1.60376
    endloop
  endfacet
  facet normal -1 0 0
    outer loop
      vertex 4.25 0 0
      vertex 4.25 8.00458 1.60376
      vertex 4.25 7.50792 0
    endloop
  endfacet
  facet normal -1 0 0
    outer loop
      vertex 4.25 11.7123 110.66
      vertex 4.25 0 170
      vertex 4.25 11.7431 112.264
    endloop
  endfacet
  facet normal -1 0 0
    outer loop
      vertex 4.25 11.7431 112.264
      vertex 4.25 0 170
      vertex 4.25 11.7884 113.868
    endloop
  endfacet
  facet normal -1 0 0
    outer loop
      vertex 4.25 11.7884 113.868
      vertex 4.25 0 170
      vertex 4.25 11.8481 115.472
    endloop
  endfacet
  facet normal -1 0 0
    outer loop
      vertex 4.25 11.8481 115.472
      vertex 4.25 0 170
      vertex 4.25 11.9221 117.075
    endloop
  endfacet
  facet normal -1 0 0
    outer loop
      vertex 4.25 11.9221 117.075
      vertex 4.25 0 170
      vertex 4.25 12.0102 118.679
    endloop
  endfacet
  facet normal -1 0 0
    outer loop
      vertex 4.25 15.2362 168.396
      vertex 4.25 0 170
      vertex 4.25 15.0456 170
    endloop
  endfacet
  facet normal 1 0 0
    outer loop
      vertex 14.6389 0 170
      vertex 14.6389 15.6974 158.774
      vertex 14.6389 15.6974 160.377
    endloop
  endfacet
  facet normal 1 0 0
    outer loop
      vertex 14.6389 0 170
      vertex 14.6389 15.6974 160.377
      vertex 14.6389 15.6683 161.981
    endloop
  endfacet
  facet normal 1 0 0
    outer loop
      vertex 14.6389 15.6974 158.774
      vertex 14.6389 0 170
      vertex 14.6389 15.6699 157.17
    endloop
  endfacet
  facet normal 1 0 0
    outer loop
      vertex 14.6389 0 170
      vertex 14.6389 15.6683 161.981
      vertex 14.6389 15.6086 163.585
    endloop
  endfacet
  facet normal 1 0 0
    outer loop
      vertex 14.6389 15.6699 157.17
      vertex 14.6389 0 170
      vertex 14.6389 15.6165 155.566
    endloop
  endfacet
  facet normal 1 0 0
    outer loop
      vertex 14.6389 0 170
      vertex 14.6389 15.6086 163.585
      vertex 14.6389 15.5172 165.189
    endloop
  endfacet
  facet normal 1 0 0
    outer loop
      vertex 14.6389 15.6165 155.566
      vertex 14.6389 0 170
      vertex 14.6389 15.5392 153.962
    endloop
  endfacet
  facet normal 1 0 0
    outer loop
      vertex 14.6389 0 170
      vertex 14.6389 15.5172 165.189
      vertex 14.6389 15.3933 166.792
    endloop
  endfacet
  facet normal 1 0 0
    outer loop
      vertex 14.6389 15.5392 153.962
      vertex 14.6389 0 170
      vertex 14.6389 15.44 152.358
    endloop
  endfacet
  facet normal 1 0 0
    outer loop
      vertex 14.6389 0 170
      vertex 14.6389 15.3933 166.792
      vertex 14.6389 15.2362 168.396
    endloop
  endfacet
  facet normal 1 0 0
    outer loop
      vertex 14.6389 15.44 152.358
      vertex 14.6389 0 170
      vertex 14.6389 15.321 150.755
    endloop
  endfacet
  facet normal 1 -0 0
    outer loop
      vertex 14.6389 0 170
      vertex 14.6389 15.2362 168.396
      vertex 14.6389 15.0456 170
    endloop
  endfacet
  facet normal 1 0 0
    outer loop
      vertex 14.6389 15.321 150.755
      vertex 14.6389 0 170
      vertex 14.6389 15.1846 149.151
    endloop
  endfacet
  facet normal 1 0 0
    outer loop
      vertex 14.6389 15.1846 149.151
      vertex 14.6389 0 170
      vertex 14.6389 15.0327 147.547
    endloop
  endfacet
  facet normal 1 0 0
    outer loop
      vertex 14.6389 15.0327 147.547
      vertex 14.6389 0 170
      vertex 14.6389 14.8679 145.943
    endloop
  endfacet
  facet normal 1 0 0
    outer loop
      vertex 14.6389 14.8679 145.943
      vertex 14.6389 0 170
      vertex 14.6389 14.6924 144.34
    endloop
  endfacet
  facet normal 1 0 0
    outer loop
      vertex 14.6389 14.6924 144.34
      vertex 14.6389 0 170
      vertex 14.6389 14.5083 142.736
    endloop
  endfacet
  facet normal 1 0 0
    outer loop
      vertex 14.6389 14.5083 142.736
      vertex 14.6389 0 170
      vertex 14.6389 14.318 141.132
    endloop
  endfacet
  facet normal 1 0 0
    outer loop
      vertex 14.6389 14.318 141.132
      vertex 14.6389 0 170
      vertex 14.6389 14.1236 139.528
    endloop
  endfacet
  facet normal 1 0 0
    outer loop
      vertex 14.6389 14.1236 139.528
      vertex 14.6389 0 170
      vertex 14.6389 13.9271 137.925
    endloop
  endfacet
  facet normal 1 0 0
    outer loop
      vertex 14.6389 13.9271 137.925
      vertex 14.6389 0 170
      vertex 14.6389 13.7306 136.321
    endloop
  endfacet
  facet normal 1 0 0
    outer loop
      vertex 14.6389 13.7306 136.321
      vertex 14.6389 0 170
      vertex 14.6389 13.5359 134.717
    endloop
  endfacet
  facet normal 1 0 0
    outer loop
      vertex 14.6389 13.5359 134.717
      vertex 14.6389 0 170
      vertex 14.6389 13.3448 133.113
    endloop
  endfacet
  facet normal 1 0 0
    outer loop
      vertex 14.6389 13.3448 133.113
      vertex 14.6389 0 170
      vertex 14.6389 13.1589 131.509
    endloop
  endfacet
  facet normal 1 0 0
    outer loop
      vertex 14.6389 13.1589 131.509
      vertex 14.6389 0 170
      vertex 14.6389 12.9797 129.906
    endloop
  endfacet
  facet normal 1 0 0
    outer loop
      vertex 14.6389 12.9797 129.906
      vertex 14.6389 0 170
      vertex 14.6389 12.8086 128.302
    endloop
  endfacet
  facet normal 1 0 0
    outer loop
      vertex 14.6389 12.8086 128.302
      vertex 14.6389 0 170
      vertex 14.6389 12.6468 126.698
    endloop
  endfacet
  facet normal 1 0 0
    outer loop
      vertex 14.6389 12.6468 126.698
      vertex 14.6389 0 170
      vertex 14.6389 12.4953 125.094
    endloop
  endfacet
  facet normal 1 0 0
    outer loop
      vertex 14.6389 12.4953 125.094
      vertex 14.6389 0 170
      vertex 14.6389 12.3552 123.491
    endloop
  endfacet
  facet normal 1 0 0
    outer loop
      vertex 14.6389 12.3552 123.491
      vertex 14.6389 0 170
      vertex 14.6389 12.2272 121.887
    endloop
  endfacet
  facet normal 1 0 0
    outer loop
      vertex 14.6389 12.2272 121.887
      vertex 14.6389 0 170
      vertex 14.6389 12.112 120.283
    endloop
  endfacet
  facet normal 1 0 0
    outer loop
      vertex 14.6389 0 170
      vertex 14.6389 11.6943 107.453
      vertex 14.6389 11.6961 109.057
    endloop
  endfacet
  facet normal 1 0 0
    outer loop
      vertex 14.6389 11.6943 107.453
      vertex 14.6389 0 0
      vertex 14.6389 11.1378 9.62263
    endloop
  endfacet
  facet normal 1 0 0
    outer loop
      vertex 14.6389 0 170
      vertex 14.6389 11.6961 109.057
      vertex 14.6389 11.7123 110.66
    endloop
  endfacet
  facet normal 1 0 0
    outer loop
      vertex 14.6389 11.1378 9.62263
      vertex 14.6389 0 0
      vertex 14.6389 10.4496 8.01886
    endloop
  endfacet
  facet normal 1 0 0
    outer loop
      vertex 14.6389 10.4496 8.01886
      vertex 14.6389 0 0
      vertex 14.6389 9.78429 6.41508
    endloop
  endfacet
  facet normal 1 0 0
    outer loop
      vertex 14.6389 0 170
      vertex 14.6389 11.7123 110.66
      vertex 14.6389 11.7431 112.264
    endloop
  endfacet
  facet normal 1 0 0
    outer loop
      vertex 14.6389 9.78429 6.41508
      vertex 14.6389 0 0
      vertex 14.6389 9.1499 4.81131
    endloop
  endfacet
  facet normal 1 0 0
    outer loop
      vertex 14.6389 0 170
      vertex 14.6389 11.7431 112.264
      vertex 14.6389 11.7884 113.868
    endloop
  endfacet
  facet normal 1 0 0
    outer loop
      vertex 14.6389 9.1499 4.81131
      vertex 14.6389 0 0
      vertex 14.6389 8.5542 3.20753
    endloop
  endfacet
  facet normal 1 0 0
    outer loop
      vertex 14.6389 8.5542 3.20753
      vertex 14.6389 0 0
      vertex 14.6389 8.00458 1.60376
    endloop
  endfacet
  facet normal 1 0 0
    outer loop
      vertex 14.6389 0 170
      vertex 14.6389 11.7884 113.868
      vertex 14.6389 11.8481 115.472
    endloop
  endfacet
  facet normal 1 0 0
    outer loop
      vertex 14.6389 12.112 120.283
      vertex 14.6389 0 170
      vertex 14.6389 12.0102 118.679
    endloop
  endfacet
  facet normal 1 0 0
    outer loop
      vertex 14.6389 0 170
      vertex 14.6389 11.9221 117.075
      vertex 14.6389 12.0102 118.679
    endloop
  endfacet
  facet normal 1 0 0
    outer loop
      vertex 14.6389 0 170
      vertex 14.6389 11.8481 115.472
      vertex 14.6389 11.9221 117.075
    endloop
  endfacet
  facet normal 1 0 0
    outer loop
      vertex 14.6389 11.6943 107.453
      vertex 14.6389 0 170
      vertex 14.6389 0 0
    endloop
  endfacet
  facet normal 1 0 0
    outer loop
      vertex 14.6389 8.00458 1.60376
      vertex 14.6389 0 0
      vertex 14.6389 7.50792 0
    endloop
  endfacet
  facet normal 1 0 0
    outer loop
      vertex 14.6389 19.8326 41.6981
      vertex 14.6389 19.8013 38.4906
      vertex 14.6389 19.8408 40.0943
    endloop
  endfacet
  facet normal 1 0 0
    outer loop
      vertex 14.6389 19.7796 43.3019
      vertex 14.6389 19.8013 38.4906
      vertex 14.6389 19.8326 41.6981
    endloop
  endfacet
  facet normal 1 0 0
    outer loop
      vertex 14.6389 19.7796 43.3019
      vertex 14.6389 19.7116 36.8868
      vertex 14.6389 19.8013 38.4906
    endloop
  endfacet
  facet normal 1 0 0
    outer loop
      vertex 14.6389 19.6849 44.9057
      vertex 14.6389 19.7116 36.8868
      vertex 14.6389 19.7796 43.3019
    endloop
  endfacet
  facet normal 1 0 0
    outer loop
      vertex 14.6389 19.6849 44.9057
      vertex 14.6389 19.5699 35.283
      vertex 14.6389 19.7116 36.8868
    endloop
  endfacet
  facet normal 1 0 0
    outer loop
      vertex 14.6389 17.5897 25.6604
      vertex 14.6389 19.6849 44.9057
      vertex 14.6389 19.5519 46.5094
    endloop
  endfacet
  facet normal 1 0 0
    outer loop
      vertex 14.6389 17.0797 24.0566
      vertex 14.6389 19.5519 46.5094
      vertex 14.6389 19.3843 48.1132
    endloop
  endfacet
  facet normal 1 0 0
    outer loop
      vertex 14.6389 19.6849 44.9057
      vertex 14.6389 19.3747 33.6792
      vertex 14.6389 19.5699 35.283
    endloop
  endfacet
  facet normal 1 0 0
    outer loop
      vertex 14.6389 16.5252 22.4528
      vertex 14.6389 19.3843 48.1132
      vertex 14.6389 19.1857 49.717
    endloop
  endfacet
  facet normal 1 0 0
    outer loop
      vertex 14.6389 19.6849 44.9057
      vertex 14.6389 19.1251 32.0755
      vertex 14.6389 19.3747 33.6792
    endloop
  endfacet
  facet normal 1 0 0
    outer loop
      vertex 14.6389 15.9303 20.849
      vertex 14.6389 19.1857 49.717
      vertex 14.6389 18.9599 51.3207
    endloop
  endfacet
  facet normal 1 0 0
    outer loop
      vertex 14.6389 19.6849 44.9057
      vertex 14.6389 18.8209 30.4717
      vertex 14.6389 19.1251 32.0755
    endloop
  endfacet
  facet normal 1 0 0
    outer loop
      vertex 14.6389 15.3003 19.2453
      vertex 14.6389 18.9599 51.3207
      vertex 14.6389 18.7108 52.9245
    endloop
  endfacet
  facet normal 1 0 0
    outer loop
      vertex 14.6389 19.6849 44.9057
      vertex 14.6389 18.4627 28.8679
      vertex 14.6389 18.8209 30.4717
    endloop
  endfacet
  facet normal 1 0 0
    outer loop
      vertex 14.6389 14.6407 17.6415
      vertex 14.6389 18.7108 52.9245
      vertex 14.6389 18.4418 54.5283
    endloop
  endfacet
  facet normal 1 0 0
    outer loop
      vertex 14.6389 13.9578 16.0377
      vertex 14.6389 18.4418 54.5283
      vertex 14.6389 18.1568 56.1321
    endloop
  endfacet
  facet normal 1 0 0
    outer loop
      vertex 14.6389 19.6849 44.9057
      vertex 14.6389 18.0516 27.2641
      vertex 14.6389 18.4627 28.8679
    endloop
  endfacet
  facet normal 1 0 0
    outer loop
      vertex 14.6389 13.2585 14.434
      vertex 14.6389 18.1568 56.1321
      vertex 14.6389 17.8591 57.7358
    endloop
  endfacet
  facet normal 1 0 0
    outer loop
      vertex 14.6389 19.6849 44.9057
      vertex 14.6389 17.5897 25.6604
      vertex 14.6389 18.0516 27.2641
    endloop
  endfacet
  facet normal 1 0 0
    outer loop
      vertex 14.6389 12.5503 12.8302
      vertex 14.6389 17.8591 57.7358
      vertex 14.6389 17.552 59.3396
    endloop
  endfacet
  facet normal 1 0 0
    outer loop
      vertex 14.6389 12.5503 12.8302
      vertex 14.6389 17.552 59.3396
      vertex 14.6389 17.2385 60.9434
    endloop
  endfacet
  facet normal 1 0 0
    outer loop
      vertex 14.6389 19.5519 46.5094
      vertex 14.6389 17.0797 24.0566
      vertex 14.6389 17.5897 25.6604
    endloop
  endfacet
  facet normal 1 0 0
    outer loop
      vertex 14.6389 11.8407 11.2264
      vertex 14.6389 17.2385 60.9434
      vertex 14.6389 16.9215 62.5472
    endloop
  endfacet
  facet normal 1 0 0
    outer loop
      vertex 14.6389 11.1378 9.62263
      vertex 14.6389 16.9215 62.5472
      vertex 14.6389 16.6035 64.1509
    endloop
  endfacet
  facet normal 1 0 0
    outer loop
      vertex 14.6389 19.3843 48.1132
      vertex 14.6389 16.5252 22.4528
      vertex 14.6389 17.0797 24.0566
    endloop
  endfacet
  facet normal 1 0 0
    outer loop
      vertex 14.6389 11.1378 9.62263
      vertex 14.6389 16.6035 64.1509
      vertex 14.6389 16.2868 65.7547
    endloop
  endfacet
  facet normal 1 0 0
    outer loop
      vertex 14.6389 11.1378 9.62263
      vertex 14.6389 16.2868 65.7547
      vertex 14.6389 15.9735 67.3585
    endloop
  endfacet
  facet normal 1 0 0
    outer loop
      vertex 14.6389 19.1857 49.717
      vertex 14.6389 15.9303 20.849
      vertex 14.6389 16.5252 22.4528
    endloop
  endfacet
  facet normal 1 0 0
    outer loop
      vertex 14.6389 11.1378 9.62263
      vertex 14.6389 15.9735 67.3585
      vertex 14.6389 15.6655 68.9622
    endloop
  endfacet
  facet normal 1 0 0
    outer loop
      vertex 14.6389 11.1378 9.62263
      vertex 14.6389 15.6655 68.9622
      vertex 14.6389 15.3642 70.566
    endloop
  endfacet
  facet normal 1 0 0
    outer loop
      vertex 14.6389 18.9599 51.3207
      vertex 14.6389 15.3003 19.2453
      vertex 14.6389 15.9303 20.849
    endloop
  endfacet
  facet normal 1 0 0
    outer loop
      vertex 14.6389 11.1378 9.62263
      vertex 14.6389 15.3642 70.566
      vertex 14.6389 15.0712 72.1698
    endloop
  endfacet
  facet normal 1 0 0
    outer loop
      vertex 14.6389 11.1378 9.62263
      vertex 14.6389 15.0712 72.1698
      vertex 14.6389 14.7874 73.7736
    endloop
  endfacet
  facet normal 1 0 0
    outer loop
      vertex 14.6389 18.7108 52.9245
      vertex 14.6389 14.6407 17.6415
      vertex 14.6389 15.3003 19.2453
    endloop
  endfacet
  facet normal 1 0 0
    outer loop
      vertex 14.6389 11.1378 9.62263
      vertex 14.6389 14.7874 73.7736
      vertex 14.6389 14.5137 75.3773
    endloop
  endfacet
  facet normal 1 0 0
    outer loop
      vertex 14.6389 11.1378 9.62263
      vertex 14.6389 14.5137 75.3773
      vertex 14.6389 14.2511 76.9811
    endloop
  endfacet
  facet normal 1 0 0
    outer loop
      vertex 14.6389 11.1378 9.62263
      vertex 14.6389 14.2511 76.9811
      vertex 14.6389 14 78.5849
    endloop
  endfacet
  facet normal 1 0 0
    outer loop
      vertex 14.6389 18.4418 54.5283
      vertex 14.6389 13.9578 16.0377
      vertex 14.6389 14.6407 17.6415
    endloop
  endfacet
  facet normal 1 0 0
    outer loop
      vertex 14.6389 11.1378 9.62263
      vertex 14.6389 14 78.5849
      vertex 14.6389 13.7609 80.1887
    endloop
  endfacet
  facet normal 1 0 0
    outer loop
      vertex 14.6389 11.1378 9.62263
      vertex 14.6389 13.7609 80.1887
      vertex 14.6389 13.5342 81.7924
    endloop
  endfacet
  facet normal 1 0 0
    outer loop
      vertex 14.6389 11.1378 9.62263
      vertex 14.6389 13.5342 81.7924
      vertex 14.6389 13.3202 83.3962
    endloop
  endfacet
  facet normal 1 0 0
    outer loop
      vertex 14.6389 18.1568 56.1321
      vertex 14.6389 13.2585 14.434
      vertex 14.6389 13.9578 16.0377
    endloop
  endfacet
  facet normal 1 0 0
    outer loop
      vertex 14.6389 11.1378 9.62263
      vertex 14.6389 13.3202 83.3962
      vertex 14.6389 13.1189 85
    endloop
  endfacet
  facet normal 1 0 0
    outer loop
      vertex 14.6389 11.1378 9.62263
      vertex 14.6389 13.1189 85
      vertex 14.6389 12.9306 86.6038
    endloop
  endfacet
  facet normal 1 0 0
    outer loop
      vertex 14.6389 11.1378 9.62263
      vertex 14.6389 12.9306 86.6038
      vertex 14.6389 12.7552 88.2075
    endloop
  endfacet
  facet normal 1 0 0
    outer loop
      vertex 14.6389 11.1378 9.62263
      vertex 14.6389 12.7552 88.2075
      vertex 14.6389 12.593 89.8113
    endloop
  endfacet
  facet normal 1 0 0
    outer loop
      vertex 14.6389 17.8591 57.7358
      vertex 14.6389 12.5503 12.8302
      vertex 14.6389 13.2585 14.434
    endloop
  endfacet
  facet normal 1 0 0
    outer loop
      vertex 14.6389 11.1378 9.62263
      vertex 14.6389 12.593 89.8113
      vertex 14.6389 12.4439 91.4151
    endloop
  endfacet
  facet normal 1 0 0
    outer loop
      vertex 14.6389 11.1378 9.62263
      vertex 14.6389 12.4439 91.4151
      vertex 14.6389 12.308 93.0189
    endloop
  endfacet
  facet normal 1 0 0
    outer loop
      vertex 14.6389 11.1378 9.62263
      vertex 14.6389 12.308 93.0189
      vertex 14.6389 12.1854 94.6226
    endloop
  endfacet
  facet normal 1 0 0
    outer loop
      vertex 14.6389 11.1378 9.62263
      vertex 14.6389 12.1854 94.6226
      vertex 14.6389 12.0761 96.2264
    endloop
  endfacet
  facet normal 1 0 0
    outer loop
      vertex 14.6389 11.1378 9.62263
      vertex 14.6389 12.0761 96.2264
      vertex 14.6389 11.9803 97.8302
    endloop
  endfacet
  facet normal 1 0 0
    outer loop
      vertex 14.6389 11.1378 9.62263
      vertex 14.6389 11.9803 97.8302
      vertex 14.6389 11.898 99.434
    endloop
  endfacet
  facet normal 1 0 0
    outer loop
      vertex 14.6389 17.2385 60.9434
      vertex 14.6389 11.8407 11.2264
      vertex 14.6389 12.5503 12.8302
    endloop
  endfacet
  facet normal 1 0 0
    outer loop
      vertex 14.6389 11.1378 9.62263
      vertex 14.6389 11.898 99.434
      vertex 14.6389 11.8293 101.038
    endloop
  endfacet
  facet normal 1 0 0
    outer loop
      vertex 14.6389 11.1378 9.62263
      vertex 14.6389 11.8293 101.038
      vertex 14.6389 11.7745 102.641
    endloop
  endfacet
  facet normal 1 0 0
    outer loop
      vertex 14.6389 11.1378 9.62263
      vertex 14.6389 11.7745 102.641
      vertex 14.6389 11.7336 104.245
    endloop
  endfacet
  facet normal 1 0 0
    outer loop
      vertex 14.6389 11.1378 9.62263
      vertex 14.6389 11.7336 104.245
      vertex 14.6389 11.7068 105.849
    endloop
  endfacet
  facet normal 1 0 0
    outer loop
      vertex 14.6389 11.1378 9.62263
      vertex 14.6389 11.7068 105.849
      vertex 14.6389 11.6943 107.453
    endloop
  endfacet
  facet normal 1 0 0
    outer loop
      vertex 14.6389 16.9215 62.5472
      vertex 14.6389 11.1378 9.62263
      vertex 14.6389 11.8407 11.2264
    endloop
  endfacet
  facet normal 0 0.94599 -0.324196
    outer loop
      vertex 14.6389 8.00458 1.60376
      vertex 4.25 8.5542 3.20753
      vertex 14.6389 8.5542 3.20753
    endloop
  endfacet
  facet normal 0 0.94599 -0.324196
    outer loop
      vertex 4.25 8.5542 3.20753
      vertex 14.6389 8.00458 1.60376
      vertex 4.25 8.00458 1.60376
    endloop
  endfacet
  facet normal 0 0.937423 -0.348192
    outer loop
      vertex 14.6389 8.5542 3.20753
      vertex 4.25 9.1499 4.81131
      vertex 14.6389 9.1499 4.81131
    endloop
  endfacet
  facet normal 0 0.937423 -0.348192
    outer loop
      vertex 4.25 9.1499 4.81131
      vertex 14.6389 8.5542 3.20753
      vertex 4.25 8.5542 3.20753
    endloop
  endfacet
  facet normal 0 0.929893 -0.36783
    outer loop
      vertex 14.6389 9.1499 4.81131
      vertex 4.25 9.78429 6.41508
      vertex 14.6389 9.78429 6.41508
    endloop
  endfacet
  facet normal 0 0.929893 -0.36783
    outer loop
      vertex 4.25 9.78429 6.41508
      vertex 14.6389 9.1499 4.81131
      vertex 4.25 9.1499 4.81131
    endloop
  endfacet
  facet normal 0 0.923675 -0.383176
    outer loop
      vertex 14.6389 9.78429 6.41508
      vertex 4.25 10.4496 8.01886
      vertex 14.6389 10.4496 8.01886
    endloop
  endfacet
  facet normal 0 0.923675 -0.383176
    outer loop
      vertex 4.25 10.4496 8.01886
      vertex 14.6389 9.78429 6.41508
      vertex 4.25 9.78429 6.41508
    endloop
  endfacet
  facet normal 0 0.918964 -0.39434
    outer loop
      vertex 14.6389 10.4496 8.01886
      vertex 4.25 11.1378 9.62263
      vertex 14.6389 11.1378 9.62263
    endloop
  endfacet
  facet normal 0 0.918964 -0.39434
    outer loop
      vertex 4.25 11.1378 9.62263
      vertex 14.6389 10.4496 8.01886
      vertex 4.25 10.4496 8.01886
    endloop
  endfacet
  facet normal 0 0.915895 -0.401418
    outer loop
      vertex 14.6389 11.1378 9.62263
      vertex 4.25 11.8407 11.2264
      vertex 14.6389 11.8407 11.2264
    endloop
  endfacet
  facet normal 0 0.915895 -0.401418
    outer loop
      vertex 4.25 11.8407 11.2264
      vertex 14.6389 11.1378 9.62263
      vertex 4.25 11.1378 9.62263
    endloop
  endfacet
  facet normal 0 0.914487 -0.404614
    outer loop
      vertex 14.6389 11.8407 11.2264
      vertex 4.25 12.5503 12.8302
      vertex 14.6389 12.5503 12.8302
    endloop
  endfacet
  facet normal 0 0.914487 -0.404614
    outer loop
      vertex 4.25 12.5503 12.8302
      vertex 14.6389 11.8407 11.2264
      vertex 4.25 11.8407 11.2264
    endloop
  endfacet
  facet normal 0 0.914783 -0.403946
    outer loop
      vertex 14.6389 12.5503 12.8302
      vertex 4.25 13.2585 14.434
      vertex 14.6389 13.2585 14.434
    endloop
  endfacet
  facet normal 0 0.914783 -0.403946
    outer loop
      vertex 4.25 13.2585 14.434
      vertex 14.6389 12.5503 12.8302
      vertex 4.25 12.5503 12.8302
    endloop
  endfacet
  facet normal 0 0.916643 -0.399706
    outer loop
      vertex 14.6389 13.2585 14.434
      vertex 4.25 13.9578 16.0377
      vertex 14.6389 13.9578 16.0377
    endloop
  endfacet
  facet normal 0 0.916643 -0.399706
    outer loop
      vertex 4.25 13.9578 16.0377
      vertex 14.6389 13.2585 14.434
      vertex 4.25 13.2585 14.434
    endloop
  endfacet
  facet normal 0 0.920065 -0.391765
    outer loop
      vertex 14.6389 13.9578 16.0377
      vertex 4.25 14.6407 17.6415
      vertex 14.6389 14.6407 17.6415
    endloop
  endfacet
  facet normal 0 0.920065 -0.391765
    outer loop
      vertex 4.25 14.6407 17.6415
      vertex 14.6389 13.9578 16.0377
      vertex 4.25 13.9578 16.0377
    endloop
  endfacet
  facet normal 0 0.924838 -0.380361
    outer loop
      vertex 14.6389 14.6407 17.6415
      vertex 4.25 15.3003 19.2453
      vertex 14.6389 15.3003 19.2453
    endloop
  endfacet
  facet normal 0 0.924838 -0.380361
    outer loop
      vertex 4.25 15.3003 19.2453
      vertex 14.6389 14.6407 17.6415
      vertex 4.25 14.6407 17.6415
    endloop
  endfacet
  facet normal 0 0.930756 -0.36564
    outer loop
      vertex 14.6389 15.3003 19.2453
      vertex 4.25 15.9303 20.849
      vertex 14.6389 15.9303 20.849
    endloop
  endfacet
  facet normal 0 0.930756 -0.36564
    outer loop
      vertex 4.25 15.9303 20.849
      vertex 14.6389 15.3003 19.2453
      vertex 4.25 15.3003 19.2453
    endloop
  endfacet
  facet normal 0 0.937577 -0.347777
    outer loop
      vertex 14.6389 15.9303 20.849
      vertex 4.25 16.5252 22.4528
      vertex 14.6389 16.5252 22.4528
    endloop
  endfacet
  facet normal 0 0.937577 -0.347777
    outer loop
      vertex 4.25 16.5252 22.4528
      vertex 14.6389 15.9303 20.849
      vertex 4.25 15.9303 20.849
    endloop
  endfacet
  facet normal 0 0.945107 -0.326762
    outer loop
      vertex 14.6389 16.5252 22.4528
      vertex 4.25 17.0797 24.0566
      vertex 14.6389 17.0797 24.0566
    endloop
  endfacet
  facet normal 0 0.945107 -0.326762
    outer loop
      vertex 4.25 17.0797 24.0566
      vertex 14.6389 16.5252 22.4528
      vertex 4.25 16.5252 22.4528
    endloop
  endfacet
  facet normal 0 0.952977 -0.303042
    outer loop
      vertex 14.6389 17.0797 24.0566
      vertex 4.25 17.5897 25.6604
      vertex 14.6389 17.5897 25.6604
    endloop
  endfacet
  facet normal 0 0.952977 -0.303042
    outer loop
      vertex 4.25 17.5897 25.6604
      vertex 14.6389 17.0797 24.0566
      vertex 4.25 17.0797 24.0566
    endloop
  endfacet
  facet normal 0 0.960936 -0.27677
    outer loop
      vertex 14.6389 17.5897 25.6604
      vertex 4.25 18.0516 27.2641
      vertex 14.6389 18.0516 27.2641
    endloop
  endfacet
  facet normal 0 0.960936 -0.27677
    outer loop
      vertex 4.25 18.0516 27.2641
      vertex 14.6389 17.5897 25.6604
      vertex 4.25 17.5897 25.6604
    endloop
  endfacet
  facet normal 0 0.968683 -0.248301
    outer loop
      vertex 14.6389 18.0516 27.2641
      vertex 4.25 18.4627 28.8679
      vertex 14.6389 18.4627 28.8679
    endloop
  endfacet
  facet normal 0 0.968683 -0.248301
    outer loop
      vertex 4.25 18.4627 28.8679
      vertex 14.6389 18.0516 27.2641
      vertex 4.25 18.0516 27.2641
    endloop
  endfacet
  facet normal 0 0.975955 -0.217974
    outer loop
      vertex 14.6389 18.4627 28.8679
      vertex 4.25 18.8209 30.4717
      vertex 14.6389 18.8209 30.4717
    endloop
  endfacet
  facet normal 0 0.975955 -0.217974
    outer loop
      vertex 4.25 18.8209 30.4717
      vertex 14.6389 18.4627 28.8679
      vertex 4.25 18.4627 28.8679
    endloop
  endfacet
  facet normal 0 0.982483 -0.186352
    outer loop
      vertex 14.6389 18.8209 30.4717
      vertex 4.25 19.1251 32.0755
      vertex 14.6389 19.1251 32.0755
    endloop
  endfacet
  facet normal 0 0.982483 -0.186352
    outer loop
      vertex 4.25 19.1251 32.0755
      vertex 14.6389 18.8209 30.4717
      vertex 4.25 18.8209 30.4717
    endloop
  endfacet
  facet normal 0 0.988104 -0.153789
    outer loop
      vertex 14.6389 19.1251 32.0755
      vertex 4.25 19.3747 33.6792
      vertex 14.6389 19.3747 33.6792
    endloop
  endfacet
  facet normal 0 0.988104 -0.153789
    outer loop
      vertex 4.25 19.3747 33.6792
      vertex 14.6389 19.1251 32.0755
      vertex 4.25 19.1251 32.0755
    endloop
  endfacet
  facet normal 0 0.992675 -0.120819
    outer loop
      vertex 14.6389 19.3747 33.6792
      vertex 4.25 19.5699 35.283
      vertex 14.6389 19.5699 35.283
    endloop
  endfacet
  facet normal 0 0.992675 -0.120819
    outer loop
      vertex 4.25 19.5699 35.283
      vertex 14.6389 19.3747 33.6792
      vertex 4.25 19.3747 33.6792
    endloop
  endfacet
  facet normal 0 0.99612 -0.0880098
    outer loop
      vertex 14.6389 19.5699 35.283
      vertex 4.25 19.7116 36.8868
      vertex 14.6389 19.7116 36.8868
    endloop
  endfacet
  facet normal 0 0.99612 -0.0880098
    outer loop
      vertex 4.25 19.7116 36.8868
      vertex 14.6389 19.5699 35.283
      vertex 4.25 19.5699 35.283
    endloop
  endfacet
  facet normal 0 0.99844 -0.0558424
    outer loop
      vertex 14.6389 19.7116 36.8868
      vertex 4.25 19.8013 38.4906
      vertex 14.6389 19.8013 38.4906
    endloop
  endfacet
  facet normal 0 0.99844 -0.0558424
    outer loop
      vertex 4.25 19.8013 38.4906
      vertex 14.6389 19.7116 36.8868
      vertex 4.25 19.7116 36.8868
    endloop
  endfacet
  facet normal 0 0.999697 -0.0246231
    outer loop
      vertex 14.6389 19.8013 38.4906
      vertex 4.25 19.8408 40.0943
      vertex 14.6389 19.8408 40.0943
    endloop
  endfacet
  facet normal 0 0.999697 -0.0246231
    outer loop
      vertex 4.25 19.8408 40.0943
      vertex 14.6389 19.8013 38.4906
      vertex 4.25 19.8013 38.4906
    endloop
  endfacet
  facet normal 0 0.999987 0.00511279
    outer loop
      vertex 14.6389 19.8408 40.0943
      vertex 4.25 19.8326 41.6981
      vertex 14.6389 19.8326 41.6981
    endloop
  endfacet
  facet normal 0 0.999987 0.00511279
    outer loop
      vertex 4.25 19.8326 41.6981
      vertex 14.6389 19.8408 40.0943
      vertex 4.25 19.8408 40.0943
    endloop
  endfacet
  facet normal 0 0.999454 0.0330285
    outer loop
      vertex 14.6389 19.8326 41.6981
      vertex 4.25 19.7796 43.3019
      vertex 14.6389 19.7796 43.3019
    endloop
  endfacet
  facet normal 0 0.999454 0.0330285
    outer loop
      vertex 4.25 19.7796 43.3019
      vertex 14.6389 19.8326 41.6981
      vertex 4.25 19.8326 41.6981
    endloop
  endfacet
  facet normal 0 0.998261 0.0589446
    outer loop
      vertex 14.6389 19.7796 43.3019
      vertex 4.25 19.6849 44.9057
      vertex 14.6389 19.6849 44.9057
    endloop
  endfacet
  facet normal 0 0.998261 0.0589446
    outer loop
      vertex 4.25 19.6849 44.9057
      vertex 14.6389 19.7796 43.3019
      vertex 4.25 19.7796 43.3019
    endloop
  endfacet
  facet normal 0 0.996579 0.0826495
    outer loop
      vertex 14.6389 19.6849 44.9057
      vertex 4.25 19.5519 46.5094
      vertex 14.6389 19.5519 46.5094
    endloop
  endfacet
  facet normal 0 0.996579 0.0826495
    outer loop
      vertex 4.25 19.5519 46.5094
      vertex 14.6389 19.6849 44.9057
      vertex 4.25 19.6849 44.9057
    endloop
  endfacet
  facet normal 0 0.994584 0.103936
    outer loop
      vertex 14.6389 19.5519 46.5094
      vertex 4.25 19.3843 48.1132
      vertex 14.6389 19.3843 48.1132
    endloop
  endfacet
  facet normal 0 0.994584 0.103936
    outer loop
      vertex 4.25 19.3843 48.1132
      vertex 14.6389 19.5519 46.5094
      vertex 4.25 19.5519 46.5094
    endloop
  endfacet
  facet normal 0 0.99242 0.122892
    outer loop
      vertex 14.6389 19.3843 48.1132
      vertex 4.25 19.1857 49.717
      vertex 14.6389 19.1857 49.717
    endloop
  endfacet
  facet normal 0 0.99242 0.122892
    outer loop
      vertex 4.25 19.1857 49.717
      vertex 14.6389 19.3843 48.1132
      vertex 4.25 19.3843 48.1132
    endloop
  endfacet
  facet normal 0 0.990233 0.139424
    outer loop
      vertex 14.6389 19.1857 49.717
      vertex 4.25 18.9599 51.3207
      vertex 14.6389 18.9599 51.3207
    endloop
  endfacet
  facet normal 0 0.990233 0.139424
    outer loop
      vertex 4.25 18.9599 51.3207
      vertex 14.6389 19.1857 49.717
      vertex 4.25 19.1857 49.717
    endloop
  endfacet
  facet normal 0 0.988152 0.153478
    outer loop
      vertex 14.6389 18.9599 51.3207
      vertex 4.25 18.7108 52.9245
      vertex 14.6389 18.7108 52.9245
    endloop
  endfacet
  facet normal 0 0.988152 0.153478
    outer loop
      vertex 4.25 18.7108 52.9245
      vertex 14.6389 18.9599 51.3207
      vertex 4.25 18.9599 51.3207
    endloop
  endfacet
  facet normal 0 0.986224 0.165416
    outer loop
      vertex 14.6389 18.7108 52.9245
      vertex 4.25 18.4418 54.5283
      vertex 14.6389 18.4418 54.5283
    endloop
  endfacet
  facet normal 0 0.986224 0.165416
    outer loop
      vertex 4.25 18.4418 54.5283
      vertex 14.6389 18.7108 52.9245
      vertex 4.25 18.7108 52.9245
    endloop
  endfacet
  facet normal 0 0.984575 0.174962
    outer loop
      vertex 14.6389 18.4418 54.5283
      vertex 4.25 18.1568 56.1321
      vertex 14.6389 18.1568 56.1321
    endloop
  endfacet
  facet normal 0 0.984575 0.174962
    outer loop
      vertex 4.25 18.1568 56.1321
      vertex 14.6389 18.4418 54.5283
      vertex 4.25 18.4418 54.5283
    endloop
  endfacet
  facet normal 0 0.983203 0.182515
    outer loop
      vertex 14.6389 18.1568 56.1321
      vertex 4.25 17.8591 57.7358
      vertex 14.6389 17.8591 57.7358
    endloop
  endfacet
  facet normal 0 0.983203 0.182515
    outer loop
      vertex 4.25 17.8591 57.7358
      vertex 14.6389 18.1568 56.1321
      vertex 4.25 18.1568 56.1321
    endloop
  endfacet
  facet normal 0 0.982156 0.188066
    outer loop
      vertex 14.6389 17.8591 57.7358
      vertex 4.25 17.552 59.3396
      vertex 14.6389 17.552 59.3396
    endloop
  endfacet
  facet normal 0 0.982156 0.188066
    outer loop
      vertex 4.25 17.552 59.3396
      vertex 14.6389 17.8591 57.7358
      vertex 4.25 17.8591 57.7358
    endloop
  endfacet
  facet normal 0 0.981426 0.191842
    outer loop
      vertex 14.6389 17.552 59.3396
      vertex 4.25 17.2385 60.9434
      vertex 14.6389 17.2385 60.9434
    endloop
  endfacet
  facet normal 0 0.981426 0.191842
    outer loop
      vertex 4.25 17.2385 60.9434
      vertex 14.6389 17.552 59.3396
      vertex 4.25 17.552 59.3396
    endloop
  endfacet
  facet normal 0 0.98102 0.193904
    outer loop
      vertex 14.6389 17.2385 60.9434
      vertex 4.25 16.9215 62.5472
      vertex 14.6389 16.9215 62.5472
    endloop
  endfacet
  facet normal 0 0.98102 0.193904
    outer loop
      vertex 4.25 16.9215 62.5472
      vertex 14.6389 17.2385 60.9434
      vertex 4.25 17.2385 60.9434
    endloop
  endfacet
  facet normal 0 0.980902 0.194504
    outer loop
      vertex 14.6389 16.9215 62.5472
      vertex 4.25 16.6035 64.1509
      vertex 14.6389 16.6035 64.1509
    endloop
  endfacet
  facet normal 0 0.980902 0.194504
    outer loop
      vertex 4.25 16.6035 64.1509
      vertex 14.6389 16.9215 62.5472
      vertex 4.25 16.9215 62.5472
    endloop
  endfacet
  facet normal 0 0.981055 0.193728
    outer loop
      vertex 14.6389 16.6035 64.1509
      vertex 4.25 16.2868 65.7547
      vertex 14.6389 16.2868 65.7547
    endloop
  endfacet
  facet normal 0 0.981055 0.193728
    outer loop
      vertex 4.25 16.2868 65.7547
      vertex 14.6389 16.6035 64.1509
      vertex 4.25 16.6035 64.1509
    endloop
  endfacet
  facet normal 0 0.981449 0.191725
    outer loop
      vertex 14.6389 16.2868 65.7547
      vertex 4.25 15.9735 67.3585
      vertex 14.6389 15.9735 67.3585
    endloop
  endfacet
  facet normal 0 0.981449 0.191725
    outer loop
      vertex 4.25 15.9735 67.3585
      vertex 14.6389 16.2868 65.7547
      vertex 4.25 16.2868 65.7547
    endloop
  endfacet
  facet normal 0 0.982052 0.188609
    outer loop
      vertex 14.6389 15.9735 67.3585
      vertex 4.25 15.6655 68.9622
      vertex 14.6389 15.6655 68.9622
    endloop
  endfacet
  facet normal 0 0.982052 0.188609
    outer loop
      vertex 4.25 15.6655 68.9622
      vertex 14.6389 15.9735 67.3585
      vertex 4.25 15.9735 67.3585
    endloop
  endfacet
  facet normal 0 0.982807 0.184636
    outer loop
      vertex 14.6389 15.6655 68.9622
      vertex 4.25 15.3642 70.566
      vertex 14.6389 15.3642 70.566
    endloop
  endfacet
  facet normal 0 0.982807 0.184636
    outer loop
      vertex 4.25 15.3642 70.566
      vertex 14.6389 15.6655 68.9622
      vertex 4.25 15.6655 68.9622
    endloop
  endfacet
  facet normal 0 0.983718 0.179717
    outer loop
      vertex 14.6389 15.3642 70.566
      vertex 4.25 15.0712 72.1698
      vertex 14.6389 15.0712 72.1698
    endloop
  endfacet
  facet normal 0 0.983718 0.179717
    outer loop
      vertex 4.25 15.0712 72.1698
      vertex 14.6389 15.3642 70.566
      vertex 4.25 15.3642 70.566
    endloop
  endfacet
  facet normal 0 0.984702 0.174248
    outer loop
      vertex 14.6389 15.0712 72.1698
      vertex 4.25 14.7874 73.7736
      vertex 14.6389 14.7874 73.7736
    endloop
  endfacet
  facet normal 0 0.984702 0.174248
    outer loop
      vertex 4.25 14.7874 73.7736
      vertex 14.6389 15.0712 72.1698
      vertex 4.25 15.0712 72.1698
    endloop
  endfacet
  facet normal 0 0.985747 0.168235
    outer loop
      vertex 14.6389 14.7874 73.7736
      vertex 4.25 14.5137 75.3773
      vertex 14.6389 14.5137 75.3773
    endloop
  endfacet
  facet normal 0 0.985747 0.168235
    outer loop
      vertex 4.25 14.5137 75.3773
      vertex 14.6389 14.7874 73.7736
      vertex 4.25 14.7874 73.7736
    endloop
  endfacet
  facet normal 0 0.986859 0.161584
    outer loop
      vertex 14.6389 14.5137 75.3773
      vertex 4.25 14.2511 76.9811
      vertex 14.6389 14.2511 76.9811
    endloop
  endfacet
  facet normal 0 0.986859 0.161584
    outer loop
      vertex 4.25 14.2511 76.9811
      vertex 14.6389 14.5137 75.3773
      vertex 4.25 14.5137 75.3773
    endloop
  endfacet
  facet normal 0 0.987964 0.154681
    outer loop
      vertex 14.6389 14.2511 76.9811
      vertex 4.25 14 78.5849
      vertex 14.6389 14 78.5849
    endloop
  endfacet
  facet normal 0 0.987964 0.154681
    outer loop
      vertex 4.25 14 78.5849
      vertex 14.6389 14.2511 76.9811
      vertex 4.25 14.2511 76.9811
    endloop
  endfacet
  facet normal 0 0.989069 0.147454
    outer loop
      vertex 14.6389 14 78.5849
      vertex 4.25 13.7609 80.1887
      vertex 14.6389 13.7609 80.1887
    endloop
  endfacet
  facet normal 0 0.989069 0.147454
    outer loop
      vertex 4.25 13.7609 80.1887
      vertex 14.6389 14 78.5849
      vertex 4.25 14 78.5849
    endloop
  endfacet
  facet normal 0 0.990156 0.139969
    outer loop
      vertex 14.6389 13.7609 80.1887
      vertex 4.25 13.5342 81.7924
      vertex 14.6389 13.5342 81.7924
    endloop
  endfacet
  facet normal 0 0.990156 0.139969
    outer loop
      vertex 4.25 13.5342 81.7924
      vertex 14.6389 13.7609 80.1887
      vertex 4.25 13.7609 80.1887
    endloop
  endfacet
  facet normal 0 0.991215 0.132261
    outer loop
      vertex 14.6389 13.5342 81.7924
      vertex 4.25 13.3202 83.3962
      vertex 14.6389 13.3202 83.3962
    endloop
  endfacet
  facet normal 0 0.991215 0.132261
    outer loop
      vertex 4.25 13.3202 83.3962
      vertex 14.6389 13.5342 81.7924
      vertex 4.25 13.5342 81.7924
    endloop
  endfacet
  facet normal 0 0.992215 0.124537
    outer loop
      vertex 14.6389 13.3202 83.3962
      vertex 4.25 13.1189 85
      vertex 14.6389 13.1189 85
    endloop
  endfacet
  facet normal 0 0.992215 0.124537
    outer loop
      vertex 4.25 13.1189 85
      vertex 14.6389 13.3202 83.3962
      vertex 4.25 13.3202 83.3962
    endloop
  endfacet
  facet normal 0 0.993178 0.116608
    outer loop
      vertex 14.6389 13.1189 85
      vertex 4.25 12.9306 86.6038
      vertex 14.6389 12.9306 86.6038
    endloop
  endfacet
  facet normal 0 0.993178 0.116608
    outer loop
      vertex 4.25 12.9306 86.6038
      vertex 14.6389 13.1189 85
      vertex 4.25 13.1189 85
    endloop
  endfacet
  facet normal 0 0.994072 0.108724
    outer loop
      vertex 14.6389 12.9306 86.6038
      vertex 4.25 12.7552 88.2075
      vertex 14.6389 12.7552 88.2075
    endloop
  endfacet
  facet normal 0 0.994072 0.108724
    outer loop
      vertex 4.25 12.7552 88.2075
      vertex 14.6389 12.9306 86.6038
      vertex 4.25 12.9306 86.6038
    endloop
  endfacet
  facet normal 0 0.994925 0.100622
    outer loop
      vertex 14.6389 12.7552 88.2075
      vertex 4.25 12.593 89.8113
      vertex 14.6389 12.593 89.8113
    endloop
  endfacet
  facet normal 0 0.994925 0.100622
    outer loop
      vertex 4.25 12.593 89.8113
      vertex 14.6389 12.7552 88.2075
      vertex 4.25 12.7552 88.2075
    endloop
  endfacet
  facet normal 0 0.995706 0.0925675
    outer loop
      vertex 14.6389 12.593 89.8113
      vertex 4.25 12.4439 91.4151
      vertex 14.6389 12.4439 91.4151
    endloop
  endfacet
  facet normal 0 0.995706 0.0925675
    outer loop
      vertex 4.25 12.4439 91.4151
      vertex 14.6389 12.593 89.8113
      vertex 4.25 12.593 89.8113
    endloop
  endfacet
  facet normal 0 0.996429 0.0844337
    outer loop
      vertex 14.6389 12.4439 91.4151
      vertex 4.25 12.308 93.0189
      vertex 14.6389 12.308 93.0189
    endloop
  endfacet
  facet normal 0 0.996429 0.0844337
    outer loop
      vertex 4.25 12.308 93.0189
      vertex 14.6389 12.4439 91.4151
      vertex 4.25 12.4439 91.4151
    endloop
  endfacet
  facet normal 0 0.997091 0.0762258
    outer loop
      vertex 14.6389 12.308 93.0189
      vertex 4.25 12.1854 94.6226
      vertex 14.6389 12.1854 94.6226
    endloop
  endfacet
  facet normal 0 0.997091 0.0762258
    outer loop
      vertex 4.25 12.1854 94.6226
      vertex 14.6389 12.308 93.0189
      vertex 4.25 12.308 93.0189
    endloop
  endfacet
  facet normal 0 0.997686 0.0679929
    outer loop
      vertex 14.6389 12.1854 94.6226
      vertex 4.25 12.0761 96.2264
      vertex 14.6389 12.0761 96.2264
    endloop
  endfacet
  facet normal 0 0.997686 0.0679929
    outer loop
      vertex 4.25 12.0761 96.2264
      vertex 14.6389 12.1854 94.6226
      vertex 4.25 12.1854 94.6226
    endloop
  endfacet
  facet normal 0 0.998221 0.0596269
    outer loop
      vertex 14.6389 12.0761 96.2264
      vertex 4.25 11.9803 97.8302
      vertex 14.6389 11.9803 97.8302
    endloop
  endfacet
  facet normal 0 0.998221 0.0596269
    outer loop
      vertex 4.25 11.9803 97.8302
      vertex 14.6389 12.0761 96.2264
      vertex 4.25 12.0761 96.2264
    endloop
  endfacet
  facet normal 0 0.998686 0.0512482
    outer loop
      vertex 14.6389 11.9803 97.8302
      vertex 4.25 11.898 99.434
      vertex 14.6389 11.898 99.434
    endloop
  endfacet
  facet normal 0 0.998686 0.0512482
    outer loop
      vertex 4.25 11.898 99.434
      vertex 14.6389 11.9803 97.8302
      vertex 4.25 11.9803 97.8302
    endloop
  endfacet
  facet normal 0 0.999084 0.0427912
    outer loop
      vertex 14.6389 11.898 99.434
      vertex 4.25 11.8293 101.038
      vertex 14.6389 11.8293 101.038
    endloop
  endfacet
  facet normal 0 0.999084 0.0427912
    outer loop
      vertex 4.25 11.8293 101.038
      vertex 14.6389 11.898 99.434
      vertex 4.25 11.898 99.434
    endloop
  endfacet
  facet normal 0 0.999416 0.0341659
    outer loop
      vertex 14.6389 11.8293 101.038
      vertex 4.25 11.7745 102.641
      vertex 14.6389 11.7745 102.641
    endloop
  endfacet
  facet normal 0 0.999416 0.0341659
    outer loop
      vertex 4.25 11.7745 102.641
      vertex 14.6389 11.8293 101.038
      vertex 4.25 11.8293 101.038
    endloop
  endfacet
  facet normal 0 0.999675 0.0254905
    outer loop
      vertex 14.6389 11.7745 102.641
      vertex 4.25 11.7336 104.245
      vertex 14.6389 11.7336 104.245
    endloop
  endfacet
  facet normal 0 0.999675 0.0254905
    outer loop
      vertex 4.25 11.7336 104.245
      vertex 14.6389 11.7745 102.641
      vertex 4.25 11.7745 102.641
    endloop
  endfacet
  facet normal 0 0.99986 0.0167059
    outer loop
      vertex 14.6389 11.7336 104.245
      vertex 4.25 11.7068 105.849
      vertex 14.6389 11.7068 105.849
    endloop
  endfacet
  facet normal 0 0.99986 0.0167059
    outer loop
      vertex 4.25 11.7068 105.849
      vertex 14.6389 11.7336 104.245
      vertex 4.25 11.7336 104.245
    endloop
  endfacet
  facet normal 0 0.99997 0.00779278
    outer loop
      vertex 14.6389 11.7068 105.849
      vertex 4.25 11.6943 107.453
      vertex 14.6389 11.6943 107.453
    endloop
  endfacet
  facet normal 0 0.99997 0.00779278
    outer loop
      vertex 4.25 11.6943 107.453
      vertex 14.6389 11.7068 105.849
      vertex 4.25 11.7068 105.849
    endloop
  endfacet
  facet normal 0 0.999999 -0.00112219
    outer loop
      vertex 14.6389 11.6943 107.453
      vertex 4.25 11.6961 109.057
      vertex 14.6389 11.6961 109.057
    endloop
  endfacet
  facet normal 0 0.999999 -0.00112219
    outer loop
      vertex 4.25 11.6961 109.057
      vertex 14.6389 11.6943 107.453
      vertex 4.25 11.6943 107.453
    endloop
  endfacet
  facet normal 0 0.999949 -0.0101055
    outer loop
      vertex 14.6389 11.6961 109.057
      vertex 4.25 11.7123 110.66
      vertex 14.6389 11.7123 110.66
    endloop
  endfacet
  facet normal 0 0.999949 -0.0101055
    outer loop
      vertex 4.25 11.7123 110.66
      vertex 14.6389 11.6961 109.057
      vertex 4.25 11.6961 109.057
    endloop
  endfacet
  facet normal 0 0.999816 -0.0191985
    outer loop
      vertex 14.6389 11.7123 110.66
      vertex 4.25 11.7431 112.264
      vertex 14.6389 11.7431 112.264
    endloop
  endfacet
  facet normal 0 0.999816 -0.0191985
    outer loop
      vertex 4.25 11.7431 112.264
      vertex 14.6389 11.7123 110.66
      vertex 4.25 11.7123 110.66
    endloop
  endfacet
  facet normal 0 0.999601 -0.0282306
    outer loop
      vertex 14.6389 11.7431 112.264
      vertex 4.25 11.7884 113.868
      vertex 14.6389 11.7884 113.868
    endloop
  endfacet
  facet normal 0 0.999601 -0.0282306
    outer loop
      vertex 4.25 11.7884 113.868
      vertex 14.6389 11.7431 112.264
      vertex 4.25 11.7431 112.264
    endloop
  endfacet
  facet normal 0 0.999308 -0.0371937
    outer loop
      vertex 14.6389 11.7884 113.868
      vertex 4.25 11.8481 115.472
      vertex 14.6389 11.8481 115.472
    endloop
  endfacet
  facet normal 0 0.999308 -0.0371937
    outer loop
      vertex 4.25 11.8481 115.472
      vertex 14.6389 11.7884 113.868
      vertex 4.25 11.7884 113.868
    endloop
  endfacet
  facet normal 0 0.998936 -0.0461143
    outer loop
      vertex 14.6389 11.8481 115.472
      vertex 4.25 11.9221 117.075
      vertex 14.6389 11.9221 117.075
    endloop
  endfacet
  facet normal 0 0.998936 -0.0461143
    outer loop
      vertex 4.25 11.9221 117.075
      vertex 14.6389 11.8481 115.472
      vertex 4.25 11.8481 115.472
    endloop
  endfacet
  facet normal 0 0.998495 -0.0548425
    outer loop
      vertex 14.6389 11.9221 117.075
      vertex 4.25 12.0102 118.679
      vertex 14.6389 12.0102 118.679
    endloop
  endfacet
  facet normal 0 0.998495 -0.0548425
    outer loop
      vertex 4.25 12.0102 118.679
      vertex 14.6389 11.9221 117.075
      vertex 4.25 11.9221 117.075
    endloop
  endfacet
  facet normal 0 0.997992 -0.0633389
    outer loop
      vertex 14.6389 12.0102 118.679
      vertex 4.25 12.112 120.283
      vertex 14.6389 12.112 120.283
    endloop
  endfacet
  facet normal 0 0.997992 -0.0633389
    outer loop
      vertex 4.25 12.112 120.283
      vertex 14.6389 12.0102 118.679
      vertex 4.25 12.0102 118.679
    endloop
  endfacet
  facet normal 0 0.997431 -0.0716359
    outer loop
      vertex 14.6389 12.112 120.283
      vertex 4.25 12.2272 121.887
      vertex 14.6389 12.2272 121.887
    endloop
  endfacet
  facet normal 0 0.997431 -0.0716359
    outer loop
      vertex 4.25 12.2272 121.887
      vertex 14.6389 12.112 120.283
      vertex 4.25 12.112 120.283
    endloop
  endfacet
  facet normal 0 0.996831 -0.0795476
    outer loop
      vertex 14.6389 12.2272 121.887
      vertex 4.25 12.3552 123.491
      vertex 14.6389 12.3552 123.491
    endloop
  endfacet
  facet normal 0 0.996831 -0.0795476
    outer loop
      vertex 4.25 12.3552 123.491
      vertex 14.6389 12.2272 121.887
      vertex 4.25 12.2272 121.887
    endloop
  endfacet
  facet normal 0 0.996202 -0.0870667
    outer loop
      vertex 14.6389 12.3552 123.491
      vertex 4.25 12.4953 125.094
      vertex 14.6389 12.4953 125.094
    endloop
  endfacet
  facet normal 0 0.996202 -0.0870667
    outer loop
      vertex 4.25 12.4953 125.094
      vertex 14.6389 12.3552 123.491
      vertex 4.25 12.3552 123.491
    endloop
  endfacet
  facet normal 0 0.995569 -0.0940329
    outer loop
      vertex 14.6389 12.4953 125.094
      vertex 4.25 12.6468 126.698
      vertex 14.6389 12.6468 126.698
    endloop
  endfacet
  facet normal 0 0.995569 -0.0940329
    outer loop
      vertex 4.25 12.6468 126.698
      vertex 14.6389 12.4953 125.094
      vertex 4.25 12.4953 125.094
    endloop
  endfacet
  facet normal 0 0.994951 -0.100363
    outer loop
      vertex 14.6389 12.6468 126.698
      vertex 4.25 12.8086 128.302
      vertex 14.6389 12.8086 128.302
    endloop
  endfacet
  facet normal 0 0.994951 -0.100363
    outer loop
      vertex 4.25 12.8086 128.302
      vertex 14.6389 12.6468 126.698
      vertex 4.25 12.6468 126.698
    endloop
  endfacet
  facet normal 0 0.994359 -0.106069
    outer loop
      vertex 14.6389 12.8086 128.302
      vertex 4.25 12.9797 129.906
      vertex 14.6389 12.9797 129.906
    endloop
  endfacet
  facet normal 0 0.994359 -0.106069
    outer loop
      vertex 4.25 12.9797 129.906
      vertex 14.6389 12.8086 128.302
      vertex 4.25 12.8086 128.302
    endloop
  endfacet
  facet normal 0 0.993809 -0.111098
    outer loop
      vertex 14.6389 12.9797 129.906
      vertex 4.25 13.1589 131.509
      vertex 14.6389 13.1589 131.509
    endloop
  endfacet
  facet normal 0 0.993809 -0.111098
    outer loop
      vertex 4.25 13.1589 131.509
      vertex 14.6389 12.9797 129.906
      vertex 4.25 12.9797 129.906
    endloop
  endfacet
  facet normal 0 0.993351 -0.115127
    outer loop
      vertex 14.6389 13.1589 131.509
      vertex 4.25 13.3448 133.113
      vertex 14.6389 13.3448 133.113
    endloop
  endfacet
  facet normal 0 0.993351 -0.115127
    outer loop
      vertex 4.25 13.3448 133.113
      vertex 14.6389 13.1589 131.509
      vertex 4.25 13.1589 131.509
    endloop
  endfacet
  facet normal 0 0.992978 -0.118303
    outer loop
      vertex 14.6389 13.3448 133.113
      vertex 4.25 13.5359 134.717
      vertex 14.6389 13.5359 134.717
    endloop
  endfacet
  facet normal 0 0.992978 -0.118303
    outer loop
      vertex 4.25 13.5359 134.717
      vertex 14.6389 13.3448 133.113
      vertex 4.25 13.3448 133.113
    endloop
  endfacet
  facet normal 0 0.992713 -0.1205
    outer loop
      vertex 14.6389 13.5359 134.717
      vertex 4.25 13.7306 136.321
      vertex 14.6389 13.7306 136.321
    endloop
  endfacet
  facet normal 0 0.992713 -0.1205
    outer loop
      vertex 4.25 13.7306 136.321
      vertex 14.6389 13.5359 134.717
      vertex 4.25 13.5359 134.717
    endloop
  endfacet
  facet normal 0 0.99258 -0.121597
    outer loop
      vertex 14.6389 13.7306 136.321
      vertex 4.25 13.9271 137.925
      vertex 14.6389 13.9271 137.925
    endloop
  endfacet
  facet normal 0 0.99258 -0.121597
    outer loop
      vertex 4.25 13.9271 137.925
      vertex 14.6389 13.7306 136.321
      vertex 4.25 13.7306 136.321
    endloop
  endfacet
  facet normal 0 0.99257 -0.121672
    outer loop
      vertex 14.6389 13.9271 137.925
      vertex 4.25 14.1236 139.528
      vertex 14.6389 14.1236 139.528
    endloop
  endfacet
  facet normal 0 0.99257 -0.121672
    outer loop
      vertex 4.25 14.1236 139.528
      vertex 14.6389 13.9271 137.925
      vertex 4.25 13.9271 137.925
    endloop
  endfacet
  facet normal 0 0.992736 -0.120317
    outer loop
      vertex 14.6389 14.1236 139.528
      vertex 4.25 14.318 141.132
      vertex 14.6389 14.318 141.132
    endloop
  endfacet
  facet normal 0 0.992736 -0.120317
    outer loop
      vertex 4.25 14.318 141.132
      vertex 14.6389 14.1236 139.528
      vertex 4.25 14.1236 139.528
    endloop
  endfacet
  facet normal 0 0.993036 -0.117815
    outer loop
      vertex 14.6389 14.318 141.132
      vertex 4.25 14.5083 142.736
      vertex 14.6389 14.5083 142.736
    endloop
  endfacet
  facet normal 0 0.993036 -0.117815
    outer loop
      vertex 4.25 14.5083 142.736
      vertex 14.6389 14.318 141.132
      vertex 4.25 14.318 141.132
    endloop
  endfacet
  facet normal 0 0.993478 -0.114027
    outer loop
      vertex 14.6389 14.5083 142.736
      vertex 4.25 14.6924 144.34
      vertex 14.6389 14.6924 144.34
    endloop
  endfacet
  facet normal 0 0.993478 -0.114027
    outer loop
      vertex 4.25 14.6924 144.34
      vertex 14.6389 14.5083 142.736
      vertex 4.25 14.5083 142.736
    endloop
  endfacet
  facet normal 0 0.99406 -0.108832
    outer loop
      vertex 14.6389 14.6924 144.34
      vertex 4.25 14.8679 145.943
      vertex 14.6389 14.8679 145.943
    endloop
  endfacet
  facet normal 0 0.99406 -0.108832
    outer loop
      vertex 4.25 14.8679 145.943
      vertex 14.6389 14.6924 144.34
      vertex 4.25 14.6924 144.34
    endloop
  endfacet
  facet normal 0 0.994763 -0.102205
    outer loop
      vertex 14.6389 14.8679 145.943
      vertex 4.25 15.0327 147.547
      vertex 14.6389 15.0327 147.547
    endloop
  endfacet
  facet normal 0 0.994763 -0.102205
    outer loop
      vertex 4.25 15.0327 147.547
      vertex 14.6389 14.8679 145.943
      vertex 4.25 14.8679 145.943
    endloop
  endfacet
  facet normal 0 0.995546 -0.0942789
    outer loop
      vertex 14.6389 15.0327 147.547
      vertex 4.25 15.1846 149.151
      vertex 14.6389 15.1846 149.151
    endloop
  endfacet
  facet normal 0 0.995546 -0.0942789
    outer loop
      vertex 4.25 15.1846 149.151
      vertex 14.6389 15.0327 147.547
      vertex 4.25 15.0327 147.547
    endloop
  endfacet
  facet normal 0 0.996404 -0.0847316
    outer loop
      vertex 14.6389 15.1846 149.151
      vertex 4.25 15.321 150.755
      vertex 14.6389 15.321 150.755
    endloop
  endfacet
  facet normal 0 0.996404 -0.0847316
    outer loop
      vertex 4.25 15.321 150.755
      vertex 14.6389 15.1846 149.151
      vertex 4.25 15.1846 149.151
    endloop
  endfacet
  facet normal 0 0.997256 -0.0740321
    outer loop
      vertex 14.6389 15.321 150.755
      vertex 4.25 15.44 152.358
      vertex 14.6389 15.44 152.358
    endloop
  endfacet
  facet normal 0 0.997256 -0.0740321
    outer loop
      vertex 4.25 15.44 152.358
      vertex 14.6389 15.321 150.755
      vertex 4.25 15.321 150.755
    endloop
  endfacet
  facet normal 0 0.998093 -0.0617275
    outer loop
      vertex 14.6389 15.44 152.358
      vertex 4.25 15.5392 153.962
      vertex 14.6389 15.5392 153.962
    endloop
  endfacet
  facet normal 0 0.998093 -0.0617275
    outer loop
      vertex 4.25 15.5392 153.962
      vertex 14.6389 15.44 152.358
      vertex 4.25 15.44 152.358
    endloop
  endfacet
  facet normal 0 0.998841 -0.0481362
    outer loop
      vertex 14.6389 15.5392 153.962
      vertex 4.25 15.6165 155.566
      vertex 14.6389 15.6165 155.566
    endloop
  endfacet
  facet normal 0 0.998841 -0.0481362
    outer loop
      vertex 4.25 15.6165 155.566
      vertex 14.6389 15.5392 153.962
      vertex 4.25 15.5392 153.962
    endloop
  endfacet
  facet normal 0 0.999446 -0.0332733
    outer loop
      vertex 14.6389 15.6165 155.566
      vertex 4.25 15.6699 157.17
      vertex 14.6389 15.6699 157.17
    endloop
  endfacet
  facet normal 0 0.999446 -0.0332733
    outer loop
      vertex 4.25 15.6699 157.17
      vertex 14.6389 15.6165 155.566
      vertex 4.25 15.6165 155.566
    endloop
  endfacet
  facet normal 0 0.999853 -0.0171421
    outer loop
      vertex 14.6389 15.6699 157.17
      vertex 4.25 15.6974 158.774
      vertex 14.6389 15.6974 158.774
    endloop
  endfacet
  facet normal 0 0.999853 -0.0171421
    outer loop
      vertex 4.25 15.6974 158.774
      vertex 14.6389 15.6699 157.17
      vertex 4.25 15.6699 157.17
    endloop
  endfacet
  facet normal 0 1 -0
    outer loop
      vertex 14.6389 15.6974 158.774
      vertex 4.25 15.6974 160.377
      vertex 14.6389 15.6974 160.377
    endloop
  endfacet
  facet normal 0 1 0
    outer loop
      vertex 4.25 15.6974 160.377
      vertex 14.6389 15.6974 158.774
      vertex 4.25 15.6974 158.774
    endloop
  endfacet
  facet normal 0 0.999835 0.0181392
    outer loop
      vertex 14.6389 15.6974 160.377
      vertex 4.25 15.6683 161.981
      vertex 14.6389 15.6683 161.981
    endloop
  endfacet
  facet normal 0 0.999835 0.0181392
    outer loop
      vertex 4.25 15.6683 161.981
      vertex 14.6389 15.6974 160.377
      vertex 4.25 15.6974 160.377
    endloop
  endfacet
  facet normal 0 0.999308 0.0371937
    outer loop
      vertex 14.6389 15.6683 161.981
      vertex 4.25 15.6086 163.585
      vertex 14.6389 15.6086 163.585
    endloop
  endfacet
  facet normal 0 0.999308 0.0371937
    outer loop
      vertex 4.25 15.6086 163.585
      vertex 14.6389 15.6683 161.981
      vertex 4.25 15.6683 161.981
    endloop
  endfacet
  facet normal 0 0.99838 0.0568903
    outer loop
      vertex 14.6389 15.6086 163.585
      vertex 4.25 15.5172 165.189
      vertex 14.6389 15.5172 165.189
    endloop
  endfacet
  facet normal 0 0.99838 0.0568903
    outer loop
      vertex 4.25 15.5172 165.189
      vertex 14.6389 15.6086 163.585
      vertex 4.25 15.6086 163.585
    endloop
  endfacet
  facet normal 0 0.997026 0.0770627
    outer loop
      vertex 14.6389 15.5172 165.189
      vertex 4.25 15.3933 166.792
      vertex 14.6389 15.3933 166.792
    endloop
  endfacet
  facet normal 0 0.997026 0.0770627
    outer loop
      vertex 4.25 15.3933 166.792
      vertex 14.6389 15.5172 165.189
      vertex 4.25 15.5172 165.189
    endloop
  endfacet
  facet normal 0 0.995238 0.0974762
    outer loop
      vertex 14.6389 15.3933 166.792
      vertex 4.25 15.2362 168.396
      vertex 14.6389 15.2362 168.396
    endloop
  endfacet
  facet normal 0 0.995238 0.0974762
    outer loop
      vertex 4.25 15.2362 168.396
      vertex 14.6389 15.3933 166.792
      vertex 4.25 15.3933 166.792
    endloop
  endfacet
  facet normal 0 0.993014 0.117998
    outer loop
      vertex 14.6389 15.2362 168.396
      vertex 4.25 15.0456 170
      vertex 14.6389 15.0456 170
    endloop
  endfacet
  facet normal 0 0.993014 0.117998
    outer loop
      vertex 4.25 15.0456 170
      vertex 14.6389 15.2362 168.396
      vertex 4.25 15.2362 168.396
    endloop
  endfacet
  facet normal 0 0 1
    outer loop
      vertex 14.6389 15.0456 170
      vertex 4.25 15.0456 170
      vertex 14.6389 0 170
    endloop
  endfacet
  facet normal 0 0 1
    outer loop
      vertex 33.5278 15.5768 170
      vertex 23.1389 15.5768 170
      vertex 33.5278 0 170
    endloop
  endfacet
  facet normal 0 0 1
    outer loop
      vertex 52.4167 16.0216 170
      vertex 42.0278 16.0216 170
      vertex 52.4167 0 170
    endloop
  endfacet
  facet normal 0 0 1
    outer loop
      vertex 71.3056 16.7334 170
      vertex 60.9167 16.7334 170
      vertex 71.3056 0 170
    endloop
  endfacet
  facet normal 0 0 1
    outer loop
      vertex 90.1944 17.0873 170
      vertex 79.8056 17.0873 170
      vertex 90.1944 0 170
    endloop
  endfacet
  facet normal 0 0 1
    outer loop
      vertex 109.083 16.8745 170
      vertex 98.6944 16.8745 170
      vertex 109.083 0 170
    endloop
  endfacet
  facet normal 0 0 1
    outer loop
      vertex 127.972 15.4748 170
      vertex 117.583 15.4748 170
      vertex 127.972 0 170
    endloop
  endfacet
  facet normal 0 0 1
    outer loop
      vertex 146.861 11.9676 170
      vertex 136.472 11.9676 170
      vertex 146.861 0 170
    endloop
  endfacet
  facet normal 0 0 1
    outer loop
      vertex 165.75 7.33061 170
      vertex 155.361 7.33061 170
      vertex 165.75 0 170
    endloop
  endfacet
  facet normal -0 0 1
    outer loop
      vertex 165.75 0 170
      vertex 170 -5 170
      vertex 170 0 170
    endloop
  endfacet
  facet normal 0 0 1
    outer loop
      vertex 155.361 0 170
      vertex 165.75 0 170
      vertex 155.361 7.33061 170
    endloop
  endfacet
  facet normal 0 0 1
    outer loop
      vertex 165.75 0 170
      vertex 155.361 0 170
      vertex 170 -5 170
    endloop
  endfacet
  facet normal -0 0 1
    outer loop
      vertex 146.861 0 170
      vertex 170 -5 170
      vertex 155.361 0 170
    endloop
  endfacet
  facet normal 0 0 1
    outer loop
      vertex 136.472 0 170
      vertex 146.861 0 170
      vertex 136.472 11.9676 170
    endloop
  endfacet
  facet normal -0 0 1
    outer loop
      vertex 136.472 0 170
      vertex 170 -5 170
      vertex 146.861 0 170
    endloop
  endfacet
  facet normal -0 0 1
    outer loop
      vertex 127.972 0 170
      vertex 170 -5 170
      vertex 136.472 0 170
    endloop
  endfacet
  facet normal 0 0 1
    outer loop
      vertex 117.583 0 170
      vertex 127.972 0 170
      vertex 117.583 15.4748 170
    endloop
  endfacet
  facet normal -0 0 1
    outer loop
      vertex 117.583 0 170
      vertex 170 -5 170
      vertex 127.972 0 170
    endloop
  endfacet
  facet normal -0 0 1
    outer loop
      vertex 109.083 0 170
      vertex 170 -5 170
      vertex 117.583 0 170
    endloop
  endfacet
  facet normal 0 0 1
    outer loop
      vertex 98.6944 0 170
      vertex 109.083 0 170
      vertex 98.6944 16.8745 170
    endloop
  endfacet
  facet normal -0 0 1
    outer loop
      vertex 98.6944 0 170
      vertex 170 -5 170
      vertex 109.083 0 170
    endloop
  endfacet
  facet normal -0 0 1
    outer loop
      vertex 90.1944 0 170
      vertex 170 -5 170
      vertex 98.6944 0 170
    endloop
  endfacet
  facet normal 0 0 1
    outer loop
      vertex 79.8056 0 170
      vertex 90.1944 0 170
      vertex 79.8056 17.0873 170
    endloop
  endfacet
  facet normal -0 0 1
    outer loop
      vertex 79.8056 0 170
      vertex 170 -5 170
      vertex 90.1944 0 170
    endloop
  endfacet
  facet normal 0 0 1
    outer loop
      vertex 0 -5 170
      vertex 79.8056 0 170
      vertex 71.3056 0 170
    endloop
  endfacet
  facet normal 0 0 1
    outer loop
      vertex 60.9167 0 170
      vertex 71.3056 0 170
      vertex 60.9167 16.7334 170
    endloop
  endfacet
  facet normal 0 0 1
    outer loop
      vertex 0 -5 170
      vertex 71.3056 0 170
      vertex 60.9167 0 170
    endloop
  endfacet
  facet normal 0 0 1
    outer loop
      vertex 0 -5 170
      vertex 60.9167 0 170
      vertex 52.4167 0 170
    endloop
  endfacet
  facet normal 0 0 1
    outer loop
      vertex 42.0278 0 170
      vertex 52.4167 0 170
      vertex 42.0278 16.0216 170
    endloop
  endfacet
  facet normal 0 0 1
    outer loop
      vertex 0 -5 170
      vertex 52.4167 0 170
      vertex 42.0278 0 170
    endloop
  endfacet
  facet normal 0 0 1
    outer loop
      vertex 0 -5 170
      vertex 42.0278 0 170
      vertex 33.5278 0 170
    endloop
  endfacet
  facet normal 0 0 1
    outer loop
      vertex 23.1389 0 170
      vertex 33.5278 0 170
      vertex 23.1389 15.5768 170
    endloop
  endfacet
  facet normal 0 0 1
    outer loop
      vertex 0 -5 170
      vertex 33.5278 0 170
      vertex 23.1389 0 170
    endloop
  endfacet
  facet normal 0 0 1
    outer loop
      vertex 0 -5 170
      vertex 23.1389 0 170
      vertex 14.6389 0 170
    endloop
  endfacet
  facet normal 0 0 1
    outer loop
      vertex 4.25 0 170
      vertex 14.6389 0 170
      vertex 4.25 15.0456 170
    endloop
  endfacet
  facet normal 0 0 1
    outer loop
      vertex 0 -5 170
      vertex 14.6389 0 170
      vertex 4.25 0 170
    endloop
  endfacet
  facet normal 0 0 1
    outer loop
      vertex 0 -5 170
      vertex 4.25 0 170
      vertex 0 0 170
    endloop
  endfacet
  facet normal 0 0 1
    outer loop
      vertex 79.8056 0 170
      vertex 0 -5 170
      vertex 170 -5 170
    endloop
  endfacet
  facet normal 0 0 -1
    outer loop
      vertex 170 -5 0
      vertex 165.75 0 0
      vertex 170 0 0
    endloop
  endfacet
  facet normal 0 0 -1
    outer loop
      vertex 165.75 0 0
      vertex 155.361 0 0
      vertex 165.75 2.51212 0
    endloop
  endfacet
  facet normal 0 0 -1
    outer loop
      vertex 170 -5 0
      vertex 155.361 0 0
      vertex 165.75 0 0
    endloop
  endfacet
  facet normal 0 0 -1
    outer loop
      vertex 170 -5 0
      vertex 146.861 0 0
      vertex 155.361 0 0
    endloop
  endfacet
  facet normal 0 0 -1
    outer loop
      vertex 146.861 0 0
      vertex 136.472 0 0
      vertex 146.861 5.87106 0
    endloop
  endfacet
  facet normal 0 0 -1
    outer loop
      vertex 170 -5 0
      vertex 136.472 0 0
      vertex 146.861 0 0
    endloop
  endfacet
  facet normal 0 0 -1
    outer loop
      vertex 170 -5 0
      vertex 127.972 0 0
      vertex 136.472 0 0
    endloop
  endfacet
  facet normal 0 0 -1
    outer loop
      vertex 127.972 0 0
      vertex 117.583 0 0
      vertex 127.972 10.975 0
    endloop
  endfacet
  facet normal 0 0 -1
    outer loop
      vertex 170 -5 0
      vertex 117.583 0 0
      vertex 127.972 0 0
    endloop
  endfacet
  facet normal 0 0 -1
    outer loop
      vertex 170 -5 0
      vertex 109.083 0 0
      vertex 117.583 0 0
    endloop
  endfacet
  facet normal 0 0 -1
    outer loop
      vertex 109.083 0 0
      vertex 98.6944 0 0
      vertex 109.083 14.5762 0
    endloop
  endfacet
  facet normal 0 0 -1
    outer loop
      vertex 170 -5 0
      vertex 98.6944 0 0
      vertex 109.083 0 0
    endloop
  endfacet
  facet normal 0 0 -1
    outer loop
      vertex 170 -5 0
      vertex 90.1944 0 0
      vertex 98.6944 0 0
    endloop
  endfacet
  facet normal 0 0 -1
    outer loop
      vertex 90.1944 0 0
      vertex 79.8056 0 0
      vertex 90.1944 16.7021 0
    endloop
  endfacet
  facet normal 0 0 -1
    outer loop
      vertex 170 -5 0
      vertex 79.8056 0 0
      vertex 90.1944 0 0
    endloop
  endfacet
  facet normal 0 0 -1
    outer loop
      vertex 0 -5 0
      vertex 79.8056 0 0
      vertex 170 -5 0
    endloop
  endfacet
  facet normal 0 0 -1
    outer loop
      vertex 71.3056 0 0
      vertex 60.9167 0 0
      vertex 71.3056 17.6734 0
    endloop
  endfacet
  facet normal -0 0 -1
    outer loop
      vertex 79.8056 0 0
      vertex 0 -5 0
      vertex 71.3056 0 0
    endloop
  endfacet
  facet normal -0 0 -1
    outer loop
      vertex 71.3056 0 0
      vertex 0 -5 0
      vertex 60.9167 0 0
    endloop
  endfacet
  facet normal 0 0 -1
    outer loop
      vertex 52.4167 0 0
      vertex 42.0278 0 0
      vertex 52.4167 16.6519 0
    endloop
  endfacet
  facet normal -0 0 -1
    outer loop
      vertex 60.9167 0 0
      vertex 0 -5 0
      vertex 52.4167 0 0
    endloop
  endfacet
  facet normal -0 0 -1
    outer loop
      vertex 52.4167 0 0
      vertex 0 -5 0
      vertex 42.0278 0 0
    endloop
  endfacet
  facet normal 0 0 -1
    outer loop
      vertex 33.5278 0 0
      vertex 23.1389 0 0
      vertex 33.5278 12.7448 0
    endloop
  endfacet
  facet normal -0 0 -1
    outer loop
      vertex 42.0278 0 0
      vertex 0 -5 0
      vertex 33.5278 0 0
    endloop
  endfacet
  facet normal -0 0 -1
    outer loop
      vertex 33.5278 0 0
      vertex 0 -5 0
      vertex 23.1389 0 0
    endloop
  endfacet
  facet normal 0 0 -1
    outer loop
      vertex 14.6389 0 0
      vertex 4.25 0 0
      vertex 14.6389 7.50792 0
    endloop
  endfacet
  facet normal -0 0 -1
    outer loop
      vertex 23.1389 0 0
      vertex 0 -5 0
      vertex 14.6389 0 0
    endloop
  endfacet
  facet normal -0 0 -1
    outer loop
      vertex 14.6389 0 0
      vertex 0 -5 0
      vertex 4.25 0 0
    endloop
  endfacet
  facet normal -0 0 -1
    outer loop
      vertex 4.25 0 0
      vertex 0 -5 0
      vertex 0 0 0
    endloop
  endfacet
  facet normal -0 0 -1
    outer loop
      vertex 165.75 2.51212 0
      vertex 155.361 0 0
      vertex 155.361 2.51212 0
    endloop
  endfacet
  facet normal -0 0 -1
    outer loop
      vertex 146.861 5.87106 0
      vertex 136.472 0 0
      vertex 136.472 5.87106 0
    endloop
  endfacet
  facet normal -0 0 -1
    outer loop
      vertex 127.972 10.975 0
      vertex 117.583 0 0
      vertex 117.583 10.975 0
    endloop
  endfacet
  facet normal -0 0 -1
    outer loop
      vertex 109.083 14.5762 0
      vertex 98.6944 0 0
      vertex 98.6944 14.5762 0
    endloop
  endfacet
  facet normal -0 0 -1
    outer loop
      vertex 90.1944 16.7021 0
      vertex 79.8056 0 0
      vertex 79.8056 16.7021 0
    endloop
  endfacet
  facet normal -0 0 -1
    outer loop
      vertex 71.3056 17.6734 0
      vertex 60.9167 0 0
      vertex 60.9167 17.6734 0
    endloop
  endfacet
  facet normal -0 0 -1
    outer loop
      vertex 52.4167 16.6519 0
      vertex 42.0278 0 0
      vertex 42.0278 16.6519 0
    endloop
  endfacet
  facet normal -0 0 -1
    outer loop
      vertex 33.5278 12.7448 0
      vertex 23.1389 0 0
      vertex 23.1389 12.7448 0
    endloop
  endfacet
  facet normal -0 0 -1
    outer loop
      vertex 14.6389 7.50792 0
      vertex 4.25 0 0
      vertex 4.25 7.50792 0
    endloop
  endfacet
  facet normal 0 0.955242 -0.295824
    outer loop
      vertex 14.6389 7.50792 0
      vertex 4.25 8.00458 1.60376
      vertex 14.6389 8.00458 1.60376
    endloop
  endfacet
  facet normal 0 0.955242 -0.295824
    outer loop
      vertex 4.25 8.00458 1.60376
      vertex 14.6389 7.50792 0
      vertex 4.25 7.50792 0
    endloop
  endfacet
  facet normal -1 0 0
    outer loop
      vertex 23.1389 0 0
      vertex 23.1389 19.5839 22.4528
      vertex 23.1389 19.5459 20.849
    endloop
  endfacet
  facet normal -1 0 0
    outer loop
      vertex 23.1389 0 0
      vertex 23.1389 19.5459 20.849
      vertex 23.1389 19.4266 19.2453
    endloop
  endfacet
  facet normal -1 -0 0
    outer loop
      vertex 23.1389 19.5839 22.4528
      vertex 23.1389 0 0
      vertex 23.1389 19.5423 24.0566
    endloop
  endfacet
  facet normal -1 -0 0
    outer loop
      vertex 23.1389 19.5423 24.0566
      vertex 23.1389 0 0
      vertex 23.1389 19.4241 25.6604
    endloop
  endfacet
  facet normal -1 0 0
    outer loop
      vertex 23.1389 0 0
      vertex 23.1389 19.4266 19.2453
      vertex 23.1389 19.2254 17.6415
    endloop
  endfacet
  facet normal -1 -0 0
    outer loop
      vertex 23.1389 19.4241 25.6604
      vertex 23.1389 0 0
      vertex 23.1389 19.2332 27.2641
    endloop
  endfacet
  facet normal -1 0 0
    outer loop
      vertex 23.1389 0 0
      vertex 23.1389 19.2254 17.6415
      vertex 23.1389 18.9433 16.0377
    endloop
  endfacet
  facet normal -1 -0 0
    outer loop
      vertex 23.1389 19.2332 27.2641
      vertex 23.1389 0 0
      vertex 23.1389 18.9745 28.8679
    endloop
  endfacet
  facet normal -1 0 0
    outer loop
      vertex 23.1389 0 0
      vertex 23.1389 18.9433 16.0377
      vertex 23.1389 18.5821 14.434
    endloop
  endfacet
  facet normal -1 -0 0
    outer loop
      vertex 23.1389 18.9745 28.8679
      vertex 23.1389 0 0
      vertex 23.1389 18.6537 30.4717
    endloop
  endfacet
  facet normal -1 0 0
    outer loop
      vertex 23.1389 0 0
      vertex 23.1389 18.5821 14.434
      vertex 23.1389 18.1454 12.8302
    endloop
  endfacet
  facet normal -1 -0 0
    outer loop
      vertex 23.1389 18.6537 30.4717
      vertex 23.1389 0 0
      vertex 23.1389 18.277 32.0755
    endloop
  endfacet
  facet normal -1 0 0
    outer loop
      vertex 23.1389 0 0
      vertex 23.1389 18.1454 12.8302
      vertex 23.1389 17.6378 11.2264
    endloop
  endfacet
  facet normal -1 -0 0
    outer loop
      vertex 23.1389 18.277 32.0755
      vertex 23.1389 0 0
      vertex 23.1389 17.8515 33.6792
    endloop
  endfacet
  facet normal -1 0 0
    outer loop
      vertex 23.1389 0 0
      vertex 23.1389 17.6378 11.2264
      vertex 23.1389 17.0655 9.62263
    endloop
  endfacet
  facet normal -1 -0 0
    outer loop
      vertex 23.1389 17.8515 33.6792
      vertex 23.1389 0 0
      vertex 23.1389 17.3842 35.283
    endloop
  endfacet
  facet normal -1 0 0
    outer loop
      vertex 23.1389 0 0
      vertex 23.1389 17.0655 9.62263
      vertex 23.1389 16.4357 8.01886
    endloop
  endfacet
  facet normal -1 -0 0
    outer loop
      vertex 23.1389 17.3842 35.283
      vertex 23.1389 0 0
      vertex 23.1389 16.8826 36.8868
    endloop
  endfacet
  facet normal -1 -0 0
    outer loop
      vertex 23.1389 16.8826 36.8868
      vertex 23.1389 0 0
      vertex 23.1389 16.3543 38.4906
    endloop
  endfacet
  facet normal -1 0 0
    outer loop
      vertex 23.1389 0 0
      vertex 23.1389 16.4357 8.01886
      vertex 23.1389 15.7565 6.41508
    endloop
  endfacet
  facet normal -1 -0 0
    outer loop
      vertex 23.1389 16.3543 38.4906
      vertex 23.1389 0 0
      vertex 23.1389 15.8065 40.0943
    endloop
  endfacet
  facet normal -1 0 0
    outer loop
      vertex 23.1389 0 0
      vertex 23.1389 15.7565 6.41508
      vertex 23.1389 15.0375 4.81131
    endloop
  endfacet
  facet normal -1 -0 0
    outer loop
      vertex 23.1389 15.8065 40.0943
      vertex 23.1389 0 0
      vertex 23.1389 15.2466 41.6981
    endloop
  endfacet
  facet normal -1 0 0
    outer loop
      vertex 23.1389 0 0
      vertex 23.1389 15.0375 4.81131
      vertex 23.1389 14.2885 3.20753
    endloop
  endfacet
  facet normal -1 -0 0
    outer loop
      vertex 23.1389 15.2466 41.6981
      vertex 23.1389 0 0
      vertex 23.1389 14.6814 43.3019
    endloop
  endfacet
  facet normal -1 -0 0
    outer loop
      vertex 23.1389 14.6814 43.3019
      vertex 23.1389 0 0
      vertex 23.1389 14.1174 44.9057
    endloop
  endfacet
  facet normal -1 0 0
    outer loop
      vertex 23.1389 0 0
      vertex 23.1389 14.2885 3.20753
      vertex 23.1389 13.5206 1.60376
    endloop
  endfacet
  facet normal -1 -0 0
    outer loop
      vertex 23.1389 14.1174 44.9057
      vertex 23.1389 0 0
      vertex 23.1389 13.5604 46.5094
    endloop
  endfacet
  facet normal -1 0 0
    outer loop
      vertex 23.1389 0 0
      vertex 23.1389 13.5206 1.60376
      vertex 23.1389 12.7448 0
    endloop
  endfacet
  facet normal -1 -0 0
    outer loop
      vertex 23.1389 13.5604 46.5094
      vertex 23.1389 0 0
      vertex 23.1389 13.0159 48.1132
    endloop
  endfacet
  facet normal -1 -0 0
    outer loop
      vertex 23.1389 13.0159 48.1132
      vertex 23.1389 0 0
      vertex 23.1389 12.4885 49.717
    endloop
  endfacet
  facet normal -1 -0 0
    outer loop
      vertex 23.1389 12.4885 49.717
      vertex 23.1389 0 0
      vertex 23.1389 11.9821 51.3207
    endloop
  endfacet
  facet normal -1 -0 0
    outer loop
      vertex 23.1389 11.9821 51.3207
      vertex 23.1389 0 0
      vertex 23.1389 11.5001 52.9245
    endloop
  endfacet
  facet normal -1 -0 0
    outer loop
      vertex 23.1389 11.5001 52.9245
      vertex 23.1389 0 0
      vertex 23.1389 11.0451 54.5283
    endloop
  endfacet
  facet normal -1 -0 0
    outer loop
      vertex 23.1389 11.0451 54.5283
      vertex 23.1389 0 0
      vertex 23.1389 10.6189 56.1321
    endloop
  endfacet
  facet normal -1 -0 0
    outer loop
      vertex 23.1389 10.6189 56.1321
      vertex 23.1389 0 0
      vertex 23.1389 10.2226 57.7358
    endloop
  endfacet
  facet normal -1 -0 0
    outer loop
      vertex 23.1389 10.2226 57.7358
      vertex 23.1389 0 0
      vertex 23.1389 9.85689 59.3396
    endloop
  endfacet
  facet normal -1 -0 0
    outer loop
      vertex 23.1389 9.85689 59.3396
      vertex 23.1389 0 0
      vertex 23.1389 9.52162 60.9434
    endloop
  endfacet
  facet normal -1 -0 0
    outer loop
      vertex 23.1389 9.52162 60.9434
      vertex 23.1389 0 0
      vertex 23.1389 9.21623 62.5472
    endloop
  endfacet
  facet normal -1 -0 0
    outer loop
      vertex 23.1389 9.21623 62.5472
      vertex 23.1389 0 0
      vertex 23.1389 8.93964 64.1509
    endloop
  endfacet
  facet normal -1 -0 0
    outer loop
      vertex 23.1389 8.93964 64.1509
      vertex 23.1389 0 0
      vertex 23.1389 8.69035 65.7547
    endloop
  endfacet
  facet normal -1 -0 0
    outer loop
      vertex 23.1389 8.69035 65.7547
      vertex 23.1389 0 0
      vertex 23.1389 8.46661 67.3585
    endloop
  endfacet
  facet normal -1 -0 0
    outer loop
      vertex 23.1389 8.46661 67.3585
      vertex 23.1389 0 0
      vertex 23.1389 8.2663 68.9622
    endloop
  endfacet
  facet normal -1 -0 0
    outer loop
      vertex 23.1389 8.2663 68.9622
      vertex 23.1389 0 0
      vertex 23.1389 8.08719 70.566
    endloop
  endfacet
  facet normal -1 -0 0
    outer loop
      vertex 23.1389 8.08719 70.566
      vertex 23.1389 0 0
      vertex 23.1389 7.9269 72.1698
    endloop
  endfacet
  facet normal -1 -0 0
    outer loop
      vertex 23.1389 7.9269 72.1698
      vertex 23.1389 0 0
      vertex 23.1389 7.78297 73.7736
    endloop
  endfacet
  facet normal -1 -0 0
    outer loop
      vertex 23.1389 7.78297 73.7736
      vertex 23.1389 0 0
      vertex 23.1389 7.65302 75.3773
    endloop
  endfacet
  facet normal -1 -0 0
    outer loop
      vertex 23.1389 7.65302 75.3773
      vertex 23.1389 0 0
      vertex 23.1389 7.53465 76.9811
    endloop
  endfacet
  facet normal -1 0 0
    outer loop
      vertex 23.1389 6.95464 86.6038
      vertex 23.1389 6.77528 89.8113
      vertex 23.1389 6.86522 88.2075
    endloop
  endfacet
  facet normal -1 0 0
    outer loop
      vertex 23.1389 7.04414 85
      vertex 23.1389 6.77528 89.8113
      vertex 23.1389 6.95464 86.6038
    endloop
  endfacet
  facet normal -1 0 0
    outer loop
      vertex 23.1389 7.04414 85
      vertex 23.1389 6.68445 91.4151
      vertex 23.1389 6.77528 89.8113
    endloop
  endfacet
  facet normal -1 0 0
    outer loop
      vertex 23.1389 0 0
      vertex 23.1389 6.68445 91.4151
      vertex 23.1389 7.04414 85
    endloop
  endfacet
  facet normal -1 -0 0
    outer loop
      vertex 23.1389 6.68445 91.4151
      vertex 23.1389 0 0
      vertex 23.1389 6.59262 93.0189
    endloop
  endfacet
  facet normal -1 0 0
    outer loop
      vertex 23.1389 0 0
      vertex 23.1389 7.04414 85
      vertex 23.1389 7.1347 83.3962
    endloop
  endfacet
  facet normal -1 -0 0
    outer loop
      vertex 23.1389 6.59262 93.0189
      vertex 23.1389 0 0
      vertex 23.1389 6.49997 94.6226
    endloop
  endfacet
  facet normal -1 -0 0
    outer loop
      vertex 23.1389 6.49997 94.6226
      vertex 23.1389 0 0
      vertex 23.1389 6.40694 96.2264
    endloop
  endfacet
  facet normal -1 -0 0
    outer loop
      vertex 23.1389 6.40694 96.2264
      vertex 23.1389 0 0
      vertex 23.1389 6.31416 97.8302
    endloop
  endfacet
  facet normal -1 0 0
    outer loop
      vertex 23.1389 5.72601 110.66
      vertex 23.1389 0 170
      vertex 23.1389 5.69543 112.264
    endloop
  endfacet
  facet normal -1 0 0
    outer loop
      vertex 23.1389 5.77025 109.057
      vertex 23.1389 0 170
      vertex 23.1389 5.72601 110.66
    endloop
  endfacet
  facet normal -1 0 0
    outer loop
      vertex 23.1389 0 170
      vertex 23.1389 5.77025 109.057
      vertex 23.1389 0 0
    endloop
  endfacet
  facet normal -1 -0 0
    outer loop
      vertex 23.1389 5.82628 107.453
      vertex 23.1389 0 0
      vertex 23.1389 5.77025 109.057
    endloop
  endfacet
  facet normal -1 -0 0
    outer loop
      vertex 23.1389 5.89232 105.849
      vertex 23.1389 0 0
      vertex 23.1389 5.82628 107.453
    endloop
  endfacet
  facet normal -1 -0 0
    outer loop
      vertex 23.1389 5.9666 104.245
      vertex 23.1389 0 0
      vertex 23.1389 5.89232 105.849
    endloop
  endfacet
  facet normal -1 -0 0
    outer loop
      vertex 23.1389 6.04742 102.641
      vertex 23.1389 0 0
      vertex 23.1389 5.9666 104.245
    endloop
  endfacet
  facet normal -1 -0 0
    outer loop
      vertex 23.1389 6.13322 101.038
      vertex 23.1389 0 0
      vertex 23.1389 6.04742 102.641
    endloop
  endfacet
  facet normal -1 -0 0
    outer loop
      vertex 23.1389 6.22256 99.434
      vertex 23.1389 0 0
      vertex 23.1389 6.13322 101.038
    endloop
  endfacet
  facet normal -1 -0 0
    outer loop
      vertex 23.1389 6.31416 97.8302
      vertex 23.1389 0 0
      vertex 23.1389 6.22256 99.434
    endloop
  endfacet
  facet normal -1 -0 0
    outer loop
      vertex 23.1389 7.22746 81.7924
      vertex 23.1389 0 0
      vertex 23.1389 7.1347 83.3962
    endloop
  endfacet
  facet normal -1 -0 0
    outer loop
      vertex 23.1389 7.32388 80.1887
      vertex 23.1389 0 0
      vertex 23.1389 7.22746 81.7924
    endloop
  endfacet
  facet normal -1 -0 0
    outer loop
      vertex 23.1389 7.42564 78.5849
      vertex 23.1389 0 0
      vertex 23.1389 7.32388 80.1887
    endloop
  endfacet
  facet normal -1 -0 0
    outer loop
      vertex 23.1389 7.53465 76.9811
      vertex 23.1389 0 0
      vertex 23.1389 7.42564 78.5849
    endloop
  endfacet
  facet normal -1 0 0
    outer loop
      vertex 23.1389 0 170
      vertex 23.1389 15.3789 168.396
      vertex 23.1389 15.144 166.792
    endloop
  endfacet
  facet normal -1 0 0
    outer loop
      vertex 23.1389 0 170
      vertex 23.1389 15.144 166.792
      vertex 23.1389 14.8748 165.189
    endloop
  endfacet
  facet normal -1 0 0
    outer loop
      vertex 23.1389 0 170
      vertex 23.1389 14.8748 165.189
      vertex 23.1389 14.574 163.585
    endloop
  endfacet
  facet normal -1 0 0
    outer loop
      vertex 23.1389 0 170
      vertex 23.1389 14.574 163.585
      vertex 23.1389 14.2445 161.981
    endloop
  endfacet
  facet normal -1 0 0
    outer loop
      vertex 23.1389 0 170
      vertex 23.1389 14.2445 161.981
      vertex 23.1389 13.8896 160.377
    endloop
  endfacet
  facet normal -1 0 0
    outer loop
      vertex 23.1389 0 170
      vertex 23.1389 13.8896 160.377
      vertex 23.1389 13.5126 158.774
    endloop
  endfacet
  facet normal -1 0 0
    outer loop
      vertex 23.1389 0 170
      vertex 23.1389 13.5126 158.774
      vertex 23.1389 13.117 157.17
    endloop
  endfacet
  facet normal -1 0 0
    outer loop
      vertex 23.1389 0 170
      vertex 23.1389 13.117 157.17
      vertex 23.1389 12.7061 155.566
    endloop
  endfacet
  facet normal -1 0 0
    outer loop
      vertex 23.1389 0 170
      vertex 23.1389 12.7061 155.566
      vertex 23.1389 12.2837 153.962
    endloop
  endfacet
  facet normal -1 0 0
    outer loop
      vertex 23.1389 0 170
      vertex 23.1389 12.2837 153.962
      vertex 23.1389 11.8531 152.358
    endloop
  endfacet
  facet normal -1 0 0
    outer loop
      vertex 23.1389 0 170
      vertex 23.1389 11.8531 152.358
      vertex 23.1389 11.418 150.755
    endloop
  endfacet
  facet normal -1 0 0
    outer loop
      vertex 23.1389 0 170
      vertex 23.1389 11.418 150.755
      vertex 23.1389 10.9819 149.151
    endloop
  endfacet
  facet normal -1 0 0
    outer loop
      vertex 23.1389 0 170
      vertex 23.1389 10.9819 149.151
      vertex 23.1389 10.5479 147.547
    endloop
  endfacet
  facet normal -1 0 0
    outer loop
      vertex 23.1389 0 170
      vertex 23.1389 10.5479 147.547
      vertex 23.1389 10.1195 145.943
    endloop
  endfacet
  facet normal -1 0 0
    outer loop
      vertex 23.1389 0 170
      vertex 23.1389 10.1195 145.943
      vertex 23.1389 9.69965 144.34
    endloop
  endfacet
  facet normal -1 0 0
    outer loop
      vertex 23.1389 0 170
      vertex 23.1389 9.69965 144.34
      vertex 23.1389 9.29129 142.736
    endloop
  endfacet
  facet normal -1 0 0
    outer loop
      vertex 23.1389 0 170
      vertex 23.1389 9.29129 142.736
      vertex 23.1389 8.89711 141.132
    endloop
  endfacet
  facet normal -1 0 0
    outer loop
      vertex 23.1389 0 170
      vertex 23.1389 8.89711 141.132
      vertex 23.1389 8.51956 139.528
    endloop
  endfacet
  facet normal -1 0 0
    outer loop
      vertex 23.1389 5.69543 112.264
      vertex 23.1389 0 170
      vertex 23.1389 5.68031 113.868
    endloop
  endfacet
  facet normal -1 0 0
    outer loop
      vertex 23.1389 5.68031 113.868
      vertex 23.1389 0 170
      vertex 23.1389 5.68242 115.472
    endloop
  endfacet
  facet normal -1 0 0
    outer loop
      vertex 23.1389 5.68242 115.472
      vertex 23.1389 0 170
      vertex 23.1389 5.70345 117.075
    endloop
  endfacet
  facet normal -1 0 0
    outer loop
      vertex 23.1389 5.70345 117.075
      vertex 23.1389 0 170
      vertex 23.1389 5.745 118.679
    endloop
  endfacet
  facet normal -1 0 0
    outer loop
      vertex 23.1389 15.3789 168.396
      vertex 23.1389 0 170
      vertex 23.1389 15.5768 170
    endloop
  endfacet
  facet normal -1 0 0
    outer loop
      vertex 23.1389 8.16087 137.925
      vertex 23.1389 0 170
      vertex 23.1389 8.51956 139.528
    endloop
  endfacet
  facet normal -1 0 0
    outer loop
      vertex 23.1389 7.823 136.321
      vertex 23.1389 0 170
      vertex 23.1389 8.16087 137.925
    endloop
  endfacet
  facet normal -1 0 0
    outer loop
      vertex 23.1389 7.50757 134.717
      vertex 23.1389 0 170
      vertex 23.1389 7.823 136.321
    endloop
  endfacet
  facet normal -1 0 0
    outer loop
      vertex 23.1389 7.21597 133.113
      vertex 23.1389 0 170
      vertex 23.1389 7.50757 134.717
    endloop
  endfacet
  facet normal -1 0 0
    outer loop
      vertex 23.1389 6.94931 131.509
      vertex 23.1389 0 170
      vertex 23.1389 7.21597 133.113
    endloop
  endfacet
  facet normal -1 0 0
    outer loop
      vertex 23.1389 6.70831 129.906
      vertex 23.1389 0 170
      vertex 23.1389 6.94931 131.509
    endloop
  endfacet
  facet normal -1 0 0
    outer loop
      vertex 23.1389 6.4935 128.302
      vertex 23.1389 0 170
      vertex 23.1389 6.70831 129.906
    endloop
  endfacet
  facet normal -1 0 0
    outer loop
      vertex 23.1389 6.30504 126.698
      vertex 23.1389 0 170
      vertex 23.1389 6.4935 128.302
    endloop
  endfacet
  facet normal -1 0 0
    outer loop
      vertex 23.1389 6.14281 125.094
      vertex 23.1389 0 170
      vertex 23.1389 6.30504 126.698
    endloop
  endfacet
  facet normal -1 0 0
    outer loop
      vertex 23.1389 6.00644 123.491
      vertex 23.1389 0 170
      vertex 23.1389 6.14281 125.094
    endloop
  endfacet
  facet normal -1 0 0
    outer loop
      vertex 23.1389 5.89531 121.887
      vertex 23.1389 0 170
      vertex 23.1389 6.00644 123.491
    endloop
  endfacet
  facet normal -1 0 0
    outer loop
      vertex 23.1389 5.80852 120.283
      vertex 23.1389 0 170
      vertex 23.1389 5.89531 121.887
    endloop
  endfacet
  facet normal -1 0 0
    outer loop
      vertex 23.1389 5.745 118.679
      vertex 23.1389 0 170
      vertex 23.1389 5.80852 120.283
    endloop
  endfacet
  facet normal 1 -0 0
    outer loop
      vertex 33.5278 0 170
      vertex 33.5278 15.3789 168.396
      vertex 33.5278 15.5768 170
    endloop
  endfacet
  facet normal 1 0 0
    outer loop
      vertex 33.5278 15.3789 168.396
      vertex 33.5278 0 170
      vertex 33.5278 15.144 166.792
    endloop
  endfacet
  facet normal 1 0 0
    outer loop
      vertex 33.5278 15.144 166.792
      vertex 33.5278 0 170
      vertex 33.5278 14.8748 165.189
    endloop
  endfacet
  facet normal 1 0 0
    outer loop
      vertex 33.5278 14.8748 165.189
      vertex 33.5278 0 170
      vertex 33.5278 14.574 163.585
    endloop
  endfacet
  facet normal 1 0 0
    outer loop
      vertex 33.5278 14.574 163.585
      vertex 33.5278 0 170
      vertex 33.5278 14.2445 161.981
    endloop
  endfacet
  facet normal 1 0 0
    outer loop
      vertex 33.5278 14.2445 161.981
      vertex 33.5278 0 170
      vertex 33.5278 13.8896 160.377
    endloop
  endfacet
  facet normal 1 0 0
    outer loop
      vertex 33.5278 13.8896 160.377
      vertex 33.5278 0 170
      vertex 33.5278 13.5126 158.774
    endloop
  endfacet
  facet normal 1 0 0
    outer loop
      vertex 33.5278 13.5126 158.774
      vertex 33.5278 0 170
      vertex 33.5278 13.117 157.17
    endloop
  endfacet
  facet normal 1 0 0
    outer loop
      vertex 33.5278 13.117 157.17
      vertex 33.5278 0 170
      vertex 33.5278 12.7061 155.566
    endloop
  endfacet
  facet normal 1 0 0
    outer loop
      vertex 33.5278 12.7061 155.566
      vertex 33.5278 0 170
      vertex 33.5278 12.2837 153.962
    endloop
  endfacet
  facet normal 1 0 0
    outer loop
      vertex 33.5278 12.2837 153.962
      vertex 33.5278 0 170
      vertex 33.5278 11.8531 152.358
    endloop
  endfacet
  facet normal 1 0 0
    outer loop
      vertex 33.5278 11.8531 152.358
      vertex 33.5278 0 170
      vertex 33.5278 11.418 150.755
    endloop
  endfacet
  facet normal 1 0 0
    outer loop
      vertex 33.5278 11.418 150.755
      vertex 33.5278 0 170
      vertex 33.5278 10.9819 149.151
    endloop
  endfacet
  facet normal 1 0 0
    outer loop
      vertex 33.5278 10.9819 149.151
      vertex 33.5278 0 170
      vertex 33.5278 10.5479 147.547
    endloop
  endfacet
  facet normal 1 0 0
    outer loop
      vertex 33.5278 10.5479 147.547
      vertex 33.5278 0 170
      vertex 33.5278 10.1195 145.943
    endloop
  endfacet
  facet normal 1 0 0
    outer loop
      vertex 33.5278 10.1195 145.943
      vertex 33.5278 0 170
      vertex 33.5278 9.69965 144.34
    endloop
  endfacet
  facet normal 1 0 0
    outer loop
      vertex 33.5278 9.69965 144.34
      vertex 33.5278 0 170
      vertex 33.5278 9.29129 142.736
    endloop
  endfacet
  facet normal 1 0 0
    outer loop
      vertex 33.5278 9.29129 142.736
      vertex 33.5278 0 170
      vertex 33.5278 8.89711 141.132
    endloop
  endfacet
  facet normal 1 0 0
    outer loop
      vertex 33.5278 5.68242 115.472
      vertex 33.5278 0 170
      vertex 33.5278 5.68031 113.868
    endloop
  endfacet
  facet normal 1 0 0
    outer loop
      vertex 33.5278 5.70345 117.075
      vertex 33.5278 0 170
      vertex 33.5278 5.68242 115.472
    endloop
  endfacet
  facet normal 1 0 0
    outer loop
      vertex 33.5278 5.745 118.679
      vertex 33.5278 0 170
      vertex 33.5278 5.70345 117.075
    endloop
  endfacet
  facet normal 1 0 0
    outer loop
      vertex 33.5278 5.80852 120.283
      vertex 33.5278 0 170
      vertex 33.5278 5.745 118.679
    endloop
  endfacet
  facet normal 1 0 0
    outer loop
      vertex 33.5278 5.89531 121.887
      vertex 33.5278 0 170
      vertex 33.5278 5.80852 120.283
    endloop
  endfacet
  facet normal 1 0 0
    outer loop
      vertex 33.5278 6.00644 123.491
      vertex 33.5278 0 170
      vertex 33.5278 5.89531 121.887
    endloop
  endfacet
  facet normal 1 0 0
    outer loop
      vertex 33.5278 6.14281 125.094
      vertex 33.5278 0 170
      vertex 33.5278 6.00644 123.491
    endloop
  endfacet
  facet normal 1 0 0
    outer loop
      vertex 33.5278 6.30504 126.698
      vertex 33.5278 0 170
      vertex 33.5278 6.14281 125.094
    endloop
  endfacet
  facet normal 1 0 0
    outer loop
      vertex 33.5278 6.4935 128.302
      vertex 33.5278 0 170
      vertex 33.5278 6.30504 126.698
    endloop
  endfacet
  facet normal 1 0 0
    outer loop
      vertex 33.5278 6.70831 129.906
      vertex 33.5278 0 170
      vertex 33.5278 6.4935 128.302
    endloop
  endfacet
  facet normal 1 0 0
    outer loop
      vertex 33.5278 6.94931 131.509
      vertex 33.5278 0 170
      vertex 33.5278 6.70831 129.906
    endloop
  endfacet
  facet normal 1 0 0
    outer loop
      vertex 33.5278 7.21597 133.113
      vertex 33.5278 0 170
      vertex 33.5278 6.94931 131.509
    endloop
  endfacet
  facet normal 1 0 0
    outer loop
      vertex 33.5278 7.50757 134.717
      vertex 33.5278 0 170
      vertex 33.5278 7.21597 133.113
    endloop
  endfacet
  facet normal 1 0 0
    outer loop
      vertex 33.5278 7.823 136.321
      vertex 33.5278 0 170
      vertex 33.5278 7.50757 134.717
    endloop
  endfacet
  facet normal 1 0 0
    outer loop
      vertex 33.5278 8.16087 137.925
      vertex 33.5278 0 170
      vertex 33.5278 7.823 136.321
    endloop
  endfacet
  facet normal 1 0 0
    outer loop
      vertex 33.5278 8.51956 139.528
      vertex 33.5278 0 170
      vertex 33.5278 8.16087 137.925
    endloop
  endfacet
  facet normal 1 0 0
    outer loop
      vertex 33.5278 8.89711 141.132
      vertex 33.5278 0 170
      vertex 33.5278 8.51956 139.528
    endloop
  endfacet
  facet normal 1 0 0
    outer loop
      vertex 33.5278 0 0
      vertex 33.5278 19.5839 22.4528
      vertex 33.5278 19.5423 24.0566
    endloop
  endfacet
  facet normal 1 0 0
    outer loop
      vertex 33.5278 19.5839 22.4528
      vertex 33.5278 0 0
      vertex 33.5278 19.5459 20.849
    endloop
  endfacet
  facet normal 1 0 0
    outer loop
      vertex 33.5278 0 0
      vertex 33.5278 19.5423 24.0566
      vertex 33.5278 19.4241 25.6604
    endloop
  endfacet
  facet normal 1 0 0
    outer loop
      vertex 33.5278 0 0
      vertex 33.5278 19.4241 25.6604
      vertex 33.5278 19.2332 27.2641
    endloop
  endfacet
  facet normal 1 0 0
    outer loop
      vertex 33.5278 19.5459 20.849
      vertex 33.5278 0 0
      vertex 33.5278 19.4266 19.2453
    endloop
  endfacet
  facet normal 1 0 0
    outer loop
      vertex 33.5278 0 0
      vertex 33.5278 19.2332 27.2641
      vertex 33.5278 18.9745 28.8679
    endloop
  endfacet
  facet normal 1 0 0
    outer loop
      vertex 33.5278 19.4266 19.2453
      vertex 33.5278 0 0
      vertex 33.5278 19.2254 17.6415
    endloop
  endfacet
  facet normal 1 0 0
    outer loop
      vertex 33.5278 0 0
      vertex 33.5278 18.9745 28.8679
      vertex 33.5278 18.6537 30.4717
    endloop
  endfacet
  facet normal 1 0 0
    outer loop
      vertex 33.5278 19.2254 17.6415
      vertex 33.5278 0 0
      vertex 33.5278 18.9433 16.0377
    endloop
  endfacet
  facet normal 1 0 0
    outer loop
      vertex 33.5278 0 0
      vertex 33.5278 18.6537 30.4717
      vertex 33.5278 18.277 32.0755
    endloop
  endfacet
  facet normal 1 0 0
    outer loop
      vertex 33.5278 18.9433 16.0377
      vertex 33.5278 0 0
      vertex 33.5278 18.5821 14.434
    endloop
  endfacet
  facet normal 1 0 0
    outer loop
      vertex 33.5278 0 0
      vertex 33.5278 18.277 32.0755
      vertex 33.5278 17.8515 33.6792
    endloop
  endfacet
  facet normal 1 0 0
    outer loop
      vertex 33.5278 18.5821 14.434
      vertex 33.5278 0 0
      vertex 33.5278 18.1454 12.8302
    endloop
  endfacet
  facet normal 1 0 0
    outer loop
      vertex 33.5278 0 0
      vertex 33.5278 17.8515 33.6792
      vertex 33.5278 17.3842 35.283
    endloop
  endfacet
  facet normal 1 0 0
    outer loop
      vertex 33.5278 18.1454 12.8302
      vertex 33.5278 0 0
      vertex 33.5278 17.6378 11.2264
    endloop
  endfacet
  facet normal 1 0 0
    outer loop
      vertex 33.5278 0 0
      vertex 33.5278 17.3842 35.283
      vertex 33.5278 16.8826 36.8868
    endloop
  endfacet
  facet normal 1 0 0
    outer loop
      vertex 33.5278 17.6378 11.2264
      vertex 33.5278 0 0
      vertex 33.5278 17.0655 9.62263
    endloop
  endfacet
  facet normal 1 0 0
    outer loop
      vertex 33.5278 0 0
      vertex 33.5278 16.8826 36.8868
      vertex 33.5278 16.3543 38.4906
    endloop
  endfacet
  facet normal 1 0 0
    outer loop
      vertex 33.5278 0 0
      vertex 33.5278 16.3543 38.4906
      vertex 33.5278 15.8065 40.0943
    endloop
  endfacet
  facet normal 1 0 0
    outer loop
      vertex 33.5278 17.0655 9.62263
      vertex 33.5278 0 0
      vertex 33.5278 16.4357 8.01886
    endloop
  endfacet
  facet normal 1 0 0
    outer loop
      vertex 33.5278 0 0
      vertex 33.5278 15.8065 40.0943
      vertex 33.5278 15.2466 41.6981
    endloop
  endfacet
  facet normal 1 0 0
    outer loop
      vertex 33.5278 16.4357 8.01886
      vertex 33.5278 0 0
      vertex 33.5278 15.7565 6.41508
    endloop
  endfacet
  facet normal 1 0 0
    outer loop
      vertex 33.5278 0 0
      vertex 33.5278 15.2466 41.6981
      vertex 33.5278 14.6814 43.3019
    endloop
  endfacet
  facet normal 1 0 0
    outer loop
      vertex 33.5278 15.7565 6.41508
      vertex 33.5278 0 0
      vertex 33.5278 15.0375 4.81131
    endloop
  endfacet
  facet normal 1 0 0
    outer loop
      vertex 33.5278 0 0
      vertex 33.5278 14.6814 43.3019
      vertex 33.5278 14.1174 44.9057
    endloop
  endfacet
  facet normal 1 0 0
    outer loop
      vertex 33.5278 0 0
      vertex 33.5278 14.1174 44.9057
      vertex 33.5278 13.5604 46.5094
    endloop
  endfacet
  facet normal 1 0 0
    outer loop
      vertex 33.5278 15.0375 4.81131
      vertex 33.5278 0 0
      vertex 33.5278 14.2885 3.20753
    endloop
  endfacet
  facet normal 1 0 0
    outer loop
      vertex 33.5278 0 0
      vertex 33.5278 13.5604 46.5094
      vertex 33.5278 13.0159 48.1132
    endloop
  endfacet
  facet normal 1 0 0
    outer loop
      vertex 33.5278 14.2885 3.20753
      vertex 33.5278 0 0
      vertex 33.5278 13.5206 1.60376
    endloop
  endfacet
  facet normal 1 0 0
    outer loop
      vertex 33.5278 0 0
      vertex 33.5278 13.0159 48.1132
      vertex 33.5278 12.4885 49.717
    endloop
  endfacet
  facet normal 1 0 0
    outer loop
      vertex 33.5278 0 0
      vertex 33.5278 12.4885 49.717
      vertex 33.5278 11.9821 51.3207
    endloop
  endfacet
  facet normal 1 0 0
    outer loop
      vertex 33.5278 0 0
      vertex 33.5278 11.9821 51.3207
      vertex 33.5278 11.5001 52.9245
    endloop
  endfacet
  facet normal 1 0 0
    outer loop
      vertex 33.5278 0 0
      vertex 33.5278 11.5001 52.9245
      vertex 33.5278 11.0451 54.5283
    endloop
  endfacet
  facet normal 1 0 0
    outer loop
      vertex 33.5278 0 0
      vertex 33.5278 11.0451 54.5283
      vertex 33.5278 10.6189 56.1321
    endloop
  endfacet
  facet normal 1 0 0
    outer loop
      vertex 33.5278 0 0
      vertex 33.5278 10.6189 56.1321
      vertex 33.5278 10.2226 57.7358
    endloop
  endfacet
  facet normal 1 0 0
    outer loop
      vertex 33.5278 0 0
      vertex 33.5278 10.2226 57.7358
      vertex 33.5278 9.85689 59.3396
    endloop
  endfacet
  facet normal 1 0 0
    outer loop
      vertex 33.5278 0 0
      vertex 33.5278 9.85689 59.3396
      vertex 33.5278 9.52162 60.9434
    endloop
  endfacet
  facet normal 1 0 0
    outer loop
      vertex 33.5278 0 0
      vertex 33.5278 9.52162 60.9434
      vertex 33.5278 9.21623 62.5472
    endloop
  endfacet
  facet normal 1 0 0
    outer loop
      vertex 33.5278 0 0
      vertex 33.5278 9.21623 62.5472
      vertex 33.5278 8.93964 64.1509
    endloop
  endfacet
  facet normal 1 0 0
    outer loop
      vertex 33.5278 0 0
      vertex 33.5278 8.93964 64.1509
      vertex 33.5278 8.69035 65.7547
    endloop
  endfacet
  facet normal 1 0 0
    outer loop
      vertex 33.5278 0 0
      vertex 33.5278 8.69035 65.7547
      vertex 33.5278 8.46661 67.3585
    endloop
  endfacet
  facet normal 1 0 0
    outer loop
      vertex 33.5278 0 0
      vertex 33.5278 8.46661 67.3585
      vertex 33.5278 8.2663 68.9622
    endloop
  endfacet
  facet normal 1 0 0
    outer loop
      vertex 33.5278 0 0
      vertex 33.5278 8.2663 68.9622
      vertex 33.5278 8.08719 70.566
    endloop
  endfacet
  facet normal 1 0 0
    outer loop
      vertex 33.5278 0 0
      vertex 33.5278 8.08719 70.566
      vertex 33.5278 7.9269 72.1698
    endloop
  endfacet
  facet normal 1 0 0
    outer loop
      vertex 33.5278 0 0
      vertex 33.5278 7.9269 72.1698
      vertex 33.5278 7.78297 73.7736
    endloop
  endfacet
  facet normal 1 0 0
    outer loop
      vertex 33.5278 0 0
      vertex 33.5278 7.78297 73.7736
      vertex 33.5278 7.65302 75.3773
    endloop
  endfacet
  facet normal 1 0 0
    outer loop
      vertex 33.5278 0 0
      vertex 33.5278 7.65302 75.3773
      vertex 33.5278 7.53465 76.9811
    endloop
  endfacet
  facet normal 1 0 0
    outer loop
      vertex 33.5278 0 0
      vertex 33.5278 7.53465 76.9811
      vertex 33.5278 7.42564 78.5849
    endloop
  endfacet
  facet normal 1 0 0
    outer loop
      vertex 33.5278 6.77528 89.8113
      vertex 33.5278 6.95464 86.6038
      vertex 33.5278 6.86522 88.2075
    endloop
  endfacet
  facet normal 1 0 0
    outer loop
      vertex 33.5278 6.77528 89.8113
      vertex 33.5278 7.04414 85
      vertex 33.5278 6.95464 86.6038
    endloop
  endfacet
  facet normal 1 0 0
    outer loop
      vertex 33.5278 6.68445 91.4151
      vertex 33.5278 7.04414 85
      vertex 33.5278 6.77528 89.8113
    endloop
  endfacet
  facet normal 1 0 0
    outer loop
      vertex 33.5278 0 0
      vertex 33.5278 6.68445 91.4151
      vertex 33.5278 6.59262 93.0189
    endloop
  endfacet
  facet normal 1 0 0
    outer loop
      vertex 33.5278 0 0
      vertex 33.5278 6.59262 93.0189
      vertex 33.5278 6.49997 94.6226
    endloop
  endfacet
  facet normal 1 0 0
    outer loop
      vertex 33.5278 6.68445 91.4151
      vertex 33.5278 0 0
      vertex 33.5278 7.04414 85
    endloop
  endfacet
  facet normal 1 0 0
    outer loop
      vertex 33.5278 0 0
      vertex 33.5278 6.49997 94.6226
      vertex 33.5278 6.40694 96.2264
    endloop
  endfacet
  facet normal 1 0 0
    outer loop
      vertex 33.5278 0 0
      vertex 33.5278 6.40694 96.2264
      vertex 33.5278 6.31416 97.8302
    endloop
  endfacet
  facet normal 1 0 0
    outer loop
      vertex 33.5278 0 0
      vertex 33.5278 6.31416 97.8302
      vertex 33.5278 6.22256 99.434
    endloop
  endfacet
  facet normal 1 0 0
    outer loop
      vertex 33.5278 0 170
      vertex 33.5278 5.69543 112.264
      vertex 33.5278 5.68031 113.868
    endloop
  endfacet
  facet normal 1 0 0
    outer loop
      vertex 33.5278 0 170
      vertex 33.5278 5.72601 110.66
      vertex 33.5278 5.69543 112.264
    endloop
  endfacet
  facet normal 1 0 0
    outer loop
      vertex 33.5278 0 170
      vertex 33.5278 5.77025 109.057
      vertex 33.5278 5.72601 110.66
    endloop
  endfacet
  facet normal 1 0 0
    outer loop
      vertex 33.5278 0 170
      vertex 33.5278 5.82628 107.453
      vertex 33.5278 5.77025 109.057
    endloop
  endfacet
  facet normal 1 0 0
    outer loop
      vertex 33.5278 0 170
      vertex 33.5278 5.89232 105.849
      vertex 33.5278 5.82628 107.453
    endloop
  endfacet
  facet normal 1 0 0
    outer loop
      vertex 33.5278 0 0
      vertex 33.5278 5.89232 105.849
      vertex 33.5278 0 170
    endloop
  endfacet
  facet normal 1 0 0
    outer loop
      vertex 33.5278 5.89232 105.849
      vertex 33.5278 0 0
      vertex 33.5278 5.9666 104.245
    endloop
  endfacet
  facet normal 1 0 0
    outer loop
      vertex 33.5278 5.9666 104.245
      vertex 33.5278 0 0
      vertex 33.5278 6.04742 102.641
    endloop
  endfacet
  facet normal 1 0 0
    outer loop
      vertex 33.5278 6.04742 102.641
      vertex 33.5278 0 0
      vertex 33.5278 6.13322 101.038
    endloop
  endfacet
  facet normal 1 0 0
    outer loop
      vertex 33.5278 6.13322 101.038
      vertex 33.5278 0 0
      vertex 33.5278 6.22256 99.434
    endloop
  endfacet
  facet normal 1 0 0
    outer loop
      vertex 33.5278 7.04414 85
      vertex 33.5278 0 0
      vertex 33.5278 7.1347 83.3962
    endloop
  endfacet
  facet normal 1 0 0
    outer loop
      vertex 33.5278 7.1347 83.3962
      vertex 33.5278 0 0
      vertex 33.5278 7.22746 81.7924
    endloop
  endfacet
  facet normal 1 0 0
    outer loop
      vertex 33.5278 7.22746 81.7924
      vertex 33.5278 0 0
      vertex 33.5278 7.32388 80.1887
    endloop
  endfacet
  facet normal 1 0 0
    outer loop
      vertex 33.5278 7.32388 80.1887
      vertex 33.5278 0 0
      vertex 33.5278 7.42564 78.5849
    endloop
  endfacet
  facet normal 1 0 0
    outer loop
      vertex 33.5278 13.5206 1.60376
      vertex 33.5278 0 0
      vertex 33.5278 12.7448 0
    endloop
  endfacet
  facet normal 0 0.901942 -0.431858
    outer loop
      vertex 33.5278 13.5206 1.60376
      vertex 23.1389 14.2885 3.20753
      vertex 33.5278 14.2885 3.20753
    endloop
  endfacet
  facet normal 0 0.901942 -0.431858
    outer loop
      vertex 23.1389 14.2885 3.20753
      vertex 33.5278 13.5206 1.60376
      vertex 23.1389 13.5206 1.60376
    endloop
  endfacet
  facet normal 0 0.90606 -0.42315
    outer loop
      vertex 33.5278 14.2885 3.20753
      vertex 23.1389 15.0375 4.81131
      vertex 33.5278 15.0375 4.81131
    endloop
  endfacet
  facet normal 0 0.90606 -0.42315
    outer loop
      vertex 23.1389 15.0375 4.81131
      vertex 33.5278 14.2885 3.20753
      vertex 23.1389 14.2885 3.20753
    endloop
  endfacet
  facet normal 0 0.912495 -0.409088
    outer loop
      vertex 33.5278 15.0375 4.81131
      vertex 23.1389 15.7565 6.41508
      vertex 33.5278 15.7565 6.41508
    endloop
  endfacet
  facet normal 0 0.912495 -0.409088
    outer loop
      vertex 23.1389 15.7565 6.41508
      vertex 33.5278 15.0375 4.81131
      vertex 23.1389 15.0375 4.81131
    endloop
  endfacet
  facet normal 0 0.920828 -0.38997
    outer loop
      vertex 33.5278 15.7565 6.41508
      vertex 23.1389 16.4357 8.01886
      vertex 33.5278 16.4357 8.01886
    endloop
  endfacet
  facet normal 0 0.920828 -0.38997
    outer loop
      vertex 23.1389 16.4357 8.01886
      vertex 33.5278 15.7565 6.41508
      vertex 23.1389 15.7565 6.41508
    endloop
  endfacet
  facet normal 0 0.930801 -0.365525
    outer loop
      vertex 33.5278 16.4357 8.01886
      vertex 23.1389 17.0655 9.62263
      vertex 33.5278 17.0655 9.62263
    endloop
  endfacet
  facet normal 0 0.930801 -0.365525
    outer loop
      vertex 23.1389 17.0655 9.62263
      vertex 33.5278 16.4357 8.01886
      vertex 23.1389 16.4357 8.01886
    endloop
  endfacet
  facet normal 0 0.94183 -0.336089
    outer loop
      vertex 33.5278 17.0655 9.62263
      vertex 23.1389 17.6378 11.2264
      vertex 33.5278 17.6378 11.2264
    endloop
  endfacet
  facet normal 0 0.94183 -0.336089
    outer loop
      vertex 23.1389 17.6378 11.2264
      vertex 33.5278 17.0655 9.62263
      vertex 23.1389 17.0655 9.62263
    endloop
  endfacet
  facet normal 0 0.953388 -0.301746
    outer loop
      vertex 33.5278 17.6378 11.2264
      vertex 23.1389 18.1454 12.8302
      vertex 33.5278 18.1454 12.8302
    endloop
  endfacet
  facet normal 0 0.953388 -0.301746
    outer loop
      vertex 23.1389 18.1454 12.8302
      vertex 33.5278 17.6378 11.2264
      vertex 23.1389 17.6378 11.2264
    endloop
  endfacet
  facet normal 0 0.964871 -0.262725
    outer loop
      vertex 33.5278 18.1454 12.8302
      vertex 23.1389 18.5821 14.434
      vertex 33.5278 18.5821 14.434
    endloop
  endfacet
  facet normal 0 0.964871 -0.262725
    outer loop
      vertex 23.1389 18.5821 14.434
      vertex 33.5278 18.1454 12.8302
      vertex 23.1389 18.1454 12.8302
    endloop
  endfacet
  facet normal 0 0.975562 -0.219725
    outer loop
      vertex 33.5278 18.5821 14.434
      vertex 23.1389 18.9433 16.0377
      vertex 33.5278 18.9433 16.0377
    endloop
  endfacet
  facet normal 0 0.975562 -0.219725
    outer loop
      vertex 23.1389 18.9433 16.0377
      vertex 33.5278 18.5821 14.434
      vertex 23.1389 18.5821 14.434
    endloop
  endfacet
  facet normal 0 0.98488 -0.173235
    outer loop
      vertex 33.5278 18.9433 16.0377
      vertex 23.1389 19.2254 17.6415
      vertex 33.5278 19.2254 17.6415
    endloop
  endfacet
  facet normal 0 0.98488 -0.173235
    outer loop
      vertex 23.1389 19.2254 17.6415
      vertex 33.5278 18.9433 16.0377
      vertex 23.1389 18.9433 16.0377
    endloop
  endfacet
  facet normal 0 0.992223 -0.124476
    outer loop
      vertex 33.5278 19.2254 17.6415
      vertex 23.1389 19.4266 19.2453
      vertex 33.5278 19.4266 19.2453
    endloop
  endfacet
  facet normal 0 0.992223 -0.124476
    outer loop
      vertex 23.1389 19.4266 19.2453
      vertex 33.5278 19.2254 17.6415
      vertex 23.1389 19.2254 17.6415
    endloop
  endfacet
  facet normal 0 0.997244 -0.0741855
    outer loop
      vertex 33.5278 19.4266 19.2453
      vertex 23.1389 19.5459 20.849
      vertex 33.5278 19.5459 20.849
    endloop
  endfacet
  facet normal 0 0.997244 -0.0741855
    outer loop
      vertex 23.1389 19.5459 20.849
      vertex 33.5278 19.4266 19.2453
      vertex 23.1389 19.4266 19.2453
    endloop
  endfacet
  facet normal 0 0.999719 -0.0236871
    outer loop
      vertex 33.5278 19.5459 20.849
      vertex 23.1389 19.5839 22.4528
      vertex 33.5278 19.5839 22.4528
    endloop
  endfacet
  facet normal 0 0.999719 -0.0236871
    outer loop
      vertex 23.1389 19.5839 22.4528
      vertex 33.5278 19.5459 20.849
      vertex 23.1389 19.5459 20.849
    endloop
  endfacet
  facet normal 0 0.999664 0.0259297
    outer loop
      vertex 33.5278 19.5839 22.4528
      vertex 23.1389 19.5423 24.0566
      vertex 33.5278 19.5423 24.0566
    endloop
  endfacet
  facet normal 0 0.999664 0.0259297
    outer loop
      vertex 23.1389 19.5423 24.0566
      vertex 33.5278 19.5839 22.4528
      vertex 23.1389 19.5839 22.4528
    endloop
  endfacet
  facet normal 0 0.997295 0.0735006
    outer loop
      vertex 33.5278 19.5423 24.0566
      vertex 23.1389 19.4241 25.6604
      vertex 33.5278 19.4241 25.6604
    endloop
  endfacet
  facet normal 0 0.997295 0.0735006
    outer loop
      vertex 23.1389 19.4241 25.6604
      vertex 33.5278 19.5423 24.0566
      vertex 23.1389 19.5423 24.0566
    endloop
  endfacet
  facet normal 0 0.992989 0.118203
    outer loop
      vertex 33.5278 19.4241 25.6604
      vertex 23.1389 19.2332 27.2641
      vertex 33.5278 19.2332 27.2641
    endloop
  endfacet
  facet normal 0 0.992989 0.118203
    outer loop
      vertex 23.1389 19.2332 27.2641
      vertex 33.5278 19.4241 25.6604
      vertex 23.1389 19.4241 25.6604
    endloop
  endfacet
  facet normal 0 0.987239 0.159246
    outer loop
      vertex 33.5278 19.2332 27.2641
      vertex 23.1389 18.9745 28.8679
      vertex 33.5278 18.9745 28.8679
    endloop
  endfacet
  facet normal 0 0.987239 0.159246
    outer loop
      vertex 23.1389 18.9745 28.8679
      vertex 33.5278 19.2332 27.2641
      vertex 23.1389 19.2332 27.2641
    endloop
  endfacet
  facet normal 0 0.980576 0.19614
    outer loop
      vertex 33.5278 18.9745 28.8679
      vertex 23.1389 18.6537 30.4717
      vertex 33.5278 18.6537 30.4717
    endloop
  endfacet
  facet normal 0 0.980576 0.19614
    outer loop
      vertex 23.1389 18.6537 30.4717
      vertex 33.5278 18.9745 28.8679
      vertex 23.1389 18.9745 28.8679
    endloop
  endfacet
  facet normal 0 0.973507 0.228657
    outer loop
      vertex 33.5278 18.6537 30.4717
      vertex 23.1389 18.277 32.0755
      vertex 33.5278 18.277 32.0755
    endloop
  endfacet
  facet normal 0 0.973507 0.228657
    outer loop
      vertex 23.1389 18.277 32.0755
      vertex 33.5278 18.6537 30.4717
      vertex 23.1389 18.6537 30.4717
    endloop
  endfacet
  facet normal 0 0.966557 0.256451
    outer loop
      vertex 33.5278 18.277 32.0755
      vertex 23.1389 17.8515 33.6792
      vertex 33.5278 17.8515 33.6792
    endloop
  endfacet
  facet normal 0 0.966557 0.256451
    outer loop
      vertex 23.1389 17.8515 33.6792
      vertex 33.5278 18.277 32.0755
      vertex 23.1389 18.277 32.0755
    endloop
  endfacet
  facet normal 0 0.960076 0.279738
    outer loop
      vertex 33.5278 17.8515 33.6792
      vertex 23.1389 17.3842 35.283
      vertex 33.5278 17.3842 35.283
    endloop
  endfacet
  facet normal 0 0.960076 0.279738
    outer loop
      vertex 23.1389 17.3842 35.283
      vertex 33.5278 17.8515 33.6792
      vertex 23.1389 17.8515 33.6792
    endloop
  endfacet
  facet normal 0 0.95441 0.298499
    outer loop
      vertex 33.5278 17.3842 35.283
      vertex 23.1389 16.8826 36.8868
      vertex 33.5278 16.8826 36.8868
    endloop
  endfacet
  facet normal 0 0.95441 0.298499
    outer loop
      vertex 23.1389 16.8826 36.8868
      vertex 33.5278 17.3842 35.283
      vertex 23.1389 17.3842 35.283
    endloop
  endfacet
  facet normal 0 0.949797 0.312868
    outer loop
      vertex 33.5278 16.8826 36.8868
      vertex 23.1389 16.3543 38.4906
      vertex 33.5278 16.3543 38.4906
    endloop
  endfacet
  facet normal 0 0.949797 0.312868
    outer loop
      vertex 23.1389 16.3543 38.4906
      vertex 33.5278 16.8826 36.8868
      vertex 23.1389 16.8826 36.8868
    endloop
  endfacet
  facet normal 0 0.946315 0.323247
    outer loop
      vertex 33.5278 16.3543 38.4906
      vertex 23.1389 15.8065 40.0943
      vertex 33.5278 15.8065 40.0943
    endloop
  endfacet
  facet normal 0 0.946315 0.323247
    outer loop
      vertex 23.1389 15.8065 40.0943
      vertex 33.5278 16.3543 38.4906
      vertex 23.1389 16.3543 38.4906
    endloop
  endfacet
  facet normal 0 0.944121 0.3296
    outer loop
      vertex 33.5278 15.8065 40.0943
      vertex 23.1389 15.2466 41.6981
      vertex 33.5278 15.2466 41.6981
    endloop
  endfacet
  facet normal 0 0.944121 0.3296
    outer loop
      vertex 23.1389 15.2466 41.6981
      vertex 33.5278 15.8065 40.0943
      vertex 23.1389 15.8065 40.0943
    endloop
  endfacet
  facet normal 0 0.943147 0.332377
    outer loop
      vertex 33.5278 15.2466 41.6981
      vertex 23.1389 14.6814 43.3019
      vertex 33.5278 14.6814 43.3019
    endloop
  endfacet
  facet normal 0 0.943147 0.332377
    outer loop
      vertex 23.1389 14.6814 43.3019
      vertex 33.5278 15.2466 41.6981
      vertex 23.1389 15.2466 41.6981
    endloop
  endfacet
  facet normal 0 0.943368 0.331749
    outer loop
      vertex 33.5278 14.6814 43.3019
      vertex 23.1389 14.1174 44.9057
      vertex 33.5278 14.1174 44.9057
    endloop
  endfacet
  facet normal 0 0.943368 0.331749
    outer loop
      vertex 23.1389 14.1174 44.9057
      vertex 33.5278 14.6814 43.3019
      vertex 23.1389 14.6814 43.3019
    endloop
  endfacet
  facet normal 0 0.944645 0.328096
    outer loop
      vertex 33.5278 14.1174 44.9057
      vertex 23.1389 13.5604 46.5094
      vertex 33.5278 13.5604 46.5094
    endloop
  endfacet
  facet normal 0 0.944645 0.328096
    outer loop
      vertex 23.1389 13.5604 46.5094
      vertex 33.5278 14.1174 44.9057
      vertex 23.1389 14.1174 44.9057
    endloop
  endfacet
  facet normal 0 0.946915 0.321484
    outer loop
      vertex 33.5278 13.5604 46.5094
      vertex 23.1389 13.0159 48.1132
      vertex 33.5278 13.0159 48.1132
    endloop
  endfacet
  facet normal 0 0.946915 0.321484
    outer loop
      vertex 23.1389 13.0159 48.1132
      vertex 33.5278 13.5604 46.5094
      vertex 23.1389 13.5604 46.5094
    endloop
  endfacet
  facet normal 0 0.949955 0.312387
    outer loop
      vertex 33.5278 13.0159 48.1132
      vertex 23.1389 12.4885 49.717
      vertex 33.5278 12.4885 49.717
    endloop
  endfacet
  facet normal 0 0.949955 0.312387
    outer loop
      vertex 23.1389 12.4885 49.717
      vertex 33.5278 13.0159 48.1132
      vertex 23.1389 13.0159 48.1132
    endloop
  endfacet
  facet normal 0 0.953588 0.301114
    outer loop
      vertex 33.5278 12.4885 49.717
      vertex 23.1389 11.9821 51.3207
      vertex 33.5278 11.9821 51.3207
    endloop
  endfacet
  facet normal 0 0.953588 0.301114
    outer loop
      vertex 23.1389 11.9821 51.3207
      vertex 33.5278 12.4885 49.717
      vertex 23.1389 12.4885 49.717
    endloop
  endfacet
  facet normal 0 0.957685 0.287819
    outer loop
      vertex 33.5278 11.9821 51.3207
      vertex 23.1389 11.5001 52.9245
      vertex 33.5278 11.5001 52.9245
    endloop
  endfacet
  facet normal 0 0.957685 0.287819
    outer loop
      vertex 23.1389 11.5001 52.9245
      vertex 33.5278 11.9821 51.3207
      vertex 23.1389 11.9821 51.3207
    endloop
  endfacet
  facet normal 0 0.962034 0.27293
    outer loop
      vertex 33.5278 11.5001 52.9245
      vertex 23.1389 11.0451 54.5283
      vertex 33.5278 11.0451 54.5283
    endloop
  endfacet
  facet normal 0 0.962034 0.27293
    outer loop
      vertex 23.1389 11.0451 54.5283
      vertex 33.5278 11.5001 52.9245
      vertex 23.1389 11.5001 52.9245
    endloop
  endfacet
  facet normal 0 0.966457 0.25683
    outer loop
      vertex 33.5278 11.0451 54.5283
      vertex 23.1389 10.6189 56.1321
      vertex 33.5278 10.6189 56.1321
    endloop
  endfacet
  facet normal 0 0.966457 0.25683
    outer loop
      vertex 23.1389 10.6189 56.1321
      vertex 33.5278 11.0451 54.5283
      vertex 23.1389 11.0451 54.5283
    endloop
  endfacet
  facet normal 0 0.970798 0.2399
    outer loop
      vertex 33.5278 10.6189 56.1321
      vertex 23.1389 10.2226 57.7358
      vertex 33.5278 10.2226 57.7358
    endloop
  endfacet
  facet normal 0 0.970798 0.2399
    outer loop
      vertex 23.1389 10.2226 57.7358
      vertex 33.5278 10.6189 56.1321
      vertex 23.1389 10.6189 56.1321
    endloop
  endfacet
  facet normal 0 0.974974 0.22232
    outer loop
      vertex 33.5278 10.2226 57.7358
      vertex 23.1389 9.85689 59.3396
      vertex 33.5278 9.85689 59.3396
    endloop
  endfacet
  facet normal 0 0.974974 0.22232
    outer loop
      vertex 23.1389 9.85689 59.3396
      vertex 33.5278 10.2226 57.7358
      vertex 23.1389 10.2226 57.7358
    endloop
  endfacet
  facet normal 0 0.978841 0.204624
    outer loop
      vertex 33.5278 9.85689 59.3396
      vertex 23.1389 9.52162 60.9434
      vertex 33.5278 9.52162 60.9434
    endloop
  endfacet
  facet normal 0 0.978841 0.204624
    outer loop
      vertex 23.1389 9.52162 60.9434
      vertex 33.5278 9.85689 59.3396
      vertex 23.1389 9.85689 59.3396
    endloop
  endfacet
  facet normal 0 0.982349 0.187056
    outer loop
      vertex 33.5278 9.52162 60.9434
      vertex 23.1389 9.21623 62.5472
      vertex 33.5278 9.21623 62.5472
    endloop
  endfacet
  facet normal 0 0.982349 0.187056
    outer loop
      vertex 23.1389 9.21623 62.5472
      vertex 33.5278 9.52162 60.9434
      vertex 23.1389 9.52162 60.9434
    endloop
  endfacet
  facet normal 0 0.985451 0.169961
    outer loop
      vertex 33.5278 9.21623 62.5472
      vertex 23.1389 8.93964 64.1509
      vertex 33.5278 8.93964 64.1509
    endloop
  endfacet
  facet normal 0 0.985451 0.169961
    outer loop
      vertex 23.1389 8.93964 64.1509
      vertex 33.5278 9.21623 62.5472
      vertex 23.1389 9.21623 62.5472
    endloop
  endfacet
  facet normal 0 0.988134 0.153593
    outer loop
      vertex 33.5278 8.93964 64.1509
      vertex 23.1389 8.69035 65.7547
      vertex 33.5278 8.69035 65.7547
    endloop
  endfacet
  facet normal 0 0.988134 0.153593
    outer loop
      vertex 23.1389 8.69035 65.7547
      vertex 33.5278 8.93964 64.1509
      vertex 23.1389 8.93964 64.1509
    endloop
  endfacet
  facet normal 0 0.990409 0.138168
    outer loop
      vertex 33.5278 8.69035 65.7547
      vertex 23.1389 8.46661 67.3585
      vertex 33.5278 8.46661 67.3585
    endloop
  endfacet
  facet normal 0 0.990409 0.138168
    outer loop
      vertex 23.1389 8.46661 67.3585
      vertex 33.5278 8.69035 65.7547
      vertex 23.1389 8.69035 65.7547
    endloop
  endfacet
  facet normal 0 0.992289 0.123942
    outer loop
      vertex 33.5278 8.46661 67.3585
      vertex 23.1389 8.2663 68.9622
      vertex 33.5278 8.2663 68.9622
    endloop
  endfacet
  facet normal 0 0.992289 0.123942
    outer loop
      vertex 23.1389 8.2663 68.9622
      vertex 33.5278 8.46661 67.3585
      vertex 23.1389 8.46661 67.3585
    endloop
  endfacet
  facet normal 0 0.993822 0.110989
    outer loop
      vertex 33.5278 8.2663 68.9622
      vertex 23.1389 8.08719 70.566
      vertex 33.5278 8.08719 70.566
    endloop
  endfacet
  facet normal 0 0.993822 0.110989
    outer loop
      vertex 23.1389 8.08719 70.566
      vertex 33.5278 8.2663 68.9622
      vertex 23.1389 8.2663 68.9622
    endloop
  endfacet
  facet normal 0 0.995043 0.0994484
    outer loop
      vertex 33.5278 8.08719 70.566
      vertex 23.1389 7.9269 72.1698
      vertex 33.5278 7.9269 72.1698
    endloop
  endfacet
  facet normal 0 0.995043 0.0994484
    outer loop
      vertex 23.1389 7.9269 72.1698
      vertex 33.5278 8.08719 70.566
      vertex 23.1389 8.08719 70.566
    endloop
  endfacet
  facet normal 0 0.995997 0.0893839
    outer loop
      vertex 33.5278 7.9269 72.1698
      vertex 23.1389 7.78297 73.7736
      vertex 33.5278 7.78297 73.7736
    endloop
  endfacet
  facet normal 0 0.995997 0.0893839
    outer loop
      vertex 23.1389 7.78297 73.7736
      vertex 33.5278 7.9269 72.1698
      vertex 23.1389 7.9269 72.1698
    endloop
  endfacet
  facet normal 0 0.996733 0.0807666
    outer loop
      vertex 33.5278 7.78297 73.7736
      vertex 23.1389 7.65302 75.3773
      vertex 33.5278 7.65302 75.3773
    endloop
  endfacet
  facet normal 0 0.996733 0.0807666
    outer loop
      vertex 23.1389 7.65302 75.3773
      vertex 33.5278 7.78297 73.7736
      vertex 23.1389 7.78297 73.7736
    endloop
  endfacet
  facet normal 0 0.997287 0.0736058
    outer loop
      vertex 33.5278 7.65302 75.3773
      vertex 23.1389 7.53465 76.9811
      vertex 33.5278 7.53465 76.9811
    endloop
  endfacet
  facet normal 0 0.997287 0.0736058
    outer loop
      vertex 23.1389 7.53465 76.9811
      vertex 33.5278 7.65302 75.3773
      vertex 23.1389 7.65302 75.3773
    endloop
  endfacet
  facet normal 0 0.997698 0.0678134
    outer loop
      vertex 33.5278 7.53465 76.9811
      vertex 23.1389 7.42564 78.5849
      vertex 33.5278 7.42564 78.5849
    endloop
  endfacet
  facet normal 0 0.997698 0.0678134
    outer loop
      vertex 23.1389 7.42564 78.5849
      vertex 33.5278 7.53465 76.9811
      vertex 23.1389 7.53465 76.9811
    endloop
  endfacet
  facet normal 0 0.997993 0.063322
    outer loop
      vertex 33.5278 7.42564 78.5849
      vertex 23.1389 7.32388 80.1887
      vertex 33.5278 7.32388 80.1887
    endloop
  endfacet
  facet normal 0 0.997993 0.063322
    outer loop
      vertex 23.1389 7.32388 80.1887
      vertex 33.5278 7.42564 78.5849
      vertex 23.1389 7.42564 78.5849
    endloop
  endfacet
  facet normal 0 0.998197 0.0600151
    outer loop
      vertex 33.5278 7.32388 80.1887
      vertex 23.1389 7.22746 81.7924
      vertex 33.5278 7.22746 81.7924
    endloop
  endfacet
  facet normal 0 0.998197 0.0600151
    outer loop
      vertex 23.1389 7.22746 81.7924
      vertex 33.5278 7.32388 80.1887
      vertex 23.1389 7.32388 80.1887
    endloop
  endfacet
  facet normal 0 0.998332 0.0577411
    outer loop
      vertex 33.5278 7.22746 81.7924
      vertex 23.1389 7.1347 83.3962
      vertex 33.5278 7.1347 83.3962
    endloop
  endfacet
  facet normal 0 0.998332 0.0577411
    outer loop
      vertex 23.1389 7.1347 83.3962
      vertex 33.5278 7.22746 81.7924
      vertex 23.1389 7.22746 81.7924
    endloop
  endfacet
  facet normal 0 0.99841 0.0563761
    outer loop
      vertex 33.5278 7.1347 83.3962
      vertex 23.1389 7.04414 85
      vertex 33.5278 7.04414 85
    endloop
  endfacet
  facet normal 0 0.99841 0.0563761
    outer loop
      vertex 23.1389 7.04414 85
      vertex 33.5278 7.1347 83.3962
      vertex 23.1389 7.1347 83.3962
    endloop
  endfacet
  facet normal 0 0.998447 0.0557183
    outer loop
      vertex 33.5278 7.04414 85
      vertex 23.1389 6.95464 86.6038
      vertex 33.5278 6.95464 86.6038
    endloop
  endfacet
  facet normal 0 0.998447 0.0557183
    outer loop
      vertex 23.1389 6.95464 86.6038
      vertex 33.5278 7.04414 85
      vertex 23.1389 7.04414 85
    endloop
  endfacet
  facet normal 0 0.998449 0.0556721
    outer loop
      vertex 33.5278 6.95464 86.6038
      vertex 23.1389 6.86522 88.2075
      vertex 33.5278 6.86522 88.2075
    endloop
  endfacet
  facet normal 0 0.998449 0.0556721
    outer loop
      vertex 23.1389 6.86522 88.2075
      vertex 33.5278 6.95464 86.6038
      vertex 23.1389 6.95464 86.6038
    endloop
  endfacet
  facet normal 0 0.998431 0.0559913
    outer loop
      vertex 33.5278 6.86522 88.2075
      vertex 23.1389 6.77528 89.8113
      vertex 33.5278 6.77528 89.8113
    endloop
  endfacet
  facet normal 0 0.998431 0.0559913
    outer loop
      vertex 23.1389 6.77528 89.8113
      vertex 33.5278 6.86522 88.2075
      vertex 23.1389 6.86522 88.2075
    endloop
  endfacet
  facet normal 0 0.9984 0.0565436
    outer loop
      vertex 33.5278 6.77528 89.8113
      vertex 23.1389 6.68445 91.4151
      vertex 33.5278 6.68445 91.4151
    endloop
  endfacet
  facet normal 0 0.9984 0.0565436
    outer loop
      vertex 23.1389 6.68445 91.4151
      vertex 33.5278 6.77528 89.8113
      vertex 23.1389 6.77528 89.8113
    endloop
  endfacet
  facet normal 0 0.998365 0.0571641
    outer loop
      vertex 33.5278 6.68445 91.4151
      vertex 23.1389 6.59262 93.0189
      vertex 33.5278 6.59262 93.0189
    endloop
  endfacet
  facet normal 0 0.998365 0.0571641
    outer loop
      vertex 23.1389 6.59262 93.0189
      vertex 33.5278 6.68445 91.4151
      vertex 23.1389 6.68445 91.4151
    endloop
  endfacet
  facet normal 0 0.998335 0.0576765
    outer loop
      vertex 33.5278 6.59262 93.0189
      vertex 23.1389 6.49997 94.6226
      vertex 33.5278 6.49997 94.6226
    endloop
  endfacet
  facet normal 0 0.998335 0.0576765
    outer loop
      vertex 23.1389 6.49997 94.6226
      vertex 33.5278 6.59262 93.0189
      vertex 23.1389 6.59262 93.0189
    endloop
  endfacet
  facet normal 0 0.998322 0.0579086
    outer loop
      vertex 33.5278 6.49997 94.6226
      vertex 23.1389 6.40694 96.2264
      vertex 33.5278 6.40694 96.2264
    endloop
  endfacet
  facet normal 0 0.998322 0.0579086
    outer loop
      vertex 23.1389 6.40694 96.2264
      vertex 33.5278 6.49997 94.6226
      vertex 23.1389 6.49997 94.6226
    endloop
  endfacet
  facet normal 0 0.998331 0.0577535
    outer loop
      vertex 33.5278 6.40694 96.2264
      vertex 23.1389 6.31416 97.8302
      vertex 33.5278 6.31416 97.8302
    endloop
  endfacet
  facet normal 0 0.998331 0.0577535
    outer loop
      vertex 23.1389 6.31416 97.8302
      vertex 33.5278 6.40694 96.2264
      vertex 23.1389 6.40694 96.2264
    endloop
  endfacet
  facet normal 0 0.998373 0.0570214
    outer loop
      vertex 33.5278 6.31416 97.8302
      vertex 23.1389 6.22256 99.434
      vertex 33.5278 6.22256 99.434
    endloop
  endfacet
  facet normal 0 0.998373 0.0570214
    outer loop
      vertex 23.1389 6.22256 99.434
      vertex 33.5278 6.31416 97.8302
      vertex 23.1389 6.31416 97.8302
    endloop
  endfacet
  facet normal 0 0.998452 0.0556121
    outer loop
      vertex 33.5278 6.22256 99.434
      vertex 23.1389 6.13322 101.038
      vertex 33.5278 6.13322 101.038
    endloop
  endfacet
  facet normal 0 0.998452 0.0556121
    outer loop
      vertex 23.1389 6.13322 101.038
      vertex 33.5278 6.22256 99.434
      vertex 23.1389 6.22256 99.434
    endloop
  endfacet
  facet normal 0 0.998571 0.0534481
    outer loop
      vertex 33.5278 6.13322 101.038
      vertex 23.1389 6.04742 102.641
      vertex 33.5278 6.04742 102.641
    endloop
  endfacet
  facet normal 0 0.998571 0.0534481
    outer loop
      vertex 23.1389 6.04742 102.641
      vertex 33.5278 6.13322 101.038
      vertex 23.1389 6.13322 101.038
    endloop
  endfacet
  facet normal 0 0.998733 0.0503227
    outer loop
      vertex 33.5278 6.04742 102.641
      vertex 23.1389 5.9666 104.245
      vertex 33.5278 5.9666 104.245
    endloop
  endfacet
  facet normal 0 0.998733 0.0503227
    outer loop
      vertex 23.1389 5.9666 104.245
      vertex 33.5278 6.04742 102.641
      vertex 23.1389 6.04742 102.641
    endloop
  endfacet
  facet normal 0 0.998929 0.0462597
    outer loop
      vertex 33.5278 5.9666 104.245
      vertex 23.1389 5.89232 105.849
      vertex 33.5278 5.89232 105.849
    endloop
  endfacet
  facet normal 0 0.998929 0.0462597
    outer loop
      vertex 23.1389 5.89232 105.849
      vertex 33.5278 5.9666 104.245
      vertex 23.1389 5.9666 104.245
    endloop
  endfacet
  facet normal 0 0.999154 0.0411372
    outer loop
      vertex 33.5278 5.89232 105.849
      vertex 23.1389 5.82628 107.453
      vertex 33.5278 5.82628 107.453
    endloop
  endfacet
  facet normal 0 0.999154 0.0411372
    outer loop
      vertex 23.1389 5.82628 107.453
      vertex 33.5278 5.89232 105.849
      vertex 23.1389 5.89232 105.849
    endloop
  endfacet
  facet normal 0 0.99939 0.0349101
    outer loop
      vertex 33.5278 5.82628 107.453
      vertex 23.1389 5.77025 109.057
      vertex 33.5278 5.77025 109.057
    endloop
  endfacet
  facet normal 0 0.99939 0.0349101
    outer loop
      vertex 23.1389 5.77025 109.057
      vertex 33.5278 5.82628 107.453
      vertex 23.1389 5.82628 107.453
    endloop
  endfacet
  facet normal 0 0.999619 0.0275877
    outer loop
      vertex 33.5278 5.77025 109.057
      vertex 23.1389 5.72601 110.66
      vertex 33.5278 5.72601 110.66
    endloop
  endfacet
  facet normal 0 0.999619 0.0275877
    outer loop
      vertex 23.1389 5.72601 110.66
      vertex 33.5278 5.77025 109.057
      vertex 23.1389 5.77025 109.057
    endloop
  endfacet
  facet normal 0 0.999818 0.0190614
    outer loop
      vertex 33.5278 5.72601 110.66
      vertex 23.1389 5.69543 112.264
      vertex 33.5278 5.69543 112.264
    endloop
  endfacet
  facet normal 0 0.999818 0.0190614
    outer loop
      vertex 23.1389 5.69543 112.264
      vertex 33.5278 5.72601 110.66
      vertex 23.1389 5.72601 110.66
    endloop
  endfacet
  facet normal 0 0.999956 0.00942602
    outer loop
      vertex 33.5278 5.69543 112.264
      vertex 23.1389 5.68031 113.868
      vertex 33.5278 5.68031 113.868
    endloop
  endfacet
  facet normal 0 0.999956 0.00942602
    outer loop
      vertex 23.1389 5.68031 113.868
      vertex 33.5278 5.69543 112.264
      vertex 23.1389 5.69543 112.264
    endloop
  endfacet
  facet normal 0 0.999999 -0.00131546
    outer loop
      vertex 33.5278 5.68031 113.868
      vertex 23.1389 5.68242 115.472
      vertex 33.5278 5.68242 115.472
    endloop
  endfacet
  facet normal 0 0.999999 -0.00131546
    outer loop
      vertex 23.1389 5.68242 115.472
      vertex 33.5278 5.68031 113.868
      vertex 23.1389 5.68031 113.868
    endloop
  endfacet
  facet normal 0 0.999914 -0.013118
    outer loop
      vertex 33.5278 5.68242 115.472
      vertex 23.1389 5.70345 117.075
      vertex 33.5278 5.70345 117.075
    endloop
  endfacet
  facet normal 0 0.999914 -0.013118
    outer loop
      vertex 23.1389 5.70345 117.075
      vertex 33.5278 5.68242 115.472
      vertex 23.1389 5.68242 115.472
    endloop
  endfacet
  facet normal 0 0.999665 -0.0258953
    outer loop
      vertex 33.5278 5.70345 117.075
      vertex 23.1389 5.745 118.679
      vertex 33.5278 5.745 118.679
    endloop
  endfacet
  facet normal 0 0.999665 -0.0258953
    outer loop
      vertex 23.1389 5.745 118.679
      vertex 33.5278 5.70345 117.075
      vertex 23.1389 5.70345 117.075
    endloop
  endfacet
  facet normal 0 0.999217 -0.03957
    outer loop
      vertex 33.5278 5.745 118.679
      vertex 23.1389 5.80852 120.283
      vertex 33.5278 5.80852 120.283
    endloop
  endfacet
  facet normal 0 0.999217 -0.03957
    outer loop
      vertex 23.1389 5.80852 120.283
      vertex 33.5278 5.745 118.679
      vertex 23.1389 5.745 118.679
    endloop
  endfacet
  facet normal 0 0.998539 -0.0540294
    outer loop
      vertex 33.5278 5.80852 120.283
      vertex 23.1389 5.89531 121.887
      vertex 33.5278 5.89531 121.887
    endloop
  endfacet
  facet normal 0 0.998539 -0.0540294
    outer loop
      vertex 23.1389 5.89531 121.887
      vertex 33.5278 5.80852 120.283
      vertex 23.1389 5.80852 120.283
    endloop
  endfacet
  facet normal 0 0.997609 -0.0691174
    outer loop
      vertex 33.5278 5.89531 121.887
      vertex 23.1389 6.00644 123.491
      vertex 33.5278 6.00644 123.491
    endloop
  endfacet
  facet normal 0 0.997609 -0.0691174
    outer loop
      vertex 23.1389 6.00644 123.491
      vertex 33.5278 5.89531 121.887
      vertex 23.1389 5.89531 121.887
    endloop
  endfacet
  facet normal 0 0.996401 -0.0847656
    outer loop
      vertex 33.5278 6.00644 123.491
      vertex 23.1389 6.14281 125.094
      vertex 33.5278 6.14281 125.094
    endloop
  endfacet
  facet normal 0 0.996401 -0.0847656
    outer loop
      vertex 23.1389 6.14281 125.094
      vertex 33.5278 6.00644 123.491
      vertex 23.1389 6.00644 123.491
    endloop
  endfacet
  facet normal 0 0.994924 -0.100628
    outer loop
      vertex 33.5278 6.14281 125.094
      vertex 23.1389 6.30504 126.698
      vertex 33.5278 6.30504 126.698
    endloop
  endfacet
  facet normal 0 0.994924 -0.100628
    outer loop
      vertex 23.1389 6.30504 126.698
      vertex 33.5278 6.14281 125.094
      vertex 23.1389 6.14281 125.094
    endloop
  endfacet
  facet normal 0 0.993168 -0.116691
    outer loop
      vertex 33.5278 6.30504 126.698
      vertex 23.1389 6.4935 128.302
      vertex 33.5278 6.4935 128.302
    endloop
  endfacet
  facet normal 0 0.993168 -0.116691
    outer loop
      vertex 23.1389 6.4935 128.302
      vertex 33.5278 6.30504 126.698
      vertex 23.1389 6.30504 126.698
    endloop
  endfacet
  facet normal 0 0.991151 -0.132736
    outer loop
      vertex 33.5278 6.4935 128.302
      vertex 23.1389 6.70831 129.906
      vertex 33.5278 6.70831 129.906
    endloop
  endfacet
  facet normal 0 0.991151 -0.132736
    outer loop
      vertex 23.1389 6.70831 129.906
      vertex 33.5278 6.4935 128.302
      vertex 23.1389 6.4935 128.302
    endloop
  endfacet
  facet normal 0 0.988887 -0.148672
    outer loop
      vertex 33.5278 6.70831 129.906
      vertex 23.1389 6.94931 131.509
      vertex 33.5278 6.94931 131.509
    endloop
  endfacet
  facet normal 0 0.988887 -0.148672
    outer loop
      vertex 23.1389 6.94931 131.509
      vertex 33.5278 6.70831 129.906
      vertex 23.1389 6.70831 129.906
    endloop
  endfacet
  facet normal 0 0.986461 -0.163996
    outer loop
      vertex 33.5278 6.94931 131.509
      vertex 23.1389 7.21597 133.113
      vertex 33.5278 7.21597 133.113
    endloop
  endfacet
  facet normal 0 0.986461 -0.163996
    outer loop
      vertex 23.1389 7.21597 133.113
      vertex 33.5278 6.94931 131.509
      vertex 23.1389 6.94931 131.509
    endloop
  endfacet
  facet normal 0 0.983874 -0.178864
    outer loop
      vertex 33.5278 7.21597 133.113
      vertex 23.1389 7.50757 134.717
      vertex 33.5278 7.50757 134.717
    endloop
  endfacet
  facet normal 0 0.983874 -0.178864
    outer loop
      vertex 23.1389 7.50757 134.717
      vertex 33.5278 7.21597 133.113
      vertex 23.1389 7.21597 133.113
    endloop
  endfacet
  facet normal 0 0.981207 -0.192956
    outer loop
      vertex 33.5278 7.50757 134.717
      vertex 23.1389 7.823 136.321
      vertex 33.5278 7.823 136.321
    endloop
  endfacet
  facet normal 0 0.981207 -0.192956
    outer loop
      vertex 23.1389 7.823 136.321
      vertex 33.5278 7.50757 134.717
      vertex 23.1389 7.50757 134.717
    endloop
  endfacet
  facet normal 0 0.978527 -0.206119
    outer loop
      vertex 33.5278 7.823 136.321
      vertex 23.1389 8.16087 137.925
      vertex 33.5278 8.16087 137.925
    endloop
  endfacet
  facet normal 0 0.978527 -0.206119
    outer loop
      vertex 23.1389 8.16087 137.925
      vertex 33.5278 7.823 136.321
      vertex 23.1389 7.823 136.321
    endloop
  endfacet
  facet normal 0 0.975868 -0.218362
    outer loop
      vertex 33.5278 8.16087 137.925
      vertex 23.1389 8.51956 139.528
      vertex 33.5278 8.51956 139.528
    endloop
  endfacet
  facet normal 0 0.975868 -0.218362
    outer loop
      vertex 23.1389 8.51956 139.528
      vertex 33.5278 8.16087 137.925
      vertex 23.1389 8.16087 137.925
    endloop
  endfacet
  facet normal 0 0.973398 -0.229119
    outer loop
      vertex 33.5278 8.51956 139.528
      vertex 23.1389 8.89711 141.132
      vertex 33.5278 8.89711 141.132
    endloop
  endfacet
  facet normal 0 0.973398 -0.229119
    outer loop
      vertex 23.1389 8.89711 141.132
      vertex 33.5278 8.51956 139.528
      vertex 23.1389 8.51956 139.528
    endloop
  endfacet
  facet normal 0 0.971106 -0.238648
    outer loop
      vertex 33.5278 8.89711 141.132
      vertex 23.1389 9.29129 142.736
      vertex 33.5278 9.29129 142.736
    endloop
  endfacet
  facet normal 0 0.971106 -0.238648
    outer loop
      vertex 23.1389 9.29129 142.736
      vertex 33.5278 8.89711 141.132
      vertex 23.1389 8.89711 141.132
    endloop
  endfacet
  facet normal 0 0.969087 -0.246718
    outer loop
      vertex 33.5278 9.29129 142.736
      vertex 23.1389 9.69965 144.34
      vertex 33.5278 9.69965 144.34
    endloop
  endfacet
  facet normal 0 0.969087 -0.246718
    outer loop
      vertex 23.1389 9.69965 144.34
      vertex 33.5278 9.29129 142.736
      vertex 23.1389 9.29129 142.736
    endloop
  endfacet
  facet normal 0 0.96737 -0.253369
    outer loop
      vertex 33.5278 9.69965 144.34
      vertex 23.1389 10.1195 145.943
      vertex 33.5278 10.1195 145.943
    endloop
  endfacet
  facet normal 0 0.96737 -0.253369
    outer loop
      vertex 23.1389 10.1195 145.943
      vertex 33.5278 9.69965 144.34
      vertex 23.1389 9.69965 144.34
    endloop
  endfacet
  facet normal 0 0.966135 -0.258038
    outer loop
      vertex 33.5278 10.1195 145.943
      vertex 23.1389 10.5479 147.547
      vertex 33.5278 10.5479 147.547
    endloop
  endfacet
  facet normal 0 0.966135 -0.258038
    outer loop
      vertex 23.1389 10.5479 147.547
      vertex 33.5278 10.1195 145.943
      vertex 23.1389 10.1195 145.943
    endloop
  endfacet
  facet normal 0 0.96529 -0.261182
    outer loop
      vertex 33.5278 10.5479 147.547
      vertex 23.1389 10.9819 149.151
      vertex 33.5278 10.9819 149.151
    endloop
  endfacet
  facet normal 0 0.96529 -0.261182
    outer loop
      vertex 23.1389 10.9819 149.151
      vertex 33.5278 10.5479 147.547
      vertex 23.1389 10.5479 147.547
    endloop
  endfacet
  facet normal 0 0.96497 -0.262359
    outer loop
      vertex 33.5278 10.9819 149.151
      vertex 23.1389 11.418 150.755
      vertex 33.5278 11.418 150.755
    endloop
  endfacet
  facet normal 0 0.96497 -0.262359
    outer loop
      vertex 23.1389 11.418 150.755
      vertex 33.5278 10.9819 149.151
      vertex 23.1389 10.9819 149.151
    endloop
  endfacet
  facet normal 0 0.965081 -0.261951
    outer loop
      vertex 33.5278 11.418 150.755
      vertex 23.1389 11.8531 152.358
      vertex 33.5278 11.8531 152.358
    endloop
  endfacet
  facet normal 0 0.965081 -0.261951
    outer loop
      vertex 23.1389 11.8531 152.358
      vertex 33.5278 11.418 150.755
      vertex 23.1389 11.418 150.755
    endloop
  endfacet
  facet normal 0 0.965804 -0.259274
    outer loop
      vertex 33.5278 11.8531 152.358
      vertex 23.1389 12.2837 153.962
      vertex 33.5278 12.2837 153.962
    endloop
  endfacet
  facet normal 0 0.965804 -0.259274
    outer loop
      vertex 23.1389 12.2837 153.962
      vertex 33.5278 11.8531 152.358
      vertex 23.1389 11.8531 152.358
    endloop
  endfacet
  facet normal 0 0.967031 -0.254659
    outer loop
      vertex 33.5278 12.2837 153.962
      vertex 23.1389 12.7061 155.566
      vertex 33.5278 12.7061 155.566
    endloop
  endfacet
  facet normal 0 0.967031 -0.254659
    outer loop
      vertex 23.1389 12.7061 155.566
      vertex 33.5278 12.2837 153.962
      vertex 23.1389 12.2837 153.962
    endloop
  endfacet
  facet normal 0 0.968719 -0.248159
    outer loop
      vertex 33.5278 12.7061 155.566
      vertex 23.1389 13.117 157.17
      vertex 33.5278 13.117 157.17
    endloop
  endfacet
  facet normal 0 0.968719 -0.248159
    outer loop
      vertex 23.1389 13.117 157.17
      vertex 33.5278 12.7061 155.566
      vertex 23.1389 12.7061 155.566
    endloop
  endfacet
  facet normal 0 0.970907 -0.239458
    outer loop
      vertex 33.5278 13.117 157.17
      vertex 23.1389 13.5126 158.774
      vertex 33.5278 13.5126 158.774
    endloop
  endfacet
  facet normal 0 0.970907 -0.239458
    outer loop
      vertex 23.1389 13.5126 158.774
      vertex 33.5278 13.117 157.17
      vertex 23.1389 13.117 157.17
    endloop
  endfacet
  facet normal 0 0.973441 -0.228938
    outer loop
      vertex 33.5278 13.5126 158.774
      vertex 23.1389 13.8896 160.377
      vertex 33.5278 13.8896 160.377
    endloop
  endfacet
  facet normal 0 0.973441 -0.228938
    outer loop
      vertex 23.1389 13.8896 160.377
      vertex 33.5278 13.5126 158.774
      vertex 23.1389 13.5126 158.774
    endloop
  endfacet
  facet normal 0 0.976386 -0.216034
    outer loop
      vertex 33.5278 13.8896 160.377
      vertex 23.1389 14.2445 161.981
      vertex 33.5278 14.2445 161.981
    endloop
  endfacet
  facet normal 0 0.976386 -0.216034
    outer loop
      vertex 23.1389 14.2445 161.981
      vertex 33.5278 13.8896 160.377
      vertex 23.1389 13.8896 160.377
    endloop
  endfacet
  facet normal 0 0.979546 -0.201222
    outer loop
      vertex 33.5278 14.2445 161.981
      vertex 23.1389 14.574 163.585
      vertex 33.5278 14.574 163.585
    endloop
  endfacet
  facet normal 0 0.979546 -0.201222
    outer loop
      vertex 23.1389 14.574 163.585
      vertex 33.5278 14.2445 161.981
      vertex 23.1389 14.2445 161.981
    endloop
  endfacet
  facet normal 0 0.982867 -0.184318
    outer loop
      vertex 33.5278 14.574 163.585
      vertex 23.1389 14.8748 165.189
      vertex 33.5278 14.8748 165.189
    endloop
  endfacet
  facet normal 0 0.982867 -0.184318
    outer loop
      vertex 23.1389 14.8748 165.189
      vertex 33.5278 14.574 163.585
      vertex 23.1389 14.574 163.585
    endloop
  endfacet
  facet normal 0 0.98619 -0.165616
    outer loop
      vertex 33.5278 14.8748 165.189
      vertex 23.1389 15.144 166.792
      vertex 33.5278 15.144 166.792
    endloop
  endfacet
  facet normal 0 0.98619 -0.165616
    outer loop
      vertex 23.1389 15.144 166.792
      vertex 33.5278 14.8748 165.189
      vertex 23.1389 14.8748 165.189
    endloop
  endfacet
  facet normal 0 0.989446 -0.144901
    outer loop
      vertex 33.5278 15.144 166.792
      vertex 23.1389 15.3789 168.396
      vertex 33.5278 15.3789 168.396
    endloop
  endfacet
  facet normal 0 0.989446 -0.144901
    outer loop
      vertex 23.1389 15.3789 168.396
      vertex 33.5278 15.144 166.792
      vertex 23.1389 15.144 166.792
    endloop
  endfacet
  facet normal 0 0.992475 -0.122451
    outer loop
      vertex 33.5278 15.3789 168.396
      vertex 23.1389 15.5768 170
      vertex 33.5278 15.5768 170
    endloop
  endfacet
  facet normal 0 0.992475 -0.122451
    outer loop
      vertex 23.1389 15.5768 170
      vertex 33.5278 15.3789 168.396
      vertex 23.1389 15.3789 168.396
    endloop
  endfacet
  facet normal 0 0.900206 -0.435464
    outer loop
      vertex 33.5278 12.7448 0
      vertex 23.1389 13.5206 1.60376
      vertex 33.5278 13.5206 1.60376
    endloop
  endfacet
  facet normal 0 0.900206 -0.435464
    outer loop
      vertex 23.1389 13.5206 1.60376
      vertex 33.5278 12.7448 0
      vertex 23.1389 12.7448 0
    endloop
  endfacet
  facet normal -1 0 0
    outer loop
      vertex 42.0278 0 0
      vertex 42.0278 19.1633 11.2264
      vertex 42.0278 19.0964 9.62263
    endloop
  endfacet
  facet normal -1 -0 0
    outer loop
      vertex 42.0278 19.1633 11.2264
      vertex 42.0278 0 0
      vertex 42.0278 19.1257 12.8302
    endloop
  endfacet
  facet normal -1 0 0
    outer loop
      vertex 42.0278 0 0
      vertex 42.0278 19.0964 9.62263
      vertex 42.0278 18.9252 8.01886
    endloop
  endfacet
  facet normal -1 -0 0
    outer loop
      vertex 42.0278 19.1257 12.8302
      vertex 42.0278 0 0
      vertex 42.0278 18.9853 14.434
    endloop
  endfacet
  facet normal -1 0 0
    outer loop
      vertex 42.0278 0 0
      vertex 42.0278 18.9252 8.01886
      vertex 42.0278 18.652 6.41508
    endloop
  endfacet
  facet normal -1 -0 0
    outer loop
      vertex 42.0278 18.9853 14.434
      vertex 42.0278 0 0
      vertex 42.0278 18.7455 16.0377
    endloop
  endfacet
  facet normal -1 0 0
    outer loop
      vertex 42.0278 0 0
      vertex 42.0278 18.652 6.41508
      vertex 42.0278 18.2811 4.81131
    endloop
  endfacet
  facet normal -1 -0 0
    outer loop
      vertex 42.0278 18.7455 16.0377
      vertex 42.0278 0 0
      vertex 42.0278 18.4116 17.6415
    endloop
  endfacet
  facet normal -1 0 0
    outer loop
      vertex 42.0278 0 0
      vertex 42.0278 18.2811 4.81131
      vertex 42.0278 17.8185 3.20753
    endloop
  endfacet
  facet normal -1 -0 0
    outer loop
      vertex 42.0278 18.4116 17.6415
      vertex 42.0278 0 0
      vertex 42.0278 17.9907 19.2453
    endloop
  endfacet
  facet normal -1 0 0
    outer loop
      vertex 42.0278 0 0
      vertex 42.0278 17.8185 3.20753
      vertex 42.0278 17.2723 1.60376
    endloop
  endfacet
  facet normal -1 -0 0
    outer loop
      vertex 42.0278 17.9907 19.2453
      vertex 42.0278 0 0
      vertex 42.0278 17.4911 20.849
    endloop
  endfacet
  facet normal -1 0 0
    outer loop
      vertex 42.0278 0 0
      vertex 42.0278 17.2723 1.60376
      vertex 42.0278 16.6519 0
    endloop
  endfacet
  facet normal -1 -0 0
    outer loop
      vertex 42.0278 17.4911 20.849
      vertex 42.0278 0 0
      vertex 42.0278 16.9225 22.4528
    endloop
  endfacet
  facet normal -1 -0 0
    outer loop
      vertex 42.0278 16.9225 22.4528
      vertex 42.0278 0 0
      vertex 42.0278 16.2956 24.0566
    endloop
  endfacet
  facet normal -1 -0 0
    outer loop
      vertex 42.0278 16.2956 24.0566
      vertex 42.0278 0 0
      vertex 42.0278 15.6219 25.6604
    endloop
  endfacet
  facet normal -1 -0 0
    outer loop
      vertex 42.0278 15.6219 25.6604
      vertex 42.0278 0 0
      vertex 42.0278 14.9134 27.2641
    endloop
  endfacet
  facet normal -1 -0 0
    outer loop
      vertex 42.0278 14.9134 27.2641
      vertex 42.0278 0 0
      vertex 42.0278 14.1823 28.8679
    endloop
  endfacet
  facet normal -1 -0 0
    outer loop
      vertex 42.0278 14.1823 28.8679
      vertex 42.0278 0 0
      vertex 42.0278 13.4411 30.4717
    endloop
  endfacet
  facet normal -1 -0 0
    outer loop
      vertex 42.0278 13.4411 30.4717
      vertex 42.0278 0 0
      vertex 42.0278 12.7018 32.0755
    endloop
  endfacet
  facet normal -1 -0 0
    outer loop
      vertex 42.0278 12.7018 32.0755
      vertex 42.0278 0 0
      vertex 42.0278 11.9761 33.6792
    endloop
  endfacet
  facet normal -1 -0 0
    outer loop
      vertex 42.0278 11.9761 33.6792
      vertex 42.0278 0 0
      vertex 42.0278 11.2747 35.283
    endloop
  endfacet
  facet normal -1 -0 0
    outer loop
      vertex 42.0278 11.2747 35.283
      vertex 42.0278 0 0
      vertex 42.0278 10.6079 36.8868
    endloop
  endfacet
  facet normal -1 -0 0
    outer loop
      vertex 42.0278 10.6079 36.8868
      vertex 42.0278 0 0
      vertex 42.0278 9.98444 38.4906
    endloop
  endfacet
  facet normal -1 -0 0
    outer loop
      vertex 42.0278 9.98444 38.4906
      vertex 42.0278 0 0
      vertex 42.0278 9.41216 40.0943
    endloop
  endfacet
  facet normal -1 -0 0
    outer loop
      vertex 42.0278 9.41216 40.0943
      vertex 42.0278 0 0
      vertex 42.0278 8.89746 41.6981
    endloop
  endfacet
  facet normal -1 -0 0
    outer loop
      vertex 42.0278 8.89746 41.6981
      vertex 42.0278 0 0
      vertex 42.0278 8.44534 43.3019
    endloop
  endfacet
  facet normal -1 -0 0
    outer loop
      vertex 42.0278 8.44534 43.3019
      vertex 42.0278 0 0
      vertex 42.0278 8.05937 44.9057
    endloop
  endfacet
  facet normal -1 0 0
    outer loop
      vertex 42.0278 7.47482 59.3396
      vertex 42.0278 6.82788 118.679
      vertex 42.0278 7.04005 117.075
    endloop
  endfacet
  facet normal -1 0 0
    outer loop
      vertex 42.0278 7.15393 54.5283
      vertex 42.0278 6.63902 120.283
      vertex 42.0278 6.82788 118.679
    endloop
  endfacet
  facet normal -1 0 0
    outer loop
      vertex 42.0278 7.15393 54.5283
      vertex 42.0278 6.47726 121.887
      vertex 42.0278 6.63902 120.283
    endloop
  endfacet
  facet normal -1 -0 0
    outer loop
      vertex 42.0278 7.15393 54.5283
      vertex 42.0278 0 0
      vertex 42.0278 6.47726 121.887
    endloop
  endfacet
  facet normal -1 -0 0
    outer loop
      vertex 42.0278 6.47726 121.887
      vertex 42.0278 0 0
      vertex 42.0278 6.34612 123.491
    endloop
  endfacet
  facet normal -1 0 0
    outer loop
      vertex 42.0278 0 170
      vertex 42.0278 6.34612 123.491
      vertex 42.0278 0 0
    endloop
  endfacet
  facet normal -1 0 0
    outer loop
      vertex 42.0278 6.34612 123.491
      vertex 42.0278 0 170
      vertex 42.0278 6.24881 125.094
    endloop
  endfacet
  facet normal -1 0 0
    outer loop
      vertex 42.0278 6.24881 125.094
      vertex 42.0278 0 170
      vertex 42.0278 6.18816 126.698
    endloop
  endfacet
  facet normal -1 -0 0
    outer loop
      vertex 42.0278 7.19783 51.3207
      vertex 42.0278 0 0
      vertex 42.0278 7.14647 52.9245
    endloop
  endfacet
  facet normal -1 -0 0
    outer loop
      vertex 42.0278 7.31223 49.717
      vertex 42.0278 0 0
      vertex 42.0278 7.19783 51.3207
    endloop
  endfacet
  facet normal -1 -0 0
    outer loop
      vertex 42.0278 7.49284 48.1132
      vertex 42.0278 0 0
      vertex 42.0278 7.31223 49.717
    endloop
  endfacet
  facet normal -1 -0 0
    outer loop
      vertex 42.0278 7.74165 46.5094
      vertex 42.0278 0 0
      vertex 42.0278 7.49284 48.1132
    endloop
  endfacet
  facet normal -1 -0 0
    outer loop
      vertex 42.0278 8.05937 44.9057
      vertex 42.0278 0 0
      vertex 42.0278 7.74165 46.5094
    endloop
  endfacet
  facet normal -1 0 0
    outer loop
      vertex 42.0278 10.5472 85
      vertex 42.0278 10.5661 88.2075
      vertex 42.0278 10.5714 86.6038
    endloop
  endfacet
  facet normal -1 0 0
    outer loop
      vertex 42.0278 10.5472 85
      vertex 42.0278 10.5316 89.8113
      vertex 42.0278 10.5661 88.2075
    endloop
  endfacet
  facet normal -1 0 0
    outer loop
      vertex 42.0278 10.4933 83.3962
      vertex 42.0278 10.5316 89.8113
      vertex 42.0278 10.5472 85
    endloop
  endfacet
  facet normal -1 0 0
    outer loop
      vertex 42.0278 10.4933 83.3962
      vertex 42.0278 10.4685 91.4151
      vertex 42.0278 10.5316 89.8113
    endloop
  endfacet
  facet normal -1 0 0
    outer loop
      vertex 42.0278 10.4102 81.7924
      vertex 42.0278 10.4685 91.4151
      vertex 42.0278 10.4933 83.3962
    endloop
  endfacet
  facet normal -1 0 0
    outer loop
      vertex 42.0278 10.4102 81.7924
      vertex 42.0278 10.3777 93.0189
      vertex 42.0278 10.4685 91.4151
    endloop
  endfacet
  facet normal -1 0 0
    outer loop
      vertex 42.0278 10.2984 80.1887
      vertex 42.0278 10.3777 93.0189
      vertex 42.0278 10.4102 81.7924
    endloop
  endfacet
  facet normal -1 0 0
    outer loop
      vertex 42.0278 10.2984 80.1887
      vertex 42.0278 10.2602 94.6226
      vertex 42.0278 10.3777 93.0189
    endloop
  endfacet
  facet normal -1 0 0
    outer loop
      vertex 42.0278 10.1589 78.5849
      vertex 42.0278 10.2602 94.6226
      vertex 42.0278 10.2984 80.1887
    endloop
  endfacet
  facet normal -1 0 0
    outer loop
      vertex 42.0278 10.1589 78.5849
      vertex 42.0278 10.1173 96.2264
      vertex 42.0278 10.2602 94.6226
    endloop
  endfacet
  facet normal -1 0 0
    outer loop
      vertex 42.0278 9.99339 76.9811
      vertex 42.0278 10.1173 96.2264
      vertex 42.0278 10.1589 78.5849
    endloop
  endfacet
  facet normal -1 0 0
    outer loop
      vertex 42.0278 9.99339 76.9811
      vertex 42.0278 9.95073 97.8302
      vertex 42.0278 10.1173 96.2264
    endloop
  endfacet
  facet normal -1 0 0
    outer loop
      vertex 42.0278 9.80388 75.3773
      vertex 42.0278 9.95073 97.8302
      vertex 42.0278 9.99339 76.9811
    endloop
  endfacet
  facet normal -1 0 0
    outer loop
      vertex 42.0278 9.80388 75.3773
      vertex 42.0278 9.76215 99.434
      vertex 42.0278 9.95073 97.8302
    endloop
  endfacet
  facet normal -1 0 0
    outer loop
      vertex 42.0278 9.59303 73.7736
      vertex 42.0278 9.76215 99.434
      vertex 42.0278 9.80388 75.3773
    endloop
  endfacet
  facet normal -1 0 0
    outer loop
      vertex 42.0278 9.59303 73.7736
      vertex 42.0278 9.55371 101.038
      vertex 42.0278 9.76215 99.434
    endloop
  endfacet
  facet normal -1 0 0
    outer loop
      vertex 42.0278 9.36415 72.1698
      vertex 42.0278 9.55371 101.038
      vertex 42.0278 9.59303 73.7736
    endloop
  endfacet
  facet normal -1 0 0
    outer loop
      vertex 42.0278 9.36415 72.1698
      vertex 42.0278 9.32779 102.641
      vertex 42.0278 9.55371 101.038
    endloop
  endfacet
  facet normal -1 0 0
    outer loop
      vertex 42.0278 9.12114 70.566
      vertex 42.0278 9.32779 102.641
      vertex 42.0278 9.36415 72.1698
    endloop
  endfacet
  facet normal -1 0 0
    outer loop
      vertex 42.0278 9.12114 70.566
      vertex 42.0278 9.08708 104.245
      vertex 42.0278 9.32779 102.641
    endloop
  endfacet
  facet normal -1 0 0
    outer loop
      vertex 42.0278 8.86858 68.9622
      vertex 42.0278 9.08708 104.245
      vertex 42.0278 9.12114 70.566
    endloop
  endfacet
  facet normal -1 0 0
    outer loop
      vertex 42.0278 8.86858 68.9622
      vertex 42.0278 8.83459 105.849
      vertex 42.0278 9.08708 104.245
    endloop
  endfacet
  facet normal -1 0 0
    outer loop
      vertex 42.0278 8.61159 67.3585
      vertex 42.0278 8.83459 105.849
      vertex 42.0278 8.86858 68.9622
    endloop
  endfacet
  facet normal -1 0 0
    outer loop
      vertex 42.0278 8.61159 67.3585
      vertex 42.0278 8.57356 107.453
      vertex 42.0278 8.83459 105.849
    endloop
  endfacet
  facet normal -1 0 0
    outer loop
      vertex 42.0278 8.35588 65.7547
      vertex 42.0278 8.57356 107.453
      vertex 42.0278 8.61159 67.3585
    endloop
  endfacet
  facet normal -1 0 0
    outer loop
      vertex 42.0278 8.35588 65.7547
      vertex 42.0278 8.30756 109.057
      vertex 42.0278 8.57356 107.453
    endloop
  endfacet
  facet normal -1 0 0
    outer loop
      vertex 42.0278 8.10767 64.1509
      vertex 42.0278 8.30756 109.057
      vertex 42.0278 8.35588 65.7547
    endloop
  endfacet
  facet normal -1 0 0
    outer loop
      vertex 42.0278 8.10767 64.1509
      vertex 42.0278 8.04033 110.66
      vertex 42.0278 8.30756 109.057
    endloop
  endfacet
  facet normal -1 0 0
    outer loop
      vertex 42.0278 7.77583 112.264
      vertex 42.0278 8.10767 64.1509
      vertex 42.0278 7.8735 62.5472
    endloop
  endfacet
  facet normal -1 0 0
    outer loop
      vertex 42.0278 8.10767 64.1509
      vertex 42.0278 7.77583 112.264
      vertex 42.0278 8.04033 110.66
    endloop
  endfacet
  facet normal -1 0 0
    outer loop
      vertex 42.0278 7.51819 113.868
      vertex 42.0278 7.8735 62.5472
      vertex 42.0278 7.66023 60.9434
    endloop
  endfacet
  facet normal -1 0 0
    outer loop
      vertex 42.0278 7.8735 62.5472
      vertex 42.0278 7.51819 113.868
      vertex 42.0278 7.77583 112.264
    endloop
  endfacet
  facet normal -1 0 0
    outer loop
      vertex 42.0278 7.04005 117.075
      vertex 42.0278 7.66023 60.9434
      vertex 42.0278 7.47482 59.3396
    endloop
  endfacet
  facet normal -1 0 0
    outer loop
      vertex 42.0278 6.82788 118.679
      vertex 42.0278 7.47482 59.3396
      vertex 42.0278 7.3242 57.7358
    endloop
  endfacet
  facet normal -1 0 0
    outer loop
      vertex 42.0278 7.66023 60.9434
      vertex 42.0278 7.27153 115.472
      vertex 42.0278 7.51819 113.868
    endloop
  endfacet
  facet normal -1 0 0
    outer loop
      vertex 42.0278 6.82788 118.679
      vertex 42.0278 7.3242 57.7358
      vertex 42.0278 7.21512 56.1321
    endloop
  endfacet
  facet normal -1 0 0
    outer loop
      vertex 42.0278 6.82788 118.679
      vertex 42.0278 7.21512 56.1321
      vertex 42.0278 7.15393 54.5283
    endloop
  endfacet
  facet normal -1 0 0
    outer loop
      vertex 42.0278 0 0
      vertex 42.0278 7.15393 54.5283
      vertex 42.0278 7.14647 52.9245
    endloop
  endfacet
  facet normal -1 0 0
    outer loop
      vertex 42.0278 7.66023 60.9434
      vertex 42.0278 7.04005 117.075
      vertex 42.0278 7.27153 115.472
    endloop
  endfacet
  facet normal -1 0 0
    outer loop
      vertex 42.0278 0 170
      vertex 42.0278 15.6249 168.396
      vertex 42.0278 15.1967 166.792
    endloop
  endfacet
  facet normal -1 0 0
    outer loop
      vertex 42.0278 0 170
      vertex 42.0278 15.1967 166.792
      vertex 42.0278 14.7408 165.189
    endloop
  endfacet
  facet normal -1 0 0
    outer loop
      vertex 42.0278 0 170
      vertex 42.0278 14.7408 165.189
      vertex 42.0278 14.2613 163.585
    endloop
  endfacet
  facet normal -1 0 0
    outer loop
      vertex 42.0278 0 170
      vertex 42.0278 14.2613 163.585
      vertex 42.0278 13.7622 161.981
    endloop
  endfacet
  facet normal -1 0 0
    outer loop
      vertex 42.0278 0 170
      vertex 42.0278 13.7622 161.981
      vertex 42.0278 13.2478 160.377
    endloop
  endfacet
  facet normal -1 0 0
    outer loop
      vertex 42.0278 0 170
      vertex 42.0278 13.2478 160.377
      vertex 42.0278 12.7227 158.774
    endloop
  endfacet
  facet normal -1 0 0
    outer loop
      vertex 42.0278 0 170
      vertex 42.0278 12.7227 158.774
      vertex 42.0278 12.1914 157.17
    endloop
  endfacet
  facet normal -1 0 0
    outer loop
      vertex 42.0278 0 170
      vertex 42.0278 12.1914 157.17
      vertex 42.0278 11.6585 155.566
    endloop
  endfacet
  facet normal -1 0 0
    outer loop
      vertex 42.0278 0 170
      vertex 42.0278 11.6585 155.566
      vertex 42.0278 11.1287 153.962
    endloop
  endfacet
  facet normal -1 0 0
    outer loop
      vertex 42.0278 0 170
      vertex 42.0278 11.1287 153.962
      vertex 42.0278 10.6064 152.358
    endloop
  endfacet
  facet normal -1 0 0
    outer loop
      vertex 42.0278 0 170
      vertex 42.0278 10.6064 152.358
      vertex 42.0278 10.0962 150.755
    endloop
  endfacet
  facet normal -1 0 0
    outer loop
      vertex 42.0278 6.18816 126.698
      vertex 42.0278 0 170
      vertex 42.0278 6.16655 128.302
    endloop
  endfacet
  facet normal -1 0 0
    outer loop
      vertex 42.0278 6.16655 128.302
      vertex 42.0278 0 170
      vertex 42.0278 6.18588 129.906
    endloop
  endfacet
  facet normal -1 0 0
    outer loop
      vertex 42.0278 15.6249 168.396
      vertex 42.0278 0 170
      vertex 42.0278 16.0216 170
    endloop
  endfacet
  facet normal -1 0 0
    outer loop
      vertex 42.0278 9.60248 149.151
      vertex 42.0278 0 170
      vertex 42.0278 10.0962 150.755
    endloop
  endfacet
  facet normal -1 0 0
    outer loop
      vertex 42.0278 9.12947 147.547
      vertex 42.0278 0 170
      vertex 42.0278 9.60248 149.151
    endloop
  endfacet
  facet normal -1 0 0
    outer loop
      vertex 42.0278 8.68112 145.943
      vertex 42.0278 0 170
      vertex 42.0278 9.12947 147.547
    endloop
  endfacet
  facet normal -1 0 0
    outer loop
      vertex 42.0278 8.26115 144.34
      vertex 42.0278 0 170
      vertex 42.0278 8.68112 145.943
    endloop
  endfacet
  facet normal -1 0 0
    outer loop
      vertex 42.0278 7.873 142.736
      vertex 42.0278 0 170
      vertex 42.0278 8.26115 144.34
    endloop
  endfacet
  facet normal -1 0 0
    outer loop
      vertex 42.0278 7.51968 141.132
      vertex 42.0278 0 170
      vertex 42.0278 7.873 142.736
    endloop
  endfacet
  facet normal -1 0 0
    outer loop
      vertex 42.0278 7.20387 139.528
      vertex 42.0278 0 170
      vertex 42.0278 7.51968 141.132
    endloop
  endfacet
  facet normal -1 0 0
    outer loop
      vertex 42.0278 6.92775 137.925
      vertex 42.0278 0 170
      vertex 42.0278 7.20387 139.528
    endloop
  endfacet
  facet normal -1 0 0
    outer loop
      vertex 42.0278 6.69308 136.321
      vertex 42.0278 0 170
      vertex 42.0278 6.92775 137.925
    endloop
  endfacet
  facet normal -1 0 0
    outer loop
      vertex 42.0278 6.50111 134.717
      vertex 42.0278 0 170
      vertex 42.0278 6.69308 136.321
    endloop
  endfacet
  facet normal -1 0 0
    outer loop
      vertex 42.0278 6.35255 133.113
      vertex 42.0278 0 170
      vertex 42.0278 6.50111 134.717
    endloop
  endfacet
  facet normal -1 0 0
    outer loop
      vertex 42.0278 6.24759 131.509
      vertex 42.0278 0 170
      vertex 42.0278 6.35255 133.113
    endloop
  endfacet
  facet normal -1 0 0
    outer loop
      vertex 42.0278 6.18588 129.906
      vertex 42.0278 0 170
      vertex 42.0278 6.24759 131.509
    endloop
  endfacet
  facet normal 1 -0 0
    outer loop
      vertex 52.4167 0 170
      vertex 52.4167 15.6249 168.396
      vertex 52.4167 16.0216 170
    endloop
  endfacet
  facet normal 1 0 0
    outer loop
      vertex 52.4167 15.6249 168.396
      vertex 52.4167 0 170
      vertex 52.4167 15.1967 166.792
    endloop
  endfacet
  facet normal 1 0 0
    outer loop
      vertex 52.4167 15.1967 166.792
      vertex 52.4167 0 170
      vertex 52.4167 14.7408 165.189
    endloop
  endfacet
  facet normal 1 0 0
    outer loop
      vertex 52.4167 14.7408 165.189
      vertex 52.4167 0 170
      vertex 52.4167 14.2613 163.585
    endloop
  endfacet
  facet normal 1 0 0
    outer loop
      vertex 52.4167 14.2613 163.585
      vertex 52.4167 0 170
      vertex 52.4167 13.7622 161.981
    endloop
  endfacet
  facet normal 1 0 0
    outer loop
      vertex 52.4167 13.7622 161.981
      vertex 52.4167 0 170
      vertex 52.4167 13.2478 160.377
    endloop
  endfacet
  facet normal 1 0 0
    outer loop
      vertex 52.4167 13.2478 160.377
      vertex 52.4167 0 170
      vertex 52.4167 12.7227 158.774
    endloop
  endfacet
  facet normal 1 0 0
    outer loop
      vertex 52.4167 12.7227 158.774
      vertex 52.4167 0 170
      vertex 52.4167 12.1914 157.17
    endloop
  endfacet
  facet normal 1 0 0
    outer loop
      vertex 52.4167 12.1914 157.17
      vertex 52.4167 0 170
      vertex 52.4167 11.6585 155.566
    endloop
  endfacet
  facet normal 1 0 0
    outer loop
      vertex 52.4167 11.6585 155.566
      vertex 52.4167 0 170
      vertex 52.4167 11.1287 153.962
    endloop
  endfacet
  facet normal 1 0 0
    outer loop
      vertex 52.4167 11.1287 153.962
      vertex 52.4167 0 170
      vertex 52.4167 10.6064 152.358
    endloop
  endfacet
  facet normal 1 0 0
    outer loop
      vertex 52.4167 6.18588 129.906
      vertex 52.4167 0 170
      vertex 52.4167 6.16655 128.302
    endloop
  endfacet
  facet normal 1 0 0
    outer loop
      vertex 52.4167 6.24759 131.509
      vertex 52.4167 0 170
      vertex 52.4167 6.18588 129.906
    endloop
  endfacet
  facet normal 1 0 0
    outer loop
      vertex 52.4167 6.35255 133.113
      vertex 52.4167 0 170
      vertex 52.4167 6.24759 131.509
    endloop
  endfacet
  facet normal 1 0 0
    outer loop
      vertex 52.4167 6.50111 134.717
      vertex 52.4167 0 170
      vertex 52.4167 6.35255 133.113
    endloop
  endfacet
  facet normal 1 0 0
    outer loop
      vertex 52.4167 6.69308 136.321
      vertex 52.4167 0 170
      vertex 52.4167 6.50111 134.717
    endloop
  endfacet
  facet normal 1 0 0
    outer loop
      vertex 52.4167 6.92775 137.925
      vertex 52.4167 0 170
      vertex 52.4167 6.69308 136.321
    endloop
  endfacet
  facet normal 1 0 0
    outer loop
      vertex 52.4167 7.20387 139.528
      vertex 52.4167 0 170
      vertex 52.4167 6.92775 137.925
    endloop
  endfacet
  facet normal 1 0 0
    outer loop
      vertex 52.4167 7.51968 141.132
      vertex 52.4167 0 170
      vertex 52.4167 7.20387 139.528
    endloop
  endfacet
  facet normal 1 0 0
    outer loop
      vertex 52.4167 7.873 142.736
      vertex 52.4167 0 170
      vertex 52.4167 7.51968 141.132
    endloop
  endfacet
  facet normal 1 0 0
    outer loop
      vertex 52.4167 8.26115 144.34
      vertex 52.4167 0 170
      vertex 52.4167 7.873 142.736
    endloop
  endfacet
  facet normal 1 0 0
    outer loop
      vertex 52.4167 8.68112 145.943
      vertex 52.4167 0 170
      vertex 52.4167 8.26115 144.34
    endloop
  endfacet
  facet normal 1 0 0
    outer loop
      vertex 52.4167 9.12947 147.547
      vertex 52.4167 0 170
      vertex 52.4167 8.68112 145.943
    endloop
  endfacet
  facet normal 1 0 0
    outer loop
      vertex 52.4167 9.60248 149.151
      vertex 52.4167 0 170
      vertex 52.4167 9.12947 147.547
    endloop
  endfacet
  facet normal 1 0 0
    outer loop
      vertex 52.4167 10.0962 150.755
      vertex 52.4167 0 170
      vertex 52.4167 9.60248 149.151
    endloop
  endfacet
  facet normal 1 0 0
    outer loop
      vertex 52.4167 10.6064 152.358
      vertex 52.4167 0 170
      vertex 52.4167 10.0962 150.755
    endloop
  endfacet
  facet normal 1 0 0
    outer loop
      vertex 52.4167 10.5661 88.2075
      vertex 52.4167 10.5472 85
      vertex 52.4167 10.5714 86.6038
    endloop
  endfacet
  facet normal 1 0 0
    outer loop
      vertex 52.4167 10.5316 89.8113
      vertex 52.4167 10.5472 85
      vertex 52.4167 10.5661 88.2075
    endloop
  endfacet
  facet normal 1 0 0
    outer loop
      vertex 52.4167 10.5316 89.8113
      vertex 52.4167 10.4933 83.3962
      vertex 52.4167 10.5472 85
    endloop
  endfacet
  facet normal 1 0 0
    outer loop
      vertex 52.4167 10.4685 91.4151
      vertex 52.4167 10.4933 83.3962
      vertex 52.4167 10.5316 89.8113
    endloop
  endfacet
  facet normal 1 0 0
    outer loop
      vertex 52.4167 10.4685 91.4151
      vertex 52.4167 10.4102 81.7924
      vertex 52.4167 10.4933 83.3962
    endloop
  endfacet
  facet normal 1 0 0
    outer loop
      vertex 52.4167 10.3777 93.0189
      vertex 52.4167 10.4102 81.7924
      vertex 52.4167 10.4685 91.4151
    endloop
  endfacet
  facet normal 1 0 0
    outer loop
      vertex 52.4167 10.3777 93.0189
      vertex 52.4167 10.2984 80.1887
      vertex 52.4167 10.4102 81.7924
    endloop
  endfacet
  facet normal 1 0 0
    outer loop
      vertex 52.4167 10.2602 94.6226
      vertex 52.4167 10.2984 80.1887
      vertex 52.4167 10.3777 93.0189
    endloop
  endfacet
  facet normal 1 0 0
    outer loop
      vertex 52.4167 10.2602 94.6226
      vertex 52.4167 10.1589 78.5849
      vertex 52.4167 10.2984 80.1887
    endloop
  endfacet
  facet normal 1 0 0
    outer loop
      vertex 52.4167 10.1173 96.2264
      vertex 52.4167 10.1589 78.5849
      vertex 52.4167 10.2602 94.6226
    endloop
  endfacet
  facet normal 1 0 0
    outer loop
      vertex 52.4167 10.1173 96.2264
      vertex 52.4167 9.99339 76.9811
      vertex 52.4167 10.1589 78.5849
    endloop
  endfacet
  facet normal 1 0 0
    outer loop
      vertex 52.4167 9.95073 97.8302
      vertex 52.4167 9.99339 76.9811
      vertex 52.4167 10.1173 96.2264
    endloop
  endfacet
  facet normal 1 0 0
    outer loop
      vertex 52.4167 9.95073 97.8302
      vertex 52.4167 9.80388 75.3773
      vertex 52.4167 9.99339 76.9811
    endloop
  endfacet
  facet normal 1 0 0
    outer loop
      vertex 52.4167 9.76215 99.434
      vertex 52.4167 9.80388 75.3773
      vertex 52.4167 9.95073 97.8302
    endloop
  endfacet
  facet normal 1 0 0
    outer loop
      vertex 52.4167 9.76215 99.434
      vertex 52.4167 9.59303 73.7736
      vertex 52.4167 9.80388 75.3773
    endloop
  endfacet
  facet normal 1 0 0
    outer loop
      vertex 52.4167 9.55371 101.038
      vertex 52.4167 9.59303 73.7736
      vertex 52.4167 9.76215 99.434
    endloop
  endfacet
  facet normal 1 0 0
    outer loop
      vertex 52.4167 9.55371 101.038
      vertex 52.4167 9.36415 72.1698
      vertex 52.4167 9.59303 73.7736
    endloop
  endfacet
  facet normal 1 0 0
    outer loop
      vertex 52.4167 9.32779 102.641
      vertex 52.4167 9.36415 72.1698
      vertex 52.4167 9.55371 101.038
    endloop
  endfacet
  facet normal 1 0 0
    outer loop
      vertex 52.4167 9.32779 102.641
      vertex 52.4167 9.12114 70.566
      vertex 52.4167 9.36415 72.1698
    endloop
  endfacet
  facet normal 1 0 0
    outer loop
      vertex 52.4167 9.08708 104.245
      vertex 52.4167 9.12114 70.566
      vertex 52.4167 9.32779 102.641
    endloop
  endfacet
  facet normal 1 0 0
    outer loop
      vertex 52.4167 9.08708 104.245
      vertex 52.4167 8.86858 68.9622
      vertex 52.4167 9.12114 70.566
    endloop
  endfacet
  facet normal 1 0 0
    outer loop
      vertex 52.4167 8.83459 105.849
      vertex 52.4167 8.86858 68.9622
      vertex 52.4167 9.08708 104.245
    endloop
  endfacet
  facet normal 1 0 0
    outer loop
      vertex 52.4167 8.83459 105.849
      vertex 52.4167 8.61159 67.3585
      vertex 52.4167 8.86858 68.9622
    endloop
  endfacet
  facet normal 1 0 0
    outer loop
      vertex 52.4167 8.57356 107.453
      vertex 52.4167 8.61159 67.3585
      vertex 52.4167 8.83459 105.849
    endloop
  endfacet
  facet normal 1 0 0
    outer loop
      vertex 52.4167 8.57356 107.453
      vertex 52.4167 8.35588 65.7547
      vertex 52.4167 8.61159 67.3585
    endloop
  endfacet
  facet normal 1 0 0
    outer loop
      vertex 52.4167 8.30756 109.057
      vertex 52.4167 8.35588 65.7547
      vertex 52.4167 8.57356 107.453
    endloop
  endfacet
  facet normal 1 0 0
    outer loop
      vertex 52.4167 8.30756 109.057
      vertex 52.4167 8.10767 64.1509
      vertex 52.4167 8.35588 65.7547
    endloop
  endfacet
  facet normal 1 0 0
    outer loop
      vertex 52.4167 8.04033 110.66
      vertex 52.4167 8.10767 64.1509
      vertex 52.4167 8.30756 109.057
    endloop
  endfacet
  facet normal 1 0 0
    outer loop
      vertex 52.4167 7.77583 112.264
      vertex 52.4167 8.10767 64.1509
      vertex 52.4167 8.04033 110.66
    endloop
  endfacet
  facet normal 1 0 0
    outer loop
      vertex 52.4167 8.10767 64.1509
      vertex 52.4167 7.77583 112.264
      vertex 52.4167 7.8735 62.5472
    endloop
  endfacet
  facet normal 1 0 0
    outer loop
      vertex 52.4167 7.51819 113.868
      vertex 52.4167 7.8735 62.5472
      vertex 52.4167 7.77583 112.264
    endloop
  endfacet
  facet normal 1 0 0
    outer loop
      vertex 52.4167 7.8735 62.5472
      vertex 52.4167 7.51819 113.868
      vertex 52.4167 7.66023 60.9434
    endloop
  endfacet
  facet normal 1 0 0
    outer loop
      vertex 52.4167 7.27153 115.472
      vertex 52.4167 7.66023 60.9434
      vertex 52.4167 7.51819 113.868
    endloop
  endfacet
  facet normal 1 0 0
    outer loop
      vertex 52.4167 7.04005 117.075
      vertex 52.4167 7.66023 60.9434
      vertex 52.4167 7.27153 115.472
    endloop
  endfacet
  facet normal 1 0 0
    outer loop
      vertex 52.4167 7.66023 60.9434
      vertex 52.4167 7.04005 117.075
      vertex 52.4167 7.47482 59.3396
    endloop
  endfacet
  facet normal 1 0 0
    outer loop
      vertex 52.4167 6.82788 118.679
      vertex 52.4167 7.47482 59.3396
      vertex 52.4167 7.04005 117.075
    endloop
  endfacet
  facet normal 1 0 0
    outer loop
      vertex 52.4167 7.47482 59.3396
      vertex 52.4167 6.82788 118.679
      vertex 52.4167 7.3242 57.7358
    endloop
  endfacet
  facet normal 1 0 0
    outer loop
      vertex 52.4167 6.63902 120.283
      vertex 52.4167 7.3242 57.7358
      vertex 52.4167 6.82788 118.679
    endloop
  endfacet
  facet normal 1 0 0
    outer loop
      vertex 52.4167 6.47726 121.887
      vertex 52.4167 7.3242 57.7358
      vertex 52.4167 6.63902 120.283
    endloop
  endfacet
  facet normal 1 0 0
    outer loop
      vertex 52.4167 0 0
      vertex 52.4167 19.1633 11.2264
      vertex 52.4167 19.1257 12.8302
    endloop
  endfacet
  facet normal 1 0 0
    outer loop
      vertex 52.4167 0 0
      vertex 52.4167 19.1257 12.8302
      vertex 52.4167 18.9853 14.434
    endloop
  endfacet
  facet normal 1 0 0
    outer loop
      vertex 52.4167 19.1633 11.2264
      vertex 52.4167 0 0
      vertex 52.4167 19.0964 9.62263
    endloop
  endfacet
  facet normal 1 0 0
    outer loop
      vertex 52.4167 0 0
      vertex 52.4167 18.9853 14.434
      vertex 52.4167 18.7455 16.0377
    endloop
  endfacet
  facet normal 1 0 0
    outer loop
      vertex 52.4167 19.0964 9.62263
      vertex 52.4167 0 0
      vertex 52.4167 18.9252 8.01886
    endloop
  endfacet
  facet normal 1 0 0
    outer loop
      vertex 52.4167 0 0
      vertex 52.4167 18.7455 16.0377
      vertex 52.4167 18.4116 17.6415
    endloop
  endfacet
  facet normal 1 0 0
    outer loop
      vertex 52.4167 18.9252 8.01886
      vertex 52.4167 0 0
      vertex 52.4167 18.652 6.41508
    endloop
  endfacet
  facet normal 1 0 0
    outer loop
      vertex 52.4167 0 0
      vertex 52.4167 18.4116 17.6415
      vertex 52.4167 17.9907 19.2453
    endloop
  endfacet
  facet normal 1 0 0
    outer loop
      vertex 52.4167 18.652 6.41508
      vertex 52.4167 0 0
      vertex 52.4167 18.2811 4.81131
    endloop
  endfacet
  facet normal 1 0 0
    outer loop
      vertex 52.4167 0 0
      vertex 52.4167 17.9907 19.2453
      vertex 52.4167 17.4911 20.849
    endloop
  endfacet
  facet normal 1 0 0
    outer loop
      vertex 52.4167 18.2811 4.81131
      vertex 52.4167 0 0
      vertex 52.4167 17.8185 3.20753
    endloop
  endfacet
  facet normal 1 0 0
    outer loop
      vertex 52.4167 0 0
      vertex 52.4167 17.4911 20.849
      vertex 52.4167 16.9225 22.4528
    endloop
  endfacet
  facet normal 1 0 0
    outer loop
      vertex 52.4167 17.8185 3.20753
      vertex 52.4167 0 0
      vertex 52.4167 17.2723 1.60376
    endloop
  endfacet
  facet normal 1 0 0
    outer loop
      vertex 52.4167 0 0
      vertex 52.4167 16.9225 22.4528
      vertex 52.4167 16.2956 24.0566
    endloop
  endfacet
  facet normal 1 0 0
    outer loop
      vertex 52.4167 0 0
      vertex 52.4167 16.2956 24.0566
      vertex 52.4167 15.6219 25.6604
    endloop
  endfacet
  facet normal 1 0 0
    outer loop
      vertex 52.4167 0 0
      vertex 52.4167 15.6219 25.6604
      vertex 52.4167 14.9134 27.2641
    endloop
  endfacet
  facet normal 1 0 0
    outer loop
      vertex 52.4167 0 0
      vertex 52.4167 14.9134 27.2641
      vertex 52.4167 14.1823 28.8679
    endloop
  endfacet
  facet normal 1 0 0
    outer loop
      vertex 52.4167 0 0
      vertex 52.4167 14.1823 28.8679
      vertex 52.4167 13.4411 30.4717
    endloop
  endfacet
  facet normal 1 0 0
    outer loop
      vertex 52.4167 0 0
      vertex 52.4167 13.4411 30.4717
      vertex 52.4167 12.7018 32.0755
    endloop
  endfacet
  facet normal 1 0 0
    outer loop
      vertex 52.4167 0 0
      vertex 52.4167 12.7018 32.0755
      vertex 52.4167 11.9761 33.6792
    endloop
  endfacet
  facet normal 1 0 0
    outer loop
      vertex 52.4167 0 0
      vertex 52.4167 11.9761 33.6792
      vertex 52.4167 11.2747 35.283
    endloop
  endfacet
  facet normal 1 0 0
    outer loop
      vertex 52.4167 0 0
      vertex 52.4167 11.2747 35.283
      vertex 52.4167 10.6079 36.8868
    endloop
  endfacet
  facet normal 1 0 0
    outer loop
      vertex 52.4167 0 0
      vertex 52.4167 10.6079 36.8868
      vertex 52.4167 9.98444 38.4906
    endloop
  endfacet
  facet normal 1 0 0
    outer loop
      vertex 52.4167 0 0
      vertex 52.4167 9.98444 38.4906
      vertex 52.4167 9.41216 40.0943
    endloop
  endfacet
  facet normal 1 0 0
    outer loop
      vertex 52.4167 0 0
      vertex 52.4167 9.41216 40.0943
      vertex 52.4167 8.89746 41.6981
    endloop
  endfacet
  facet normal 1 0 0
    outer loop
      vertex 52.4167 0 0
      vertex 52.4167 8.89746 41.6981
      vertex 52.4167 8.44534 43.3019
    endloop
  endfacet
  facet normal 1 0 0
    outer loop
      vertex 52.4167 0 0
      vertex 52.4167 8.44534 43.3019
      vertex 52.4167 8.05937 44.9057
    endloop
  endfacet
  facet normal 1 0 0
    outer loop
      vertex 52.4167 0 0
      vertex 52.4167 8.05937 44.9057
      vertex 52.4167 7.74165 46.5094
    endloop
  endfacet
  facet normal 1 0 0
    outer loop
      vertex 52.4167 7.3242 57.7358
      vertex 52.4167 6.47726 121.887
      vertex 52.4167 7.21512 56.1321
    endloop
  endfacet
  facet normal 1 0 0
    outer loop
      vertex 52.4167 6.34612 123.491
      vertex 52.4167 7.21512 56.1321
      vertex 52.4167 6.47726 121.887
    endloop
  endfacet
  facet normal 1 0 0
    outer loop
      vertex 52.4167 0 170
      vertex 52.4167 7.21512 56.1321
      vertex 52.4167 6.34612 123.491
    endloop
  endfacet
  facet normal 1 0 0
    outer loop
      vertex 52.4167 0 0
      vertex 52.4167 7.21512 56.1321
      vertex 52.4167 0 170
    endloop
  endfacet
  facet normal 1 0 0
    outer loop
      vertex 52.4167 0 170
      vertex 52.4167 6.34612 123.491
      vertex 52.4167 6.24881 125.094
    endloop
  endfacet
  facet normal 1 0 0
    outer loop
      vertex 52.4167 0 170
      vertex 52.4167 6.24881 125.094
      vertex 52.4167 6.18816 126.698
    endloop
  endfacet
  facet normal 1 0 0
    outer loop
      vertex 52.4167 0 170
      vertex 52.4167 6.18816 126.698
      vertex 52.4167 6.16655 128.302
    endloop
  endfacet
  facet normal 1 0 0
    outer loop
      vertex 52.4167 7.21512 56.1321
      vertex 52.4167 0 0
      vertex 52.4167 7.15393 54.5283
    endloop
  endfacet
  facet normal 1 0 0
    outer loop
      vertex 52.4167 7.15393 54.5283
      vertex 52.4167 0 0
      vertex 52.4167 7.14647 52.9245
    endloop
  endfacet
  facet normal 1 0 0
    outer loop
      vertex 52.4167 17.2723 1.60376
      vertex 52.4167 0 0
      vertex 52.4167 16.6519 0
    endloop
  endfacet
  facet normal 1 0 0
    outer loop
      vertex 52.4167 7.49284 48.1132
      vertex 52.4167 0 0
      vertex 52.4167 7.74165 46.5094
    endloop
  endfacet
  facet normal 1 0 0
    outer loop
      vertex 52.4167 7.31223 49.717
      vertex 52.4167 0 0
      vertex 52.4167 7.49284 48.1132
    endloop
  endfacet
  facet normal 1 0 0
    outer loop
      vertex 52.4167 7.19783 51.3207
      vertex 52.4167 0 0
      vertex 52.4167 7.31223 49.717
    endloop
  endfacet
  facet normal 1 0 0
    outer loop
      vertex 52.4167 7.14647 52.9245
      vertex 52.4167 0 0
      vertex 52.4167 7.19783 51.3207
    endloop
  endfacet
  facet normal 0 0.946607 -0.322388
    outer loop
      vertex 52.4167 17.2723 1.60376
      vertex 42.0278 17.8185 3.20753
      vertex 52.4167 17.8185 3.20753
    endloop
  endfacet
  facet normal 0 0.946607 -0.322388
    outer loop
      vertex 42.0278 17.8185 3.20753
      vertex 52.4167 17.2723 1.60376
      vertex 42.0278 17.2723 1.60376
    endloop
  endfacet
  facet normal 0 0.960828 -0.277145
    outer loop
      vertex 52.4167 17.8185 3.20753
      vertex 42.0278 18.2811 4.81131
      vertex 52.4167 18.2811 4.81131
    endloop
  endfacet
  facet normal 0 0.960828 -0.277145
    outer loop
      vertex 42.0278 18.2811 4.81131
      vertex 52.4167 17.8185 3.20753
      vertex 42.0278 17.8185 3.20753
    endloop
  endfacet
  facet normal 0 0.974285 -0.22532
    outer loop
      vertex 52.4167 18.2811 4.81131
      vertex 42.0278 18.652 6.41508
      vertex 52.4167 18.652 6.41508
    endloop
  endfacet
  facet normal 0 0.974285 -0.22532
    outer loop
      vertex 42.0278 18.652 6.41508
      vertex 52.4167 18.2811 4.81131
      vertex 42.0278 18.2811 4.81131
    endloop
  endfacet
  facet normal 0 0.985799 -0.167928
    outer loop
      vertex 52.4167 18.652 6.41508
      vertex 42.0278 18.9252 8.01886
      vertex 52.4167 18.9252 8.01886
    endloop
  endfacet
  facet normal 0 0.985799 -0.167928
    outer loop
      vertex 42.0278 18.9252 8.01886
      vertex 52.4167 18.652 6.41508
      vertex 42.0278 18.652 6.41508
    endloop
  endfacet
  facet normal 0 0.994351 -0.106145
    outer loop
      vertex 52.4167 18.9252 8.01886
      vertex 42.0278 19.0964 9.62263
      vertex 52.4167 19.0964 9.62263
    endloop
  endfacet
  facet normal 0 0.994351 -0.106145
    outer loop
      vertex 42.0278 19.0964 9.62263
      vertex 52.4167 18.9252 8.01886
      vertex 42.0278 18.9252 8.01886
    endloop
  endfacet
  facet normal 0 0.999131 -0.041678
    outer loop
      vertex 52.4167 19.0964 9.62263
      vertex 42.0278 19.1633 11.2264
      vertex 52.4167 19.1633 11.2264
    endloop
  endfacet
  facet normal 0 0.999131 -0.041678
    outer loop
      vertex 42.0278 19.1633 11.2264
      vertex 52.4167 19.0964 9.62263
      vertex 42.0278 19.0964 9.62263
    endloop
  endfacet
  facet normal 0 0.999725 0.0234379
    outer loop
      vertex 52.4167 19.1633 11.2264
      vertex 42.0278 19.1257 12.8302
      vertex 52.4167 19.1257 12.8302
    endloop
  endfacet
  facet normal 0 0.999725 0.0234379
    outer loop
      vertex 42.0278 19.1257 12.8302
      vertex 52.4167 19.1633 11.2264
      vertex 42.0278 19.1633 11.2264
    endloop
  endfacet
  facet normal 0 0.99619 0.0872086
    outer loop
      vertex 52.4167 19.1257 12.8302
      vertex 42.0278 18.9853 14.434
      vertex 52.4167 18.9853 14.434
    endloop
  endfacet
  facet normal 0 0.99619 0.0872086
    outer loop
      vertex 42.0278 18.9853 14.434
      vertex 52.4167 19.1257 12.8302
      vertex 42.0278 19.1257 12.8302
    endloop
  endfacet
  facet normal 0 0.989005 0.147885
    outer loop
      vertex 52.4167 18.9853 14.434
      vertex 42.0278 18.7455 16.0377
      vertex 52.4167 18.7455 16.0377
    endloop
  endfacet
  facet normal 0 0.989005 0.147885
    outer loop
      vertex 42.0278 18.7455 16.0377
      vertex 52.4167 18.9853 14.434
      vertex 42.0278 18.9853 14.434
    endloop
  endfacet
  facet normal 0 0.979008 0.203823
    outer loop
      vertex 52.4167 18.7455 16.0377
      vertex 42.0278 18.4116 17.6415
      vertex 52.4167 18.4116 17.6415
    endloop
  endfacet
  facet normal 0 0.979008 0.203823
    outer loop
      vertex 42.0278 18.4116 17.6415
      vertex 52.4167 18.7455 16.0377
      vertex 42.0278 18.7455 16.0377
    endloop
  endfacet
  facet normal 0 0.967245 0.253843
    outer loop
      vertex 52.4167 18.4116 17.6415
      vertex 42.0278 17.9907 19.2453
      vertex 52.4167 17.9907 19.2453
    endloop
  endfacet
  facet normal 0 0.967245 0.253843
    outer loop
      vertex 42.0278 17.9907 19.2453
      vertex 52.4167 18.4116 17.6415
      vertex 42.0278 18.4116 17.6415
    endloop
  endfacet
  facet normal 0 0.954743 0.297431
    outer loop
      vertex 52.4167 17.9907 19.2453
      vertex 42.0278 17.4911 20.849
      vertex 52.4167 17.4911 20.849
    endloop
  endfacet
  facet normal 0 0.954743 0.297431
    outer loop
      vertex 42.0278 17.4911 20.849
      vertex 52.4167 17.9907 19.2453
      vertex 42.0278 17.9907 19.2453
    endloop
  endfacet
  facet normal 0 0.942519 0.334154
    outer loop
      vertex 52.4167 17.4911 20.849
      vertex 42.0278 16.9225 22.4528
      vertex 52.4167 16.9225 22.4528
    endloop
  endfacet
  facet normal 0 0.942519 0.334154
    outer loop
      vertex 42.0278 16.9225 22.4528
      vertex 52.4167 17.4911 20.849
      vertex 42.0278 17.4911 20.849
    endloop
  endfacet
  facet normal 0 0.931376 0.36406
    outer loop
      vertex 52.4167 16.9225 22.4528
      vertex 42.0278 16.2956 24.0566
      vertex 52.4167 16.2956 24.0566
    endloop
  endfacet
  facet normal 0 0.931376 0.36406
    outer loop
      vertex 42.0278 16.2956 24.0566
      vertex 52.4167 16.9225 22.4528
      vertex 42.0278 16.9225 22.4528
    endloop
  endfacet
  facet normal 0 0.921961 0.387283
    outer loop
      vertex 52.4167 16.2956 24.0566
      vertex 42.0278 15.6219 25.6604
      vertex 52.4167 15.6219 25.6604
    endloop
  endfacet
  facet normal 0 0.921961 0.387283
    outer loop
      vertex 42.0278 15.6219 25.6604
      vertex 52.4167 16.2956 24.0566
      vertex 42.0278 16.2956 24.0566
    endloop
  endfacet
  facet normal 0 0.91471 0.404111
    outer loop
      vertex 52.4167 15.6219 25.6604
      vertex 42.0278 14.9134 27.2641
      vertex 52.4167 14.9134 27.2641
    endloop
  endfacet
  facet normal 0 0.91471 0.404111
    outer loop
      vertex 42.0278 14.9134 27.2641
      vertex 52.4167 15.6219 25.6604
      vertex 42.0278 15.6219 25.6604
    endloop
  endfacet
  facet normal 0 0.909917 0.41479
    outer loop
      vertex 52.4167 14.9134 27.2641
      vertex 42.0278 14.1823 28.8679
      vertex 52.4167 14.1823 28.8679
    endloop
  endfacet
  facet normal 0 0.909917 0.41479
    outer loop
      vertex 42.0278 14.1823 28.8679
      vertex 52.4167 14.9134 27.2641
      vertex 42.0278 14.9134 27.2641
    endloop
  endfacet
  facet normal 0 0.907747 0.419518
    outer loop
      vertex 52.4167 14.1823 28.8679
      vertex 42.0278 13.4411 30.4717
      vertex 52.4167 13.4411 30.4717
    endloop
  endfacet
  facet normal 0 0.907747 0.419518
    outer loop
      vertex 42.0278 13.4411 30.4717
      vertex 52.4167 14.1823 28.8679
      vertex 42.0278 14.1823 28.8679
    endloop
  endfacet
  facet normal 0 0.908157 0.418631
    outer loop
      vertex 52.4167 13.4411 30.4717
      vertex 42.0278 12.7018 32.0755
      vertex 52.4167 12.7018 32.0755
    endloop
  endfacet
  facet normal 0 0.908157 0.418631
    outer loop
      vertex 42.0278 12.7018 32.0755
      vertex 52.4167 13.4411 30.4717
      vertex 42.0278 13.4411 30.4717
    endloop
  endfacet
  facet normal 0 0.911062 0.41227
    outer loop
      vertex 52.4167 12.7018 32.0755
      vertex 42.0278 11.9761 33.6792
      vertex 52.4167 11.9761 33.6792
    endloop
  endfacet
  facet normal 0 0.911062 0.41227
    outer loop
      vertex 42.0278 11.9761 33.6792
      vertex 52.4167 12.7018 32.0755
      vertex 42.0278 12.7018 32.0755
    endloop
  endfacet
  facet normal 0 0.916212 0.400693
    outer loop
      vertex 52.4167 11.9761 33.6792
      vertex 42.0278 11.2747 35.283
      vertex 52.4167 11.2747 35.283
    endloop
  endfacet
  facet normal 0 0.916212 0.400693
    outer loop
      vertex 42.0278 11.2747 35.283
      vertex 52.4167 11.9761 33.6792
      vertex 42.0278 11.9761 33.6792
    endloop
  endfacet
  facet normal 0 0.923373 0.383904
    outer loop
      vertex 52.4167 11.2747 35.283
      vertex 42.0278 10.6079 36.8868
      vertex 52.4167 10.6079 36.8868
    endloop
  endfacet
  facet normal 0 0.923373 0.383904
    outer loop
      vertex 42.0278 10.6079 36.8868
      vertex 52.4167 11.2747 35.283
      vertex 42.0278 11.2747 35.283
    endloop
  endfacet
  facet normal 0 0.932052 0.362325
    outer loop
      vertex 52.4167 10.6079 36.8868
      vertex 42.0278 9.98444 38.4906
      vertex 52.4167 9.98444 38.4906
    endloop
  endfacet
  facet normal 0 0.932052 0.362325
    outer loop
      vertex 42.0278 9.98444 38.4906
      vertex 52.4167 10.6079 36.8868
      vertex 42.0278 10.6079 36.8868
    endloop
  endfacet
  facet normal 0 0.941829 0.336092
    outer loop
      vertex 52.4167 9.98444 38.4906
      vertex 42.0278 9.41216 40.0943
      vertex 52.4167 9.41216 40.0943
    endloop
  endfacet
  facet normal 0 0.941829 0.336092
    outer loop
      vertex 42.0278 9.41216 40.0943
      vertex 52.4167 9.98444 38.4906
      vertex 42.0278 9.98444 38.4906
    endloop
  endfacet
  facet normal 0 0.952168 0.305575
    outer loop
      vertex 52.4167 9.41216 40.0943
      vertex 42.0278 8.89746 41.6981
      vertex 52.4167 8.89746 41.6981
    endloop
  endfacet
  facet normal 0 0.952168 0.305575
    outer loop
      vertex 42.0278 8.89746 41.6981
      vertex 52.4167 9.41216 40.0943
      vertex 42.0278 9.41216 40.0943
    endloop
  endfacet
  facet normal 0 0.962486 0.27133
    outer loop
      vertex 52.4167 8.89746 41.6981
      vertex 42.0278 8.44534 43.3019
      vertex 52.4167 8.44534 43.3019
    endloop
  endfacet
  facet normal 0 0.962486 0.27133
    outer loop
      vertex 42.0278 8.44534 43.3019
      vertex 52.4167 8.89746 41.6981
      vertex 42.0278 8.89746 41.6981
    endloop
  endfacet
  facet normal 0 0.972242 0.233979
    outer loop
      vertex 52.4167 8.44534 43.3019
      vertex 42.0278 8.05937 44.9057
      vertex 52.4167 8.05937 44.9057
    endloop
  endfacet
  facet normal 0 0.972242 0.233979
    outer loop
      vertex 42.0278 8.05937 44.9057
      vertex 52.4167 8.44534 43.3019
      vertex 42.0278 8.44534 43.3019
    endloop
  endfacet
  facet normal 0 0.980934 0.19434
    outer loop
      vertex 52.4167 8.05937 44.9057
      vertex 42.0278 7.74165 46.5094
      vertex 52.4167 7.74165 46.5094
    endloop
  endfacet
  facet normal 0 0.980934 0.19434
    outer loop
      vertex 42.0278 7.74165 46.5094
      vertex 52.4167 8.05937 44.9057
      vertex 42.0278 8.05937 44.9057
    endloop
  endfacet
  facet normal 0 0.988179 0.153304
    outer loop
      vertex 52.4167 7.74165 46.5094
      vertex 42.0278 7.49284 48.1132
      vertex 52.4167 7.49284 48.1132
    endloop
  endfacet
  facet normal 0 0.988179 0.153304
    outer loop
      vertex 42.0278 7.49284 48.1132
      vertex 52.4167 7.74165 46.5094
      vertex 42.0278 7.74165 46.5094
    endloop
  endfacet
  facet normal 0 0.993719 0.111906
    outer loop
      vertex 52.4167 7.49284 48.1132
      vertex 42.0278 7.31223 49.717
      vertex 52.4167 7.31223 49.717
    endloop
  endfacet
  facet normal 0 0.993719 0.111906
    outer loop
      vertex 42.0278 7.31223 49.717
      vertex 52.4167 7.49284 48.1132
      vertex 42.0278 7.49284 48.1132
    endloop
  endfacet
  facet normal 0 0.997465 0.0711542
    outer loop
      vertex 52.4167 7.31223 49.717
      vertex 42.0278 7.19783 51.3207
      vertex 52.4167 7.19783 51.3207
    endloop
  endfacet
  facet normal 0 0.997465 0.0711542
    outer loop
      vertex 42.0278 7.19783 51.3207
      vertex 52.4167 7.31223 49.717
      vertex 42.0278 7.31223 49.717
    endloop
  endfacet
  facet normal 0 0.999488 0.0320075
    outer loop
      vertex 52.4167 7.19783 51.3207
      vertex 42.0278 7.14647 52.9245
      vertex 52.4167 7.14647 52.9245
    endloop
  endfacet
  facet normal 0 0.999488 0.0320075
    outer loop
      vertex 42.0278 7.14647 52.9245
      vertex 52.4167 7.19783 51.3207
      vertex 42.0278 7.19783 51.3207
    endloop
  endfacet
  facet normal 0 0.999989 -0.0046514
    outer loop
      vertex 52.4167 7.14647 52.9245
      vertex 42.0278 7.15393 54.5283
      vertex 52.4167 7.15393 54.5283
    endloop
  endfacet
  facet normal 0 0.999989 -0.0046514
    outer loop
      vertex 42.0278 7.15393 54.5283
      vertex 52.4167 7.14647 52.9245
      vertex 42.0278 7.14647 52.9245
    endloop
  endfacet
  facet normal 0 0.999273 -0.0381254
    outer loop
      vertex 52.4167 7.15393 54.5283
      vertex 42.0278 7.21512 56.1321
      vertex 52.4167 7.21512 56.1321
    endloop
  endfacet
  facet normal 0 0.999273 -0.0381254
    outer loop
      vertex 42.0278 7.21512 56.1321
      vertex 52.4167 7.15393 54.5283
      vertex 42.0278 7.15393 54.5283
    endloop
  endfacet
  facet normal 0 0.997695 -0.0678609
    outer loop
      vertex 52.4167 7.21512 56.1321
      vertex 42.0278 7.3242 57.7358
      vertex 52.4167 7.3242 57.7358
    endloop
  endfacet
  facet normal 0 0.997695 -0.0678609
    outer loop
      vertex 42.0278 7.3242 57.7358
      vertex 52.4167 7.21512 56.1321
      vertex 42.0278 7.21512 56.1321
    endloop
  endfacet
  facet normal 0 0.995619 -0.093503
    outer loop
      vertex 52.4167 7.3242 57.7358
      vertex 42.0278 7.47482 59.3396
      vertex 52.4167 7.47482 59.3396
    endloop
  endfacet
  facet normal 0 0.995619 -0.093503
    outer loop
      vertex 42.0278 7.47482 59.3396
      vertex 52.4167 7.3242 57.7358
      vertex 42.0278 7.3242 57.7358
    endloop
  endfacet
  facet normal 0 0.993384 -0.114842
    outer loop
      vertex 52.4167 7.47482 59.3396
      vertex 42.0278 7.66023 60.9434
      vertex 52.4167 7.66023 60.9434
    endloop
  endfacet
  facet normal 0 0.993384 -0.114842
    outer loop
      vertex 42.0278 7.66023 60.9434
      vertex 52.4167 7.47482 59.3396
      vertex 42.0278 7.47482 59.3396
    endloop
  endfacet
  facet normal 0 0.991274 -0.131818
    outer loop
      vertex 52.4167 7.66023 60.9434
      vertex 42.0278 7.8735 62.5472
      vertex 52.4167 7.8735 62.5472
    endloop
  endfacet
  facet normal 0 0.991274 -0.131818
    outer loop
      vertex 42.0278 7.8735 62.5472
      vertex 52.4167 7.66023 60.9434
      vertex 42.0278 7.66023 60.9434
    endloop
  endfacet
  facet normal 0 0.989507 -0.144486
    outer loop
      vertex 52.4167 7.8735 62.5472
      vertex 42.0278 8.10767 64.1509
      vertex 52.4167 8.10767 64.1509
    endloop
  endfacet
  facet normal 0 0.989507 -0.144486
    outer loop
      vertex 42.0278 8.10767 64.1509
      vertex 52.4167 7.8735 62.5472
      vertex 42.0278 7.8735 62.5472
    endloop
  endfacet
  facet normal 0 0.988235 -0.152943
    outer loop
      vertex 52.4167 8.10767 64.1509
      vertex 42.0278 8.35588 65.7547
      vertex 52.4167 8.35588 65.7547
    endloop
  endfacet
  facet normal 0 0.988235 -0.152943
    outer loop
      vertex 42.0278 8.35588 65.7547
      vertex 52.4167 8.10767 64.1509
      vertex 42.0278 8.10767 64.1509
    endloop
  endfacet
  facet normal 0 0.987527 -0.157451
    outer loop
      vertex 52.4167 8.35588 65.7547
      vertex 42.0278 8.61159 67.3585
      vertex 52.4167 8.61159 67.3585
    endloop
  endfacet
  facet normal 0 0.987527 -0.157451
    outer loop
      vertex 42.0278 8.61159 67.3585
      vertex 52.4167 8.35588 65.7547
      vertex 42.0278 8.35588 65.7547
    endloop
  endfacet
  facet normal 0 0.987402 -0.158229
    outer loop
      vertex 52.4167 8.61159 67.3585
      vertex 42.0278 8.86858 68.9622
      vertex 52.4167 8.86858 68.9622
    endloop
  endfacet
  facet normal 0 0.987402 -0.158229
    outer loop
      vertex 42.0278 8.86858 68.9622
      vertex 52.4167 8.61159 67.3585
      vertex 42.0278 8.61159 67.3585
    endloop
  endfacet
  facet normal 0 0.987827 -0.155559
    outer loop
      vertex 52.4167 8.86858 68.9622
      vertex 42.0278 9.12114 70.566
      vertex 52.4167 9.12114 70.566
    endloop
  endfacet
  facet normal 0 0.987827 -0.155559
    outer loop
      vertex 42.0278 9.12114 70.566
      vertex 52.4167 8.86858 68.9622
      vertex 42.0278 8.86858 68.9622
    endloop
  endfacet
  facet normal 0 0.988715 -0.149811
    outer loop
      vertex 52.4167 9.12114 70.566
      vertex 42.0278 9.36415 72.1698
      vertex 52.4167 9.36415 72.1698
    endloop
  endfacet
  facet normal 0 0.988715 -0.149811
    outer loop
      vertex 42.0278 9.36415 72.1698
      vertex 52.4167 9.12114 70.566
      vertex 42.0278 9.12114 70.566
    endloop
  endfacet
  facet normal 0 0.98997 -0.14128
    outer loop
      vertex 52.4167 9.36415 72.1698
      vertex 42.0278 9.59303 73.7736
      vertex 52.4167 9.59303 73.7736
    endloop
  endfacet
  facet normal 0 0.98997 -0.14128
    outer loop
      vertex 42.0278 9.59303 73.7736
      vertex 52.4167 9.36415 72.1698
      vertex 42.0278 9.36415 72.1698
    endloop
  endfacet
  facet normal 0 0.991467 -0.130355
    outer loop
      vertex 52.4167 9.59303 73.7736
      vertex 42.0278 9.80388 75.3773
      vertex 52.4167 9.80388 75.3773
    endloop
  endfacet
  facet normal 0 0.991467 -0.130355
    outer loop
      vertex 42.0278 9.80388 75.3773
      vertex 52.4167 9.59303 73.7736
      vertex 42.0278 9.59303 73.7736
    endloop
  endfacet
  facet normal 0 0.993091 -0.117347
    outer loop
      vertex 52.4167 9.80388 75.3773
      vertex 42.0278 9.99339 76.9811
      vertex 52.4167 9.99339 76.9811
    endloop
  endfacet
  facet normal 0 0.993091 -0.117347
    outer loop
      vertex 42.0278 9.99339 76.9811
      vertex 52.4167 9.80388 75.3773
      vertex 42.0278 9.80388 75.3773
    endloop
  endfacet
  facet normal 0 0.994717 -0.102653
    outer loop
      vertex 52.4167 9.99339 76.9811
      vertex 42.0278 10.1589 78.5849
      vertex 52.4167 10.1589 78.5849
    endloop
  endfacet
  facet normal 0 0.994717 -0.102653
    outer loop
      vertex 42.0278 10.1589 78.5849
      vertex 52.4167 9.99339 76.9811
      vertex 42.0278 9.99339 76.9811
    endloop
  endfacet
  facet normal 0 0.996238 -0.0866537
    outer loop
      vertex 52.4167 10.1589 78.5849
      vertex 42.0278 10.2984 80.1887
      vertex 52.4167 10.2984 80.1887
    endloop
  endfacet
  facet normal 0 0.996238 -0.0866537
    outer loop
      vertex 42.0278 10.2984 80.1887
      vertex 52.4167 10.1589 78.5849
      vertex 42.0278 10.1589 78.5849
    endloop
  endfacet
  facet normal 0 0.997579 -0.069545
    outer loop
      vertex 52.4167 10.2984 80.1887
      vertex 42.0278 10.4102 81.7924
      vertex 52.4167 10.4102 81.7924
    endloop
  endfacet
  facet normal 0 0.997579 -0.069545
    outer loop
      vertex 42.0278 10.4102 81.7924
      vertex 52.4167 10.2984 80.1887
      vertex 42.0278 10.2984 80.1887
    endloop
  endfacet
  facet normal 0 0.99866 -0.051745
    outer loop
      vertex 52.4167 10.4102 81.7924
      vertex 42.0278 10.4933 83.3962
      vertex 52.4167 10.4933 83.3962
    endloop
  endfacet
  facet normal 0 0.99866 -0.051745
    outer loop
      vertex 42.0278 10.4933 83.3962
      vertex 52.4167 10.4102 81.7924
      vertex 42.0278 10.4102 81.7924
    endloop
  endfacet
  facet normal 0 0.999436 -0.0335887
    outer loop
      vertex 52.4167 10.4933 83.3962
      vertex 42.0278 10.5472 85
      vertex 52.4167 10.5472 85
    endloop
  endfacet
  facet normal 0 0.999436 -0.0335887
    outer loop
      vertex 42.0278 10.5472 85
      vertex 52.4167 10.4933 83.3962
      vertex 42.0278 10.4933 83.3962
    endloop
  endfacet
  facet normal 0 0.999886 -0.0150874
    outer loop
      vertex 52.4167 10.5472 85
      vertex 42.0278 10.5714 86.6038
      vertex 52.4167 10.5714 86.6038
    endloop
  endfacet
  facet normal 0 0.999886 -0.0150874
    outer loop
      vertex 42.0278 10.5714 86.6038
      vertex 52.4167 10.5472 85
      vertex 42.0278 10.5472 85
    endloop
  endfacet
  facet normal 0 0.999995 0.00330484
    outer loop
      vertex 52.4167 10.5714 86.6038
      vertex 42.0278 10.5661 88.2075
      vertex 52.4167 10.5661 88.2075
    endloop
  endfacet
  facet normal 0 0.999995 0.00330484
    outer loop
      vertex 42.0278 10.5661 88.2075
      vertex 52.4167 10.5714 86.6038
      vertex 42.0278 10.5714 86.6038
    endloop
  endfacet
  facet normal 0 0.999769 0.0215064
    outer loop
      vertex 52.4167 10.5661 88.2075
      vertex 42.0278 10.5316 89.8113
      vertex 52.4167 10.5316 89.8113
    endloop
  endfacet
  facet normal 0 0.999769 0.0215064
    outer loop
      vertex 42.0278 10.5316 89.8113
      vertex 52.4167 10.5661 88.2075
      vertex 42.0278 10.5661 88.2075
    endloop
  endfacet
  facet normal 0 0.999227 0.0393136
    outer loop
      vertex 52.4167 10.5316 89.8113
      vertex 42.0278 10.4685 91.4151
      vertex 52.4167 10.4685 91.4151
    endloop
  endfacet
  facet normal 0 0.999227 0.0393136
    outer loop
      vertex 42.0278 10.4685 91.4151
      vertex 52.4167 10.5316 89.8113
      vertex 42.0278 10.5316 89.8113
    endloop
  endfacet
  facet normal 0 0.998401 0.056525
    outer loop
      vertex 52.4167 10.4685 91.4151
      vertex 42.0278 10.3777 93.0189
      vertex 52.4167 10.3777 93.0189
    endloop
  endfacet
  facet normal 0 0.998401 0.056525
    outer loop
      vertex 42.0278 10.3777 93.0189
      vertex 52.4167 10.4685 91.4151
      vertex 42.0278 10.4685 91.4151
    endloop
  endfacet
  facet normal 0 0.997327 0.0730722
    outer loop
      vertex 52.4167 10.3777 93.0189
      vertex 42.0278 10.2602 94.6226
      vertex 52.4167 10.2602 94.6226
    endloop
  endfacet
  facet normal 0 0.997327 0.0730722
    outer loop
      vertex 42.0278 10.2602 94.6226
      vertex 52.4167 10.3777 93.0189
      vertex 42.0278 10.3777 93.0189
    endloop
  endfacet
  facet normal 0 0.996054 0.0887493
    outer loop
      vertex 52.4167 10.2602 94.6226
      vertex 42.0278 10.1173 96.2264
      vertex 52.4167 10.1173 96.2264
    endloop
  endfacet
  facet normal 0 0.996054 0.0887493
    outer loop
      vertex 42.0278 10.1173 96.2264
      vertex 52.4167 10.2602 94.6226
      vertex 42.0278 10.2602 94.6226
    endloop
  endfacet
  facet normal 0 0.99465 0.103304
    outer loop
      vertex 52.4167 10.1173 96.2264
      vertex 42.0278 9.95073 97.8302
      vertex 52.4167 9.95073 97.8302
    endloop
  endfacet
  facet normal 0 0.99465 0.103304
    outer loop
      vertex 42.0278 9.95073 97.8302
      vertex 52.4167 10.1173 96.2264
      vertex 42.0278 10.1173 96.2264
    endloop
  endfacet
  facet normal 0 0.993158 0.116779
    outer loop
      vertex 52.4167 9.95073 97.8302
      vertex 42.0278 9.76215 99.434
      vertex 52.4167 9.76215 99.434
    endloop
  endfacet
  facet normal 0 0.993158 0.116779
    outer loop
      vertex 42.0278 9.76215 99.434
      vertex 52.4167 9.95073 97.8302
      vertex 42.0278 9.95073 97.8302
    endloop
  endfacet
  facet normal 0 0.991662 0.128867
    outer loop
      vertex 52.4167 9.76215 99.434
      vertex 42.0278 9.55371 101.038
      vertex 52.4167 9.55371 101.038
    endloop
  endfacet
  facet normal 0 0.991662 0.128867
    outer loop
      vertex 42.0278 9.55371 101.038
      vertex 52.4167 9.76215 99.434
      vertex 42.0278 9.76215 99.434
    endloop
  endfacet
  facet normal 0 0.990214 0.139557
    outer loop
      vertex 52.4167 9.55371 101.038
      vertex 42.0278 9.32779 102.641
      vertex 52.4167 9.32779 102.641
    endloop
  endfacet
  facet normal 0 0.990214 0.139557
    outer loop
      vertex 42.0278 9.32779 102.641
      vertex 52.4167 9.55371 101.038
      vertex 42.0278 9.55371 101.038
    endloop
  endfacet
  facet normal 0 0.988926 0.148407
    outer loop
      vertex 52.4167 9.32779 102.641
      vertex 42.0278 9.08708 104.245
      vertex 52.4167 9.08708 104.245
    endloop
  endfacet
  facet normal 0 0.988926 0.148407
    outer loop
      vertex 42.0278 9.08708 104.245
      vertex 52.4167 9.32779 102.641
      vertex 42.0278 9.32779 102.641
    endloop
  endfacet
  facet normal 0 0.987836 0.155498
    outer loop
      vertex 52.4167 9.08708 104.245
      vertex 42.0278 8.83459 105.849
      vertex 52.4167 8.83459 105.849
    endloop
  endfacet
  facet normal 0 0.987836 0.155498
    outer loop
      vertex 42.0278 8.83459 105.849
      vertex 52.4167 9.08708 104.245
      vertex 42.0278 9.08708 104.245
    endloop
  endfacet
  facet normal 0 0.987016 0.160624
    outer loop
      vertex 52.4167 8.83459 105.849
      vertex 42.0278 8.57356 107.453
      vertex 52.4167 8.57356 107.453
    endloop
  endfacet
  facet normal 0 0.987016 0.160624
    outer loop
      vertex 42.0278 8.57356 107.453
      vertex 52.4167 8.83459 105.849
      vertex 42.0278 8.83459 105.849
    endloop
  endfacet
  facet normal 0 0.986527 0.163601
    outer loop
      vertex 52.4167 8.57356 107.453
      vertex 42.0278 8.30756 109.057
      vertex 52.4167 8.30756 109.057
    endloop
  endfacet
  facet normal 0 0.986527 0.163601
    outer loop
      vertex 42.0278 8.30756 109.057
      vertex 52.4167 8.57356 107.453
      vertex 42.0278 8.57356 107.453
    endloop
  endfacet
  facet normal 0 0.986388 0.164437
    outer loop
      vertex 52.4167 8.30756 109.057
      vertex 42.0278 8.04033 110.66
      vertex 52.4167 8.04033 110.66
    endloop
  endfacet
  facet normal 0 0.986388 0.164437
    outer loop
      vertex 42.0278 8.04033 110.66
      vertex 52.4167 8.30756 109.057
      vertex 42.0278 8.30756 109.057
    endloop
  endfacet
  facet normal 0 0.986675 0.162703
    outer loop
      vertex 52.4167 8.04033 110.66
      vertex 42.0278 7.77583 112.264
      vertex 52.4167 7.77583 112.264
    endloop
  endfacet
  facet normal 0 0.986675 0.162703
    outer loop
      vertex 42.0278 7.77583 112.264
      vertex 52.4167 8.04033 110.66
      vertex 42.0278 8.04033 110.66
    endloop
  endfacet
  facet normal 0 0.987344 0.158591
    outer loop
      vertex 52.4167 7.77583 112.264
      vertex 42.0278 7.51819 113.868
      vertex 52.4167 7.51819 113.868
    endloop
  endfacet
  facet normal 0 0.987344 0.158591
    outer loop
      vertex 42.0278 7.51819 113.868
      vertex 52.4167 7.77583 112.264
      vertex 42.0278 7.77583 112.264
    endloop
  endfacet
  facet normal 0 0.988382 0.151991
    outer loop
      vertex 52.4167 7.51819 113.868
      vertex 42.0278 7.27153 115.472
      vertex 52.4167 7.27153 115.472
    endloop
  endfacet
  facet normal 0 0.988382 0.151991
    outer loop
      vertex 42.0278 7.27153 115.472
      vertex 52.4167 7.51819 113.868
      vertex 42.0278 7.51819 113.868
    endloop
  endfacet
  facet normal 0 0.989734 0.142922
    outer loop
      vertex 52.4167 7.27153 115.472
      vertex 42.0278 7.04005 117.075
      vertex 52.4167 7.04005 117.075
    endloop
  endfacet
  facet normal 0 0.989734 0.142922
    outer loop
      vertex 42.0278 7.04005 117.075
      vertex 52.4167 7.27153 115.472
      vertex 42.0278 7.27153 115.472
    endloop
  endfacet
  facet normal 0 0.991365 0.131133
    outer loop
      vertex 52.4167 7.04005 117.075
      vertex 42.0278 6.82788 118.679
      vertex 52.4167 6.82788 118.679
    endloop
  endfacet
  facet normal 0 0.991365 0.131133
    outer loop
      vertex 42.0278 6.82788 118.679
      vertex 52.4167 7.04005 117.075
      vertex 42.0278 7.04005 117.075
    endloop
  endfacet
  facet normal 0 0.99314 0.116935
    outer loop
      vertex 52.4167 6.82788 118.679
      vertex 42.0278 6.63902 120.283
      vertex 52.4167 6.63902 120.283
    endloop
  endfacet
  facet normal 0 0.99314 0.116935
    outer loop
      vertex 42.0278 6.63902 120.283
      vertex 52.4167 6.82788 118.679
      vertex 42.0278 6.82788 118.679
    endloop
  endfacet
  facet normal 0 0.994953 0.100339
    outer loop
      vertex 52.4167 6.63902 120.283
      vertex 42.0278 6.47726 121.887
      vertex 52.4167 6.47726 121.887
    endloop
  endfacet
  facet normal 0 0.994953 0.100339
    outer loop
      vertex 42.0278 6.47726 121.887
      vertex 52.4167 6.63902 120.283
      vertex 42.0278 6.63902 120.283
    endloop
  endfacet
  facet normal 0 0.996674 0.0814862
    outer loop
      vertex 52.4167 6.47726 121.887
      vertex 42.0278 6.34612 123.491
      vertex 52.4167 6.34612 123.491
    endloop
  endfacet
  facet normal 0 0.996674 0.0814862
    outer loop
      vertex 42.0278 6.34612 123.491
      vertex 52.4167 6.47726 121.887
      vertex 42.0278 6.47726 121.887
    endloop
  endfacet
  facet normal 0 0.998163 0.0605934
    outer loop
      vertex 52.4167 6.34612 123.491
      vertex 42.0278 6.24881 125.094
      vertex 52.4167 6.24881 125.094
    endloop
  endfacet
  facet normal 0 0.998163 0.0605934
    outer loop
      vertex 42.0278 6.24881 125.094
      vertex 52.4167 6.34612 123.491
      vertex 42.0278 6.34612 123.491
    endloop
  endfacet
  facet normal 0 0.999286 0.0377847
    outer loop
      vertex 52.4167 6.24881 125.094
      vertex 42.0278 6.18816 126.698
      vertex 52.4167 6.18816 126.698
    endloop
  endfacet
  facet normal 0 0.999286 0.0377847
    outer loop
      vertex 42.0278 6.18816 126.698
      vertex 52.4167 6.24881 125.094
      vertex 42.0278 6.24881 125.094
    endloop
  endfacet
  facet normal 0 0.999909 0.0134713
    outer loop
      vertex 52.4167 6.18816 126.698
      vertex 42.0278 6.16655 128.302
      vertex 52.4167 6.16655 128.302
    endloop
  endfacet
  facet normal 0 0.999909 0.0134713
    outer loop
      vertex 42.0278 6.16655 128.302
      vertex 52.4167 6.18816 126.698
      vertex 42.0278 6.18816 126.698
    endloop
  endfacet
  facet normal 0 0.999927 -0.0120502
    outer loop
      vertex 52.4167 6.16655 128.302
      vertex 42.0278 6.18588 129.906
      vertex 52.4167 6.18588 129.906
    endloop
  endfacet
  facet normal 0 0.999927 -0.0120502
    outer loop
      vertex 42.0278 6.18588 129.906
      vertex 52.4167 6.16655 128.302
      vertex 42.0278 6.16655 128.302
    endloop
  endfacet
  facet normal 0 0.99926 -0.0384681
    outer loop
      vertex 52.4167 6.18588 129.906
      vertex 42.0278 6.24759 131.509
      vertex 52.4167 6.24759 131.509
    endloop
  endfacet
  facet normal 0 0.99926 -0.0384681
    outer loop
      vertex 42.0278 6.24759 131.509
      vertex 52.4167 6.18588 129.906
      vertex 42.0278 6.18588 129.906
    endloop
  endfacet
  facet normal 0 0.997866 -0.0652968
    outer loop
      vertex 52.4167 6.24759 131.509
      vertex 42.0278 6.35255 133.113
      vertex 52.4167 6.35255 133.113
    endloop
  endfacet
  facet normal 0 0.997866 -0.0652968
    outer loop
      vertex 42.0278 6.35255 133.113
      vertex 52.4167 6.24759 131.509
      vertex 42.0278 6.24759 131.509
    endloop
  endfacet
  facet normal 0 0.995738 -0.0922237
    outer loop
      vertex 52.4167 6.35255 133.113
      vertex 42.0278 6.50111 134.717
      vertex 52.4167 6.50111 134.717
    endloop
  endfacet
  facet normal 0 0.995738 -0.0922237
    outer loop
      vertex 42.0278 6.50111 134.717
      vertex 52.4167 6.35255 133.113
      vertex 42.0278 6.35255 133.113
    endloop
  endfacet
  facet normal 0 0.992914 -0.118834
    outer loop
      vertex 52.4167 6.50111 134.717
      vertex 42.0278 6.69308 136.321
      vertex 52.4167 6.69308 136.321
    endloop
  endfacet
  facet normal 0 0.992914 -0.118834
    outer loop
      vertex 42.0278 6.69308 136.321
      vertex 52.4167 6.50111 134.717
      vertex 42.0278 6.50111 134.717
    endloop
  endfacet
  facet normal 0 0.989467 -0.144762
    outer loop
      vertex 52.4167 6.69308 136.321
      vertex 42.0278 6.92775 137.925
      vertex 52.4167 6.92775 137.925
    endloop
  endfacet
  facet normal 0 0.989467 -0.144762
    outer loop
      vertex 42.0278 6.92775 137.925
      vertex 52.4167 6.69308 136.321
      vertex 42.0278 6.69308 136.321
    endloop
  endfacet
  facet normal 0 0.985487 -0.169752
    outer loop
      vertex 52.4167 6.92775 137.925
      vertex 42.0278 7.20387 139.528
      vertex 52.4167 7.20387 139.528
    endloop
  endfacet
  facet normal 0 0.985487 -0.169752
    outer loop
      vertex 42.0278 7.20387 139.528
      vertex 52.4167 6.92775 137.925
      vertex 42.0278 6.92775 137.925
    endloop
  endfacet
  facet normal 0 0.981163 -0.19318
    outer loop
      vertex 52.4167 7.20387 139.528
      vertex 42.0278 7.51968 141.132
      vertex 52.4167 7.51968 141.132
    endloop
  endfacet
  facet normal 0 0.981163 -0.19318
    outer loop
      vertex 42.0278 7.51968 141.132
      vertex 52.4167 7.20387 139.528
      vertex 42.0278 7.20387 139.528
    endloop
  endfacet
  facet normal 0 0.976588 -0.215117
    outer loop
      vertex 52.4167 7.51968 141.132
      vertex 42.0278 7.873 142.736
      vertex 52.4167 7.873 142.736
    endloop
  endfacet
  facet normal 0 0.976588 -0.215117
    outer loop
      vertex 42.0278 7.873 142.736
      vertex 52.4167 7.51968 141.132
      vertex 42.0278 7.51968 141.132
    endloop
  endfacet
  facet normal 0 0.971947 -0.2352
    outer loop
      vertex 52.4167 7.873 142.736
      vertex 42.0278 8.26115 144.34
      vertex 52.4167 8.26115 144.34
    endloop
  endfacet
  facet normal 0 0.971947 -0.2352
    outer loop
      vertex 42.0278 8.26115 144.34
      vertex 52.4167 7.873 142.736
      vertex 42.0278 7.873 142.736
    endloop
  endfacet
  facet normal 0 0.967352 -0.253437
    outer loop
      vertex 52.4167 8.26115 144.34
      vertex 42.0278 8.68112 145.943
      vertex 52.4167 8.68112 145.943
    endloop
  endfacet
  facet normal 0 0.967352 -0.253437
    outer loop
      vertex 42.0278 8.68112 145.943
      vertex 52.4167 8.26115 144.34
      vertex 42.0278 8.26115 144.34
    endloop
  endfacet
  facet normal 0 0.963084 -0.269201
    outer loop
      vertex 52.4167 8.68112 145.943
      vertex 42.0278 9.12947 147.547
      vertex 52.4167 9.12947 147.547
    endloop
  endfacet
  facet normal 0 0.963084 -0.269201
    outer loop
      vertex 42.0278 9.12947 147.547
      vertex 52.4167 8.68112 145.943
      vertex 42.0278 8.68112 145.943
    endloop
  endfacet
  facet normal 0 0.959164 -0.282852
    outer loop
      vertex 52.4167 9.12947 147.547
      vertex 42.0278 9.60248 149.151
      vertex 52.4167 9.60248 149.151
    endloop
  endfacet
  facet normal 0 0.959164 -0.282852
    outer loop
      vertex 42.0278 9.60248 149.151
      vertex 52.4167 9.12947 147.547
      vertex 42.0278 9.12947 147.547
    endloop
  endfacet
  facet normal 0 0.955749 -0.294185
    outer loop
      vertex 52.4167 9.60248 149.151
      vertex 42.0278 10.0962 150.755
      vertex 52.4167 10.0962 150.755
    endloop
  endfacet
  facet normal 0 0.955749 -0.294185
    outer loop
      vertex 42.0278 10.0962 150.755
      vertex 52.4167 9.60248 149.151
      vertex 42.0278 9.60248 149.151
    endloop
  endfacet
  facet normal 0 0.952899 -0.303287
    outer loop
      vertex 52.4167 10.0962 150.755
      vertex 42.0278 10.6064 152.358
      vertex 52.4167 10.6064 152.358
    endloop
  endfacet
  facet normal 0 0.952899 -0.303287
    outer loop
      vertex 42.0278 10.6064 152.358
      vertex 52.4167 10.0962 150.755
      vertex 42.0278 10.0962 150.755
    endloop
  endfacet
  facet normal 0 0.95086 -0.309622
    outer loop
      vertex 52.4167 10.6064 152.358
      vertex 42.0278 11.1287 153.962
      vertex 52.4167 11.1287 153.962
    endloop
  endfacet
  facet normal 0 0.95086 -0.309622
    outer loop
      vertex 42.0278 11.1287 153.962
      vertex 52.4167 10.6064 152.358
      vertex 42.0278 10.6064 152.358
    endloop
  endfacet
  facet normal 0 0.949544 -0.313634
    outer loop
      vertex 52.4167 11.1287 153.962
      vertex 42.0278 11.6585 155.566
      vertex 52.4167 11.6585 155.566
    endloop
  endfacet
  facet normal 0 0.949544 -0.313634
    outer loop
      vertex 42.0278 11.6585 155.566
      vertex 52.4167 11.1287 153.962
      vertex 42.0278 11.1287 153.962
    endloop
  endfacet
  facet normal 0 0.948996 -0.315287
    outer loop
      vertex 52.4167 11.6585 155.566
      vertex 42.0278 12.1914 157.17
      vertex 52.4167 12.1914 157.17
    endloop
  endfacet
  facet normal 0 0.948996 -0.315287
    outer loop
      vertex 42.0278 12.1914 157.17
      vertex 52.4167 11.6585 155.566
      vertex 42.0278 11.6585 155.566
    endloop
  endfacet
  facet normal 0 0.949279 -0.314434
    outer loop
      vertex 52.4167 12.1914 157.17
      vertex 42.0278 12.7227 158.774
      vertex 52.4167 12.7227 158.774
    endloop
  endfacet
  facet normal 0 0.949279 -0.314434
    outer loop
      vertex 42.0278 12.7227 158.774
      vertex 52.4167 12.1914 157.17
      vertex 42.0278 12.1914 157.17
    endloop
  endfacet
  facet normal 0 0.950313 -0.311297
    outer loop
      vertex 52.4167 12.7227 158.774
      vertex 42.0278 13.2478 160.377
      vertex 52.4167 13.2478 160.377
    endloop
  endfacet
  facet normal 0 0.950313 -0.311297
    outer loop
      vertex 42.0278 13.2478 160.377
      vertex 52.4167 12.7227 158.774
      vertex 42.0278 12.7227 158.774
    endloop
  endfacet
  facet normal 0 0.952231 -0.305379
    outer loop
      vertex 52.4167 13.2478 160.377
      vertex 42.0278 13.7622 161.981
      vertex 52.4167 13.7622 161.981
    endloop
  endfacet
  facet normal 0 0.952231 -0.305379
    outer loop
      vertex 42.0278 13.7622 161.981
      vertex 52.4167 13.2478 160.377
      vertex 42.0278 13.2478 160.377
    endloop
  endfacet
  facet normal 0 0.954844 -0.297109
    outer loop
      vertex 52.4167 13.7622 161.981
      vertex 42.0278 14.2613 163.585
      vertex 52.4167 14.2613 163.585
    endloop
  endfacet
  facet normal 0 0.954844 -0.297109
    outer loop
      vertex 42.0278 14.2613 163.585
      vertex 52.4167 13.7622 161.981
      vertex 42.0278 13.7622 161.981
    endloop
  endfacet
  facet normal 0 0.958105 -0.286416
    outer loop
      vertex 52.4167 14.2613 163.585
      vertex 42.0278 14.7408 165.189
      vertex 52.4167 14.7408 165.189
    endloop
  endfacet
  facet normal 0 0.958105 -0.286416
    outer loop
      vertex 42.0278 14.7408 165.189
      vertex 52.4167 14.2613 163.585
      vertex 42.0278 14.2613 163.585
    endloop
  endfacet
  facet normal 0 0.961856 -0.273556
    outer loop
      vertex 52.4167 14.7408 165.189
      vertex 42.0278 15.1967 166.792
      vertex 52.4167 15.1967 166.792
    endloop
  endfacet
  facet normal 0 0.961856 -0.273556
    outer loop
      vertex 42.0278 15.1967 166.792
      vertex 52.4167 14.7408 165.189
      vertex 42.0278 14.7408 165.189
    endloop
  endfacet
  facet normal 0 0.966165 -0.257925
    outer loop
      vertex 52.4167 15.1967 166.792
      vertex 42.0278 15.6249 168.396
      vertex 52.4167 15.6249 168.396
    endloop
  endfacet
  facet normal 0 0.966165 -0.257925
    outer loop
      vertex 42.0278 15.6249 168.396
      vertex 52.4167 15.1967 166.792
      vertex 42.0278 15.1967 166.792
    endloop
  endfacet
  facet normal 0 0.970752 -0.240086
    outer loop
      vertex 52.4167 15.6249 168.396
      vertex 42.0278 16.0216 170
      vertex 52.4167 16.0216 170
    endloop
  endfacet
  facet normal 0 0.970752 -0.240086
    outer loop
      vertex 42.0278 16.0216 170
      vertex 52.4167 15.6249 168.396
      vertex 42.0278 15.6249 168.396
    endloop
  endfacet
  facet normal 0 0.932648 -0.360787
    outer loop
      vertex 52.4167 16.6519 0
      vertex 42.0278 17.2723 1.60376
      vertex 52.4167 17.2723 1.60376
    endloop
  endfacet
  facet normal 0 0.932648 -0.360787
    outer loop
      vertex 42.0278 17.2723 1.60376
      vertex 52.4167 16.6519 0
      vertex 42.0278 16.6519 0
    endloop
  endfacet
  facet normal -1 0 0
    outer loop
      vertex 60.9167 0 0
      vertex 60.9167 18.3231 4.81131
      vertex 60.9167 18.222 3.20753
    endloop
  endfacet
  facet normal -1 -0 0
    outer loop
      vertex 60.9167 18.3231 4.81131
      vertex 60.9167 0 0
      vertex 60.9167 18.3045 6.41508
    endloop
  endfacet
  facet normal -1 0 0
    outer loop
      vertex 60.9167 0 0
      vertex 60.9167 18.222 3.20753
      vertex 60.9167 18.0037 1.60376
    endloop
  endfacet
  facet normal -1 -0 0
    outer loop
      vertex 60.9167 18.3045 6.41508
      vertex 60.9167 0 0
      vertex 60.9167 18.1659 8.01886
    endloop
  endfacet
  facet normal -1 0 0
    outer loop
      vertex 60.9167 0 0
      vertex 60.9167 18.0037 1.60376
      vertex 60.9167 17.6734 0
    endloop
  endfacet
  facet normal -1 -0 0
    outer loop
      vertex 60.9167 18.1659 8.01886
      vertex 60.9167 0 0
      vertex 60.9167 17.9097 9.62263
    endloop
  endfacet
  facet normal -1 -0 0
    outer loop
      vertex 60.9167 17.9097 9.62263
      vertex 60.9167 0 0
      vertex 60.9167 17.5407 11.2264
    endloop
  endfacet
  facet normal -1 -0 0
    outer loop
      vertex 60.9167 17.5407 11.2264
      vertex 60.9167 0 0
      vertex 60.9167 17.0661 12.8302
    endloop
  endfacet
  facet normal -1 -0 0
    outer loop
      vertex 60.9167 17.0661 12.8302
      vertex 60.9167 0 0
      vertex 60.9167 16.4952 14.434
    endloop
  endfacet
  facet normal -1 -0 0
    outer loop
      vertex 60.9167 16.4952 14.434
      vertex 60.9167 0 0
      vertex 60.9167 15.8394 16.0377
    endloop
  endfacet
  facet normal -1 -0 0
    outer loop
      vertex 60.9167 15.8394 16.0377
      vertex 60.9167 0 0
      vertex 60.9167 15.1117 17.6415
    endloop
  endfacet
  facet normal -1 -0 0
    outer loop
      vertex 60.9167 15.1117 17.6415
      vertex 60.9167 0 0
      vertex 60.9167 14.3267 19.2453
    endloop
  endfacet
  facet normal -1 -0 0
    outer loop
      vertex 60.9167 14.3267 19.2453
      vertex 60.9167 0 0
      vertex 60.9167 13.5 20.849
    endloop
  endfacet
  facet normal -1 -0 0
    outer loop
      vertex 60.9167 13.5 20.849
      vertex 60.9167 0 0
      vertex 60.9167 12.6481 22.4528
    endloop
  endfacet
  facet normal -1 -0 0
    outer loop
      vertex 60.9167 12.6481 22.4528
      vertex 60.9167 0 0
      vertex 60.9167 11.7878 24.0566
    endloop
  endfacet
  facet normal -1 -0 0
    outer loop
      vertex 60.9167 11.7878 24.0566
      vertex 60.9167 0 0
      vertex 60.9167 10.9359 25.6604
    endloop
  endfacet
  facet normal -1 -0 0
    outer loop
      vertex 60.9167 10.9359 25.6604
      vertex 60.9167 0 0
      vertex 60.9167 10.1091 27.2641
    endloop
  endfacet
  facet normal -1 -0 0
    outer loop
      vertex 60.9167 10.1091 27.2641
      vertex 60.9167 0 0
      vertex 60.9167 9.32341 28.8679
    endloop
  endfacet
  facet normal -1 -0 0
    outer loop
      vertex 60.9167 9.32341 28.8679
      vertex 60.9167 0 0
      vertex 60.9167 8.59361 30.4717
    endloop
  endfacet
  facet normal -1 -0 0
    outer loop
      vertex 60.9167 8.59361 30.4717
      vertex 60.9167 0 0
      vertex 60.9167 7.9333 32.0755
    endloop
  endfacet
  facet normal -1 -0 0
    outer loop
      vertex 60.9167 6.02278 40.0943
      vertex 60.9167 0 0
      vertex 60.9167 5.95859 41.6981
    endloop
  endfacet
  facet normal -1 -0 0
    outer loop
      vertex 60.9167 6.19669 38.4906
      vertex 60.9167 0 0
      vertex 60.9167 6.02278 40.0943
    endloop
  endfacet
  facet normal -1 -0 0
    outer loop
      vertex 60.9167 6.47926 36.8868
      vertex 60.9167 0 0
      vertex 60.9167 6.19669 38.4906
    endloop
  endfacet
  facet normal -1 -0 0
    outer loop
      vertex 60.9167 6.8671 35.283
      vertex 60.9167 0 0
      vertex 60.9167 6.47926 36.8868
    endloop
  endfacet
  facet normal -1 -0 0
    outer loop
      vertex 60.9167 7.35445 33.6792
      vertex 60.9167 0 0
      vertex 60.9167 6.8671 35.283
    endloop
  endfacet
  facet normal -1 -0 0
    outer loop
      vertex 60.9167 7.9333 32.0755
      vertex 60.9167 0 0
      vertex 60.9167 7.35445 33.6792
    endloop
  endfacet
  facet normal -1 0 0
    outer loop
      vertex 60.9167 16.0033 89.8113
      vertex 60.9167 16.0027 93.0189
      vertex 60.9167 16.0116 91.4151
    endloop
  endfacet
  facet normal -1 0 0
    outer loop
      vertex 60.9167 15.9821 88.2075
      vertex 60.9167 16.0027 93.0189
      vertex 60.9167 16.0033 89.8113
    endloop
  endfacet
  facet normal -1 0 0
    outer loop
      vertex 60.9167 15.9821 88.2075
      vertex 60.9167 15.9716 94.6226
      vertex 60.9167 16.0027 93.0189
    endloop
  endfacet
  facet normal -1 0 0
    outer loop
      vertex 60.9167 11.3375 60.9434
      vertex 60.9167 15.9821 88.2075
      vertex 60.9167 15.9507 86.6038
    endloop
  endfacet
  facet normal -1 0 0
    outer loop
      vertex 60.9167 15.9821 88.2075
      vertex 60.9167 15.9125 96.2264
      vertex 60.9167 15.9716 94.6226
    endloop
  endfacet
  facet normal -1 0 0
    outer loop
      vertex 60.9167 11.3375 60.9434
      vertex 60.9167 15.9507 86.6038
      vertex 60.9167 15.9096 85
    endloop
  endfacet
  facet normal -1 0 0
    outer loop
      vertex 60.9167 11.3375 60.9434
      vertex 60.9167 15.9096 85
      vertex 60.9167 15.8574 83.3962
    endloop
  endfacet
  facet normal -1 -0 0
    outer loop
      vertex 60.9167 15.9821 88.2075
      vertex 60.9167 11.3375 60.9434
      vertex 60.9167 15.9125 96.2264
    endloop
  endfacet
  facet normal -1 0 0
    outer loop
      vertex 60.9167 11.3375 60.9434
      vertex 60.9167 15.8574 83.3962
      vertex 60.9167 15.7908 81.7924
    endloop
  endfacet
  facet normal -1 0 0
    outer loop
      vertex 60.9167 11.3375 60.9434
      vertex 60.9167 15.7908 81.7924
      vertex 60.9167 15.7045 80.1887
    endloop
  endfacet
  facet normal -1 -0 0
    outer loop
      vertex 60.9167 15.9125 96.2264
      vertex 60.9167 11.3375 60.9434
      vertex 60.9167 15.8199 97.8302
    endloop
  endfacet
  facet normal -1 0 0
    outer loop
      vertex 60.9167 11.3375 60.9434
      vertex 60.9167 15.7045 80.1887
      vertex 60.9167 15.5922 78.5849
    endloop
  endfacet
  facet normal -1 -0 0
    outer loop
      vertex 60.9167 15.8199 97.8302
      vertex 60.9167 11.3375 60.9434
      vertex 60.9167 15.689 99.434
    endloop
  endfacet
  facet normal -1 0 0
    outer loop
      vertex 60.9167 11.9533 62.5472
      vertex 60.9167 15.5922 78.5849
      vertex 60.9167 15.4471 76.9811
    endloop
  endfacet
  facet normal -1 -0 0
    outer loop
      vertex 60.9167 15.689 99.434
      vertex 60.9167 11.3375 60.9434
      vertex 60.9167 15.516 101.038
    endloop
  endfacet
  facet normal -1 0 0
    outer loop
      vertex 60.9167 12.5378 64.1509
      vertex 60.9167 15.4471 76.9811
      vertex 60.9167 15.2624 75.3773
    endloop
  endfacet
  facet normal -1 -0 0
    outer loop
      vertex 60.9167 15.516 101.038
      vertex 60.9167 11.3375 60.9434
      vertex 60.9167 15.2983 102.641
    endloop
  endfacet
  facet normal -1 0 0
    outer loop
      vertex 60.9167 12.5378 64.1509
      vertex 60.9167 15.2624 75.3773
      vertex 60.9167 15.032 73.7736
    endloop
  endfacet
  facet normal -1 0 0
    outer loop
      vertex 60.9167 12.5378 64.1509
      vertex 60.9167 15.032 73.7736
      vertex 60.9167 14.7508 72.1698
    endloop
  endfacet
  facet normal -1 0 0
    outer loop
      vertex 60.9167 15.5922 78.5849
      vertex 60.9167 11.9533 62.5472
      vertex 60.9167 11.3375 60.9434
    endloop
  endfacet
  facet normal -1 0 0
    outer loop
      vertex 60.9167 12.5378 64.1509
      vertex 60.9167 14.7508 72.1698
      vertex 60.9167 14.4157 70.566
    endloop
  endfacet
  facet normal -1 0 0
    outer loop
      vertex 60.9167 15.4471 76.9811
      vertex 60.9167 12.5378 64.1509
      vertex 60.9167 11.9533 62.5472
    endloop
  endfacet
  facet normal -1 0 0
    outer loop
      vertex 60.9167 13.5797 67.3585
      vertex 60.9167 14.4157 70.566
      vertex 60.9167 14.0251 68.9622
    endloop
  endfacet
  facet normal -1 0 0
    outer loop
      vertex 60.9167 13.0823 65.7547
      vertex 60.9167 14.4157 70.566
      vertex 60.9167 13.5797 67.3585
    endloop
  endfacet
  facet normal -1 0 0
    outer loop
      vertex 60.9167 12.5378 64.1509
      vertex 60.9167 14.4157 70.566
      vertex 60.9167 13.0823 65.7547
    endloop
  endfacet
  facet normal -1 -0 0
    outer loop
      vertex 60.9167 15.2983 102.641
      vertex 60.9167 11.3375 60.9434
      vertex 60.9167 15.0351 104.245
    endloop
  endfacet
  facet normal -1 -0 0
    outer loop
      vertex 60.9167 15.0351 104.245
      vertex 60.9167 11.3375 60.9434
      vertex 60.9167 14.727 105.849
    endloop
  endfacet
  facet normal -1 -0 0
    outer loop
      vertex 60.9167 14.727 105.849
      vertex 60.9167 11.3375 60.9434
      vertex 60.9167 14.3764 107.453
    endloop
  endfacet
  facet normal -1 -0 0
    outer loop
      vertex 60.9167 14.3764 107.453
      vertex 60.9167 11.3375 60.9434
      vertex 60.9167 13.9868 109.057
    endloop
  endfacet
  facet normal -1 -0 0
    outer loop
      vertex 60.9167 13.9868 109.057
      vertex 60.9167 11.3375 60.9434
      vertex 60.9167 13.5636 110.66
    endloop
  endfacet
  facet normal -1 0 0
    outer loop
      vertex 60.9167 10.701 59.3396
      vertex 60.9167 13.5636 110.66
      vertex 60.9167 11.3375 60.9434
    endloop
  endfacet
  facet normal -1 -0 0
    outer loop
      vertex 60.9167 13.5636 110.66
      vertex 60.9167 10.701 59.3396
      vertex 60.9167 13.1129 112.264
    endloop
  endfacet
  facet normal -1 -0 0
    outer loop
      vertex 60.9167 13.1129 112.264
      vertex 60.9167 10.701 59.3396
      vertex 60.9167 12.6419 113.868
    endloop
  endfacet
  facet normal -1 0 0
    outer loop
      vertex 60.9167 10.0556 57.7358
      vertex 60.9167 12.6419 113.868
      vertex 60.9167 10.701 59.3396
    endloop
  endfacet
  facet normal -1 -0 0
    outer loop
      vertex 60.9167 12.6419 113.868
      vertex 60.9167 10.0556 57.7358
      vertex 60.9167 12.1585 115.472
    endloop
  endfacet
  facet normal -1 0 0
    outer loop
      vertex 60.9167 9.41405 56.1321
      vertex 60.9167 12.1585 115.472
      vertex 60.9167 10.0556 57.7358
    endloop
  endfacet
  facet normal -1 -0 0
    outer loop
      vertex 60.9167 12.1585 115.472
      vertex 60.9167 9.41405 56.1321
      vertex 60.9167 11.6712 117.075
    endloop
  endfacet
  facet normal -1 -0 0
    outer loop
      vertex 60.9167 11.6712 117.075
      vertex 60.9167 9.41405 56.1321
      vertex 60.9167 11.1886 118.679
    endloop
  endfacet
  facet normal -1 0 0
    outer loop
      vertex 60.9167 8.78986 54.5283
      vertex 60.9167 11.1886 118.679
      vertex 60.9167 9.41405 56.1321
    endloop
  endfacet
  facet normal -1 -0 0
    outer loop
      vertex 60.9167 11.1886 118.679
      vertex 60.9167 8.78986 54.5283
      vertex 60.9167 10.7191 120.283
    endloop
  endfacet
  facet normal -1 0 0
    outer loop
      vertex 60.9167 8.19679 52.9245
      vertex 60.9167 10.7191 120.283
      vertex 60.9167 8.78986 54.5283
    endloop
  endfacet
  facet normal -1 -0 0
    outer loop
      vertex 60.9167 10.7191 120.283
      vertex 60.9167 8.19679 52.9245
      vertex 60.9167 10.2713 121.887
    endloop
  endfacet
  facet normal -1 0 0
    outer loop
      vertex 60.9167 7.6485 51.3207
      vertex 60.9167 10.2713 121.887
      vertex 60.9167 8.19679 52.9245
    endloop
  endfacet
  facet normal -1 -0 0
    outer loop
      vertex 60.9167 10.2713 121.887
      vertex 60.9167 7.6485 51.3207
      vertex 60.9167 9.85283 123.491
    endloop
  endfacet
  facet normal -1 -0 0
    outer loop
      vertex 60.9167 9.85283 123.491
      vertex 60.9167 7.6485 51.3207
      vertex 60.9167 9.47118 125.094
    endloop
  endfacet
  facet normal -1 0 0
    outer loop
      vertex 60.9167 7.15813 49.717
      vertex 60.9167 9.47118 125.094
      vertex 60.9167 7.6485 51.3207
    endloop
  endfacet
  facet normal -1 -0 0
    outer loop
      vertex 60.9167 9.47118 125.094
      vertex 60.9167 7.15813 49.717
      vertex 60.9167 9.13287 126.698
    endloop
  endfacet
  facet normal -1 0 0
    outer loop
      vertex 60.9167 6.73802 48.1132
      vertex 60.9167 9.13287 126.698
      vertex 60.9167 7.15813 49.717
    endloop
  endfacet
  facet normal -1 -0 0
    outer loop
      vertex 60.9167 9.13287 126.698
      vertex 60.9167 6.73802 48.1132
      vertex 60.9167 8.84358 128.302
    endloop
  endfacet
  facet normal -1 -0 0
    outer loop
      vertex 60.9167 8.84358 128.302
      vertex 60.9167 6.73802 48.1132
      vertex 60.9167 8.60806 129.906
    endloop
  endfacet
  facet normal -1 0 0
    outer loop
      vertex 60.9167 0 170
      vertex 60.9167 16.3214 168.396
      vertex 60.9167 15.879 166.792
    endloop
  endfacet
  facet normal -1 0 0
    outer loop
      vertex 60.9167 0 170
      vertex 60.9167 15.879 166.792
      vertex 60.9167 15.41 165.189
    endloop
  endfacet
  facet normal -1 0 0
    outer loop
      vertex 60.9167 0 170
      vertex 60.9167 15.41 165.189
      vertex 60.9167 14.9187 163.585
    endloop
  endfacet
  facet normal -1 0 0
    outer loop
      vertex 60.9167 0 170
      vertex 60.9167 14.9187 163.585
      vertex 60.9167 14.4098 161.981
    endloop
  endfacet
  facet normal -1 0 0
    outer loop
      vertex 60.9167 0 170
      vertex 60.9167 14.4098 161.981
      vertex 60.9167 13.8881 160.377
    endloop
  endfacet
  facet normal -1 0 0
    outer loop
      vertex 60.9167 0 170
      vertex 60.9167 13.8881 160.377
      vertex 60.9167 13.3589 158.774
    endloop
  endfacet
  facet normal -1 0 0
    outer loop
      vertex 60.9167 0 170
      vertex 60.9167 13.3589 158.774
      vertex 60.9167 12.8275 157.17
    endloop
  endfacet
  facet normal -1 0 0
    outer loop
      vertex 60.9167 0 170
      vertex 60.9167 12.8275 157.17
      vertex 60.9167 12.2996 155.566
    endloop
  endfacet
  facet normal -1 0 0
    outer loop
      vertex 60.9167 0 170
      vertex 60.9167 12.2996 155.566
      vertex 60.9167 11.7809 153.962
    endloop
  endfacet
  facet normal -1 0 0
    outer loop
      vertex 60.9167 0 170
      vertex 60.9167 11.7809 153.962
      vertex 60.9167 11.2773 152.358
    endloop
  endfacet
  facet normal -1 0 0
    outer loop
      vertex 60.9167 6.39931 46.5094
      vertex 60.9167 8.60806 129.906
      vertex 60.9167 6.73802 48.1132
    endloop
  endfacet
  facet normal -1 0 0
    outer loop
      vertex 60.9167 0 170
      vertex 60.9167 8.60806 129.906
      vertex 60.9167 6.39931 46.5094
    endloop
  endfacet
  facet normal -1 0 0
    outer loop
      vertex 60.9167 8.60806 129.906
      vertex 60.9167 0 170
      vertex 60.9167 8.43004 131.509
    endloop
  endfacet
  facet normal -1 0 0
    outer loop
      vertex 60.9167 8.43004 131.509
      vertex 60.9167 0 170
      vertex 60.9167 8.31219 133.113
    endloop
  endfacet
  facet normal -1 0 0
    outer loop
      vertex 60.9167 8.31219 133.113
      vertex 60.9167 0 170
      vertex 60.9167 8.25615 134.717
    endloop
  endfacet
  facet normal -1 0 0
    outer loop
      vertex 60.9167 0 170
      vertex 60.9167 6.39931 46.5094
      vertex 60.9167 6.1516 44.9057
    endloop
  endfacet
  facet normal -1 0 0
    outer loop
      vertex 60.9167 0 170
      vertex 60.9167 6.1516 44.9057
      vertex 60.9167 6.00273 43.3019
    endloop
  endfacet
  facet normal -1 0 0
    outer loop
      vertex 60.9167 0 0
      vertex 60.9167 6.00273 43.3019
      vertex 60.9167 5.95859 41.6981
    endloop
  endfacet
  facet normal -1 -0 0
    outer loop
      vertex 60.9167 6.00273 43.3019
      vertex 60.9167 0 0
      vertex 60.9167 0 170
    endloop
  endfacet
  facet normal -1 0 0
    outer loop
      vertex 60.9167 8.25615 134.717
      vertex 60.9167 0 170
      vertex 60.9167 8.26253 136.321
    endloop
  endfacet
  facet normal -1 0 0
    outer loop
      vertex 60.9167 16.3214 168.396
      vertex 60.9167 0 170
      vertex 60.9167 16.7334 170
    endloop
  endfacet
  facet normal -1 0 0
    outer loop
      vertex 60.9167 10.7946 150.755
      vertex 60.9167 0 170
      vertex 60.9167 11.2773 152.358
    endloop
  endfacet
  facet normal -1 0 0
    outer loop
      vertex 60.9167 10.3386 149.151
      vertex 60.9167 0 170
      vertex 60.9167 10.7946 150.755
    endloop
  endfacet
  facet normal -1 0 0
    outer loop
      vertex 60.9167 9.9149 147.547
      vertex 60.9167 0 170
      vertex 60.9167 10.3386 149.151
    endloop
  endfacet
  facet normal -1 0 0
    outer loop
      vertex 60.9167 9.52905 145.943
      vertex 60.9167 0 170
      vertex 60.9167 9.9149 147.547
    endloop
  endfacet
  facet normal -1 0 0
    outer loop
      vertex 60.9167 9.18617 144.34
      vertex 60.9167 0 170
      vertex 60.9167 9.52905 145.943
    endloop
  endfacet
  facet normal -1 0 0
    outer loop
      vertex 60.9167 8.89098 142.736
      vertex 60.9167 0 170
      vertex 60.9167 9.18617 144.34
    endloop
  endfacet
  facet normal -1 0 0
    outer loop
      vertex 60.9167 8.64772 141.132
      vertex 60.9167 0 170
      vertex 60.9167 8.89098 142.736
    endloop
  endfacet
  facet normal -1 0 0
    outer loop
      vertex 60.9167 8.46005 139.528
      vertex 60.9167 0 170
      vertex 60.9167 8.64772 141.132
    endloop
  endfacet
  facet normal -1 0 0
    outer loop
      vertex 60.9167 8.33093 137.925
      vertex 60.9167 0 170
      vertex 60.9167 8.46005 139.528
    endloop
  endfacet
  facet normal -1 0 0
    outer loop
      vertex 60.9167 8.26253 136.321
      vertex 60.9167 0 170
      vertex 60.9167 8.33093 137.925
    endloop
  endfacet
  facet normal 1 -0 0
    outer loop
      vertex 71.3056 0 170
      vertex 71.3056 16.3214 168.396
      vertex 71.3056 16.7334 170
    endloop
  endfacet
  facet normal 1 0 0
    outer loop
      vertex 71.3056 16.3214 168.396
      vertex 71.3056 0 170
      vertex 71.3056 15.879 166.792
    endloop
  endfacet
  facet normal 1 0 0
    outer loop
      vertex 71.3056 15.879 166.792
      vertex 71.3056 0 170
      vertex 71.3056 15.41 165.189
    endloop
  endfacet
  facet normal 1 0 0
    outer loop
      vertex 71.3056 15.41 165.189
      vertex 71.3056 0 170
      vertex 71.3056 14.9187 163.585
    endloop
  endfacet
  facet normal 1 0 0
    outer loop
      vertex 71.3056 14.9187 163.585
      vertex 71.3056 0 170
      vertex 71.3056 14.4098 161.981
    endloop
  endfacet
  facet normal 1 0 0
    outer loop
      vertex 71.3056 14.4098 161.981
      vertex 71.3056 0 170
      vertex 71.3056 13.8881 160.377
    endloop
  endfacet
  facet normal 1 0 0
    outer loop
      vertex 71.3056 13.8881 160.377
      vertex 71.3056 0 170
      vertex 71.3056 13.3589 158.774
    endloop
  endfacet
  facet normal 1 0 0
    outer loop
      vertex 71.3056 13.3589 158.774
      vertex 71.3056 0 170
      vertex 71.3056 12.8275 157.17
    endloop
  endfacet
  facet normal 1 0 0
    outer loop
      vertex 71.3056 12.8275 157.17
      vertex 71.3056 0 170
      vertex 71.3056 12.2996 155.566
    endloop
  endfacet
  facet normal 1 0 0
    outer loop
      vertex 71.3056 12.2996 155.566
      vertex 71.3056 0 170
      vertex 71.3056 11.7809 153.962
    endloop
  endfacet
  facet normal 1 0 0
    outer loop
      vertex 71.3056 10.2713 121.887
      vertex 71.3056 7.6485 51.3207
      vertex 71.3056 8.19679 52.9245
    endloop
  endfacet
  facet normal 1 0 0
    outer loop
      vertex 71.3056 0 170
      vertex 71.3056 8.25615 134.717
      vertex 71.3056 8.26253 136.321
    endloop
  endfacet
  facet normal 1 0 0
    outer loop
      vertex 71.3056 8.31219 133.113
      vertex 71.3056 7.15813 49.717
      vertex 71.3056 7.6485 51.3207
    endloop
  endfacet
  facet normal 1 0 0
    outer loop
      vertex 71.3056 8.31219 133.113
      vertex 71.3056 6.73802 48.1132
      vertex 71.3056 7.15813 49.717
    endloop
  endfacet
  facet normal 1 0 0
    outer loop
      vertex 71.3056 8.31219 133.113
      vertex 71.3056 6.39931 46.5094
      vertex 71.3056 6.73802 48.1132
    endloop
  endfacet
  facet normal 1 0 0
    outer loop
      vertex 71.3056 8.31219 133.113
      vertex 71.3056 0 170
      vertex 71.3056 6.39931 46.5094
    endloop
  endfacet
  facet normal 1 0 0
    outer loop
      vertex 71.3056 6.39931 46.5094
      vertex 71.3056 0 170
      vertex 71.3056 6.1516 44.9057
    endloop
  endfacet
  facet normal 1 0 0
    outer loop
      vertex 71.3056 6.1516 44.9057
      vertex 71.3056 0 170
      vertex 71.3056 6.00273 43.3019
    endloop
  endfacet
  facet normal 1 0 0
    outer loop
      vertex 71.3056 0 0
      vertex 71.3056 6.00273 43.3019
      vertex 71.3056 0 170
    endloop
  endfacet
  facet normal 1 0 0
    outer loop
      vertex 71.3056 8.33093 137.925
      vertex 71.3056 0 170
      vertex 71.3056 8.26253 136.321
    endloop
  endfacet
  facet normal 1 0 0
    outer loop
      vertex 71.3056 8.46005 139.528
      vertex 71.3056 0 170
      vertex 71.3056 8.33093 137.925
    endloop
  endfacet
  facet normal 1 0 0
    outer loop
      vertex 71.3056 8.64772 141.132
      vertex 71.3056 0 170
      vertex 71.3056 8.46005 139.528
    endloop
  endfacet
  facet normal 1 0 0
    outer loop
      vertex 71.3056 8.89098 142.736
      vertex 71.3056 0 170
      vertex 71.3056 8.64772 141.132
    endloop
  endfacet
  facet normal 1 0 0
    outer loop
      vertex 71.3056 9.18617 144.34
      vertex 71.3056 0 170
      vertex 71.3056 8.89098 142.736
    endloop
  endfacet
  facet normal 1 0 0
    outer loop
      vertex 71.3056 9.52905 145.943
      vertex 71.3056 0 170
      vertex 71.3056 9.18617 144.34
    endloop
  endfacet
  facet normal 1 0 0
    outer loop
      vertex 71.3056 9.9149 147.547
      vertex 71.3056 0 170
      vertex 71.3056 9.52905 145.943
    endloop
  endfacet
  facet normal 1 0 0
    outer loop
      vertex 71.3056 10.3386 149.151
      vertex 71.3056 0 170
      vertex 71.3056 9.9149 147.547
    endloop
  endfacet
  facet normal 1 0 0
    outer loop
      vertex 71.3056 10.7946 150.755
      vertex 71.3056 0 170
      vertex 71.3056 10.3386 149.151
    endloop
  endfacet
  facet normal 1 0 0
    outer loop
      vertex 71.3056 11.2773 152.358
      vertex 71.3056 0 170
      vertex 71.3056 10.7946 150.755
    endloop
  endfacet
  facet normal 1 0 0
    outer loop
      vertex 71.3056 11.7809 153.962
      vertex 71.3056 0 170
      vertex 71.3056 11.2773 152.358
    endloop
  endfacet
  facet normal 1 0 0
    outer loop
      vertex 71.3056 16.0027 93.0189
      vertex 71.3056 16.0033 89.8113
      vertex 71.3056 16.0116 91.4151
    endloop
  endfacet
  facet normal 1 0 0
    outer loop
      vertex 71.3056 16.0027 93.0189
      vertex 71.3056 15.9821 88.2075
      vertex 71.3056 16.0033 89.8113
    endloop
  endfacet
  facet normal 1 0 0
    outer loop
      vertex 71.3056 15.9716 94.6226
      vertex 71.3056 15.9821 88.2075
      vertex 71.3056 16.0027 93.0189
    endloop
  endfacet
  facet normal 1 0 0
    outer loop
      vertex 71.3056 15.9125 96.2264
      vertex 71.3056 15.9821 88.2075
      vertex 71.3056 15.9716 94.6226
    endloop
  endfacet
  facet normal 1 0 0
    outer loop
      vertex 71.3056 11.3375 60.9434
      vertex 71.3056 15.9821 88.2075
      vertex 71.3056 15.9125 96.2264
    endloop
  endfacet
  facet normal 1 0 0
    outer loop
      vertex 71.3056 15.9821 88.2075
      vertex 71.3056 11.3375 60.9434
      vertex 71.3056 15.9507 86.6038
    endloop
  endfacet
  facet normal 1 0 0
    outer loop
      vertex 71.3056 15.9507 86.6038
      vertex 71.3056 11.3375 60.9434
      vertex 71.3056 15.9096 85
    endloop
  endfacet
  facet normal 1 0 0
    outer loop
      vertex 71.3056 11.3375 60.9434
      vertex 71.3056 15.9125 96.2264
      vertex 71.3056 15.8199 97.8302
    endloop
  endfacet
  facet normal 1 0 0
    outer loop
      vertex 71.3056 15.9096 85
      vertex 71.3056 11.3375 60.9434
      vertex 71.3056 15.8574 83.3962
    endloop
  endfacet
  facet normal 1 0 0
    outer loop
      vertex 71.3056 15.8574 83.3962
      vertex 71.3056 11.3375 60.9434
      vertex 71.3056 15.7908 81.7924
    endloop
  endfacet
  facet normal 1 0 0
    outer loop
      vertex 71.3056 11.3375 60.9434
      vertex 71.3056 15.8199 97.8302
      vertex 71.3056 15.689 99.434
    endloop
  endfacet
  facet normal 1 0 0
    outer loop
      vertex 71.3056 15.7908 81.7924
      vertex 71.3056 11.3375 60.9434
      vertex 71.3056 15.7045 80.1887
    endloop
  endfacet
  facet normal 1 0 0
    outer loop
      vertex 71.3056 11.3375 60.9434
      vertex 71.3056 15.689 99.434
      vertex 71.3056 15.516 101.038
    endloop
  endfacet
  facet normal 1 0 0
    outer loop
      vertex 71.3056 15.7045 80.1887
      vertex 71.3056 11.3375 60.9434
      vertex 71.3056 15.5922 78.5849
    endloop
  endfacet
  facet normal 1 0 0
    outer loop
      vertex 71.3056 11.3375 60.9434
      vertex 71.3056 15.516 101.038
      vertex 71.3056 15.2983 102.641
    endloop
  endfacet
  facet normal 1 0 -0
    outer loop
      vertex 71.3056 11.9533 62.5472
      vertex 71.3056 15.5922 78.5849
      vertex 71.3056 11.3375 60.9434
    endloop
  endfacet
  facet normal 1 0 0
    outer loop
      vertex 71.3056 11.3375 60.9434
      vertex 71.3056 15.2983 102.641
      vertex 71.3056 15.0351 104.245
    endloop
  endfacet
  facet normal 1 0 0
    outer loop
      vertex 71.3056 15.5922 78.5849
      vertex 71.3056 11.9533 62.5472
      vertex 71.3056 15.4471 76.9811
    endloop
  endfacet
  facet normal 1 0 -0
    outer loop
      vertex 71.3056 12.5378 64.1509
      vertex 71.3056 15.4471 76.9811
      vertex 71.3056 11.9533 62.5472
    endloop
  endfacet
  facet normal 1 0 0
    outer loop
      vertex 71.3056 11.3375 60.9434
      vertex 71.3056 15.0351 104.245
      vertex 71.3056 14.727 105.849
    endloop
  endfacet
  facet normal 1 0 0
    outer loop
      vertex 71.3056 15.2624 75.3773
      vertex 71.3056 12.5378 64.1509
      vertex 71.3056 15.032 73.7736
    endloop
  endfacet
  facet normal 1 0 0
    outer loop
      vertex 71.3056 11.3375 60.9434
      vertex 71.3056 14.727 105.849
      vertex 71.3056 14.3764 107.453
    endloop
  endfacet
  facet normal 1 0 0
    outer loop
      vertex 71.3056 14.7508 72.1698
      vertex 71.3056 12.5378 64.1509
      vertex 71.3056 14.4157 70.566
    endloop
  endfacet
  facet normal 1 0 0
    outer loop
      vertex 71.3056 11.3375 60.9434
      vertex 71.3056 14.3764 107.453
      vertex 71.3056 13.9868 109.057
    endloop
  endfacet
  facet normal 1 0 0
    outer loop
      vertex 71.3056 14.4157 70.566
      vertex 71.3056 13.5797 67.3585
      vertex 71.3056 14.0251 68.9622
    endloop
  endfacet
  facet normal 1 0 0
    outer loop
      vertex 71.3056 11.3375 60.9434
      vertex 71.3056 13.9868 109.057
      vertex 71.3056 13.5636 110.66
    endloop
  endfacet
  facet normal 1 0 0
    outer loop
      vertex 71.3056 10.701 59.3396
      vertex 71.3056 13.5636 110.66
      vertex 71.3056 13.1129 112.264
    endloop
  endfacet
  facet normal 1 0 0
    outer loop
      vertex 71.3056 14.4157 70.566
      vertex 71.3056 13.0823 65.7547
      vertex 71.3056 13.5797 67.3585
    endloop
  endfacet
  facet normal 1 0 0
    outer loop
      vertex 71.3056 10.701 59.3396
      vertex 71.3056 13.1129 112.264
      vertex 71.3056 12.6419 113.868
    endloop
  endfacet
  facet normal 1 0 0
    outer loop
      vertex 71.3056 14.4157 70.566
      vertex 71.3056 12.5378 64.1509
      vertex 71.3056 13.0823 65.7547
    endloop
  endfacet
  facet normal 1 0 0
    outer loop
      vertex 71.3056 10.0556 57.7358
      vertex 71.3056 12.6419 113.868
      vertex 71.3056 12.1585 115.472
    endloop
  endfacet
  facet normal 1 0 0
    outer loop
      vertex 71.3056 15.032 73.7736
      vertex 71.3056 12.5378 64.1509
      vertex 71.3056 14.7508 72.1698
    endloop
  endfacet
  facet normal 1 0 0
    outer loop
      vertex 71.3056 9.41405 56.1321
      vertex 71.3056 12.1585 115.472
      vertex 71.3056 11.6712 117.075
    endloop
  endfacet
  facet normal 1 0 0
    outer loop
      vertex 71.3056 15.4471 76.9811
      vertex 71.3056 12.5378 64.1509
      vertex 71.3056 15.2624 75.3773
    endloop
  endfacet
  facet normal 1 0 0
    outer loop
      vertex 71.3056 9.41405 56.1321
      vertex 71.3056 11.6712 117.075
      vertex 71.3056 11.1886 118.679
    endloop
  endfacet
  facet normal 1 0 0
    outer loop
      vertex 71.3056 8.78986 54.5283
      vertex 71.3056 11.1886 118.679
      vertex 71.3056 10.7191 120.283
    endloop
  endfacet
  facet normal 1 0 0
    outer loop
      vertex 71.3056 13.5636 110.66
      vertex 71.3056 10.701 59.3396
      vertex 71.3056 11.3375 60.9434
    endloop
  endfacet
  facet normal 1 0 0
    outer loop
      vertex 71.3056 8.19679 52.9245
      vertex 71.3056 10.7191 120.283
      vertex 71.3056 10.2713 121.887
    endloop
  endfacet
  facet normal 1 0 0
    outer loop
      vertex 71.3056 12.6419 113.868
      vertex 71.3056 10.0556 57.7358
      vertex 71.3056 10.701 59.3396
    endloop
  endfacet
  facet normal 1 0 0
    outer loop
      vertex 71.3056 7.6485 51.3207
      vertex 71.3056 10.2713 121.887
      vertex 71.3056 9.85283 123.491
    endloop
  endfacet
  facet normal 1 0 0
    outer loop
      vertex 71.3056 7.6485 51.3207
      vertex 71.3056 9.85283 123.491
      vertex 71.3056 9.47118 125.094
    endloop
  endfacet
  facet normal 1 0 0
    outer loop
      vertex 71.3056 12.1585 115.472
      vertex 71.3056 9.41405 56.1321
      vertex 71.3056 10.0556 57.7358
    endloop
  endfacet
  facet normal 1 0 0
    outer loop
      vertex 71.3056 7.6485 51.3207
      vertex 71.3056 9.47118 125.094
      vertex 71.3056 9.13287 126.698
    endloop
  endfacet
  facet normal 1 0 0
    outer loop
      vertex 71.3056 7.6485 51.3207
      vertex 71.3056 9.13287 126.698
      vertex 71.3056 8.84358 128.302
    endloop
  endfacet
  facet normal 1 0 0
    outer loop
      vertex 71.3056 11.1886 118.679
      vertex 71.3056 8.78986 54.5283
      vertex 71.3056 9.41405 56.1321
    endloop
  endfacet
  facet normal 1 0 0
    outer loop
      vertex 71.3056 7.6485 51.3207
      vertex 71.3056 8.84358 128.302
      vertex 71.3056 8.60806 129.906
    endloop
  endfacet
  facet normal 1 0 0
    outer loop
      vertex 71.3056 7.6485 51.3207
      vertex 71.3056 8.60806 129.906
      vertex 71.3056 8.43004 131.509
    endloop
  endfacet
  facet normal 1 0 0
    outer loop
      vertex 71.3056 7.6485 51.3207
      vertex 71.3056 8.43004 131.509
      vertex 71.3056 8.31219 133.113
    endloop
  endfacet
  facet normal 1 0 0
    outer loop
      vertex 71.3056 0 170
      vertex 71.3056 8.31219 133.113
      vertex 71.3056 8.25615 134.717
    endloop
  endfacet
  facet normal 1 0 0
    outer loop
      vertex 71.3056 10.7191 120.283
      vertex 71.3056 8.19679 52.9245
      vertex 71.3056 8.78986 54.5283
    endloop
  endfacet
  facet normal 1 0 0
    outer loop
      vertex 71.3056 0 0
      vertex 71.3056 18.3231 4.81131
      vertex 71.3056 18.3045 6.41508
    endloop
  endfacet
  facet normal 1 0 0
    outer loop
      vertex 71.3056 0 0
      vertex 71.3056 18.3045 6.41508
      vertex 71.3056 18.1659 8.01886
    endloop
  endfacet
  facet normal 1 0 0
    outer loop
      vertex 71.3056 18.3231 4.81131
      vertex 71.3056 0 0
      vertex 71.3056 18.222 3.20753
    endloop
  endfacet
  facet normal 1 0 0
    outer loop
      vertex 71.3056 0 0
      vertex 71.3056 18.1659 8.01886
      vertex 71.3056 17.9097 9.62263
    endloop
  endfacet
  facet normal 1 0 0
    outer loop
      vertex 71.3056 18.222 3.20753
      vertex 71.3056 0 0
      vertex 71.3056 18.0037 1.60376
    endloop
  endfacet
  facet normal 1 0 0
    outer loop
      vertex 71.3056 0 0
      vertex 71.3056 17.9097 9.62263
      vertex 71.3056 17.5407 11.2264
    endloop
  endfacet
  facet normal 1 0 0
    outer loop
      vertex 71.3056 0 0
      vertex 71.3056 17.5407 11.2264
      vertex 71.3056 17.0661 12.8302
    endloop
  endfacet
  facet normal 1 0 0
    outer loop
      vertex 71.3056 0 0
      vertex 71.3056 17.0661 12.8302
      vertex 71.3056 16.4952 14.434
    endloop
  endfacet
  facet normal 1 0 0
    outer loop
      vertex 71.3056 0 0
      vertex 71.3056 16.4952 14.434
      vertex 71.3056 15.8394 16.0377
    endloop
  endfacet
  facet normal 1 0 0
    outer loop
      vertex 71.3056 0 0
      vertex 71.3056 15.8394 16.0377
      vertex 71.3056 15.1117 17.6415
    endloop
  endfacet
  facet normal 1 0 0
    outer loop
      vertex 71.3056 0 0
      vertex 71.3056 15.1117 17.6415
      vertex 71.3056 14.3267 19.2453
    endloop
  endfacet
  facet normal 1 0 0
    outer loop
      vertex 71.3056 0 0
      vertex 71.3056 14.3267 19.2453
      vertex 71.3056 13.5 20.849
    endloop
  endfacet
  facet normal 1 0 0
    outer loop
      vertex 71.3056 0 0
      vertex 71.3056 13.5 20.849
      vertex 71.3056 12.6481 22.4528
    endloop
  endfacet
  facet normal 1 0 0
    outer loop
      vertex 71.3056 0 0
      vertex 71.3056 12.6481 22.4528
      vertex 71.3056 11.7878 24.0566
    endloop
  endfacet
  facet normal 1 0 0
    outer loop
      vertex 71.3056 0 0
      vertex 71.3056 11.7878 24.0566
      vertex 71.3056 10.9359 25.6604
    endloop
  endfacet
  facet normal 1 0 0
    outer loop
      vertex 71.3056 0 0
      vertex 71.3056 10.9359 25.6604
      vertex 71.3056 10.1091 27.2641
    endloop
  endfacet
  facet normal 1 0 0
    outer loop
      vertex 71.3056 0 0
      vertex 71.3056 10.1091 27.2641
      vertex 71.3056 9.32341 28.8679
    endloop
  endfacet
  facet normal 1 0 0
    outer loop
      vertex 71.3056 0 0
      vertex 71.3056 9.32341 28.8679
      vertex 71.3056 8.59361 30.4717
    endloop
  endfacet
  facet normal 1 0 0
    outer loop
      vertex 71.3056 0 0
      vertex 71.3056 8.59361 30.4717
      vertex 71.3056 7.9333 32.0755
    endloop
  endfacet
  facet normal 1 0 0
    outer loop
      vertex 71.3056 0 0
      vertex 71.3056 7.9333 32.0755
      vertex 71.3056 7.35445 33.6792
    endloop
  endfacet
  facet normal 1 0 0
    outer loop
      vertex 71.3056 6.00273 43.3019
      vertex 71.3056 0 0
      vertex 71.3056 5.95859 41.6981
    endloop
  endfacet
  facet normal 1 0 0
    outer loop
      vertex 71.3056 18.0037 1.60376
      vertex 71.3056 0 0
      vertex 71.3056 17.6734 0
    endloop
  endfacet
  facet normal 1 0 0
    outer loop
      vertex 71.3056 6.8671 35.283
      vertex 71.3056 0 0
      vertex 71.3056 7.35445 33.6792
    endloop
  endfacet
  facet normal 1 0 0
    outer loop
      vertex 71.3056 6.47926 36.8868
      vertex 71.3056 0 0
      vertex 71.3056 6.8671 35.283
    endloop
  endfacet
  facet normal 1 0 0
    outer loop
      vertex 71.3056 6.19669 38.4906
      vertex 71.3056 0 0
      vertex 71.3056 6.47926 36.8868
    endloop
  endfacet
  facet normal 1 0 0
    outer loop
      vertex 71.3056 6.02278 40.0943
      vertex 71.3056 0 0
      vertex 71.3056 6.19669 38.4906
    endloop
  endfacet
  facet normal 1 0 0
    outer loop
      vertex 71.3056 5.95859 41.6981
      vertex 71.3056 0 0
      vertex 71.3056 6.02278 40.0943
    endloop
  endfacet
  facet normal 0 0.990863 -0.134873
    outer loop
      vertex 71.3056 18.0037 1.60376
      vertex 60.9167 18.222 3.20753
      vertex 71.3056 18.222 3.20753
    endloop
  endfacet
  facet normal 0 0.990863 -0.134873
    outer loop
      vertex 60.9167 18.222 3.20753
      vertex 71.3056 18.0037 1.60376
      vertex 60.9167 18.0037 1.60376
    endloop
  endfacet
  facet normal 0 0.998019 -0.0629137
    outer loop
      vertex 71.3056 18.222 3.20753
      vertex 60.9167 18.3231 4.81131
      vertex 71.3056 18.3231 4.81131
    endloop
  endfacet
  facet normal 0 0.998019 -0.0629137
    outer loop
      vertex 60.9167 18.3231 4.81131
      vertex 71.3056 18.222 3.20753
      vertex 60.9167 18.222 3.20753
    endloop
  endfacet
  facet normal 0 0.999933 0.0115969
    outer loop
      vertex 71.3056 18.3231 4.81131
      vertex 60.9167 18.3045 6.41508
      vertex 71.3056 18.3045 6.41508
    endloop
  endfacet
  facet normal 0 0.999933 0.0115969
    outer loop
      vertex 60.9167 18.3045 6.41508
      vertex 71.3056 18.3231 4.81131
      vertex 60.9167 18.3231 4.81131
    endloop
  endfacet
  facet normal 0 0.996287 0.0860999
    outer loop
      vertex 71.3056 18.3045 6.41508
      vertex 60.9167 18.1659 8.01886
      vertex 71.3056 18.1659 8.01886
    endloop
  endfacet
  facet normal 0 0.996287 0.0860999
    outer loop
      vertex 60.9167 18.1659 8.01886
      vertex 71.3056 18.3045 6.41508
      vertex 60.9167 18.3045 6.41508
    endloop
  endfacet
  facet normal 0 0.987479 0.157748
    outer loop
      vertex 71.3056 18.1659 8.01886
      vertex 60.9167 17.9097 9.62263
      vertex 71.3056 17.9097 9.62263
    endloop
  endfacet
  facet normal 0 0.987479 0.157748
    outer loop
      vertex 60.9167 17.9097 9.62263
      vertex 71.3056 18.1659 8.01886
      vertex 60.9167 18.1659 8.01886
    endloop
  endfacet
  facet normal 0 0.974538 0.224224
    outer loop
      vertex 71.3056 17.9097 9.62263
      vertex 60.9167 17.5407 11.2264
      vertex 71.3056 17.5407 11.2264
    endloop
  endfacet
  facet normal 0 0.974538 0.224224
    outer loop
      vertex 60.9167 17.5407 11.2264
      vertex 71.3056 17.9097 9.62263
      vertex 60.9167 17.9097 9.62263
    endloop
  endfacet
  facet normal 0 0.958896 0.283759
    outer loop
      vertex 71.3056 17.5407 11.2264
      vertex 60.9167 17.0661 12.8302
      vertex 71.3056 17.0661 12.8302
    endloop
  endfacet
  facet normal 0 0.958896 0.283759
    outer loop
      vertex 60.9167 17.0661 12.8302
      vertex 71.3056 17.5407 11.2264
      vertex 60.9167 17.5407 11.2264
    endloop
  endfacet
  facet normal 0 0.942092 0.335354
    outer loop
      vertex 71.3056 17.0661 12.8302
      vertex 60.9167 16.4952 14.434
      vertex 71.3056 16.4952 14.434
    endloop
  endfacet
  facet normal 0 0.942092 0.335354
    outer loop
      vertex 60.9167 16.4952 14.434
      vertex 71.3056 17.0661 12.8302
      vertex 60.9167 17.0661 12.8302
    endloop
  endfacet
  facet normal 0 0.925599 0.378505
    outer loop
      vertex 71.3056 16.4952 14.434
      vertex 60.9167 15.8394 16.0377
      vertex 71.3056 15.8394 16.0377
    endloop
  endfacet
  facet normal 0 0.925599 0.378505
    outer loop
      vertex 60.9167 15.8394 16.0377
      vertex 71.3056 16.4952 14.434
      vertex 60.9167 16.4952 14.434
    endloop
  endfacet
  facet normal 0 0.910644 0.413191
    outer loop
      vertex 71.3056 15.8394 16.0377
      vertex 60.9167 15.1117 17.6415
      vertex 71.3056 15.1117 17.6415
    endloop
  endfacet
  facet normal 0 0.910644 0.413191
    outer loop
      vertex 60.9167 15.1117 17.6415
      vertex 71.3056 15.8394 16.0377
      vertex 60.9167 15.8394 16.0377
    endloop
  endfacet
  facet normal 0 0.898181 0.439626
    outer loop
      vertex 71.3056 15.1117 17.6415
      vertex 60.9167 14.3267 19.2453
      vertex 71.3056 14.3267 19.2453
    endloop
  endfacet
  facet normal 0 0.898181 0.439626
    outer loop
      vertex 60.9167 14.3267 19.2453
      vertex 71.3056 15.1117 17.6415
      vertex 60.9167 15.1117 17.6415
    endloop
  endfacet
  facet normal 0 0.88885 0.458198
    outer loop
      vertex 71.3056 14.3267 19.2453
      vertex 60.9167 13.5 20.849
      vertex 71.3056 13.5 20.849
    endloop
  endfacet
  facet normal 0 0.88885 0.458198
    outer loop
      vertex 60.9167 13.5 20.849
      vertex 71.3056 14.3267 19.2453
      vertex 60.9167 14.3267 19.2453
    endloop
  endfacet
  facet normal 0 0.883143 0.469104
    outer loop
      vertex 71.3056 13.5 20.849
      vertex 60.9167 12.6481 22.4528
      vertex 71.3056 12.6481 22.4528
    endloop
  endfacet
  facet normal 0 0.883143 0.469104
    outer loop
      vertex 60.9167 12.6481 22.4528
      vertex 71.3056 13.5 20.849
      vertex 60.9167 13.5 20.849
    endloop
  endfacet
  facet normal 0 0.881223 0.4727
    outer loop
      vertex 71.3056 12.6481 22.4528
      vertex 60.9167 11.7878 24.0566
      vertex 71.3056 11.7878 24.0566
    endloop
  endfacet
  facet normal 0 0.881223 0.4727
    outer loop
      vertex 60.9167 11.7878 24.0566
      vertex 71.3056 12.6481 22.4528
      vertex 60.9167 12.6481 22.4528
    endloop
  endfacet
  facet normal 0 0.883143 0.469104
    outer loop
      vertex 71.3056 11.7878 24.0566
      vertex 60.9167 10.9359 25.6604
      vertex 71.3056 10.9359 25.6604
    endloop
  endfacet
  facet normal 0 0.883143 0.469104
    outer loop
      vertex 60.9167 10.9359 25.6604
      vertex 71.3056 11.7878 24.0566
      vertex 60.9167 11.7878 24.0566
    endloop
  endfacet
  facet normal 0 0.888828 0.458242
    outer loop
      vertex 71.3056 10.9359 25.6604
      vertex 60.9167 10.1091 27.2641
      vertex 71.3056 10.1091 27.2641
    endloop
  endfacet
  facet normal 0 0.888828 0.458242
    outer loop
      vertex 60.9167 10.1091 27.2641
      vertex 71.3056 10.9359 25.6604
      vertex 60.9167 10.9359 25.6604
    endloop
  endfacet
  facet normal 0 0.898028 0.439938
    outer loop
      vertex 71.3056 10.1091 27.2641
      vertex 60.9167 9.32341 28.8679
      vertex 71.3056 9.32341 28.8679
    endloop
  endfacet
  facet normal 0 0.898028 0.439938
    outer loop
      vertex 60.9167 9.32341 28.8679
      vertex 71.3056 10.1091 27.2641
      vertex 60.9167 10.1091 27.2641
    endloop
  endfacet
  facet normal 0 0.910195 0.414179
    outer loop
      vertex 71.3056 9.32341 28.8679
      vertex 60.9167 8.59361 30.4717
      vertex 71.3056 8.59361 30.4717
    endloop
  endfacet
  facet normal 0 0.910195 0.414179
    outer loop
      vertex 60.9167 8.59361 30.4717
      vertex 71.3056 9.32341 28.8679
      vertex 60.9167 9.32341 28.8679
    endloop
  endfacet
  facet normal 0 0.924694 0.380711
    outer loop
      vertex 71.3056 8.59361 30.4717
      vertex 60.9167 7.9333 32.0755
      vertex 71.3056 7.9333 32.0755
    endloop
  endfacet
  facet normal 0 0.924694 0.380711
    outer loop
      vertex 60.9167 7.9333 32.0755
      vertex 71.3056 8.59361 30.4717
      vertex 60.9167 8.59361 30.4717
    endloop
  endfacet
  facet normal 0 0.940603 0.339508
    outer loop
      vertex 71.3056 7.9333 32.0755
      vertex 60.9167 7.35445 33.6792
      vertex 71.3056 7.35445 33.6792
    endloop
  endfacet
  facet normal 0 0.940603 0.339508
    outer loop
      vertex 60.9167 7.35445 33.6792
      vertex 71.3056 7.9333 32.0755
      vertex 60.9167 7.9333 32.0755
    endloop
  endfacet
  facet normal 0 0.956801 0.290745
    outer loop
      vertex 71.3056 7.35445 33.6792
      vertex 60.9167 6.8671 35.283
      vertex 71.3056 6.8671 35.283
    endloop
  endfacet
  facet normal 0 0.956801 0.290745
    outer loop
      vertex 60.9167 6.8671 35.283
      vertex 71.3056 7.35445 33.6792
      vertex 60.9167 7.35445 33.6792
    endloop
  endfacet
  facet normal 0 0.971983 0.23505
    outer loop
      vertex 71.3056 6.8671 35.283
      vertex 60.9167 6.47926 36.8868
      vertex 71.3056 6.47926 36.8868
    endloop
  endfacet
  facet normal 0 0.971983 0.23505
    outer loop
      vertex 60.9167 6.47926 36.8868
      vertex 71.3056 6.8671 35.283
      vertex 60.9167 6.8671 35.283
    endloop
  endfacet
  facet normal 0 0.984831 0.173515
    outer loop
      vertex 71.3056 6.47926 36.8868
      vertex 60.9167 6.19669 38.4906
      vertex 71.3056 6.19669 38.4906
    endloop
  endfacet
  facet normal 0 0.984831 0.173515
    outer loop
      vertex 60.9167 6.19669 38.4906
      vertex 71.3056 6.47926 36.8868
      vertex 60.9167 6.47926 36.8868
    endloop
  endfacet
  facet normal 0 0.994171 0.107811
    outer loop
      vertex 71.3056 6.19669 38.4906
      vertex 60.9167 6.02278 40.0943
      vertex 71.3056 6.02278 40.0943
    endloop
  endfacet
  facet normal 0 0.994171 0.107811
    outer loop
      vertex 60.9167 6.02278 40.0943
      vertex 71.3056 6.19669 38.4906
      vertex 60.9167 6.19669 38.4906
    endloop
  endfacet
  facet normal 0 0.9992 0.0399917
    outer loop
      vertex 71.3056 6.02278 40.0943
      vertex 60.9167 5.95859 41.6981
      vertex 71.3056 5.95859 41.6981
    endloop
  endfacet
  facet normal 0 0.9992 0.0399917
    outer loop
      vertex 60.9167 5.95859 41.6981
      vertex 71.3056 6.02278 40.0943
      vertex 60.9167 6.02278 40.0943
    endloop
  endfacet
  facet normal 0 0.999621 -0.0275117
    outer loop
      vertex 71.3056 5.95859 41.6981
      vertex 60.9167 6.00273 43.3019
      vertex 71.3056 6.00273 43.3019
    endloop
  endfacet
  facet normal 0 0.999621 -0.0275117
    outer loop
      vertex 60.9167 6.00273 43.3019
      vertex 71.3056 5.95859 41.6981
      vertex 60.9167 5.95859 41.6981
    endloop
  endfacet
  facet normal 0 0.99572 -0.092426
    outer loop
      vertex 71.3056 6.00273 43.3019
      vertex 60.9167 6.1516 44.9057
      vertex 71.3056 6.1516 44.9057
    endloop
  endfacet
  facet normal 0 0.99572 -0.092426
    outer loop
      vertex 60.9167 6.1516 44.9057
      vertex 71.3056 6.00273 43.3019
      vertex 60.9167 6.00273 43.3019
    endloop
  endfacet
  facet normal 0 0.98828 -0.152651
    outer loop
      vertex 71.3056 6.1516 44.9057
      vertex 60.9167 6.39931 46.5094
      vertex 71.3056 6.39931 46.5094
    endloop
  endfacet
  facet normal 0 0.98828 -0.152651
    outer loop
      vertex 60.9167 6.39931 46.5094
      vertex 71.3056 6.1516 44.9057
      vertex 60.9167 6.1516 44.9057
    endloop
  endfacet
  facet normal 0 0.978418 -0.206634
    outer loop
      vertex 71.3056 6.39931 46.5094
      vertex 60.9167 6.73802 48.1132
      vertex 71.3056 6.73802 48.1132
    endloop
  endfacet
  facet normal 0 0.978418 -0.206634
    outer loop
      vertex 60.9167 6.73802 48.1132
      vertex 71.3056 6.39931 46.5094
      vertex 60.9167 6.39931 46.5094
    endloop
  endfacet
  facet normal 0 0.967362 -0.253397
    outer loop
      vertex 71.3056 6.73802 48.1132
      vertex 60.9167 7.15813 49.717
      vertex 71.3056 7.15813 49.717
    endloop
  endfacet
  facet normal 0 0.967362 -0.253397
    outer loop
      vertex 60.9167 7.15813 49.717
      vertex 71.3056 6.73802 48.1132
      vertex 60.9167 6.73802 48.1132
    endloop
  endfacet
  facet normal 0 0.956293 -0.29241
    outer loop
      vertex 71.3056 7.15813 49.717
      vertex 60.9167 7.6485 51.3207
      vertex 71.3056 7.6485 51.3207
    endloop
  endfacet
  facet normal 0 0.956293 -0.29241
    outer loop
      vertex 60.9167 7.6485 51.3207
      vertex 71.3056 7.15813 49.717
      vertex 60.9167 7.15813 49.717
    endloop
  endfacet
  facet normal 0 0.946232 -0.323488
    outer loop
      vertex 71.3056 7.6485 51.3207
      vertex 60.9167 8.19679 52.9245
      vertex 71.3056 8.19679 52.9245
    endloop
  endfacet
  facet normal 0 0.946232 -0.323488
    outer loop
      vertex 60.9167 8.19679 52.9245
      vertex 71.3056 7.6485 51.3207
      vertex 60.9167 7.6485 51.3207
    endloop
  endfacet
  facet normal 0 0.937926 -0.346836
    outer loop
      vertex 71.3056 8.19679 52.9245
      vertex 60.9167 8.78986 54.5283
      vertex 71.3056 8.78986 54.5283
    endloop
  endfacet
  facet normal 0 0.937926 -0.346836
    outer loop
      vertex 60.9167 8.78986 54.5283
      vertex 71.3056 8.19679 52.9245
      vertex 60.9167 8.19679 52.9245
    endloop
  endfacet
  facet normal 0 0.931908 -0.362694
    outer loop
      vertex 71.3056 8.78986 54.5283
      vertex 60.9167 9.41405 56.1321
      vertex 71.3056 9.41405 56.1321
    endloop
  endfacet
  facet normal 0 0.931908 -0.362694
    outer loop
      vertex 60.9167 9.41405 56.1321
      vertex 71.3056 8.78986 54.5283
      vertex 60.9167 8.78986 54.5283
    endloop
  endfacet
  facet normal 0 0.928463 -0.371426
    outer loop
      vertex 71.3056 9.41405 56.1321
      vertex 60.9167 10.0556 57.7358
      vertex 71.3056 10.0556 57.7358
    endloop
  endfacet
  facet normal 0 0.928463 -0.371426
    outer loop
      vertex 60.9167 10.0556 57.7358
      vertex 71.3056 9.41405 56.1321
      vertex 60.9167 9.41405 56.1321
    endloop
  endfacet
  facet normal 0 0.927701 -0.373325
    outer loop
      vertex 71.3056 10.0556 57.7358
      vertex 60.9167 10.701 59.3396
      vertex 71.3056 10.701 59.3396
    endloop
  endfacet
  facet normal 0 0.927701 -0.373325
    outer loop
      vertex 60.9167 10.701 59.3396
      vertex 71.3056 10.0556 57.7358
      vertex 60.9167 10.0556 57.7358
    endloop
  endfacet
  facet normal 0 0.929477 -0.368881
    outer loop
      vertex 71.3056 10.701 59.3396
      vertex 60.9167 11.3375 60.9434
      vertex 71.3056 11.3375 60.9434
    endloop
  endfacet
  facet normal 0 0.929477 -0.368881
    outer loop
      vertex 60.9167 11.3375 60.9434
      vertex 71.3056 10.701 59.3396
      vertex 60.9167 10.701 59.3396
    endloop
  endfacet
  facet normal 0 0.933549 -0.358449
    outer loop
      vertex 71.3056 11.3375 60.9434
      vertex 60.9167 11.9533 62.5472
      vertex 71.3056 11.9533 62.5472
    endloop
  endfacet
  facet normal 0 0.933549 -0.358449
    outer loop
      vertex 60.9167 11.9533 62.5472
      vertex 71.3056 11.3375 60.9434
      vertex 60.9167 11.3375 60.9434
    endloop
  endfacet
  facet normal 0 0.939542 -0.342434
    outer loop
      vertex 71.3056 11.9533 62.5472
      vertex 60.9167 12.5378 64.1509
      vertex 71.3056 12.5378 64.1509
    endloop
  endfacet
  facet normal 0 0.939542 -0.342434
    outer loop
      vertex 60.9167 12.5378 64.1509
      vertex 71.3056 11.9533 62.5472
      vertex 60.9167 11.9533 62.5472
    endloop
  endfacet
  facet normal 0 0.946915 -0.321484
    outer loop
      vertex 71.3056 12.5378 64.1509
      vertex 60.9167 13.0823 65.7547
      vertex 71.3056 13.0823 65.7547
    endloop
  endfacet
  facet normal 0 0.946915 -0.321484
    outer loop
      vertex 60.9167 13.0823 65.7547
      vertex 71.3056 12.5378 64.1509
      vertex 60.9167 12.5378 64.1509
    endloop
  endfacet
  facet normal 0 0.95512 -0.296219
    outer loop
      vertex 71.3056 13.0823 65.7547
      vertex 60.9167 13.5797 67.3585
      vertex 71.3056 13.5797 67.3585
    endloop
  endfacet
  facet normal 0 0.95512 -0.296219
    outer loop
      vertex 60.9167 13.5797 67.3585
      vertex 71.3056 13.0823 65.7547
      vertex 60.9167 13.0823 65.7547
    endloop
  endfacet
  facet normal 0 0.963529 -0.267604
    outer loop
      vertex 71.3056 13.5797 67.3585
      vertex 60.9167 14.0251 68.9622
      vertex 71.3056 14.0251 68.9622
    endloop
  endfacet
  facet normal 0 0.963529 -0.267604
    outer loop
      vertex 60.9167 14.0251 68.9622
      vertex 71.3056 13.5797 67.3585
      vertex 60.9167 13.5797 67.3585
    endloop
  endfacet
  facet normal 0 0.9716 -0.23663
    outer loop
      vertex 71.3056 14.0251 68.9622
      vertex 60.9167 14.4157 70.566
      vertex 71.3056 14.4157 70.566
    endloop
  endfacet
  facet normal 0 0.9716 -0.23663
    outer loop
      vertex 60.9167 14.4157 70.566
      vertex 71.3056 14.0251 68.9622
      vertex 60.9167 14.0251 68.9622
    endloop
  endfacet
  facet normal 0 0.978861 -0.204525
    outer loop
      vertex 71.3056 14.4157 70.566
      vertex 60.9167 14.7508 72.1698
      vertex 71.3056 14.7508 72.1698
    endloop
  endfacet
  facet normal 0 0.978861 -0.204525
    outer loop
      vertex 60.9167 14.7508 72.1698
      vertex 71.3056 14.4157 70.566
      vertex 60.9167 14.4157 70.566
    endloop
  endfacet
  facet normal 0 0.984975 -0.172699
    outer loop
      vertex 71.3056 14.7508 72.1698
      vertex 60.9167 15.032 73.7736
      vertex 71.3056 15.032 73.7736
    endloop
  endfacet
  facet normal 0 0.984975 -0.172699
    outer loop
      vertex 60.9167 15.032 73.7736
      vertex 71.3056 14.7508 72.1698
      vertex 60.9167 14.7508 72.1698
    endloop
  endfacet
  facet normal 0 0.989837 -0.142208
    outer loop
      vertex 71.3056 15.032 73.7736
      vertex 60.9167 15.2624 75.3773
      vertex 71.3056 15.2624 75.3773
    endloop
  endfacet
  facet normal 0 0.989837 -0.142208
    outer loop
      vertex 60.9167 15.2624 75.3773
      vertex 71.3056 15.032 73.7736
      vertex 60.9167 15.032 73.7736
    endloop
  endfacet
  facet normal 0 0.993434 -0.114408
    outer loop
      vertex 71.3056 15.2624 75.3773
      vertex 60.9167 15.4471 76.9811
      vertex 71.3056 15.4471 76.9811
    endloop
  endfacet
  facet normal 0 0.993434 -0.114408
    outer loop
      vertex 60.9167 15.4471 76.9811
      vertex 71.3056 15.2624 75.3773
      vertex 60.9167 15.2624 75.3773
    endloop
  endfacet
  facet normal 0 0.995932 -0.0901046
    outer loop
      vertex 71.3056 15.4471 76.9811
      vertex 60.9167 15.5922 78.5849
      vertex 71.3056 15.5922 78.5849
    endloop
  endfacet
  facet normal 0 0.995932 -0.0901046
    outer loop
      vertex 60.9167 15.5922 78.5849
      vertex 71.3056 15.4471 76.9811
      vertex 60.9167 15.4471 76.9811
    endloop
  endfacet
  facet normal 0 0.997557 -0.0698502
    outer loop
      vertex 71.3056 15.5922 78.5849
      vertex 60.9167 15.7045 80.1887
      vertex 71.3056 15.7045 80.1887
    endloop
  endfacet
  facet normal 0 0.997557 -0.0698502
    outer loop
      vertex 60.9167 15.7045 80.1887
      vertex 71.3056 15.5922 78.5849
      vertex 60.9167 15.5922 78.5849
    endloop
  endfacet
  facet normal 0 0.998555 -0.0537353
    outer loop
      vertex 71.3056 15.7045 80.1887
      vertex 60.9167 15.7908 81.7924
      vertex 71.3056 15.7908 81.7924
    endloop
  endfacet
  facet normal 0 0.998555 -0.0537353
    outer loop
      vertex 60.9167 15.7908 81.7924
      vertex 71.3056 15.7045 80.1887
      vertex 60.9167 15.7045 80.1887
    endloop
  endfacet
  facet normal 0 0.999139 -0.0414906
    outer loop
      vertex 71.3056 15.7908 81.7924
      vertex 60.9167 15.8574 83.3962
      vertex 71.3056 15.8574 83.3962
    endloop
  endfacet
  facet normal 0 0.999139 -0.0414906
    outer loop
      vertex 60.9167 15.8574 83.3962
      vertex 71.3056 15.7908 81.7924
      vertex 60.9167 15.7908 81.7924
    endloop
  endfacet
  facet normal 0 0.999471 -0.0325305
    outer loop
      vertex 71.3056 15.8574 83.3962
      vertex 60.9167 15.9096 85
      vertex 71.3056 15.9096 85
    endloop
  endfacet
  facet normal 0 0.999471 -0.0325305
    outer loop
      vertex 60.9167 15.9096 85
      vertex 71.3056 15.8574 83.3962
      vertex 60.9167 15.8574 83.3962
    endloop
  endfacet
  facet normal 0 0.999672 -0.0256182
    outer loop
      vertex 71.3056 15.9096 85
      vertex 60.9167 15.9507 86.6038
      vertex 71.3056 15.9507 86.6038
    endloop
  endfacet
  facet normal 0 0.999672 -0.0256182
    outer loop
      vertex 60.9167 15.9507 86.6038
      vertex 71.3056 15.9096 85
      vertex 60.9167 15.9096 85
    endloop
  endfacet
  facet normal 0 0.999808 -0.019576
    outer loop
      vertex 71.3056 15.9507 86.6038
      vertex 60.9167 15.9821 88.2075
      vertex 71.3056 15.9821 88.2075
    endloop
  endfacet
  facet normal 0 0.999808 -0.019576
    outer loop
      vertex 60.9167 15.9821 88.2075
      vertex 71.3056 15.9507 86.6038
      vertex 60.9167 15.9507 86.6038
    endloop
  endfacet
  facet normal 0 0.999913 -0.0132175
    outer loop
      vertex 71.3056 15.9821 88.2075
      vertex 60.9167 16.0033 89.8113
      vertex 71.3056 16.0033 89.8113
    endloop
  endfacet
  facet normal 0 0.999913 -0.0132175
    outer loop
      vertex 60.9167 16.0033 89.8113
      vertex 71.3056 15.9821 88.2075
      vertex 60.9167 15.9821 88.2075
    endloop
  endfacet
  facet normal 0 0.999987 -0.00517514
    outer loop
      vertex 71.3056 16.0033 89.8113
      vertex 60.9167 16.0116 91.4151
      vertex 71.3056 16.0116 91.4151
    endloop
  endfacet
  facet normal 0 0.999987 -0.00517514
    outer loop
      vertex 60.9167 16.0116 91.4151
      vertex 71.3056 16.0033 89.8113
      vertex 60.9167 16.0033 89.8113
    endloop
  endfacet
  facet normal 0 0.999985 0.00554923
    outer loop
      vertex 71.3056 16.0116 91.4151
      vertex 60.9167 16.0027 93.0189
      vertex 71.3056 16.0027 93.0189
    endloop
  endfacet
  facet normal 0 0.999985 0.00554923
    outer loop
      vertex 60.9167 16.0027 93.0189
      vertex 71.3056 16.0116 91.4151
      vertex 60.9167 16.0116 91.4151
    endloop
  endfacet
  facet normal 0 0.999812 0.019389
    outer loop
      vertex 71.3056 16.0027 93.0189
      vertex 60.9167 15.9716 94.6226
      vertex 71.3056 15.9716 94.6226
    endloop
  endfacet
  facet normal 0 0.999812 0.019389
    outer loop
      vertex 60.9167 15.9716 94.6226
      vertex 71.3056 16.0027 93.0189
      vertex 60.9167 16.0027 93.0189
    endloop
  endfacet
  facet normal 0 0.999322 0.036825
    outer loop
      vertex 71.3056 15.9716 94.6226
      vertex 60.9167 15.9125 96.2264
      vertex 71.3056 15.9125 96.2264
    endloop
  endfacet
  facet normal 0 0.999322 0.036825
    outer loop
      vertex 60.9167 15.9125 96.2264
      vertex 71.3056 15.9716 94.6226
      vertex 60.9167 15.9716 94.6226
    endloop
  endfacet
  facet normal 0 0.998337 0.0576419
    outer loop
      vertex 71.3056 15.9125 96.2264
      vertex 60.9167 15.8199 97.8302
      vertex 71.3056 15.8199 97.8302
    endloop
  endfacet
  facet normal 0 0.998337 0.0576419
    outer loop
      vertex 60.9167 15.8199 97.8302
      vertex 71.3056 15.9125 96.2264
      vertex 60.9167 15.9125 96.2264
    endloop
  endfacet
  facet normal 0 0.996686 0.0813482
    outer loop
      vertex 71.3056 15.8199 97.8302
      vertex 60.9167 15.689 99.434
      vertex 71.3056 15.689 99.434
    endloop
  endfacet
  facet normal 0 0.996686 0.0813482
    outer loop
      vertex 60.9167 15.689 99.434
      vertex 71.3056 15.8199 97.8302
      vertex 60.9167 15.8199 97.8302
    endloop
  endfacet
  facet normal 0 0.994234 0.107233
    outer loop
      vertex 71.3056 15.689 99.434
      vertex 60.9167 15.516 101.038
      vertex 71.3056 15.516 101.038
    endloop
  endfacet
  facet normal 0 0.994234 0.107233
    outer loop
      vertex 60.9167 15.516 101.038
      vertex 71.3056 15.689 99.434
      vertex 60.9167 15.689 99.434
    endloop
  endfacet
  facet normal 0 0.990904 0.134573
    outer loop
      vertex 71.3056 15.516 101.038
      vertex 60.9167 15.2983 102.641
      vertex 71.3056 15.2983 102.641
    endloop
  endfacet
  facet normal 0 0.990904 0.134573
    outer loop
      vertex 60.9167 15.2983 102.641
      vertex 71.3056 15.516 101.038
      vertex 60.9167 15.516 101.038
    endloop
  endfacet
  facet normal 0 0.986803 0.161924
    outer loop
      vertex 71.3056 15.2983 102.641
      vertex 60.9167 15.0351 104.245
      vertex 71.3056 15.0351 104.245
    endloop
  endfacet
  facet normal 0 0.986803 0.161924
    outer loop
      vertex 60.9167 15.0351 104.245
      vertex 71.3056 15.2983 102.641
      vertex 60.9167 15.2983 102.641
    endloop
  endfacet
  facet normal 0 0.982047 0.188634
    outer loop
      vertex 71.3056 15.0351 104.245
      vertex 60.9167 14.727 105.849
      vertex 71.3056 14.727 105.849
    endloop
  endfacet
  facet normal 0 0.982047 0.188634
    outer loop
      vertex 60.9167 14.727 105.849
      vertex 71.3056 15.0351 104.245
      vertex 60.9167 15.0351 104.245
    endloop
  endfacet
  facet normal 0 0.976935 0.213537
    outer loop
      vertex 71.3056 14.727 105.849
      vertex 60.9167 14.3764 107.453
      vertex 71.3056 14.3764 107.453
    endloop
  endfacet
  facet normal 0 0.976935 0.213537
    outer loop
      vertex 60.9167 14.3764 107.453
      vertex 71.3056 14.727 105.849
      vertex 60.9167 14.727 105.849
    endloop
  endfacet
  facet normal 0 0.971746 0.23603
    outer loop
      vertex 71.3056 14.3764 107.453
      vertex 60.9167 13.9868 109.057
      vertex 71.3056 13.9868 109.057
    endloop
  endfacet
  facet normal 0 0.971746 0.23603
    outer loop
      vertex 60.9167 13.9868 109.057
      vertex 71.3056 14.3764 107.453
      vertex 60.9167 14.3764 107.453
    endloop
  endfacet
  facet normal 0 0.966873 0.255259
    outer loop
      vertex 71.3056 13.9868 109.057
      vertex 60.9167 13.5636 110.66
      vertex 71.3056 13.5636 110.66
    endloop
  endfacet
  facet normal 0 0.966873 0.255259
    outer loop
      vertex 60.9167 13.5636 110.66
      vertex 71.3056 13.9868 109.057
      vertex 60.9167 13.9868 109.057
    endloop
  endfacet
  facet normal 0 0.962717 0.270509
    outer loop
      vertex 71.3056 13.5636 110.66
      vertex 60.9167 13.1129 112.264
      vertex 71.3056 13.1129 112.264
    endloop
  endfacet
  facet normal 0 0.962717 0.270509
    outer loop
      vertex 60.9167 13.1129 112.264
      vertex 71.3056 13.5636 110.66
      vertex 60.9167 13.5636 110.66
    endloop
  endfacet
  facet normal 0 0.959489 0.281745
    outer loop
      vertex 71.3056 13.1129 112.264
      vertex 60.9167 12.6419 113.868
      vertex 71.3056 12.6419 113.868
    endloop
  endfacet
  facet normal 0 0.959489 0.281745
    outer loop
      vertex 60.9167 12.6419 113.868
      vertex 71.3056 13.1129 112.264
      vertex 60.9167 13.1129 112.264
    endloop
  endfacet
  facet normal 0 0.957464 0.288552
    outer loop
      vertex 71.3056 12.6419 113.868
      vertex 60.9167 12.1585 115.472
      vertex 71.3056 12.1585 115.472
    endloop
  endfacet
  facet normal 0 0.957464 0.288552
    outer loop
      vertex 60.9167 12.1585 115.472
      vertex 71.3056 12.6419 113.868
      vertex 60.9167 12.6419 113.868
    endloop
  endfacet
  facet normal 0 0.956769 0.29085
    outer loop
      vertex 71.3056 12.1585 115.472
      vertex 60.9167 11.6712 117.075
      vertex 71.3056 11.6712 117.075
    endloop
  endfacet
  facet normal 0 0.956769 0.29085
    outer loop
      vertex 60.9167 11.6712 117.075
      vertex 71.3056 12.1585 115.472
      vertex 60.9167 12.1585 115.472
    endloop
  endfacet
  facet normal 0 0.957596 0.288115
    outer loop
      vertex 71.3056 11.6712 117.075
      vertex 60.9167 11.1886 118.679
      vertex 71.3056 11.1886 118.679
    endloop
  endfacet
  facet normal 0 0.957596 0.288115
    outer loop
      vertex 60.9167 11.1886 118.679
      vertex 71.3056 11.6712 117.075
      vertex 60.9167 11.6712 117.075
    endloop
  endfacet
  facet normal 0 0.959732 0.280919
    outer loop
      vertex 71.3056 11.1886 118.679
      vertex 60.9167 10.7191 120.283
      vertex 71.3056 10.7191 120.283
    endloop
  endfacet
  facet normal 0 0.959732 0.280919
    outer loop
      vertex 60.9167 10.7191 120.283
      vertex 71.3056 11.1886 118.679
      vertex 60.9167 11.1886 118.679
    endloop
  endfacet
  facet normal 0 0.96317 0.268895
    outer loop
      vertex 71.3056 10.7191 120.283
      vertex 60.9167 10.2713 121.887
      vertex 71.3056 10.2713 121.887
    endloop
  endfacet
  facet normal 0 0.96317 0.268895
    outer loop
      vertex 60.9167 10.2713 121.887
      vertex 71.3056 10.7191 120.283
      vertex 60.9167 10.7191 120.283
    endloop
  endfacet
  facet normal 0 0.967612 0.252442
    outer loop
      vertex 71.3056 10.2713 121.887
      vertex 60.9167 9.85283 123.491
      vertex 71.3056 9.85283 123.491
    endloop
  endfacet
  facet normal 0 0.967612 0.252442
    outer loop
      vertex 60.9167 9.85283 123.491
      vertex 71.3056 10.2713 121.887
      vertex 60.9167 10.2713 121.887
    endloop
  endfacet
  facet normal 0 0.972808 0.231611
    outer loop
      vertex 71.3056 9.85283 123.491
      vertex 60.9167 9.47118 125.094
      vertex 71.3056 9.47118 125.094
    endloop
  endfacet
  facet normal 0 0.972808 0.231611
    outer loop
      vertex 60.9167 9.47118 125.094
      vertex 71.3056 9.85283 123.491
      vertex 60.9167 9.85283 123.491
    endloop
  endfacet
  facet normal 0 0.978473 0.206376
    outer loop
      vertex 71.3056 9.47118 125.094
      vertex 60.9167 9.13287 126.698
      vertex 71.3056 9.13287 126.698
    endloop
  endfacet
  facet normal 0 0.978473 0.206376
    outer loop
      vertex 60.9167 9.13287 126.698
      vertex 71.3056 9.47118 125.094
      vertex 60.9167 9.47118 125.094
    endloop
  endfacet
  facet normal 0 0.984122 0.177492
    outer loop
      vertex 71.3056 9.13287 126.698
      vertex 60.9167 8.84358 128.302
      vertex 71.3056 8.84358 128.302
    endloop
  endfacet
  facet normal 0 0.984122 0.177492
    outer loop
      vertex 60.9167 8.84358 128.302
      vertex 71.3056 9.13287 126.698
      vertex 60.9167 9.13287 126.698
    endloop
  endfacet
  facet normal 0 0.989391 0.145275
    outer loop
      vertex 71.3056 8.84358 128.302
      vertex 60.9167 8.60806 129.906
      vertex 71.3056 8.60806 129.906
    endloop
  endfacet
  facet normal 0 0.989391 0.145275
    outer loop
      vertex 60.9167 8.60806 129.906
      vertex 71.3056 8.84358 128.302
      vertex 60.9167 8.84358 128.302
    endloop
  endfacet
  facet normal 0 0.99389 0.110376
    outer loop
      vertex 71.3056 8.60806 129.906
      vertex 60.9167 8.43004 131.509
      vertex 71.3056 8.43004 131.509
    endloop
  endfacet
  facet normal 0 0.99389 0.110376
    outer loop
      vertex 60.9167 8.43004 131.509
      vertex 71.3056 8.60806 129.906
      vertex 60.9167 8.60806 129.906
    endloop
  endfacet
  facet normal 0 0.997312 0.0732751
    outer loop
      vertex 71.3056 8.43004 131.509
      vertex 60.9167 8.31219 133.113
      vertex 71.3056 8.31219 133.113
    endloop
  endfacet
  facet normal 0 0.997312 0.0732751
    outer loop
      vertex 60.9167 8.31219 133.113
      vertex 71.3056 8.43004 131.509
      vertex 60.9167 8.43004 131.509
    endloop
  endfacet
  facet normal 0 0.99939 0.0349164
    outer loop
      vertex 71.3056 8.31219 133.113
      vertex 60.9167 8.25615 134.717
      vertex 71.3056 8.25615 134.717
    endloop
  endfacet
  facet normal 0 0.99939 0.0349164
    outer loop
      vertex 60.9167 8.25615 134.717
      vertex 71.3056 8.31219 133.113
      vertex 60.9167 8.31219 133.113
    endloop
  endfacet
  facet normal 0 0.999992 -0.00397752
    outer loop
      vertex 71.3056 8.25615 134.717
      vertex 60.9167 8.26253 136.321
      vertex 71.3056 8.26253 136.321
    endloop
  endfacet
  facet normal 0 0.999992 -0.00397752
    outer loop
      vertex 60.9167 8.26253 136.321
      vertex 71.3056 8.25615 134.717
      vertex 60.9167 8.25615 134.717
    endloop
  endfacet
  facet normal 0 0.999092 -0.0426047
    outer loop
      vertex 71.3056 8.26253 136.321
      vertex 60.9167 8.33093 137.925
      vertex 71.3056 8.33093 137.925
    endloop
  endfacet
  facet normal 0 0.999092 -0.0426047
    outer loop
      vertex 60.9167 8.33093 137.925
      vertex 71.3056 8.26253 136.321
      vertex 60.9167 8.26253 136.321
    endloop
  endfacet
  facet normal 0 0.996772 -0.0802889
    outer loop
      vertex 71.3056 8.33093 137.925
      vertex 60.9167 8.46005 139.528
      vertex 71.3056 8.46005 139.528
    endloop
  endfacet
  facet normal 0 0.996772 -0.0802889
    outer loop
      vertex 60.9167 8.46005 139.528
      vertex 71.3056 8.33093 137.925
      vertex 60.9167 8.33093 137.925
    endloop
  endfacet
  facet normal 0 0.993225 -0.116209
    outer loop
      vertex 71.3056 8.46005 139.528
      vertex 60.9167 8.64772 141.132
      vertex 71.3056 8.64772 141.132
    endloop
  endfacet
  facet normal 0 0.993225 -0.116209
    outer loop
      vertex 60.9167 8.64772 141.132
      vertex 71.3056 8.46005 139.528
      vertex 60.9167 8.46005 139.528
    endloop
  endfacet
  facet normal 0 0.988695 -0.149944
    outer loop
      vertex 71.3056 8.64772 141.132
      vertex 60.9167 8.89098 142.736
      vertex 71.3056 8.89098 142.736
    endloop
  endfacet
  facet normal 0 0.988695 -0.149944
    outer loop
      vertex 60.9167 8.89098 142.736
      vertex 71.3056 8.64772 141.132
      vertex 60.9167 8.64772 141.132
    endloop
  endfacet
  facet normal 0 0.983484 -0.180994
    outer loop
      vertex 71.3056 8.89098 142.736
      vertex 60.9167 9.18617 144.34
      vertex 71.3056 9.18617 144.34
    endloop
  endfacet
  facet normal 0 0.983484 -0.180994
    outer loop
      vertex 60.9167 9.18617 144.34
      vertex 71.3056 8.89098 142.736
      vertex 60.9167 8.89098 142.736
    endloop
  endfacet
  facet normal 0 0.97788 -0.209167
    outer loop
      vertex 71.3056 9.18617 144.34
      vertex 60.9167 9.52905 145.943
      vertex 71.3056 9.52905 145.943
    endloop
  endfacet
  facet normal 0 0.97788 -0.209167
    outer loop
      vertex 60.9167 9.52905 145.943
      vertex 71.3056 9.18617 144.34
      vertex 60.9167 9.18617 144.34
    endloop
  endfacet
  facet normal 0 0.972265 -0.233883
    outer loop
      vertex 71.3056 9.52905 145.943
      vertex 60.9167 9.9149 147.547
      vertex 71.3056 9.9149 147.547
    endloop
  endfacet
  facet normal 0 0.972265 -0.233883
    outer loop
      vertex 60.9167 9.9149 147.547
      vertex 71.3056 9.52905 145.943
      vertex 60.9167 9.52905 145.943
    endloop
  endfacet
  facet normal 0 0.966838 -0.255392
    outer loop
      vertex 71.3056 9.9149 147.547
      vertex 60.9167 10.3386 149.151
      vertex 71.3056 10.3386 149.151
    endloop
  endfacet
  facet normal 0 0.966838 -0.255392
    outer loop
      vertex 60.9167 10.3386 149.151
      vertex 71.3056 9.9149 147.547
      vertex 60.9167 9.9149 147.547
    endloop
  endfacet
  facet normal 0 0.961885 -0.273454
    outer loop
      vertex 71.3056 10.3386 149.151
      vertex 60.9167 10.7946 150.755
      vertex 71.3056 10.7946 150.755
    endloop
  endfacet
  facet normal 0 0.961885 -0.273454
    outer loop
      vertex 60.9167 10.7946 150.755
      vertex 71.3056 10.3386 149.151
      vertex 60.9167 10.3386 149.151
    endloop
  endfacet
  facet normal 0 0.95753 -0.288334
    outer loop
      vertex 71.3056 10.7946 150.755
      vertex 60.9167 11.2773 152.358
      vertex 71.3056 11.2773 152.358
    endloop
  endfacet
  facet normal 0 0.95753 -0.288334
    outer loop
      vertex 60.9167 11.2773 152.358
      vertex 71.3056 10.7946 150.755
      vertex 60.9167 10.7946 150.755
    endloop
  endfacet
  facet normal 0 0.954081 -0.299548
    outer loop
      vertex 71.3056 11.2773 152.358
      vertex 60.9167 11.7809 153.962
      vertex 71.3056 11.7809 153.962
    endloop
  endfacet
  facet normal 0 0.954081 -0.299548
    outer loop
      vertex 60.9167 11.7809 153.962
      vertex 71.3056 11.2773 152.358
      vertex 60.9167 11.2773 152.358
    endloop
  endfacet
  facet normal 0 0.951486 -0.307691
    outer loop
      vertex 71.3056 11.7809 153.962
      vertex 60.9167 12.2996 155.566
      vertex 71.3056 12.2996 155.566
    endloop
  endfacet
  facet normal 0 0.951486 -0.307691
    outer loop
      vertex 60.9167 12.2996 155.566
      vertex 71.3056 11.7809 153.962
      vertex 60.9167 11.7809 153.962
    endloop
  endfacet
  facet normal 0 0.949879 -0.312619
    outer loop
      vertex 71.3056 12.2996 155.566
      vertex 60.9167 12.8275 157.17
      vertex 71.3056 12.8275 157.17
    endloop
  endfacet
  facet normal 0 0.949879 -0.312619
    outer loop
      vertex 60.9167 12.8275 157.17
      vertex 71.3056 12.2996 155.566
      vertex 60.9167 12.2996 155.566
    endloop
  endfacet
  facet normal 0 0.949262 -0.314487
    outer loop
      vertex 71.3056 12.8275 157.17
      vertex 60.9167 13.3589 158.774
      vertex 71.3056 13.3589 158.774
    endloop
  endfacet
  facet normal 0 0.949262 -0.314487
    outer loop
      vertex 60.9167 13.3589 158.774
      vertex 71.3056 12.8275 157.17
      vertex 60.9167 12.8275 157.17
    endloop
  endfacet
  facet normal 0 0.949592 -0.31349
    outer loop
      vertex 71.3056 13.3589 158.774
      vertex 60.9167 13.8881 160.377
      vertex 71.3056 13.8881 160.377
    endloop
  endfacet
  facet normal 0 0.949592 -0.31349
    outer loop
      vertex 60.9167 13.8881 160.377
      vertex 71.3056 13.3589 158.774
      vertex 60.9167 13.3589 158.774
    endloop
  endfacet
  facet normal 0 0.950964 -0.309301
    outer loop
      vertex 71.3056 13.8881 160.377
      vertex 60.9167 14.4098 161.981
      vertex 71.3056 14.4098 161.981
    endloop
  endfacet
  facet normal 0 0.950964 -0.309301
    outer loop
      vertex 60.9167 14.4098 161.981
      vertex 71.3056 13.8881 160.377
      vertex 60.9167 13.8881 160.377
    endloop
  endfacet
  facet normal 0 0.953177 -0.302414
    outer loop
      vertex 71.3056 14.4098 161.981
      vertex 60.9167 14.9187 163.585
      vertex 71.3056 14.9187 163.585
    endloop
  endfacet
  facet normal 0 0.953177 -0.302414
    outer loop
      vertex 60.9167 14.9187 163.585
      vertex 71.3056 14.4098 161.981
      vertex 60.9167 14.4098 161.981
    endloop
  endfacet
  facet normal 0 0.956153 -0.292867
    outer loop
      vertex 71.3056 14.9187 163.585
      vertex 60.9167 15.41 165.189
      vertex 71.3056 15.41 165.189
    endloop
  endfacet
  facet normal 0 0.956153 -0.292867
    outer loop
      vertex 60.9167 15.41 165.189
      vertex 71.3056 14.9187 163.585
      vertex 60.9167 14.9187 163.585
    endloop
  endfacet
  facet normal 0 0.959765 -0.280805
    outer loop
      vertex 71.3056 15.41 165.189
      vertex 60.9167 15.879 166.792
      vertex 71.3056 15.879 166.792
    endloop
  endfacet
  facet normal 0 0.959765 -0.280805
    outer loop
      vertex 60.9167 15.879 166.792
      vertex 71.3056 15.41 165.189
      vertex 60.9167 15.41 165.189
    endloop
  endfacet
  facet normal 0 0.964005 -0.265883
    outer loop
      vertex 71.3056 15.879 166.792
      vertex 60.9167 16.3214 168.396
      vertex 71.3056 16.3214 168.396
    endloop
  endfacet
  facet normal 0 0.964005 -0.265883
    outer loop
      vertex 60.9167 16.3214 168.396
      vertex 71.3056 15.879 166.792
      vertex 60.9167 15.879 166.792
    endloop
  endfacet
  facet normal 0 0.968559 -0.248782
    outer loop
      vertex 71.3056 16.3214 168.396
      vertex 60.9167 16.7334 170
      vertex 71.3056 16.7334 170
    endloop
  endfacet
  facet normal 0 0.968559 -0.248782
    outer loop
      vertex 60.9167 16.7334 170
      vertex 71.3056 16.3214 168.396
      vertex 60.9167 16.3214 168.396
    endloop
  endfacet
  facet normal 0 0.979443 -0.20172
    outer loop
      vertex 71.3056 17.6734 0
      vertex 60.9167 18.0037 1.60376
      vertex 71.3056 18.0037 1.60376
    endloop
  endfacet
  facet normal 0 0.979443 -0.20172
    outer loop
      vertex 60.9167 18.0037 1.60376
      vertex 71.3056 17.6734 0
      vertex 60.9167 17.6734 0
    endloop
  endfacet
  facet normal -1 0 0
    outer loop
      vertex 79.8056 0 0
      vertex 79.8056 16.9786 3.20753
      vertex 79.8056 16.9017 1.60376
    endloop
  endfacet
  facet normal -1 -0 0
    outer loop
      vertex 79.8056 16.9786 3.20753
      vertex 79.8056 0 0
      vertex 79.8056 16.9296 4.81131
    endloop
  endfacet
  facet normal -1 0 0
    outer loop
      vertex 79.8056 0 0
      vertex 79.8056 16.9017 1.60376
      vertex 79.8056 16.7021 0
    endloop
  endfacet
  facet normal -1 -0 0
    outer loop
      vertex 79.8056 16.9296 4.81131
      vertex 79.8056 0 0
      vertex 79.8056 16.7544 6.41508
    endloop
  endfacet
  facet normal -1 -0 0
    outer loop
      vertex 79.8056 16.7544 6.41508
      vertex 79.8056 0 0
      vertex 79.8056 16.4552 8.01886
    endloop
  endfacet
  facet normal -1 -0 0
    outer loop
      vertex 79.8056 16.4552 8.01886
      vertex 79.8056 0 0
      vertex 79.8056 16.0371 9.62263
    endloop
  endfacet
  facet normal -1 -0 0
    outer loop
      vertex 79.8056 16.0371 9.62263
      vertex 79.8056 0 0
      vertex 79.8056 15.5079 11.2264
    endloop
  endfacet
  facet normal -1 -0 0
    outer loop
      vertex 79.8056 15.5079 11.2264
      vertex 79.8056 0 0
      vertex 79.8056 14.8777 12.8302
    endloop
  endfacet
  facet normal -1 -0 0
    outer loop
      vertex 79.8056 14.8777 12.8302
      vertex 79.8056 0 0
      vertex 79.8056 14.1591 14.434
    endloop
  endfacet
  facet normal -1 -0 0
    outer loop
      vertex 79.8056 14.1591 14.434
      vertex 79.8056 0 0
      vertex 79.8056 13.3665 16.0377
    endloop
  endfacet
  facet normal -1 -0 0
    outer loop
      vertex 79.8056 13.3665 16.0377
      vertex 79.8056 0 0
      vertex 79.8056 12.5164 17.6415
    endloop
  endfacet
  facet normal -1 -0 0
    outer loop
      vertex 79.8056 12.5164 17.6415
      vertex 79.8056 0 0
      vertex 79.8056 11.6262 19.2453
    endloop
  endfacet
  facet normal -1 -0 0
    outer loop
      vertex 79.8056 11.6262 19.2453
      vertex 79.8056 0 0
      vertex 79.8056 10.7146 20.849
    endloop
  endfacet
  facet normal -1 -0 0
    outer loop
      vertex 79.8056 10.7146 20.849
      vertex 79.8056 0 0
      vertex 79.8056 9.80104 22.4528
    endloop
  endfacet
  facet normal -1 -0 0
    outer loop
      vertex 79.8056 9.80104 22.4528
      vertex 79.8056 0 0
      vertex 79.8056 8.90489 24.0566
    endloop
  endfacet
  facet normal -1 -0 0
    outer loop
      vertex 79.8056 8.90489 24.0566
      vertex 79.8056 0 0
      vertex 79.8056 8.04541 25.6604
    endloop
  endfacet
  facet normal -1 -0 0
    outer loop
      vertex 79.8056 8.04541 25.6604
      vertex 79.8056 0 0
      vertex 79.8056 7.24117 27.2641
    endloop
  endfacet
  facet normal -1 -0 0
    outer loop
      vertex 79.8056 7.24117 27.2641
      vertex 79.8056 0 0
      vertex 79.8056 6.50963 28.8679
    endloop
  endfacet
  facet normal -1 -0 0
    outer loop
      vertex 79.8056 4.42905 36.8868
      vertex 79.8056 0 0
      vertex 79.8056 4.3924 38.4906
    endloop
  endfacet
  facet normal -1 -0 0
    outer loop
      vertex 79.8056 4.59988 35.283
      vertex 79.8056 0 0
      vertex 79.8056 4.42905 36.8868
    endloop
  endfacet
  facet normal -1 -0 0
    outer loop
      vertex 79.8056 4.90131 33.6792
      vertex 79.8056 0 0
      vertex 79.8056 4.59988 35.283
    endloop
  endfacet
  facet normal -1 -0 0
    outer loop
      vertex 79.8056 5.32672 32.0755
      vertex 79.8056 0 0
      vertex 79.8056 4.90131 33.6792
    endloop
  endfacet
  facet normal -1 -0 0
    outer loop
      vertex 79.8056 5.86679 30.4717
      vertex 79.8056 0 0
      vertex 79.8056 5.32672 32.0755
    endloop
  endfacet
  facet normal -1 -0 0
    outer loop
      vertex 79.8056 6.50963 28.8679
      vertex 79.8056 0 0
      vertex 79.8056 5.86679 30.4717
    endloop
  endfacet
  facet normal -1 0 0
    outer loop
      vertex 79.8056 15.2502 68.9622
      vertex 79.8056 15.1976 72.1698
      vertex 79.8056 15.2878 70.566
    endloop
  endfacet
  facet normal -1 0 0
    outer loop
      vertex 79.8056 15.0831 67.3585
      vertex 79.8056 15.1976 72.1698
      vertex 79.8056 15.2502 68.9622
    endloop
  endfacet
  facet normal -1 0 0
    outer loop
      vertex 79.8056 15.0831 67.3585
      vertex 79.8056 14.9855 73.7736
      vertex 79.8056 15.1976 72.1698
    endloop
  endfacet
  facet normal -1 0 0
    outer loop
      vertex 79.8056 14.7886 65.7547
      vertex 79.8056 14.9855 73.7736
      vertex 79.8056 15.0831 67.3585
    endloop
  endfacet
  facet normal -1 0 0
    outer loop
      vertex 79.8056 14.7886 65.7547
      vertex 79.8056 14.6618 75.3773
      vertex 79.8056 14.9855 73.7736
    endloop
  endfacet
  facet normal -1 0 0
    outer loop
      vertex 79.8056 14.3728 64.1509
      vertex 79.8056 14.6618 75.3773
      vertex 79.8056 14.7886 65.7547
    endloop
  endfacet
  facet normal -1 0 0
    outer loop
      vertex 79.8056 14.3728 64.1509
      vertex 79.8056 14.2419 76.9811
      vertex 79.8056 14.6618 75.3773
    endloop
  endfacet
  facet normal -1 0 0
    outer loop
      vertex 79.8056 13.8449 62.5472
      vertex 79.8056 14.2419 76.9811
      vertex 79.8056 14.3728 64.1509
    endloop
  endfacet
  facet normal -1 0 0
    outer loop
      vertex 79.8056 13.2177 60.9434
      vertex 79.8056 14.2419 76.9811
      vertex 79.8056 13.8449 62.5472
    endloop
  endfacet
  facet normal -1 -0 0
    outer loop
      vertex 79.8056 14.2419 76.9811
      vertex 79.8056 13.2177 60.9434
      vertex 79.8056 13.747 78.5849
    endloop
  endfacet
  facet normal -1 0 0
    outer loop
      vertex 79.8056 12.5064 59.3396
      vertex 79.8056 13.747 78.5849
      vertex 79.8056 13.2177 60.9434
    endloop
  endfacet
  facet normal -1 -0 0
    outer loop
      vertex 79.8056 13.747 78.5849
      vertex 79.8056 12.5064 59.3396
      vertex 79.8056 13.208 80.1887
    endloop
  endfacet
  facet normal -1 0 0
    outer loop
      vertex 79.8056 11.7286 57.7358
      vertex 79.8056 13.208 80.1887
      vertex 79.8056 12.5064 59.3396
    endloop
  endfacet
  facet normal -1 0 0
    outer loop
      vertex 79.8056 10.9037 56.1321
      vertex 79.8056 13.208 80.1887
      vertex 79.8056 11.7286 57.7358
    endloop
  endfacet
  facet normal -1 -0 0
    outer loop
      vertex 79.8056 13.208 80.1887
      vertex 79.8056 10.9037 56.1321
      vertex 79.8056 12.6741 81.7924
    endloop
  endfacet
  facet normal -1 0 0
    outer loop
      vertex 79.8056 10.0521 54.5283
      vertex 79.8056 12.6741 81.7924
      vertex 79.8056 10.9037 56.1321
    endloop
  endfacet
  facet normal -1 0 0
    outer loop
      vertex 79.8056 17.5146 101.038
      vertex 79.8056 17.5998 104.245
      vertex 79.8056 17.6192 102.641
    endloop
  endfacet
  facet normal -1 0 0
    outer loop
      vertex 79.8056 17.5146 101.038
      vertex 79.8056 17.4616 105.849
      vertex 79.8056 17.5998 104.245
    endloop
  endfacet
  facet normal -1 0 0
    outer loop
      vertex 79.8056 17.2842 99.434
      vertex 79.8056 17.4616 105.849
      vertex 79.8056 17.5146 101.038
    endloop
  endfacet
  facet normal -1 0 0
    outer loop
      vertex 79.8056 17.2842 99.434
      vertex 79.8056 17.2127 107.453
      vertex 79.8056 17.4616 105.849
    endloop
  endfacet
  facet normal -1 0 0
    outer loop
      vertex 79.8056 16.9297 97.8302
      vertex 79.8056 17.2127 107.453
      vertex 79.8056 17.2842 99.434
    endloop
  endfacet
  facet normal -1 0 0
    outer loop
      vertex 79.8056 16.4569 96.2264
      vertex 79.8056 17.2127 107.453
      vertex 79.8056 16.9297 97.8302
    endloop
  endfacet
  facet normal -1 -0 0
    outer loop
      vertex 79.8056 17.2127 107.453
      vertex 79.8056 16.4569 96.2264
      vertex 79.8056 16.8635 109.057
    endloop
  endfacet
  facet normal -1 0 0
    outer loop
      vertex 79.8056 15.8759 94.6226
      vertex 79.8056 16.8635 109.057
      vertex 79.8056 16.4569 96.2264
    endloop
  endfacet
  facet normal -1 -0 0
    outer loop
      vertex 79.8056 16.8635 109.057
      vertex 79.8056 15.8759 94.6226
      vertex 79.8056 16.4267 110.66
    endloop
  endfacet
  facet normal -1 0 0
    outer loop
      vertex 79.8056 15.2024 93.0189
      vertex 79.8056 16.4267 110.66
      vertex 79.8056 15.8759 94.6226
    endloop
  endfacet
  facet normal -1 -0 0
    outer loop
      vertex 79.8056 16.4267 110.66
      vertex 79.8056 15.2024 93.0189
      vertex 79.8056 15.9166 112.264
    endloop
  endfacet
  facet normal -1 0 0
    outer loop
      vertex 79.8056 14.459 91.4151
      vertex 79.8056 15.9166 112.264
      vertex 79.8056 15.2024 93.0189
    endloop
  endfacet
  facet normal -1 -0 0
    outer loop
      vertex 79.8056 15.9166 112.264
      vertex 79.8056 14.459 91.4151
      vertex 79.8056 15.3486 113.868
    endloop
  endfacet
  facet normal -1 -0 0
    outer loop
      vertex 79.8056 15.3486 113.868
      vertex 79.8056 14.459 91.4151
      vertex 79.8056 14.7388 115.472
    endloop
  endfacet
  facet normal -1 0 0
    outer loop
      vertex 79.8056 13.681 89.8113
      vertex 79.8056 14.7388 115.472
      vertex 79.8056 14.459 91.4151
    endloop
  endfacet
  facet normal -1 -0 0
    outer loop
      vertex 79.8056 14.7388 115.472
      vertex 79.8056 13.681 89.8113
      vertex 79.8056 14.1035 117.075
    endloop
  endfacet
  facet normal -1 0 0
    outer loop
      vertex 79.8056 12.9298 88.2075
      vertex 79.8056 14.1035 117.075
      vertex 79.8056 13.681 89.8113
    endloop
  endfacet
  facet normal -1 -0 0
    outer loop
      vertex 79.8056 14.1035 117.075
      vertex 79.8056 12.9298 88.2075
      vertex 79.8056 13.4588 118.679
    endloop
  endfacet
  facet normal -1 0 0
    outer loop
      vertex 79.8056 12.9298 88.2075
      vertex 79.8056 12.8202 120.283
      vertex 79.8056 13.4588 118.679
    endloop
  endfacet
  facet normal -1 0 0
    outer loop
      vertex 79.8056 12.3256 86.6038
      vertex 79.8056 12.8202 120.283
      vertex 79.8056 12.9298 88.2075
    endloop
  endfacet
  facet normal -1 0 0
    outer loop
      vertex 79.8056 12.3256 86.6038
      vertex 79.8056 12.2022 121.887
      vertex 79.8056 12.8202 120.283
    endloop
  endfacet
  facet normal -1 0 0
    outer loop
      vertex 79.8056 10.5974 126.698
      vertex 79.8056 12.3256 86.6038
      vertex 79.8056 12.0658 85
    endloop
  endfacet
  facet normal -1 0 0
    outer loop
      vertex 79.8056 9.19528 52.9245
      vertex 79.8056 12.6741 81.7924
      vertex 79.8056 10.0521 54.5283
    endloop
  endfacet
  facet normal -1 -0 0
    outer loop
      vertex 79.8056 12.6741 81.7924
      vertex 79.8056 9.19528 52.9245
      vertex 79.8056 12.2364 83.3962
    endloop
  endfacet
  facet normal -1 0 0
    outer loop
      vertex 79.8056 8.35443 51.3207
      vertex 79.8056 12.2364 83.3962
      vertex 79.8056 9.19528 52.9245
    endloop
  endfacet
  facet normal -1 0 0
    outer loop
      vertex 79.8056 7.55049 49.717
      vertex 79.8056 12.2364 83.3962
      vertex 79.8056 8.35443 51.3207
    endloop
  endfacet
  facet normal -1 0 0
    outer loop
      vertex 79.8056 6.80334 48.1132
      vertex 79.8056 12.2364 83.3962
      vertex 79.8056 7.55049 49.717
    endloop
  endfacet
  facet normal -1 0 0
    outer loop
      vertex 79.8056 12.3256 86.6038
      vertex 79.8056 11.6181 123.491
      vertex 79.8056 12.2022 121.887
    endloop
  endfacet
  facet normal -1 -0 0
    outer loop
      vertex 79.8056 12.2364 83.3962
      vertex 79.8056 6.80334 48.1132
      vertex 79.8056 12.0658 85
    endloop
  endfacet
  facet normal -1 0 0
    outer loop
      vertex 79.8056 12.3256 86.6038
      vertex 79.8056 11.0798 125.094
      vertex 79.8056 11.6181 123.491
    endloop
  endfacet
  facet normal -1 0 0
    outer loop
      vertex 79.8056 6.13145 46.5094
      vertex 79.8056 12.0658 85
      vertex 79.8056 6.80334 48.1132
    endloop
  endfacet
  facet normal -1 0 0
    outer loop
      vertex 79.8056 12.3256 86.6038
      vertex 79.8056 10.5974 126.698
      vertex 79.8056 11.0798 125.094
    endloop
  endfacet
  facet normal -1 0 0
    outer loop
      vertex 79.8056 5.55132 44.9057
      vertex 79.8056 12.0658 85
      vertex 79.8056 6.13145 46.5094
    endloop
  endfacet
  facet normal -1 0 0
    outer loop
      vertex 79.8056 12.0658 85
      vertex 79.8056 10.1791 128.302
      vertex 79.8056 10.5974 126.698
    endloop
  endfacet
  facet normal -1 0 0
    outer loop
      vertex 79.8056 5.07716 43.3019
      vertex 79.8056 12.0658 85
      vertex 79.8056 5.55132 44.9057
    endloop
  endfacet
  facet normal -1 0 0
    outer loop
      vertex 79.8056 0 170
      vertex 79.8056 16.7759 168.396
      vertex 79.8056 16.4268 166.792
    endloop
  endfacet
  facet normal -1 0 0
    outer loop
      vertex 79.8056 0 170
      vertex 79.8056 16.4268 166.792
      vertex 79.8056 16.0427 165.189
    endloop
  endfacet
  facet normal -1 0 0
    outer loop
      vertex 79.8056 0 170
      vertex 79.8056 16.0427 165.189
      vertex 79.8056 15.6273 163.585
    endloop
  endfacet
  facet normal -1 0 0
    outer loop
      vertex 79.8056 0 170
      vertex 79.8056 15.6273 163.585
      vertex 79.8056 15.1843 161.981
    endloop
  endfacet
  facet normal -1 0 0
    outer loop
      vertex 79.8056 0 170
      vertex 79.8056 15.1843 161.981
      vertex 79.8056 14.7184 160.377
    endloop
  endfacet
  facet normal -1 0 0
    outer loop
      vertex 79.8056 0 170
      vertex 79.8056 14.7184 160.377
      vertex 79.8056 14.2344 158.774
    endloop
  endfacet
  facet normal -1 0 0
    outer loop
      vertex 79.8056 0 170
      vertex 79.8056 14.2344 158.774
      vertex 79.8056 13.7378 157.17
    endloop
  endfacet
  facet normal -1 0 0
    outer loop
      vertex 79.8056 0 170
      vertex 79.8056 13.7378 157.17
      vertex 79.8056 13.2346 155.566
    endloop
  endfacet
  facet normal -1 0 0
    outer loop
      vertex 79.8056 0 170
      vertex 79.8056 13.2346 155.566
      vertex 79.8056 12.7311 153.962
    endloop
  endfacet
  facet normal -1 0 0
    outer loop
      vertex 79.8056 0 170
      vertex 79.8056 12.7311 153.962
      vertex 79.8056 12.2342 152.358
    endloop
  endfacet
  facet normal -1 0 0
    outer loop
      vertex 79.8056 0 170
      vertex 79.8056 12.2342 152.358
      vertex 79.8056 11.7509 150.755
    endloop
  endfacet
  facet normal -1 0 0
    outer loop
      vertex 79.8056 0 170
      vertex 79.8056 11.7509 150.755
      vertex 79.8056 11.2886 149.151
    endloop
  endfacet
  facet normal -1 0 0
    outer loop
      vertex 79.8056 12.0658 85
      vertex 79.8056 9.83151 129.906
      vertex 79.8056 10.1791 128.302
    endloop
  endfacet
  facet normal -1 -0 0
    outer loop
      vertex 79.8056 12.0658 85
      vertex 79.8056 5.07716 43.3019
      vertex 79.8056 9.83151 129.906
    endloop
  endfacet
  facet normal -1 -0 0
    outer loop
      vertex 79.8056 9.83151 129.906
      vertex 79.8056 5.07716 43.3019
      vertex 79.8056 9.5593 131.509
    endloop
  endfacet
  facet normal -1 0 0
    outer loop
      vertex 79.8056 0 170
      vertex 79.8056 9.5593 131.509
      vertex 79.8056 5.07716 43.3019
    endloop
  endfacet
  facet normal -1 0 0
    outer loop
      vertex 79.8056 9.5593 131.509
      vertex 79.8056 0 170
      vertex 79.8056 9.36523 133.113
    endloop
  endfacet
  facet normal -1 0 0
    outer loop
      vertex 79.8056 9.36523 133.113
      vertex 79.8056 0 170
      vertex 79.8056 9.25044 134.717
    endloop
  endfacet
  facet normal -1 0 0
    outer loop
      vertex 79.8056 9.25044 134.717
      vertex 79.8056 0 170
      vertex 79.8056 9.21437 136.321
    endloop
  endfacet
  facet normal -1 0 0
    outer loop
      vertex 79.8056 0 170
      vertex 79.8056 5.07716 43.3019
      vertex 79.8056 4.72063 41.6981
    endloop
  endfacet
  facet normal -1 0 0
    outer loop
      vertex 79.8056 0 170
      vertex 79.8056 4.72063 41.6981
      vertex 79.8056 4.49046 40.0943
    endloop
  endfacet
  facet normal -1 0 0
    outer loop
      vertex 79.8056 0 0
      vertex 79.8056 4.49046 40.0943
      vertex 79.8056 4.3924 38.4906
    endloop
  endfacet
  facet normal -1 -0 0
    outer loop
      vertex 79.8056 4.49046 40.0943
      vertex 79.8056 0 0
      vertex 79.8056 0 170
    endloop
  endfacet
  facet normal -1 0 0
    outer loop
      vertex 79.8056 16.7759 168.396
      vertex 79.8056 0 170
      vertex 79.8056 17.0873 170
    endloop
  endfacet
  facet normal -1 0 0
    outer loop
      vertex 79.8056 10.8547 147.547
      vertex 79.8056 0 170
      vertex 79.8056 11.2886 149.151
    endloop
  endfacet
  facet normal -1 0 0
    outer loop
      vertex 79.8056 10.4569 145.943
      vertex 79.8056 0 170
      vertex 79.8056 10.8547 147.547
    endloop
  endfacet
  facet normal -1 0 0
    outer loop
      vertex 79.8056 10.1024 144.34
      vertex 79.8056 0 170
      vertex 79.8056 10.4569 145.943
    endloop
  endfacet
  facet normal -1 0 0
    outer loop
      vertex 79.8056 9.79855 142.736
      vertex 79.8056 0 170
      vertex 79.8056 10.1024 144.34
    endloop
  endfacet
  facet normal -1 0 0
    outer loop
      vertex 79.8056 9.55205 141.132
      vertex 79.8056 0 170
      vertex 79.8056 9.79855 142.736
    endloop
  endfacet
  facet normal -1 0 0
    outer loop
      vertex 79.8056 9.36906 139.528
      vertex 79.8056 0 170
      vertex 79.8056 9.55205 141.132
    endloop
  endfacet
  facet normal -1 0 0
    outer loop
      vertex 79.8056 9.25502 137.925
      vertex 79.8056 0 170
      vertex 79.8056 9.36906 139.528
    endloop
  endfacet
  facet normal -1 0 0
    outer loop
      vertex 79.8056 9.21437 136.321
      vertex 79.8056 0 170
      vertex 79.8056 9.25502 137.925
    endloop
  endfacet
  facet normal 1 -0 0
    outer loop
      vertex 90.1944 0 170
      vertex 90.1944 16.7759 168.396
      vertex 90.1944 17.0873 170
    endloop
  endfacet
  facet normal 1 0 0
    outer loop
      vertex 90.1944 16.7759 168.396
      vertex 90.1944 0 170
      vertex 90.1944 16.4268 166.792
    endloop
  endfacet
  facet normal 1 0 0
    outer loop
      vertex 90.1944 16.4268 166.792
      vertex 90.1944 0 170
      vertex 90.1944 16.0427 165.189
    endloop
  endfacet
  facet normal 1 0 0
    outer loop
      vertex 90.1944 16.0427 165.189
      vertex 90.1944 0 170
      vertex 90.1944 15.6273 163.585
    endloop
  endfacet
  facet normal 1 0 0
    outer loop
      vertex 90.1944 15.6273 163.585
      vertex 90.1944 0 170
      vertex 90.1944 15.1843 161.981
    endloop
  endfacet
  facet normal 1 0 0
    outer loop
      vertex 90.1944 15.1843 161.981
      vertex 90.1944 0 170
      vertex 90.1944 14.7184 160.377
    endloop
  endfacet
  facet normal 1 0 0
    outer loop
      vertex 90.1944 14.7184 160.377
      vertex 90.1944 0 170
      vertex 90.1944 14.2344 158.774
    endloop
  endfacet
  facet normal 1 0 0
    outer loop
      vertex 90.1944 14.2344 158.774
      vertex 90.1944 0 170
      vertex 90.1944 13.7378 157.17
    endloop
  endfacet
  facet normal 1 0 0
    outer loop
      vertex 90.1944 13.7378 157.17
      vertex 90.1944 0 170
      vertex 90.1944 13.2346 155.566
    endloop
  endfacet
  facet normal 1 0 0
    outer loop
      vertex 90.1944 13.2346 155.566
      vertex 90.1944 0 170
      vertex 90.1944 12.7311 153.962
    endloop
  endfacet
  facet normal 1 0 0
    outer loop
      vertex 90.1944 12.7311 153.962
      vertex 90.1944 0 170
      vertex 90.1944 12.2342 152.358
    endloop
  endfacet
  facet normal 1 0 0
    outer loop
      vertex 90.1944 12.2342 152.358
      vertex 90.1944 0 170
      vertex 90.1944 11.7509 150.755
    endloop
  endfacet
  facet normal 1 0 0
    outer loop
      vertex 90.1944 12.0658 85
      vertex 90.1944 8.35443 51.3207
      vertex 90.1944 9.19528 52.9245
    endloop
  endfacet
  facet normal 1 0 0
    outer loop
      vertex 90.1944 9.25044 134.717
      vertex 90.1944 7.55049 49.717
      vertex 90.1944 8.35443 51.3207
    endloop
  endfacet
  facet normal 1 0 0
    outer loop
      vertex 90.1944 9.25044 134.717
      vertex 90.1944 6.80334 48.1132
      vertex 90.1944 7.55049 49.717
    endloop
  endfacet
  facet normal 1 0 0
    outer loop
      vertex 90.1944 0 170
      vertex 90.1944 9.21437 136.321
      vertex 90.1944 9.25502 137.925
    endloop
  endfacet
  facet normal 1 0 0
    outer loop
      vertex 90.1944 9.25044 134.717
      vertex 90.1944 6.13145 46.5094
      vertex 90.1944 6.80334 48.1132
    endloop
  endfacet
  facet normal 1 0 0
    outer loop
      vertex 90.1944 9.25044 134.717
      vertex 90.1944 5.55132 44.9057
      vertex 90.1944 6.13145 46.5094
    endloop
  endfacet
  facet normal 1 0 0
    outer loop
      vertex 90.1944 9.25044 134.717
      vertex 90.1944 5.07716 43.3019
      vertex 90.1944 5.55132 44.9057
    endloop
  endfacet
  facet normal 1 0 0
    outer loop
      vertex 90.1944 9.25044 134.717
      vertex 90.1944 0 170
      vertex 90.1944 5.07716 43.3019
    endloop
  endfacet
  facet normal 1 0 0
    outer loop
      vertex 90.1944 5.07716 43.3019
      vertex 90.1944 0 170
      vertex 90.1944 4.72063 41.6981
    endloop
  endfacet
  facet normal 1 0 0
    outer loop
      vertex 90.1944 4.72063 41.6981
      vertex 90.1944 0 170
      vertex 90.1944 4.49046 40.0943
    endloop
  endfacet
  facet normal 1 0 0
    outer loop
      vertex 90.1944 0 0
      vertex 90.1944 4.49046 40.0943
      vertex 90.1944 0 170
    endloop
  endfacet
  facet normal 1 0 0
    outer loop
      vertex 90.1944 9.36906 139.528
      vertex 90.1944 0 170
      vertex 90.1944 9.25502 137.925
    endloop
  endfacet
  facet normal 1 0 0
    outer loop
      vertex 90.1944 9.55205 141.132
      vertex 90.1944 0 170
      vertex 90.1944 9.36906 139.528
    endloop
  endfacet
  facet normal 1 0 0
    outer loop
      vertex 90.1944 9.79855 142.736
      vertex 90.1944 0 170
      vertex 90.1944 9.55205 141.132
    endloop
  endfacet
  facet normal 1 0 0
    outer loop
      vertex 90.1944 10.1024 144.34
      vertex 90.1944 0 170
      vertex 90.1944 9.79855 142.736
    endloop
  endfacet
  facet normal 1 0 0
    outer loop
      vertex 90.1944 10.4569 145.943
      vertex 90.1944 0 170
      vertex 90.1944 10.1024 144.34
    endloop
  endfacet
  facet normal 1 0 0
    outer loop
      vertex 90.1944 10.8547 147.547
      vertex 90.1944 0 170
      vertex 90.1944 10.4569 145.943
    endloop
  endfacet
  facet normal 1 0 0
    outer loop
      vertex 90.1944 11.2886 149.151
      vertex 90.1944 0 170
      vertex 90.1944 10.8547 147.547
    endloop
  endfacet
  facet normal 1 0 0
    outer loop
      vertex 90.1944 11.7509 150.755
      vertex 90.1944 0 170
      vertex 90.1944 11.2886 149.151
    endloop
  endfacet
  facet normal 1 0 0
    outer loop
      vertex 90.1944 17.5998 104.245
      vertex 90.1944 17.5146 101.038
      vertex 90.1944 17.6192 102.641
    endloop
  endfacet
  facet normal 1 0 0
    outer loop
      vertex 90.1944 17.4616 105.849
      vertex 90.1944 17.5146 101.038
      vertex 90.1944 17.5998 104.245
    endloop
  endfacet
  facet normal 1 0 0
    outer loop
      vertex 90.1944 17.4616 105.849
      vertex 90.1944 17.2842 99.434
      vertex 90.1944 17.5146 101.038
    endloop
  endfacet
  facet normal 1 0 0
    outer loop
      vertex 90.1944 17.2127 107.453
      vertex 90.1944 17.2842 99.434
      vertex 90.1944 17.4616 105.849
    endloop
  endfacet
  facet normal 1 0 0
    outer loop
      vertex 90.1944 17.2127 107.453
      vertex 90.1944 16.9297 97.8302
      vertex 90.1944 17.2842 99.434
    endloop
  endfacet
  facet normal 1 0 0
    outer loop
      vertex 90.1944 16.4569 96.2264
      vertex 90.1944 17.2127 107.453
      vertex 90.1944 16.8635 109.057
    endloop
  endfacet
  facet normal 1 0 0
    outer loop
      vertex 90.1944 17.2127 107.453
      vertex 90.1944 16.4569 96.2264
      vertex 90.1944 16.9297 97.8302
    endloop
  endfacet
  facet normal 1 0 0
    outer loop
      vertex 90.1944 15.8759 94.6226
      vertex 90.1944 16.8635 109.057
      vertex 90.1944 16.4267 110.66
    endloop
  endfacet
  facet normal 1 0 0
    outer loop
      vertex 90.1944 15.2024 93.0189
      vertex 90.1944 16.4267 110.66
      vertex 90.1944 15.9166 112.264
    endloop
  endfacet
  facet normal 1 0 0
    outer loop
      vertex 90.1944 16.8635 109.057
      vertex 90.1944 15.8759 94.6226
      vertex 90.1944 16.4569 96.2264
    endloop
  endfacet
  facet normal 1 0 0
    outer loop
      vertex 90.1944 14.459 91.4151
      vertex 90.1944 15.9166 112.264
      vertex 90.1944 15.3486 113.868
    endloop
  endfacet
  facet normal 1 0 0
    outer loop
      vertex 90.1944 16.4267 110.66
      vertex 90.1944 15.2024 93.0189
      vertex 90.1944 15.8759 94.6226
    endloop
  endfacet
  facet normal 1 0 0
    outer loop
      vertex 90.1944 14.459 91.4151
      vertex 90.1944 15.3486 113.868
      vertex 90.1944 14.7388 115.472
    endloop
  endfacet
  facet normal 1 0 0
    outer loop
      vertex 90.1944 15.9166 112.264
      vertex 90.1944 14.459 91.4151
      vertex 90.1944 15.2024 93.0189
    endloop
  endfacet
  facet normal 1 0 0
    outer loop
      vertex 90.1944 13.681 89.8113
      vertex 90.1944 14.7388 115.472
      vertex 90.1944 14.1035 117.075
    endloop
  endfacet
  facet normal 1 0 0
    outer loop
      vertex 90.1944 14.7388 115.472
      vertex 90.1944 13.681 89.8113
      vertex 90.1944 14.459 91.4151
    endloop
  endfacet
  facet normal 1 0 0
    outer loop
      vertex 90.1944 12.9298 88.2075
      vertex 90.1944 14.1035 117.075
      vertex 90.1944 13.4588 118.679
    endloop
  endfacet
  facet normal 1 0 0
    outer loop
      vertex 90.1944 14.1035 117.075
      vertex 90.1944 12.9298 88.2075
      vertex 90.1944 13.681 89.8113
    endloop
  endfacet
  facet normal 1 0 0
    outer loop
      vertex 90.1944 12.8202 120.283
      vertex 90.1944 12.9298 88.2075
      vertex 90.1944 13.4588 118.679
    endloop
  endfacet
  facet normal 1 0 0
    outer loop
      vertex 90.1944 12.8202 120.283
      vertex 90.1944 12.3256 86.6038
      vertex 90.1944 12.9298 88.2075
    endloop
  endfacet
  facet normal 1 0 0
    outer loop
      vertex 90.1944 12.2022 121.887
      vertex 90.1944 12.3256 86.6038
      vertex 90.1944 12.8202 120.283
    endloop
  endfacet
  facet normal 1 0 0
    outer loop
      vertex 90.1944 11.6181 123.491
      vertex 90.1944 12.3256 86.6038
      vertex 90.1944 12.2022 121.887
    endloop
  endfacet
  facet normal 1 0 0
    outer loop
      vertex 90.1944 11.0798 125.094
      vertex 90.1944 12.3256 86.6038
      vertex 90.1944 11.6181 123.491
    endloop
  endfacet
  facet normal 1 0 0
    outer loop
      vertex 90.1944 10.5974 126.698
      vertex 90.1944 12.3256 86.6038
      vertex 90.1944 11.0798 125.094
    endloop
  endfacet
  facet normal 1 0 0
    outer loop
      vertex 90.1944 12.3256 86.6038
      vertex 90.1944 10.5974 126.698
      vertex 90.1944 12.0658 85
    endloop
  endfacet
  facet normal 1 0 0
    outer loop
      vertex 90.1944 12.0658 85
      vertex 90.1944 10.9037 56.1321
      vertex 90.1944 11.7286 57.7358
    endloop
  endfacet
  facet normal 1 0 0
    outer loop
      vertex 90.1944 10.1791 128.302
      vertex 90.1944 12.0658 85
      vertex 90.1944 10.5974 126.698
    endloop
  endfacet
  facet normal 1 0 0
    outer loop
      vertex 90.1944 9.83151 129.906
      vertex 90.1944 12.0658 85
      vertex 90.1944 10.1791 128.302
    endloop
  endfacet
  facet normal 1 0 0
    outer loop
      vertex 90.1944 12.0658 85
      vertex 90.1944 10.0521 54.5283
      vertex 90.1944 10.9037 56.1321
    endloop
  endfacet
  facet normal 1 0 0
    outer loop
      vertex 90.1944 9.5593 131.509
      vertex 90.1944 12.0658 85
      vertex 90.1944 9.83151 129.906
    endloop
  endfacet
  facet normal 1 0 0
    outer loop
      vertex 90.1944 8.35443 51.3207
      vertex 90.1944 12.0658 85
      vertex 90.1944 9.5593 131.509
    endloop
  endfacet
  facet normal 1 0 0
    outer loop
      vertex 90.1944 8.35443 51.3207
      vertex 90.1944 9.5593 131.509
      vertex 90.1944 9.36523 133.113
    endloop
  endfacet
  facet normal 1 0 0
    outer loop
      vertex 90.1944 8.35443 51.3207
      vertex 90.1944 9.36523 133.113
      vertex 90.1944 9.25044 134.717
    endloop
  endfacet
  facet normal 1 0 0
    outer loop
      vertex 90.1944 0 170
      vertex 90.1944 9.25044 134.717
      vertex 90.1944 9.21437 136.321
    endloop
  endfacet
  facet normal 1 0 0
    outer loop
      vertex 90.1944 12.0658 85
      vertex 90.1944 9.19528 52.9245
      vertex 90.1944 10.0521 54.5283
    endloop
  endfacet
  facet normal 1 0 0
    outer loop
      vertex 90.1944 15.1976 72.1698
      vertex 90.1944 15.2502 68.9622
      vertex 90.1944 15.2878 70.566
    endloop
  endfacet
  facet normal 1 0 0
    outer loop
      vertex 90.1944 15.1976 72.1698
      vertex 90.1944 15.0831 67.3585
      vertex 90.1944 15.2502 68.9622
    endloop
  endfacet
  facet normal 1 0 0
    outer loop
      vertex 90.1944 14.9855 73.7736
      vertex 90.1944 15.0831 67.3585
      vertex 90.1944 15.1976 72.1698
    endloop
  endfacet
  facet normal 1 0 0
    outer loop
      vertex 90.1944 14.9855 73.7736
      vertex 90.1944 14.7886 65.7547
      vertex 90.1944 15.0831 67.3585
    endloop
  endfacet
  facet normal 1 0 0
    outer loop
      vertex 90.1944 14.6618 75.3773
      vertex 90.1944 14.7886 65.7547
      vertex 90.1944 14.9855 73.7736
    endloop
  endfacet
  facet normal 1 0 0
    outer loop
      vertex 90.1944 14.6618 75.3773
      vertex 90.1944 14.3728 64.1509
      vertex 90.1944 14.7886 65.7547
    endloop
  endfacet
  facet normal 1 0 0
    outer loop
      vertex 90.1944 14.2419 76.9811
      vertex 90.1944 14.3728 64.1509
      vertex 90.1944 14.6618 75.3773
    endloop
  endfacet
  facet normal 1 0 0
    outer loop
      vertex 90.1944 14.2419 76.9811
      vertex 90.1944 13.8449 62.5472
      vertex 90.1944 14.3728 64.1509
    endloop
  endfacet
  facet normal 1 0 0
    outer loop
      vertex 90.1944 13.2177 60.9434
      vertex 90.1944 14.2419 76.9811
      vertex 90.1944 13.747 78.5849
    endloop
  endfacet
  facet normal 1 0 0
    outer loop
      vertex 90.1944 14.2419 76.9811
      vertex 90.1944 13.2177 60.9434
      vertex 90.1944 13.8449 62.5472
    endloop
  endfacet
  facet normal 1 0 0
    outer loop
      vertex 90.1944 12.5064 59.3396
      vertex 90.1944 13.747 78.5849
      vertex 90.1944 13.208 80.1887
    endloop
  endfacet
  facet normal 1 0 0
    outer loop
      vertex 90.1944 11.7286 57.7358
      vertex 90.1944 13.208 80.1887
      vertex 90.1944 12.6741 81.7924
    endloop
  endfacet
  facet normal 1 0 0
    outer loop
      vertex 90.1944 13.747 78.5849
      vertex 90.1944 12.5064 59.3396
      vertex 90.1944 13.2177 60.9434
    endloop
  endfacet
  facet normal 1 0 0
    outer loop
      vertex 90.1944 11.7286 57.7358
      vertex 90.1944 12.6741 81.7924
      vertex 90.1944 12.2364 83.3962
    endloop
  endfacet
  facet normal 1 0 0
    outer loop
      vertex 90.1944 11.7286 57.7358
      vertex 90.1944 12.2364 83.3962
      vertex 90.1944 12.0658 85
    endloop
  endfacet
  facet normal 1 0 0
    outer loop
      vertex 90.1944 13.208 80.1887
      vertex 90.1944 11.7286 57.7358
      vertex 90.1944 12.5064 59.3396
    endloop
  endfacet
  facet normal 1 0 0
    outer loop
      vertex 90.1944 0 0
      vertex 90.1944 16.9786 3.20753
      vertex 90.1944 16.9296 4.81131
    endloop
  endfacet
  facet normal 1 0 0
    outer loop
      vertex 90.1944 0 0
      vertex 90.1944 16.9296 4.81131
      vertex 90.1944 16.7544 6.41508
    endloop
  endfacet
  facet normal 1 0 0
    outer loop
      vertex 90.1944 16.9786 3.20753
      vertex 90.1944 0 0
      vertex 90.1944 16.9017 1.60376
    endloop
  endfacet
  facet normal 1 0 0
    outer loop
      vertex 90.1944 0 0
      vertex 90.1944 16.7544 6.41508
      vertex 90.1944 16.4552 8.01886
    endloop
  endfacet
  facet normal 1 0 0
    outer loop
      vertex 90.1944 0 0
      vertex 90.1944 16.4552 8.01886
      vertex 90.1944 16.0371 9.62263
    endloop
  endfacet
  facet normal 1 0 0
    outer loop
      vertex 90.1944 0 0
      vertex 90.1944 16.0371 9.62263
      vertex 90.1944 15.5079 11.2264
    endloop
  endfacet
  facet normal 1 0 0
    outer loop
      vertex 90.1944 0 0
      vertex 90.1944 15.5079 11.2264
      vertex 90.1944 14.8777 12.8302
    endloop
  endfacet
  facet normal 1 0 0
    outer loop
      vertex 90.1944 0 0
      vertex 90.1944 14.8777 12.8302
      vertex 90.1944 14.1591 14.434
    endloop
  endfacet
  facet normal 1 0 0
    outer loop
      vertex 90.1944 0 0
      vertex 90.1944 14.1591 14.434
      vertex 90.1944 13.3665 16.0377
    endloop
  endfacet
  facet normal 1 0 0
    outer loop
      vertex 90.1944 0 0
      vertex 90.1944 13.3665 16.0377
      vertex 90.1944 12.5164 17.6415
    endloop
  endfacet
  facet normal 1 0 0
    outer loop
      vertex 90.1944 0 0
      vertex 90.1944 12.5164 17.6415
      vertex 90.1944 11.6262 19.2453
    endloop
  endfacet
  facet normal 1 0 0
    outer loop
      vertex 90.1944 0 0
      vertex 90.1944 11.6262 19.2453
      vertex 90.1944 10.7146 20.849
    endloop
  endfacet
  facet normal 1 0 0
    outer loop
      vertex 90.1944 0 0
      vertex 90.1944 10.7146 20.849
      vertex 90.1944 9.80104 22.4528
    endloop
  endfacet
  facet normal 1 0 0
    outer loop
      vertex 90.1944 0 0
      vertex 90.1944 9.80104 22.4528
      vertex 90.1944 8.90489 24.0566
    endloop
  endfacet
  facet normal 1 0 0
    outer loop
      vertex 90.1944 0 0
      vertex 90.1944 8.90489 24.0566
      vertex 90.1944 8.04541 25.6604
    endloop
  endfacet
  facet normal 1 0 0
    outer loop
      vertex 90.1944 0 0
      vertex 90.1944 8.04541 25.6604
      vertex 90.1944 7.24117 27.2641
    endloop
  endfacet
  facet normal 1 0 0
    outer loop
      vertex 90.1944 0 0
      vertex 90.1944 7.24117 27.2641
      vertex 90.1944 6.50963 28.8679
    endloop
  endfacet
  facet normal 1 0 0
    outer loop
      vertex 90.1944 0 0
      vertex 90.1944 6.50963 28.8679
      vertex 90.1944 5.86679 30.4717
    endloop
  endfacet
  facet normal 1 0 0
    outer loop
      vertex 90.1944 4.49046 40.0943
      vertex 90.1944 0 0
      vertex 90.1944 4.3924 38.4906
    endloop
  endfacet
  facet normal 1 0 0
    outer loop
      vertex 90.1944 16.9017 1.60376
      vertex 90.1944 0 0
      vertex 90.1944 16.7021 0
    endloop
  endfacet
  facet normal 1 0 0
    outer loop
      vertex 90.1944 5.32672 32.0755
      vertex 90.1944 0 0
      vertex 90.1944 5.86679 30.4717
    endloop
  endfacet
  facet normal 1 0 0
    outer loop
      vertex 90.1944 4.90131 33.6792
      vertex 90.1944 0 0
      vertex 90.1944 5.32672 32.0755
    endloop
  endfacet
  facet normal 1 0 0
    outer loop
      vertex 90.1944 4.59988 35.283
      vertex 90.1944 0 0
      vertex 90.1944 4.90131 33.6792
    endloop
  endfacet
  facet normal 1 0 0
    outer loop
      vertex 90.1944 4.42905 36.8868
      vertex 90.1944 0 0
      vertex 90.1944 4.59988 35.283
    endloop
  endfacet
  facet normal 1 0 0
    outer loop
      vertex 90.1944 4.3924 38.4906
      vertex 90.1944 0 0
      vertex 90.1944 4.42905 36.8868
    endloop
  endfacet
  facet normal 0 0.998852 -0.0478945
    outer loop
      vertex 90.1944 16.9017 1.60376
      vertex 79.8056 16.9786 3.20753
      vertex 90.1944 16.9786 3.20753
    endloop
  endfacet
  facet normal 0 0.998852 -0.0478945
    outer loop
      vertex 79.8056 16.9786 3.20753
      vertex 90.1944 16.9017 1.60376
      vertex 79.8056 16.9017 1.60376
    endloop
  endfacet
  facet normal 0 0.999534 0.0305386
    outer loop
      vertex 90.1944 16.9786 3.20753
      vertex 79.8056 16.9296 4.81131
      vertex 90.1944 16.9296 4.81131
    endloop
  endfacet
  facet normal 0 0.999534 0.0305386
    outer loop
      vertex 79.8056 16.9296 4.81131
      vertex 90.1944 16.9786 3.20753
      vertex 79.8056 16.9786 3.20753
    endloop
  endfacet
  facet normal 0 0.994086 0.108597
    outer loop
      vertex 90.1944 16.9296 4.81131
      vertex 79.8056 16.7544 6.41508
      vertex 90.1944 16.7544 6.41508
    endloop
  endfacet
  facet normal 0 0.994086 0.108597
    outer loop
      vertex 79.8056 16.7544 6.41508
      vertex 90.1944 16.9296 4.81131
      vertex 79.8056 16.9296 4.81131
    endloop
  endfacet
  facet normal 0 0.983039 0.183395
    outer loop
      vertex 90.1944 16.7544 6.41508
      vertex 79.8056 16.4552 8.01886
      vertex 90.1944 16.4552 8.01886
    endloop
  endfacet
  facet normal 0 0.983039 0.183395
    outer loop
      vertex 79.8056 16.4552 8.01886
      vertex 90.1944 16.7544 6.41508
      vertex 79.8056 16.7544 6.41508
    endloop
  endfacet
  facet normal 0 0.967658 0.252267
    outer loop
      vertex 90.1944 16.4552 8.01886
      vertex 79.8056 16.0371 9.62263
      vertex 90.1944 16.0371 9.62263
    endloop
  endfacet
  facet normal 0 0.967658 0.252267
    outer loop
      vertex 79.8056 16.0371 9.62263
      vertex 90.1944 16.4552 8.01886
      vertex 79.8056 16.4552 8.01886
    endloop
  endfacet
  facet normal 0 0.949636 0.313354
    outer loop
      vertex 90.1944 16.0371 9.62263
      vertex 79.8056 15.5079 11.2264
      vertex 90.1944 15.5079 11.2264
    endloop
  endfacet
  facet normal 0 0.949636 0.313354
    outer loop
      vertex 79.8056 15.5079 11.2264
      vertex 90.1944 16.0371 9.62263
      vertex 79.8056 16.0371 9.62263
    endloop
  endfacet
  facet normal 0 0.930725 0.365721
    outer loop
      vertex 90.1944 15.5079 11.2264
      vertex 79.8056 14.8777 12.8302
      vertex 90.1944 14.8777 12.8302
    endloop
  endfacet
  facet normal 0 0.930725 0.365721
    outer loop
      vertex 79.8056 14.8777 12.8302
      vertex 90.1944 15.5079 11.2264
      vertex 79.8056 15.5079 11.2264
    endloop
  endfacet
  facet normal 0 0.912583 0.408893
    outer loop
      vertex 90.1944 14.8777 12.8302
      vertex 79.8056 14.1591 14.434
      vertex 90.1944 14.1591 14.434
    endloop
  endfacet
  facet normal 0 0.912583 0.408893
    outer loop
      vertex 79.8056 14.1591 14.434
      vertex 90.1944 14.8777 12.8302
      vertex 79.8056 14.8777 12.8302
    endloop
  endfacet
  facet normal 0 0.896486 0.443072
    outer loop
      vertex 90.1944 14.1591 14.434
      vertex 79.8056 13.3665 16.0377
      vertex 90.1944 13.3665 16.0377
    endloop
  endfacet
  facet normal 0 0.896486 0.443072
    outer loop
      vertex 79.8056 13.3665 16.0377
      vertex 90.1944 14.1591 14.434
      vertex 79.8056 14.1591 14.434
    endloop
  endfacet
  facet normal 0 0.883553 0.468331
    outer loop
      vertex 90.1944 13.3665 16.0377
      vertex 79.8056 12.5164 17.6415
      vertex 90.1944 12.5164 17.6415
    endloop
  endfacet
  facet normal 0 0.883553 0.468331
    outer loop
      vertex 79.8056 12.5164 17.6415
      vertex 90.1944 13.3665 16.0377
      vertex 79.8056 13.3665 16.0377
    endloop
  endfacet
  facet normal 0 0.874342 0.48531
    outer loop
      vertex 90.1944 12.5164 17.6415
      vertex 79.8056 11.6262 19.2453
      vertex 90.1944 11.6262 19.2453
    endloop
  endfacet
  facet normal 0 0.874342 0.48531
    outer loop
      vertex 79.8056 11.6262 19.2453
      vertex 90.1944 12.5164 17.6415
      vertex 79.8056 12.5164 17.6415
    endloop
  endfacet
  facet normal 0 0.869362 0.494176
    outer loop
      vertex 90.1944 11.6262 19.2453
      vertex 79.8056 10.7146 20.849
      vertex 90.1944 10.7146 20.849
    endloop
  endfacet
  facet normal 0 0.869362 0.494176
    outer loop
      vertex 79.8056 10.7146 20.849
      vertex 90.1944 11.6262 19.2453
      vertex 79.8056 11.6262 19.2453
    endloop
  endfacet
  facet normal 0 0.868918 0.494955
    outer loop
      vertex 90.1944 10.7146 20.849
      vertex 79.8056 9.80104 22.4528
      vertex 90.1944 9.80104 22.4528
    endloop
  endfacet
  facet normal 0 0.868918 0.494955
    outer loop
      vertex 79.8056 9.80104 22.4528
      vertex 90.1944 10.7146 20.849
      vertex 79.8056 10.7146 20.849
    endloop
  endfacet
  facet normal 0 0.872965 0.487784
    outer loop
      vertex 90.1944 9.80104 22.4528
      vertex 79.8056 8.90489 24.0566
      vertex 90.1944 8.90489 24.0566
    endloop
  endfacet
  facet normal 0 0.872965 0.487784
    outer loop
      vertex 79.8056 8.90489 24.0566
      vertex 90.1944 9.80104 22.4528
      vertex 79.8056 9.80104 22.4528
    endloop
  endfacet
  facet normal 0 0.881411 0.47235
    outer loop
      vertex 90.1944 8.90489 24.0566
      vertex 79.8056 8.04541 25.6604
      vertex 90.1944 8.04541 25.6604
    endloop
  endfacet
  facet normal 0 0.881411 0.47235
    outer loop
      vertex 79.8056 8.04541 25.6604
      vertex 90.1944 8.90489 24.0566
      vertex 79.8056 8.90489 24.0566
    endloop
  endfacet
  facet normal 0 0.893894 0.448279
    outer loop
      vertex 90.1944 8.04541 25.6604
      vertex 79.8056 7.24117 27.2641
      vertex 90.1944 7.24117 27.2641
    endloop
  endfacet
  facet normal 0 0.893894 0.448279
    outer loop
      vertex 79.8056 7.24117 27.2641
      vertex 90.1944 8.04541 25.6604
      vertex 79.8056 8.04541 25.6604
    endloop
  endfacet
  facet normal 0 0.909823 0.414997
    outer loop
      vertex 90.1944 7.24117 27.2641
      vertex 79.8056 6.50963 28.8679
      vertex 90.1944 6.50963 28.8679
    endloop
  endfacet
  facet normal 0 0.909823 0.414997
    outer loop
      vertex 79.8056 6.50963 28.8679
      vertex 90.1944 7.24117 27.2641
      vertex 79.8056 7.24117 27.2641
    endloop
  endfacet
  facet normal 0 0.928213 0.372049
    outer loop
      vertex 90.1944 6.50963 28.8679
      vertex 79.8056 5.86679 30.4717
      vertex 90.1944 5.86679 30.4717
    endloop
  endfacet
  facet normal 0 0.928213 0.372049
    outer loop
      vertex 79.8056 5.86679 30.4717
      vertex 90.1944 6.50963 28.8679
      vertex 79.8056 6.50963 28.8679
    endloop
  endfacet
  facet normal 0 0.947709 0.319135
    outer loop
      vertex 90.1944 5.86679 30.4717
      vertex 79.8056 5.32672 32.0755
      vertex 90.1944 5.32672 32.0755
    endloop
  endfacet
  facet normal 0 0.947709 0.319135
    outer loop
      vertex 79.8056 5.32672 32.0755
      vertex 90.1944 5.86679 30.4717
      vertex 79.8056 5.86679 30.4717
    endloop
  endfacet
  facet normal 0 0.966571 0.2564
    outer loop
      vertex 90.1944 5.32672 32.0755
      vertex 79.8056 4.90131 33.6792
      vertex 90.1944 4.90131 33.6792
    endloop
  endfacet
  facet normal 0 0.966571 0.2564
    outer loop
      vertex 79.8056 4.90131 33.6792
      vertex 90.1944 5.32672 32.0755
      vertex 79.8056 5.32672 32.0755
    endloop
  endfacet
  facet normal 0 0.982792 0.184713
    outer loop
      vertex 90.1944 4.90131 33.6792
      vertex 79.8056 4.59988 35.283
      vertex 90.1944 4.59988 35.283
    endloop
  endfacet
  facet normal 0 0.982792 0.184713
    outer loop
      vertex 79.8056 4.59988 35.283
      vertex 90.1944 4.90131 33.6792
      vertex 79.8056 4.90131 33.6792
    endloop
  endfacet
  facet normal 0 0.994375 0.105917
    outer loop
      vertex 90.1944 4.59988 35.283
      vertex 79.8056 4.42905 36.8868
      vertex 90.1944 4.42905 36.8868
    endloop
  endfacet
  facet normal 0 0.994375 0.105917
    outer loop
      vertex 79.8056 4.42905 36.8868
      vertex 90.1944 4.59988 35.283
      vertex 79.8056 4.59988 35.283
    endloop
  endfacet
  facet normal 0 0.999739 0.022846
    outer loop
      vertex 90.1944 4.42905 36.8868
      vertex 79.8056 4.3924 38.4906
      vertex 90.1944 4.3924 38.4906
    endloop
  endfacet
  facet normal 0 0.999739 0.022846
    outer loop
      vertex 79.8056 4.3924 38.4906
      vertex 90.1944 4.42905 36.8868
      vertex 79.8056 4.42905 36.8868
    endloop
  endfacet
  facet normal 0 0.998136 -0.0610321
    outer loop
      vertex 90.1944 4.3924 38.4906
      vertex 79.8056 4.49046 40.0943
      vertex 90.1944 4.49046 40.0943
    endloop
  endfacet
  facet normal 0 0.998136 -0.0610321
    outer loop
      vertex 79.8056 4.49046 40.0943
      vertex 90.1944 4.3924 38.4906
      vertex 79.8056 4.3924 38.4906
    endloop
  endfacet
  facet normal 0 0.989858 -0.14206
    outer loop
      vertex 90.1944 4.49046 40.0943
      vertex 79.8056 4.72063 41.6981
      vertex 90.1944 4.72063 41.6981
    endloop
  endfacet
  facet normal 0 0.989858 -0.14206
    outer loop
      vertex 79.8056 4.72063 41.6981
      vertex 90.1944 4.49046 40.0943
      vertex 79.8056 4.49046 40.0943
    endloop
  endfacet
  facet normal 0 0.97617 -0.217006
    outer loop
      vertex 90.1944 4.72063 41.6981
      vertex 79.8056 5.07716 43.3019
      vertex 90.1944 5.07716 43.3019
    endloop
  endfacet
  facet normal 0 0.97617 -0.217006
    outer loop
      vertex 79.8056 5.07716 43.3019
      vertex 90.1944 4.72063 41.6981
      vertex 79.8056 4.72063 41.6981
    endloop
  endfacet
  facet normal 0 0.958967 -0.283517
    outer loop
      vertex 90.1944 5.07716 43.3019
      vertex 79.8056 5.55132 44.9057
      vertex 90.1944 5.55132 44.9057
    endloop
  endfacet
  facet normal 0 0.958967 -0.283517
    outer loop
      vertex 79.8056 5.55132 44.9057
      vertex 90.1944 5.07716 43.3019
      vertex 79.8056 5.07716 43.3019
    endloop
  endfacet
  facet normal 0 0.940363 -0.340171
    outer loop
      vertex 90.1944 5.55132 44.9057
      vertex 79.8056 6.13145 46.5094
      vertex 90.1944 6.13145 46.5094
    endloop
  endfacet
  facet normal 0 0.940363 -0.340171
    outer loop
      vertex 79.8056 6.13145 46.5094
      vertex 90.1944 5.55132 44.9057
      vertex 79.8056 5.55132 44.9057
    endloop
  endfacet
  facet normal 0 0.922332 -0.386398
    outer loop
      vertex 90.1944 6.13145 46.5094
      vertex 79.8056 6.80334 48.1132
      vertex 90.1944 6.80334 48.1132
    endloop
  endfacet
  facet normal 0 0.922332 -0.386398
    outer loop
      vertex 79.8056 6.80334 48.1132
      vertex 90.1944 6.13145 46.5094
      vertex 79.8056 6.13145 46.5094
    endloop
  endfacet
  facet normal 0 0.906462 -0.422287
    outer loop
      vertex 90.1944 6.80334 48.1132
      vertex 79.8056 7.55049 49.717
      vertex 90.1944 7.55049 49.717
    endloop
  endfacet
  facet normal 0 0.906462 -0.422287
    outer loop
      vertex 79.8056 7.55049 49.717
      vertex 90.1944 6.80334 48.1132
      vertex 79.8056 6.80334 48.1132
    endloop
  endfacet
  facet normal 0 0.893961 -0.448145
    outer loop
      vertex 90.1944 7.55049 49.717
      vertex 79.8056 8.35443 51.3207
      vertex 90.1944 8.35443 51.3207
    endloop
  endfacet
  facet normal 0 0.893961 -0.448145
    outer loop
      vertex 79.8056 8.35443 51.3207
      vertex 90.1944 7.55049 49.717
      vertex 79.8056 7.55049 49.717
    endloop
  endfacet
  facet normal 0 0.885658 -0.464338
    outer loop
      vertex 90.1944 8.35443 51.3207
      vertex 79.8056 9.19528 52.9245
      vertex 90.1944 9.19528 52.9245
    endloop
  endfacet
  facet normal 0 0.885658 -0.464338
    outer loop
      vertex 79.8056 9.19528 52.9245
      vertex 90.1944 8.35443 51.3207
      vertex 79.8056 8.35443 51.3207
    endloop
  endfacet
  facet normal 0 0.882019 -0.471213
    outer loop
      vertex 90.1944 9.19528 52.9245
      vertex 79.8056 10.0521 54.5283
      vertex 90.1944 10.0521 54.5283
    endloop
  endfacet
  facet normal 0 0.882019 -0.471213
    outer loop
      vertex 79.8056 10.0521 54.5283
      vertex 90.1944 9.19528 52.9245
      vertex 79.8056 9.19528 52.9245
    endloop
  endfacet
  facet normal 0 0.883211 -0.468975
    outer loop
      vertex 90.1944 10.0521 54.5283
      vertex 79.8056 10.9037 56.1321
      vertex 90.1944 10.9037 56.1321
    endloop
  endfacet
  facet normal 0 0.883211 -0.468975
    outer loop
      vertex 79.8056 10.9037 56.1321
      vertex 90.1944 10.0521 54.5283
      vertex 79.8056 10.0521 54.5283
    endloop
  endfacet
  facet normal 0 0.889256 -0.457409
    outer loop
      vertex 90.1944 10.9037 56.1321
      vertex 79.8056 11.7286 57.7358
      vertex 90.1944 11.7286 57.7358
    endloop
  endfacet
  facet normal 0 0.889256 -0.457409
    outer loop
      vertex 79.8056 11.7286 57.7358
      vertex 90.1944 10.9037 56.1321
      vertex 79.8056 10.9037 56.1321
    endloop
  endfacet
  facet normal 0 0.89977 -0.436364
    outer loop
      vertex 90.1944 11.7286 57.7358
      vertex 79.8056 12.5064 59.3396
      vertex 90.1944 12.5064 59.3396
    endloop
  endfacet
  facet normal 0 0.89977 -0.436364
    outer loop
      vertex 79.8056 12.5064 59.3396
      vertex 90.1944 11.7286 57.7358
      vertex 79.8056 11.7286 57.7358
    endloop
  endfacet
  facet normal 0 0.914129 -0.405424
    outer loop
      vertex 90.1944 12.5064 59.3396
      vertex 79.8056 13.2177 60.9434
      vertex 90.1944 13.2177 60.9434
    endloop
  endfacet
  facet normal 0 0.914129 -0.405424
    outer loop
      vertex 79.8056 13.2177 60.9434
      vertex 90.1944 12.5064 59.3396
      vertex 79.8056 12.5064 59.3396
    endloop
  endfacet
  facet normal 0 0.931316 -0.364211
    outer loop
      vertex 90.1944 13.2177 60.9434
      vertex 79.8056 13.8449 62.5472
      vertex 90.1944 13.8449 62.5472
    endloop
  endfacet
  facet normal 0 0.931316 -0.364211
    outer loop
      vertex 79.8056 13.8449 62.5472
      vertex 90.1944 13.2177 60.9434
      vertex 79.8056 13.2177 60.9434
    endloop
  endfacet
  facet normal 0 0.949861 -0.312672
    outer loop
      vertex 90.1944 13.8449 62.5472
      vertex 79.8056 14.3728 64.1509
      vertex 90.1944 14.3728 64.1509
    endloop
  endfacet
  facet normal 0 0.949861 -0.312672
    outer loop
      vertex 79.8056 14.3728 64.1509
      vertex 90.1944 13.8449 62.5472
      vertex 79.8056 13.8449 62.5472
    endloop
  endfacet
  facet normal 0 0.967997 -0.250962
    outer loop
      vertex 90.1944 14.3728 64.1509
      vertex 79.8056 14.7886 65.7547
      vertex 90.1944 14.7886 65.7547
    endloop
  endfacet
  facet normal 0 0.967997 -0.250962
    outer loop
      vertex 79.8056 14.7886 65.7547
      vertex 90.1944 14.3728 64.1509
      vertex 79.8056 14.3728 64.1509
    endloop
  endfacet
  facet normal 0 0.983555 -0.180607
    outer loop
      vertex 90.1944 14.7886 65.7547
      vertex 79.8056 15.0831 67.3585
      vertex 90.1944 15.0831 67.3585
    endloop
  endfacet
  facet normal 0 0.983555 -0.180607
    outer loop
      vertex 79.8056 15.0831 67.3585
      vertex 90.1944 14.7886 65.7547
      vertex 79.8056 14.7886 65.7547
    endloop
  endfacet
  facet normal 0 0.994615 -0.103635
    outer loop
      vertex 90.1944 15.0831 67.3585
      vertex 79.8056 15.2502 68.9622
      vertex 90.1944 15.2502 68.9622
    endloop
  endfacet
  facet normal 0 0.994615 -0.103635
    outer loop
      vertex 79.8056 15.2502 68.9622
      vertex 90.1944 15.0831 67.3585
      vertex 79.8056 15.0831 67.3585
    endloop
  endfacet
  facet normal 0 0.999725 -0.0234379
    outer loop
      vertex 90.1944 15.2502 68.9622
      vertex 79.8056 15.2878 70.566
      vertex 90.1944 15.2878 70.566
    endloop
  endfacet
  facet normal 0 0.999725 -0.0234379
    outer loop
      vertex 79.8056 15.2878 70.566
      vertex 90.1944 15.2502 68.9622
      vertex 79.8056 15.2502 68.9622
    endloop
  endfacet
  facet normal 0 0.998422 0.0561527
    outer loop
      vertex 90.1944 15.2878 70.566
      vertex 79.8056 15.1976 72.1698
      vertex 90.1944 15.1976 72.1698
    endloop
  endfacet
  facet normal 0 0.998422 0.0561527
    outer loop
      vertex 79.8056 15.1976 72.1698
      vertex 90.1944 15.2878 70.566
      vertex 79.8056 15.2878 70.566
    endloop
  endfacet
  facet normal 0 0.991368 0.131107
    outer loop
      vertex 90.1944 15.1976 72.1698
      vertex 79.8056 14.9855 73.7736
      vertex 90.1944 14.9855 73.7736
    endloop
  endfacet
  facet normal 0 0.991368 0.131107
    outer loop
      vertex 79.8056 14.9855 73.7736
      vertex 90.1944 15.1976 72.1698
      vertex 79.8056 15.1976 72.1698
    endloop
  endfacet
  facet normal 0 0.980231 0.197855
    outer loop
      vertex 90.1944 14.9855 73.7736
      vertex 79.8056 14.6618 75.3773
      vertex 90.1944 14.6618 75.3773
    endloop
  endfacet
  facet normal 0 0.980231 0.197855
    outer loop
      vertex 79.8056 14.6618 75.3773
      vertex 90.1944 14.9855 73.7736
      vertex 79.8056 14.9855 73.7736
    endloop
  endfacet
  facet normal 0 0.967393 0.253279
    outer loop
      vertex 90.1944 14.6618 75.3773
      vertex 79.8056 14.2419 76.9811
      vertex 90.1944 14.2419 76.9811
    endloop
  endfacet
  facet normal 0 0.967393 0.253279
    outer loop
      vertex 79.8056 14.2419 76.9811
      vertex 90.1944 14.6618 75.3773
      vertex 79.8056 14.6618 75.3773
    endloop
  endfacet
  facet normal 0 0.95554 0.29486
    outer loop
      vertex 90.1944 14.2419 76.9811
      vertex 79.8056 13.747 78.5849
      vertex 90.1944 13.747 78.5849
    endloop
  endfacet
  facet normal 0 0.95554 0.29486
    outer loop
      vertex 79.8056 13.747 78.5849
      vertex 90.1944 14.2419 76.9811
      vertex 79.8056 14.2419 76.9811
    endloop
  endfacet
  facet normal 0 0.9479 0.318567
    outer loop
      vertex 90.1944 13.747 78.5849
      vertex 79.8056 13.208 80.1887
      vertex 90.1944 13.208 80.1887
    endloop
  endfacet
  facet normal 0 0.9479 0.318567
    outer loop
      vertex 79.8056 13.208 80.1887
      vertex 90.1944 13.747 78.5849
      vertex 79.8056 13.747 78.5849
    endloop
  endfacet
  facet normal 0 0.948802 0.315873
    outer loop
      vertex 90.1944 13.208 80.1887
      vertex 79.8056 12.6741 81.7924
      vertex 90.1944 12.6741 81.7924
    endloop
  endfacet
  facet normal 0 0.948802 0.315873
    outer loop
      vertex 79.8056 12.6741 81.7924
      vertex 90.1944 13.208 80.1887
      vertex 79.8056 13.208 80.1887
    endloop
  endfacet
  facet normal 0 0.964718 0.263285
    outer loop
      vertex 90.1944 12.6741 81.7924
      vertex 79.8056 12.2364 83.3962
      vertex 90.1944 12.2364 83.3962
    endloop
  endfacet
  facet normal 0 0.964718 0.263285
    outer loop
      vertex 79.8056 12.2364 83.3962
      vertex 90.1944 12.6741 81.7924
      vertex 79.8056 12.6741 81.7924
    endloop
  endfacet
  facet normal 0 0.99439 0.105776
    outer loop
      vertex 90.1944 12.2364 83.3962
      vertex 79.8056 12.0658 85
      vertex 90.1944 12.0658 85
    endloop
  endfacet
  facet normal 0 0.99439 0.105776
    outer loop
      vertex 79.8056 12.0658 85
      vertex 90.1944 12.2364 83.3962
      vertex 79.8056 12.2364 83.3962
    endloop
  endfacet
  facet normal 0 0.987132 -0.159906
    outer loop
      vertex 90.1944 12.0658 85
      vertex 79.8056 12.3256 86.6038
      vertex 90.1944 12.3256 86.6038
    endloop
  endfacet
  facet normal 0 0.987132 -0.159906
    outer loop
      vertex 79.8056 12.3256 86.6038
      vertex 90.1944 12.0658 85
      vertex 79.8056 12.0658 85
    endloop
  endfacet
  facet normal 0 0.935789 -0.352562
    outer loop
      vertex 90.1944 12.3256 86.6038
      vertex 79.8056 12.9298 88.2075
      vertex 90.1944 12.9298 88.2075
    endloop
  endfacet
  facet normal 0 0.935789 -0.352562
    outer loop
      vertex 79.8056 12.9298 88.2075
      vertex 90.1944 12.3256 86.6038
      vertex 79.8056 12.3256 86.6038
    endloop
  endfacet
  facet normal 0 0.905585 -0.424165
    outer loop
      vertex 90.1944 12.9298 88.2075
      vertex 79.8056 13.681 89.8113
      vertex 90.1944 13.681 89.8113
    endloop
  endfacet
  facet normal 0 0.905585 -0.424165
    outer loop
      vertex 79.8056 13.681 89.8113
      vertex 90.1944 12.9298 88.2075
      vertex 79.8056 12.9298 88.2075
    endloop
  endfacet
  facet normal 0 0.899726 -0.436455
    outer loop
      vertex 90.1944 13.681 89.8113
      vertex 79.8056 14.459 91.4151
      vertex 90.1944 14.459 91.4151
    endloop
  endfacet
  facet normal 0 0.899726 -0.436455
    outer loop
      vertex 79.8056 14.459 91.4151
      vertex 90.1944 13.681 89.8113
      vertex 79.8056 13.681 89.8113
    endloop
  endfacet
  facet normal 0 0.907273 -0.420543
    outer loop
      vertex 90.1944 14.459 91.4151
      vertex 79.8056 15.2024 93.0189
      vertex 90.1944 15.2024 93.0189
    endloop
  endfacet
  facet normal 0 0.907273 -0.420543
    outer loop
      vertex 79.8056 15.2024 93.0189
      vertex 90.1944 14.459 91.4151
      vertex 79.8056 14.459 91.4151
    endloop
  endfacet
  facet normal 0 0.921993 -0.387206
    outer loop
      vertex 90.1944 15.2024 93.0189
      vertex 79.8056 15.8759 94.6226
      vertex 90.1944 15.8759 94.6226
    endloop
  endfacet
  facet normal 0 0.921993 -0.387206
    outer loop
      vertex 79.8056 15.8759 94.6226
      vertex 90.1944 15.2024 93.0189
      vertex 79.8056 15.2024 93.0189
    endloop
  endfacet
  facet normal 0 0.940207 -0.340604
    outer loop
      vertex 90.1944 15.8759 94.6226
      vertex 79.8056 16.4569 96.2264
      vertex 90.1944 16.4569 96.2264
    endloop
  endfacet
  facet normal 0 0.940207 -0.340604
    outer loop
      vertex 79.8056 16.4569 96.2264
      vertex 90.1944 15.8759 94.6226
      vertex 79.8056 15.8759 94.6226
    endloop
  endfacet
  facet normal 0 0.959188 -0.282769
    outer loop
      vertex 90.1944 16.4569 96.2264
      vertex 79.8056 16.9297 97.8302
      vertex 90.1944 16.9297 97.8302
    endloop
  endfacet
  facet normal 0 0.959188 -0.282769
    outer loop
      vertex 79.8056 16.9297 97.8302
      vertex 90.1944 16.4569 96.2264
      vertex 79.8056 16.4569 96.2264
    endloop
  endfacet
  facet normal 0 0.976431 -0.215828
    outer loop
      vertex 90.1944 16.9297 97.8302
      vertex 79.8056 17.2842 99.434
      vertex 90.1944 17.2842 99.434
    endloop
  endfacet
  facet normal 0 0.976431 -0.215828
    outer loop
      vertex 79.8056 17.2842 99.434
      vertex 90.1944 16.9297 97.8302
      vertex 79.8056 16.9297 97.8302
    endloop
  endfacet
  facet normal 0 0.989841 -0.142182
    outer loop
      vertex 90.1944 17.2842 99.434
      vertex 79.8056 17.5146 101.038
      vertex 90.1944 17.5146 101.038
    endloop
  endfacet
  facet normal 0 0.989841 -0.142182
    outer loop
      vertex 79.8056 17.5146 101.038
      vertex 90.1944 17.2842 99.434
      vertex 79.8056 17.2842 99.434
    endloop
  endfacet
  facet normal 0 0.997878 -0.0651142
    outer loop
      vertex 90.1944 17.5146 101.038
      vertex 79.8056 17.6192 102.641
      vertex 90.1944 17.6192 102.641
    endloop
  endfacet
  facet normal 0 0.997878 -0.0651142
    outer loop
      vertex 79.8056 17.6192 102.641
      vertex 90.1944 17.5146 101.038
      vertex 79.8056 17.5146 101.038
    endloop
  endfacet
  facet normal 0 0.999927 0.0120939
    outer loop
      vertex 90.1944 17.6192 102.641
      vertex 79.8056 17.5998 104.245
      vertex 90.1944 17.5998 104.245
    endloop
  endfacet
  facet normal 0 0.999927 0.0120939
    outer loop
      vertex 79.8056 17.5998 104.245
      vertex 90.1944 17.6192 102.641
      vertex 79.8056 17.6192 102.641
    endloop
  endfacet
  facet normal 0 0.996309 0.0858416
    outer loop
      vertex 90.1944 17.5998 104.245
      vertex 79.8056 17.4616 105.849
      vertex 90.1944 17.4616 105.849
    endloop
  endfacet
  facet normal 0 0.996309 0.0858416
    outer loop
      vertex 79.8056 17.4616 105.849
      vertex 90.1944 17.5998 104.245
      vertex 79.8056 17.5998 104.245
    endloop
  endfacet
  facet normal 0 0.988174 0.153339
    outer loop
      vertex 90.1944 17.4616 105.849
      vertex 79.8056 17.2127 107.453
      vertex 90.1944 17.2127 107.453
    endloop
  endfacet
  facet normal 0 0.988174 0.153339
    outer loop
      vertex 79.8056 17.2127 107.453
      vertex 90.1944 17.4616 105.849
      vertex 79.8056 17.4616 105.849
    endloop
  endfacet
  facet normal 0 0.977113 0.212723
    outer loop
      vertex 90.1944 17.2127 107.453
      vertex 79.8056 16.8635 109.057
      vertex 90.1944 16.8635 109.057
    endloop
  endfacet
  facet normal 0 0.977113 0.212723
    outer loop
      vertex 79.8056 16.8635 109.057
      vertex 90.1944 17.2127 107.453
      vertex 79.8056 17.2127 107.453
    endloop
  endfacet
  facet normal 0 0.964822 0.262903
    outer loop
      vertex 90.1944 16.8635 109.057
      vertex 79.8056 16.4267 110.66
      vertex 90.1944 16.4267 110.66
    endloop
  endfacet
  facet normal 0 0.964822 0.262903
    outer loop
      vertex 79.8056 16.4267 110.66
      vertex 90.1944 16.8635 109.057
      vertex 79.8056 16.8635 109.057
    endloop
  endfacet
  facet normal 0 0.952971 0.303061
    outer loop
      vertex 90.1944 16.4267 110.66
      vertex 79.8056 15.9166 112.264
      vertex 90.1944 15.9166 112.264
    endloop
  endfacet
  facet normal 0 0.952971 0.303061
    outer loop
      vertex 79.8056 15.9166 112.264
      vertex 90.1944 16.4267 110.66
      vertex 79.8056 16.4267 110.66
    endloop
  endfacet
  facet normal 0 0.942643 0.333804
    outer loop
      vertex 90.1944 15.9166 112.264
      vertex 79.8056 15.3486 113.868
      vertex 90.1944 15.3486 113.868
    endloop
  endfacet
  facet normal 0 0.942643 0.333804
    outer loop
      vertex 79.8056 15.3486 113.868
      vertex 90.1944 15.9166 112.264
      vertex 79.8056 15.9166 112.264
    endloop
  endfacet
  facet normal 0 0.934729 0.35536
    outer loop
      vertex 90.1944 15.3486 113.868
      vertex 79.8056 14.7388 115.472
      vertex 90.1944 14.7388 115.472
    endloop
  endfacet
  facet normal 0 0.934729 0.35536
    outer loop
      vertex 79.8056 14.7388 115.472
      vertex 90.1944 15.3486 113.868
      vertex 79.8056 15.3486 113.868
    endloop
  endfacet
  facet normal 0 0.929652 0.368439
    outer loop
      vertex 90.1944 14.7388 115.472
      vertex 79.8056 14.1035 117.075
      vertex 90.1944 14.1035 117.075
    endloop
  endfacet
  facet normal 0 0.929652 0.368439
    outer loop
      vertex 79.8056 14.1035 117.075
      vertex 90.1944 14.7388 115.472
      vertex 79.8056 14.7388 115.472
    endloop
  endfacet
  facet normal 0 0.927857 0.372936
    outer loop
      vertex 90.1944 14.1035 117.075
      vertex 79.8056 13.4588 118.679
      vertex 90.1944 13.4588 118.679
    endloop
  endfacet
  facet normal 0 0.927857 0.372936
    outer loop
      vertex 79.8056 13.4588 118.679
      vertex 90.1944 14.1035 117.075
      vertex 79.8056 14.1035 117.075
    endloop
  endfacet
  facet normal 0 0.929075 0.369892
    outer loop
      vertex 90.1944 13.4588 118.679
      vertex 79.8056 12.8202 120.283
      vertex 90.1944 12.8202 120.283
    endloop
  endfacet
  facet normal 0 0.929075 0.369892
    outer loop
      vertex 79.8056 12.8202 120.283
      vertex 90.1944 13.4588 118.679
      vertex 79.8056 13.4588 118.679
    endloop
  endfacet
  facet normal 0 0.933136 0.359525
    outer loop
      vertex 90.1944 12.8202 120.283
      vertex 79.8056 12.2022 121.887
      vertex 90.1944 12.2022 121.887
    endloop
  endfacet
  facet normal 0 0.933136 0.359525
    outer loop
      vertex 79.8056 12.2022 121.887
      vertex 90.1944 12.8202 120.283
      vertex 79.8056 12.8202 120.283
    endloop
  endfacet
  facet normal 0 0.939638 0.342171
    outer loop
      vertex 90.1944 12.2022 121.887
      vertex 79.8056 11.6181 123.491
      vertex 90.1944 11.6181 123.491
    endloop
  endfacet
  facet normal 0 0.939638 0.342171
    outer loop
      vertex 79.8056 11.6181 123.491
      vertex 90.1944 12.2022 121.887
      vertex 79.8056 12.2022 121.887
    endloop
  endfacet
  facet normal 0 0.947977 0.318338
    outer loop
      vertex 90.1944 11.6181 123.491
      vertex 79.8056 11.0798 125.094
      vertex 90.1944 11.0798 125.094
    endloop
  endfacet
  facet normal 0 0.947977 0.318338
    outer loop
      vertex 79.8056 11.0798 125.094
      vertex 90.1944 11.6181 123.491
      vertex 79.8056 11.6181 123.491
    endloop
  endfacet
  facet normal 0 0.957629 0.288005
    outer loop
      vertex 90.1944 11.0798 125.094
      vertex 79.8056 10.5974 126.698
      vertex 90.1944 10.5974 126.698
    endloop
  endfacet
  facet normal 0 0.957629 0.288005
    outer loop
      vertex 79.8056 10.5974 126.698
      vertex 90.1944 11.0798 125.094
      vertex 79.8056 11.0798 125.094
    endloop
  endfacet
  facet normal 0 0.967637 0.252346
    outer loop
      vertex 90.1944 10.5974 126.698
      vertex 79.8056 10.1791 128.302
      vertex 90.1944 10.1791 128.302
    endloop
  endfacet
  facet normal 0 0.967637 0.252346
    outer loop
      vertex 79.8056 10.1791 128.302
      vertex 90.1944 10.5974 126.698
      vertex 79.8056 10.5974 126.698
    endloop
  endfacet
  facet normal 0 0.977316 0.211786
    outer loop
      vertex 90.1944 10.1791 128.302
      vertex 79.8056 9.83151 129.906
      vertex 90.1944 9.83151 129.906
    endloop
  endfacet
  facet normal 0 0.977316 0.211786
    outer loop
      vertex 79.8056 9.83151 129.906
      vertex 90.1944 10.1791 128.302
      vertex 79.8056 10.1791 128.302
    endloop
  endfacet
  facet normal 0 0.985886 0.167416
    outer loop
      vertex 90.1944 9.83151 129.906
      vertex 79.8056 9.5593 131.509
      vertex 90.1944 9.5593 131.509
    endloop
  endfacet
  facet normal 0 0.985886 0.167416
    outer loop
      vertex 79.8056 9.5593 131.509
      vertex 90.1944 9.83151 129.906
      vertex 79.8056 9.83151 129.906
    endloop
  endfacet
  facet normal 0 0.99276 0.120115
    outer loop
      vertex 90.1944 9.5593 131.509
      vertex 79.8056 9.36523 133.113
      vertex 90.1944 9.36523 133.113
    endloop
  endfacet
  facet normal 0 0.99276 0.120115
    outer loop
      vertex 79.8056 9.36523 133.113
      vertex 90.1944 9.5593 131.509
      vertex 79.8056 9.5593 131.509
    endloop
  endfacet
  facet normal 0 0.997449 0.0713823
    outer loop
      vertex 90.1944 9.36523 133.113
      vertex 79.8056 9.25044 134.717
      vertex 90.1944 9.25044 134.717
    endloop
  endfacet
  facet normal 0 0.997449 0.0713823
    outer loop
      vertex 79.8056 9.25044 134.717
      vertex 90.1944 9.36523 133.113
      vertex 79.8056 9.36523 133.113
    endloop
  endfacet
  facet normal 0 0.999747 0.0224818
    outer loop
      vertex 90.1944 9.25044 134.717
      vertex 79.8056 9.21437 136.321
      vertex 90.1944 9.21437 136.321
    endloop
  endfacet
  facet normal 0 0.999747 0.0224818
    outer loop
      vertex 79.8056 9.21437 136.321
      vertex 90.1944 9.25044 134.717
      vertex 79.8056 9.25044 134.717
    endloop
  endfacet
  facet normal 0 0.999679 -0.0253348
    outer loop
      vertex 90.1944 9.21437 136.321
      vertex 79.8056 9.25502 137.925
      vertex 90.1944 9.25502 137.925
    endloop
  endfacet
  facet normal 0 0.999679 -0.0253348
    outer loop
      vertex 79.8056 9.25502 137.925
      vertex 90.1944 9.21437 136.321
      vertex 79.8056 9.21437 136.321
    endloop
  endfacet
  facet normal 0 0.997479 -0.0709623
    outer loop
      vertex 90.1944 9.25502 137.925
      vertex 79.8056 9.36906 139.528
      vertex 90.1944 9.36906 139.528
    endloop
  endfacet
  facet normal 0 0.997479 -0.0709623
    outer loop
      vertex 79.8056 9.36906 139.528
      vertex 90.1944 9.25502 137.925
      vertex 79.8056 9.25502 137.925
    endloop
  endfacet
  facet normal 0 0.993555 -0.113348
    outer loop
      vertex 90.1944 9.36906 139.528
      vertex 79.8056 9.55205 141.132
      vertex 90.1944 9.55205 141.132
    endloop
  endfacet
  facet normal 0 0.993555 -0.113348
    outer loop
      vertex 79.8056 9.55205 141.132
      vertex 90.1944 9.36906 139.528
      vertex 79.8056 9.36906 139.528
    endloop
  endfacet
  facet normal 0 0.988397 -0.151895
    outer loop
      vertex 90.1944 9.55205 141.132
      vertex 79.8056 9.79855 142.736
      vertex 90.1944 9.79855 142.736
    endloop
  endfacet
  facet normal 0 0.988397 -0.151895
    outer loop
      vertex 79.8056 9.79855 142.736
      vertex 90.1944 9.55205 141.132
      vertex 79.8056 9.55205 141.132
    endloop
  endfacet
  facet normal 0 0.982527 -0.186123
    outer loop
      vertex 90.1944 9.79855 142.736
      vertex 79.8056 10.1024 144.34
      vertex 90.1944 10.1024 144.34
    endloop
  endfacet
  facet normal 0 0.982527 -0.186123
    outer loop
      vertex 79.8056 10.1024 144.34
      vertex 90.1944 9.79855 142.736
      vertex 79.8056 9.79855 142.736
    endloop
  endfacet
  facet normal 0 0.976409 -0.215931
    outer loop
      vertex 90.1944 10.1024 144.34
      vertex 79.8056 10.4569 145.943
      vertex 90.1944 10.4569 145.943
    endloop
  endfacet
  facet normal 0 0.976409 -0.215931
    outer loop
      vertex 79.8056 10.4569 145.943
      vertex 90.1944 10.1024 144.34
      vertex 79.8056 10.1024 144.34
    endloop
  endfacet
  facet normal 0 0.970596 -0.240713
    outer loop
      vertex 90.1944 10.4569 145.943
      vertex 79.8056 10.8547 147.547
      vertex 90.1944 10.8547 147.547
    endloop
  endfacet
  facet normal 0 0.970596 -0.240713
    outer loop
      vertex 79.8056 10.8547 147.547
      vertex 90.1944 10.4569 145.943
      vertex 79.8056 10.4569 145.943
    endloop
  endfacet
  facet normal 0 0.965305 -0.261126
    outer loop
      vertex 90.1944 10.8547 147.547
      vertex 79.8056 11.2886 149.151
      vertex 90.1944 11.2886 149.151
    endloop
  endfacet
  facet normal 0 0.965305 -0.261126
    outer loop
      vertex 79.8056 11.2886 149.151
      vertex 90.1944 10.8547 147.547
      vertex 79.8056 10.8547 147.547
    endloop
  endfacet
  facet normal 0 0.960886 -0.276944
    outer loop
      vertex 90.1944 11.2886 149.151
      vertex 79.8056 11.7509 150.755
      vertex 90.1944 11.7509 150.755
    endloop
  endfacet
  facet normal 0 0.960886 -0.276944
    outer loop
      vertex 79.8056 11.7509 150.755
      vertex 90.1944 11.2886 149.151
      vertex 79.8056 11.2886 149.151
    endloop
  endfacet
  facet normal 0 0.957431 -0.288663
    outer loop
      vertex 90.1944 11.7509 150.755
      vertex 79.8056 12.2342 152.358
      vertex 90.1944 12.2342 152.358
    endloop
  endfacet
  facet normal 0 0.957431 -0.288663
    outer loop
      vertex 79.8056 12.2342 152.358
      vertex 90.1944 11.7509 150.755
      vertex 79.8056 11.7509 150.755
    endloop
  endfacet
  facet normal 0 0.955215 -0.295914
    outer loop
      vertex 90.1944 12.2342 152.358
      vertex 79.8056 12.7311 153.962
      vertex 90.1944 12.7311 153.962
    endloop
  endfacet
  facet normal 0 0.955215 -0.295914
    outer loop
      vertex 79.8056 12.7311 153.962
      vertex 90.1944 12.2342 152.358
      vertex 79.8056 12.2342 152.358
    endloop
  endfacet
  facet normal 0 0.954098 -0.299494
    outer loop
      vertex 90.1944 12.7311 153.962
      vertex 79.8056 13.2346 155.566
      vertex 90.1944 13.2346 155.566
    endloop
  endfacet
  facet normal 0 0.954098 -0.299494
    outer loop
      vertex 79.8056 13.2346 155.566
      vertex 90.1944 12.7311 153.962
      vertex 79.8056 12.7311 153.962
    endloop
  endfacet
  facet normal 0 0.954149 -0.299332
    outer loop
      vertex 90.1944 13.2346 155.566
      vertex 79.8056 13.7378 157.17
      vertex 90.1944 13.7378 157.17
    endloop
  endfacet
  facet normal 0 0.954149 -0.299332
    outer loop
      vertex 79.8056 13.7378 157.17
      vertex 90.1944 13.2346 155.566
      vertex 79.8056 13.2346 155.566
    endloop
  endfacet
  facet normal 0 0.955265 -0.295751
    outer loop
      vertex 90.1944 13.7378 157.17
      vertex 79.8056 14.2344 158.774
      vertex 90.1944 14.2344 158.774
    endloop
  endfacet
  facet normal 0 0.955265 -0.295751
    outer loop
      vertex 79.8056 14.2344 158.774
      vertex 90.1944 13.7378 157.17
      vertex 79.8056 13.7378 157.17
    endloop
  endfacet
  facet normal 0 0.957315 -0.289046
    outer loop
      vertex 90.1944 14.2344 158.774
      vertex 79.8056 14.7184 160.377
      vertex 90.1944 14.7184 160.377
    endloop
  endfacet
  facet normal 0 0.957315 -0.289046
    outer loop
      vertex 79.8056 14.7184 160.377
      vertex 90.1944 14.2344 158.774
      vertex 79.8056 14.2344 158.774
    endloop
  endfacet
  facet normal 0 0.960311 -0.278933
    outer loop
      vertex 90.1944 14.7184 160.377
      vertex 79.8056 15.1843 161.981
      vertex 90.1944 15.1843 161.981
    endloop
  endfacet
  facet normal 0 0.960311 -0.278933
    outer loop
      vertex 79.8056 15.1843 161.981
      vertex 90.1944 14.7184 160.377
      vertex 79.8056 14.7184 160.377
    endloop
  endfacet
  facet normal 0 0.963913 -0.266218
    outer loop
      vertex 90.1944 15.1843 161.981
      vertex 79.8056 15.6273 163.585
      vertex 90.1944 15.6273 163.585
    endloop
  endfacet
  facet normal 0 0.963913 -0.266218
    outer loop
      vertex 79.8056 15.6273 163.585
      vertex 90.1944 15.1843 161.981
      vertex 79.8056 15.1843 161.981
    endloop
  endfacet
  facet normal 0 0.968063 -0.250707
    outer loop
      vertex 90.1944 15.6273 163.585
      vertex 79.8056 16.0427 165.189
      vertex 90.1944 16.0427 165.189
    endloop
  endfacet
  facet normal 0 0.968063 -0.250707
    outer loop
      vertex 79.8056 16.0427 165.189
      vertex 90.1944 15.6273 163.585
      vertex 79.8056 15.6273 163.585
    endloop
  endfacet
  facet normal 0 0.972473 -0.233017
    outer loop
      vertex 90.1944 16.0427 165.189
      vertex 79.8056 16.4268 166.792
      vertex 90.1944 16.4268 166.792
    endloop
  endfacet
  facet normal 0 0.972473 -0.233017
    outer loop
      vertex 79.8056 16.4268 166.792
      vertex 90.1944 16.0427 165.189
      vertex 79.8056 16.0427 165.189
    endloop
  endfacet
  facet normal 0 0.977125 -0.212665
    outer loop
      vertex 90.1944 16.4268 166.792
      vertex 79.8056 16.7759 168.396
      vertex 90.1944 16.7759 168.396
    endloop
  endfacet
  facet normal 0 0.977125 -0.212665
    outer loop
      vertex 79.8056 16.7759 168.396
      vertex 90.1944 16.4268 166.792
      vertex 79.8056 16.4268 166.792
    endloop
  endfacet
  facet normal 0 0.981671 -0.190581
    outer loop
      vertex 90.1944 16.7759 168.396
      vertex 79.8056 17.0873 170
      vertex 90.1944 17.0873 170
    endloop
  endfacet
  facet normal 0 0.981671 -0.190581
    outer loop
      vertex 79.8056 17.0873 170
      vertex 90.1944 16.7759 168.396
      vertex 79.8056 16.7759 168.396
    endloop
  endfacet
  facet normal 0 0.992344 -0.123505
    outer loop
      vertex 90.1944 16.7021 0
      vertex 79.8056 16.9017 1.60376
      vertex 90.1944 16.9017 1.60376
    endloop
  endfacet
  facet normal 0 0.992344 -0.123505
    outer loop
      vertex 79.8056 16.9017 1.60376
      vertex 90.1944 16.7021 0
      vertex 79.8056 16.7021 0
    endloop
  endfacet
  facet normal -1 0 0
    outer loop
      vertex 98.6944 0 0
      vertex 98.6944 15.2394 4.81131
      vertex 98.6944 15.1332 3.20753
    endloop
  endfacet
  facet normal -1 -0 0
    outer loop
      vertex 98.6944 15.2394 4.81131
      vertex 98.6944 0 0
      vertex 98.6944 15.2252 6.41508
    endloop
  endfacet
  facet normal -1 0 0
    outer loop
      vertex 98.6944 0 0
      vertex 98.6944 15.1332 3.20753
      vertex 98.6944 14.9102 1.60376
    endloop
  endfacet
  facet normal -1 -0 0
    outer loop
      vertex 98.6944 15.2252 6.41508
      vertex 98.6944 0 0
      vertex 98.6944 15.0896 8.01886
    endloop
  endfacet
  facet normal -1 0 0
    outer loop
      vertex 98.6944 0 0
      vertex 98.6944 14.9102 1.60376
      vertex 98.6944 14.5762 0
    endloop
  endfacet
  facet normal -1 -0 0
    outer loop
      vertex 98.6944 15.0896 8.01886
      vertex 98.6944 0 0
      vertex 98.6944 14.8341 9.62263
    endloop
  endfacet
  facet normal -1 -0 0
    outer loop
      vertex 98.6944 14.8341 9.62263
      vertex 98.6944 0 0
      vertex 98.6944 14.4628 11.2264
    endloop
  endfacet
  facet normal -1 -0 0
    outer loop
      vertex 98.6944 14.4628 11.2264
      vertex 98.6944 0 0
      vertex 98.6944 13.9823 12.8302
    endloop
  endfacet
  facet normal -1 -0 0
    outer loop
      vertex 98.6944 13.9823 12.8302
      vertex 98.6944 0 0
      vertex 98.6944 13.4016 14.434
    endloop
  endfacet
  facet normal -1 -0 0
    outer loop
      vertex 98.6944 13.4016 14.434
      vertex 98.6944 0 0
      vertex 98.6944 12.7319 16.0377
    endloop
  endfacet
  facet normal -1 -0 0
    outer loop
      vertex 98.6944 12.7319 16.0377
      vertex 98.6944 0 0
      vertex 98.6944 11.9862 17.6415
    endloop
  endfacet
  facet normal -1 -0 0
    outer loop
      vertex 98.6944 11.9862 17.6415
      vertex 98.6944 0 0
      vertex 98.6944 11.1794 19.2453
    endloop
  endfacet
  facet normal -1 -0 0
    outer loop
      vertex 98.6944 11.1794 19.2453
      vertex 98.6944 0 0
      vertex 98.6944 10.3277 20.849
    endloop
  endfacet
  facet normal -1 -0 0
    outer loop
      vertex 98.6944 10.3277 20.849
      vertex 98.6944 0 0
      vertex 98.6944 9.44861 22.4528
    endloop
  endfacet
  facet normal -1 -0 0
    outer loop
      vertex 98.6944 9.44861 22.4528
      vertex 98.6944 0 0
      vertex 98.6944 8.5601 24.0566
    endloop
  endfacet
  facet normal -1 -0 0
    outer loop
      vertex 98.6944 8.5601 24.0566
      vertex 98.6944 0 0
      vertex 98.6944 7.68063 25.6604
    endloop
  endfacet
  facet normal -1 -0 0
    outer loop
      vertex 98.6944 7.68063 25.6604
      vertex 98.6944 0 0
      vertex 98.6944 6.82861 27.2641
    endloop
  endfacet
  facet normal -1 -0 0
    outer loop
      vertex 98.6944 6.82861 27.2641
      vertex 98.6944 0 0
      vertex 98.6944 6.02202 28.8679
    endloop
  endfacet
  facet normal -1 -0 0
    outer loop
      vertex 98.6944 6.02202 28.8679
      vertex 98.6944 0 0
      vertex 98.6944 5.27795 30.4717
    endloop
  endfacet
  facet normal -1 -0 0
    outer loop
      vertex 98.6944 5.27795 30.4717
      vertex 98.6944 0 0
      vertex 98.6944 4.61237 32.0755
    endloop
  endfacet
  facet normal -1 -0 0
    outer loop
      vertex 98.6944 2.99063 38.4906
      vertex 98.6944 0 0
      vertex 98.6944 2.8896 40.0943
    endloop
  endfacet
  facet normal -1 -0 0
    outer loop
      vertex 98.6944 3.21976 36.8868
      vertex 98.6944 0 0
      vertex 98.6944 2.99063 38.4906
    endloop
  endfacet
  facet normal -1 -0 0
    outer loop
      vertex 98.6944 3.57196 35.283
      vertex 98.6944 0 0
      vertex 98.6944 3.21976 36.8868
    endloop
  endfacet
  facet normal -1 -0 0
    outer loop
      vertex 98.6944 4.03957 33.6792
      vertex 98.6944 0 0
      vertex 98.6944 3.57196 35.283
    endloop
  endfacet
  facet normal -1 -0 0
    outer loop
      vertex 98.6944 4.61237 32.0755
      vertex 98.6944 0 0
      vertex 98.6944 4.03957 33.6792
    endloop
  endfacet
  facet normal -1 0 0
    outer loop
      vertex 98.6944 17.4476 94.6226
      vertex 98.6944 17.4991 97.8302
      vertex 98.6944 17.5099 96.2264
    endloop
  endfacet
  facet normal -1 0 0
    outer loop
      vertex 98.6944 17.4476 94.6226
      vertex 98.6944 17.4068 99.434
      vertex 98.6944 17.4991 97.8302
    endloop
  endfacet
  facet normal -1 0 0
    outer loop
      vertex 98.6944 16.6164 104.245
      vertex 98.6944 17.4476 94.6226
      vertex 98.6944 17.3239 93.0189
    endloop
  endfacet
  facet normal -1 0 0
    outer loop
      vertex 98.6944 17.4476 94.6226
      vertex 98.6944 17.2286 101.038
      vertex 98.6944 17.4068 99.434
    endloop
  endfacet
  facet normal -1 0 0
    outer loop
      vertex 98.6944 15.6995 107.453
      vertex 98.6944 17.3239 93.0189
      vertex 98.6944 17.1538 91.4151
    endloop
  endfacet
  facet normal -1 0 0
    outer loop
      vertex 98.6944 17.4476 94.6226
      vertex 98.6944 16.9642 102.641
      vertex 98.6944 17.2286 101.038
    endloop
  endfacet
  facet normal -1 0 0
    outer loop
      vertex 98.6944 15.1511 109.057
      vertex 98.6944 17.1538 91.4151
      vertex 98.6944 16.9541 89.8113
    endloop
  endfacet
  facet normal -1 0 0
    outer loop
      vertex 98.6944 14.5598 110.66
      vertex 98.6944 16.9541 89.8113
      vertex 98.6944 16.7419 88.2075
    endloop
  endfacet
  facet normal -1 0 0
    outer loop
      vertex 98.6944 17.4476 94.6226
      vertex 98.6944 16.6164 104.245
      vertex 98.6944 16.9642 102.641
    endloop
  endfacet
  facet normal -1 0 0
    outer loop
      vertex 98.6944 13.3072 113.868
      vertex 98.6944 16.7419 88.2075
      vertex 98.6944 16.5329 86.6038
    endloop
  endfacet
  facet normal -1 0 0
    outer loop
      vertex 98.6944 12.6763 115.472
      vertex 98.6944 16.5329 86.6038
      vertex 98.6944 16.3383 85
    endloop
  endfacet
  facet normal -1 0 0
    outer loop
      vertex 98.6944 17.3239 93.0189
      vertex 98.6944 16.1918 105.849
      vertex 98.6944 16.6164 104.245
    endloop
  endfacet
  facet normal -1 0 0
    outer loop
      vertex 98.6944 12.0622 117.075
      vertex 98.6944 16.3383 85
      vertex 98.6944 16.164 83.3962
    endloop
  endfacet
  facet normal -1 0 0
    outer loop
      vertex 98.6944 8.02124 56.1321
      vertex 98.6944 16.164 83.3962
      vertex 98.6944 16.0086 81.7924
    endloop
  endfacet
  facet normal -1 0 0
    outer loop
      vertex 98.6944 8.88579 57.7358
      vertex 98.6944 16.0086 81.7924
      vertex 98.6944 15.8647 80.1887
    endloop
  endfacet
  facet normal -1 0 0
    outer loop
      vertex 98.6944 9.74666 59.3396
      vertex 98.6944 15.8647 80.1887
      vertex 98.6944 15.7194 78.5849
    endloop
  endfacet
  facet normal -1 0 0
    outer loop
      vertex 98.6944 17.3239 93.0189
      vertex 98.6944 15.6995 107.453
      vertex 98.6944 16.1918 105.849
    endloop
  endfacet
  facet normal -1 0 0
    outer loop
      vertex 98.6944 10.5863 60.9434
      vertex 98.6944 15.7194 78.5849
      vertex 98.6944 15.5571 76.9811
    endloop
  endfacet
  facet normal -1 0 0
    outer loop
      vertex 98.6944 11.3884 62.5472
      vertex 98.6944 15.5571 76.9811
      vertex 98.6944 15.3614 75.3773
    endloop
  endfacet
  facet normal -1 0 0
    outer loop
      vertex 98.6944 17.1538 91.4151
      vertex 98.6944 15.1511 109.057
      vertex 98.6944 15.6995 107.453
    endloop
  endfacet
  facet normal -1 0 0
    outer loop
      vertex 98.6944 12.1387 64.1509
      vertex 98.6944 15.3614 75.3773
      vertex 98.6944 15.1167 73.7736
    endloop
  endfacet
  facet normal -1 0 0
    outer loop
      vertex 98.6944 12.1387 64.1509
      vertex 98.6944 15.1167 73.7736
      vertex 98.6944 14.8101 72.1698
    endloop
  endfacet
  facet normal -1 0 0
    outer loop
      vertex 98.6944 16.9541 89.8113
      vertex 98.6944 14.5598 110.66
      vertex 98.6944 15.1511 109.057
    endloop
  endfacet
  facet normal -1 0 0
    outer loop
      vertex 98.6944 12.1387 64.1509
      vertex 98.6944 14.8101 72.1698
      vertex 98.6944 14.4317 70.566
    endloop
  endfacet
  facet normal -1 0 0
    outer loop
      vertex 98.6944 12.1387 64.1509
      vertex 98.6944 14.4317 70.566
      vertex 98.6944 13.9755 68.9622
    endloop
  endfacet
  facet normal -1 0 0
    outer loop
      vertex 98.6944 16.7419 88.2075
      vertex 98.6944 13.9401 112.264
      vertex 98.6944 14.5598 110.66
    endloop
  endfacet
  facet normal -1 0 0
    outer loop
      vertex 98.6944 12.8254 65.7547
      vertex 98.6944 13.9755 68.9622
      vertex 98.6944 13.4395 67.3585
    endloop
  endfacet
  facet normal -1 0 0
    outer loop
      vertex 98.6944 16.7419 88.2075
      vertex 98.6944 13.3072 113.868
      vertex 98.6944 13.9401 112.264
    endloop
  endfacet
  facet normal -1 0 0
    outer loop
      vertex 98.6944 12.1387 64.1509
      vertex 98.6944 13.9755 68.9622
      vertex 98.6944 12.8254 65.7547
    endloop
  endfacet
  facet normal -1 0 0
    outer loop
      vertex 98.6944 16.5329 86.6038
      vertex 98.6944 12.6763 115.472
      vertex 98.6944 13.3072 113.868
    endloop
  endfacet
  facet normal -1 0 0
    outer loop
      vertex 98.6944 15.3614 75.3773
      vertex 98.6944 12.1387 64.1509
      vertex 98.6944 11.3884 62.5472
    endloop
  endfacet
  facet normal -1 0 0
    outer loop
      vertex 98.6944 15.5571 76.9811
      vertex 98.6944 11.3884 62.5472
      vertex 98.6944 10.5863 60.9434
    endloop
  endfacet
  facet normal -1 0 0
    outer loop
      vertex 98.6944 15.7194 78.5849
      vertex 98.6944 10.5863 60.9434
      vertex 98.6944 9.74666 59.3396
    endloop
  endfacet
  facet normal -1 0 0
    outer loop
      vertex 98.6944 15.8647 80.1887
      vertex 98.6944 9.74666 59.3396
      vertex 98.6944 8.88579 57.7358
    endloop
  endfacet
  facet normal -1 0 0
    outer loop
      vertex 98.6944 16.0086 81.7924
      vertex 98.6944 8.88579 57.7358
      vertex 98.6944 8.02124 56.1321
    endloop
  endfacet
  facet normal -1 0 0
    outer loop
      vertex 98.6944 16.3383 85
      vertex 98.6944 12.0622 117.075
      vertex 98.6944 12.6763 115.472
    endloop
  endfacet
  facet normal -1 -0 0
    outer loop
      vertex 98.6944 16.164 83.3962
      vertex 98.6944 8.02124 56.1321
      vertex 98.6944 12.0622 117.075
    endloop
  endfacet
  facet normal -1 -0 0
    outer loop
      vertex 98.6944 12.0622 117.075
      vertex 98.6944 8.02124 56.1321
      vertex 98.6944 11.4789 118.679
    endloop
  endfacet
  facet normal -1 0 0
    outer loop
      vertex 98.6944 7.17139 54.5283
      vertex 98.6944 11.4789 118.679
      vertex 98.6944 8.02124 56.1321
    endloop
  endfacet
  facet normal -1 0 0
    outer loop
      vertex 98.6944 6.35472 52.9245
      vertex 98.6944 11.4789 118.679
      vertex 98.6944 7.17139 54.5283
    endloop
  endfacet
  facet normal -1 -0 0
    outer loop
      vertex 98.6944 11.4789 118.679
      vertex 98.6944 6.35472 52.9245
      vertex 98.6944 10.939 120.283
    endloop
  endfacet
  facet normal -1 0 0
    outer loop
      vertex 98.6944 5.58942 51.3207
      vertex 98.6944 10.939 120.283
      vertex 98.6944 6.35472 52.9245
    endloop
  endfacet
  facet normal -1 -0 0
    outer loop
      vertex 98.6944 10.939 120.283
      vertex 98.6944 5.58942 51.3207
      vertex 98.6944 10.4539 121.887
    endloop
  endfacet
  facet normal -1 0 0
    outer loop
      vertex 98.6944 4.89268 49.717
      vertex 98.6944 10.4539 121.887
      vertex 98.6944 5.58942 51.3207
    endloop
  endfacet
  facet normal -1 -0 0
    outer loop
      vertex 98.6944 10.4539 121.887
      vertex 98.6944 4.89268 49.717
      vertex 98.6944 10.0329 123.491
    endloop
  endfacet
  facet normal -1 0 0
    outer loop
      vertex 98.6944 0 170
      vertex 98.6944 16.7771 168.396
      vertex 98.6944 16.635 166.792
    endloop
  endfacet
  facet normal -1 0 0
    outer loop
      vertex 98.6944 0 170
      vertex 98.6944 16.635 166.792
      vertex 98.6944 16.4488 165.189
    endloop
  endfacet
  facet normal -1 0 0
    outer loop
      vertex 98.6944 0 170
      vertex 98.6944 16.4488 165.189
      vertex 98.6944 16.2193 163.585
    endloop
  endfacet
  facet normal -1 0 0
    outer loop
      vertex 98.6944 0 170
      vertex 98.6944 16.2193 163.585
      vertex 98.6944 15.9479 161.981
    endloop
  endfacet
  facet normal -1 0 0
    outer loop
      vertex 98.6944 0 170
      vertex 98.6944 15.9479 161.981
      vertex 98.6944 15.6366 160.377
    endloop
  endfacet
  facet normal -1 0 0
    outer loop
      vertex 98.6944 0 170
      vertex 98.6944 15.6366 160.377
      vertex 98.6944 15.2881 158.774
    endloop
  endfacet
  facet normal -1 0 0
    outer loop
      vertex 98.6944 0 170
      vertex 98.6944 15.2881 158.774
      vertex 98.6944 14.9055 157.17
    endloop
  endfacet
  facet normal -1 0 0
    outer loop
      vertex 98.6944 0 170
      vertex 98.6944 14.9055 157.17
      vertex 98.6944 14.4927 155.566
    endloop
  endfacet
  facet normal -1 0 0
    outer loop
      vertex 98.6944 0 170
      vertex 98.6944 14.4927 155.566
      vertex 98.6944 14.0544 153.962
    endloop
  endfacet
  facet normal -1 0 0
    outer loop
      vertex 98.6944 0 170
      vertex 98.6944 14.0544 153.962
      vertex 98.6944 13.5958 152.358
    endloop
  endfacet
  facet normal -1 0 0
    outer loop
      vertex 98.6944 0 170
      vertex 98.6944 13.5958 152.358
      vertex 98.6944 13.1228 150.755
    endloop
  endfacet
  facet normal -1 0 0
    outer loop
      vertex 98.6944 0 170
      vertex 98.6944 13.1228 150.755
      vertex 98.6944 12.642 149.151
    endloop
  endfacet
  facet normal -1 0 0
    outer loop
      vertex 98.6944 0 170
      vertex 98.6944 12.642 149.151
      vertex 98.6944 12.1606 147.547
    endloop
  endfacet
  facet normal -1 0 0
    outer loop
      vertex 98.6944 0 170
      vertex 98.6944 12.1606 147.547
      vertex 98.6944 11.686 145.943
    endloop
  endfacet
  facet normal -1 0 0
    outer loop
      vertex 98.6944 0 170
      vertex 98.6944 11.686 145.943
      vertex 98.6944 11.2266 144.34
    endloop
  endfacet
  facet normal -1 0 0
    outer loop
      vertex 98.6944 0 170
      vertex 98.6944 11.2266 144.34
      vertex 98.6944 10.7905 142.736
    endloop
  endfacet
  facet normal -1 0 0
    outer loop
      vertex 98.6944 0 170
      vertex 98.6944 10.7905 142.736
      vertex 98.6944 10.3864 141.132
    endloop
  endfacet
  facet normal -1 0 0
    outer loop
      vertex 98.6944 0 170
      vertex 98.6944 10.3864 141.132
      vertex 98.6944 10.0227 139.528
    endloop
  endfacet
  facet normal -1 0 0
    outer loop
      vertex 98.6944 4.2803 48.1132
      vertex 98.6944 10.0329 123.491
      vertex 98.6944 4.89268 49.717
    endloop
  endfacet
  facet normal -1 -0 0
    outer loop
      vertex 98.6944 10.0329 123.491
      vertex 98.6944 4.2803 48.1132
      vertex 98.6944 9.68349 125.094
    endloop
  endfacet
  facet normal -1 -0 0
    outer loop
      vertex 98.6944 9.68349 125.094
      vertex 98.6944 4.2803 48.1132
      vertex 98.6944 9.41103 126.698
    endloop
  endfacet
  facet normal -1 0 0
    outer loop
      vertex 98.6944 3.76625 46.5094
      vertex 98.6944 9.41103 126.698
      vertex 98.6944 4.2803 48.1132
    endloop
  endfacet
  facet normal -1 -0 0
    outer loop
      vertex 98.6944 9.41103 126.698
      vertex 98.6944 3.76625 46.5094
      vertex 98.6944 9.21892 128.302
    endloop
  endfacet
  facet normal -1 0 0
    outer loop
      vertex 98.6944 0 170
      vertex 98.6944 9.21892 128.302
      vertex 98.6944 3.76625 46.5094
    endloop
  endfacet
  facet normal -1 0 0
    outer loop
      vertex 98.6944 9.21892 128.302
      vertex 98.6944 0 170
      vertex 98.6944 9.10854 129.906
    endloop
  endfacet
  facet normal -1 0 0
    outer loop
      vertex 98.6944 9.10854 129.906
      vertex 98.6944 0 170
      vertex 98.6944 9.07939 131.509
    endloop
  endfacet
  facet normal -1 0 0
    outer loop
      vertex 98.6944 0 170
      vertex 98.6944 3.76625 46.5094
      vertex 98.6944 3.36227 44.9057
    endloop
  endfacet
  facet normal -1 0 0
    outer loop
      vertex 98.6944 0 170
      vertex 98.6944 3.36227 44.9057
      vertex 98.6944 3.07764 43.3019
    endloop
  endfacet
  facet normal -1 0 0
    outer loop
      vertex 98.6944 0 170
      vertex 98.6944 3.07764 43.3019
      vertex 98.6944 2.91885 41.6981
    endloop
  endfacet
  facet normal -1 0 0
    outer loop
      vertex 98.6944 0 0
      vertex 98.6944 2.91885 41.6981
      vertex 98.6944 2.8896 40.0943
    endloop
  endfacet
  facet normal -1 0 0
    outer loop
      vertex 98.6944 0 170
      vertex 98.6944 2.91885 41.6981
      vertex 98.6944 0 0
    endloop
  endfacet
  facet normal -1 0 0
    outer loop
      vertex 98.6944 16.7771 168.396
      vertex 98.6944 0 170
      vertex 98.6944 16.8745 170
    endloop
  endfacet
  facet normal -1 0 0
    outer loop
      vertex 98.6944 9.70761 137.925
      vertex 98.6944 0 170
      vertex 98.6944 10.0227 139.528
    endloop
  endfacet
  facet normal -1 0 0
    outer loop
      vertex 98.6944 9.44904 136.321
      vertex 98.6944 0 170
      vertex 98.6944 9.70761 137.925
    endloop
  endfacet
  facet normal -1 0 0
    outer loop
      vertex 98.6944 9.25414 134.717
      vertex 98.6944 0 170
      vertex 98.6944 9.44904 136.321
    endloop
  endfacet
  facet normal -1 0 0
    outer loop
      vertex 98.6944 9.1292 133.113
      vertex 98.6944 0 170
      vertex 98.6944 9.25414 134.717
    endloop
  endfacet
  facet normal -1 0 0
    outer loop
      vertex 98.6944 9.07939 131.509
      vertex 98.6944 0 170
      vertex 98.6944 9.1292 133.113
    endloop
  endfacet
  facet normal 1 -0 0
    outer loop
      vertex 109.083 0 170
      vertex 109.083 16.7771 168.396
      vertex 109.083 16.8745 170
    endloop
  endfacet
  facet normal 1 0 0
    outer loop
      vertex 109.083 16.7771 168.396
      vertex 109.083 0 170
      vertex 109.083 16.635 166.792
    endloop
  endfacet
  facet normal 1 0 0
    outer loop
      vertex 109.083 16.635 166.792
      vertex 109.083 0 170
      vertex 109.083 16.4488 165.189
    endloop
  endfacet
  facet normal 1 0 0
    outer loop
      vertex 109.083 16.4488 165.189
      vertex 109.083 0 170
      vertex 109.083 16.2193 163.585
    endloop
  endfacet
  facet normal 1 0 0
    outer loop
      vertex 109.083 16.2193 163.585
      vertex 109.083 0 170
      vertex 109.083 15.9479 161.981
    endloop
  endfacet
  facet normal 1 0 0
    outer loop
      vertex 109.083 15.9479 161.981
      vertex 109.083 0 170
      vertex 109.083 15.6366 160.377
    endloop
  endfacet
  facet normal 1 0 0
    outer loop
      vertex 109.083 15.6366 160.377
      vertex 109.083 0 170
      vertex 109.083 15.2881 158.774
    endloop
  endfacet
  facet normal 1 0 0
    outer loop
      vertex 109.083 15.2881 158.774
      vertex 109.083 0 170
      vertex 109.083 14.9055 157.17
    endloop
  endfacet
  facet normal 1 0 0
    outer loop
      vertex 109.083 14.9055 157.17
      vertex 109.083 0 170
      vertex 109.083 14.4927 155.566
    endloop
  endfacet
  facet normal 1 0 0
    outer loop
      vertex 109.083 14.4927 155.566
      vertex 109.083 0 170
      vertex 109.083 14.0544 153.962
    endloop
  endfacet
  facet normal 1 0 0
    outer loop
      vertex 109.083 14.0544 153.962
      vertex 109.083 0 170
      vertex 109.083 13.5958 152.358
    endloop
  endfacet
  facet normal 1 0 0
    outer loop
      vertex 109.083 13.5958 152.358
      vertex 109.083 0 170
      vertex 109.083 13.1228 150.755
    endloop
  endfacet
  facet normal 1 0 0
    outer loop
      vertex 109.083 13.1228 150.755
      vertex 109.083 0 170
      vertex 109.083 12.642 149.151
    endloop
  endfacet
  facet normal 1 0 0
    outer loop
      vertex 109.083 12.642 149.151
      vertex 109.083 0 170
      vertex 109.083 12.1606 147.547
    endloop
  endfacet
  facet normal 1 0 0
    outer loop
      vertex 109.083 12.1606 147.547
      vertex 109.083 0 170
      vertex 109.083 11.686 145.943
    endloop
  endfacet
  facet normal 1 0 0
    outer loop
      vertex 109.083 11.686 145.943
      vertex 109.083 0 170
      vertex 109.083 11.2266 144.34
    endloop
  endfacet
  facet normal 1 0 0
    outer loop
      vertex 109.083 11.2266 144.34
      vertex 109.083 0 170
      vertex 109.083 10.7905 142.736
    endloop
  endfacet
  facet normal 1 0 0
    outer loop
      vertex 109.083 10.7905 142.736
      vertex 109.083 0 170
      vertex 109.083 10.3864 141.132
    endloop
  endfacet
  facet normal 1 0 0
    outer loop
      vertex 109.083 16.0086 81.7924
      vertex 109.083 8.02124 56.1321
      vertex 109.083 8.88579 57.7358
    endloop
  endfacet
  facet normal 1 0 0
    outer loop
      vertex 109.083 9.10854 129.906
      vertex 109.083 7.17139 54.5283
      vertex 109.083 8.02124 56.1321
    endloop
  endfacet
  facet normal 1 0 0
    outer loop
      vertex 109.083 9.10854 129.906
      vertex 109.083 6.35472 52.9245
      vertex 109.083 7.17139 54.5283
    endloop
  endfacet
  facet normal 1 0 0
    outer loop
      vertex 109.083 0 170
      vertex 109.083 9.07939 131.509
      vertex 109.083 9.1292 133.113
    endloop
  endfacet
  facet normal 1 0 0
    outer loop
      vertex 109.083 9.10854 129.906
      vertex 109.083 5.58942 51.3207
      vertex 109.083 6.35472 52.9245
    endloop
  endfacet
  facet normal 1 0 0
    outer loop
      vertex 109.083 9.10854 129.906
      vertex 109.083 4.89268 49.717
      vertex 109.083 5.58942 51.3207
    endloop
  endfacet
  facet normal 1 0 0
    outer loop
      vertex 109.083 9.10854 129.906
      vertex 109.083 4.2803 48.1132
      vertex 109.083 4.89268 49.717
    endloop
  endfacet
  facet normal 1 0 0
    outer loop
      vertex 109.083 9.10854 129.906
      vertex 109.083 3.76625 46.5094
      vertex 109.083 4.2803 48.1132
    endloop
  endfacet
  facet normal 1 0 0
    outer loop
      vertex 109.083 9.10854 129.906
      vertex 109.083 0 170
      vertex 109.083 3.76625 46.5094
    endloop
  endfacet
  facet normal 1 0 0
    outer loop
      vertex 109.083 3.76625 46.5094
      vertex 109.083 0 170
      vertex 109.083 3.36227 44.9057
    endloop
  endfacet
  facet normal 1 0 0
    outer loop
      vertex 109.083 3.36227 44.9057
      vertex 109.083 0 170
      vertex 109.083 3.07764 43.3019
    endloop
  endfacet
  facet normal 1 0 0
    outer loop
      vertex 109.083 0 0
      vertex 109.083 2.91885 41.6981
      vertex 109.083 0 170
    endloop
  endfacet
  facet normal 1 0 0
    outer loop
      vertex 109.083 3.07764 43.3019
      vertex 109.083 0 170
      vertex 109.083 2.91885 41.6981
    endloop
  endfacet
  facet normal 1 0 0
    outer loop
      vertex 109.083 9.25414 134.717
      vertex 109.083 0 170
      vertex 109.083 9.1292 133.113
    endloop
  endfacet
  facet normal 1 0 0
    outer loop
      vertex 109.083 9.44904 136.321
      vertex 109.083 0 170
      vertex 109.083 9.25414 134.717
    endloop
  endfacet
  facet normal 1 0 0
    outer loop
      vertex 109.083 9.70761 137.925
      vertex 109.083 0 170
      vertex 109.083 9.44904 136.321
    endloop
  endfacet
  facet normal 1 0 0
    outer loop
      vertex 109.083 10.0227 139.528
      vertex 109.083 0 170
      vertex 109.083 9.70761 137.925
    endloop
  endfacet
  facet normal 1 0 0
    outer loop
      vertex 109.083 10.3864 141.132
      vertex 109.083 0 170
      vertex 109.083 10.0227 139.528
    endloop
  endfacet
  facet normal 1 0 0
    outer loop
      vertex 109.083 17.4991 97.8302
      vertex 109.083 17.4476 94.6226
      vertex 109.083 17.5099 96.2264
    endloop
  endfacet
  facet normal 1 0 0
    outer loop
      vertex 109.083 17.4068 99.434
      vertex 109.083 17.4476 94.6226
      vertex 109.083 17.4991 97.8302
    endloop
  endfacet
  facet normal 1 0 0
    outer loop
      vertex 109.083 17.2286 101.038
      vertex 109.083 17.4476 94.6226
      vertex 109.083 17.4068 99.434
    endloop
  endfacet
  facet normal 1 0 0
    outer loop
      vertex 109.083 16.9642 102.641
      vertex 109.083 17.4476 94.6226
      vertex 109.083 17.2286 101.038
    endloop
  endfacet
  facet normal 1 0 0
    outer loop
      vertex 109.083 16.6164 104.245
      vertex 109.083 17.4476 94.6226
      vertex 109.083 16.9642 102.641
    endloop
  endfacet
  facet normal 1 0 0
    outer loop
      vertex 109.083 17.4476 94.6226
      vertex 109.083 16.6164 104.245
      vertex 109.083 17.3239 93.0189
    endloop
  endfacet
  facet normal 1 0 0
    outer loop
      vertex 109.083 16.1918 105.849
      vertex 109.083 17.3239 93.0189
      vertex 109.083 16.6164 104.245
    endloop
  endfacet
  facet normal 1 0 0
    outer loop
      vertex 109.083 15.6995 107.453
      vertex 109.083 17.3239 93.0189
      vertex 109.083 16.1918 105.849
    endloop
  endfacet
  facet normal 1 0 0
    outer loop
      vertex 109.083 17.3239 93.0189
      vertex 109.083 15.6995 107.453
      vertex 109.083 17.1538 91.4151
    endloop
  endfacet
  facet normal 1 0 0
    outer loop
      vertex 109.083 15.1511 109.057
      vertex 109.083 17.1538 91.4151
      vertex 109.083 15.6995 107.453
    endloop
  endfacet
  facet normal 1 0 0
    outer loop
      vertex 109.083 17.1538 91.4151
      vertex 109.083 15.1511 109.057
      vertex 109.083 16.9541 89.8113
    endloop
  endfacet
  facet normal 1 0 0
    outer loop
      vertex 109.083 14.5598 110.66
      vertex 109.083 16.9541 89.8113
      vertex 109.083 15.1511 109.057
    endloop
  endfacet
  facet normal 1 0 0
    outer loop
      vertex 109.083 16.9541 89.8113
      vertex 109.083 14.5598 110.66
      vertex 109.083 16.7419 88.2075
    endloop
  endfacet
  facet normal 1 0 0
    outer loop
      vertex 109.083 13.9401 112.264
      vertex 109.083 16.7419 88.2075
      vertex 109.083 14.5598 110.66
    endloop
  endfacet
  facet normal 1 0 0
    outer loop
      vertex 109.083 13.3072 113.868
      vertex 109.083 16.7419 88.2075
      vertex 109.083 13.9401 112.264
    endloop
  endfacet
  facet normal 1 0 0
    outer loop
      vertex 109.083 16.7419 88.2075
      vertex 109.083 13.3072 113.868
      vertex 109.083 16.5329 86.6038
    endloop
  endfacet
  facet normal 1 0 0
    outer loop
      vertex 109.083 12.6763 115.472
      vertex 109.083 16.5329 86.6038
      vertex 109.083 13.3072 113.868
    endloop
  endfacet
  facet normal 1 0 0
    outer loop
      vertex 109.083 16.5329 86.6038
      vertex 109.083 12.6763 115.472
      vertex 109.083 16.3383 85
    endloop
  endfacet
  facet normal 1 0 0
    outer loop
      vertex 109.083 12.0622 117.075
      vertex 109.083 16.3383 85
      vertex 109.083 12.6763 115.472
    endloop
  endfacet
  facet normal 1 0 0
    outer loop
      vertex 109.083 16.3383 85
      vertex 109.083 12.0622 117.075
      vertex 109.083 16.164 83.3962
    endloop
  endfacet
  facet normal 1 0 0
    outer loop
      vertex 109.083 8.02124 56.1321
      vertex 109.083 16.164 83.3962
      vertex 109.083 12.0622 117.075
    endloop
  endfacet
  facet normal 1 0 0
    outer loop
      vertex 109.083 8.02124 56.1321
      vertex 109.083 16.0086 81.7924
      vertex 109.083 16.164 83.3962
    endloop
  endfacet
  facet normal 1 0 0
    outer loop
      vertex 109.083 16.0086 81.7924
      vertex 109.083 8.88579 57.7358
      vertex 109.083 15.8647 80.1887
    endloop
  endfacet
  facet normal 1 0 -0
    outer loop
      vertex 109.083 9.74666 59.3396
      vertex 109.083 15.8647 80.1887
      vertex 109.083 8.88579 57.7358
    endloop
  endfacet
  facet normal 1 0 -0
    outer loop
      vertex 109.083 10.5863 60.9434
      vertex 109.083 15.7194 78.5849
      vertex 109.083 9.74666 59.3396
    endloop
  endfacet
  facet normal 1 0 0
    outer loop
      vertex 109.083 15.7194 78.5849
      vertex 109.083 10.5863 60.9434
      vertex 109.083 15.5571 76.9811
    endloop
  endfacet
  facet normal 1 0 0
    outer loop
      vertex 109.083 15.5571 76.9811
      vertex 109.083 11.3884 62.5472
      vertex 109.083 15.3614 75.3773
    endloop
  endfacet
  facet normal 1 0 -0
    outer loop
      vertex 109.083 12.1387 64.1509
      vertex 109.083 15.3614 75.3773
      vertex 109.083 11.3884 62.5472
    endloop
  endfacet
  facet normal 1 0 0
    outer loop
      vertex 109.083 13.9755 68.9622
      vertex 109.083 12.8254 65.7547
      vertex 109.083 13.4395 67.3585
    endloop
  endfacet
  facet normal 1 0 0
    outer loop
      vertex 109.083 15.1167 73.7736
      vertex 109.083 12.1387 64.1509
      vertex 109.083 14.8101 72.1698
    endloop
  endfacet
  facet normal 1 0 0
    outer loop
      vertex 109.083 13.9755 68.9622
      vertex 109.083 12.1387 64.1509
      vertex 109.083 12.8254 65.7547
    endloop
  endfacet
  facet normal 1 0 0
    outer loop
      vertex 109.083 15.8647 80.1887
      vertex 109.083 9.74666 59.3396
      vertex 109.083 15.7194 78.5849
    endloop
  endfacet
  facet normal 1 0 0
    outer loop
      vertex 109.083 8.02124 56.1321
      vertex 109.083 12.0622 117.075
      vertex 109.083 11.4789 118.679
    endloop
  endfacet
  facet normal 1 0 0
    outer loop
      vertex 109.083 14.4317 70.566
      vertex 109.083 12.1387 64.1509
      vertex 109.083 13.9755 68.9622
    endloop
  endfacet
  facet normal 1 0 0
    outer loop
      vertex 109.083 8.02124 56.1321
      vertex 109.083 11.4789 118.679
      vertex 109.083 10.939 120.283
    endloop
  endfacet
  facet normal 1 0 0
    outer loop
      vertex 109.083 14.8101 72.1698
      vertex 109.083 12.1387 64.1509
      vertex 109.083 14.4317 70.566
    endloop
  endfacet
  facet normal 1 0 0
    outer loop
      vertex 109.083 8.02124 56.1321
      vertex 109.083 10.939 120.283
      vertex 109.083 10.4539 121.887
    endloop
  endfacet
  facet normal 1 0 0
    outer loop
      vertex 109.083 8.02124 56.1321
      vertex 109.083 10.4539 121.887
      vertex 109.083 10.0329 123.491
    endloop
  endfacet
  facet normal 1 0 0
    outer loop
      vertex 109.083 15.3614 75.3773
      vertex 109.083 12.1387 64.1509
      vertex 109.083 15.1167 73.7736
    endloop
  endfacet
  facet normal 1 0 0
    outer loop
      vertex 109.083 8.02124 56.1321
      vertex 109.083 10.0329 123.491
      vertex 109.083 9.68349 125.094
    endloop
  endfacet
  facet normal 1 0 0
    outer loop
      vertex 109.083 8.02124 56.1321
      vertex 109.083 9.68349 125.094
      vertex 109.083 9.41103 126.698
    endloop
  endfacet
  facet normal 1 0 0
    outer loop
      vertex 109.083 8.02124 56.1321
      vertex 109.083 9.41103 126.698
      vertex 109.083 9.21892 128.302
    endloop
  endfacet
  facet normal 1 0 0
    outer loop
      vertex 109.083 8.02124 56.1321
      vertex 109.083 9.21892 128.302
      vertex 109.083 9.10854 129.906
    endloop
  endfacet
  facet normal 1 0 0
    outer loop
      vertex 109.083 0 170
      vertex 109.083 9.10854 129.906
      vertex 109.083 9.07939 131.509
    endloop
  endfacet
  facet normal 1 0 -0
    outer loop
      vertex 109.083 11.3884 62.5472
      vertex 109.083 15.5571 76.9811
      vertex 109.083 10.5863 60.9434
    endloop
  endfacet
  facet normal 1 0 0
    outer loop
      vertex 109.083 0 0
      vertex 109.083 15.2394 4.81131
      vertex 109.083 15.2252 6.41508
    endloop
  endfacet
  facet normal 1 0 0
    outer loop
      vertex 109.083 0 0
      vertex 109.083 15.2252 6.41508
      vertex 109.083 15.0896 8.01886
    endloop
  endfacet
  facet normal 1 0 0
    outer loop
      vertex 109.083 15.2394 4.81131
      vertex 109.083 0 0
      vertex 109.083 15.1332 3.20753
    endloop
  endfacet
  facet normal 1 0 0
    outer loop
      vertex 109.083 0 0
      vertex 109.083 15.0896 8.01886
      vertex 109.083 14.8341 9.62263
    endloop
  endfacet
  facet normal 1 0 0
    outer loop
      vertex 109.083 15.1332 3.20753
      vertex 109.083 0 0
      vertex 109.083 14.9102 1.60376
    endloop
  endfacet
  facet normal 1 0 0
    outer loop
      vertex 109.083 0 0
      vertex 109.083 14.8341 9.62263
      vertex 109.083 14.4628 11.2264
    endloop
  endfacet
  facet normal 1 0 0
    outer loop
      vertex 109.083 0 0
      vertex 109.083 14.4628 11.2264
      vertex 109.083 13.9823 12.8302
    endloop
  endfacet
  facet normal 1 0 0
    outer loop
      vertex 109.083 0 0
      vertex 109.083 13.9823 12.8302
      vertex 109.083 13.4016 14.434
    endloop
  endfacet
  facet normal 1 0 0
    outer loop
      vertex 109.083 0 0
      vertex 109.083 13.4016 14.434
      vertex 109.083 12.7319 16.0377
    endloop
  endfacet
  facet normal 1 0 0
    outer loop
      vertex 109.083 0 0
      vertex 109.083 12.7319 16.0377
      vertex 109.083 11.9862 17.6415
    endloop
  endfacet
  facet normal 1 0 0
    outer loop
      vertex 109.083 0 0
      vertex 109.083 11.9862 17.6415
      vertex 109.083 11.1794 19.2453
    endloop
  endfacet
  facet normal 1 0 0
    outer loop
      vertex 109.083 0 0
      vertex 109.083 11.1794 19.2453
      vertex 109.083 10.3277 20.849
    endloop
  endfacet
  facet normal 1 0 0
    outer loop
      vertex 109.083 0 0
      vertex 109.083 10.3277 20.849
      vertex 109.083 9.44861 22.4528
    endloop
  endfacet
  facet normal 1 0 0
    outer loop
      vertex 109.083 0 0
      vertex 109.083 9.44861 22.4528
      vertex 109.083 8.5601 24.0566
    endloop
  endfacet
  facet normal 1 0 0
    outer loop
      vertex 109.083 0 0
      vertex 109.083 8.5601 24.0566
      vertex 109.083 7.68063 25.6604
    endloop
  endfacet
  facet normal 1 0 0
    outer loop
      vertex 109.083 0 0
      vertex 109.083 7.68063 25.6604
      vertex 109.083 6.82861 27.2641
    endloop
  endfacet
  facet normal 1 0 0
    outer loop
      vertex 109.083 0 0
      vertex 109.083 6.82861 27.2641
      vertex 109.083 6.02202 28.8679
    endloop
  endfacet
  facet normal 1 0 0
    outer loop
      vertex 109.083 0 0
      vertex 109.083 6.02202 28.8679
      vertex 109.083 5.27795 30.4717
    endloop
  endfacet
  facet normal 1 0 0
    outer loop
      vertex 109.083 0 0
      vertex 109.083 5.27795 30.4717
      vertex 109.083 4.61237 32.0755
    endloop
  endfacet
  facet normal 1 0 0
    outer loop
      vertex 109.083 0 0
      vertex 109.083 4.61237 32.0755
      vertex 109.083 4.03957 33.6792
    endloop
  endfacet
  facet normal 1 0 0
    outer loop
      vertex 109.083 14.9102 1.60376
      vertex 109.083 0 0
      vertex 109.083 14.5762 0
    endloop
  endfacet
  facet normal 1 0 0
    outer loop
      vertex 109.083 3.57196 35.283
      vertex 109.083 0 0
      vertex 109.083 4.03957 33.6792
    endloop
  endfacet
  facet normal 1 0 0
    outer loop
      vertex 109.083 3.21976 36.8868
      vertex 109.083 0 0
      vertex 109.083 3.57196 35.283
    endloop
  endfacet
  facet normal 1 0 0
    outer loop
      vertex 109.083 2.99063 38.4906
      vertex 109.083 0 0
      vertex 109.083 3.21976 36.8868
    endloop
  endfacet
  facet normal 1 0 0
    outer loop
      vertex 109.083 2.8896 40.0943
      vertex 109.083 0 0
      vertex 109.083 2.99063 38.4906
    endloop
  endfacet
  facet normal 1 0 0
    outer loop
      vertex 109.083 2.91885 41.6981
      vertex 109.083 0 0
      vertex 109.083 2.8896 40.0943
    endloop
  endfacet
  facet normal 0 0.990471 -0.137722
    outer loop
      vertex 109.083 14.9102 1.60376
      vertex 98.6944 15.1332 3.20753
      vertex 109.083 15.1332 3.20753
    endloop
  endfacet
  facet normal 0 0.990471 -0.137722
    outer loop
      vertex 98.6944 15.1332 3.20753
      vertex 109.083 14.9102 1.60376
      vertex 98.6944 14.9102 1.60376
    endloop
  endfacet
  facet normal 0 0.997815 -0.0660739
    outer loop
      vertex 109.083 15.1332 3.20753
      vertex 98.6944 15.2394 4.81131
      vertex 109.083 15.2394 4.81131
    endloop
  endfacet
  facet normal 0 0.997815 -0.0660739
    outer loop
      vertex 98.6944 15.2394 4.81131
      vertex 109.083 15.1332 3.20753
      vertex 98.6944 15.1332 3.20753
    endloop
  endfacet
  facet normal 0 0.999961 0.00885379
    outer loop
      vertex 109.083 15.2394 4.81131
      vertex 98.6944 15.2252 6.41508
      vertex 109.083 15.2252 6.41508
    endloop
  endfacet
  facet normal 0 0.999961 0.00885379
    outer loop
      vertex 98.6944 15.2252 6.41508
      vertex 109.083 15.2394 4.81131
      vertex 98.6944 15.2394 4.81131
    endloop
  endfacet
  facet normal 0 0.996445 0.0842496
    outer loop
      vertex 109.083 15.2252 6.41508
      vertex 98.6944 15.0896 8.01886
      vertex 109.083 15.0896 8.01886
    endloop
  endfacet
  facet normal 0 0.996445 0.0842496
    outer loop
      vertex 98.6944 15.0896 8.01886
      vertex 109.083 15.2252 6.41508
      vertex 98.6944 15.2252 6.41508
    endloop
  endfacet
  facet normal 0 0.987546 0.157328
    outer loop
      vertex 109.083 15.0896 8.01886
      vertex 98.6944 14.8341 9.62263
      vertex 109.083 14.8341 9.62263
    endloop
  endfacet
  facet normal 0 0.987546 0.157328
    outer loop
      vertex 98.6944 14.8341 9.62263
      vertex 109.083 15.0896 8.01886
      vertex 98.6944 15.0896 8.01886
    endloop
  endfacet
  facet normal 0 0.974231 0.225551
    outer loop
      vertex 109.083 14.8341 9.62263
      vertex 98.6944 14.4628 11.2264
      vertex 109.083 14.4628 11.2264
    endloop
  endfacet
  facet normal 0 0.974231 0.225551
    outer loop
      vertex 98.6944 14.4628 11.2264
      vertex 109.083 14.8341 9.62263
      vertex 98.6944 14.8341 9.62263
    endloop
  endfacet
  facet normal 0 0.957931 0.286997
    outer loop
      vertex 109.083 14.4628 11.2264
      vertex 98.6944 13.9823 12.8302
      vertex 109.083 13.9823 12.8302
    endloop
  endfacet
  facet normal 0 0.957931 0.286997
    outer loop
      vertex 98.6944 13.9823 12.8302
      vertex 109.083 14.4628 11.2264
      vertex 98.6944 14.4628 11.2264
    endloop
  endfacet
  facet normal 0 0.940263 0.340448
    outer loop
      vertex 109.083 13.9823 12.8302
      vertex 98.6944 13.4016 14.434
      vertex 109.083 13.4016 14.434
    endloop
  endfacet
  facet normal 0 0.940263 0.340448
    outer loop
      vertex 98.6944 13.4016 14.434
      vertex 109.083 13.9823 12.8302
      vertex 98.6944 13.9823 12.8302
    endloop
  endfacet
  facet normal 0 0.922772 0.385347
    outer loop
      vertex 109.083 13.4016 14.434
      vertex 98.6944 12.7319 16.0377
      vertex 109.083 12.7319 16.0377
    endloop
  endfacet
  facet normal 0 0.922772 0.385347
    outer loop
      vertex 98.6944 12.7319 16.0377
      vertex 109.083 13.4016 14.434
      vertex 98.6944 13.4016 14.434
    endloop
  endfacet
  facet normal 0 0.906776 0.421613
    outer loop
      vertex 109.083 12.7319 16.0377
      vertex 98.6944 11.9862 17.6415
      vertex 109.083 11.9862 17.6415
    endloop
  endfacet
  facet normal 0 0.906776 0.421613
    outer loop
      vertex 98.6944 11.9862 17.6415
      vertex 109.083 12.7319 16.0377
      vertex 98.6944 12.7319 16.0377
    endloop
  endfacet
  facet normal 0 0.893333 0.449396
    outer loop
      vertex 109.083 11.9862 17.6415
      vertex 98.6944 11.1794 19.2453
      vertex 109.083 11.1794 19.2453
    endloop
  endfacet
  facet normal 0 0.893333 0.449396
    outer loop
      vertex 98.6944 11.1794 19.2453
      vertex 109.083 11.9862 17.6415
      vertex 98.6944 11.9862 17.6415
    endloop
  endfacet
  facet normal 0 0.883176 0.469041
    outer loop
      vertex 109.083 11.1794 19.2453
      vertex 98.6944 10.3277 20.849
      vertex 109.083 10.3277 20.849
    endloop
  endfacet
  facet normal 0 0.883176 0.469041
    outer loop
      vertex 98.6944 10.3277 20.849
      vertex 109.083 11.1794 19.2453
      vertex 98.6944 11.1794 19.2453
    endloop
  endfacet
  facet normal 0 0.876908 0.480659
    outer loop
      vertex 109.083 10.3277 20.849
      vertex 98.6944 9.44861 22.4528
      vertex 109.083 9.44861 22.4528
    endloop
  endfacet
  facet normal 0 0.876908 0.480659
    outer loop
      vertex 98.6944 9.44861 22.4528
      vertex 109.083 10.3277 20.849
      vertex 98.6944 10.3277 20.849
    endloop
  endfacet
  facet normal 0 0.874733 0.484605
    outer loop
      vertex 109.083 9.44861 22.4528
      vertex 98.6944 8.5601 24.0566
      vertex 109.083 8.5601 24.0566
    endloop
  endfacet
  facet normal 0 0.874733 0.484605
    outer loop
      vertex 98.6944 8.5601 24.0566
      vertex 109.083 9.44861 22.4528
      vertex 98.6944 9.44861 22.4528
    endloop
  endfacet
  facet normal 0 0.87682 0.480819
    outer loop
      vertex 109.083 8.5601 24.0566
      vertex 98.6944 7.68063 25.6604
      vertex 109.083 7.68063 25.6604
    endloop
  endfacet
  facet normal 0 0.87682 0.480819
    outer loop
      vertex 98.6944 7.68063 25.6604
      vertex 109.083 8.5601 24.0566
      vertex 98.6944 8.5601 24.0566
    endloop
  endfacet
  facet normal 0 0.883103 0.469179
    outer loop
      vertex 109.083 7.68063 25.6604
      vertex 98.6944 6.82861 27.2641
      vertex 109.083 6.82861 27.2641
    endloop
  endfacet
  facet normal 0 0.883103 0.469179
    outer loop
      vertex 98.6944 6.82861 27.2641
      vertex 109.083 7.68063 25.6604
      vertex 98.6944 7.68063 25.6604
    endloop
  endfacet
  facet normal 0 0.89338 0.449302
    outer loop
      vertex 109.083 6.82861 27.2641
      vertex 98.6944 6.02202 28.8679
      vertex 109.083 6.02202 28.8679
    endloop
  endfacet
  facet normal 0 0.89338 0.449302
    outer loop
      vertex 98.6944 6.02202 28.8679
      vertex 109.083 6.82861 27.2641
      vertex 98.6944 6.82861 27.2641
    endloop
  endfacet
  facet normal 0 0.907128 0.420855
    outer loop
      vertex 109.083 6.02202 28.8679
      vertex 98.6944 5.27795 30.4717
      vertex 109.083 5.27795 30.4717
    endloop
  endfacet
  facet normal 0 0.907128 0.420855
    outer loop
      vertex 98.6944 5.27795 30.4717
      vertex 109.083 6.02202 28.8679
      vertex 98.6944 6.02202 28.8679
    endloop
  endfacet
  facet normal 0 0.923622 0.383305
    outer loop
      vertex 109.083 5.27795 30.4717
      vertex 98.6944 4.61237 32.0755
      vertex 109.083 4.61237 32.0755
    endloop
  endfacet
  facet normal 0 0.923622 0.383305
    outer loop
      vertex 98.6944 4.61237 32.0755
      vertex 109.083 5.27795 30.4717
      vertex 98.6944 5.27795 30.4717
    endloop
  endfacet
  facet normal 0 0.941733 0.336362
    outer loop
      vertex 109.083 4.61237 32.0755
      vertex 98.6944 4.03957 33.6792
      vertex 109.083 4.03957 33.6792
    endloop
  endfacet
  facet normal 0 0.941733 0.336362
    outer loop
      vertex 98.6944 4.03957 33.6792
      vertex 109.083 4.61237 32.0755
      vertex 98.6944 4.61237 32.0755
    endloop
  endfacet
  facet normal 0 0.960027 0.279909
    outer loop
      vertex 109.083 4.03957 33.6792
      vertex 98.6944 3.57196 35.283
      vertex 109.083 3.57196 35.283
    endloop
  endfacet
  facet normal 0 0.960027 0.279909
    outer loop
      vertex 98.6944 3.57196 35.283
      vertex 109.083 4.03957 33.6792
      vertex 98.6944 4.03957 33.6792
    endloop
  endfacet
  facet normal 0 0.976726 0.214492
    outer loop
      vertex 109.083 3.57196 35.283
      vertex 98.6944 3.21976 36.8868
      vertex 109.083 3.21976 36.8868
    endloop
  endfacet
  facet normal 0 0.976726 0.214492
    outer loop
      vertex 98.6944 3.21976 36.8868
      vertex 109.083 3.57196 35.283
      vertex 98.6944 3.57196 35.283
    endloop
  endfacet
  facet normal 0 0.989948 0.141431
    outer loop
      vertex 109.083 3.21976 36.8868
      vertex 98.6944 2.99063 38.4906
      vertex 109.083 2.99063 38.4906
    endloop
  endfacet
  facet normal 0 0.989948 0.141431
    outer loop
      vertex 98.6944 2.99063 38.4906
      vertex 109.083 3.21976 36.8868
      vertex 98.6944 3.21976 36.8868
    endloop
  endfacet
  facet normal 0 0.998022 0.0628734
    outer loop
      vertex 109.083 2.99063 38.4906
      vertex 98.6944 2.8896 40.0943
      vertex 109.083 2.8896 40.0943
    endloop
  endfacet
  facet normal 0 0.998022 0.0628734
    outer loop
      vertex 98.6944 2.8896 40.0943
      vertex 109.083 2.99063 38.4906
      vertex 98.6944 2.99063 38.4906
    endloop
  endfacet
  facet normal 0 0.999834 -0.0182349
    outer loop
      vertex 109.083 2.8896 40.0943
      vertex 98.6944 2.91885 41.6981
      vertex 109.083 2.91885 41.6981
    endloop
  endfacet
  facet normal 0 0.999834 -0.0182349
    outer loop
      vertex 98.6944 2.91885 41.6981
      vertex 109.083 2.8896 40.0943
      vertex 98.6944 2.8896 40.0943
    endloop
  endfacet
  facet normal 0 0.995134 -0.0985269
    outer loop
      vertex 109.083 2.91885 41.6981
      vertex 98.6944 3.07764 43.3019
      vertex 109.083 3.07764 43.3019
    endloop
  endfacet
  facet normal 0 0.995134 -0.0985269
    outer loop
      vertex 98.6944 3.07764 43.3019
      vertex 109.083 2.91885 41.6981
      vertex 98.6944 2.91885 41.6981
    endloop
  endfacet
  facet normal 0 0.984614 -0.174742
    outer loop
      vertex 109.083 3.07764 43.3019
      vertex 98.6944 3.36227 44.9057
      vertex 109.083 3.36227 44.9057
    endloop
  endfacet
  facet normal 0 0.984614 -0.174742
    outer loop
      vertex 98.6944 3.36227 44.9057
      vertex 109.083 3.07764 43.3019
      vertex 98.6944 3.07764 43.3019
    endloop
  endfacet
  facet normal 0 0.969706 -0.244274
    outer loop
      vertex 109.083 3.36227 44.9057
      vertex 98.6944 3.76625 46.5094
      vertex 109.083 3.76625 46.5094
    endloop
  endfacet
  facet normal 0 0.969706 -0.244274
    outer loop
      vertex 98.6944 3.76625 46.5094
      vertex 109.083 3.36227 44.9057
      vertex 98.6944 3.36227 44.9057
    endloop
  endfacet
  facet normal 0 0.95228 -0.305225
    outer loop
      vertex 109.083 3.76625 46.5094
      vertex 98.6944 4.2803 48.1132
      vertex 109.083 4.2803 48.1132
    endloop
  endfacet
  facet normal 0 0.95228 -0.305225
    outer loop
      vertex 98.6944 4.2803 48.1132
      vertex 109.083 3.76625 46.5094
      vertex 98.6944 3.76625 46.5094
    endloop
  endfacet
  facet normal 0 0.934215 -0.356712
    outer loop
      vertex 109.083 4.2803 48.1132
      vertex 98.6944 4.89268 49.717
      vertex 109.083 4.89268 49.717
    endloop
  endfacet
  facet normal 0 0.934215 -0.356712
    outer loop
      vertex 98.6944 4.89268 49.717
      vertex 109.083 4.2803 48.1132
      vertex 98.6944 4.2803 48.1132
    endloop
  endfacet
  facet normal 0 0.917179 -0.398476
    outer loop
      vertex 109.083 4.89268 49.717
      vertex 98.6944 5.58942 51.3207
      vertex 109.083 5.58942 51.3207
    endloop
  endfacet
  facet normal 0 0.917179 -0.398476
    outer loop
      vertex 98.6944 5.58942 51.3207
      vertex 109.083 4.89268 49.717
      vertex 98.6944 4.89268 49.717
    endloop
  endfacet
  facet normal 0 0.902514 -0.430661
    outer loop
      vertex 109.083 5.58942 51.3207
      vertex 98.6944 6.35472 52.9245
      vertex 109.083 6.35472 52.9245
    endloop
  endfacet
  facet normal 0 0.902514 -0.430661
    outer loop
      vertex 98.6944 6.35472 52.9245
      vertex 109.083 5.58942 51.3207
      vertex 98.6944 5.58942 51.3207
    endloop
  endfacet
  facet normal 0 0.89112 -0.453767
    outer loop
      vertex 109.083 6.35472 52.9245
      vertex 98.6944 7.17139 54.5283
      vertex 109.083 7.17139 54.5283
    endloop
  endfacet
  facet normal 0 0.89112 -0.453767
    outer loop
      vertex 98.6944 7.17139 54.5283
      vertex 109.083 6.35472 52.9245
      vertex 98.6944 6.35472 52.9245
    endloop
  endfacet
  facet normal 0 0.88361 -0.468223
    outer loop
      vertex 109.083 7.17139 54.5283
      vertex 98.6944 8.02124 56.1321
      vertex 109.083 8.02124 56.1321
    endloop
  endfacet
  facet normal 0 0.88361 -0.468223
    outer loop
      vertex 98.6944 8.02124 56.1321
      vertex 109.083 7.17139 54.5283
      vertex 98.6944 7.17139 54.5283
    endloop
  endfacet
  facet normal 0 0.880237 -0.474533
    outer loop
      vertex 109.083 8.02124 56.1321
      vertex 98.6944 8.88579 57.7358
      vertex 109.083 8.88579 57.7358
    endloop
  endfacet
  facet normal 0 0.880237 -0.474533
    outer loop
      vertex 98.6944 8.88579 57.7358
      vertex 109.083 8.02124 56.1321
      vertex 98.6944 8.02124 56.1321
    endloop
  endfacet
  facet normal 0 0.881093 -0.472943
    outer loop
      vertex 109.083 8.88579 57.7358
      vertex 98.6944 9.74666 59.3396
      vertex 109.083 9.74666 59.3396
    endloop
  endfacet
  facet normal 0 0.881093 -0.472943
    outer loop
      vertex 98.6944 9.74666 59.3396
      vertex 109.083 8.88579 57.7358
      vertex 98.6944 8.88579 57.7358
    endloop
  endfacet
  facet normal 0 0.885933 -0.463814
    outer loop
      vertex 109.083 9.74666 59.3396
      vertex 98.6944 10.5863 60.9434
      vertex 109.083 10.5863 60.9434
    endloop
  endfacet
  facet normal 0 0.885933 -0.463814
    outer loop
      vertex 98.6944 10.5863 60.9434
      vertex 109.083 9.74666 59.3396
      vertex 98.6944 9.74666 59.3396
    endloop
  endfacet
  facet normal 0 0.894383 -0.447303
    outer loop
      vertex 109.083 10.5863 60.9434
      vertex 98.6944 11.3884 62.5472
      vertex 109.083 11.3884 62.5472
    endloop
  endfacet
  facet normal 0 0.894383 -0.447303
    outer loop
      vertex 98.6944 11.3884 62.5472
      vertex 109.083 10.5863 60.9434
      vertex 98.6944 10.5863 60.9434
    endloop
  endfacet
  facet normal 0 0.90577 -0.42377
    outer loop
      vertex 109.083 11.3884 62.5472
      vertex 98.6944 12.1387 64.1509
      vertex 109.083 12.1387 64.1509
    endloop
  endfacet
  facet normal 0 0.90577 -0.42377
    outer loop
      vertex 98.6944 12.1387 64.1509
      vertex 109.083 11.3884 62.5472
      vertex 98.6944 11.3884 62.5472
    endloop
  endfacet
  facet normal 0 0.919278 -0.393608
    outer loop
      vertex 109.083 12.1387 64.1509
      vertex 98.6944 12.8254 65.7547
      vertex 109.083 12.8254 65.7547
    endloop
  endfacet
  facet normal 0 0.919278 -0.393608
    outer loop
      vertex 98.6944 12.8254 65.7547
      vertex 109.083 12.1387 64.1509
      vertex 98.6944 12.1387 64.1509
    endloop
  endfacet
  facet normal 0 0.93388 -0.357586
    outer loop
      vertex 109.083 12.8254 65.7547
      vertex 98.6944 13.4395 67.3585
      vertex 109.083 13.4395 67.3585
    endloop
  endfacet
  facet normal 0 0.93388 -0.357586
    outer loop
      vertex 98.6944 13.4395 67.3585
      vertex 109.083 12.8254 65.7547
      vertex 98.6944 12.8254 65.7547
    endloop
  endfacet
  facet normal 0 0.948429 -0.316991
    outer loop
      vertex 109.083 13.4395 67.3585
      vertex 98.6944 13.9755 68.9622
      vertex 109.083 13.9755 68.9622
    endloop
  endfacet
  facet normal 0 0.948429 -0.316991
    outer loop
      vertex 98.6944 13.9755 68.9622
      vertex 109.083 13.4395 67.3585
      vertex 98.6944 13.4395 67.3585
    endloop
  endfacet
  facet normal 0 0.961845 -0.273596
    outer loop
      vertex 109.083 13.9755 68.9622
      vertex 98.6944 14.4317 70.566
      vertex 109.083 14.4317 70.566
    endloop
  endfacet
  facet normal 0 0.961845 -0.273596
    outer loop
      vertex 98.6944 14.4317 70.566
      vertex 109.083 13.9755 68.9622
      vertex 98.6944 13.9755 68.9622
    endloop
  endfacet
  facet normal 0 0.973277 -0.229635
    outer loop
      vertex 109.083 14.4317 70.566
      vertex 98.6944 14.8101 72.1698
      vertex 109.083 14.8101 72.1698
    endloop
  endfacet
  facet normal 0 0.973277 -0.229635
    outer loop
      vertex 98.6944 14.8101 72.1698
      vertex 109.083 14.4317 70.566
      vertex 98.6944 14.4317 70.566
    endloop
  endfacet
  facet normal 0 0.982213 -0.187771
    outer loop
      vertex 109.083 14.8101 72.1698
      vertex 98.6944 15.1167 73.7736
      vertex 109.083 15.1167 73.7736
    endloop
  endfacet
  facet normal 0 0.982213 -0.187771
    outer loop
      vertex 98.6944 15.1167 73.7736
      vertex 109.083 14.8101 72.1698
      vertex 98.6944 14.8101 72.1698
    endloop
  endfacet
  facet normal 0 0.988558 -0.150839
    outer loop
      vertex 109.083 15.1167 73.7736
      vertex 98.6944 15.3614 75.3773
      vertex 109.083 15.3614 75.3773
    endloop
  endfacet
  facet normal 0 0.988558 -0.150839
    outer loop
      vertex 98.6944 15.3614 75.3773
      vertex 109.083 15.1167 73.7736
      vertex 98.6944 15.1167 73.7736
    endloop
  endfacet
  facet normal 0 0.992637 -0.121124
    outer loop
      vertex 109.083 15.3614 75.3773
      vertex 98.6944 15.5571 76.9811
      vertex 109.083 15.5571 76.9811
    endloop
  endfacet
  facet normal 0 0.992637 -0.121124
    outer loop
      vertex 98.6944 15.5571 76.9811
      vertex 109.083 15.3614 75.3773
      vertex 98.6944 15.3614 75.3773
    endloop
  endfacet
  facet normal 0 0.994919 -0.100683
    outer loop
      vertex 109.083 15.5571 76.9811
      vertex 98.6944 15.7194 78.5849
      vertex 109.083 15.7194 78.5849
    endloop
  endfacet
  facet normal 0 0.994919 -0.100683
    outer loop
      vertex 98.6944 15.7194 78.5849
      vertex 109.083 15.5571 76.9811
      vertex 98.6944 15.5571 76.9811
    endloop
  endfacet
  facet normal 0 0.995921 -0.0902278
    outer loop
      vertex 109.083 15.7194 78.5849
      vertex 98.6944 15.8647 80.1887
      vertex 109.083 15.8647 80.1887
    endloop
  endfacet
  facet normal 0 0.995921 -0.0902278
    outer loop
      vertex 98.6944 15.8647 80.1887
      vertex 109.083 15.7194 78.5849
      vertex 98.6944 15.7194 78.5849
    endloop
  endfacet
  facet normal 0 0.995998 -0.0893709
    outer loop
      vertex 109.083 15.8647 80.1887
      vertex 98.6944 16.0086 81.7924
      vertex 109.083 16.0086 81.7924
    endloop
  endfacet
  facet normal 0 0.995998 -0.0893709
    outer loop
      vertex 98.6944 16.0086 81.7924
      vertex 109.083 15.8647 80.1887
      vertex 98.6944 15.8647 80.1887
    endloop
  endfacet
  facet normal 0 0.995338 -0.0964432
    outer loop
      vertex 109.083 16.0086 81.7924
      vertex 98.6944 16.164 83.3962
      vertex 109.083 16.164 83.3962
    endloop
  endfacet
  facet normal 0 0.995338 -0.0964432
    outer loop
      vertex 98.6944 16.164 83.3962
      vertex 109.083 16.0086 81.7924
      vertex 98.6944 16.0086 81.7924
    endloop
  endfacet
  facet normal 0 0.994146 -0.108043
    outer loop
      vertex 109.083 16.164 83.3962
      vertex 98.6944 16.3383 85
      vertex 109.083 16.3383 85
    endloop
  endfacet
  facet normal 0 0.994146 -0.108043
    outer loop
      vertex 98.6944 16.3383 85
      vertex 109.083 16.164 83.3962
      vertex 98.6944 16.164 83.3962
    endloop
  endfacet
  facet normal 0 0.992719 -0.120453
    outer loop
      vertex 109.083 16.3383 85
      vertex 98.6944 16.5329 86.6038
      vertex 109.083 16.5329 86.6038
    endloop
  endfacet
  facet normal 0 0.992719 -0.120453
    outer loop
      vertex 98.6944 16.5329 86.6038
      vertex 109.083 16.3383 85
      vertex 98.6944 16.3383 85
    endloop
  endfacet
  facet normal 0 0.991615 -0.129231
    outer loop
      vertex 109.083 16.5329 86.6038
      vertex 98.6944 16.7419 88.2075
      vertex 109.083 16.7419 88.2075
    endloop
  endfacet
  facet normal 0 0.991615 -0.129231
    outer loop
      vertex 98.6944 16.7419 88.2075
      vertex 109.083 16.5329 86.6038
      vertex 98.6944 16.5329 86.6038
    endloop
  endfacet
  facet normal 0 0.99136 -0.131168
    outer loop
      vertex 109.083 16.7419 88.2075
      vertex 98.6944 16.9541 89.8113
      vertex 109.083 16.9541 89.8113
    endloop
  endfacet
  facet normal 0 0.99136 -0.131168
    outer loop
      vertex 98.6944 16.9541 89.8113
      vertex 109.083 16.7419 88.2075
      vertex 98.6944 16.7419 88.2075
    endloop
  endfacet
  facet normal 0 0.992337 -0.123563
    outer loop
      vertex 109.083 16.9541 89.8113
      vertex 98.6944 17.1538 91.4151
      vertex 109.083 17.1538 91.4151
    endloop
  endfacet
  facet normal 0 0.992337 -0.123563
    outer loop
      vertex 98.6944 17.1538 91.4151
      vertex 109.083 16.9541 89.8113
      vertex 98.6944 16.9541 89.8113
    endloop
  endfacet
  facet normal 0 0.994423 -0.105469
    outer loop
      vertex 109.083 17.1538 91.4151
      vertex 98.6944 17.3239 93.0189
      vertex 109.083 17.3239 93.0189
    endloop
  endfacet
  facet normal 0 0.994423 -0.105469
    outer loop
      vertex 98.6944 17.3239 93.0189
      vertex 109.083 17.1538 91.4151
      vertex 98.6944 17.1538 91.4151
    endloop
  endfacet
  facet normal 0 0.997038 -0.0769057
    outer loop
      vertex 109.083 17.3239 93.0189
      vertex 98.6944 17.4476 94.6226
      vertex 109.083 17.4476 94.6226
    endloop
  endfacet
  facet normal 0 0.997038 -0.0769057
    outer loop
      vertex 98.6944 17.4476 94.6226
      vertex 109.083 17.3239 93.0189
      vertex 98.6944 17.3239 93.0189
    endloop
  endfacet
  facet normal 0 0.999246 -0.038816
    outer loop
      vertex 109.083 17.4476 94.6226
      vertex 98.6944 17.5099 96.2264
      vertex 109.083 17.5099 96.2264
    endloop
  endfacet
  facet normal 0 0.999246 -0.038816
    outer loop
      vertex 98.6944 17.5099 96.2264
      vertex 109.083 17.4476 94.6226
      vertex 98.6944 17.4476 94.6226
    endloop
  endfacet
  facet normal 0 0.999977 0.00673385
    outer loop
      vertex 109.083 17.5099 96.2264
      vertex 98.6944 17.4991 97.8302
      vertex 109.083 17.4991 97.8302
    endloop
  endfacet
  facet normal 0 0.999977 0.00673385
    outer loop
      vertex 98.6944 17.4991 97.8302
      vertex 109.083 17.5099 96.2264
      vertex 98.6944 17.5099 96.2264
    endloop
  endfacet
  facet normal 0 0.998348 0.0574557
    outer loop
      vertex 109.083 17.4991 97.8302
      vertex 98.6944 17.4068 99.434
      vertex 109.083 17.4068 99.434
    endloop
  endfacet
  facet normal 0 0.998348 0.0574557
    outer loop
      vertex 98.6944 17.4068 99.434
      vertex 109.083 17.4991 97.8302
      vertex 98.6944 17.4991 97.8302
    endloop
  endfacet
  facet normal 0 0.993885 0.110418
    outer loop
      vertex 109.083 17.4068 99.434
      vertex 98.6944 17.2286 101.038
      vertex 109.083 17.2286 101.038
    endloop
  endfacet
  facet normal 0 0.993885 0.110418
    outer loop
      vertex 98.6944 17.2286 101.038
      vertex 109.083 17.4068 99.434
      vertex 98.6944 17.4068 99.434
    endloop
  endfacet
  facet normal 0 0.986669 0.162742
    outer loop
      vertex 109.083 17.2286 101.038
      vertex 98.6944 16.9642 102.641
      vertex 109.083 16.9642 102.641
    endloop
  endfacet
  facet normal 0 0.986669 0.162742
    outer loop
      vertex 98.6944 16.9642 102.641
      vertex 109.083 17.2286 101.038
      vertex 98.6944 17.2286 101.038
    endloop
  endfacet
  facet normal 0 0.97729 0.211909
    outer loop
      vertex 109.083 16.9642 102.641
      vertex 98.6944 16.6164 104.245
      vertex 109.083 16.6164 104.245
    endloop
  endfacet
  facet normal 0 0.97729 0.211909
    outer loop
      vertex 98.6944 16.6164 104.245
      vertex 109.083 16.9642 102.641
      vertex 98.6944 16.9642 102.641
    endloop
  endfacet
  facet normal 0 0.966703 0.255899
    outer loop
      vertex 109.083 16.6164 104.245
      vertex 98.6944 16.1918 105.849
      vertex 109.083 16.1918 105.849
    endloop
  endfacet
  facet normal 0 0.966703 0.255899
    outer loop
      vertex 98.6944 16.1918 105.849
      vertex 109.083 16.6164 104.245
      vertex 98.6944 16.6164 104.245
    endloop
  endfacet
  facet normal 0 0.955986 0.293411
    outer loop
      vertex 109.083 16.1918 105.849
      vertex 98.6944 15.6995 107.453
      vertex 109.083 15.6995 107.453
    endloop
  endfacet
  facet normal 0 0.955986 0.293411
    outer loop
      vertex 98.6944 15.6995 107.453
      vertex 109.083 16.1918 105.849
      vertex 98.6944 16.1918 105.849
    endloop
  endfacet
  facet normal 0 0.946225 0.32351
    outer loop
      vertex 109.083 15.6995 107.453
      vertex 98.6944 15.1511 109.057
      vertex 109.083 15.1511 109.057
    endloop
  endfacet
  facet normal 0 0.946225 0.32351
    outer loop
      vertex 98.6944 15.1511 109.057
      vertex 109.083 15.6995 107.453
      vertex 98.6944 15.6995 107.453
    endloop
  endfacet
  facet normal 0 0.938206 0.346077
    outer loop
      vertex 109.083 15.1511 109.057
      vertex 98.6944 14.5598 110.66
      vertex 109.083 14.5598 110.66
    endloop
  endfacet
  facet normal 0 0.938206 0.346077
    outer loop
      vertex 98.6944 14.5598 110.66
      vertex 109.083 15.1511 109.057
      vertex 98.6944 15.1511 109.057
    endloop
  endfacet
  facet normal 0 0.932803 0.360385
    outer loop
      vertex 109.083 14.5598 110.66
      vertex 98.6944 13.9401 112.264
      vertex 109.083 13.9401 112.264
    endloop
  endfacet
  facet normal 0 0.932803 0.360385
    outer loop
      vertex 98.6944 13.9401 112.264
      vertex 109.083 14.5598 110.66
      vertex 98.6944 14.5598 110.66
    endloop
  endfacet
  facet normal 0 0.930206 0.367037
    outer loop
      vertex 109.083 13.9401 112.264
      vertex 98.6944 13.3072 113.868
      vertex 109.083 13.3072 113.868
    endloop
  endfacet
  facet normal 0 0.930206 0.367037
    outer loop
      vertex 98.6944 13.3072 113.868
      vertex 109.083 13.9401 112.264
      vertex 98.6944 13.9401 112.264
    endloop
  endfacet
  facet normal 0 0.930602 0.366033
    outer loop
      vertex 109.083 13.3072 113.868
      vertex 98.6944 12.6763 115.472
      vertex 109.083 12.6763 115.472
    endloop
  endfacet
  facet normal 0 0.930602 0.366033
    outer loop
      vertex 98.6944 12.6763 115.472
      vertex 109.083 13.3072 113.868
      vertex 98.6944 13.3072 113.868
    endloop
  endfacet
  facet normal 0 0.933821 0.357741
    outer loop
      vertex 109.083 12.6763 115.472
      vertex 98.6944 12.0622 117.075
      vertex 109.083 12.0622 117.075
    endloop
  endfacet
  facet normal 0 0.933821 0.357741
    outer loop
      vertex 98.6944 12.0622 117.075
      vertex 109.083 12.6763 115.472
      vertex 98.6944 12.6763 115.472
    endloop
  endfacet
  facet normal 0 0.939788 0.341757
    outer loop
      vertex 109.083 12.0622 117.075
      vertex 98.6944 11.4789 118.679
      vertex 109.083 11.4789 118.679
    endloop
  endfacet
  facet normal 0 0.939788 0.341757
    outer loop
      vertex 98.6944 11.4789 118.679
      vertex 109.083 12.0622 117.075
      vertex 98.6944 12.0622 117.075
    endloop
  endfacet
  facet normal 0 0.947752 0.319009
    outer loop
      vertex 109.083 11.4789 118.679
      vertex 98.6944 10.939 120.283
      vertex 109.083 10.939 120.283
    endloop
  endfacet
  facet normal 0 0.947752 0.319009
    outer loop
      vertex 98.6944 10.939 120.283
      vertex 109.083 11.4789 118.679
      vertex 98.6944 11.4789 118.679
    endloop
  endfacet
  facet normal 0 0.957183 0.289482
    outer loop
      vertex 109.083 10.939 120.283
      vertex 98.6944 10.4539 121.887
      vertex 109.083 10.4539 121.887
    endloop
  endfacet
  facet normal 0 0.957183 0.289482
    outer loop
      vertex 98.6944 10.4539 121.887
      vertex 109.083 10.939 120.283
      vertex 98.6944 10.939 120.283
    endloop
  endfacet
  facet normal 0 0.967238 0.25387
    outer loop
      vertex 109.083 10.4539 121.887
      vertex 98.6944 10.0329 123.491
      vertex 109.083 10.0329 123.491
    endloop
  endfacet
  facet normal 0 0.967238 0.25387
    outer loop
      vertex 98.6944 10.0329 123.491
      vertex 109.083 10.4539 121.887
      vertex 98.6944 10.4539 121.887
    endloop
  endfacet
  facet normal 0 0.977058 0.212972
    outer loop
      vertex 109.083 10.0329 123.491
      vertex 98.6944 9.68349 125.094
      vertex 109.083 9.68349 125.094
    endloop
  endfacet
  facet normal 0 0.977058 0.212972
    outer loop
      vertex 98.6944 9.68349 125.094
      vertex 109.083 10.0329 123.491
      vertex 98.6944 10.0329 123.491
    endloop
  endfacet
  facet normal 0 0.985878 0.167464
    outer loop
      vertex 109.083 9.68349 125.094
      vertex 98.6944 9.41103 126.698
      vertex 109.083 9.41103 126.698
    endloop
  endfacet
  facet normal 0 0.985878 0.167464
    outer loop
      vertex 98.6944 9.41103 126.698
      vertex 109.083 9.68349 125.094
      vertex 98.6944 9.68349 125.094
    endloop
  endfacet
  facet normal 0 0.992904 0.118919
    outer loop
      vertex 109.083 9.41103 126.698
      vertex 98.6944 9.21892 128.302
      vertex 109.083 9.21892 128.302
    endloop
  endfacet
  facet normal 0 0.992904 0.118919
    outer loop
      vertex 98.6944 9.21892 128.302
      vertex 109.083 9.41103 126.698
      vertex 98.6944 9.41103 126.698
    endloop
  endfacet
  facet normal 0 0.997641 0.0686531
    outer loop
      vertex 109.083 9.21892 128.302
      vertex 98.6944 9.10854 129.906
      vertex 109.083 9.10854 129.906
    endloop
  endfacet
  facet normal 0 0.997641 0.0686531
    outer loop
      vertex 98.6944 9.10854 129.906
      vertex 109.083 9.21892 128.302
      vertex 98.6944 9.21892 128.302
    endloop
  endfacet
  facet normal 0 0.999835 0.0181816
    outer loop
      vertex 109.083 9.10854 129.906
      vertex 98.6944 9.07939 131.509
      vertex 109.083 9.07939 131.509
    endloop
  endfacet
  facet normal 0 0.999835 0.0181816
    outer loop
      vertex 98.6944 9.07939 131.509
      vertex 109.083 9.10854 129.906
      vertex 98.6944 9.10854 129.906
    endloop
  endfacet
  facet normal 0 0.999518 -0.0310387
    outer loop
      vertex 109.083 9.07939 131.509
      vertex 98.6944 9.1292 133.113
      vertex 109.083 9.1292 133.113
    endloop
  endfacet
  facet normal 0 0.999518 -0.0310387
    outer loop
      vertex 98.6944 9.1292 133.113
      vertex 109.083 9.07939 131.509
      vertex 98.6944 9.07939 131.509
    endloop
  endfacet
  facet normal 0 0.99698 -0.0776575
    outer loop
      vertex 109.083 9.1292 133.113
      vertex 98.6944 9.25414 134.717
      vertex 109.083 9.25414 134.717
    endloop
  endfacet
  facet normal 0 0.99698 -0.0776575
    outer loop
      vertex 98.6944 9.25414 134.717
      vertex 109.083 9.1292 133.113
      vertex 98.6944 9.1292 133.113
    endloop
  endfacet
  facet normal 0 0.992699 -0.120622
    outer loop
      vertex 109.083 9.25414 134.717
      vertex 98.6944 9.44904 136.321
      vertex 109.083 9.44904 136.321
    endloop
  endfacet
  facet normal 0 0.992699 -0.120622
    outer loop
      vertex 98.6944 9.44904 136.321
      vertex 109.083 9.25414 134.717
      vertex 98.6944 9.25414 134.717
    endloop
  endfacet
  facet normal 0 0.987255 -0.159149
    outer loop
      vertex 109.083 9.44904 136.321
      vertex 98.6944 9.70761 137.925
      vertex 109.083 9.70761 137.925
    endloop
  endfacet
  facet normal 0 0.987255 -0.159149
    outer loop
      vertex 98.6944 9.70761 137.925
      vertex 109.083 9.44904 136.321
      vertex 98.6944 9.44904 136.321
    endloop
  endfacet
  facet normal 0 0.981224 -0.192872
    outer loop
      vertex 109.083 9.70761 137.925
      vertex 98.6944 10.0227 139.528
      vertex 109.083 10.0227 139.528
    endloop
  endfacet
  facet normal 0 0.981224 -0.192872
    outer loop
      vertex 98.6944 10.0227 139.528
      vertex 109.083 9.70761 137.925
      vertex 98.6944 9.70761 137.925
    endloop
  endfacet
  facet normal 0 0.975244 -0.221132
    outer loop
      vertex 109.083 10.0227 139.528
      vertex 98.6944 10.3864 141.132
      vertex 109.083 10.3864 141.132
    endloop
  endfacet
  facet normal 0 0.975244 -0.221132
    outer loop
      vertex 98.6944 10.3864 141.132
      vertex 109.083 10.0227 139.528
      vertex 98.6944 10.0227 139.528
    endloop
  endfacet
  facet normal 0 0.9697 -0.244299
    outer loop
      vertex 109.083 10.3864 141.132
      vertex 98.6944 10.7905 142.736
      vertex 109.083 10.7905 142.736
    endloop
  endfacet
  facet normal 0 0.9697 -0.244299
    outer loop
      vertex 98.6944 10.7905 142.736
      vertex 109.083 10.3864 141.132
      vertex 98.6944 10.3864 141.132
    endloop
  endfacet
  facet normal 0 0.96497 -0.262359
    outer loop
      vertex 109.083 10.7905 142.736
      vertex 98.6944 11.2266 144.34
      vertex 109.083 11.2266 144.34
    endloop
  endfacet
  facet normal 0 0.96497 -0.262359
    outer loop
      vertex 98.6944 11.2266 144.34
      vertex 109.083 10.7905 142.736
      vertex 98.6944 10.7905 142.736
    endloop
  endfacet
  facet normal 0 0.961302 -0.275497
    outer loop
      vertex 109.083 11.2266 144.34
      vertex 98.6944 11.686 145.943
      vertex 109.083 11.686 145.943
    endloop
  endfacet
  facet normal 0 0.961302 -0.275497
    outer loop
      vertex 98.6944 11.686 145.943
      vertex 109.083 11.2266 144.34
      vertex 98.6944 11.2266 144.34
    endloop
  endfacet
  facet normal 0 0.958905 -0.283726
    outer loop
      vertex 109.083 11.686 145.943
      vertex 98.6944 12.1606 147.547
      vertex 109.083 12.1606 147.547
    endloop
  endfacet
  facet normal 0 0.958905 -0.283726
    outer loop
      vertex 98.6944 12.1606 147.547
      vertex 109.083 11.686 145.943
      vertex 98.6944 11.686 145.943
    endloop
  endfacet
  facet normal 0 0.957793 -0.287457
    outer loop
      vertex 109.083 12.1606 147.547
      vertex 98.6944 12.642 149.151
      vertex 109.083 12.642 149.151
    endloop
  endfacet
  facet normal 0 0.957793 -0.287457
    outer loop
      vertex 98.6944 12.642 149.151
      vertex 109.083 12.1606 147.547
      vertex 98.6944 12.1606 147.547
    endloop
  endfacet
  facet normal 0 0.957892 -0.287129
    outer loop
      vertex 109.083 12.642 149.151
      vertex 98.6944 13.1228 150.755
      vertex 109.083 13.1228 150.755
    endloop
  endfacet
  facet normal 0 0.957892 -0.287129
    outer loop
      vertex 98.6944 13.1228 150.755
      vertex 109.083 12.642 149.151
      vertex 98.6944 12.642 149.151
    endloop
  endfacet
  facet normal 0 0.959117 -0.283008
    outer loop
      vertex 109.083 13.1228 150.755
      vertex 98.6944 13.5958 152.358
      vertex 109.083 13.5958 152.358
    endloop
  endfacet
  facet normal 0 0.959117 -0.283008
    outer loop
      vertex 98.6944 13.5958 152.358
      vertex 109.083 13.1228 150.755
      vertex 98.6944 13.1228 150.755
    endloop
  endfacet
  facet normal 0 0.961474 -0.274895
    outer loop
      vertex 109.083 13.5958 152.358
      vertex 98.6944 14.0544 153.962
      vertex 109.083 14.0544 153.962
    endloop
  endfacet
  facet normal 0 0.961474 -0.274895
    outer loop
      vertex 98.6944 14.0544 153.962
      vertex 109.083 13.5958 152.358
      vertex 98.6944 13.5958 152.358
    endloop
  endfacet
  facet normal 0 0.964635 -0.263591
    outer loop
      vertex 109.083 14.0544 153.962
      vertex 98.6944 14.4927 155.566
      vertex 109.083 14.4927 155.566
    endloop
  endfacet
  facet normal 0 0.964635 -0.263591
    outer loop
      vertex 98.6944 14.4927 155.566
      vertex 109.083 14.0544 153.962
      vertex 98.6944 14.0544 153.962
    endloop
  endfacet
  facet normal 0 0.968443 -0.249235
    outer loop
      vertex 109.083 14.4927 155.566
      vertex 98.6944 14.9055 157.17
      vertex 109.083 14.9055 157.17
    endloop
  endfacet
  facet normal 0 0.968443 -0.249235
    outer loop
      vertex 98.6944 14.9055 157.17
      vertex 109.083 14.4927 155.566
      vertex 98.6944 14.4927 155.566
    endloop
  endfacet
  facet normal 0 0.972711 -0.23202
    outer loop
      vertex 109.083 14.9055 157.17
      vertex 98.6944 15.2881 158.774
      vertex 109.083 15.2881 158.774
    endloop
  endfacet
  facet normal 0 0.972711 -0.23202
    outer loop
      vertex 98.6944 15.2881 158.774
      vertex 109.083 14.9055 157.17
      vertex 98.6944 14.9055 157.17
    endloop
  endfacet
  facet normal 0 0.977174 -0.212442
    outer loop
      vertex 109.083 15.2881 158.774
      vertex 98.6944 15.6366 160.377
      vertex 109.083 15.6366 160.377
    endloop
  endfacet
  facet normal 0 0.977174 -0.212442
    outer loop
      vertex 98.6944 15.6366 160.377
      vertex 109.083 15.2881 158.774
      vertex 98.6944 15.2881 158.774
    endloop
  endfacet
  facet normal 0 0.981683 -0.190522
    outer loop
      vertex 109.083 15.6366 160.377
      vertex 98.6944 15.9479 161.981
      vertex 109.083 15.9479 161.981
    endloop
  endfacet
  facet normal 0 0.981683 -0.190522
    outer loop
      vertex 98.6944 15.9479 161.981
      vertex 109.083 15.6366 160.377
      vertex 98.6944 15.6366 160.377
    endloop
  endfacet
  facet normal 0 0.985986 -0.166831
    outer loop
      vertex 109.083 15.9479 161.981
      vertex 98.6944 16.2193 163.585
      vertex 109.083 16.2193 163.585
    endloop
  endfacet
  facet normal 0 0.985986 -0.166831
    outer loop
      vertex 98.6944 16.2193 163.585
      vertex 109.083 15.9479 161.981
      vertex 98.6944 15.9479 161.981
    endloop
  endfacet
  facet normal 0 0.989919 -0.141637
    outer loop
      vertex 109.083 16.2193 163.585
      vertex 98.6944 16.4488 165.189
      vertex 109.083 16.4488 165.189
    endloop
  endfacet
  facet normal 0 0.989919 -0.141637
    outer loop
      vertex 98.6944 16.4488 165.189
      vertex 109.083 16.2193 163.585
      vertex 98.6944 16.2193 163.585
    endloop
  endfacet
  facet normal 0 0.993321 -0.115381
    outer loop
      vertex 109.083 16.4488 165.189
      vertex 98.6944 16.635 166.792
      vertex 109.083 16.635 166.792
    endloop
  endfacet
  facet normal 0 0.993321 -0.115381
    outer loop
      vertex 98.6944 16.635 166.792
      vertex 109.083 16.4488 165.189
      vertex 98.6944 16.4488 165.189
    endloop
  endfacet
  facet normal 0 0.996099 -0.0882454
    outer loop
      vertex 109.083 16.635 166.792
      vertex 98.6944 16.7771 168.396
      vertex 109.083 16.7771 168.396
    endloop
  endfacet
  facet normal 0 0.996099 -0.0882454
    outer loop
      vertex 98.6944 16.7771 168.396
      vertex 109.083 16.635 166.792
      vertex 98.6944 16.635 166.792
    endloop
  endfacet
  facet normal 0 0.998161 -0.0606115
    outer loop
      vertex 109.083 16.7771 168.396
      vertex 98.6944 16.8745 170
      vertex 109.083 16.8745 170
    endloop
  endfacet
  facet normal 0 0.998161 -0.0606115
    outer loop
      vertex 98.6944 16.8745 170
      vertex 109.083 16.7771 168.396
      vertex 98.6944 16.7771 168.396
    endloop
  endfacet
  facet normal 0 0.978995 -0.203886
    outer loop
      vertex 109.083 14.5762 0
      vertex 98.6944 14.9102 1.60376
      vertex 109.083 14.9102 1.60376
    endloop
  endfacet
  facet normal 0 0.978995 -0.203886
    outer loop
      vertex 98.6944 14.9102 1.60376
      vertex 109.083 14.5762 0
      vertex 98.6944 14.5762 0
    endloop
  endfacet
  facet normal -1 0 0
    outer loop
      vertex 117.583 0 0
      vertex 117.583 13.6237 11.2264
      vertex 117.583 13.5211 9.62263
    endloop
  endfacet
  facet normal -1 -0 0
    outer loop
      vertex 117.583 13.6237 11.2264
      vertex 117.583 0 0
      vertex 117.583 13.6232 12.8302
    endloop
  endfacet
  facet normal -1 0 0
    outer loop
      vertex 117.583 0 0
      vertex 117.583 13.5211 9.62263
      vertex 117.583 13.3173 8.01886
    endloop
  endfacet
  facet normal -1 -0 0
    outer loop
      vertex 117.583 13.6232 12.8302
      vertex 117.583 0 0
      vertex 117.583 13.5198 14.434
    endloop
  endfacet
  facet normal -1 0 0
    outer loop
      vertex 117.583 0 0
      vertex 117.583 13.3173 8.01886
      vertex 117.583 13.0161 6.41508
    endloop
  endfacet
  facet normal -1 -0 0
    outer loop
      vertex 117.583 13.5198 14.434
      vertex 117.583 0 0
      vertex 117.583 13.3157 16.0377
    endloop
  endfacet
  facet normal -1 -0 0
    outer loop
      vertex 117.583 13.3157 16.0377
      vertex 117.583 0 0
      vertex 117.583 13.0149 17.6415
    endloop
  endfacet
  facet normal -1 0 0
    outer loop
      vertex 117.583 0 0
      vertex 117.583 13.0161 6.41508
      vertex 117.583 12.6229 4.81131
    endloop
  endfacet
  facet normal -1 -0 0
    outer loop
      vertex 117.583 13.0149 17.6415
      vertex 117.583 0 0
      vertex 117.583 12.6233 19.2453
    endloop
  endfacet
  facet normal -1 0 0
    outer loop
      vertex 117.583 0 0
      vertex 117.583 12.6229 4.81131
      vertex 117.583 12.1453 3.20753
    endloop
  endfacet
  facet normal -1 -0 0
    outer loop
      vertex 117.583 12.6233 19.2453
      vertex 117.583 0 0
      vertex 117.583 12.1483 20.849
    endloop
  endfacet
  facet normal -1 0 0
    outer loop
      vertex 117.583 0 0
      vertex 117.583 12.1453 3.20753
      vertex 117.583 11.5925 1.60376
    endloop
  endfacet
  facet normal -1 -0 0
    outer loop
      vertex 117.583 12.1483 20.849
      vertex 117.583 0 0
      vertex 117.583 11.5992 22.4528
    endloop
  endfacet
  facet normal -1 0 0
    outer loop
      vertex 117.583 0 0
      vertex 117.583 11.5925 1.60376
      vertex 117.583 10.975 0
    endloop
  endfacet
  facet normal -1 -0 0
    outer loop
      vertex 117.583 11.5992 22.4528
      vertex 117.583 0 0
      vertex 117.583 10.9863 24.0566
    endloop
  endfacet
  facet normal -1 -0 0
    outer loop
      vertex 117.583 10.9863 24.0566
      vertex 117.583 0 0
      vertex 117.583 10.3211 25.6604
    endloop
  endfacet
  facet normal -1 -0 0
    outer loop
      vertex 117.583 10.3211 25.6604
      vertex 117.583 0 0
      vertex 117.583 9.61626 27.2641
    endloop
  endfacet
  facet normal -1 -0 0
    outer loop
      vertex 117.583 9.61626 27.2641
      vertex 117.583 0 0
      vertex 117.583 8.88478 28.8679
    endloop
  endfacet
  facet normal -1 -0 0
    outer loop
      vertex 117.583 8.88478 28.8679
      vertex 117.583 0 0
      vertex 117.583 8.14023 30.4717
    endloop
  endfacet
  facet normal -1 -0 0
    outer loop
      vertex 117.583 8.14023 30.4717
      vertex 117.583 0 0
      vertex 117.583 7.39624 32.0755
    endloop
  endfacet
  facet normal -1 -0 0
    outer loop
      vertex 117.583 7.39624 32.0755
      vertex 117.583 0 0
      vertex 117.583 6.66635 33.6792
    endloop
  endfacet
  facet normal -1 -0 0
    outer loop
      vertex 117.583 6.66635 33.6792
      vertex 117.583 0 0
      vertex 117.583 5.96364 35.283
    endloop
  endfacet
  facet normal -1 -0 0
    outer loop
      vertex 117.583 5.96364 35.283
      vertex 117.583 0 0
      vertex 117.583 5.30049 36.8868
    endloop
  endfacet
  facet normal -1 -0 0
    outer loop
      vertex 117.583 5.30049 36.8868
      vertex 117.583 0 0
      vertex 117.583 4.68837 38.4906
    endloop
  endfacet
  facet normal -1 -0 0
    outer loop
      vertex 117.583 4.68837 38.4906
      vertex 117.583 0 0
      vertex 117.583 4.13762 40.0943
    endloop
  endfacet
  facet normal -1 -0 0
    outer loop
      vertex 117.583 4.13762 40.0943
      vertex 117.583 0 0
      vertex 117.583 3.65714 41.6981
    endloop
  endfacet
  facet normal -1 -0 0
    outer loop
      vertex 117.583 3.65714 41.6981
      vertex 117.583 0 0
      vertex 117.583 3.25432 43.3019
    endloop
  endfacet
  facet normal -1 -0 0
    outer loop
      vertex 117.583 2.56029 48.1132
      vertex 117.583 0 0
      vertex 117.583 2.50743 49.717
    endloop
  endfacet
  facet normal -1 -0 0
    outer loop
      vertex 117.583 2.70287 46.5094
      vertex 117.583 0 0
      vertex 117.583 2.56029 48.1132
    endloop
  endfacet
  facet normal -1 -0 0
    outer loop
      vertex 117.583 2.93492 44.9057
      vertex 117.583 0 0
      vertex 117.583 2.70287 46.5094
    endloop
  endfacet
  facet normal -1 -0 0
    outer loop
      vertex 117.583 3.25432 43.3019
      vertex 117.583 0 0
      vertex 117.583 2.93492 44.9057
    endloop
  endfacet
  facet normal -1 0 0
    outer loop
      vertex 117.583 11.2516 89.8113
      vertex 117.583 11.2337 93.0189
      vertex 117.583 11.266 91.4151
    endloop
  endfacet
  facet normal -1 0 0
    outer loop
      vertex 117.583 11.1889 88.2075
      vertex 117.583 11.2337 93.0189
      vertex 117.583 11.2516 89.8113
    endloop
  endfacet
  facet normal -1 0 0
    outer loop
      vertex 117.583 11.1889 88.2075
      vertex 117.583 11.1573 94.6226
      vertex 117.583 11.2337 93.0189
    endloop
  endfacet
  facet normal -1 0 0
    outer loop
      vertex 117.583 11.0768 86.6038
      vertex 117.583 11.1573 94.6226
      vertex 117.583 11.1889 88.2075
    endloop
  endfacet
  facet normal -1 0 0
    outer loop
      vertex 117.583 11.0768 86.6038
      vertex 117.583 11.0403 96.2264
      vertex 117.583 11.1573 94.6226
    endloop
  endfacet
  facet normal -1 0 0
    outer loop
      vertex 117.583 10.9151 85
      vertex 117.583 11.0403 96.2264
      vertex 117.583 11.0768 86.6038
    endloop
  endfacet
  facet normal -1 0 0
    outer loop
      vertex 117.583 10.7039 83.3962
      vertex 117.583 11.0403 96.2264
      vertex 117.583 10.9151 85
    endloop
  endfacet
  facet normal -1 0 0
    outer loop
      vertex 117.583 10.4443 81.7924
      vertex 117.583 11.0403 96.2264
      vertex 117.583 10.7039 83.3962
    endloop
  endfacet
  facet normal -1 -0 0
    outer loop
      vertex 117.583 11.0403 96.2264
      vertex 117.583 10.4443 81.7924
      vertex 117.583 10.8868 97.8302
    endloop
  endfacet
  facet normal -1 0 0
    outer loop
      vertex 117.583 10.1377 80.1887
      vertex 117.583 10.8868 97.8302
      vertex 117.583 10.4443 81.7924
    endloop
  endfacet
  facet normal -1 0 0
    outer loop
      vertex 117.583 9.78627 78.5849
      vertex 117.583 10.8868 97.8302
      vertex 117.583 10.1377 80.1887
    endloop
  endfacet
  facet normal -1 0 0
    outer loop
      vertex 117.583 9.39272 76.9811
      vertex 117.583 10.8868 97.8302
      vertex 117.583 9.78627 78.5849
    endloop
  endfacet
  facet normal -1 -0 0
    outer loop
      vertex 117.583 10.8868 97.8302
      vertex 117.583 9.39272 76.9811
      vertex 117.583 10.7022 99.434
    endloop
  endfacet
  facet normal -1 0 0
    outer loop
      vertex 117.583 8.96057 75.3773
      vertex 117.583 10.7022 99.434
      vertex 117.583 9.39272 76.9811
    endloop
  endfacet
  facet normal -1 -0 0
    outer loop
      vertex 117.583 10.7022 99.434
      vertex 117.583 8.96057 75.3773
      vertex 117.583 10.4924 101.038
    endloop
  endfacet
  facet normal -1 0 0
    outer loop
      vertex 117.583 8.49413 73.7736
      vertex 117.583 10.4924 101.038
      vertex 117.583 8.96057 75.3773
    endloop
  endfacet
  facet normal -1 0 0
    outer loop
      vertex 117.583 7.99854 72.1698
      vertex 117.583 10.4924 101.038
      vertex 117.583 8.49413 73.7736
    endloop
  endfacet
  facet normal -1 -0 0
    outer loop
      vertex 117.583 10.4924 101.038
      vertex 117.583 7.99854 72.1698
      vertex 117.583 10.2643 102.641
    endloop
  endfacet
  facet normal -1 0 0
    outer loop
      vertex 117.583 7.47984 70.566
      vertex 117.583 10.2643 102.641
      vertex 117.583 7.99854 72.1698
    endloop
  endfacet
  facet normal -1 -0 0
    outer loop
      vertex 117.583 10.2643 102.641
      vertex 117.583 7.47984 70.566
      vertex 117.583 10.0252 104.245
    endloop
  endfacet
  facet normal -1 0 0
    outer loop
      vertex 117.583 6.94498 68.9622
      vertex 117.583 10.0252 104.245
      vertex 117.583 7.47984 70.566
    endloop
  endfacet
  facet normal -1 -0 0
    outer loop
      vertex 117.583 10.0252 104.245
      vertex 117.583 6.94498 68.9622
      vertex 117.583 9.78308 105.849
    endloop
  endfacet
  facet normal -1 0 0
    outer loop
      vertex 117.583 6.40169 67.3585
      vertex 117.583 9.78308 105.849
      vertex 117.583 6.94498 68.9622
    endloop
  endfacet
  facet normal -1 -0 0
    outer loop
      vertex 117.583 9.78308 105.849
      vertex 117.583 6.40169 67.3585
      vertex 117.583 9.54596 107.453
    endloop
  endfacet
  facet normal -1 0 0
    outer loop
      vertex 117.583 5.85855 65.7547
      vertex 117.583 9.54596 107.453
      vertex 117.583 6.40169 67.3585
    endloop
  endfacet
  facet normal -1 0 0
    outer loop
      vertex 117.583 5.32475 64.1509
      vertex 117.583 9.32198 109.057
      vertex 117.583 5.85855 65.7547
    endloop
  endfacet
  facet normal -1 -0 0
    outer loop
      vertex 117.583 9.54596 107.453
      vertex 117.583 5.85855 65.7547
      vertex 117.583 9.32198 109.057
    endloop
  endfacet
  facet normal -1 0 0
    outer loop
      vertex 117.583 0 170
      vertex 117.583 16.0922 160.377
      vertex 117.583 16.0529 158.774
    endloop
  endfacet
  facet normal -1 0 0
    outer loop
      vertex 117.583 16.0922 160.377
      vertex 117.583 0 170
      vertex 117.583 16.0888 161.981
    endloop
  endfacet
  facet normal -1 0 0
    outer loop
      vertex 117.583 0 170
      vertex 117.583 16.0529 158.774
      vertex 117.583 15.9703 157.17
    endloop
  endfacet
  facet normal -1 0 0
    outer loop
      vertex 117.583 16.0888 161.981
      vertex 117.583 0 170
      vertex 117.583 16.0435 163.585
    endloop
  endfacet
  facet normal -1 0 0
    outer loop
      vertex 117.583 0 170
      vertex 117.583 15.9703 157.17
      vertex 117.583 15.8444 155.566
    endloop
  endfacet
  facet normal -1 0 0
    outer loop
      vertex 117.583 16.0435 163.585
      vertex 117.583 0 170
      vertex 117.583 15.9578 165.189
    endloop
  endfacet
  facet normal -1 0 0
    outer loop
      vertex 117.583 0 170
      vertex 117.583 15.8444 155.566
      vertex 117.583 15.6754 153.962
    endloop
  endfacet
  facet normal -1 0 0
    outer loop
      vertex 117.583 15.9578 165.189
      vertex 117.583 0 170
      vertex 117.583 15.8332 166.792
    endloop
  endfacet
  facet normal -1 0 0
    outer loop
      vertex 117.583 15.8332 166.792
      vertex 117.583 0 170
      vertex 117.583 15.6715 168.396
    endloop
  endfacet
  facet normal -1 0 0
    outer loop
      vertex 117.583 0 170
      vertex 117.583 15.6754 153.962
      vertex 117.583 15.4643 152.358
    endloop
  endfacet
  facet normal -1 0 0
    outer loop
      vertex 117.583 0 170
      vertex 117.583 15.4643 152.358
      vertex 117.583 15.2128 150.755
    endloop
  endfacet
  facet normal -1 0 0
    outer loop
      vertex 117.583 0 170
      vertex 117.583 15.2128 150.755
      vertex 117.583 14.9228 149.151
    endloop
  endfacet
  facet normal -1 0 0
    outer loop
      vertex 117.583 0 170
      vertex 117.583 14.9228 149.151
      vertex 117.583 14.5972 147.547
    endloop
  endfacet
  facet normal -1 0 0
    outer loop
      vertex 117.583 0 170
      vertex 117.583 14.5972 147.547
      vertex 117.583 14.2395 145.943
    endloop
  endfacet
  facet normal -1 0 0
    outer loop
      vertex 117.583 0 170
      vertex 117.583 14.2395 145.943
      vertex 117.583 13.8538 144.34
    endloop
  endfacet
  facet normal -1 0 0
    outer loop
      vertex 117.583 0 170
      vertex 117.583 13.8538 144.34
      vertex 117.583 13.4447 142.736
    endloop
  endfacet
  facet normal -1 0 0
    outer loop
      vertex 117.583 0 170
      vertex 117.583 13.4447 142.736
      vertex 117.583 13.0176 141.132
    endloop
  endfacet
  facet normal -1 0 0
    outer loop
      vertex 117.583 0 170
      vertex 117.583 13.0176 141.132
      vertex 117.583 12.5783 139.528
    endloop
  endfacet
  facet normal -1 0 0
    outer loop
      vertex 117.583 0 170
      vertex 117.583 12.5783 139.528
      vertex 117.583 12.1332 137.925
    endloop
  endfacet
  facet normal -1 0 0
    outer loop
      vertex 117.583 0 170
      vertex 117.583 12.1332 137.925
      vertex 117.583 11.6889 136.321
    endloop
  endfacet
  facet normal -1 0 0
    outer loop
      vertex 117.583 0 170
      vertex 117.583 11.6889 136.321
      vertex 117.583 11.2522 134.717
    endloop
  endfacet
  facet normal -1 0 0
    outer loop
      vertex 117.583 0 170
      vertex 117.583 11.2522 134.717
      vertex 117.583 10.83 133.113
    endloop
  endfacet
  facet normal -1 0 0
    outer loop
      vertex 117.583 0 170
      vertex 117.583 10.83 133.113
      vertex 117.583 10.4293 131.509
    endloop
  endfacet
  facet normal -1 0 0
    outer loop
      vertex 117.583 0 170
      vertex 117.583 10.4293 131.509
      vertex 117.583 10.0566 129.906
    endloop
  endfacet
  facet normal -1 0 0
    outer loop
      vertex 117.583 0 170
      vertex 117.583 10.0566 129.906
      vertex 117.583 9.71799 128.302
    endloop
  endfacet
  facet normal -1 0 0
    outer loop
      vertex 117.583 0 170
      vertex 117.583 9.71799 128.302
      vertex 117.583 9.41916 126.698
    endloop
  endfacet
  facet normal -1 0 0
    outer loop
      vertex 117.583 0 170
      vertex 117.583 9.41916 126.698
      vertex 117.583 9.16483 125.094
    endloop
  endfacet
  facet normal -1 -0 0
    outer loop
      vertex 117.583 9.32198 109.057
      vertex 117.583 5.32475 64.1509
      vertex 117.583 9.11903 110.66
    endloop
  endfacet
  facet normal -1 0 0
    outer loop
      vertex 117.583 4.80992 62.5472
      vertex 117.583 9.11903 110.66
      vertex 117.583 5.32475 64.1509
    endloop
  endfacet
  facet normal -1 -0 0
    outer loop
      vertex 117.583 9.11903 110.66
      vertex 117.583 4.80992 62.5472
      vertex 117.583 8.94458 112.264
    endloop
  endfacet
  facet normal -1 0 0
    outer loop
      vertex 117.583 4.32401 60.9434
      vertex 117.583 8.94458 112.264
      vertex 117.583 4.80992 62.5472
    endloop
  endfacet
  facet normal -1 -0 0
    outer loop
      vertex 117.583 8.94458 112.264
      vertex 117.583 4.32401 60.9434
      vertex 117.583 8.80536 113.868
    endloop
  endfacet
  facet normal -1 0 0
    outer loop
      vertex 117.583 3.87694 59.3396
      vertex 117.583 8.80536 113.868
      vertex 117.583 4.32401 60.9434
    endloop
  endfacet
  facet normal -1 -0 0
    outer loop
      vertex 117.583 8.80536 113.868
      vertex 117.583 3.87694 59.3396
      vertex 117.583 8.70726 115.472
    endloop
  endfacet
  facet normal -1 0 0
    outer loop
      vertex 117.583 3.47847 57.7358
      vertex 117.583 8.70726 115.472
      vertex 117.583 3.87694 59.3396
    endloop
  endfacet
  facet normal -1 -0 0
    outer loop
      vertex 117.583 8.70726 115.472
      vertex 117.583 3.47847 57.7358
      vertex 117.583 8.65508 117.075
    endloop
  endfacet
  facet normal -1 0 0
    outer loop
      vertex 117.583 0 170
      vertex 117.583 8.65508 117.075
      vertex 117.583 3.47847 57.7358
    endloop
  endfacet
  facet normal -1 0 0
    outer loop
      vertex 117.583 8.65508 117.075
      vertex 117.583 0 170
      vertex 117.583 8.65244 118.679
    endloop
  endfacet
  facet normal -1 0 0
    outer loop
      vertex 117.583 8.65244 118.679
      vertex 117.583 0 170
      vertex 117.583 8.70172 120.283
    endloop
  endfacet
  facet normal -1 0 0
    outer loop
      vertex 117.583 0 170
      vertex 117.583 3.47847 57.7358
      vertex 117.583 3.13785 56.1321
    endloop
  endfacet
  facet normal -1 0 0
    outer loop
      vertex 117.583 0 170
      vertex 117.583 3.13785 56.1321
      vertex 117.583 2.86356 54.5283
    endloop
  endfacet
  facet normal -1 0 0
    outer loop
      vertex 117.583 0 170
      vertex 117.583 2.86356 54.5283
      vertex 117.583 2.66312 52.9245
    endloop
  endfacet
  facet normal -1 0 0
    outer loop
      vertex 117.583 0 0
      vertex 117.583 2.5428 51.3207
      vertex 117.583 2.50743 49.717
    endloop
  endfacet
  facet normal -1 0 0
    outer loop
      vertex 117.583 15.6715 168.396
      vertex 117.583 0 170
      vertex 117.583 15.4748 170
    endloop
  endfacet
  facet normal -1 0 0
    outer loop
      vertex 117.583 8.95883 123.491
      vertex 117.583 0 170
      vertex 117.583 9.16483 125.094
    endloop
  endfacet
  facet normal -1 0 0
    outer loop
      vertex 117.583 8.80394 121.887
      vertex 117.583 0 170
      vertex 117.583 8.95883 123.491
    endloop
  endfacet
  facet normal -1 0 0
    outer loop
      vertex 117.583 8.70172 120.283
      vertex 117.583 0 170
      vertex 117.583 8.80394 121.887
    endloop
  endfacet
  facet normal -1 0 0
    outer loop
      vertex 117.583 2.5428 51.3207
      vertex 117.583 0 170
      vertex 117.583 2.66312 52.9245
    endloop
  endfacet
  facet normal -1 0 0
    outer loop
      vertex 117.583 0 170
      vertex 117.583 2.5428 51.3207
      vertex 117.583 0 0
    endloop
  endfacet
  facet normal 1 0 0
    outer loop
      vertex 127.972 0 170
      vertex 127.972 16.0922 160.377
      vertex 127.972 16.0888 161.981
    endloop
  endfacet
  facet normal 1 0 0
    outer loop
      vertex 127.972 0 170
      vertex 127.972 16.0888 161.981
      vertex 127.972 16.0435 163.585
    endloop
  endfacet
  facet normal 1 0 0
    outer loop
      vertex 127.972 16.0922 160.377
      vertex 127.972 0 170
      vertex 127.972 16.0529 158.774
    endloop
  endfacet
  facet normal 1 0 0
    outer loop
      vertex 127.972 0 170
      vertex 127.972 16.0435 163.585
      vertex 127.972 15.9578 165.189
    endloop
  endfacet
  facet normal 1 0 0
    outer loop
      vertex 127.972 16.0529 158.774
      vertex 127.972 0 170
      vertex 127.972 15.9703 157.17
    endloop
  endfacet
  facet normal 1 0 0
    outer loop
      vertex 127.972 0 170
      vertex 127.972 15.9578 165.189
      vertex 127.972 15.8332 166.792
    endloop
  endfacet
  facet normal 1 0 0
    outer loop
      vertex 127.972 15.9703 157.17
      vertex 127.972 0 170
      vertex 127.972 15.8444 155.566
    endloop
  endfacet
  facet normal 1 0 0
    outer loop
      vertex 127.972 0 170
      vertex 127.972 15.8332 166.792
      vertex 127.972 15.6715 168.396
    endloop
  endfacet
  facet normal 1 -0 0
    outer loop
      vertex 127.972 0 170
      vertex 127.972 15.6715 168.396
      vertex 127.972 15.4748 170
    endloop
  endfacet
  facet normal 1 0 0
    outer loop
      vertex 127.972 15.8444 155.566
      vertex 127.972 0 170
      vertex 127.972 15.6754 153.962
    endloop
  endfacet
  facet normal 1 0 0
    outer loop
      vertex 127.972 15.6754 153.962
      vertex 127.972 0 170
      vertex 127.972 15.4643 152.358
    endloop
  endfacet
  facet normal 1 0 0
    outer loop
      vertex 127.972 15.4643 152.358
      vertex 127.972 0 170
      vertex 127.972 15.2128 150.755
    endloop
  endfacet
  facet normal 1 0 0
    outer loop
      vertex 127.972 15.2128 150.755
      vertex 127.972 0 170
      vertex 127.972 14.9228 149.151
    endloop
  endfacet
  facet normal 1 0 0
    outer loop
      vertex 127.972 14.9228 149.151
      vertex 127.972 0 170
      vertex 127.972 14.5972 147.547
    endloop
  endfacet
  facet normal 1 0 0
    outer loop
      vertex 127.972 14.5972 147.547
      vertex 127.972 0 170
      vertex 127.972 14.2395 145.943
    endloop
  endfacet
  facet normal 1 0 0
    outer loop
      vertex 127.972 14.2395 145.943
      vertex 127.972 0 170
      vertex 127.972 13.8538 144.34
    endloop
  endfacet
  facet normal 1 0 0
    outer loop
      vertex 127.972 13.8538 144.34
      vertex 127.972 0 170
      vertex 127.972 13.4447 142.736
    endloop
  endfacet
  facet normal 1 0 0
    outer loop
      vertex 127.972 13.4447 142.736
      vertex 127.972 0 170
      vertex 127.972 13.0176 141.132
    endloop
  endfacet
  facet normal 1 0 0
    outer loop
      vertex 127.972 13.0176 141.132
      vertex 127.972 0 170
      vertex 127.972 12.5783 139.528
    endloop
  endfacet
  facet normal 1 0 0
    outer loop
      vertex 127.972 12.5783 139.528
      vertex 127.972 0 170
      vertex 127.972 12.1332 137.925
    endloop
  endfacet
  facet normal 1 0 0
    outer loop
      vertex 127.972 12.1332 137.925
      vertex 127.972 0 170
      vertex 127.972 11.6889 136.321
    endloop
  endfacet
  facet normal 1 0 0
    outer loop
      vertex 127.972 11.6889 136.321
      vertex 127.972 0 170
      vertex 127.972 11.2522 134.717
    endloop
  endfacet
  facet normal 1 0 0
    outer loop
      vertex 127.972 11.2522 134.717
      vertex 127.972 0 170
      vertex 127.972 10.83 133.113
    endloop
  endfacet
  facet normal 1 0 0
    outer loop
      vertex 127.972 10.83 133.113
      vertex 127.972 0 170
      vertex 127.972 10.4293 131.509
    endloop
  endfacet
  facet normal 1 0 0
    outer loop
      vertex 127.972 10.4293 131.509
      vertex 127.972 0 170
      vertex 127.972 10.0566 129.906
    endloop
  endfacet
  facet normal 1 0 0
    outer loop
      vertex 127.972 10.0566 129.906
      vertex 127.972 0 170
      vertex 127.972 9.71799 128.302
    endloop
  endfacet
  facet normal 1 0 0
    outer loop
      vertex 127.972 9.71799 128.302
      vertex 127.972 0 170
      vertex 127.972 9.41916 126.698
    endloop
  endfacet
  facet normal 1 0 0
    outer loop
      vertex 127.972 10.4924 101.038
      vertex 127.972 7.99854 72.1698
      vertex 127.972 8.49413 73.7736
    endloop
  endfacet
  facet normal 1 0 0
    outer loop
      vertex 127.972 8.65508 117.075
      vertex 127.972 7.47984 70.566
      vertex 127.972 7.99854 72.1698
    endloop
  endfacet
  facet normal 1 0 0
    outer loop
      vertex 127.972 8.65508 117.075
      vertex 127.972 6.94498 68.9622
      vertex 127.972 7.47984 70.566
    endloop
  endfacet
  facet normal 1 0 0
    outer loop
      vertex 127.972 0 170
      vertex 127.972 8.65244 118.679
      vertex 127.972 8.70172 120.283
    endloop
  endfacet
  facet normal 1 0 0
    outer loop
      vertex 127.972 8.65508 117.075
      vertex 127.972 6.40169 67.3585
      vertex 127.972 6.94498 68.9622
    endloop
  endfacet
  facet normal 1 0 0
    outer loop
      vertex 127.972 8.65508 117.075
      vertex 127.972 5.85855 65.7547
      vertex 127.972 6.40169 67.3585
    endloop
  endfacet
  facet normal 1 0 0
    outer loop
      vertex 127.972 8.65508 117.075
      vertex 127.972 5.32475 64.1509
      vertex 127.972 5.85855 65.7547
    endloop
  endfacet
  facet normal 1 0 0
    outer loop
      vertex 127.972 8.65508 117.075
      vertex 127.972 4.80992 62.5472
      vertex 127.972 5.32475 64.1509
    endloop
  endfacet
  facet normal 1 0 0
    outer loop
      vertex 127.972 0 170
      vertex 127.972 8.70172 120.283
      vertex 127.972 8.80394 121.887
    endloop
  endfacet
  facet normal 1 0 0
    outer loop
      vertex 127.972 8.65508 117.075
      vertex 127.972 4.32401 60.9434
      vertex 127.972 4.80992 62.5472
    endloop
  endfacet
  facet normal 1 0 0
    outer loop
      vertex 127.972 8.65508 117.075
      vertex 127.972 3.87694 59.3396
      vertex 127.972 4.32401 60.9434
    endloop
  endfacet
  facet normal 1 0 0
    outer loop
      vertex 127.972 8.65508 117.075
      vertex 127.972 3.47847 57.7358
      vertex 127.972 3.87694 59.3396
    endloop
  endfacet
  facet normal 1 0 0
    outer loop
      vertex 127.972 8.65508 117.075
      vertex 127.972 0 170
      vertex 127.972 3.47847 57.7358
    endloop
  endfacet
  facet normal 1 0 0
    outer loop
      vertex 127.972 3.47847 57.7358
      vertex 127.972 0 170
      vertex 127.972 3.13785 56.1321
    endloop
  endfacet
  facet normal 1 0 0
    outer loop
      vertex 127.972 3.13785 56.1321
      vertex 127.972 0 170
      vertex 127.972 2.86356 54.5283
    endloop
  endfacet
  facet normal 1 0 0
    outer loop
      vertex 127.972 2.5428 51.3207
      vertex 127.972 0 170
      vertex 127.972 2.50743 49.717
    endloop
  endfacet
  facet normal 1 0 0
    outer loop
      vertex 127.972 2.66312 52.9245
      vertex 127.972 0 170
      vertex 127.972 2.5428 51.3207
    endloop
  endfacet
  facet normal 1 0 0
    outer loop
      vertex 127.972 2.86356 54.5283
      vertex 127.972 0 170
      vertex 127.972 2.66312 52.9245
    endloop
  endfacet
  facet normal 1 0 0
    outer loop
      vertex 127.972 8.95883 123.491
      vertex 127.972 0 170
      vertex 127.972 8.80394 121.887
    endloop
  endfacet
  facet normal 1 0 0
    outer loop
      vertex 127.972 9.16483 125.094
      vertex 127.972 0 170
      vertex 127.972 8.95883 123.491
    endloop
  endfacet
  facet normal 1 0 0
    outer loop
      vertex 127.972 9.41916 126.698
      vertex 127.972 0 170
      vertex 127.972 9.16483 125.094
    endloop
  endfacet
  facet normal 1 0 0
    outer loop
      vertex 127.972 11.2337 93.0189
      vertex 127.972 11.2516 89.8113
      vertex 127.972 11.266 91.4151
    endloop
  endfacet
  facet normal 1 0 0
    outer loop
      vertex 127.972 11.2337 93.0189
      vertex 127.972 11.1889 88.2075
      vertex 127.972 11.2516 89.8113
    endloop
  endfacet
  facet normal 1 0 0
    outer loop
      vertex 127.972 11.1573 94.6226
      vertex 127.972 11.1889 88.2075
      vertex 127.972 11.2337 93.0189
    endloop
  endfacet
  facet normal 1 0 0
    outer loop
      vertex 127.972 11.1573 94.6226
      vertex 127.972 11.0768 86.6038
      vertex 127.972 11.1889 88.2075
    endloop
  endfacet
  facet normal 1 0 0
    outer loop
      vertex 127.972 11.0403 96.2264
      vertex 127.972 11.0768 86.6038
      vertex 127.972 11.1573 94.6226
    endloop
  endfacet
  facet normal 1 0 0
    outer loop
      vertex 127.972 11.0403 96.2264
      vertex 127.972 10.9151 85
      vertex 127.972 11.0768 86.6038
    endloop
  endfacet
  facet normal 1 0 0
    outer loop
      vertex 127.972 10.4443 81.7924
      vertex 127.972 11.0403 96.2264
      vertex 127.972 10.8868 97.8302
    endloop
  endfacet
  facet normal 1 0 0
    outer loop
      vertex 127.972 11.0403 96.2264
      vertex 127.972 10.7039 83.3962
      vertex 127.972 10.9151 85
    endloop
  endfacet
  facet normal 1 0 0
    outer loop
      vertex 127.972 9.39272 76.9811
      vertex 127.972 10.8868 97.8302
      vertex 127.972 10.7022 99.434
    endloop
  endfacet
  facet normal 1 0 0
    outer loop
      vertex 127.972 8.96057 75.3773
      vertex 127.972 10.7022 99.434
      vertex 127.972 10.4924 101.038
    endloop
  endfacet
  facet normal 1 0 0
    outer loop
      vertex 127.972 11.0403 96.2264
      vertex 127.972 10.4443 81.7924
      vertex 127.972 10.7039 83.3962
    endloop
  endfacet
  facet normal 1 0 0
    outer loop
      vertex 127.972 7.99854 72.1698
      vertex 127.972 10.4924 101.038
      vertex 127.972 10.2643 102.641
    endloop
  endfacet
  facet normal 1 0 0
    outer loop
      vertex 127.972 10.8868 97.8302
      vertex 127.972 10.1377 80.1887
      vertex 127.972 10.4443 81.7924
    endloop
  endfacet
  facet normal 1 0 0
    outer loop
      vertex 127.972 7.99854 72.1698
      vertex 127.972 10.2643 102.641
      vertex 127.972 10.0252 104.245
    endloop
  endfacet
  facet normal 1 0 0
    outer loop
      vertex 127.972 10.8868 97.8302
      vertex 127.972 9.78627 78.5849
      vertex 127.972 10.1377 80.1887
    endloop
  endfacet
  facet normal 1 0 0
    outer loop
      vertex 127.972 7.99854 72.1698
      vertex 127.972 10.0252 104.245
      vertex 127.972 9.78308 105.849
    endloop
  endfacet
  facet normal 1 0 0
    outer loop
      vertex 127.972 7.99854 72.1698
      vertex 127.972 9.78308 105.849
      vertex 127.972 9.54596 107.453
    endloop
  endfacet
  facet normal 1 0 0
    outer loop
      vertex 127.972 10.8868 97.8302
      vertex 127.972 9.39272 76.9811
      vertex 127.972 9.78627 78.5849
    endloop
  endfacet
  facet normal 1 0 0
    outer loop
      vertex 127.972 7.99854 72.1698
      vertex 127.972 9.54596 107.453
      vertex 127.972 9.32198 109.057
    endloop
  endfacet
  facet normal 1 0 0
    outer loop
      vertex 127.972 7.99854 72.1698
      vertex 127.972 9.32198 109.057
      vertex 127.972 9.11903 110.66
    endloop
  endfacet
  facet normal 1 0 0
    outer loop
      vertex 127.972 10.7022 99.434
      vertex 127.972 8.96057 75.3773
      vertex 127.972 9.39272 76.9811
    endloop
  endfacet
  facet normal 1 0 0
    outer loop
      vertex 127.972 7.99854 72.1698
      vertex 127.972 9.11903 110.66
      vertex 127.972 8.94458 112.264
    endloop
  endfacet
  facet normal 1 0 0
    outer loop
      vertex 127.972 7.99854 72.1698
      vertex 127.972 8.94458 112.264
      vertex 127.972 8.80536 113.868
    endloop
  endfacet
  facet normal 1 0 0
    outer loop
      vertex 127.972 7.99854 72.1698
      vertex 127.972 8.80536 113.868
      vertex 127.972 8.70726 115.472
    endloop
  endfacet
  facet normal 1 0 0
    outer loop
      vertex 127.972 7.99854 72.1698
      vertex 127.972 8.70726 115.472
      vertex 127.972 8.65508 117.075
    endloop
  endfacet
  facet normal 1 0 0
    outer loop
      vertex 127.972 10.4924 101.038
      vertex 127.972 8.49413 73.7736
      vertex 127.972 8.96057 75.3773
    endloop
  endfacet
  facet normal 1 0 0
    outer loop
      vertex 127.972 0 170
      vertex 127.972 8.65508 117.075
      vertex 127.972 8.65244 118.679
    endloop
  endfacet
  facet normal 1 0 0
    outer loop
      vertex 127.972 0 0
      vertex 127.972 13.6237 11.2264
      vertex 127.972 13.6232 12.8302
    endloop
  endfacet
  facet normal 1 0 0
    outer loop
      vertex 127.972 0 0
      vertex 127.972 13.6232 12.8302
      vertex 127.972 13.5198 14.434
    endloop
  endfacet
  facet normal 1 0 0
    outer loop
      vertex 127.972 13.6237 11.2264
      vertex 127.972 0 0
      vertex 127.972 13.5211 9.62263
    endloop
  endfacet
  facet normal 1 0 0
    outer loop
      vertex 127.972 0 0
      vertex 127.972 13.5198 14.434
      vertex 127.972 13.3157 16.0377
    endloop
  endfacet
  facet normal 1 0 0
    outer loop
      vertex 127.972 13.5211 9.62263
      vertex 127.972 0 0
      vertex 127.972 13.3173 8.01886
    endloop
  endfacet
  facet normal 1 0 0
    outer loop
      vertex 127.972 0 0
      vertex 127.972 13.3157 16.0377
      vertex 127.972 13.0149 17.6415
    endloop
  endfacet
  facet normal 1 0 0
    outer loop
      vertex 127.972 0 0
      vertex 127.972 13.0149 17.6415
      vertex 127.972 12.6233 19.2453
    endloop
  endfacet
  facet normal 1 0 0
    outer loop
      vertex 127.972 13.3173 8.01886
      vertex 127.972 0 0
      vertex 127.972 13.0161 6.41508
    endloop
  endfacet
  facet normal 1 0 0
    outer loop
      vertex 127.972 0 0
      vertex 127.972 12.6233 19.2453
      vertex 127.972 12.1483 20.849
    endloop
  endfacet
  facet normal 1 0 0
    outer loop
      vertex 127.972 13.0161 6.41508
      vertex 127.972 0 0
      vertex 127.972 12.6229 4.81131
    endloop
  endfacet
  facet normal 1 0 0
    outer loop
      vertex 127.972 0 0
      vertex 127.972 12.1483 20.849
      vertex 127.972 11.5992 22.4528
    endloop
  endfacet
  facet normal 1 0 0
    outer loop
      vertex 127.972 12.6229 4.81131
      vertex 127.972 0 0
      vertex 127.972 12.1453 3.20753
    endloop
  endfacet
  facet normal 1 0 0
    outer loop
      vertex 127.972 0 0
      vertex 127.972 11.5992 22.4528
      vertex 127.972 10.9863 24.0566
    endloop
  endfacet
  facet normal 1 0 0
    outer loop
      vertex 127.972 12.1453 3.20753
      vertex 127.972 0 0
      vertex 127.972 11.5925 1.60376
    endloop
  endfacet
  facet normal 1 0 0
    outer loop
      vertex 127.972 0 0
      vertex 127.972 10.9863 24.0566
      vertex 127.972 10.3211 25.6604
    endloop
  endfacet
  facet normal 1 0 0
    outer loop
      vertex 127.972 0 0
      vertex 127.972 10.3211 25.6604
      vertex 127.972 9.61626 27.2641
    endloop
  endfacet
  facet normal 1 0 0
    outer loop
      vertex 127.972 0 0
      vertex 127.972 9.61626 27.2641
      vertex 127.972 8.88478 28.8679
    endloop
  endfacet
  facet normal 1 0 0
    outer loop
      vertex 127.972 0 0
      vertex 127.972 8.88478 28.8679
      vertex 127.972 8.14023 30.4717
    endloop
  endfacet
  facet normal 1 0 0
    outer loop
      vertex 127.972 0 0
      vertex 127.972 8.14023 30.4717
      vertex 127.972 7.39624 32.0755
    endloop
  endfacet
  facet normal 1 0 0
    outer loop
      vertex 127.972 0 0
      vertex 127.972 7.39624 32.0755
      vertex 127.972 6.66635 33.6792
    endloop
  endfacet
  facet normal 1 0 0
    outer loop
      vertex 127.972 0 0
      vertex 127.972 6.66635 33.6792
      vertex 127.972 5.96364 35.283
    endloop
  endfacet
  facet normal 1 0 0
    outer loop
      vertex 127.972 0 0
      vertex 127.972 5.96364 35.283
      vertex 127.972 5.30049 36.8868
    endloop
  endfacet
  facet normal 1 0 0
    outer loop
      vertex 127.972 0 0
      vertex 127.972 5.30049 36.8868
      vertex 127.972 4.68837 38.4906
    endloop
  endfacet
  facet normal 1 0 0
    outer loop
      vertex 127.972 0 0
      vertex 127.972 4.68837 38.4906
      vertex 127.972 4.13762 40.0943
    endloop
  endfacet
  facet normal 1 0 0
    outer loop
      vertex 127.972 0 0
      vertex 127.972 4.13762 40.0943
      vertex 127.972 3.65714 41.6981
    endloop
  endfacet
  facet normal 1 0 0
    outer loop
      vertex 127.972 0 0
      vertex 127.972 3.65714 41.6981
      vertex 127.972 3.25432 43.3019
    endloop
  endfacet
  facet normal 1 0 0
    outer loop
      vertex 127.972 0 0
      vertex 127.972 3.25432 43.3019
      vertex 127.972 2.93492 44.9057
    endloop
  endfacet
  facet normal 1 0 0
    outer loop
      vertex 127.972 11.5925 1.60376
      vertex 127.972 0 0
      vertex 127.972 10.975 0
    endloop
  endfacet
  facet normal 1 0 0
    outer loop
      vertex 127.972 2.70287 46.5094
      vertex 127.972 0 0
      vertex 127.972 2.93492 44.9057
    endloop
  endfacet
  facet normal 1 0 0
    outer loop
      vertex 127.972 2.56029 48.1132
      vertex 127.972 0 0
      vertex 127.972 2.70287 46.5094
    endloop
  endfacet
  facet normal 1 0 0
    outer loop
      vertex 127.972 2.50743 49.717
      vertex 127.972 0 0
      vertex 127.972 2.56029 48.1132
    endloop
  endfacet
  facet normal 1 0 0
    outer loop
      vertex 127.972 0 0
      vertex 127.972 2.50743 49.717
      vertex 127.972 0 170
    endloop
  endfacet
  facet normal 0 0.945414 -0.325873
    outer loop
      vertex 127.972 11.5925 1.60376
      vertex 117.583 12.1453 3.20753
      vertex 127.972 12.1453 3.20753
    endloop
  endfacet
  facet normal 0 0.945414 -0.325873
    outer loop
      vertex 117.583 12.1453 3.20753
      vertex 127.972 11.5925 1.60376
      vertex 117.583 11.5925 1.60376
    endloop
  endfacet
  facet normal 0 0.958406 -0.28541
    outer loop
      vertex 127.972 12.1453 3.20753
      vertex 117.583 12.6229 4.81131
      vertex 127.972 12.6229 4.81131
    endloop
  endfacet
  facet normal 0 0.958406 -0.28541
    outer loop
      vertex 117.583 12.6229 4.81131
      vertex 127.972 12.1453 3.20753
      vertex 117.583 12.1453 3.20753
    endloop
  endfacet
  facet normal 0 0.971236 -0.23812
    outer loop
      vertex 127.972 12.6229 4.81131
      vertex 117.583 13.0161 6.41508
      vertex 127.972 13.0161 6.41508
    endloop
  endfacet
  facet normal 0 0.971236 -0.23812
    outer loop
      vertex 117.583 13.0161 6.41508
      vertex 127.972 12.6229 4.81131
      vertex 117.583 12.6229 4.81131
    endloop
  endfacet
  facet normal 0 0.982818 -0.184579
    outer loop
      vertex 127.972 13.0161 6.41508
      vertex 117.583 13.3173 8.01886
      vertex 127.972 13.3173 8.01886
    endloop
  endfacet
  facet normal 0 0.982818 -0.184579
    outer loop
      vertex 117.583 13.3173 8.01886
      vertex 127.972 13.0161 6.41508
      vertex 117.583 13.0161 6.41508
    endloop
  endfacet
  facet normal 0 0.992022 -0.126062
    outer loop
      vertex 127.972 13.3173 8.01886
      vertex 117.583 13.5211 9.62263
      vertex 127.972 13.5211 9.62263
    endloop
  endfacet
  facet normal 0 0.992022 -0.126062
    outer loop
      vertex 117.583 13.5211 9.62263
      vertex 127.972 13.3173 8.01886
      vertex 117.583 13.3173 8.01886
    endloop
  endfacet
  facet normal 0 0.99796 -0.0638437
    outer loop
      vertex 127.972 13.5211 9.62263
      vertex 117.583 13.6237 11.2264
      vertex 127.972 13.6237 11.2264
    endloop
  endfacet
  facet normal 0 0.99796 -0.0638437
    outer loop
      vertex 117.583 13.6237 11.2264
      vertex 127.972 13.5211 9.62263
      vertex 117.583 13.5211 9.62263
    endloop
  endfacet
  facet normal 0 1 0.00031176
    outer loop
      vertex 127.972 13.6237 11.2264
      vertex 117.583 13.6232 12.8302
      vertex 127.972 13.6232 12.8302
    endloop
  endfacet
  facet normal 0 1 0.00031176
    outer loop
      vertex 117.583 13.6232 12.8302
      vertex 127.972 13.6237 11.2264
      vertex 117.583 13.6237 11.2264
    endloop
  endfacet
  facet normal 0 0.997928 0.0643383
    outer loop
      vertex 127.972 13.6232 12.8302
      vertex 117.583 13.5198 14.434
      vertex 127.972 13.5198 14.434
    endloop
  endfacet
  facet normal 0 0.997928 0.0643383
    outer loop
      vertex 117.583 13.5198 14.434
      vertex 127.972 13.6232 12.8302
      vertex 117.583 13.6232 12.8302
    endloop
  endfacet
  facet normal 0 0.991998 0.12625
    outer loop
      vertex 127.972 13.5198 14.434
      vertex 117.583 13.3157 16.0377
      vertex 127.972 13.3157 16.0377
    endloop
  endfacet
  facet normal 0 0.991998 0.12625
    outer loop
      vertex 117.583 13.3157 16.0377
      vertex 127.972 13.5198 14.434
      vertex 117.583 13.5198 14.434
    endloop
  endfacet
  facet normal 0 0.982862 0.18434
    outer loop
      vertex 127.972 13.3157 16.0377
      vertex 117.583 13.0149 17.6415
      vertex 127.972 13.0149 17.6415
    endloop
  endfacet
  facet normal 0 0.982862 0.18434
    outer loop
      vertex 117.583 13.0149 17.6415
      vertex 127.972 13.3157 16.0377
      vertex 117.583 13.3157 16.0377
    endloop
  endfacet
  facet normal 0 0.97146 0.237202
    outer loop
      vertex 127.972 13.0149 17.6415
      vertex 117.583 12.6233 19.2453
      vertex 127.972 12.6233 19.2453
    endloop
  endfacet
  facet normal 0 0.97146 0.237202
    outer loop
      vertex 117.583 12.6233 19.2453
      vertex 127.972 13.0149 17.6415
      vertex 117.583 13.0149 17.6415
    endloop
  endfacet
  facet normal 0 0.958826 0.283995
    outer loop
      vertex 127.972 12.6233 19.2453
      vertex 117.583 12.1483 20.849
      vertex 127.972 12.1483 20.849
    endloop
  endfacet
  facet normal 0 0.958826 0.283995
    outer loop
      vertex 117.583 12.1483 20.849
      vertex 127.972 12.6233 19.2453
      vertex 117.583 12.6233 19.2453
    endloop
  endfacet
  facet normal 0 0.946086 0.323916
    outer loop
      vertex 127.972 12.1483 20.849
      vertex 117.583 11.5992 22.4528
      vertex 127.972 11.5992 22.4528
    endloop
  endfacet
  facet normal 0 0.946086 0.323916
    outer loop
      vertex 117.583 11.5992 22.4528
      vertex 127.972 12.1483 20.849
      vertex 117.583 12.1483 20.849
    endloop
  endfacet
  facet normal 0 0.934114 0.356976
    outer loop
      vertex 127.972 11.5992 22.4528
      vertex 117.583 10.9863 24.0566
      vertex 127.972 10.9863 24.0566
    endloop
  endfacet
  facet normal 0 0.934114 0.356976
    outer loop
      vertex 117.583 10.9863 24.0566
      vertex 127.972 11.5992 22.4528
      vertex 117.583 11.5992 22.4528
    endloop
  endfacet
  facet normal 0 0.923699 0.383118
    outer loop
      vertex 127.972 10.9863 24.0566
      vertex 117.583 10.3211 25.6604
      vertex 127.972 10.3211 25.6604
    endloop
  endfacet
  facet normal 0 0.923699 0.383118
    outer loop
      vertex 117.583 10.3211 25.6604
      vertex 127.972 10.9863 24.0566
      vertex 117.583 10.9863 24.0566
    endloop
  endfacet
  facet normal 0 0.915481 0.402362
    outer loop
      vertex 127.972 10.3211 25.6604
      vertex 117.583 9.61626 27.2641
      vertex 127.972 9.61626 27.2641
    endloop
  endfacet
  facet normal 0 0.915481 0.402362
    outer loop
      vertex 117.583 9.61626 27.2641
      vertex 127.972 10.3211 25.6604
      vertex 117.583 10.3211 25.6604
    endloop
  endfacet
  facet normal 0 0.909836 0.414969
    outer loop
      vertex 127.972 9.61626 27.2641
      vertex 117.583 8.88478 28.8679
      vertex 127.972 8.88478 28.8679
    endloop
  endfacet
  facet normal 0 0.909836 0.414969
    outer loop
      vertex 117.583 8.88478 28.8679
      vertex 127.972 9.61626 27.2641
      vertex 117.583 9.61626 27.2641
    endloop
  endfacet
  facet normal 0 0.907024 0.421078
    outer loop
      vertex 127.972 8.88478 28.8679
      vertex 117.583 8.14023 30.4717
      vertex 127.972 8.14023 30.4717
    endloop
  endfacet
  facet normal 0 0.907024 0.421078
    outer loop
      vertex 117.583 8.14023 30.4717
      vertex 127.972 8.88478 28.8679
      vertex 117.583 8.88478 28.8679
    endloop
  endfacet
  facet normal 0 0.907145 0.420817
    outer loop
      vertex 127.972 8.14023 30.4717
      vertex 117.583 7.39624 32.0755
      vertex 127.972 7.39624 32.0755
    endloop
  endfacet
  facet normal 0 0.907145 0.420817
    outer loop
      vertex 117.583 7.39624 32.0755
      vertex 127.972 8.14023 30.4717
      vertex 117.583 8.14023 30.4717
    endloop
  endfacet
  facet normal 0 0.910166 0.414243
    outer loop
      vertex 127.972 7.39624 32.0755
      vertex 117.583 6.66635 33.6792
      vertex 127.972 6.66635 33.6792
    endloop
  endfacet
  facet normal 0 0.910166 0.414243
    outer loop
      vertex 117.583 6.66635 33.6792
      vertex 127.972 7.39624 32.0755
      vertex 117.583 7.39624 32.0755
    endloop
  endfacet
  facet normal 0 0.915938 0.401321
    outer loop
      vertex 127.972 6.66635 33.6792
      vertex 117.583 5.96364 35.283
      vertex 127.972 5.96364 35.283
    endloop
  endfacet
  facet normal 0 0.915938 0.401321
    outer loop
      vertex 117.583 5.96364 35.283
      vertex 127.972 6.66635 33.6792
      vertex 117.583 6.66635 33.6792
    endloop
  endfacet
  facet normal 0 0.924117 0.38211
    outer loop
      vertex 127.972 5.96364 35.283
      vertex 117.583 5.30049 36.8868
      vertex 127.972 5.30049 36.8868
    endloop
  endfacet
  facet normal 0 0.924117 0.38211
    outer loop
      vertex 117.583 5.30049 36.8868
      vertex 127.972 5.96364 35.283
      vertex 117.583 5.96364 35.283
    endloop
  endfacet
  facet normal 0 0.934265 0.35658
    outer loop
      vertex 127.972 5.30049 36.8868
      vertex 117.583 4.68837 38.4906
      vertex 127.972 4.68837 38.4906
    endloop
  endfacet
  facet normal 0 0.934265 0.35658
    outer loop
      vertex 117.583 4.68837 38.4906
      vertex 127.972 5.30049 36.8868
      vertex 117.583 5.30049 36.8868
    endloop
  endfacet
  facet normal 0 0.945781 0.324805
    outer loop
      vertex 127.972 4.68837 38.4906
      vertex 117.583 4.13762 40.0943
      vertex 127.972 4.13762 40.0943
    endloop
  endfacet
  facet normal 0 0.945781 0.324805
    outer loop
      vertex 117.583 4.13762 40.0943
      vertex 127.972 4.68837 38.4906
      vertex 117.583 4.68837 38.4906
    endloop
  endfacet
  facet normal 0 0.957935 0.286986
    outer loop
      vertex 127.972 4.13762 40.0943
      vertex 117.583 3.65714 41.6981
      vertex 127.972 3.65714 41.6981
    endloop
  endfacet
  facet normal 0 0.957935 0.286986
    outer loop
      vertex 117.583 3.65714 41.6981
      vertex 127.972 4.13762 40.0943
      vertex 117.583 4.13762 40.0943
    endloop
  endfacet
  facet normal 0 0.969876 0.2436
    outer loop
      vertex 127.972 3.65714 41.6981
      vertex 117.583 3.25432 43.3019
      vertex 127.972 3.25432 43.3019
    endloop
  endfacet
  facet normal 0 0.969876 0.2436
    outer loop
      vertex 117.583 3.25432 43.3019
      vertex 127.972 3.65714 41.6981
      vertex 117.583 3.65714 41.6981
    endloop
  endfacet
  facet normal 0 0.98074 0.195316
    outer loop
      vertex 127.972 3.25432 43.3019
      vertex 117.583 2.93492 44.9057
      vertex 127.972 2.93492 44.9057
    endloop
  endfacet
  facet normal 0 0.98074 0.195316
    outer loop
      vertex 117.583 2.93492 44.9057
      vertex 127.972 3.25432 43.3019
      vertex 117.583 3.25432 43.3019
    endloop
  endfacet
  facet normal 0 0.989693 0.143205
    outer loop
      vertex 127.972 2.93492 44.9057
      vertex 117.583 2.70287 46.5094
      vertex 127.972 2.70287 46.5094
    endloop
  endfacet
  facet normal 0 0.989693 0.143205
    outer loop
      vertex 117.583 2.70287 46.5094
      vertex 127.972 2.93492 44.9057
      vertex 117.583 2.93492 44.9057
    endloop
  endfacet
  facet normal 0 0.996072 0.0885521
    outer loop
      vertex 127.972 2.70287 46.5094
      vertex 117.583 2.56029 48.1132
      vertex 127.972 2.56029 48.1132
    endloop
  endfacet
  facet normal 0 0.996072 0.0885521
    outer loop
      vertex 117.583 2.56029 48.1132
      vertex 127.972 2.70287 46.5094
      vertex 117.583 2.70287 46.5094
    endloop
  endfacet
  facet normal 0 0.999457 0.0329413
    outer loop
      vertex 127.972 2.56029 48.1132
      vertex 117.583 2.50743 49.717
      vertex 127.972 2.50743 49.717
    endloop
  endfacet
  facet normal 0 0.999457 0.0329413
    outer loop
      vertex 117.583 2.50743 49.717
      vertex 127.972 2.56029 48.1132
      vertex 117.583 2.56029 48.1132
    endloop
  endfacet
  facet normal 0 0.999757 -0.0220499
    outer loop
      vertex 127.972 2.50743 49.717
      vertex 117.583 2.5428 51.3207
      vertex 127.972 2.5428 51.3207
    endloop
  endfacet
  facet normal 0 0.999757 -0.0220499
    outer loop
      vertex 117.583 2.5428 51.3207
      vertex 127.972 2.50743 49.717
      vertex 117.583 2.50743 49.717
    endloop
  endfacet
  facet normal 0 0.997198 -0.0748116
    outer loop
      vertex 127.972 2.5428 51.3207
      vertex 117.583 2.66312 52.9245
      vertex 127.972 2.66312 52.9245
    endloop
  endfacet
  facet normal 0 0.997198 -0.0748116
    outer loop
      vertex 117.583 2.66312 52.9245
      vertex 127.972 2.5428 51.3207
      vertex 117.583 2.5428 51.3207
    endloop
  endfacet
  facet normal 0 0.992281 -0.124013
    outer loop
      vertex 127.972 2.66312 52.9245
      vertex 117.583 2.86356 54.5283
      vertex 127.972 2.86356 54.5283
    endloop
  endfacet
  facet normal 0 0.992281 -0.124013
    outer loop
      vertex 117.583 2.86356 54.5283
      vertex 127.972 2.66312 52.9245
      vertex 117.583 2.66312 52.9245
    endloop
  endfacet
  facet normal 0 0.985688 -0.168577
    outer loop
      vertex 127.972 2.86356 54.5283
      vertex 117.583 3.13785 56.1321
      vertex 127.972 3.13785 56.1321
    endloop
  endfacet
  facet normal 0 0.985688 -0.168577
    outer loop
      vertex 117.583 3.13785 56.1321
      vertex 127.972 2.86356 54.5283
      vertex 117.583 2.86356 54.5283
    endloop
  endfacet
  facet normal 0 0.978179 -0.207762
    outer loop
      vertex 127.972 3.13785 56.1321
      vertex 117.583 3.47847 57.7358
      vertex 127.972 3.47847 57.7358
    endloop
  endfacet
  facet normal 0 0.978179 -0.207762
    outer loop
      vertex 117.583 3.47847 57.7358
      vertex 127.972 3.13785 56.1321
      vertex 117.583 3.13785 56.1321
    endloop
  endfacet
  facet normal 0 0.970495 -0.241123
    outer loop
      vertex 127.972 3.47847 57.7358
      vertex 117.583 3.87694 59.3396
      vertex 127.972 3.87694 59.3396
    endloop
  endfacet
  facet normal 0 0.970495 -0.241123
    outer loop
      vertex 117.583 3.87694 59.3396
      vertex 127.972 3.47847 57.7358
      vertex 117.583 3.47847 57.7358
    endloop
  endfacet
  facet normal 0 0.963274 -0.268519
    outer loop
      vertex 127.972 3.87694 59.3396
      vertex 117.583 4.32401 60.9434
      vertex 127.972 4.32401 60.9434
    endloop
  endfacet
  facet normal 0 0.963274 -0.268519
    outer loop
      vertex 117.583 4.32401 60.9434
      vertex 127.972 3.87694 59.3396
      vertex 117.583 3.87694 59.3396
    endloop
  endfacet
  facet normal 0 0.957039 -0.289958
    outer loop
      vertex 127.972 4.32401 60.9434
      vertex 117.583 4.80992 62.5472
      vertex 127.972 4.80992 62.5472
    endloop
  endfacet
  facet normal 0 0.957039 -0.289958
    outer loop
      vertex 117.583 4.80992 62.5472
      vertex 127.972 4.32401 60.9434
      vertex 117.583 4.32401 60.9434
    endloop
  endfacet
  facet normal 0 0.95214 -0.305662
    outer loop
      vertex 127.972 4.80992 62.5472
      vertex 117.583 5.32475 64.1509
      vertex 127.972 5.32475 64.1509
    endloop
  endfacet
  facet normal 0 0.95214 -0.305662
    outer loop
      vertex 117.583 5.32475 64.1509
      vertex 127.972 4.80992 62.5472
      vertex 117.583 4.80992 62.5472
    endloop
  endfacet
  facet normal 0 0.948825 -0.315802
    outer loop
      vertex 127.972 5.32475 64.1509
      vertex 117.583 5.85855 65.7547
      vertex 127.972 5.85855 65.7547
    endloop
  endfacet
  facet normal 0 0.948825 -0.315802
    outer loop
      vertex 117.583 5.85855 65.7547
      vertex 127.972 5.32475 64.1509
      vertex 117.583 5.32475 64.1509
    endloop
  endfacet
  facet normal 0 0.947159 -0.320763
    outer loop
      vertex 127.972 5.85855 65.7547
      vertex 117.583 6.40169 67.3585
      vertex 127.972 6.40169 67.3585
    endloop
  endfacet
  facet normal 0 0.947159 -0.320763
    outer loop
      vertex 117.583 6.40169 67.3585
      vertex 127.972 5.85855 65.7547
      vertex 117.583 5.85855 65.7547
    endloop
  endfacet
  facet normal 0 0.947126 -0.320861
    outer loop
      vertex 127.972 6.40169 67.3585
      vertex 117.583 6.94498 68.9622
      vertex 127.972 6.94498 68.9622
    endloop
  endfacet
  facet normal 0 0.947126 -0.320861
    outer loop
      vertex 117.583 6.94498 68.9622
      vertex 127.972 6.40169 67.3585
      vertex 117.583 6.40169 67.3585
    endloop
  endfacet
  facet normal 0 0.948637 -0.316366
    outer loop
      vertex 127.972 6.94498 68.9622
      vertex 117.583 7.47984 70.566
      vertex 127.972 7.47984 70.566
    endloop
  endfacet
  facet normal 0 0.948637 -0.316366
    outer loop
      vertex 117.583 7.47984 70.566
      vertex 127.972 6.94498 68.9622
      vertex 117.583 6.94498 68.9622
    endloop
  endfacet
  facet normal 0 0.951475 -0.307726
    outer loop
      vertex 127.972 7.47984 70.566
      vertex 117.583 7.99854 72.1698
      vertex 127.972 7.99854 72.1698
    endloop
  endfacet
  facet normal 0 0.951475 -0.307726
    outer loop
      vertex 117.583 7.99854 72.1698
      vertex 127.972 7.47984 70.566
      vertex 117.583 7.47984 70.566
    endloop
  endfacet
  facet normal 0 0.955424 -0.295236
    outer loop
      vertex 127.972 7.99854 72.1698
      vertex 117.583 8.49413 73.7736
      vertex 127.972 8.49413 73.7736
    endloop
  endfacet
  facet normal 0 0.955424 -0.295236
    outer loop
      vertex 117.583 8.49413 73.7736
      vertex 127.972 7.99854 72.1698
      vertex 117.583 7.99854 72.1698
    endloop
  endfacet
  facet normal 0 0.96021 -0.279279
    outer loop
      vertex 127.972 8.49413 73.7736
      vertex 117.583 8.96057 75.3773
      vertex 127.972 8.96057 75.3773
    endloop
  endfacet
  facet normal 0 0.96021 -0.279279
    outer loop
      vertex 117.583 8.96057 75.3773
      vertex 127.972 8.49413 73.7736
      vertex 117.583 8.49413 73.7736
    endloop
  endfacet
  facet normal 0 0.965562 -0.260174
    outer loop
      vertex 127.972 8.96057 75.3773
      vertex 117.583 9.39272 76.9811
      vertex 127.972 9.39272 76.9811
    endloop
  endfacet
  facet normal 0 0.965562 -0.260174
    outer loop
      vertex 117.583 9.39272 76.9811
      vertex 127.972 8.96057 75.3773
      vertex 117.583 8.96057 75.3773
    endloop
  endfacet
  facet normal 0 0.971188 -0.238316
    outer loop
      vertex 127.972 9.39272 76.9811
      vertex 117.583 9.78627 78.5849
      vertex 127.972 9.78627 78.5849
    endloop
  endfacet
  facet normal 0 0.971188 -0.238316
    outer loop
      vertex 117.583 9.78627 78.5849
      vertex 127.972 9.39272 76.9811
      vertex 117.583 9.39272 76.9811
    endloop
  endfacet
  facet normal 0 0.976824 -0.214045
    outer loop
      vertex 127.972 9.78627 78.5849
      vertex 117.583 10.1377 80.1887
      vertex 127.972 10.1377 80.1887
    endloop
  endfacet
  facet normal 0 0.976824 -0.214045
    outer loop
      vertex 117.583 10.1377 80.1887
      vertex 127.972 9.78627 78.5849
      vertex 117.583 9.78627 78.5849
    endloop
  endfacet
  facet normal 0 0.982211 -0.187782
    outer loop
      vertex 127.972 10.1377 80.1887
      vertex 117.583 10.4443 81.7924
      vertex 127.972 10.4443 81.7924
    endloop
  endfacet
  facet normal 0 0.982211 -0.187782
    outer loop
      vertex 117.583 10.4443 81.7924
      vertex 127.972 10.1377 80.1887
      vertex 117.583 10.1377 80.1887
    endloop
  endfacet
  facet normal 0 0.987152 -0.159786
    outer loop
      vertex 127.972 10.4443 81.7924
      vertex 117.583 10.7039 83.3962
      vertex 127.972 10.7039 83.3962
    endloop
  endfacet
  facet normal 0 0.987152 -0.159786
    outer loop
      vertex 117.583 10.7039 83.3962
      vertex 127.972 10.4443 81.7924
      vertex 117.583 10.4443 81.7924
    endloop
  endfacet
  facet normal 0 0.99144 -0.13056
    outer loop
      vertex 127.972 10.7039 83.3962
      vertex 117.583 10.9151 85
      vertex 127.972 10.9151 85
    endloop
  endfacet
  facet normal 0 0.99144 -0.13056
    outer loop
      vertex 117.583 10.9151 85
      vertex 127.972 10.7039 83.3962
      vertex 117.583 10.7039 83.3962
    endloop
  endfacet
  facet normal 0 0.994956 -0.100314
    outer loop
      vertex 127.972 10.9151 85
      vertex 117.583 11.0768 86.6038
      vertex 127.972 11.0768 86.6038
    endloop
  endfacet
  facet normal 0 0.994956 -0.100314
    outer loop
      vertex 117.583 11.0768 86.6038
      vertex 127.972 10.9151 85
      vertex 117.583 10.9151 85
    endloop
  endfacet
  facet normal 0 0.997566 -0.0697307
    outer loop
      vertex 127.972 11.0768 86.6038
      vertex 117.583 11.1889 88.2075
      vertex 127.972 11.1889 88.2075
    endloop
  endfacet
  facet normal 0 0.997566 -0.0697307
    outer loop
      vertex 117.583 11.1889 88.2075
      vertex 127.972 11.0768 86.6038
      vertex 117.583 11.0768 86.6038
    endloop
  endfacet
  facet normal 0 0.999237 -0.0390648
    outer loop
      vertex 127.972 11.1889 88.2075
      vertex 117.583 11.2516 89.8113
      vertex 127.972 11.2516 89.8113
    endloop
  endfacet
  facet normal 0 0.999237 -0.0390648
    outer loop
      vertex 117.583 11.2516 89.8113
      vertex 127.972 11.1889 88.2075
      vertex 117.583 11.1889 88.2075
    endloop
  endfacet
  facet normal 0 0.99996 -0.00897831
    outer loop
      vertex 127.972 11.2516 89.8113
      vertex 117.583 11.266 91.4151
      vertex 127.972 11.266 91.4151
    endloop
  endfacet
  facet normal 0 0.99996 -0.00897831
    outer loop
      vertex 117.583 11.266 91.4151
      vertex 127.972 11.2516 89.8113
      vertex 117.583 11.2516 89.8113
    endloop
  endfacet
  facet normal 0 0.999797 0.0201356
    outer loop
      vertex 127.972 11.266 91.4151
      vertex 117.583 11.2337 93.0189
      vertex 127.972 11.2337 93.0189
    endloop
  endfacet
  facet normal 0 0.999797 0.0201356
    outer loop
      vertex 117.583 11.2337 93.0189
      vertex 127.972 11.266 91.4151
      vertex 117.583 11.266 91.4151
    endloop
  endfacet
  facet normal 0 0.998867 0.0475859
    outer loop
      vertex 127.972 11.2337 93.0189
      vertex 117.583 11.1573 94.6226
      vertex 127.972 11.1573 94.6226
    endloop
  endfacet
  facet normal 0 0.998867 0.0475859
    outer loop
      vertex 117.583 11.1573 94.6226
      vertex 127.972 11.2337 93.0189
      vertex 117.583 11.2337 93.0189
    endloop
  endfacet
  facet normal 0 0.99735 0.0727584
    outer loop
      vertex 127.972 11.1573 94.6226
      vertex 117.583 11.0403 96.2264
      vertex 127.972 11.0403 96.2264
    endloop
  endfacet
  facet normal 0 0.99735 0.0727584
    outer loop
      vertex 117.583 11.0403 96.2264
      vertex 127.972 11.1573 94.6226
      vertex 117.583 11.1573 94.6226
    endloop
  endfacet
  facet normal 0 0.995451 0.0952748
    outer loop
      vertex 127.972 11.0403 96.2264
      vertex 117.583 10.8868 97.8302
      vertex 127.972 10.8868 97.8302
    endloop
  endfacet
  facet normal 0 0.995451 0.0952748
    outer loop
      vertex 117.583 10.8868 97.8302
      vertex 127.972 11.0403 96.2264
      vertex 117.583 11.0403 96.2264
    endloop
  endfacet
  facet normal 0 0.993441 0.114347
    outer loop
      vertex 127.972 10.8868 97.8302
      vertex 117.583 10.7022 99.434
      vertex 127.972 10.7022 99.434
    endloop
  endfacet
  facet normal 0 0.993441 0.114347
    outer loop
      vertex 117.583 10.7022 99.434
      vertex 127.972 10.8868 97.8302
      vertex 117.583 10.8868 97.8302
    endloop
  endfacet
  facet normal 0 0.991554 0.129693
    outer loop
      vertex 127.972 10.7022 99.434
      vertex 117.583 10.4924 101.038
      vertex 127.972 10.4924 101.038
    endloop
  endfacet
  facet normal 0 0.991554 0.129693
    outer loop
      vertex 117.583 10.4924 101.038
      vertex 127.972 10.7022 99.434
      vertex 117.583 10.7022 99.434
    endloop
  endfacet
  facet normal 0 0.990027 0.140877
    outer loop
      vertex 127.972 10.4924 101.038
      vertex 117.583 10.2643 102.641
      vertex 127.972 10.2643 102.641
    endloop
  endfacet
  facet normal 0 0.990027 0.140877
    outer loop
      vertex 117.583 10.2643 102.641
      vertex 127.972 10.4924 101.038
      vertex 117.583 10.4924 101.038
    endloop
  endfacet
  facet normal 0 0.989072 0.147436
    outer loop
      vertex 127.972 10.2643 102.641
      vertex 117.583 10.0252 104.245
      vertex 127.972 10.0252 104.245
    endloop
  endfacet
  facet normal 0 0.989072 0.147436
    outer loop
      vertex 117.583 10.0252 104.245
      vertex 127.972 10.2643 102.641
      vertex 117.583 10.2643 102.641
    endloop
  endfacet
  facet normal 0 0.988798 0.149257
    outer loop
      vertex 127.972 10.0252 104.245
      vertex 117.583 9.78308 105.849
      vertex 127.972 9.78308 105.849
    endloop
  endfacet
  facet normal 0 0.988798 0.149257
    outer loop
      vertex 117.583 9.78308 105.849
      vertex 127.972 10.0252 104.245
      vertex 117.583 10.0252 104.245
    endloop
  endfacet
  facet normal 0 0.989249 0.146241
    outer loop
      vertex 127.972 9.78308 105.849
      vertex 117.583 9.54596 107.453
      vertex 127.972 9.54596 107.453
    endloop
  endfacet
  facet normal 0 0.989249 0.146241
    outer loop
      vertex 117.583 9.54596 107.453
      vertex 127.972 9.78308 105.849
      vertex 117.583 9.78308 105.849
    endloop
  endfacet
  facet normal 0 0.990391 0.138297
    outer loop
      vertex 127.972 9.54596 107.453
      vertex 117.583 9.32198 109.057
      vertex 127.972 9.32198 109.057
    endloop
  endfacet
  facet normal 0 0.990391 0.138297
    outer loop
      vertex 117.583 9.32198 109.057
      vertex 127.972 9.54596 107.453
      vertex 117.583 9.54596 107.453
    endloop
  endfacet
  facet normal 0 0.99208 0.125604
    outer loop
      vertex 127.972 9.32198 109.057
      vertex 117.583 9.11903 110.66
      vertex 127.972 9.11903 110.66
    endloop
  endfacet
  facet normal 0 0.99208 0.125604
    outer loop
      vertex 117.583 9.11903 110.66
      vertex 127.972 9.32198 109.057
      vertex 117.583 9.32198 109.057
    endloop
  endfacet
  facet normal 0 0.994138 0.108122
    outer loop
      vertex 127.972 9.11903 110.66
      vertex 117.583 8.94458 112.264
      vertex 127.972 8.94458 112.264
    endloop
  endfacet
  facet normal 0 0.994138 0.108122
    outer loop
      vertex 117.583 8.94458 112.264
      vertex 127.972 9.11903 110.66
      vertex 117.583 9.11903 110.66
    endloop
  endfacet
  facet normal 0 0.996254 0.0864704
    outer loop
      vertex 127.972 8.94458 112.264
      vertex 117.583 8.80536 113.868
      vertex 127.972 8.80536 113.868
    endloop
  endfacet
  facet normal 0 0.996254 0.0864704
    outer loop
      vertex 117.583 8.80536 113.868
      vertex 127.972 8.94458 112.264
      vertex 117.583 8.94458 112.264
    endloop
  endfacet
  facet normal 0 0.998135 0.0610455
    outer loop
      vertex 127.972 8.80536 113.868
      vertex 117.583 8.70726 115.472
      vertex 127.972 8.70726 115.472
    endloop
  endfacet
  facet normal 0 0.998135 0.0610455
    outer loop
      vertex 117.583 8.70726 115.472
      vertex 127.972 8.80536 113.868
      vertex 117.583 8.80536 113.868
    endloop
  endfacet
  facet normal 0 0.999471 0.0325342
    outer loop
      vertex 127.972 8.70726 115.472
      vertex 117.583 8.65508 117.075
      vertex 127.972 8.65508 117.075
    endloop
  endfacet
  facet normal 0 0.999471 0.0325342
    outer loop
      vertex 117.583 8.65508 117.075
      vertex 127.972 8.70726 115.472
      vertex 117.583 8.70726 115.472
    endloop
  endfacet
  facet normal 0 0.999999 0.00164588
    outer loop
      vertex 127.972 8.65508 117.075
      vertex 117.583 8.65244 118.679
      vertex 127.972 8.65244 118.679
    endloop
  endfacet
  facet normal 0 0.999999 0.00164588
    outer loop
      vertex 117.583 8.65244 118.679
      vertex 127.972 8.65508 117.075
      vertex 117.583 8.65508 117.075
    endloop
  endfacet
  facet normal 0 0.999528 -0.0307087
    outer loop
      vertex 127.972 8.65244 118.679
      vertex 117.583 8.70172 120.283
      vertex 127.972 8.70172 120.283
    endloop
  endfacet
  facet normal 0 0.999528 -0.0307087
    outer loop
      vertex 117.583 8.70172 120.283
      vertex 127.972 8.65244 118.679
      vertex 117.583 8.65244 118.679
    endloop
  endfacet
  facet normal 0 0.997976 -0.0635992
    outer loop
      vertex 127.972 8.70172 120.283
      vertex 117.583 8.80394 121.887
      vertex 127.972 8.80394 121.887
    endloop
  endfacet
  facet normal 0 0.997976 -0.0635992
    outer loop
      vertex 117.583 8.80394 121.887
      vertex 127.972 8.70172 120.283
      vertex 117.583 8.70172 120.283
    endloop
  endfacet
  facet normal 0 0.99537 -0.0961177
    outer loop
      vertex 127.972 8.80394 121.887
      vertex 117.583 8.95883 123.491
      vertex 127.972 8.95883 123.491
    endloop
  endfacet
  facet normal 0 0.99537 -0.0961177
    outer loop
      vertex 117.583 8.95883 123.491
      vertex 127.972 8.80394 121.887
      vertex 117.583 8.80394 121.887
    endloop
  endfacet
  facet normal 0 0.991844 -0.127461
    outer loop
      vertex 127.972 8.95883 123.491
      vertex 117.583 9.16483 125.094
      vertex 127.972 9.16483 125.094
    endloop
  endfacet
  facet normal 0 0.991844 -0.127461
    outer loop
      vertex 117.583 9.16483 125.094
      vertex 127.972 8.95883 123.491
      vertex 117.583 8.95883 123.491
    endloop
  endfacet
  facet normal 0 0.987662 -0.156603
    outer loop
      vertex 127.972 9.16483 125.094
      vertex 117.583 9.41916 126.698
      vertex 127.972 9.41916 126.698
    endloop
  endfacet
  facet normal 0 0.987662 -0.156603
    outer loop
      vertex 117.583 9.41916 126.698
      vertex 127.972 9.16483 125.094
      vertex 117.583 9.16483 125.094
    endloop
  endfacet
  facet normal 0 0.983085 -0.183152
    outer loop
      vertex 127.972 9.41916 126.698
      vertex 117.583 9.71799 128.302
      vertex 127.972 9.71799 128.302
    endloop
  endfacet
  facet normal 0 0.983085 -0.183152
    outer loop
      vertex 117.583 9.71799 128.302
      vertex 127.972 9.41916 126.698
      vertex 117.583 9.41916 126.698
    endloop
  endfacet
  facet normal 0 0.978436 -0.206551
    outer loop
      vertex 127.972 9.71799 128.302
      vertex 117.583 10.0566 129.906
      vertex 127.972 10.0566 129.906
    endloop
  endfacet
  facet normal 0 0.978436 -0.206551
    outer loop
      vertex 117.583 10.0566 129.906
      vertex 127.972 9.71799 128.302
      vertex 117.583 9.71799 128.302
    endloop
  endfacet
  facet normal 0 0.97402 -0.226461
    outer loop
      vertex 127.972 10.0566 129.906
      vertex 117.583 10.4293 131.509
      vertex 127.972 10.4293 131.509
    endloop
  endfacet
  facet normal 0 0.97402 -0.226461
    outer loop
      vertex 117.583 10.4293 131.509
      vertex 127.972 10.0566 129.906
      vertex 117.583 10.0566 129.906
    endloop
  endfacet
  facet normal 0 0.970185 -0.242365
    outer loop
      vertex 127.972 10.4293 131.509
      vertex 117.583 10.83 133.113
      vertex 127.972 10.83 133.113
    endloop
  endfacet
  facet normal 0 0.970185 -0.242365
    outer loop
      vertex 117.583 10.83 133.113
      vertex 127.972 10.4293 131.509
      vertex 117.583 10.4293 131.509
    endloop
  endfacet
  facet normal 0 0.96706 -0.254547
    outer loop
      vertex 127.972 10.83 133.113
      vertex 117.583 11.2522 134.717
      vertex 127.972 11.2522 134.717
    endloop
  endfacet
  facet normal 0 0.96706 -0.254547
    outer loop
      vertex 117.583 11.2522 134.717
      vertex 127.972 10.83 133.113
      vertex 117.583 10.83 133.113
    endloop
  endfacet
  facet normal 0 0.964879 -0.262695
    outer loop
      vertex 127.972 11.2522 134.717
      vertex 117.583 11.6889 136.321
      vertex 127.972 11.6889 136.321
    endloop
  endfacet
  facet normal 0 0.964879 -0.262695
    outer loop
      vertex 117.583 11.6889 136.321
      vertex 127.972 11.2522 134.717
      vertex 117.583 11.2522 134.717
    endloop
  endfacet
  facet normal 0 0.963712 -0.266943
    outer loop
      vertex 127.972 11.6889 136.321
      vertex 117.583 12.1332 137.925
      vertex 127.972 12.1332 137.925
    endloop
  endfacet
  facet normal 0 0.963712 -0.266943
    outer loop
      vertex 117.583 12.1332 137.925
      vertex 127.972 11.6889 136.321
      vertex 117.583 11.6889 136.321
    endloop
  endfacet
  facet normal 0 0.963545 -0.267545
    outer loop
      vertex 127.972 12.1332 137.925
      vertex 117.583 12.5783 139.528
      vertex 127.972 12.5783 139.528
    endloop
  endfacet
  facet normal 0 0.963545 -0.267545
    outer loop
      vertex 117.583 12.5783 139.528
      vertex 127.972 12.1332 137.925
      vertex 117.583 12.1332 137.925
    endloop
  endfacet
  facet normal 0 0.964482 -0.26415
    outer loop
      vertex 127.972 12.5783 139.528
      vertex 117.583 13.0176 141.132
      vertex 127.972 13.0176 141.132
    endloop
  endfacet
  facet normal 0 0.964482 -0.26415
    outer loop
      vertex 117.583 13.0176 141.132
      vertex 127.972 12.5783 139.528
      vertex 117.583 12.5783 139.528
    endloop
  endfacet
  facet normal 0 0.96633 -0.257306
    outer loop
      vertex 127.972 13.0176 141.132
      vertex 117.583 13.4447 142.736
      vertex 127.972 13.4447 142.736
    endloop
  endfacet
  facet normal 0 0.96633 -0.257306
    outer loop
      vertex 117.583 13.4447 142.736
      vertex 127.972 13.0176 141.132
      vertex 117.583 13.0176 141.132
    endloop
  endfacet
  facet normal 0 0.96898 -0.247138
    outer loop
      vertex 127.972 13.4447 142.736
      vertex 117.583 13.8538 144.34
      vertex 127.972 13.8538 144.34
    endloop
  endfacet
  facet normal 0 0.96898 -0.247138
    outer loop
      vertex 117.583 13.8538 144.34
      vertex 127.972 13.4447 142.736
      vertex 117.583 13.4447 142.736
    endloop
  endfacet
  facet normal 0 0.972252 -0.233935
    outer loop
      vertex 127.972 13.8538 144.34
      vertex 117.583 14.2395 145.943
      vertex 127.972 14.2395 145.943
    endloop
  endfacet
  facet normal 0 0.972252 -0.233935
    outer loop
      vertex 117.583 14.2395 145.943
      vertex 127.972 13.8538 144.34
      vertex 117.583 13.8538 144.34
    endloop
  endfacet
  facet normal 0 0.976025 -0.217658
    outer loop
      vertex 127.972 14.2395 145.943
      vertex 117.583 14.5972 147.547
      vertex 127.972 14.5972 147.547
    endloop
  endfacet
  facet normal 0 0.976025 -0.217658
    outer loop
      vertex 117.583 14.5972 147.547
      vertex 127.972 14.2395 145.943
      vertex 117.583 14.2395 145.943
    endloop
  endfacet
  facet normal 0 0.980013 -0.198935
    outer loop
      vertex 127.972 14.5972 147.547
      vertex 117.583 14.9228 149.151
      vertex 127.972 14.9228 149.151
    endloop
  endfacet
  facet normal 0 0.980013 -0.198935
    outer loop
      vertex 117.583 14.9228 149.151
      vertex 127.972 14.5972 147.547
      vertex 117.583 14.5972 147.547
    endloop
  endfacet
  facet normal 0 0.984046 -0.177914
    outer loop
      vertex 127.972 14.9228 149.151
      vertex 117.583 15.2128 150.755
      vertex 127.972 15.2128 150.755
    endloop
  endfacet
  facet normal 0 0.984046 -0.177914
    outer loop
      vertex 117.583 15.2128 150.755
      vertex 127.972 14.9228 149.151
      vertex 117.583 14.9228 149.151
    endloop
  endfacet
  facet normal 0 0.987915 -0.154997
    outer loop
      vertex 127.972 15.2128 150.755
      vertex 117.583 15.4643 152.358
      vertex 127.972 15.4643 152.358
    endloop
  endfacet
  facet normal 0 0.987915 -0.154997
    outer loop
      vertex 117.583 15.4643 152.358
      vertex 127.972 15.2128 150.755
      vertex 117.583 15.2128 150.755
    endloop
  endfacet
  facet normal 0 0.991451 -0.130483
    outer loop
      vertex 127.972 15.4643 152.358
      vertex 117.583 15.6754 153.962
      vertex 127.972 15.6754 153.962
    endloop
  endfacet
  facet normal 0 0.991451 -0.130483
    outer loop
      vertex 117.583 15.6754 153.962
      vertex 127.972 15.4643 152.358
      vertex 117.583 15.4643 152.358
    endloop
  endfacet
  facet normal 0 0.994495 -0.104782
    outer loop
      vertex 127.972 15.6754 153.962
      vertex 117.583 15.8444 155.566
      vertex 127.972 15.8444 155.566
    endloop
  endfacet
  facet normal 0 0.994495 -0.104782
    outer loop
      vertex 117.583 15.8444 155.566
      vertex 127.972 15.6754 153.962
      vertex 117.583 15.6754 153.962
    endloop
  endfacet
  facet normal 0 0.996934 -0.0782506
    outer loop
      vertex 127.972 15.8444 155.566
      vertex 117.583 15.9703 157.17
      vertex 127.972 15.9703 157.17
    endloop
  endfacet
  facet normal 0 0.996934 -0.0782506
    outer loop
      vertex 117.583 15.9703 157.17
      vertex 127.972 15.8444 155.566
      vertex 117.583 15.8444 155.566
    endloop
  endfacet
  facet normal 0 0.998677 -0.0514281
    outer loop
      vertex 127.972 15.9703 157.17
      vertex 117.583 16.0529 158.774
      vertex 127.972 16.0529 158.774
    endloop
  endfacet
  facet normal 0 0.998677 -0.0514281
    outer loop
      vertex 117.583 16.0529 158.774
      vertex 127.972 15.9703 157.17
      vertex 117.583 15.9703 157.17
    endloop
  endfacet
  facet normal 0 0.9997 -0.0245092
    outer loop
      vertex 127.972 16.0529 158.774
      vertex 117.583 16.0922 160.377
      vertex 127.972 16.0922 160.377
    endloop
  endfacet
  facet normal 0 0.9997 -0.0245092
    outer loop
      vertex 117.583 16.0922 160.377
      vertex 127.972 16.0529 158.774
      vertex 117.583 16.0529 158.774
    endloop
  endfacet
  facet normal 0 0.999998 0.0021197
    outer loop
      vertex 127.972 16.0922 160.377
      vertex 117.583 16.0888 161.981
      vertex 127.972 16.0888 161.981
    endloop
  endfacet
  facet normal 0 0.999998 0.0021197
    outer loop
      vertex 117.583 16.0888 161.981
      vertex 127.972 16.0922 160.377
      vertex 117.583 16.0922 160.377
    endloop
  endfacet
  facet normal 0 0.999601 0.0282306
    outer loop
      vertex 127.972 16.0888 161.981
      vertex 117.583 16.0435 163.585
      vertex 127.972 16.0435 163.585
    endloop
  endfacet
  facet normal 0 0.999601 0.0282306
    outer loop
      vertex 117.583 16.0435 163.585
      vertex 127.972 16.0888 161.981
      vertex 117.583 16.0888 161.981
    endloop
  endfacet
  facet normal 0 0.998576 0.0533528
    outer loop
      vertex 127.972 16.0435 163.585
      vertex 117.583 15.9578 165.189
      vertex 127.972 15.9578 165.189
    endloop
  endfacet
  facet normal 0 0.998576 0.0533528
    outer loop
      vertex 117.583 15.9578 165.189
      vertex 127.972 16.0435 163.585
      vertex 117.583 16.0435 163.585
    endloop
  endfacet
  facet normal 0 0.996993 0.0774955
    outer loop
      vertex 127.972 15.9578 165.189
      vertex 117.583 15.8332 166.792
      vertex 127.972 15.8332 166.792
    endloop
  endfacet
  facet normal 0 0.996993 0.0774955
    outer loop
      vertex 117.583 15.8332 166.792
      vertex 127.972 15.9578 165.189
      vertex 117.583 15.9578 165.189
    endloop
  endfacet
  facet normal 0 0.994957 0.100302
    outer loop
      vertex 127.972 15.8332 166.792
      vertex 117.583 15.6715 168.396
      vertex 127.972 15.6715 168.396
    endloop
  endfacet
  facet normal 0 0.994957 0.100302
    outer loop
      vertex 117.583 15.6715 168.396
      vertex 127.972 15.8332 166.792
      vertex 117.583 15.8332 166.792
    endloop
  endfacet
  facet normal 0 0.992565 0.121719
    outer loop
      vertex 127.972 15.6715 168.396
      vertex 117.583 15.4748 170
      vertex 127.972 15.4748 170
    endloop
  endfacet
  facet normal 0 0.992565 0.121719
    outer loop
      vertex 117.583 15.4748 170
      vertex 127.972 15.6715 168.396
      vertex 117.583 15.6715 168.396
    endloop
  endfacet
  facet normal 0 0.933215 -0.359318
    outer loop
      vertex 127.972 10.975 0
      vertex 117.583 11.5925 1.60376
      vertex 127.972 11.5925 1.60376
    endloop
  endfacet
  facet normal 0 0.933215 -0.359318
    outer loop
      vertex 117.583 11.5925 1.60376
      vertex 127.972 10.975 0
      vertex 117.583 10.975 0
    endloop
  endfacet
  facet normal -1 0 0
    outer loop
      vertex 136.472 13.1357 24.0566
      vertex 136.472 13.102 27.2641
      vertex 136.472 13.1527 25.6604
    endloop
  endfacet
  facet normal -1 0 0
    outer loop
      vertex 136.472 0 0
      vertex 136.472 13.1357 24.0566
      vertex 136.472 13.0488 22.4528
    endloop
  endfacet
  facet normal -1 -0 0
    outer loop
      vertex 136.472 13.1357 24.0566
      vertex 136.472 0 0
      vertex 136.472 13.102 27.2641
    endloop
  endfacet
  facet normal -1 0 0
    outer loop
      vertex 136.472 0 0
      vertex 136.472 13.0488 22.4528
      vertex 136.472 12.8905 20.849
    endloop
  endfacet
  facet normal -1 -0 0
    outer loop
      vertex 136.472 13.102 27.2641
      vertex 136.472 0 0
      vertex 136.472 12.9871 28.8679
    endloop
  endfacet
  facet normal -1 0 0
    outer loop
      vertex 136.472 0 0
      vertex 136.472 12.8905 20.849
      vertex 136.472 12.6609 19.2453
    endloop
  endfacet
  facet normal -1 -0 0
    outer loop
      vertex 136.472 12.9871 28.8679
      vertex 136.472 0 0
      vertex 136.472 12.8122 30.4717
    endloop
  endfacet
  facet normal -1 0 0
    outer loop
      vertex 136.472 0 0
      vertex 136.472 12.6609 19.2453
      vertex 136.472 12.3609 17.6415
    endloop
  endfacet
  facet normal -1 -0 0
    outer loop
      vertex 136.472 12.8122 30.4717
      vertex 136.472 0 0
      vertex 136.472 12.5825 32.0755
    endloop
  endfacet
  facet normal -1 0 0
    outer loop
      vertex 136.472 0 0
      vertex 136.472 12.3609 17.6415
      vertex 136.472 11.9928 16.0377
    endloop
  endfacet
  facet normal -1 -0 0
    outer loop
      vertex 136.472 12.5825 32.0755
      vertex 136.472 0 0
      vertex 136.472 12.3039 33.6792
    endloop
  endfacet
  facet normal -1 -0 0
    outer loop
      vertex 136.472 12.3039 33.6792
      vertex 136.472 0 0
      vertex 136.472 11.9827 35.283
    endloop
  endfacet
  facet normal -1 0 0
    outer loop
      vertex 136.472 0 0
      vertex 136.472 11.9928 16.0377
      vertex 136.472 11.5602 14.434
    endloop
  endfacet
  facet normal -1 -0 0
    outer loop
      vertex 136.472 11.9827 35.283
      vertex 136.472 0 0
      vertex 136.472 11.6258 36.8868
    endloop
  endfacet
  facet normal -1 0 0
    outer loop
      vertex 136.472 0 0
      vertex 136.472 11.5602 14.434
      vertex 136.472 11.0676 12.8302
    endloop
  endfacet
  facet normal -1 -0 0
    outer loop
      vertex 136.472 11.6258 36.8868
      vertex 136.472 0 0
      vertex 136.472 11.2403 38.4906
    endloop
  endfacet
  facet normal -1 0 0
    outer loop
      vertex 136.472 0 0
      vertex 136.472 11.0676 12.8302
      vertex 136.472 10.521 11.2264
    endloop
  endfacet
  facet normal -1 -0 0
    outer loop
      vertex 136.472 11.2403 38.4906
      vertex 136.472 0 0
      vertex 136.472 10.8336 40.0943
    endloop
  endfacet
  facet normal -1 -0 0
    outer loop
      vertex 136.472 10.8336 40.0943
      vertex 136.472 0 0
      vertex 136.472 10.4129 41.6981
    endloop
  endfacet
  facet normal -1 0 0
    outer loop
      vertex 136.472 0 0
      vertex 136.472 10.521 11.2264
      vertex 136.472 9.92728 9.62263
    endloop
  endfacet
  facet normal -1 -0 0
    outer loop
      vertex 136.472 10.4129 41.6981
      vertex 136.472 0 0
      vertex 136.472 9.9854 43.3019
    endloop
  endfacet
  facet normal -1 0 0
    outer loop
      vertex 136.472 0 0
      vertex 136.472 9.92728 9.62263
      vertex 136.472 9.29427 8.01886
    endloop
  endfacet
  facet normal -1 -0 0
    outer loop
      vertex 136.472 9.9854 43.3019
      vertex 136.472 0 0
      vertex 136.472 9.55814 44.9057
    endloop
  endfacet
  facet normal -1 -0 0
    outer loop
      vertex 136.472 9.55814 44.9057
      vertex 136.472 0 0
      vertex 136.472 9.13771 46.5094
    endloop
  endfacet
  facet normal -1 0 0
    outer loop
      vertex 136.472 0 0
      vertex 136.472 9.29427 8.01886
      vertex 136.472 8.63077 6.41508
    endloop
  endfacet
  facet normal -1 -0 0
    outer loop
      vertex 136.472 9.13771 46.5094
      vertex 136.472 0 0
      vertex 136.472 8.73022 48.1132
    endloop
  endfacet
  facet normal -1 -0 0
    outer loop
      vertex 136.472 8.73022 48.1132
      vertex 136.472 0 0
      vertex 136.472 8.34128 49.717
    endloop
  endfacet
  facet normal -1 0 0
    outer loop
      vertex 136.472 0 0
      vertex 136.472 8.63077 6.41508
      vertex 136.472 7.94635 4.81131
    endloop
  endfacet
  facet normal -1 -0 0
    outer loop
      vertex 136.472 8.34128 49.717
      vertex 136.472 0 0
      vertex 136.472 7.9758 51.3207
    endloop
  endfacet
  facet normal -1 -0 0
    outer loop
      vertex 136.472 7.9758 51.3207
      vertex 136.472 0 0
      vertex 136.472 7.63802 52.9245
    endloop
  endfacet
  facet normal -1 0 0
    outer loop
      vertex 136.472 0 0
      vertex 136.472 7.94635 4.81131
      vertex 136.472 7.25114 3.20753
    endloop
  endfacet
  facet normal -1 -0 0
    outer loop
      vertex 136.472 7.63802 52.9245
      vertex 136.472 0 0
      vertex 136.472 7.33141 54.5283
    endloop
  endfacet
  facet normal -1 -0 0
    outer loop
      vertex 136.472 7.33141 54.5283
      vertex 136.472 0 0
      vertex 136.472 7.05869 56.1321
    endloop
  endfacet
  facet normal -1 -0 0
    outer loop
      vertex 136.472 7.05869 56.1321
      vertex 136.472 0 0
      vertex 136.472 6.82179 57.7358
    endloop
  endfacet
  facet normal -1 0 0
    outer loop
      vertex 136.472 0 0
      vertex 136.472 7.25114 3.20753
      vertex 136.472 6.55576 1.60376
    endloop
  endfacet
  facet normal -1 -0 0
    outer loop
      vertex 136.472 6.82179 57.7358
      vertex 136.472 0 0
      vertex 136.472 6.62189 59.3396
    endloop
  endfacet
  facet normal -1 -0 0
    outer loop
      vertex 136.472 6.62189 59.3396
      vertex 136.472 0 0
      vertex 136.472 6.45941 60.9434
    endloop
  endfacet
  facet normal -1 -0 0
    outer loop
      vertex 136.472 6.45941 60.9434
      vertex 136.472 0 0
      vertex 136.472 6.33411 62.5472
    endloop
  endfacet
  facet normal -1 -0 0
    outer loop
      vertex 136.472 6.33411 62.5472
      vertex 136.472 0 0
      vertex 136.472 6.24509 64.1509
    endloop
  endfacet
  facet normal -1 -0 0
    outer loop
      vertex 136.472 6.24509 64.1509
      vertex 136.472 0 0
      vertex 136.472 6.19092 65.7547
    endloop
  endfacet
  facet normal -1 0 0
    outer loop
      vertex 136.472 0 0
      vertex 136.472 6.55576 1.60376
      vertex 136.472 5.87106 0
    endloop
  endfacet
  facet normal -1 0 0
    outer loop
      vertex 136.472 0 170
      vertex 136.472 15.896 144.34
      vertex 136.472 15.8941 142.736
    endloop
  endfacet
  facet normal -1 0 0
    outer loop
      vertex 136.472 0 170
      vertex 136.472 15.8941 142.736
      vertex 136.472 15.8565 141.132
    endloop
  endfacet
  facet normal -1 0 0
    outer loop
      vertex 136.472 15.896 144.34
      vertex 136.472 0 170
      vertex 136.472 15.8622 145.943
    endloop
  endfacet
  facet normal -1 0 0
    outer loop
      vertex 136.472 0 170
      vertex 136.472 15.8565 141.132
      vertex 136.472 15.7837 139.528
    endloop
  endfacet
  facet normal -1 0 0
    outer loop
      vertex 136.472 15.8622 145.943
      vertex 136.472 0 170
      vertex 136.472 15.7932 147.547
    endloop
  endfacet
  facet normal -1 0 0
    outer loop
      vertex 136.472 0 170
      vertex 136.472 15.7837 139.528
      vertex 136.472 15.6764 137.925
    endloop
  endfacet
  facet normal -1 0 0
    outer loop
      vertex 136.472 15.7932 147.547
      vertex 136.472 0 170
      vertex 136.472 15.6896 149.151
    endloop
  endfacet
  facet normal -1 0 0
    outer loop
      vertex 136.472 0 170
      vertex 136.472 15.6764 137.925
      vertex 136.472 15.5358 136.321
    endloop
  endfacet
  facet normal -1 0 0
    outer loop
      vertex 136.472 15.6896 149.151
      vertex 136.472 0 170
      vertex 136.472 15.5526 150.755
    endloop
  endfacet
  facet normal -1 0 0
    outer loop
      vertex 136.472 0 170
      vertex 136.472 15.5358 136.321
      vertex 136.472 15.3636 134.717
    endloop
  endfacet
  facet normal -1 0 0
    outer loop
      vertex 136.472 15.5526 150.755
      vertex 136.472 0 170
      vertex 136.472 15.3835 152.358
    endloop
  endfacet
  facet normal -1 0 0
    outer loop
      vertex 136.472 0 170
      vertex 136.472 15.3636 134.717
      vertex 136.472 15.1618 133.113
    endloop
  endfacet
  facet normal -1 0 0
    outer loop
      vertex 136.472 15.3835 152.358
      vertex 136.472 0 170
      vertex 136.472 15.1838 153.962
    endloop
  endfacet
  facet normal -1 0 0
    outer loop
      vertex 136.472 0 170
      vertex 136.472 15.1618 133.113
      vertex 136.472 14.9328 131.509
    endloop
  endfacet
  facet normal -1 0 0
    outer loop
      vertex 136.472 15.1838 153.962
      vertex 136.472 0 170
      vertex 136.472 14.9554 155.566
    endloop
  endfacet
  facet normal -1 0 0
    outer loop
      vertex 136.472 0 170
      vertex 136.472 14.9328 131.509
      vertex 136.472 14.6793 129.906
    endloop
  endfacet
  facet normal -1 0 0
    outer loop
      vertex 136.472 14.9554 155.566
      vertex 136.472 0 170
      vertex 136.472 14.7004 157.17
    endloop
  endfacet
  facet normal -1 0 0
    outer loop
      vertex 136.472 0 170
      vertex 136.472 14.6793 129.906
      vertex 136.472 14.4042 128.302
    endloop
  endfacet
  facet normal -1 0 0
    outer loop
      vertex 136.472 14.7004 157.17
      vertex 136.472 0 170
      vertex 136.472 14.4207 158.774
    endloop
  endfacet
  facet normal -1 0 0
    outer loop
      vertex 136.472 0 170
      vertex 136.472 14.4042 128.302
      vertex 136.472 14.1108 126.698
    endloop
  endfacet
  facet normal -1 0 0
    outer loop
      vertex 136.472 0 170
      vertex 136.472 14.1108 126.698
      vertex 136.472 13.8024 125.094
    endloop
  endfacet
  facet normal -1 0 0
    outer loop
      vertex 136.472 14.4207 158.774
      vertex 136.472 0 170
      vertex 136.472 14.1187 160.377
    endloop
  endfacet
  facet normal -1 0 0
    outer loop
      vertex 136.472 0 170
      vertex 136.472 13.8024 125.094
      vertex 136.472 13.4825 123.491
    endloop
  endfacet
  facet normal -1 0 0
    outer loop
      vertex 136.472 14.1187 160.377
      vertex 136.472 0 170
      vertex 136.472 13.7966 161.981
    endloop
  endfacet
  facet normal -1 0 0
    outer loop
      vertex 136.472 0 170
      vertex 136.472 13.4825 123.491
      vertex 136.472 13.1544 121.887
    endloop
  endfacet
  facet normal -1 0 0
    outer loop
      vertex 136.472 13.7966 161.981
      vertex 136.472 0 170
      vertex 136.472 13.4569 163.585
    endloop
  endfacet
  facet normal -1 0 0
    outer loop
      vertex 136.472 0 170
      vertex 136.472 13.1544 121.887
      vertex 136.472 12.8216 120.283
    endloop
  endfacet
  facet normal -1 0 0
    outer loop
      vertex 136.472 13.4569 163.585
      vertex 136.472 0 170
      vertex 136.472 13.1017 165.189
    endloop
  endfacet
  facet normal -1 0 0
    outer loop
      vertex 136.472 0 170
      vertex 136.472 12.8216 120.283
      vertex 136.472 12.4873 118.679
    endloop
  endfacet
  facet normal -1 0 0
    outer loop
      vertex 136.472 13.1017 165.189
      vertex 136.472 0 170
      vertex 136.472 12.7336 166.792
    endloop
  endfacet
  facet normal -1 0 0
    outer loop
      vertex 136.472 0 170
      vertex 136.472 12.4873 118.679
      vertex 136.472 12.1544 117.075
    endloop
  endfacet
  facet normal -1 0 0
    outer loop
      vertex 136.472 12.7336 166.792
      vertex 136.472 0 170
      vertex 136.472 12.3548 168.396
    endloop
  endfacet
  facet normal -1 0 0
    outer loop
      vertex 136.472 0 170
      vertex 136.472 12.1544 117.075
      vertex 136.472 11.8257 115.472
    endloop
  endfacet
  facet normal -1 0 0
    outer loop
      vertex 136.472 0 170
      vertex 136.472 11.8257 115.472
      vertex 136.472 11.5034 113.868
    endloop
  endfacet
  facet normal -1 0 0
    outer loop
      vertex 136.472 0 170
      vertex 136.472 11.5034 113.868
      vertex 136.472 11.1897 112.264
    endloop
  endfacet
  facet normal -1 0 0
    outer loop
      vertex 136.472 0 170
      vertex 136.472 11.1897 112.264
      vertex 136.472 10.8859 110.66
    endloop
  endfacet
  facet normal -1 0 0
    outer loop
      vertex 136.472 0 170
      vertex 136.472 10.8859 110.66
      vertex 136.472 10.5934 109.057
    endloop
  endfacet
  facet normal -1 0 0
    outer loop
      vertex 136.472 0 170
      vertex 136.472 10.5934 109.057
      vertex 136.472 10.3127 107.453
    endloop
  endfacet
  facet normal -1 0 0
    outer loop
      vertex 136.472 0 170
      vertex 136.472 10.3127 107.453
      vertex 136.472 10.0442 105.849
    endloop
  endfacet
  facet normal -1 0 0
    outer loop
      vertex 136.472 0 170
      vertex 136.472 10.0442 105.849
      vertex 136.472 9.78773 104.245
    endloop
  endfacet
  facet normal -1 0 0
    outer loop
      vertex 136.472 0 170
      vertex 136.472 9.78773 104.245
      vertex 136.472 9.54289 102.641
    endloop
  endfacet
  facet normal -1 0 0
    outer loop
      vertex 136.472 0 170
      vertex 136.472 9.54289 102.641
      vertex 136.472 9.30899 101.038
    endloop
  endfacet
  facet normal -1 0 0
    outer loop
      vertex 136.472 0 170
      vertex 136.472 9.30899 101.038
      vertex 136.472 9.08508 99.434
    endloop
  endfacet
  facet normal -1 0 0
    outer loop
      vertex 136.472 0 170
      vertex 136.472 9.08508 99.434
      vertex 136.472 8.87012 97.8302
    endloop
  endfacet
  facet normal -1 0 0
    outer loop
      vertex 136.472 0 170
      vertex 136.472 8.87012 97.8302
      vertex 136.472 8.66296 96.2264
    endloop
  endfacet
  facet normal -1 0 0
    outer loop
      vertex 136.472 0 170
      vertex 136.472 8.66296 96.2264
      vertex 136.472 8.46252 94.6226
    endloop
  endfacet
  facet normal -1 0 0
    outer loop
      vertex 136.472 0 170
      vertex 136.472 8.46252 94.6226
      vertex 136.472 8.26776 93.0189
    endloop
  endfacet
  facet normal -1 0 0
    outer loop
      vertex 136.472 0 170
      vertex 136.472 8.26776 93.0189
      vertex 136.472 8.07784 91.4151
    endloop
  endfacet
  facet normal -1 0 0
    outer loop
      vertex 136.472 0 170
      vertex 136.472 8.07784 91.4151
      vertex 136.472 7.89209 89.8113
    endloop
  endfacet
  facet normal -1 0 0
    outer loop
      vertex 136.472 0 170
      vertex 136.472 7.89209 89.8113
      vertex 136.472 7.71021 88.2075
    endloop
  endfacet
  facet normal -1 0 0
    outer loop
      vertex 136.472 0 170
      vertex 136.472 7.71021 88.2075
      vertex 136.472 7.53212 86.6038
    endloop
  endfacet
  facet normal -1 0 0
    outer loop
      vertex 136.472 0 170
      vertex 136.472 7.53212 86.6038
      vertex 136.472 7.3582 85
    endloop
  endfacet
  facet normal -1 0 0
    outer loop
      vertex 136.472 0 170
      vertex 136.472 7.3582 85
      vertex 136.472 7.18915 83.3962
    endloop
  endfacet
  facet normal -1 0 0
    outer loop
      vertex 136.472 0 170
      vertex 136.472 7.18915 83.3962
      vertex 136.472 7.02606 81.7924
    endloop
  endfacet
  facet normal -1 0 0
    outer loop
      vertex 136.472 0 170
      vertex 136.472 7.02606 81.7924
      vertex 136.472 6.87042 80.1887
    endloop
  endfacet
  facet normal -1 0 0
    outer loop
      vertex 136.472 0 170
      vertex 136.472 6.87042 80.1887
      vertex 136.472 6.72409 78.5849
    endloop
  endfacet
  facet normal -1 0 0
    outer loop
      vertex 136.472 0 170
      vertex 136.472 6.72409 78.5849
      vertex 136.472 6.58922 76.9811
    endloop
  endfacet
  facet normal -1 0 0
    outer loop
      vertex 136.472 0 170
      vertex 136.472 6.58922 76.9811
      vertex 136.472 6.46828 75.3773
    endloop
  endfacet
  facet normal -1 0 0
    outer loop
      vertex 136.472 0 170
      vertex 136.472 6.46828 75.3773
      vertex 136.472 6.36392 73.7736
    endloop
  endfacet
  facet normal -1 -0 0
    outer loop
      vertex 136.472 6.19092 65.7547
      vertex 136.472 0 0
      vertex 136.472 6.16966 67.3585
    endloop
  endfacet
  facet normal -1 0 0
    outer loop
      vertex 136.472 0 0
      vertex 136.472 6.17902 68.9622
      vertex 136.472 6.16966 67.3585
    endloop
  endfacet
  facet normal -1 0 0
    outer loop
      vertex 136.472 0 0
      vertex 136.472 6.21638 70.566
      vertex 136.472 6.17902 68.9622
    endloop
  endfacet
  facet normal -1 0 0
    outer loop
      vertex 136.472 0 170
      vertex 136.472 6.21638 70.566
      vertex 136.472 0 0
    endloop
  endfacet
  facet normal -1 0 0
    outer loop
      vertex 136.472 6.21638 70.566
      vertex 136.472 0 170
      vertex 136.472 6.27899 72.1698
    endloop
  endfacet
  facet normal -1 0 0
    outer loop
      vertex 136.472 6.27899 72.1698
      vertex 136.472 0 170
      vertex 136.472 6.36392 73.7736
    endloop
  endfacet
  facet normal -1 0 0
    outer loop
      vertex 136.472 12.3548 168.396
      vertex 136.472 0 170
      vertex 136.472 11.9676 170
    endloop
  endfacet
  facet normal 1 0 0
    outer loop
      vertex 146.861 0 170
      vertex 146.861 15.896 144.34
      vertex 146.861 15.8622 145.943
    endloop
  endfacet
  facet normal 1 0 0
    outer loop
      vertex 146.861 15.896 144.34
      vertex 146.861 0 170
      vertex 146.861 15.8941 142.736
    endloop
  endfacet
  facet normal 1 0 0
    outer loop
      vertex 146.861 0 170
      vertex 146.861 15.8622 145.943
      vertex 146.861 15.7932 147.547
    endloop
  endfacet
  facet normal 1 0 0
    outer loop
      vertex 146.861 15.8941 142.736
      vertex 146.861 0 170
      vertex 146.861 15.8565 141.132
    endloop
  endfacet
  facet normal 1 0 0
    outer loop
      vertex 146.861 0 170
      vertex 146.861 15.7932 147.547
      vertex 146.861 15.6896 149.151
    endloop
  endfacet
  facet normal 1 0 0
    outer loop
      vertex 146.861 15.8565 141.132
      vertex 146.861 0 170
      vertex 146.861 15.7837 139.528
    endloop
  endfacet
  facet normal 1 0 0
    outer loop
      vertex 146.861 0 170
      vertex 146.861 15.6896 149.151
      vertex 146.861 15.5526 150.755
    endloop
  endfacet
  facet normal 1 0 0
    outer loop
      vertex 146.861 15.7837 139.528
      vertex 146.861 0 170
      vertex 146.861 15.6764 137.925
    endloop
  endfacet
  facet normal 1 0 0
    outer loop
      vertex 146.861 0 170
      vertex 146.861 15.5526 150.755
      vertex 146.861 15.3835 152.358
    endloop
  endfacet
  facet normal 1 0 0
    outer loop
      vertex 146.861 15.6764 137.925
      vertex 146.861 0 170
      vertex 146.861 15.5358 136.321
    endloop
  endfacet
  facet normal 1 0 0
    outer loop
      vertex 146.861 0 170
      vertex 146.861 15.3835 152.358
      vertex 146.861 15.1838 153.962
    endloop
  endfacet
  facet normal 1 0 0
    outer loop
      vertex 146.861 15.5358 136.321
      vertex 146.861 0 170
      vertex 146.861 15.3636 134.717
    endloop
  endfacet
  facet normal 1 0 0
    outer loop
      vertex 146.861 0 170
      vertex 146.861 15.1838 153.962
      vertex 146.861 14.9554 155.566
    endloop
  endfacet
  facet normal 1 0 0
    outer loop
      vertex 146.861 15.3636 134.717
      vertex 146.861 0 170
      vertex 146.861 15.1618 133.113
    endloop
  endfacet
  facet normal 1 0 0
    outer loop
      vertex 146.861 0 170
      vertex 146.861 14.9554 155.566
      vertex 146.861 14.7004 157.17
    endloop
  endfacet
  facet normal 1 0 0
    outer loop
      vertex 146.861 15.1618 133.113
      vertex 146.861 0 170
      vertex 146.861 14.9328 131.509
    endloop
  endfacet
  facet normal 1 0 0
    outer loop
      vertex 146.861 0 170
      vertex 146.861 14.7004 157.17
      vertex 146.861 14.4207 158.774
    endloop
  endfacet
  facet normal 1 0 0
    outer loop
      vertex 146.861 14.9328 131.509
      vertex 146.861 0 170
      vertex 146.861 14.6793 129.906
    endloop
  endfacet
  facet normal 1 0 0
    outer loop
      vertex 146.861 0 170
      vertex 146.861 14.4207 158.774
      vertex 146.861 14.1187 160.377
    endloop
  endfacet
  facet normal 1 0 0
    outer loop
      vertex 146.861 14.6793 129.906
      vertex 146.861 0 170
      vertex 146.861 14.4042 128.302
    endloop
  endfacet
  facet normal 1 0 0
    outer loop
      vertex 146.861 14.4042 128.302
      vertex 146.861 0 170
      vertex 146.861 14.1108 126.698
    endloop
  endfacet
  facet normal 1 0 0
    outer loop
      vertex 146.861 0 170
      vertex 146.861 14.1187 160.377
      vertex 146.861 13.7966 161.981
    endloop
  endfacet
  facet normal 1 0 0
    outer loop
      vertex 146.861 14.1108 126.698
      vertex 146.861 0 170
      vertex 146.861 13.8024 125.094
    endloop
  endfacet
  facet normal 1 0 0
    outer loop
      vertex 146.861 0 170
      vertex 146.861 13.7966 161.981
      vertex 146.861 13.4569 163.585
    endloop
  endfacet
  facet normal 1 0 0
    outer loop
      vertex 146.861 13.8024 125.094
      vertex 146.861 0 170
      vertex 146.861 13.4825 123.491
    endloop
  endfacet
  facet normal 1 0 0
    outer loop
      vertex 146.861 0 170
      vertex 146.861 13.4569 163.585
      vertex 146.861 13.1017 165.189
    endloop
  endfacet
  facet normal 1 0 0
    outer loop
      vertex 146.861 13.4825 123.491
      vertex 146.861 0 170
      vertex 146.861 13.1544 121.887
    endloop
  endfacet
  facet normal 1 0 0
    outer loop
      vertex 146.861 0 170
      vertex 146.861 13.1017 165.189
      vertex 146.861 12.7336 166.792
    endloop
  endfacet
  facet normal 1 0 0
    outer loop
      vertex 146.861 13.1544 121.887
      vertex 146.861 0 170
      vertex 146.861 12.8216 120.283
    endloop
  endfacet
  facet normal 1 0 0
    outer loop
      vertex 146.861 0 170
      vertex 146.861 12.7336 166.792
      vertex 146.861 12.3548 168.396
    endloop
  endfacet
  facet normal 1 0 0
    outer loop
      vertex 146.861 12.8216 120.283
      vertex 146.861 0 170
      vertex 146.861 12.4873 118.679
    endloop
  endfacet
  facet normal 1 -0 0
    outer loop
      vertex 146.861 0 170
      vertex 146.861 12.3548 168.396
      vertex 146.861 11.9676 170
    endloop
  endfacet
  facet normal 1 0 0
    outer loop
      vertex 146.861 12.4873 118.679
      vertex 146.861 0 170
      vertex 146.861 12.1544 117.075
    endloop
  endfacet
  facet normal 1 0 0
    outer loop
      vertex 146.861 12.1544 117.075
      vertex 146.861 0 170
      vertex 146.861 11.8257 115.472
    endloop
  endfacet
  facet normal 1 0 0
    outer loop
      vertex 146.861 11.8257 115.472
      vertex 146.861 0 170
      vertex 146.861 11.5034 113.868
    endloop
  endfacet
  facet normal 1 0 0
    outer loop
      vertex 146.861 11.5034 113.868
      vertex 146.861 0 170
      vertex 146.861 11.1897 112.264
    endloop
  endfacet
  facet normal 1 0 0
    outer loop
      vertex 146.861 11.1897 112.264
      vertex 146.861 0 170
      vertex 146.861 10.8859 110.66
    endloop
  endfacet
  facet normal 1 0 0
    outer loop
      vertex 146.861 10.8859 110.66
      vertex 146.861 0 170
      vertex 146.861 10.5934 109.057
    endloop
  endfacet
  facet normal 1 0 0
    outer loop
      vertex 146.861 10.5934 109.057
      vertex 146.861 0 170
      vertex 146.861 10.3127 107.453
    endloop
  endfacet
  facet normal 1 0 0
    outer loop
      vertex 146.861 10.3127 107.453
      vertex 146.861 0 170
      vertex 146.861 10.0442 105.849
    endloop
  endfacet
  facet normal 1 0 0
    outer loop
      vertex 146.861 10.0442 105.849
      vertex 146.861 0 170
      vertex 146.861 9.78773 104.245
    endloop
  endfacet
  facet normal 1 0 0
    outer loop
      vertex 146.861 9.78773 104.245
      vertex 146.861 0 170
      vertex 146.861 9.54289 102.641
    endloop
  endfacet
  facet normal 1 0 0
    outer loop
      vertex 146.861 9.54289 102.641
      vertex 146.861 0 170
      vertex 146.861 9.30899 101.038
    endloop
  endfacet
  facet normal 1 0 0
    outer loop
      vertex 146.861 9.30899 101.038
      vertex 146.861 0 170
      vertex 146.861 9.08508 99.434
    endloop
  endfacet
  facet normal 1 0 0
    outer loop
      vertex 146.861 9.08508 99.434
      vertex 146.861 0 170
      vertex 146.861 8.87012 97.8302
    endloop
  endfacet
  facet normal 1 0 0
    outer loop
      vertex 146.861 8.87012 97.8302
      vertex 146.861 0 170
      vertex 146.861 8.66296 96.2264
    endloop
  endfacet
  facet normal 1 0 0
    outer loop
      vertex 146.861 8.66296 96.2264
      vertex 146.861 0 170
      vertex 146.861 8.46252 94.6226
    endloop
  endfacet
  facet normal 1 0 0
    outer loop
      vertex 146.861 8.46252 94.6226
      vertex 146.861 0 170
      vertex 146.861 8.26776 93.0189
    endloop
  endfacet
  facet normal 1 0 0
    outer loop
      vertex 146.861 8.26776 93.0189
      vertex 146.861 0 170
      vertex 146.861 8.07784 91.4151
    endloop
  endfacet
  facet normal 1 0 0
    outer loop
      vertex 146.861 8.07784 91.4151
      vertex 146.861 0 170
      vertex 146.861 7.89209 89.8113
    endloop
  endfacet
  facet normal 1 0 0
    outer loop
      vertex 146.861 7.89209 89.8113
      vertex 146.861 0 170
      vertex 146.861 7.71021 88.2075
    endloop
  endfacet
  facet normal 1 0 0
    outer loop
      vertex 146.861 7.71021 88.2075
      vertex 146.861 0 170
      vertex 146.861 7.53212 86.6038
    endloop
  endfacet
  facet normal 1 0 0
    outer loop
      vertex 146.861 7.53212 86.6038
      vertex 146.861 0 170
      vertex 146.861 7.3582 85
    endloop
  endfacet
  facet normal 1 0 0
    outer loop
      vertex 146.861 7.3582 85
      vertex 146.861 0 170
      vertex 146.861 7.18915 83.3962
    endloop
  endfacet
  facet normal 1 0 0
    outer loop
      vertex 146.861 7.18915 83.3962
      vertex 146.861 0 170
      vertex 146.861 7.02606 81.7924
    endloop
  endfacet
  facet normal 1 0 0
    outer loop
      vertex 146.861 7.02606 81.7924
      vertex 146.861 0 170
      vertex 146.861 6.87042 80.1887
    endloop
  endfacet
  facet normal 1 0 0
    outer loop
      vertex 146.861 6.87042 80.1887
      vertex 146.861 0 170
      vertex 146.861 6.72409 78.5849
    endloop
  endfacet
  facet normal 1 0 0
    outer loop
      vertex 146.861 6.72409 78.5849
      vertex 146.861 0 170
      vertex 146.861 6.58922 76.9811
    endloop
  endfacet
  facet normal 1 0 0
    outer loop
      vertex 146.861 6.58922 76.9811
      vertex 146.861 0 170
      vertex 146.861 6.46828 75.3773
    endloop
  endfacet
  facet normal 1 0 0
    outer loop
      vertex 146.861 6.46828 75.3773
      vertex 146.861 0 170
      vertex 146.861 6.36392 73.7736
    endloop
  endfacet
  facet normal 1 0 0
    outer loop
      vertex 146.861 0 170
      vertex 146.861 6.27899 72.1698
      vertex 146.861 6.36392 73.7736
    endloop
  endfacet
  facet normal 1 0 0
    outer loop
      vertex 146.861 0 170
      vertex 146.861 6.21638 70.566
      vertex 146.861 6.27899 72.1698
    endloop
  endfacet
  facet normal 1 0 0
    outer loop
      vertex 146.861 0 170
      vertex 146.861 6.17902 68.9622
      vertex 146.861 6.21638 70.566
    endloop
  endfacet
  facet normal 1 0 0
    outer loop
      vertex 146.861 0 0
      vertex 146.861 6.17902 68.9622
      vertex 146.861 0 170
    endloop
  endfacet
  facet normal 1 0 0
    outer loop
      vertex 146.861 6.17902 68.9622
      vertex 146.861 0 0
      vertex 146.861 6.16966 67.3585
    endloop
  endfacet
  facet normal 1 0 0
    outer loop
      vertex 146.861 6.16966 67.3585
      vertex 146.861 0 0
      vertex 146.861 5.87106 0
    endloop
  endfacet
  facet normal 1 0 0
    outer loop
      vertex 146.861 13.102 27.2641
      vertex 146.861 13.1357 24.0566
      vertex 146.861 13.1527 25.6604
    endloop
  endfacet
  facet normal 1 0 0
    outer loop
      vertex 146.861 13.102 27.2641
      vertex 146.861 13.0488 22.4528
      vertex 146.861 13.1357 24.0566
    endloop
  endfacet
  facet normal 1 0 0
    outer loop
      vertex 146.861 12.9871 28.8679
      vertex 146.861 13.0488 22.4528
      vertex 146.861 13.102 27.2641
    endloop
  endfacet
  facet normal 1 0 0
    outer loop
      vertex 146.861 12.9871 28.8679
      vertex 146.861 12.8905 20.849
      vertex 146.861 13.0488 22.4528
    endloop
  endfacet
  facet normal 1 0 0
    outer loop
      vertex 146.861 12.8122 30.4717
      vertex 146.861 12.8905 20.849
      vertex 146.861 12.9871 28.8679
    endloop
  endfacet
  facet normal 1 0 0
    outer loop
      vertex 146.861 12.8122 30.4717
      vertex 146.861 12.6609 19.2453
      vertex 146.861 12.8905 20.849
    endloop
  endfacet
  facet normal 1 0 0
    outer loop
      vertex 146.861 11.9928 16.0377
      vertex 146.861 12.8122 30.4717
      vertex 146.861 12.5825 32.0755
    endloop
  endfacet
  facet normal 1 0 0
    outer loop
      vertex 146.861 12.8122 30.4717
      vertex 146.861 12.3609 17.6415
      vertex 146.861 12.6609 19.2453
    endloop
  endfacet
  facet normal 1 0 0
    outer loop
      vertex 146.861 11.5602 14.434
      vertex 146.861 12.5825 32.0755
      vertex 146.861 12.3039 33.6792
    endloop
  endfacet
  facet normal 1 0 0
    outer loop
      vertex 146.861 12.8122 30.4717
      vertex 146.861 11.9928 16.0377
      vertex 146.861 12.3609 17.6415
    endloop
  endfacet
  facet normal 1 0 0
    outer loop
      vertex 146.861 10.521 11.2264
      vertex 146.861 12.3039 33.6792
      vertex 146.861 11.9827 35.283
    endloop
  endfacet
  facet normal 1 0 0
    outer loop
      vertex 146.861 9.92728 9.62263
      vertex 146.861 11.9827 35.283
      vertex 146.861 11.6258 36.8868
    endloop
  endfacet
  facet normal 1 0 0
    outer loop
      vertex 146.861 12.5825 32.0755
      vertex 146.861 11.5602 14.434
      vertex 146.861 11.9928 16.0377
    endloop
  endfacet
  facet normal 1 0 0
    outer loop
      vertex 146.861 9.29427 8.01886
      vertex 146.861 11.6258 36.8868
      vertex 146.861 11.2403 38.4906
    endloop
  endfacet
  facet normal 1 0 0
    outer loop
      vertex 146.861 12.3039 33.6792
      vertex 146.861 11.0676 12.8302
      vertex 146.861 11.5602 14.434
    endloop
  endfacet
  facet normal 1 0 0
    outer loop
      vertex 146.861 8.63077 6.41508
      vertex 146.861 11.2403 38.4906
      vertex 146.861 10.8336 40.0943
    endloop
  endfacet
  facet normal 1 0 0
    outer loop
      vertex 146.861 12.3039 33.6792
      vertex 146.861 10.521 11.2264
      vertex 146.861 11.0676 12.8302
    endloop
  endfacet
  facet normal 1 0 0
    outer loop
      vertex 146.861 7.94635 4.81131
      vertex 146.861 10.8336 40.0943
      vertex 146.861 10.4129 41.6981
    endloop
  endfacet
  facet normal 1 0 0
    outer loop
      vertex 146.861 7.25114 3.20753
      vertex 146.861 10.4129 41.6981
      vertex 146.861 9.9854 43.3019
    endloop
  endfacet
  facet normal 1 0 0
    outer loop
      vertex 146.861 11.9827 35.283
      vertex 146.861 9.92728 9.62263
      vertex 146.861 10.521 11.2264
    endloop
  endfacet
  facet normal 1 0 0
    outer loop
      vertex 146.861 6.55576 1.60376
      vertex 146.861 9.9854 43.3019
      vertex 146.861 9.55814 44.9057
    endloop
  endfacet
  facet normal 1 0 0
    outer loop
      vertex 146.861 11.6258 36.8868
      vertex 146.861 9.29427 8.01886
      vertex 146.861 9.92728 9.62263
    endloop
  endfacet
  facet normal 1 0 0
    outer loop
      vertex 146.861 6.55576 1.60376
      vertex 146.861 9.55814 44.9057
      vertex 146.861 9.13771 46.5094
    endloop
  endfacet
  facet normal 1 0 0
    outer loop
      vertex 146.861 5.87106 0
      vertex 146.861 9.13771 46.5094
      vertex 146.861 8.73022 48.1132
    endloop
  endfacet
  facet normal 1 0 0
    outer loop
      vertex 146.861 11.2403 38.4906
      vertex 146.861 8.63077 6.41508
      vertex 146.861 9.29427 8.01886
    endloop
  endfacet
  facet normal 1 0 0
    outer loop
      vertex 146.861 5.87106 0
      vertex 146.861 8.73022 48.1132
      vertex 146.861 8.34128 49.717
    endloop
  endfacet
  facet normal 1 0 0
    outer loop
      vertex 146.861 5.87106 0
      vertex 146.861 8.34128 49.717
      vertex 146.861 7.9758 51.3207
    endloop
  endfacet
  facet normal 1 0 0
    outer loop
      vertex 146.861 10.8336 40.0943
      vertex 146.861 7.94635 4.81131
      vertex 146.861 8.63077 6.41508
    endloop
  endfacet
  facet normal 1 0 0
    outer loop
      vertex 146.861 5.87106 0
      vertex 146.861 7.9758 51.3207
      vertex 146.861 7.63802 52.9245
    endloop
  endfacet
  facet normal 1 0 0
    outer loop
      vertex 146.861 5.87106 0
      vertex 146.861 7.63802 52.9245
      vertex 146.861 7.33141 54.5283
    endloop
  endfacet
  facet normal 1 0 0
    outer loop
      vertex 146.861 10.4129 41.6981
      vertex 146.861 7.25114 3.20753
      vertex 146.861 7.94635 4.81131
    endloop
  endfacet
  facet normal 1 0 0
    outer loop
      vertex 146.861 5.87106 0
      vertex 146.861 7.33141 54.5283
      vertex 146.861 7.05869 56.1321
    endloop
  endfacet
  facet normal 1 0 0
    outer loop
      vertex 146.861 5.87106 0
      vertex 146.861 7.05869 56.1321
      vertex 146.861 6.82179 57.7358
    endloop
  endfacet
  facet normal 1 0 0
    outer loop
      vertex 146.861 5.87106 0
      vertex 146.861 6.82179 57.7358
      vertex 146.861 6.62189 59.3396
    endloop
  endfacet
  facet normal 1 0 0
    outer loop
      vertex 146.861 9.9854 43.3019
      vertex 146.861 6.55576 1.60376
      vertex 146.861 7.25114 3.20753
    endloop
  endfacet
  facet normal 1 0 0
    outer loop
      vertex 146.861 5.87106 0
      vertex 146.861 6.62189 59.3396
      vertex 146.861 6.45941 60.9434
    endloop
  endfacet
  facet normal 1 0 0
    outer loop
      vertex 146.861 5.87106 0
      vertex 146.861 6.45941 60.9434
      vertex 146.861 6.33411 62.5472
    endloop
  endfacet
  facet normal 1 0 0
    outer loop
      vertex 146.861 5.87106 0
      vertex 146.861 6.33411 62.5472
      vertex 146.861 6.24509 64.1509
    endloop
  endfacet
  facet normal 1 0 0
    outer loop
      vertex 146.861 5.87106 0
      vertex 146.861 6.24509 64.1509
      vertex 146.861 6.19092 65.7547
    endloop
  endfacet
  facet normal 1 0 0
    outer loop
      vertex 146.861 5.87106 0
      vertex 146.861 6.19092 65.7547
      vertex 146.861 6.16966 67.3585
    endloop
  endfacet
  facet normal 1 0 0
    outer loop
      vertex 146.861 9.13771 46.5094
      vertex 146.861 5.87106 0
      vertex 146.861 6.55576 1.60376
    endloop
  endfacet
  facet normal 0 0.917469 -0.397806
    outer loop
      vertex 146.861 6.55576 1.60376
      vertex 136.472 7.25114 3.20753
      vertex 146.861 7.25114 3.20753
    endloop
  endfacet
  facet normal 0 0.917469 -0.397806
    outer loop
      vertex 136.472 7.25114 3.20753
      vertex 146.861 6.55576 1.60376
      vertex 136.472 6.55576 1.60376
    endloop
  endfacet
  facet normal 0 0.917506 -0.397722
    outer loop
      vertex 146.861 7.25114 3.20753
      vertex 136.472 7.94635 4.81131
      vertex 146.861 7.94635 4.81131
    endloop
  endfacet
  facet normal 0 0.917506 -0.397722
    outer loop
      vertex 136.472 7.94635 4.81131
      vertex 146.861 7.25114 3.20753
      vertex 136.472 7.25114 3.20753
    endloop
  endfacet
  facet normal 0 0.919748 -0.392509
    outer loop
      vertex 146.861 7.94635 4.81131
      vertex 136.472 8.63077 6.41508
      vertex 146.861 8.63077 6.41508
    endloop
  endfacet
  facet normal 0 0.919748 -0.392509
    outer loop
      vertex 136.472 8.63077 6.41508
      vertex 146.861 7.94635 4.81131
      vertex 136.472 7.94635 4.81131
    endloop
  endfacet
  facet normal 0 0.924044 -0.382286
    outer loop
      vertex 146.861 8.63077 6.41508
      vertex 136.472 9.29427 8.01886
      vertex 146.861 9.29427 8.01886
    endloop
  endfacet
  facet normal 0 0.924044 -0.382286
    outer loop
      vertex 136.472 9.29427 8.01886
      vertex 146.861 8.63077 6.41508
      vertex 136.472 8.63077 6.41508
    endloop
  endfacet
  facet normal 0 0.930167 -0.367138
    outer loop
      vertex 146.861 9.29427 8.01886
      vertex 136.472 9.92728 9.62263
      vertex 146.861 9.92728 9.62263
    endloop
  endfacet
  facet normal 0 0.930167 -0.367138
    outer loop
      vertex 136.472 9.92728 9.62263
      vertex 146.861 9.29427 8.01886
      vertex 136.472 9.29427 8.01886
    endloop
  endfacet
  facet normal 0 0.9378 -0.347176
    outer loop
      vertex 146.861 9.92728 9.62263
      vertex 136.472 10.521 11.2264
      vertex 146.861 10.521 11.2264
    endloop
  endfacet
  facet normal 0 0.9378 -0.347176
    outer loop
      vertex 136.472 10.521 11.2264
      vertex 146.861 9.92728 9.62263
      vertex 136.472 9.92728 9.62263
    endloop
  endfacet
  facet normal 0 0.946537 -0.322595
    outer loop
      vertex 146.861 10.521 11.2264
      vertex 136.472 11.0676 12.8302
      vertex 146.861 11.0676 12.8302
    endloop
  endfacet
  facet normal 0 0.946537 -0.322595
    outer loop
      vertex 136.472 11.0676 12.8302
      vertex 146.861 10.521 11.2264
      vertex 136.472 10.521 11.2264
    endloop
  endfacet
  facet normal 0 0.955926 -0.293608
    outer loop
      vertex 146.861 11.0676 12.8302
      vertex 136.472 11.5602 14.434
      vertex 146.861 11.5602 14.434
    endloop
  endfacet
  facet normal 0 0.955926 -0.293608
    outer loop
      vertex 136.472 11.5602 14.434
      vertex 146.861 11.0676 12.8302
      vertex 136.472 11.0676 12.8302
    endloop
  endfacet
  facet normal 0 0.96549 -0.260442
    outer loop
      vertex 146.861 11.5602 14.434
      vertex 136.472 11.9928 16.0377
      vertex 146.861 11.9928 16.0377
    endloop
  endfacet
  facet normal 0 0.96549 -0.260442
    outer loop
      vertex 136.472 11.9928 16.0377
      vertex 146.861 11.5602 14.434
      vertex 136.472 11.5602 14.434
    endloop
  endfacet
  facet normal 0 0.974658 -0.223701
    outer loop
      vertex 146.861 11.9928 16.0377
      vertex 136.472 12.3609 17.6415
      vertex 146.861 12.3609 17.6415
    endloop
  endfacet
  facet normal 0 0.974658 -0.223701
    outer loop
      vertex 136.472 12.3609 17.6415
      vertex 146.861 11.9928 16.0377
      vertex 136.472 11.9928 16.0377
    endloop
  endfacet
  facet normal 0 0.982951 -0.183867
    outer loop
      vertex 146.861 12.3609 17.6415
      vertex 136.472 12.6609 19.2453
      vertex 146.861 12.6609 19.2453
    endloop
  endfacet
  facet normal 0 0.982951 -0.183867
    outer loop
      vertex 136.472 12.6609 19.2453
      vertex 146.861 12.3609 17.6415
      vertex 136.472 12.3609 17.6415
    endloop
  endfacet
  facet normal 0 0.989906 -0.141724
    outer loop
      vertex 146.861 12.6609 19.2453
      vertex 136.472 12.8905 20.849
      vertex 146.861 12.8905 20.849
    endloop
  endfacet
  facet normal 0 0.989906 -0.141724
    outer loop
      vertex 136.472 12.8905 20.849
      vertex 146.861 12.6609 19.2453
      vertex 136.472 12.6609 19.2453
    endloop
  endfacet
  facet normal 0 0.995164 -0.0982258
    outer loop
      vertex 146.861 12.8905 20.849
      vertex 136.472 13.0488 22.4528
      vertex 146.861 13.0488 22.4528
    endloop
  endfacet
  facet normal 0 0.995164 -0.0982258
    outer loop
      vertex 136.472 13.0488 22.4528
      vertex 146.861 12.8905 20.849
      vertex 136.472 12.8905 20.849
    endloop
  endfacet
  facet normal 0 0.998535 -0.0541044
    outer loop
      vertex 146.861 13.0488 22.4528
      vertex 136.472 13.1357 24.0566
      vertex 146.861 13.1357 24.0566
    endloop
  endfacet
  facet normal 0 0.998535 -0.0541044
    outer loop
      vertex 136.472 13.1357 24.0566
      vertex 146.861 13.0488 22.4528
      vertex 136.472 13.0488 22.4528
    endloop
  endfacet
  facet normal 0 0.999944 -0.0105992
    outer loop
      vertex 146.861 13.1357 24.0566
      vertex 136.472 13.1527 25.6604
      vertex 146.861 13.1527 25.6604
    endloop
  endfacet
  facet normal 0 0.999944 -0.0105992
    outer loop
      vertex 136.472 13.1527 25.6604
      vertex 146.861 13.1357 24.0566
      vertex 136.472 13.1357 24.0566
    endloop
  endfacet
  facet normal 0 0.999501 0.0315986
    outer loop
      vertex 146.861 13.1527 25.6604
      vertex 136.472 13.102 27.2641
      vertex 146.861 13.102 27.2641
    endloop
  endfacet
  facet normal 0 0.999501 0.0315986
    outer loop
      vertex 136.472 13.102 27.2641
      vertex 146.861 13.1527 25.6604
      vertex 136.472 13.1527 25.6604
    endloop
  endfacet
  facet normal 0 0.997444 0.0714592
    outer loop
      vertex 146.861 13.102 27.2641
      vertex 136.472 12.9871 28.8679
      vertex 146.861 12.9871 28.8679
    endloop
  endfacet
  facet normal 0 0.997444 0.0714592
    outer loop
      vertex 136.472 12.9871 28.8679
      vertex 146.861 13.102 27.2641
      vertex 136.472 13.102 27.2641
    endloop
  endfacet
  facet normal 0 0.994106 0.108411
    outer loop
      vertex 146.861 12.9871 28.8679
      vertex 136.472 12.8122 30.4717
      vertex 146.861 12.8122 30.4717
    endloop
  endfacet
  facet normal 0 0.994106 0.108411
    outer loop
      vertex 136.472 12.8122 30.4717
      vertex 146.861 12.9871 28.8679
      vertex 136.472 12.9871 28.8679
    endloop
  endfacet
  facet normal 0 0.989899 0.141776
    outer loop
      vertex 146.861 12.8122 30.4717
      vertex 136.472 12.5825 32.0755
      vertex 146.861 12.5825 32.0755
    endloop
  endfacet
  facet normal 0 0.989899 0.141776
    outer loop
      vertex 136.472 12.5825 32.0755
      vertex 146.861 12.8122 30.4717
      vertex 136.472 12.8122 30.4717
    endloop
  endfacet
  facet normal 0 0.985243 0.17116
    outer loop
      vertex 146.861 12.5825 32.0755
      vertex 136.472 12.3039 33.6792
      vertex 146.861 12.3039 33.6792
    endloop
  endfacet
  facet normal 0 0.985243 0.17116
    outer loop
      vertex 136.472 12.3039 33.6792
      vertex 146.861 12.5825 32.0755
      vertex 136.472 12.5825 32.0755
    endloop
  endfacet
  facet normal 0 0.980529 0.196375
    outer loop
      vertex 146.861 12.3039 33.6792
      vertex 136.472 11.9827 35.283
      vertex 146.861 11.9827 35.283
    endloop
  endfacet
  facet normal 0 0.980529 0.196375
    outer loop
      vertex 136.472 11.9827 35.283
      vertex 146.861 12.3039 33.6792
      vertex 136.472 12.3039 33.6792
    endloop
  endfacet
  facet normal 0 0.976123 0.21722
    outer loop
      vertex 146.861 11.9827 35.283
      vertex 136.472 11.6258 36.8868
      vertex 146.861 11.6258 36.8868
    endloop
  endfacet
  facet normal 0 0.976123 0.21722
    outer loop
      vertex 136.472 11.6258 36.8868
      vertex 146.861 11.9827 35.283
      vertex 136.472 11.9827 35.283
    endloop
  endfacet
  facet normal 0 0.972306 0.23371
    outer loop
      vertex 146.861 11.6258 36.8868
      vertex 136.472 11.2403 38.4906
      vertex 146.861 11.2403 38.4906
    endloop
  endfacet
  facet normal 0 0.972306 0.23371
    outer loop
      vertex 136.472 11.2403 38.4906
      vertex 146.861 11.6258 36.8868
      vertex 136.472 11.6258 36.8868
    endloop
  endfacet
  facet normal 0 0.969316 0.245819
    outer loop
      vertex 146.861 11.2403 38.4906
      vertex 136.472 10.8336 40.0943
      vertex 146.861 10.8336 40.0943
    endloop
  endfacet
  facet normal 0 0.969316 0.245819
    outer loop
      vertex 136.472 10.8336 40.0943
      vertex 146.861 11.2403 38.4906
      vertex 136.472 11.2403 38.4906
    endloop
  endfacet
  facet normal 0 0.967275 0.25373
    outer loop
      vertex 146.861 10.8336 40.0943
      vertex 136.472 10.4129 41.6981
      vertex 146.861 10.4129 41.6981
    endloop
  endfacet
  facet normal 0 0.967275 0.25373
    outer loop
      vertex 136.472 10.4129 41.6981
      vertex 146.861 10.8336 40.0943
      vertex 136.472 10.8336 40.0943
    endloop
  endfacet
  facet normal 0 0.966262 0.257561
    outer loop
      vertex 146.861 10.4129 41.6981
      vertex 136.472 9.9854 43.3019
      vertex 146.861 9.9854 43.3019
    endloop
  endfacet
  facet normal 0 0.966262 0.257561
    outer loop
      vertex 136.472 9.9854 43.3019
      vertex 146.861 10.4129 41.6981
      vertex 136.472 10.4129 41.6981
    endloop
  endfacet
  facet normal 0 0.966298 0.257426
    outer loop
      vertex 146.861 9.9854 43.3019
      vertex 136.472 9.55814 44.9057
      vertex 146.861 9.55814 44.9057
    endloop
  endfacet
  facet normal 0 0.966298 0.257426
    outer loop
      vertex 136.472 9.55814 44.9057
      vertex 146.861 9.9854 43.3019
      vertex 136.472 9.9854 43.3019
    endloop
  endfacet
  facet normal 0 0.967311 0.253593
    outer loop
      vertex 146.861 9.55814 44.9057
      vertex 136.472 9.13771 46.5094
      vertex 146.861 9.13771 46.5094
    endloop
  endfacet
  facet normal 0 0.967311 0.253593
    outer loop
      vertex 136.472 9.13771 46.5094
      vertex 146.861 9.55814 44.9057
      vertex 136.472 9.55814 44.9057
    endloop
  endfacet
  facet normal 0 0.969205 0.246254
    outer loop
      vertex 146.861 9.13771 46.5094
      vertex 136.472 8.73022 48.1132
      vertex 146.861 8.73022 48.1132
    endloop
  endfacet
  facet normal 0 0.969205 0.246254
    outer loop
      vertex 136.472 8.73022 48.1132
      vertex 146.861 9.13771 46.5094
      vertex 136.472 9.13771 46.5094
    endloop
  endfacet
  facet normal 0 0.971831 0.23568
    outer loop
      vertex 146.861 8.73022 48.1132
      vertex 136.472 8.34128 49.717
      vertex 146.861 8.34128 49.717
    endloop
  endfacet
  facet normal 0 0.971831 0.23568
    outer loop
      vertex 136.472 8.34128 49.717
      vertex 146.861 8.73022 48.1132
      vertex 136.472 8.73022 48.1132
    endloop
  endfacet
  facet normal 0 0.975001 0.222201
    outer loop
      vertex 146.861 8.34128 49.717
      vertex 136.472 7.9758 51.3207
      vertex 146.861 7.9758 51.3207
    endloop
  endfacet
  facet normal 0 0.975001 0.222201
    outer loop
      vertex 136.472 7.9758 51.3207
      vertex 146.861 8.34128 49.717
      vertex 136.472 8.34128 49.717
    endloop
  endfacet
  facet normal 0 0.978533 0.206091
    outer loop
      vertex 146.861 7.9758 51.3207
      vertex 136.472 7.63802 52.9245
      vertex 146.861 7.63802 52.9245
    endloop
  endfacet
  facet normal 0 0.978533 0.206091
    outer loop
      vertex 136.472 7.63802 52.9245
      vertex 146.861 7.9758 51.3207
      vertex 136.472 7.9758 51.3207
    endloop
  endfacet
  facet normal 0 0.982212 0.187777
    outer loop
      vertex 146.861 7.63802 52.9245
      vertex 136.472 7.33141 54.5283
      vertex 146.861 7.33141 54.5283
    endloop
  endfacet
  facet normal 0 0.982212 0.187777
    outer loop
      vertex 136.472 7.33141 54.5283
      vertex 146.861 7.63802 52.9245
      vertex 136.472 7.63802 52.9245
    endloop
  endfacet
  facet normal 0 0.985848 0.16764
    outer loop
      vertex 146.861 7.33141 54.5283
      vertex 136.472 7.05869 56.1321
      vertex 146.861 7.05869 56.1321
    endloop
  endfacet
  facet normal 0 0.985848 0.16764
    outer loop
      vertex 136.472 7.05869 56.1321
      vertex 146.861 7.33141 54.5283
      vertex 136.472 7.33141 54.5283
    endloop
  endfacet
  facet normal 0 0.989265 0.146135
    outer loop
      vertex 146.861 7.05869 56.1321
      vertex 136.472 6.82179 57.7358
      vertex 146.861 6.82179 57.7358
    endloop
  endfacet
  facet normal 0 0.989265 0.146135
    outer loop
      vertex 136.472 6.82179 57.7358
      vertex 146.861 7.05869 56.1321
      vertex 136.472 7.05869 56.1321
    endloop
  endfacet
  facet normal 0 0.992322 0.123684
    outer loop
      vertex 146.861 6.82179 57.7358
      vertex 136.472 6.62189 59.3396
      vertex 146.861 6.62189 59.3396
    endloop
  endfacet
  facet normal 0 0.992322 0.123684
    outer loop
      vertex 136.472 6.62189 59.3396
      vertex 146.861 6.82179 57.7358
      vertex 136.472 6.82179 57.7358
    endloop
  endfacet
  facet normal 0 0.994907 0.100793
    outer loop
      vertex 146.861 6.62189 59.3396
      vertex 136.472 6.45941 60.9434
      vertex 146.861 6.45941 60.9434
    endloop
  endfacet
  facet normal 0 0.994907 0.100793
    outer loop
      vertex 136.472 6.45941 60.9434
      vertex 146.861 6.62189 59.3396
      vertex 136.472 6.62189 59.3396
    endloop
  endfacet
  facet normal 0 0.996962 0.0778896
    outer loop
      vertex 146.861 6.45941 60.9434
      vertex 136.472 6.33411 62.5472
      vertex 146.861 6.33411 62.5472
    endloop
  endfacet
  facet normal 0 0.996962 0.0778896
    outer loop
      vertex 136.472 6.33411 62.5472
      vertex 146.861 6.45941 60.9434
      vertex 136.472 6.45941 60.9434
    endloop
  endfacet
  facet normal 0 0.998463 0.0554238
    outer loop
      vertex 146.861 6.33411 62.5472
      vertex 136.472 6.24509 64.1509
      vertex 146.861 6.24509 64.1509
    endloop
  endfacet
  facet normal 0 0.998463 0.0554238
    outer loop
      vertex 136.472 6.24509 64.1509
      vertex 146.861 6.33411 62.5472
      vertex 136.472 6.33411 62.5472
    endloop
  endfacet
  facet normal 0 0.99943 0.0337568
    outer loop
      vertex 146.861 6.24509 64.1509
      vertex 136.472 6.19092 65.7547
      vertex 146.861 6.19092 65.7547
    endloop
  endfacet
  facet normal 0 0.99943 0.0337568
    outer loop
      vertex 136.472 6.19092 65.7547
      vertex 146.861 6.24509 64.1509
      vertex 136.472 6.24509 64.1509
    endloop
  endfacet
  facet normal 0 0.999912 0.0132549
    outer loop
      vertex 146.861 6.19092 65.7547
      vertex 136.472 6.16966 67.3585
      vertex 146.861 6.16966 67.3585
    endloop
  endfacet
  facet normal 0 0.999912 0.0132549
    outer loop
      vertex 136.472 6.16966 67.3585
      vertex 146.861 6.19092 65.7547
      vertex 136.472 6.19092 65.7547
    endloop
  endfacet
  facet normal 0 0.999983 -0.0058364
    outer loop
      vertex 146.861 6.16966 67.3585
      vertex 136.472 6.17902 68.9622
      vertex 146.861 6.17902 68.9622
    endloop
  endfacet
  facet normal 0 0.999983 -0.0058364
    outer loop
      vertex 136.472 6.17902 68.9622
      vertex 146.861 6.16966 67.3585
      vertex 136.472 6.16966 67.3585
    endloop
  endfacet
  facet normal 0 0.999729 -0.0232884
    outer loop
      vertex 146.861 6.17902 68.9622
      vertex 136.472 6.21638 70.566
      vertex 146.861 6.21638 70.566
    endloop
  endfacet
  facet normal 0 0.999729 -0.0232884
    outer loop
      vertex 136.472 6.21638 70.566
      vertex 146.861 6.17902 68.9622
      vertex 136.472 6.17902 68.9622
    endloop
  endfacet
  facet normal 0 0.999239 -0.0390088
    outer loop
      vertex 146.861 6.21638 70.566
      vertex 136.472 6.27899 72.1698
      vertex 146.861 6.27899 72.1698
    endloop
  endfacet
  facet normal 0 0.999239 -0.0390088
    outer loop
      vertex 136.472 6.27899 72.1698
      vertex 146.861 6.21638 70.566
      vertex 136.472 6.21638 70.566
    endloop
  endfacet
  facet normal 0 0.998601 -0.0528814
    outer loop
      vertex 146.861 6.27899 72.1698
      vertex 136.472 6.36392 73.7736
      vertex 146.861 6.36392 73.7736
    endloop
  endfacet
  facet normal 0 0.998601 -0.0528814
    outer loop
      vertex 136.472 6.36392 73.7736
      vertex 146.861 6.27899 72.1698
      vertex 136.472 6.27899 72.1698
    endloop
  endfacet
  facet normal 0 0.997889 -0.0649372
    outer loop
      vertex 146.861 6.36392 73.7736
      vertex 136.472 6.46828 75.3773
      vertex 146.861 6.46828 75.3773
    endloop
  endfacet
  facet normal 0 0.997889 -0.0649372
    outer loop
      vertex 136.472 6.46828 75.3773
      vertex 146.861 6.36392 73.7736
      vertex 136.472 6.36392 73.7736
    endloop
  endfacet
  facet normal 0 0.997169 -0.0751949
    outer loop
      vertex 146.861 6.46828 75.3773
      vertex 136.472 6.58922 76.9811
      vertex 146.861 6.58922 76.9811
    endloop
  endfacet
  facet normal 0 0.997169 -0.0751949
    outer loop
      vertex 136.472 6.58922 76.9811
      vertex 146.861 6.46828 75.3773
      vertex 136.472 6.46828 75.3773
    endloop
  endfacet
  facet normal 0 0.996483 -0.0837982
    outer loop
      vertex 146.861 6.58922 76.9811
      vertex 136.472 6.72409 78.5849
      vertex 146.861 6.72409 78.5849
    endloop
  endfacet
  facet normal 0 0.996483 -0.0837982
    outer loop
      vertex 136.472 6.72409 78.5849
      vertex 146.861 6.58922 76.9811
      vertex 136.472 6.58922 76.9811
    endloop
  endfacet
  facet normal 0 0.995863 -0.0908621
    outer loop
      vertex 146.861 6.72409 78.5849
      vertex 136.472 6.87042 80.1887
      vertex 146.861 6.87042 80.1887
    endloop
  endfacet
  facet normal 0 0.995863 -0.0908621
    outer loop
      vertex 136.472 6.87042 80.1887
      vertex 146.861 6.72409 78.5849
      vertex 136.472 6.72409 78.5849
    endloop
  endfacet
  facet normal 0 0.995324 -0.0965967
    outer loop
      vertex 146.861 6.87042 80.1887
      vertex 136.472 7.02606 81.7924
      vertex 146.861 7.02606 81.7924
    endloop
  endfacet
  facet normal 0 0.995324 -0.0965967
    outer loop
      vertex 136.472 7.02606 81.7924
      vertex 146.861 6.87042 80.1887
      vertex 136.472 6.87042 80.1887
    endloop
  endfacet
  facet normal 0 0.994869 -0.101168
    outer loop
      vertex 146.861 7.02606 81.7924
      vertex 136.472 7.18915 83.3962
      vertex 146.861 7.18915 83.3962
    endloop
  endfacet
  facet normal 0 0.994869 -0.101168
    outer loop
      vertex 136.472 7.18915 83.3962
      vertex 146.861 7.02606 81.7924
      vertex 136.472 7.02606 81.7924
    endloop
  endfacet
  facet normal 0 0.994491 -0.104825
    outer loop
      vertex 146.861 7.18915 83.3962
      vertex 136.472 7.3582 85
      vertex 146.861 7.3582 85
    endloop
  endfacet
  facet normal 0 0.994491 -0.104825
    outer loop
      vertex 136.472 7.3582 85
      vertex 146.861 7.18915 83.3962
      vertex 136.472 7.18915 83.3962
    endloop
  endfacet
  facet normal 0 0.994171 -0.10781
    outer loop
      vertex 146.861 7.3582 85
      vertex 136.472 7.53212 86.6038
      vertex 146.861 7.53212 86.6038
    endloop
  endfacet
  facet normal 0 0.994171 -0.10781
    outer loop
      vertex 136.472 7.53212 86.6038
      vertex 146.861 7.3582 85
      vertex 136.472 7.3582 85
    endloop
  endfacet
  facet normal 0 0.99389 -0.110371
    outer loop
      vertex 146.861 7.53212 86.6038
      vertex 136.472 7.71021 88.2075
      vertex 146.861 7.71021 88.2075
    endloop
  endfacet
  facet normal 0 0.99389 -0.110371
    outer loop
      vertex 136.472 7.71021 88.2075
      vertex 146.861 7.53212 86.6038
      vertex 136.472 7.53212 86.6038
    endloop
  endfacet
  facet normal 0 0.993631 -0.112683
    outer loop
      vertex 146.861 7.71021 88.2075
      vertex 136.472 7.89209 89.8113
      vertex 146.861 7.89209 89.8113
    endloop
  endfacet
  facet normal 0 0.993631 -0.112683
    outer loop
      vertex 136.472 7.89209 89.8113
      vertex 146.861 7.71021 88.2075
      vertex 136.472 7.71021 88.2075
    endloop
  endfacet
  facet normal 0 0.99336 -0.11505
    outer loop
      vertex 146.861 7.89209 89.8113
      vertex 136.472 8.07784 91.4151
      vertex 146.861 8.07784 91.4151
    endloop
  endfacet
  facet normal 0 0.99336 -0.11505
    outer loop
      vertex 136.472 8.07784 91.4151
      vertex 146.861 7.89209 89.8113
      vertex 136.472 7.89209 89.8113
    endloop
  endfacet
  facet normal 0 0.993061 -0.117597
    outer loop
      vertex 146.861 8.07784 91.4151
      vertex 136.472 8.26776 93.0189
      vertex 146.861 8.26776 93.0189
    endloop
  endfacet
  facet normal 0 0.993061 -0.117597
    outer loop
      vertex 136.472 8.26776 93.0189
      vertex 146.861 8.07784 91.4151
      vertex 136.472 8.07784 91.4151
    endloop
  endfacet
  facet normal 0 0.992706 -0.120558
    outer loop
      vertex 146.861 8.26776 93.0189
      vertex 136.472 8.46252 94.6226
      vertex 146.861 8.46252 94.6226
    endloop
  endfacet
  facet normal 0 0.992706 -0.120558
    outer loop
      vertex 136.472 8.46252 94.6226
      vertex 146.861 8.26776 93.0189
      vertex 136.472 8.26776 93.0189
    endloop
  endfacet
  facet normal 0 0.992281 -0.124013
    outer loop
      vertex 146.861 8.46252 94.6226
      vertex 136.472 8.66296 96.2264
      vertex 146.861 8.66296 96.2264
    endloop
  endfacet
  facet normal 0 0.992281 -0.124013
    outer loop
      vertex 136.472 8.66296 96.2264
      vertex 146.861 8.46252 94.6226
      vertex 136.472 8.46252 94.6226
    endloop
  endfacet
  facet normal 0 0.991761 -0.128104
    outer loop
      vertex 146.861 8.66296 96.2264
      vertex 136.472 8.87012 97.8302
      vertex 146.861 8.87012 97.8302
    endloop
  endfacet
  facet normal 0 0.991761 -0.128104
    outer loop
      vertex 136.472 8.87012 97.8302
      vertex 146.861 8.66296 96.2264
      vertex 136.472 8.66296 96.2264
    endloop
  endfacet
  facet normal 0 0.991137 -0.132844
    outer loop
      vertex 146.861 8.87012 97.8302
      vertex 136.472 9.08508 99.434
      vertex 146.861 9.08508 99.434
    endloop
  endfacet
  facet normal 0 0.991137 -0.132844
    outer loop
      vertex 136.472 9.08508 99.434
      vertex 146.861 8.87012 97.8302
      vertex 136.472 8.87012 97.8302
    endloop
  endfacet
  facet normal 0 0.990397 -0.138254
    outer loop
      vertex 146.861 9.08508 99.434
      vertex 136.472 9.30899 101.038
      vertex 146.861 9.30899 101.038
    endloop
  endfacet
  facet normal 0 0.990397 -0.138254
    outer loop
      vertex 136.472 9.30899 101.038
      vertex 146.861 9.08508 99.434
      vertex 136.472 9.08508 99.434
    endloop
  endfacet
  facet normal 0 0.989522 -0.144385
    outer loop
      vertex 146.861 9.30899 101.038
      vertex 136.472 9.54289 102.641
      vertex 146.861 9.54289 102.641
    endloop
  endfacet
  facet normal 0 0.989522 -0.144385
    outer loop
      vertex 136.472 9.54289 102.641
      vertex 146.861 9.30899 101.038
      vertex 136.472 9.30899 101.038
    endloop
  endfacet
  facet normal 0 0.98855 -0.150896
    outer loop
      vertex 146.861 9.54289 102.641
      vertex 136.472 9.78773 104.245
      vertex 146.861 9.78773 104.245
    endloop
  endfacet
  facet normal 0 0.98855 -0.150896
    outer loop
      vertex 136.472 9.78773 104.245
      vertex 146.861 9.54289 102.641
      vertex 136.472 9.54289 102.641
    endloop
  endfacet
  facet normal 0 0.987457 -0.157888
    outer loop
      vertex 146.861 9.78773 104.245
      vertex 136.472 10.0442 105.849
      vertex 146.861 10.0442 105.849
    endloop
  endfacet
  facet normal 0 0.987457 -0.157888
    outer loop
      vertex 136.472 10.0442 105.849
      vertex 146.861 9.78773 104.245
      vertex 136.472 9.78773 104.245
    endloop
  endfacet
  facet normal 0 0.986277 -0.165097
    outer loop
      vertex 146.861 10.0442 105.849
      vertex 136.472 10.3127 107.453
      vertex 146.861 10.3127 107.453
    endloop
  endfacet
  facet normal 0 0.986277 -0.165097
    outer loop
      vertex 136.472 10.3127 107.453
      vertex 146.861 10.0442 105.849
      vertex 136.472 10.0442 105.849
    endloop
  endfacet
  facet normal 0 0.98503 -0.17238
    outer loop
      vertex 146.861 10.3127 107.453
      vertex 136.472 10.5934 109.057
      vertex 146.861 10.5934 109.057
    endloop
  endfacet
  facet normal 0 0.98503 -0.17238
    outer loop
      vertex 136.472 10.5934 109.057
      vertex 146.861 10.3127 107.453
      vertex 136.472 10.3127 107.453
    endloop
  endfacet
  facet normal 0 0.983757 -0.179506
    outer loop
      vertex 146.861 10.5934 109.057
      vertex 136.472 10.8859 110.66
      vertex 146.861 10.8859 110.66
    endloop
  endfacet
  facet normal 0 0.983757 -0.179506
    outer loop
      vertex 136.472 10.8859 110.66
      vertex 146.861 10.5934 109.057
      vertex 136.472 10.5934 109.057
    endloop
  endfacet
  facet normal 0 0.982532 -0.186093
    outer loop
      vertex 146.861 10.8859 110.66
      vertex 136.472 11.1897 112.264
      vertex 146.861 11.1897 112.264
    endloop
  endfacet
  facet normal 0 0.982532 -0.186093
    outer loop
      vertex 136.472 11.1897 112.264
      vertex 146.861 10.8859 110.66
      vertex 136.472 10.8859 110.66
    endloop
  endfacet
  facet normal 0 0.981407 -0.191937
    outer loop
      vertex 146.861 11.1897 112.264
      vertex 136.472 11.5034 113.868
      vertex 146.861 11.5034 113.868
    endloop
  endfacet
  facet normal 0 0.981407 -0.191937
    outer loop
      vertex 136.472 11.5034 113.868
      vertex 146.861 11.1897 112.264
      vertex 136.472 11.1897 112.264
    endloop
  endfacet
  facet normal 0 0.980404 -0.196998
    outer loop
      vertex 146.861 11.5034 113.868
      vertex 136.472 11.8257 115.472
      vertex 146.861 11.8257 115.472
    endloop
  endfacet
  facet normal 0 0.980404 -0.196998
    outer loop
      vertex 136.472 11.8257 115.472
      vertex 146.861 11.5034 113.868
      vertex 136.472 11.5034 113.868
    endloop
  endfacet
  facet normal 0 0.979617 -0.200873
    outer loop
      vertex 146.861 11.8257 115.472
      vertex 136.472 12.1544 117.075
      vertex 146.861 12.1544 117.075
    endloop
  endfacet
  facet normal 0 0.979617 -0.200873
    outer loop
      vertex 136.472 12.1544 117.075
      vertex 146.861 11.8257 115.472
      vertex 136.472 11.8257 115.472
    endloop
  endfacet
  facet normal 0 0.979135 -0.203213
    outer loop
      vertex 146.861 12.1544 117.075
      vertex 136.472 12.4873 118.679
      vertex 146.861 12.4873 118.679
    endloop
  endfacet
  facet normal 0 0.979135 -0.203213
    outer loop
      vertex 136.472 12.4873 118.679
      vertex 146.861 12.1544 117.075
      vertex 136.472 12.1544 117.075
    endloop
  endfacet
  facet normal 0 0.978964 -0.204032
    outer loop
      vertex 146.861 12.4873 118.679
      vertex 136.472 12.8216 120.283
      vertex 146.861 12.8216 120.283
    endloop
  endfacet
  facet normal 0 0.978964 -0.204032
    outer loop
      vertex 136.472 12.8216 120.283
      vertex 146.861 12.4873 118.679
      vertex 136.472 12.4873 118.679
    endloop
  endfacet
  facet normal 0 0.979147 -0.203155
    outer loop
      vertex 146.861 12.8216 120.283
      vertex 136.472 13.1544 121.887
      vertex 146.861 13.1544 121.887
    endloop
  endfacet
  facet normal 0 0.979147 -0.203155
    outer loop
      vertex 136.472 13.1544 121.887
      vertex 146.861 12.8216 120.283
      vertex 136.472 12.8216 120.283
    endloop
  endfacet
  facet normal 0 0.979714 -0.200402
    outer loop
      vertex 146.861 13.1544 121.887
      vertex 136.472 13.4825 123.491
      vertex 146.861 13.4825 123.491
    endloop
  endfacet
  facet normal 0 0.979714 -0.200402
    outer loop
      vertex 136.472 13.4825 123.491
      vertex 146.861 13.1544 121.887
      vertex 136.472 13.1544 121.887
    endloop
  endfacet
  facet normal 0 0.980663 -0.195704
    outer loop
      vertex 146.861 13.4825 123.491
      vertex 136.472 13.8024 125.094
      vertex 146.861 13.8024 125.094
    endloop
  endfacet
  facet normal 0 0.980663 -0.195704
    outer loop
      vertex 136.472 13.8024 125.094
      vertex 146.861 13.4825 123.491
      vertex 136.472 13.4825 123.491
    endloop
  endfacet
  facet normal 0 0.982013 -0.188811
    outer loop
      vertex 146.861 13.8024 125.094
      vertex 136.472 14.1108 126.698
      vertex 146.861 14.1108 126.698
    endloop
  endfacet
  facet normal 0 0.982013 -0.188811
    outer loop
      vertex 136.472 14.1108 126.698
      vertex 146.861 13.8024 125.094
      vertex 136.472 13.8024 125.094
    endloop
  endfacet
  facet normal 0 0.983679 -0.179932
    outer loop
      vertex 146.861 14.1108 126.698
      vertex 136.472 14.4042 128.302
      vertex 146.861 14.4042 128.302
    endloop
  endfacet
  facet normal 0 0.983679 -0.179932
    outer loop
      vertex 136.472 14.4042 128.302
      vertex 146.861 14.1108 126.698
      vertex 136.472 14.1108 126.698
    endloop
  endfacet
  facet normal 0 0.985609 -0.169041
    outer loop
      vertex 146.861 14.4042 128.302
      vertex 136.472 14.6793 129.906
      vertex 146.861 14.6793 129.906
    endloop
  endfacet
  facet normal 0 0.985609 -0.169041
    outer loop
      vertex 136.472 14.6793 129.906
      vertex 146.861 14.4042 128.302
      vertex 136.472 14.4042 128.302
    endloop
  endfacet
  facet normal 0 0.987725 -0.1562
    outer loop
      vertex 146.861 14.6793 129.906
      vertex 136.472 14.9328 131.509
      vertex 146.861 14.9328 131.509
    endloop
  endfacet
  facet normal 0 0.987725 -0.1562
    outer loop
      vertex 136.472 14.9328 131.509
      vertex 146.861 14.6793 129.906
      vertex 136.472 14.6793 129.906
    endloop
  endfacet
  facet normal 0 0.989962 -0.141335
    outer loop
      vertex 146.861 14.9328 131.509
      vertex 136.472 15.1618 133.113
      vertex 146.861 15.1618 133.113
    endloop
  endfacet
  facet normal 0 0.989962 -0.141335
    outer loop
      vertex 136.472 15.1618 133.113
      vertex 146.861 14.9328 131.509
      vertex 136.472 14.9328 131.509
    endloop
  endfacet
  facet normal 0 0.992179 -0.124826
    outer loop
      vertex 146.861 15.1618 133.113
      vertex 136.472 15.3636 134.717
      vertex 146.861 15.3636 134.717
    endloop
  endfacet
  facet normal 0 0.992179 -0.124826
    outer loop
      vertex 136.472 15.3636 134.717
      vertex 146.861 15.1618 133.113
      vertex 136.472 15.1618 133.113
    endloop
  endfacet
  facet normal 0 0.994287 -0.106743
    outer loop
      vertex 146.861 15.3636 134.717
      vertex 136.472 15.5358 136.321
      vertex 146.861 15.5358 136.321
    endloop
  endfacet
  facet normal 0 0.994287 -0.106743
    outer loop
      vertex 136.472 15.5358 136.321
      vertex 146.861 15.3636 134.717
      vertex 136.472 15.3636 134.717
    endloop
  endfacet
  facet normal 0 0.99618 -0.087321
    outer loop
      vertex 146.861 15.5358 136.321
      vertex 136.472 15.6764 137.925
      vertex 146.861 15.6764 137.925
    endloop
  endfacet
  facet normal 0 0.99618 -0.087321
    outer loop
      vertex 136.472 15.6764 137.925
      vertex 146.861 15.5358 136.321
      vertex 136.472 15.5358 136.321
    endloop
  endfacet
  facet normal 0 0.997767 -0.0667875
    outer loop
      vertex 146.861 15.6764 137.925
      vertex 136.472 15.7837 139.528
      vertex 146.861 15.7837 139.528
    endloop
  endfacet
  facet normal 0 0.997767 -0.0667875
    outer loop
      vertex 136.472 15.7837 139.528
      vertex 146.861 15.6764 137.925
      vertex 136.472 15.6764 137.925
    endloop
  endfacet
  facet normal 0 0.998972 -0.0453399
    outer loop
      vertex 146.861 15.7837 139.528
      vertex 136.472 15.8565 141.132
      vertex 146.861 15.8565 141.132
    endloop
  endfacet
  facet normal 0 0.998972 -0.0453399
    outer loop
      vertex 136.472 15.8565 141.132
      vertex 146.861 15.7837 139.528
      vertex 136.472 15.7837 139.528
    endloop
  endfacet
  facet normal 0 0.999725 -0.023435
    outer loop
      vertex 146.861 15.8565 141.132
      vertex 136.472 15.8941 142.736
      vertex 146.861 15.8941 142.736
    endloop
  endfacet
  facet normal 0 0.999725 -0.023435
    outer loop
      vertex 136.472 15.8941 142.736
      vertex 146.861 15.8565 141.132
      vertex 136.472 15.8565 141.132
    endloop
  endfacet
  facet normal 0 0.999999 -0.00118454
    outer loop
      vertex 146.861 15.8941 142.736
      vertex 136.472 15.896 144.34
      vertex 146.861 15.896 144.34
    endloop
  endfacet
  facet normal 0 0.999999 -0.00118454
    outer loop
      vertex 136.472 15.896 144.34
      vertex 146.861 15.8941 142.736
      vertex 136.472 15.8941 142.736
    endloop
  endfacet
  facet normal 0 0.999778 0.0210808
    outer loop
      vertex 146.861 15.896 144.34
      vertex 136.472 15.8622 145.943
      vertex 146.861 15.8622 145.943
    endloop
  endfacet
  facet normal 0 0.999778 0.0210808
    outer loop
      vertex 136.472 15.8622 145.943
      vertex 146.861 15.896 144.34
      vertex 136.472 15.896 144.34
    endloop
  endfacet
  facet normal 0 0.999076 0.0429777
    outer loop
      vertex 146.861 15.8622 145.943
      vertex 136.472 15.7932 147.547
      vertex 146.861 15.7932 147.547
    endloop
  endfacet
  facet normal 0 0.999076 0.0429777
    outer loop
      vertex 136.472 15.7932 147.547
      vertex 146.861 15.8622 145.943
      vertex 136.472 15.8622 145.943
    endloop
  endfacet
  facet normal 0 0.997921 0.0644542
    outer loop
      vertex 146.861 15.7932 147.547
      vertex 136.472 15.6896 149.151
      vertex 146.861 15.6896 149.151
    endloop
  endfacet
  facet normal 0 0.997921 0.0644542
    outer loop
      vertex 136.472 15.6896 149.151
      vertex 146.861 15.7932 147.547
      vertex 136.472 15.7932 147.547
    endloop
  endfacet
  facet normal 0 0.996372 0.0851016
    outer loop
      vertex 146.861 15.6896 149.151
      vertex 136.472 15.5526 150.755
      vertex 146.861 15.5526 150.755
    endloop
  endfacet
  facet normal 0 0.996372 0.0851016
    outer loop
      vertex 136.472 15.5526 150.755
      vertex 146.861 15.6896 149.151
      vertex 136.472 15.6896 149.151
    endloop
  endfacet
  facet normal 0 0.994482 0.104908
    outer loop
      vertex 146.861 15.5526 150.755
      vertex 136.472 15.3835 152.358
      vertex 146.861 15.3835 152.358
    endloop
  endfacet
  facet normal 0 0.994482 0.104908
    outer loop
      vertex 136.472 15.3835 152.358
      vertex 146.861 15.5526 150.755
      vertex 136.472 15.5526 150.755
    endloop
  endfacet
  facet normal 0 0.992339 0.123547
    outer loop
      vertex 146.861 15.3835 152.358
      vertex 136.472 15.1838 153.962
      vertex 146.861 15.1838 153.962
    endloop
  endfacet
  facet normal 0 0.992339 0.123547
    outer loop
      vertex 136.472 15.1838 153.962
      vertex 146.861 15.3835 152.358
      vertex 136.472 15.3835 152.358
    endloop
  endfacet
  facet normal 0 0.990014 0.140972
    outer loop
      vertex 146.861 15.1838 153.962
      vertex 136.472 14.9554 155.566
      vertex 146.861 14.9554 155.566
    endloop
  endfacet
  facet normal 0 0.990014 0.140972
    outer loop
      vertex 136.472 14.9554 155.566
      vertex 146.861 15.1838 153.962
      vertex 136.472 15.1838 153.962
    endloop
  endfacet
  facet normal 0 0.987598 0.157006
    outer loop
      vertex 146.861 14.9554 155.566
      vertex 136.472 14.7004 157.17
      vertex 146.861 14.7004 157.17
    endloop
  endfacet
  facet normal 0 0.987598 0.157006
    outer loop
      vertex 136.472 14.7004 157.17
      vertex 146.861 14.9554 155.566
      vertex 136.472 14.9554 155.566
    endloop
  endfacet
  facet normal 0 0.985135 0.171784
    outer loop
      vertex 146.861 14.7004 157.17
      vertex 136.472 14.4207 158.774
      vertex 146.861 14.4207 158.774
    endloop
  endfacet
  facet normal 0 0.985135 0.171784
    outer loop
      vertex 136.472 14.4207 158.774
      vertex 146.861 14.7004 157.17
      vertex 136.472 14.7004 157.17
    endloop
  endfacet
  facet normal 0 0.982712 0.18514
    outer loop
      vertex 146.861 14.4207 158.774
      vertex 136.472 14.1187 160.377
      vertex 146.861 14.1187 160.377
    endloop
  endfacet
  facet normal 0 0.982712 0.18514
    outer loop
      vertex 136.472 14.1187 160.377
      vertex 146.861 14.4207 158.774
      vertex 136.472 14.4207 158.774
    endloop
  endfacet
  facet normal 0 0.980428 0.19688
    outer loop
      vertex 146.861 14.1187 160.377
      vertex 136.472 13.7966 161.981
      vertex 146.861 13.7966 161.981
    endloop
  endfacet
  facet normal 0 0.980428 0.19688
    outer loop
      vertex 136.472 13.7966 161.981
      vertex 146.861 14.1187 160.377
      vertex 136.472 14.1187 160.377
    endloop
  endfacet
  facet normal 0 0.978301 0.207188
    outer loop
      vertex 146.861 13.7966 161.981
      vertex 136.472 13.4569 163.585
      vertex 146.861 13.4569 163.585
    endloop
  endfacet
  facet normal 0 0.978301 0.207188
    outer loop
      vertex 136.472 13.4569 163.585
      vertex 146.861 13.7966 161.981
      vertex 136.472 13.7966 161.981
    endloop
  endfacet
  facet normal 0 0.976347 0.216209
    outer loop
      vertex 146.861 13.4569 163.585
      vertex 136.472 13.1017 165.189
      vertex 146.861 13.1017 165.189
    endloop
  endfacet
  facet normal 0 0.976347 0.216209
    outer loop
      vertex 136.472 13.1017 165.189
      vertex 146.861 13.4569 163.585
      vertex 136.472 13.4569 163.585
    endloop
  endfacet
  facet normal 0 0.974633 0.223807
    outer loop
      vertex 146.861 13.1017 165.189
      vertex 136.472 12.7336 166.792
      vertex 146.861 12.7336 166.792
    endloop
  endfacet
  facet normal 0 0.974633 0.223807
    outer loop
      vertex 136.472 12.7336 166.792
      vertex 146.861 13.1017 165.189
      vertex 136.472 13.1017 165.189
    endloop
  endfacet
  facet normal 0 0.973229 0.229837
    outer loop
      vertex 146.861 12.7336 166.792
      vertex 136.472 12.3548 168.396
      vertex 146.861 12.3548 168.396
    endloop
  endfacet
  facet normal 0 0.973229 0.229837
    outer loop
      vertex 136.472 12.3548 168.396
      vertex 146.861 12.7336 166.792
      vertex 136.472 12.7336 166.792
    endloop
  endfacet
  facet normal 0 0.972078 0.234656
    outer loop
      vertex 146.861 12.3548 168.396
      vertex 136.472 11.9676 170
      vertex 146.861 11.9676 170
    endloop
  endfacet
  facet normal 0 0.972078 0.234656
    outer loop
      vertex 136.472 11.9676 170
      vertex 146.861 12.3548 168.396
      vertex 136.472 12.3548 168.396
    endloop
  endfacet
  facet normal 0 0.919689 -0.392647
    outer loop
      vertex 146.861 5.87106 0
      vertex 136.472 6.55576 1.60376
      vertex 146.861 6.55576 1.60376
    endloop
  endfacet
  facet normal 0 0.919689 -0.392647
    outer loop
      vertex 136.472 6.55576 1.60376
      vertex 146.861 5.87106 0
      vertex 136.472 5.87106 0
    endloop
  endfacet
  facet normal -1 0 0
    outer loop
      vertex 155.361 16.9865 107.453
      vertex 155.361 16.9998 110.66
      vertex 155.361 16.9996 109.057
    endloop
  endfacet
  facet normal -1 0 0
    outer loop
      vertex 155.361 16.9865 107.453
      vertex 155.361 16.9858 112.264
      vertex 155.361 16.9998 110.66
    endloop
  endfacet
  facet normal -1 0 0
    outer loop
      vertex 155.361 0 170
      vertex 155.361 16.9865 107.453
      vertex 155.361 16.9615 105.849
    endloop
  endfacet
  facet normal -1 0 0
    outer loop
      vertex 155.361 16.9865 107.453
      vertex 155.361 0 170
      vertex 155.361 16.9858 112.264
    endloop
  endfacet
  facet normal -1 0 0
    outer loop
      vertex 155.361 0 170
      vertex 155.361 16.9615 105.849
      vertex 155.361 16.9262 104.245
    endloop
  endfacet
  facet normal -1 0 0
    outer loop
      vertex 155.361 16.9858 112.264
      vertex 155.361 0 170
      vertex 155.361 16.9565 113.868
    endloop
  endfacet
  facet normal -1 0 0
    outer loop
      vertex 155.361 0 170
      vertex 155.361 16.9262 104.245
      vertex 155.361 16.8818 102.641
    endloop
  endfacet
  facet normal -1 0 0
    outer loop
      vertex 155.361 16.9565 113.868
      vertex 155.361 0 170
      vertex 155.361 16.9108 115.472
    endloop
  endfacet
  facet normal -1 0 0
    outer loop
      vertex 155.361 0 170
      vertex 155.361 16.8818 102.641
      vertex 155.361 16.8295 101.038
    endloop
  endfacet
  facet normal -1 0 0
    outer loop
      vertex 155.361 0 170
      vertex 155.361 16.8295 101.038
      vertex 155.361 16.7708 99.434
    endloop
  endfacet
  facet normal -1 0 0
    outer loop
      vertex 155.361 16.9108 115.472
      vertex 155.361 0 170
      vertex 155.361 16.8477 117.075
    endloop
  endfacet
  facet normal -1 0 0
    outer loop
      vertex 155.361 0 170
      vertex 155.361 16.7708 99.434
      vertex 155.361 16.7068 97.8302
    endloop
  endfacet
  facet normal -1 0 0
    outer loop
      vertex 155.361 16.8477 117.075
      vertex 155.361 0 170
      vertex 155.361 16.7664 118.679
    endloop
  endfacet
  facet normal -1 0 0
    outer loop
      vertex 155.361 0 170
      vertex 155.361 16.7068 97.8302
      vertex 155.361 16.6389 96.2264
    endloop
  endfacet
  facet normal -1 0 0
    outer loop
      vertex 155.361 0 170
      vertex 155.361 16.6389 96.2264
      vertex 155.361 16.5682 94.6226
    endloop
  endfacet
  facet normal -1 0 0
    outer loop
      vertex 155.361 16.7664 118.679
      vertex 155.361 0 170
      vertex 155.361 16.6663 120.283
    endloop
  endfacet
  facet normal -1 0 0
    outer loop
      vertex 155.361 0 170
      vertex 155.361 16.5682 94.6226
      vertex 155.361 16.496 93.0189
    endloop
  endfacet
  facet normal -1 0 0
    outer loop
      vertex 155.361 0 170
      vertex 155.361 16.496 93.0189
      vertex 155.361 16.4233 91.4151
    endloop
  endfacet
  facet normal -1 0 0
    outer loop
      vertex 155.361 16.6663 120.283
      vertex 155.361 0 170
      vertex 155.361 16.5468 121.887
    endloop
  endfacet
  facet normal -1 0 0
    outer loop
      vertex 155.361 0 170
      vertex 155.361 16.4233 91.4151
      vertex 155.361 16.3512 89.8113
    endloop
  endfacet
  facet normal -1 0 0
    outer loop
      vertex 155.361 0 170
      vertex 155.361 16.3512 89.8113
      vertex 155.361 16.2808 88.2075
    endloop
  endfacet
  facet normal -1 0 0
    outer loop
      vertex 155.361 16.5468 121.887
      vertex 155.361 0 170
      vertex 155.361 16.4075 123.491
    endloop
  endfacet
  facet normal -1 0 0
    outer loop
      vertex 155.361 0 170
      vertex 155.361 16.2808 88.2075
      vertex 155.361 16.2128 86.6038
    endloop
  endfacet
  facet normal -1 0 0
    outer loop
      vertex 155.361 0 170
      vertex 155.361 16.2128 86.6038
      vertex 155.361 16.1482 85
    endloop
  endfacet
  facet normal -1 0 0
    outer loop
      vertex 155.361 0 170
      vertex 155.361 16.1482 85
      vertex 155.361 16.0877 83.3962
    endloop
  endfacet
  facet normal -1 0 0
    outer loop
      vertex 155.361 16.4075 123.491
      vertex 155.361 0 170
      vertex 155.361 16.2481 125.094
    endloop
  endfacet
  facet normal -1 0 0
    outer loop
      vertex 155.361 0 170
      vertex 155.361 16.0877 83.3962
      vertex 155.361 16.0319 81.7924
    endloop
  endfacet
  facet normal -1 0 0
    outer loop
      vertex 155.361 0 170
      vertex 155.361 16.0319 81.7924
      vertex 155.361 15.9814 80.1887
    endloop
  endfacet
  facet normal -1 0 0
    outer loop
      vertex 155.361 0 170
      vertex 155.361 15.9814 80.1887
      vertex 155.361 15.9364 78.5849
    endloop
  endfacet
  facet normal -1 0 0
    outer loop
      vertex 155.361 0 170
      vertex 155.361 15.9364 78.5849
      vertex 155.361 15.8974 76.9811
    endloop
  endfacet
  facet normal -1 0 0
    outer loop
      vertex 155.361 16.2481 125.094
      vertex 155.361 0 170
      vertex 155.361 16.0688 126.698
    endloop
  endfacet
  facet normal -1 0 0
    outer loop
      vertex 155.361 0 0
      vertex 155.361 15.8974 76.9811
      vertex 155.361 15.8642 75.3773
    endloop
  endfacet
  facet normal -1 0 0
    outer loop
      vertex 155.361 0 0
      vertex 155.361 15.8642 75.3773
      vertex 155.361 15.837 73.7736
    endloop
  endfacet
  facet normal -1 0 0
    outer loop
      vertex 155.361 0 0
      vertex 155.361 15.837 73.7736
      vertex 155.361 15.8155 72.1698
    endloop
  endfacet
  facet normal -1 0 0
    outer loop
      vertex 155.361 0 0
      vertex 155.361 15.8155 72.1698
      vertex 155.361 15.7991 70.566
    endloop
  endfacet
  facet normal -1 0 0
    outer loop
      vertex 155.361 0 0
      vertex 155.361 15.7991 70.566
      vertex 155.361 15.7872 68.9622
    endloop
  endfacet
  facet normal -1 0 0
    outer loop
      vertex 155.361 0 0
      vertex 155.361 15.7872 68.9622
      vertex 155.361 15.779 67.3585
    endloop
  endfacet
  facet normal -1 0 0
    outer loop
      vertex 155.361 0 0
      vertex 155.361 15.779 67.3585
      vertex 155.361 15.7734 65.7547
    endloop
  endfacet
  facet normal -1 0 0
    outer loop
      vertex 155.361 0 0
      vertex 155.361 15.7734 65.7547
      vertex 155.361 15.769 64.1509
    endloop
  endfacet
  facet normal -1 0 0
    outer loop
      vertex 155.361 0 0
      vertex 155.361 15.769 64.1509
      vertex 155.361 15.7644 62.5472
    endloop
  endfacet
  facet normal -1 0 0
    outer loop
      vertex 155.361 7.16457 16.0377
      vertex 155.361 15.7644 62.5472
      vertex 155.361 15.7578 60.9434
    endloop
  endfacet
  facet normal -1 0 0
    outer loop
      vertex 155.361 7.16457 16.0377
      vertex 155.361 15.7578 60.9434
      vertex 155.361 15.7473 59.3396
    endloop
  endfacet
  facet normal -1 0 0
    outer loop
      vertex 155.361 7.77637 17.6415
      vertex 155.361 15.7473 59.3396
      vertex 155.361 15.7307 57.7358
    endloop
  endfacet
  facet normal -1 0 0
    outer loop
      vertex 155.361 8.38899 19.2453
      vertex 155.361 15.7307 57.7358
      vertex 155.361 15.7058 56.1321
    endloop
  endfacet
  facet normal -1 0 0
    outer loop
      vertex 155.361 8.38899 19.2453
      vertex 155.361 15.7058 56.1321
      vertex 155.361 15.6702 54.5283
    endloop
  endfacet
  facet normal -1 0 0
    outer loop
      vertex 155.361 16.0688 126.698
      vertex 155.361 0 170
      vertex 155.361 15.8695 128.302
    endloop
  endfacet
  facet normal -1 0 0
    outer loop
      vertex 155.361 8.99655 20.849
      vertex 155.361 15.6702 54.5283
      vertex 155.361 15.6213 52.9245
    endloop
  endfacet
  facet normal -1 0 0
    outer loop
      vertex 155.361 9.59366 22.4528
      vertex 155.361 15.6213 52.9245
      vertex 155.361 15.5565 51.3207
    endloop
  endfacet
  facet normal -1 0 0
    outer loop
      vertex 155.361 9.59366 22.4528
      vertex 155.361 15.5565 51.3207
      vertex 155.361 15.4733 49.717
    endloop
  endfacet
  facet normal -1 0 0
    outer loop
      vertex 155.361 15.8695 128.302
      vertex 155.361 0 170
      vertex 155.361 15.6507 129.906
    endloop
  endfacet
  facet normal -1 0 0
    outer loop
      vertex 155.361 10.1753 24.0566
      vertex 155.361 15.4733 49.717
      vertex 155.361 15.369 48.1132
    endloop
  endfacet
  facet normal -1 0 0
    outer loop
      vertex 155.361 10.1753 24.0566
      vertex 155.361 15.369 48.1132
      vertex 155.361 15.2412 46.5094
    endloop
  endfacet
  facet normal -1 0 0
    outer loop
      vertex 155.361 15.6507 129.906
      vertex 155.361 0 170
      vertex 155.361 15.4129 131.509
    endloop
  endfacet
  facet normal -1 0 0
    outer loop
      vertex 155.361 10.1753 24.0566
      vertex 155.361 15.2412 46.5094
      vertex 155.361 15.0874 44.9057
    endloop
  endfacet
  facet normal -1 0 0
    outer loop
      vertex 155.361 10.1753 24.0566
      vertex 155.361 15.0874 44.9057
      vertex 155.361 14.9054 43.3019
    endloop
  endfacet
  facet normal -1 0 0
    outer loop
      vertex 155.361 15.4129 131.509
      vertex 155.361 0 170
      vertex 155.361 15.1568 133.113
    endloop
  endfacet
  facet normal -1 0 0
    outer loop
      vertex 155.361 10.1753 24.0566
      vertex 155.361 14.9054 43.3019
      vertex 155.361 14.6932 41.6981
    endloop
  endfacet
  facet normal -1 0 0
    outer loop
      vertex 155.361 15.1568 133.113
      vertex 155.361 0 170
      vertex 155.361 14.8833 134.717
    endloop
  endfacet
  facet normal -1 0 0
    outer loop
      vertex 155.361 10.1753 24.0566
      vertex 155.361 14.6932 41.6981
      vertex 155.361 14.4491 40.0943
    endloop
  endfacet
  facet normal -1 0 0
    outer loop
      vertex 155.361 14.8833 134.717
      vertex 155.361 0 170
      vertex 155.361 14.5934 136.321
    endloop
  endfacet
  facet normal -1 0 0
    outer loop
      vertex 155.361 10.1753 24.0566
      vertex 155.361 14.4491 40.0943
      vertex 155.361 14.1718 38.4906
    endloop
  endfacet
  facet normal -1 0 0
    outer loop
      vertex 155.361 14.5934 136.321
      vertex 155.361 0 170
      vertex 155.361 14.2882 137.925
    endloop
  endfacet
  facet normal -1 0 0
    outer loop
      vertex 155.361 10.1753 24.0566
      vertex 155.361 14.1718 38.4906
      vertex 155.361 13.8602 36.8868
    endloop
  endfacet
  facet normal -1 0 0
    outer loop
      vertex 155.361 14.2882 137.925
      vertex 155.361 0 170
      vertex 155.361 13.969 139.528
    endloop
  endfacet
  facet normal -1 0 0
    outer loop
      vertex 155.361 10.1753 24.0566
      vertex 155.361 13.8602 36.8868
      vertex 155.361 13.5137 35.283
    endloop
  endfacet
  facet normal -1 0 0
    outer loop
      vertex 155.361 13.969 139.528
      vertex 155.361 0 170
      vertex 155.361 13.6374 141.132
    endloop
  endfacet
  facet normal -1 0 0
    outer loop
      vertex 155.361 10.1753 24.0566
      vertex 155.361 13.5137 35.283
      vertex 155.361 13.1324 33.6792
    endloop
  endfacet
  facet normal -1 0 0
    outer loop
      vertex 155.361 13.6374 141.132
      vertex 155.361 0 170
      vertex 155.361 13.2947 142.736
    endloop
  endfacet
  facet normal -1 0 0
    outer loop
      vertex 155.361 12.2674 30.4717
      vertex 155.361 13.1324 33.6792
      vertex 155.361 12.7166 32.0755
    endloop
  endfacet
  facet normal -1 0 0
    outer loop
      vertex 155.361 13.2947 142.736
      vertex 155.361 0 170
      vertex 155.361 12.9425 144.34
    endloop
  endfacet
  facet normal -1 0 0
    outer loop
      vertex 155.361 11.7862 28.8679
      vertex 155.361 13.1324 33.6792
      vertex 155.361 12.2674 30.4717
    endloop
  endfacet
  facet normal -1 0 0
    outer loop
      vertex 155.361 12.9425 144.34
      vertex 155.361 0 170
      vertex 155.361 12.5826 145.943
    endloop
  endfacet
  facet normal -1 0 0
    outer loop
      vertex 155.361 12.5826 145.943
      vertex 155.361 0 170
      vertex 155.361 12.2164 147.547
    endloop
  endfacet
  facet normal -1 0 0
    outer loop
      vertex 155.361 11.2752 27.2641
      vertex 155.361 13.1324 33.6792
      vertex 155.361 11.7862 28.8679
    endloop
  endfacet
  facet normal -1 0 0
    outer loop
      vertex 155.361 12.2164 147.547
      vertex 155.361 0 170
      vertex 155.361 11.8458 149.151
    endloop
  endfacet
  facet normal -1 0 0
    outer loop
      vertex 155.361 10.7371 25.6604
      vertex 155.361 13.1324 33.6792
      vertex 155.361 11.2752 27.2641
    endloop
  endfacet
  facet normal -1 0 0
    outer loop
      vertex 155.361 11.8458 149.151
      vertex 155.361 0 170
      vertex 155.361 11.4723 150.755
    endloop
  endfacet
  facet normal -1 0 0
    outer loop
      vertex 155.361 10.1753 24.0566
      vertex 155.361 13.1324 33.6792
      vertex 155.361 10.7371 25.6604
    endloop
  endfacet
  facet normal -1 0 0
    outer loop
      vertex 155.361 11.4723 150.755
      vertex 155.361 0 170
      vertex 155.361 11.0977 152.358
    endloop
  endfacet
  facet normal -1 0 0
    outer loop
      vertex 155.361 11.0977 152.358
      vertex 155.361 0 170
      vertex 155.361 10.7236 153.962
    endloop
  endfacet
  facet normal -1 0 0
    outer loop
      vertex 155.361 15.4733 49.717
      vertex 155.361 10.1753 24.0566
      vertex 155.361 9.59366 22.4528
    endloop
  endfacet
  facet normal -1 0 0
    outer loop
      vertex 155.361 10.7236 153.962
      vertex 155.361 0 170
      vertex 155.361 10.3516 155.566
    endloop
  endfacet
  facet normal -1 0 0
    outer loop
      vertex 155.361 10.3516 155.566
      vertex 155.361 0 170
      vertex 155.361 9.98325 157.17
    endloop
  endfacet
  facet normal -1 0 0
    outer loop
      vertex 155.361 15.6213 52.9245
      vertex 155.361 9.59366 22.4528
      vertex 155.361 8.99655 20.849
    endloop
  endfacet
  facet normal -1 0 0
    outer loop
      vertex 155.361 9.98325 157.17
      vertex 155.361 0 170
      vertex 155.361 9.61998 158.774
    endloop
  endfacet
  facet normal -1 0 0
    outer loop
      vertex 155.361 15.6702 54.5283
      vertex 155.361 8.99655 20.849
      vertex 155.361 8.38899 19.2453
    endloop
  endfacet
  facet normal -1 0 0
    outer loop
      vertex 155.361 9.61998 158.774
      vertex 155.361 0 170
      vertex 155.361 9.26324 160.377
    endloop
  endfacet
  facet normal -1 0 0
    outer loop
      vertex 155.361 9.26324 160.377
      vertex 155.361 0 170
      vertex 155.361 8.91438 161.981
    endloop
  endfacet
  facet normal -1 0 0
    outer loop
      vertex 155.361 15.7307 57.7358
      vertex 155.361 8.38899 19.2453
      vertex 155.361 7.77637 17.6415
    endloop
  endfacet
  facet normal -1 0 0
    outer loop
      vertex 155.361 8.91438 161.981
      vertex 155.361 0 170
      vertex 155.361 8.57471 163.585
    endloop
  endfacet
  facet normal -1 0 0
    outer loop
      vertex 155.361 8.57471 163.585
      vertex 155.361 0 170
      vertex 155.361 8.24539 165.189
    endloop
  endfacet
  facet normal -1 0 0
    outer loop
      vertex 155.361 15.7473 59.3396
      vertex 155.361 7.77637 17.6415
      vertex 155.361 7.16457 16.0377
    endloop
  endfacet
  facet normal -1 0 0
    outer loop
      vertex 155.361 8.24539 165.189
      vertex 155.361 0 170
      vertex 155.361 7.92757 166.792
    endloop
  endfacet
  facet normal -1 0 0
    outer loop
      vertex 155.361 7.92757 166.792
      vertex 155.361 0 170
      vertex 155.361 7.62231 168.396
    endloop
  endfacet
  facet normal -1 0 0
    outer loop
      vertex 155.361 15.7644 62.5472
      vertex 155.361 7.16457 16.0377
      vertex 155.361 0 0
    endloop
  endfacet
  facet normal -1 0 0
    outer loop
      vertex 155.361 0 0
      vertex 155.361 7.16457 16.0377
      vertex 155.361 6.55974 14.434
    endloop
  endfacet
  facet normal -1 0 0
    outer loop
      vertex 155.361 0 0
      vertex 155.361 6.55974 14.434
      vertex 155.361 5.96837 12.8302
    endloop
  endfacet
  facet normal -1 0 0
    outer loop
      vertex 155.361 0 0
      vertex 155.361 5.96837 12.8302
      vertex 155.361 5.39711 11.2264
    endloop
  endfacet
  facet normal -1 0 0
    outer loop
      vertex 155.361 0 0
      vertex 155.361 5.39711 11.2264
      vertex 155.361 4.85268 9.62263
    endloop
  endfacet
  facet normal -1 0 0
    outer loop
      vertex 155.361 0 0
      vertex 155.361 4.85268 9.62263
      vertex 155.361 4.34181 8.01886
    endloop
  endfacet
  facet normal -1 0 0
    outer loop
      vertex 155.361 0 0
      vertex 155.361 4.34181 8.01886
      vertex 155.361 3.87114 6.41508
    endloop
  endfacet
  facet normal -1 0 0
    outer loop
      vertex 155.361 0 0
      vertex 155.361 3.87114 6.41508
      vertex 155.361 3.44702 4.81131
    endloop
  endfacet
  facet normal -1 0 0
    outer loop
      vertex 155.361 0 0
      vertex 155.361 3.44702 4.81131
      vertex 155.361 3.07552 3.20753
    endloop
  endfacet
  facet normal -1 0 0
    outer loop
      vertex 155.361 0 0
      vertex 155.361 3.07552 3.20753
      vertex 155.361 2.76221 1.60376
    endloop
  endfacet
  facet normal -1 0 0
    outer loop
      vertex 155.361 0 0
      vertex 155.361 2.76221 1.60376
      vertex 155.361 2.51212 0
    endloop
  endfacet
  facet normal -1 -0 0
    outer loop
      vertex 155.361 15.8974 76.9811
      vertex 155.361 0 0
      vertex 155.361 0 170
    endloop
  endfacet
  facet normal -1 0 0
    outer loop
      vertex 155.361 7.62231 168.396
      vertex 155.361 0 170
      vertex 155.361 7.33061 170
    endloop
  endfacet
  facet normal 1 0 0
    outer loop
      vertex 165.75 16.9998 110.66
      vertex 165.75 16.9865 107.453
      vertex 165.75 16.9996 109.057
    endloop
  endfacet
  facet normal 1 0 0
    outer loop
      vertex 165.75 16.9858 112.264
      vertex 165.75 16.9865 107.453
      vertex 165.75 16.9998 110.66
    endloop
  endfacet
  facet normal 1 0 0
    outer loop
      vertex 165.75 0 170
      vertex 165.75 16.9865 107.453
      vertex 165.75 16.9858 112.264
    endloop
  endfacet
  facet normal 1 0 0
    outer loop
      vertex 165.75 0 170
      vertex 165.75 16.9858 112.264
      vertex 165.75 16.9565 113.868
    endloop
  endfacet
  facet normal 1 0 0
    outer loop
      vertex 165.75 16.9865 107.453
      vertex 165.75 0 170
      vertex 165.75 16.9615 105.849
    endloop
  endfacet
  facet normal 1 0 0
    outer loop
      vertex 165.75 0 170
      vertex 165.75 16.9565 113.868
      vertex 165.75 16.9108 115.472
    endloop
  endfacet
  facet normal 1 0 0
    outer loop
      vertex 165.75 16.9615 105.849
      vertex 165.75 0 170
      vertex 165.75 16.9262 104.245
    endloop
  endfacet
  facet normal 1 0 0
    outer loop
      vertex 165.75 0 170
      vertex 165.75 16.9108 115.472
      vertex 165.75 16.8477 117.075
    endloop
  endfacet
  facet normal 1 0 0
    outer loop
      vertex 165.75 16.9262 104.245
      vertex 165.75 0 170
      vertex 165.75 16.8818 102.641
    endloop
  endfacet
  facet normal 1 0 0
    outer loop
      vertex 165.75 16.8818 102.641
      vertex 165.75 0 170
      vertex 165.75 16.8295 101.038
    endloop
  endfacet
  facet normal 1 0 0
    outer loop
      vertex 165.75 0 170
      vertex 165.75 16.8477 117.075
      vertex 165.75 16.7664 118.679
    endloop
  endfacet
  facet normal 1 0 0
    outer loop
      vertex 165.75 16.8295 101.038
      vertex 165.75 0 170
      vertex 165.75 16.7708 99.434
    endloop
  endfacet
  facet normal 1 0 0
    outer loop
      vertex 165.75 0 170
      vertex 165.75 16.7664 118.679
      vertex 165.75 16.6663 120.283
    endloop
  endfacet
  facet normal 1 0 0
    outer loop
      vertex 165.75 16.7708 99.434
      vertex 165.75 0 170
      vertex 165.75 16.7068 97.8302
    endloop
  endfacet
  facet normal 1 0 0
    outer loop
      vertex 165.75 16.7068 97.8302
      vertex 165.75 0 170
      vertex 165.75 16.6389 96.2264
    endloop
  endfacet
  facet normal 1 0 0
    outer loop
      vertex 165.75 0 170
      vertex 165.75 16.6663 120.283
      vertex 165.75 16.5468 121.887
    endloop
  endfacet
  facet normal 1 0 0
    outer loop
      vertex 165.75 16.6389 96.2264
      vertex 165.75 0 170
      vertex 165.75 16.5682 94.6226
    endloop
  endfacet
  facet normal 1 0 0
    outer loop
      vertex 165.75 16.5682 94.6226
      vertex 165.75 0 170
      vertex 165.75 16.496 93.0189
    endloop
  endfacet
  facet normal 1 0 0
    outer loop
      vertex 165.75 0 170
      vertex 165.75 16.5468 121.887
      vertex 165.75 16.4075 123.491
    endloop
  endfacet
  facet normal 1 0 0
    outer loop
      vertex 165.75 16.496 93.0189
      vertex 165.75 0 170
      vertex 165.75 16.4233 91.4151
    endloop
  endfacet
  facet normal 1 0 0
    outer loop
      vertex 165.75 16.4233 91.4151
      vertex 165.75 0 170
      vertex 165.75 16.3512 89.8113
    endloop
  endfacet
  facet normal 1 0 0
    outer loop
      vertex 165.75 0 170
      vertex 165.75 16.4075 123.491
      vertex 165.75 16.2481 125.094
    endloop
  endfacet
  facet normal 1 0 0
    outer loop
      vertex 165.75 16.3512 89.8113
      vertex 165.75 0 170
      vertex 165.75 16.2808 88.2075
    endloop
  endfacet
  facet normal 1 0 0
    outer loop
      vertex 165.75 16.2808 88.2075
      vertex 165.75 0 170
      vertex 165.75 16.2128 86.6038
    endloop
  endfacet
  facet normal 1 0 0
    outer loop
      vertex 165.75 16.2128 86.6038
      vertex 165.75 0 170
      vertex 165.75 16.1482 85
    endloop
  endfacet
  facet normal 1 0 0
    outer loop
      vertex 165.75 0 170
      vertex 165.75 16.2481 125.094
      vertex 165.75 16.0688 126.698
    endloop
  endfacet
  facet normal 1 0 0
    outer loop
      vertex 165.75 16.1482 85
      vertex 165.75 0 170
      vertex 165.75 16.0877 83.3962
    endloop
  endfacet
  facet normal 1 0 0
    outer loop
      vertex 165.75 16.0877 83.3962
      vertex 165.75 0 170
      vertex 165.75 16.0319 81.7924
    endloop
  endfacet
  facet normal 1 0 0
    outer loop
      vertex 165.75 16.0319 81.7924
      vertex 165.75 0 170
      vertex 165.75 15.9814 80.1887
    endloop
  endfacet
  facet normal 1 0 0
    outer loop
      vertex 165.75 15.9814 80.1887
      vertex 165.75 0 170
      vertex 165.75 15.9364 78.5849
    endloop
  endfacet
  facet normal 1 0 0
    outer loop
      vertex 165.75 0 170
      vertex 165.75 16.0688 126.698
      vertex 165.75 15.8695 128.302
    endloop
  endfacet
  facet normal 1 0 0
    outer loop
      vertex 165.75 15.9364 78.5849
      vertex 165.75 0 170
      vertex 165.75 15.8974 76.9811
    endloop
  endfacet
  facet normal 1 0 0
    outer loop
      vertex 165.75 0 0
      vertex 165.75 15.8974 76.9811
      vertex 165.75 0 170
    endloop
  endfacet
  facet normal 1 0 0
    outer loop
      vertex 165.75 15.8974 76.9811
      vertex 165.75 0 0
      vertex 165.75 15.8642 75.3773
    endloop
  endfacet
  facet normal 1 0 0
    outer loop
      vertex 165.75 15.8642 75.3773
      vertex 165.75 0 0
      vertex 165.75 15.837 73.7736
    endloop
  endfacet
  facet normal 1 0 0
    outer loop
      vertex 165.75 15.837 73.7736
      vertex 165.75 0 0
      vertex 165.75 15.8155 72.1698
    endloop
  endfacet
  facet normal 1 0 0
    outer loop
      vertex 165.75 15.8155 72.1698
      vertex 165.75 0 0
      vertex 165.75 15.7991 70.566
    endloop
  endfacet
  facet normal 1 0 0
    outer loop
      vertex 165.75 15.7991 70.566
      vertex 165.75 0 0
      vertex 165.75 15.7872 68.9622
    endloop
  endfacet
  facet normal 1 0 0
    outer loop
      vertex 165.75 15.7872 68.9622
      vertex 165.75 0 0
      vertex 165.75 15.779 67.3585
    endloop
  endfacet
  facet normal 1 0 0
    outer loop
      vertex 165.75 15.779 67.3585
      vertex 165.75 0 0
      vertex 165.75 15.7734 65.7547
    endloop
  endfacet
  facet normal 1 0 0
    outer loop
      vertex 165.75 15.7734 65.7547
      vertex 165.75 0 0
      vertex 165.75 15.769 64.1509
    endloop
  endfacet
  facet normal 1 0 0
    outer loop
      vertex 165.75 15.769 64.1509
      vertex 165.75 0 0
      vertex 165.75 15.7644 62.5472
    endloop
  endfacet
  facet normal 1 0 -0
    outer loop
      vertex 165.75 7.16457 16.0377
      vertex 165.75 15.7644 62.5472
      vertex 165.75 0 0
    endloop
  endfacet
  facet normal 1 0 0
    outer loop
      vertex 165.75 15.7644 62.5472
      vertex 165.75 7.16457 16.0377
      vertex 165.75 15.7578 60.9434
    endloop
  endfacet
  facet normal 1 0 0
    outer loop
      vertex 165.75 15.7578 60.9434
      vertex 165.75 7.16457 16.0377
      vertex 165.75 15.7473 59.3396
    endloop
  endfacet
  facet normal 1 0 0
    outer loop
      vertex 165.75 0 170
      vertex 165.75 15.8695 128.302
      vertex 165.75 15.6507 129.906
    endloop
  endfacet
  facet normal 1 0 -0
    outer loop
      vertex 165.75 7.77637 17.6415
      vertex 165.75 15.7473 59.3396
      vertex 165.75 7.16457 16.0377
    endloop
  endfacet
  facet normal 1 0 0
    outer loop
      vertex 165.75 15.7473 59.3396
      vertex 165.75 7.77637 17.6415
      vertex 165.75 15.7307 57.7358
    endloop
  endfacet
  facet normal 1 0 -0
    outer loop
      vertex 165.75 8.38899 19.2453
      vertex 165.75 15.7307 57.7358
      vertex 165.75 7.77637 17.6415
    endloop
  endfacet
  facet normal 1 0 0
    outer loop
      vertex 165.75 0 170
      vertex 165.75 15.6507 129.906
      vertex 165.75 15.4129 131.509
    endloop
  endfacet
  facet normal 1 0 0
    outer loop
      vertex 165.75 15.7307 57.7358
      vertex 165.75 8.38899 19.2453
      vertex 165.75 15.7058 56.1321
    endloop
  endfacet
  facet normal 1 0 0
    outer loop
      vertex 165.75 15.7058 56.1321
      vertex 165.75 8.38899 19.2453
      vertex 165.75 15.6702 54.5283
    endloop
  endfacet
  facet normal 1 0 0
    outer loop
      vertex 165.75 0 170
      vertex 165.75 15.4129 131.509
      vertex 165.75 15.1568 133.113
    endloop
  endfacet
  facet normal 1 0 -0
    outer loop
      vertex 165.75 8.99655 20.849
      vertex 165.75 15.6702 54.5283
      vertex 165.75 8.38899 19.2453
    endloop
  endfacet
  facet normal 1 0 0
    outer loop
      vertex 165.75 15.6702 54.5283
      vertex 165.75 8.99655 20.849
      vertex 165.75 15.6213 52.9245
    endloop
  endfacet
  facet normal 1 0 0
    outer loop
      vertex 165.75 0 170
      vertex 165.75 15.1568 133.113
      vertex 165.75 14.8833 134.717
    endloop
  endfacet
  facet normal 1 0 -0
    outer loop
      vertex 165.75 9.59366 22.4528
      vertex 165.75 15.6213 52.9245
      vertex 165.75 8.99655 20.849
    endloop
  endfacet
  facet normal 1 0 0
    outer loop
      vertex 165.75 0 170
      vertex 165.75 14.8833 134.717
      vertex 165.75 14.5934 136.321
    endloop
  endfacet
  facet normal 1 0 0
    outer loop
      vertex 165.75 15.6213 52.9245
      vertex 165.75 9.59366 22.4528
      vertex 165.75 15.5565 51.3207
    endloop
  endfacet
  facet normal 1 0 0
    outer loop
      vertex 165.75 0 170
      vertex 165.75 14.5934 136.321
      vertex 165.75 14.2882 137.925
    endloop
  endfacet
  facet normal 1 0 0
    outer loop
      vertex 165.75 15.5565 51.3207
      vertex 165.75 9.59366 22.4528
      vertex 165.75 15.4733 49.717
    endloop
  endfacet
  facet normal 1 0 0
    outer loop
      vertex 165.75 0 170
      vertex 165.75 14.2882 137.925
      vertex 165.75 13.969 139.528
    endloop
  endfacet
  facet normal 1 0 -0
    outer loop
      vertex 165.75 10.1753 24.0566
      vertex 165.75 15.4733 49.717
      vertex 165.75 9.59366 22.4528
    endloop
  endfacet
  facet normal 1 0 0
    outer loop
      vertex 165.75 0 170
      vertex 165.75 13.969 139.528
      vertex 165.75 13.6374 141.132
    endloop
  endfacet
  facet normal 1 0 0
    outer loop
      vertex 165.75 15.2412 46.5094
      vertex 165.75 10.1753 24.0566
      vertex 165.75 15.0874 44.9057
    endloop
  endfacet
  facet normal 1 0 0
    outer loop
      vertex 165.75 0 170
      vertex 165.75 13.6374 141.132
      vertex 165.75 13.2947 142.736
    endloop
  endfacet
  facet normal 1 0 0
    outer loop
      vertex 165.75 15.0874 44.9057
      vertex 165.75 10.1753 24.0566
      vertex 165.75 14.9054 43.3019
    endloop
  endfacet
  facet normal 1 0 0
    outer loop
      vertex 165.75 0 170
      vertex 165.75 13.2947 142.736
      vertex 165.75 12.9425 144.34
    endloop
  endfacet
  facet normal 1 0 0
    outer loop
      vertex 165.75 14.6932 41.6981
      vertex 165.75 10.1753 24.0566
      vertex 165.75 14.4491 40.0943
    endloop
  endfacet
  facet normal 1 0 0
    outer loop
      vertex 165.75 0 170
      vertex 165.75 12.9425 144.34
      vertex 165.75 12.5826 145.943
    endloop
  endfacet
  facet normal 1 0 0
    outer loop
      vertex 165.75 14.1718 38.4906
      vertex 165.75 10.1753 24.0566
      vertex 165.75 13.8602 36.8868
    endloop
  endfacet
  facet normal 1 0 0
    outer loop
      vertex 165.75 0 170
      vertex 165.75 12.5826 145.943
      vertex 165.75 12.2164 147.547
    endloop
  endfacet
  facet normal 1 0 0
    outer loop
      vertex 165.75 0 170
      vertex 165.75 12.2164 147.547
      vertex 165.75 11.8458 149.151
    endloop
  endfacet
  facet normal 1 0 0
    outer loop
      vertex 165.75 13.1324 33.6792
      vertex 165.75 12.2674 30.4717
      vertex 165.75 12.7166 32.0755
    endloop
  endfacet
  facet normal 1 0 0
    outer loop
      vertex 165.75 0 170
      vertex 165.75 11.8458 149.151
      vertex 165.75 11.4723 150.755
    endloop
  endfacet
  facet normal 1 0 0
    outer loop
      vertex 165.75 13.1324 33.6792
      vertex 165.75 11.7862 28.8679
      vertex 165.75 12.2674 30.4717
    endloop
  endfacet
  facet normal 1 0 0
    outer loop
      vertex 165.75 0 170
      vertex 165.75 11.4723 150.755
      vertex 165.75 11.0977 152.358
    endloop
  endfacet
  facet normal 1 0 0
    outer loop
      vertex 165.75 13.1324 33.6792
      vertex 165.75 11.2752 27.2641
      vertex 165.75 11.7862 28.8679
    endloop
  endfacet
  facet normal 1 0 0
    outer loop
      vertex 165.75 0 170
      vertex 165.75 11.0977 152.358
      vertex 165.75 10.7236 153.962
    endloop
  endfacet
  facet normal 1 0 0
    outer loop
      vertex 165.75 0 170
      vertex 165.75 10.7236 153.962
      vertex 165.75 10.3516 155.566
    endloop
  endfacet
  facet normal 1 0 0
    outer loop
      vertex 165.75 13.1324 33.6792
      vertex 165.75 10.7371 25.6604
      vertex 165.75 11.2752 27.2641
    endloop
  endfacet
  facet normal 1 0 0
    outer loop
      vertex 165.75 0 170
      vertex 165.75 10.3516 155.566
      vertex 165.75 9.98325 157.17
    endloop
  endfacet
  facet normal 1 0 0
    outer loop
      vertex 165.75 0 170
      vertex 165.75 9.98325 157.17
      vertex 165.75 9.61998 158.774
    endloop
  endfacet
  facet normal 1 0 0
    outer loop
      vertex 165.75 13.1324 33.6792
      vertex 165.75 10.1753 24.0566
      vertex 165.75 10.7371 25.6604
    endloop
  endfacet
  facet normal 1 0 0
    outer loop
      vertex 165.75 0 170
      vertex 165.75 9.61998 158.774
      vertex 165.75 9.26324 160.377
    endloop
  endfacet
  facet normal 1 0 0
    outer loop
      vertex 165.75 13.5137 35.283
      vertex 165.75 10.1753 24.0566
      vertex 165.75 13.1324 33.6792
    endloop
  endfacet
  facet normal 1 0 0
    outer loop
      vertex 165.75 0 170
      vertex 165.75 9.26324 160.377
      vertex 165.75 8.91438 161.981
    endloop
  endfacet
  facet normal 1 0 0
    outer loop
      vertex 165.75 0 170
      vertex 165.75 8.91438 161.981
      vertex 165.75 8.57471 163.585
    endloop
  endfacet
  facet normal 1 0 0
    outer loop
      vertex 165.75 13.8602 36.8868
      vertex 165.75 10.1753 24.0566
      vertex 165.75 13.5137 35.283
    endloop
  endfacet
  facet normal 1 0 0
    outer loop
      vertex 165.75 0 170
      vertex 165.75 8.57471 163.585
      vertex 165.75 8.24539 165.189
    endloop
  endfacet
  facet normal 1 0 0
    outer loop
      vertex 165.75 0 170
      vertex 165.75 8.24539 165.189
      vertex 165.75 7.92757 166.792
    endloop
  endfacet
  facet normal 1 0 0
    outer loop
      vertex 165.75 14.4491 40.0943
      vertex 165.75 10.1753 24.0566
      vertex 165.75 14.1718 38.4906
    endloop
  endfacet
  facet normal 1 0 0
    outer loop
      vertex 165.75 0 170
      vertex 165.75 7.92757 166.792
      vertex 165.75 7.62231 168.396
    endloop
  endfacet
  facet normal 1 -0 0
    outer loop
      vertex 165.75 0 170
      vertex 165.75 7.62231 168.396
      vertex 165.75 7.33061 170
    endloop
  endfacet
  facet normal 1 0 0
    outer loop
      vertex 165.75 14.9054 43.3019
      vertex 165.75 10.1753 24.0566
      vertex 165.75 14.6932 41.6981
    endloop
  endfacet
  facet normal 1 0 0
    outer loop
      vertex 165.75 15.369 48.1132
      vertex 165.75 10.1753 24.0566
      vertex 165.75 15.2412 46.5094
    endloop
  endfacet
  facet normal 1 0 0
    outer loop
      vertex 165.75 15.4733 49.717
      vertex 165.75 10.1753 24.0566
      vertex 165.75 15.369 48.1132
    endloop
  endfacet
  facet normal 1 0 0
    outer loop
      vertex 165.75 7.16457 16.0377
      vertex 165.75 0 0
      vertex 165.75 6.55974 14.434
    endloop
  endfacet
  facet normal 1 0 0
    outer loop
      vertex 165.75 6.55974 14.434
      vertex 165.75 0 0
      vertex 165.75 5.96837 12.8302
    endloop
  endfacet
  facet normal 1 0 0
    outer loop
      vertex 165.75 5.96837 12.8302
      vertex 165.75 0 0
      vertex 165.75 5.39711 11.2264
    endloop
  endfacet
  facet normal 1 0 0
    outer loop
      vertex 165.75 5.39711 11.2264
      vertex 165.75 0 0
      vertex 165.75 4.85268 9.62263
    endloop
  endfacet
  facet normal 1 0 0
    outer loop
      vertex 165.75 4.85268 9.62263
      vertex 165.75 0 0
      vertex 165.75 4.34181 8.01886
    endloop
  endfacet
  facet normal 1 0 0
    outer loop
      vertex 165.75 4.34181 8.01886
      vertex 165.75 0 0
      vertex 165.75 3.87114 6.41508
    endloop
  endfacet
  facet normal 1 0 0
    outer loop
      vertex 165.75 3.87114 6.41508
      vertex 165.75 0 0
      vertex 165.75 3.44702 4.81131
    endloop
  endfacet
  facet normal 1 0 0
    outer loop
      vertex 165.75 3.44702 4.81131
      vertex 165.75 0 0
      vertex 165.75 3.07552 3.20753
    endloop
  endfacet
  facet normal 1 0 0
    outer loop
      vertex 165.75 3.07552 3.20753
      vertex 165.75 0 0
      vertex 165.75 2.76221 1.60376
    endloop
  endfacet
  facet normal 1 0 0
    outer loop
      vertex 165.75 2.76221 1.60376
      vertex 165.75 0 0
      vertex 165.75 2.51212 0
    endloop
  endfacet
  facet normal 0 0.981447 -0.191734
    outer loop
      vertex 165.75 2.76221 1.60376
      vertex 155.361 3.07552 3.20753
      vertex 165.75 3.07552 3.20753
    endloop
  endfacet
  facet normal 0 0.981447 -0.191734
    outer loop
      vertex 155.361 3.07552 3.20753
      vertex 165.75 2.76221 1.60376
      vertex 155.361 2.76221 1.60376
    endloop
  endfacet
  facet normal 0 0.974205 -0.225665
    outer loop
      vertex 165.75 3.07552 3.20753
      vertex 155.361 3.44702 4.81131
      vertex 165.75 3.44702 4.81131
    endloop
  endfacet
  facet normal 0 0.974205 -0.225665
    outer loop
      vertex 155.361 3.44702 4.81131
      vertex 165.75 3.07552 3.20753
      vertex 155.361 3.07552 3.20753
    endloop
  endfacet
  facet normal 0 0.966766 -0.255663
    outer loop
      vertex 165.75 3.44702 4.81131
      vertex 155.361 3.87114 6.41508
      vertex 165.75 3.87114 6.41508
    endloop
  endfacet
  facet normal 0 0.966766 -0.255663
    outer loop
      vertex 155.361 3.87114 6.41508
      vertex 165.75 3.44702 4.81131
      vertex 155.361 3.44702 4.81131
    endloop
  endfacet
  facet normal 0 0.959532 -0.281599
    outer loop
      vertex 165.75 3.87114 6.41508
      vertex 155.361 4.34181 8.01886
      vertex 165.75 4.34181 8.01886
    endloop
  endfacet
  facet normal 0 0.959532 -0.281599
    outer loop
      vertex 155.361 4.34181 8.01886
      vertex 165.75 3.87114 6.41508
      vertex 155.361 3.87114 6.41508
    endloop
  endfacet
  facet normal 0 0.952826 -0.303516
    outer loop
      vertex 165.75 4.34181 8.01886
      vertex 155.361 4.85268 9.62263
      vertex 165.75 4.85268 9.62263
    endloop
  endfacet
  facet normal 0 0.952826 -0.303516
    outer loop
      vertex 155.361 4.85268 9.62263
      vertex 165.75 4.34181 8.01886
      vertex 155.361 4.34181 8.01886
    endloop
  endfacet
  facet normal 0 0.946926 -0.321452
    outer loop
      vertex 165.75 4.85268 9.62263
      vertex 155.361 5.39711 11.2264
      vertex 165.75 5.39711 11.2264
    endloop
  endfacet
  facet normal 0 0.946926 -0.321452
    outer loop
      vertex 155.361 5.39711 11.2264
      vertex 165.75 4.85268 9.62263
      vertex 155.361 4.85268 9.62263
    endloop
  endfacet
  facet normal 0 0.942025 -0.335541
    outer loop
      vertex 165.75 5.39711 11.2264
      vertex 155.361 5.96837 12.8302
      vertex 165.75 5.96837 12.8302
    endloop
  endfacet
  facet normal 0 0.942025 -0.335541
    outer loop
      vertex 155.361 5.96837 12.8302
      vertex 165.75 5.39711 11.2264
      vertex 155.361 5.39711 11.2264
    endloop
  endfacet
  facet normal 0 0.938249 -0.345961
    outer loop
      vertex 165.75 5.96837 12.8302
      vertex 155.361 6.55974 14.434
      vertex 165.75 6.55974 14.434
    endloop
  endfacet
  facet normal 0 0.938249 -0.345961
    outer loop
      vertex 155.361 6.55974 14.434
      vertex 165.75 5.96837 12.8302
      vertex 155.361 5.96837 12.8302
    endloop
  endfacet
  facet normal 0 0.935667 -0.352884
    outer loop
      vertex 165.75 6.55974 14.434
      vertex 155.361 7.16457 16.0377
      vertex 165.75 7.16457 16.0377
    endloop
  endfacet
  facet normal 0 0.935667 -0.352884
    outer loop
      vertex 155.361 7.16457 16.0377
      vertex 165.75 6.55974 14.434
      vertex 155.361 6.55974 14.434
    endloop
  endfacet
  facet normal 0 0.934327 -0.356417
    outer loop
      vertex 165.75 7.16457 16.0377
      vertex 155.361 7.77637 17.6415
      vertex 165.75 7.77637 17.6415
    endloop
  endfacet
  facet normal 0 0.934327 -0.356417
    outer loop
      vertex 155.361 7.77637 17.6415
      vertex 165.75 7.16457 16.0377
      vertex 155.361 7.16457 16.0377
    endloop
  endfacet
  facet normal 0 0.934168 -0.356834
    outer loop
      vertex 165.75 7.77637 17.6415
      vertex 155.361 8.38899 19.2453
      vertex 165.75 8.38899 19.2453
    endloop
  endfacet
  facet normal 0 0.934168 -0.356834
    outer loop
      vertex 155.361 8.38899 19.2453
      vertex 165.75 7.77637 17.6415
      vertex 155.361 7.77637 17.6415
    endloop
  endfacet
  facet normal 0 0.935141 -0.354277
    outer loop
      vertex 165.75 8.38899 19.2453
      vertex 155.361 8.99655 20.849
      vertex 165.75 8.99655 20.849
    endloop
  endfacet
  facet normal 0 0.935141 -0.354277
    outer loop
      vertex 155.361 8.99655 20.849
      vertex 165.75 8.38899 19.2453
      vertex 155.361 8.38899 19.2453
    endloop
  endfacet
  facet normal 0 0.937156 -0.348912
    outer loop
      vertex 165.75 8.99655 20.849
      vertex 155.361 9.59366 22.4528
      vertex 165.75 9.59366 22.4528
    endloop
  endfacet
  facet normal 0 0.937156 -0.348912
    outer loop
      vertex 155.361 9.59366 22.4528
      vertex 165.75 8.99655 20.849
      vertex 155.361 8.99655 20.849
    endloop
  endfacet
  facet normal 0 0.940087 -0.340935
    outer loop
      vertex 165.75 9.59366 22.4528
      vertex 155.361 10.1753 24.0566
      vertex 165.75 10.1753 24.0566
    endloop
  endfacet
  facet normal 0 0.940087 -0.340935
    outer loop
      vertex 155.361 10.1753 24.0566
      vertex 165.75 9.59366 22.4528
      vertex 155.361 9.59366 22.4528
    endloop
  endfacet
  facet normal 0 0.943772 -0.330597
    outer loop
      vertex 165.75 10.1753 24.0566
      vertex 155.361 10.7371 25.6604
      vertex 165.75 10.7371 25.6604
    endloop
  endfacet
  facet normal 0 0.943772 -0.330597
    outer loop
      vertex 155.361 10.7371 25.6604
      vertex 165.75 10.1753 24.0566
      vertex 155.361 10.1753 24.0566
    endloop
  endfacet
  facet normal 0 0.948055 -0.318107
    outer loop
      vertex 165.75 10.7371 25.6604
      vertex 155.361 11.2752 27.2641
      vertex 165.75 11.2752 27.2641
    endloop
  endfacet
  facet normal 0 0.948055 -0.318107
    outer loop
      vertex 155.361 11.2752 27.2641
      vertex 165.75 10.7371 25.6604
      vertex 155.361 10.7371 25.6604
    endloop
  endfacet
  facet normal 0 0.952806 -0.303581
    outer loop
      vertex 165.75 11.2752 27.2641
      vertex 155.361 11.7862 28.8679
      vertex 165.75 11.7862 28.8679
    endloop
  endfacet
  facet normal 0 0.952806 -0.303581
    outer loop
      vertex 155.361 11.7862 28.8679
      vertex 165.75 11.2752 27.2641
      vertex 155.361 11.2752 27.2641
    endloop
  endfacet
  facet normal 0 0.957816 -0.287381
    outer loop
      vertex 165.75 11.7862 28.8679
      vertex 155.361 12.2674 30.4717
      vertex 165.75 12.2674 30.4717
    endloop
  endfacet
  facet normal 0 0.957816 -0.287381
    outer loop
      vertex 155.361 12.2674 30.4717
      vertex 165.75 11.7862 28.8679
      vertex 155.361 11.7862 28.8679
    endloop
  endfacet
  facet normal 0 0.962943 -0.269706
    outer loop
      vertex 165.75 12.2674 30.4717
      vertex 155.361 12.7166 32.0755
      vertex 165.75 12.7166 32.0755
    endloop
  endfacet
  facet normal 0 0.962943 -0.269706
    outer loop
      vertex 155.361 12.7166 32.0755
      vertex 165.75 12.2674 30.4717
      vertex 155.361 12.2674 30.4717
    endloop
  endfacet
  facet normal 0 0.967993 -0.250977
    outer loop
      vertex 165.75 12.7166 32.0755
      vertex 155.361 13.1324 33.6792
      vertex 165.75 13.1324 33.6792
    endloop
  endfacet
  facet normal 0 0.967993 -0.250977
    outer loop
      vertex 155.361 13.1324 33.6792
      vertex 165.75 12.7166 32.0755
      vertex 155.361 12.7166 32.0755
    endloop
  endfacet
  facet normal 0 0.972882 -0.231301
    outer loop
      vertex 165.75 13.1324 33.6792
      vertex 155.361 13.5137 35.283
      vertex 165.75 13.5137 35.283
    endloop
  endfacet
  facet normal 0 0.972882 -0.231301
    outer loop
      vertex 155.361 13.5137 35.283
      vertex 165.75 13.1324 33.6792
      vertex 155.361 13.1324 33.6792
    endloop
  endfacet
  facet normal 0 0.977448 -0.211177
    outer loop
      vertex 165.75 13.5137 35.283
      vertex 155.361 13.8602 36.8868
      vertex 165.75 13.8602 36.8868
    endloop
  endfacet
  facet normal 0 0.977448 -0.211177
    outer loop
      vertex 155.361 13.8602 36.8868
      vertex 165.75 13.5137 35.283
      vertex 155.361 13.5137 35.283
    endloop
  endfacet
  facet normal 0 0.981644 -0.190722
    outer loop
      vertex 165.75 13.8602 36.8868
      vertex 155.361 14.1718 38.4906
      vertex 165.75 14.1718 38.4906
    endloop
  endfacet
  facet normal 0 0.981644 -0.190722
    outer loop
      vertex 155.361 14.1718 38.4906
      vertex 165.75 13.8602 36.8868
      vertex 155.361 13.8602 36.8868
    endloop
  endfacet
  facet normal 0 0.985378 -0.170384
    outer loop
      vertex 165.75 14.1718 38.4906
      vertex 155.361 14.4491 40.0943
      vertex 165.75 14.4491 40.0943
    endloop
  endfacet
  facet normal 0 0.985378 -0.170384
    outer loop
      vertex 155.361 14.4491 40.0943
      vertex 165.75 14.1718 38.4906
      vertex 155.361 14.1718 38.4906
    endloop
  endfacet
  facet normal 0 0.988615 -0.150468
    outer loop
      vertex 165.75 14.4491 40.0943
      vertex 155.361 14.6932 41.6981
      vertex 165.75 14.6932 41.6981
    endloop
  endfacet
  facet normal 0 0.988615 -0.150468
    outer loop
      vertex 155.361 14.6932 41.6981
      vertex 165.75 14.4491 40.0943
      vertex 155.361 14.4491 40.0943
    endloop
  endfacet
  facet normal 0 0.99136 -0.131168
    outer loop
      vertex 165.75 14.6932 41.6981
      vertex 155.361 14.9054 43.3019
      vertex 165.75 14.9054 43.3019
    endloop
  endfacet
  facet normal 0 0.99136 -0.131168
    outer loop
      vertex 155.361 14.9054 43.3019
      vertex 165.75 14.6932 41.6981
      vertex 155.361 14.6932 41.6981
    endloop
  endfacet
  facet normal 0 0.993623 -0.112757
    outer loop
      vertex 165.75 14.9054 43.3019
      vertex 155.361 15.0874 44.9057
      vertex 165.75 15.0874 44.9057
    endloop
  endfacet
  facet normal 0 0.993623 -0.112757
    outer loop
      vertex 155.361 15.0874 44.9057
      vertex 165.75 14.9054 43.3019
      vertex 155.361 14.9054 43.3019
    endloop
  endfacet
  facet normal 0 0.995433 -0.0954652
    outer loop
      vertex 165.75 15.0874 44.9057
      vertex 155.361 15.2412 46.5094
      vertex 165.75 15.2412 46.5094
    endloop
  endfacet
  facet normal 0 0.995433 -0.0954652
    outer loop
      vertex 155.361 15.2412 46.5094
      vertex 165.75 15.0874 44.9057
      vertex 155.361 15.0874 44.9057
    endloop
  endfacet
  facet normal 0 0.99684 -0.0794339
    outer loop
      vertex 165.75 15.2412 46.5094
      vertex 155.361 15.369 48.1132
      vertex 165.75 15.369 48.1132
    endloop
  endfacet
  facet normal 0 0.99684 -0.0794339
    outer loop
      vertex 155.361 15.369 48.1132
      vertex 165.75 15.2412 46.5094
      vertex 155.361 15.2412 46.5094
    endloop
  endfacet
  facet normal 0 0.997892 -0.064896
    outer loop
      vertex 165.75 15.369 48.1132
      vertex 155.361 15.4733 49.717
      vertex 165.75 15.4733 49.717
    endloop
  endfacet
  facet normal 0 0.997892 -0.064896
    outer loop
      vertex 155.361 15.4733 49.717
      vertex 165.75 15.369 48.1132
      vertex 155.361 15.369 48.1132
    endloop
  endfacet
  facet normal 0 0.998657 -0.0518103
    outer loop
      vertex 165.75 15.4733 49.717
      vertex 155.361 15.5565 51.3207
      vertex 165.75 15.5565 51.3207
    endloop
  endfacet
  facet normal 0 0.998657 -0.0518103
    outer loop
      vertex 155.361 15.5565 51.3207
      vertex 165.75 15.4733 49.717
      vertex 155.361 15.4733 49.717
    endloop
  endfacet
  facet normal 0 0.999185 -0.0403711
    outer loop
      vertex 165.75 15.5565 51.3207
      vertex 155.361 15.6213 52.9245
      vertex 165.75 15.6213 52.9245
    endloop
  endfacet
  facet normal 0 0.999185 -0.0403711
    outer loop
      vertex 155.361 15.6213 52.9245
      vertex 165.75 15.5565 51.3207
      vertex 155.361 15.5565 51.3207
    endloop
  endfacet
  facet normal 0 0.999536 -0.0304759
    outer loop
      vertex 165.75 15.6213 52.9245
      vertex 155.361 15.6702 54.5283
      vertex 165.75 15.6702 54.5283
    endloop
  endfacet
  facet normal 0 0.999536 -0.0304759
    outer loop
      vertex 155.361 15.6702 54.5283
      vertex 165.75 15.6213 52.9245
      vertex 155.361 15.6213 52.9245
    endloop
  endfacet
  facet normal 0 0.999754 -0.0221918
    outer loop
      vertex 165.75 15.6702 54.5283
      vertex 155.361 15.7058 56.1321
      vertex 165.75 15.7058 56.1321
    endloop
  endfacet
  facet normal 0 0.999754 -0.0221918
    outer loop
      vertex 155.361 15.7058 56.1321
      vertex 165.75 15.6702 54.5283
      vertex 155.361 15.6702 54.5283
    endloop
  endfacet
  facet normal 0 0.999879 -0.0155247
    outer loop
      vertex 165.75 15.7058 56.1321
      vertex 155.361 15.7307 57.7358
      vertex 165.75 15.7307 57.7358
    endloop
  endfacet
  facet normal 0 0.999879 -0.0155247
    outer loop
      vertex 155.361 15.7307 57.7358
      vertex 165.75 15.7058 56.1321
      vertex 155.361 15.7058 56.1321
    endloop
  endfacet
  facet normal 0 0.999946 -0.0103499
    outer loop
      vertex 165.75 15.7307 57.7358
      vertex 155.361 15.7473 59.3396
      vertex 165.75 15.7473 59.3396
    endloop
  endfacet
  facet normal 0 0.999946 -0.0103499
    outer loop
      vertex 155.361 15.7473 59.3396
      vertex 165.75 15.7307 57.7358
      vertex 155.361 15.7307 57.7358
    endloop
  endfacet
  facet normal 0 0.999979 -0.00654681
    outer loop
      vertex 165.75 15.7473 59.3396
      vertex 155.361 15.7578 60.9434
      vertex 165.75 15.7578 60.9434
    endloop
  endfacet
  facet normal 0 0.999979 -0.00654681
    outer loop
      vertex 155.361 15.7578 60.9434
      vertex 165.75 15.7473 59.3396
      vertex 155.361 15.7473 59.3396
    endloop
  endfacet
  facet normal 0 0.999992 -0.00411519
    outer loop
      vertex 165.75 15.7578 60.9434
      vertex 155.361 15.7644 62.5472
      vertex 165.75 15.7644 62.5472
    endloop
  endfacet
  facet normal 0 0.999992 -0.00411519
    outer loop
      vertex 155.361 15.7644 62.5472
      vertex 165.75 15.7578 60.9434
      vertex 155.361 15.7578 60.9434
    endloop
  endfacet
  facet normal 0 0.999996 -0.00286836
    outer loop
      vertex 165.75 15.7644 62.5472
      vertex 155.361 15.769 64.1509
      vertex 165.75 15.769 64.1509
    endloop
  endfacet
  facet normal 0 0.999996 -0.00286836
    outer loop
      vertex 155.361 15.769 64.1509
      vertex 165.75 15.7644 62.5472
      vertex 155.361 15.7644 62.5472
    endloop
  endfacet
  facet normal 0 0.999996 -0.00274347
    outer loop
      vertex 165.75 15.769 64.1509
      vertex 155.361 15.7734 65.7547
      vertex 165.75 15.7734 65.7547
    endloop
  endfacet
  facet normal 0 0.999996 -0.00274347
    outer loop
      vertex 155.361 15.7734 65.7547
      vertex 165.75 15.769 64.1509
      vertex 155.361 15.769 64.1509
    endloop
  endfacet
  facet normal 0 0.999994 -0.00349169
    outer loop
      vertex 165.75 15.7734 65.7547
      vertex 155.361 15.779 67.3585
      vertex 165.75 15.779 67.3585
    endloop
  endfacet
  facet normal 0 0.999994 -0.00349169
    outer loop
      vertex 155.361 15.779 67.3585
      vertex 165.75 15.7734 65.7547
      vertex 155.361 15.7734 65.7547
    endloop
  endfacet
  facet normal 0 0.999987 -0.00511311
    outer loop
      vertex 165.75 15.779 67.3585
      vertex 155.361 15.7872 68.9622
      vertex 165.75 15.7872 68.9622
    endloop
  endfacet
  facet normal 0 0.999987 -0.00511311
    outer loop
      vertex 155.361 15.7872 68.9622
      vertex 165.75 15.779 67.3585
      vertex 155.361 15.779 67.3585
    endloop
  endfacet
  facet normal 0 0.999972 -0.00741967
    outer loop
      vertex 165.75 15.7872 68.9622
      vertex 155.361 15.7991 70.566
      vertex 165.75 15.7991 70.566
    endloop
  endfacet
  facet normal 0 0.999972 -0.00741967
    outer loop
      vertex 155.361 15.7991 70.566
      vertex 165.75 15.7872 68.9622
      vertex 155.361 15.7872 68.9622
    endloop
  endfacet
  facet normal 0 0.999948 -0.0102252
    outer loop
      vertex 165.75 15.7991 70.566
      vertex 155.361 15.8155 72.1698
      vertex 165.75 15.8155 72.1698
    endloop
  endfacet
  facet normal 0 0.999948 -0.0102252
    outer loop
      vertex 155.361 15.8155 72.1698
      vertex 165.75 15.7991 70.566
      vertex 155.361 15.7991 70.566
    endloop
  endfacet
  facet normal 0 0.99991 -0.0134045
    outer loop
      vertex 165.75 15.8155 72.1698
      vertex 155.361 15.837 73.7736
      vertex 165.75 15.837 73.7736
    endloop
  endfacet
  facet normal 0 0.99991 -0.0134045
    outer loop
      vertex 155.361 15.837 73.7736
      vertex 165.75 15.8155 72.1698
      vertex 155.361 15.8155 72.1698
    endloop
  endfacet
  facet normal 0 0.999856 -0.0169583
    outer loop
      vertex 165.75 15.837 73.7736
      vertex 155.361 15.8642 75.3773
      vertex 165.75 15.8642 75.3773
    endloop
  endfacet
  facet normal 0 0.999856 -0.0169583
    outer loop
      vertex 155.361 15.8642 75.3773
      vertex 165.75 15.837 73.7736
      vertex 155.361 15.837 73.7736
    endloop
  endfacet
  facet normal 0 0.999786 -0.0206964
    outer loop
      vertex 165.75 15.8642 75.3773
      vertex 155.361 15.8974 76.9811
      vertex 165.75 15.8974 76.9811
    endloop
  endfacet
  facet normal 0 0.999786 -0.0206964
    outer loop
      vertex 155.361 15.8974 76.9811
      vertex 165.75 15.8642 75.3773
      vertex 155.361 15.8642 75.3773
    endloop
  endfacet
  facet normal 0 0.999704 -0.0243101
    outer loop
      vertex 165.75 15.8974 76.9811
      vertex 155.361 15.9364 78.5849
      vertex 165.75 15.9364 78.5849
    endloop
  endfacet
  facet normal 0 0.999704 -0.0243101
    outer loop
      vertex 155.361 15.9364 78.5849
      vertex 165.75 15.8974 76.9811
      vertex 155.361 15.8974 76.9811
    endloop
  endfacet
  facet normal 0 0.999607 -0.0280473
    outer loop
      vertex 165.75 15.9364 78.5849
      vertex 155.361 15.9814 80.1887
      vertex 165.75 15.9814 80.1887
    endloop
  endfacet
  facet normal 0 0.999607 -0.0280473
    outer loop
      vertex 155.361 15.9814 80.1887
      vertex 165.75 15.9364 78.5849
      vertex 155.361 15.9364 78.5849
    endloop
  endfacet
  facet normal 0 0.999505 -0.0314741
    outer loop
      vertex 165.75 15.9814 80.1887
      vertex 155.361 16.0319 81.7924
      vertex 165.75 16.0319 81.7924
    endloop
  endfacet
  facet normal 0 0.999505 -0.0314741
    outer loop
      vertex 155.361 16.0319 81.7924
      vertex 165.75 15.9814 80.1887
      vertex 155.361 15.9814 80.1887
    endloop
  endfacet
  facet normal 0 0.999395 -0.0347713
    outer loop
      vertex 165.75 16.0319 81.7924
      vertex 155.361 16.0877 83.3962
      vertex 165.75 16.0877 83.3962
    endloop
  endfacet
  facet normal 0 0.999395 -0.0347713
    outer loop
      vertex 155.361 16.0877 83.3962
      vertex 165.75 16.0319 81.7924
      vertex 155.361 16.0319 81.7924
    endloop
  endfacet
  facet normal 0 0.999289 -0.0376961
    outer loop
      vertex 165.75 16.0877 83.3962
      vertex 155.361 16.1482 85
      vertex 165.75 16.1482 85
    endloop
  endfacet
  facet normal 0 0.999289 -0.0376961
    outer loop
      vertex 155.361 16.1482 85
      vertex 165.75 16.0877 83.3962
      vertex 155.361 16.0877 83.3962
    endloop
  endfacet
  facet normal 0 0.99919 -0.0402467
    outer loop
      vertex 165.75 16.1482 85
      vertex 155.361 16.2128 86.6038
      vertex 165.75 16.2128 86.6038
    endloop
  endfacet
  facet normal 0 0.99919 -0.0402467
    outer loop
      vertex 155.361 16.2128 86.6038
      vertex 165.75 16.1482 85
      vertex 155.361 16.1482 85
    endloop
  endfacet
  facet normal 0 0.999102 -0.0423639
    outer loop
      vertex 165.75 16.2128 86.6038
      vertex 155.361 16.2808 88.2075
      vertex 165.75 16.2808 88.2075
    endloop
  endfacet
  facet normal 0 0.999102 -0.0423639
    outer loop
      vertex 155.361 16.2808 88.2075
      vertex 165.75 16.2128 86.6038
      vertex 155.361 16.2128 86.6038
    endloop
  endfacet
  facet normal 0 0.999038 -0.0438535
    outer loop
      vertex 165.75 16.2808 88.2075
      vertex 155.361 16.3512 89.8113
      vertex 165.75 16.3512 89.8113
    endloop
  endfacet
  facet normal 0 0.999038 -0.0438535
    outer loop
      vertex 155.361 16.3512 89.8113
      vertex 165.75 16.2808 88.2075
      vertex 155.361 16.2808 88.2075
    endloop
  endfacet
  facet normal 0 0.998991 -0.0449104
    outer loop
      vertex 165.75 16.3512 89.8113
      vertex 155.361 16.4233 91.4151
      vertex 165.75 16.4233 91.4151
    endloop
  endfacet
  facet normal 0 0.998991 -0.0449104
    outer loop
      vertex 155.361 16.4233 91.4151
      vertex 165.75 16.3512 89.8113
      vertex 155.361 16.3512 89.8113
    endloop
  endfacet
  facet normal 0 0.998974 -0.0452833
    outer loop
      vertex 165.75 16.4233 91.4151
      vertex 155.361 16.496 93.0189
      vertex 165.75 16.496 93.0189
    endloop
  endfacet
  facet normal 0 0.998974 -0.0452833
    outer loop
      vertex 155.361 16.496 93.0189
      vertex 165.75 16.4233 91.4151
      vertex 155.361 16.4233 91.4151
    endloop
  endfacet
  facet normal 0 0.998988 -0.0449753
    outer loop
      vertex 165.75 16.496 93.0189
      vertex 155.361 16.5682 94.6226
      vertex 165.75 16.5682 94.6226
    endloop
  endfacet
  facet normal 0 0.998988 -0.0449753
    outer loop
      vertex 155.361 16.5682 94.6226
      vertex 165.75 16.496 93.0189
      vertex 155.361 16.496 93.0189
    endloop
  endfacet
  facet normal 0 0.99903 -0.04404
    outer loop
      vertex 165.75 16.5682 94.6226
      vertex 155.361 16.6389 96.2264
      vertex 165.75 16.6389 96.2264
    endloop
  endfacet
  facet normal 0 0.99903 -0.04404
    outer loop
      vertex 155.361 16.6389 96.2264
      vertex 165.75 16.5682 94.6226
      vertex 155.361 16.5682 94.6226
    endloop
  endfacet
  facet normal 0 0.999105 -0.0422991
    outer loop
      vertex 165.75 16.6389 96.2264
      vertex 155.361 16.7068 97.8302
      vertex 165.75 16.7068 97.8302
    endloop
  endfacet
  facet normal 0 0.999105 -0.0422991
    outer loop
      vertex 155.361 16.7068 97.8302
      vertex 165.75 16.6389 96.2264
      vertex 155.361 16.6389 96.2264
    endloop
  endfacet
  facet normal 0 0.999205 -0.0398735
    outer loop
      vertex 165.75 16.7068 97.8302
      vertex 155.361 16.7708 99.434
      vertex 165.75 16.7708 99.434
    endloop
  endfacet
  facet normal 0 0.999205 -0.0398735
    outer loop
      vertex 155.361 16.7708 99.434
      vertex 165.75 16.7068 97.8302
      vertex 155.361 16.7068 97.8302
    endloop
  endfacet
  facet normal 0 0.999331 -0.0365715
    outer loop
      vertex 165.75 16.7708 99.434
      vertex 155.361 16.8295 101.038
      vertex 165.75 16.8295 101.038
    endloop
  endfacet
  facet normal 0 0.999331 -0.0365715
    outer loop
      vertex 155.361 16.8295 101.038
      vertex 165.75 16.7708 99.434
      vertex 155.361 16.7708 99.434
    endloop
  endfacet
  facet normal 0 0.999468 -0.032609
    outer loop
      vertex 165.75 16.8295 101.038
      vertex 155.361 16.8818 102.641
      vertex 165.75 16.8818 102.641
    endloop
  endfacet
  facet normal 0 0.999468 -0.032609
    outer loop
      vertex 155.361 16.8818 102.641
      vertex 165.75 16.8295 101.038
      vertex 155.361 16.8295 101.038
    endloop
  endfacet
  facet normal 0 0.999617 -0.0276702
    outer loop
      vertex 165.75 16.8818 102.641
      vertex 155.361 16.9262 104.245
      vertex 165.75 16.9262 104.245
    endloop
  endfacet
  facet normal 0 0.999617 -0.0276702
    outer loop
      vertex 155.361 16.9262 104.245
      vertex 165.75 16.8818 102.641
      vertex 155.361 16.8818 102.641
    endloop
  endfacet
  facet normal 0 0.999758 -0.0220022
    outer loop
      vertex 165.75 16.9262 104.245
      vertex 155.361 16.9615 105.849
      vertex 165.75 16.9615 105.849
    endloop
  endfacet
  facet normal 0 0.999758 -0.0220022
    outer loop
      vertex 155.361 16.9615 105.849
      vertex 165.75 16.9262 104.245
      vertex 155.361 16.9262 104.245
    endloop
  endfacet
  facet normal 0 0.999879 -0.0155841
    outer loop
      vertex 165.75 16.9615 105.849
      vertex 155.361 16.9865 107.453
      vertex 165.75 16.9865 107.453
    endloop
  endfacet
  facet normal 0 0.999879 -0.0155841
    outer loop
      vertex 155.361 16.9865 107.453
      vertex 165.75 16.9615 105.849
      vertex 155.361 16.9615 105.849
    endloop
  endfacet
  facet normal 0 0.999967 -0.00816681
    outer loop
      vertex 165.75 16.9865 107.453
      vertex 155.361 16.9996 109.057
      vertex 165.75 16.9996 109.057
    endloop
  endfacet
  facet normal 0 0.999967 -0.00816681
    outer loop
      vertex 155.361 16.9996 109.057
      vertex 165.75 16.9865 107.453
      vertex 155.361 16.9865 107.453
    endloop
  endfacet
  facet normal 0 1 -0.000124766
    outer loop
      vertex 165.75 16.9996 109.057
      vertex 155.361 16.9998 110.66
      vertex 165.75 16.9998 110.66
    endloop
  endfacet
  facet normal 0 1 -0.000124766
    outer loop
      vertex 155.361 16.9998 110.66
      vertex 165.75 16.9996 109.057
      vertex 155.361 16.9996 109.057
    endloop
  endfacet
  facet normal 0 0.999962 0.00872785
    outer loop
      vertex 165.75 16.9998 110.66
      vertex 155.361 16.9858 112.264
      vertex 165.75 16.9858 112.264
    endloop
  endfacet
  facet normal 0 0.999962 0.00872785
    outer loop
      vertex 155.361 16.9858 112.264
      vertex 165.75 16.9998 110.66
      vertex 155.361 16.9998 110.66
    endloop
  endfacet
  facet normal 0 0.999833 0.0182638
    outer loop
      vertex 165.75 16.9858 112.264
      vertex 155.361 16.9565 113.868
      vertex 165.75 16.9565 113.868
    endloop
  endfacet
  facet normal 0 0.999833 0.0182638
    outer loop
      vertex 155.361 16.9565 113.868
      vertex 165.75 16.9858 112.264
      vertex 155.361 16.9858 112.264
    endloop
  endfacet
  facet normal 0 0.999594 0.0284797
    outer loop
      vertex 165.75 16.9565 113.868
      vertex 155.361 16.9108 115.472
      vertex 165.75 16.9108 115.472
    endloop
  endfacet
  facet normal 0 0.999594 0.0284797
    outer loop
      vertex 155.361 16.9108 115.472
      vertex 165.75 16.9565 113.868
      vertex 155.361 16.9565 113.868
    endloop
  endfacet
  facet normal 0 0.999226 0.0393332
    outer loop
      vertex 165.75 16.9108 115.472
      vertex 155.361 16.8477 117.075
      vertex 165.75 16.8477 117.075
    endloop
  endfacet
  facet normal 0 0.999226 0.0393332
    outer loop
      vertex 155.361 16.8477 117.075
      vertex 165.75 16.9108 115.472
      vertex 155.361 16.9108 115.472
    endloop
  endfacet
  facet normal 0 0.998718 0.0506208
    outer loop
      vertex 165.75 16.8477 117.075
      vertex 155.361 16.7664 118.679
      vertex 165.75 16.7664 118.679
    endloop
  endfacet
  facet normal 0 0.998718 0.0506208
    outer loop
      vertex 155.361 16.7664 118.679
      vertex 165.75 16.8477 117.075
      vertex 155.361 16.8477 117.075
    endloop
  endfacet
  facet normal 0 0.998058 0.0622853
    outer loop
      vertex 165.75 16.7664 118.679
      vertex 155.361 16.6663 120.283
      vertex 165.75 16.6663 120.283
    endloop
  endfacet
  facet normal 0 0.998058 0.0622853
    outer loop
      vertex 155.361 16.6663 120.283
      vertex 165.75 16.7664 118.679
      vertex 155.361 16.7664 118.679
    endloop
  endfacet
  facet normal 0 0.997236 0.0742953
    outer loop
      vertex 165.75 16.6663 120.283
      vertex 155.361 16.5468 121.887
      vertex 165.75 16.5468 121.887
    endloop
  endfacet
  facet normal 0 0.997236 0.0742953
    outer loop
      vertex 155.361 16.5468 121.887
      vertex 165.75 16.6663 120.283
      vertex 155.361 16.6663 120.283
    endloop
  endfacet
  facet normal 0 0.99625 0.0865197
    outer loop
      vertex 165.75 16.5468 121.887
      vertex 155.361 16.4075 123.491
      vertex 165.75 16.4075 123.491
    endloop
  endfacet
  facet normal 0 0.99625 0.0865197
    outer loop
      vertex 155.361 16.4075 123.491
      vertex 165.75 16.5468 121.887
      vertex 155.361 16.5468 121.887
    endloop
  endfacet
  facet normal 0 0.995092 0.0989505
    outer loop
      vertex 165.75 16.4075 123.491
      vertex 155.361 16.2481 125.094
      vertex 165.75 16.2481 125.094
    endloop
  endfacet
  facet normal 0 0.995092 0.0989505
    outer loop
      vertex 155.361 16.2481 125.094
      vertex 165.75 16.4075 123.491
      vertex 155.361 16.4075 123.491
    endloop
  endfacet
  facet normal 0 0.99381 0.111091
    outer loop
      vertex 165.75 16.2481 125.094
      vertex 155.361 16.0688 126.698
      vertex 165.75 16.0688 126.698
    endloop
  endfacet
  facet normal 0 0.99381 0.111091
    outer loop
      vertex 155.361 16.0688 126.698
      vertex 165.75 16.2481 125.094
      vertex 155.361 16.2481 125.094
    endloop
  endfacet
  facet normal 0 0.992369 0.123304
    outer loop
      vertex 165.75 16.0688 126.698
      vertex 155.361 15.8695 128.302
      vertex 165.75 15.8695 128.302
    endloop
  endfacet
  facet normal 0 0.992369 0.123304
    outer loop
      vertex 155.361 15.8695 128.302
      vertex 165.75 16.0688 126.698
      vertex 155.361 16.0688 126.698
    endloop
  endfacet
  facet normal 0 0.990824 0.135157
    outer loop
      vertex 165.75 15.8695 128.302
      vertex 155.361 15.6507 129.906
      vertex 165.75 15.6507 129.906
    endloop
  endfacet
  facet normal 0 0.990824 0.135157
    outer loop
      vertex 155.361 15.6507 129.906
      vertex 165.75 15.8695 128.302
      vertex 155.361 15.8695 128.302
    endloop
  endfacet
  facet normal 0 0.989175 0.146741
    outer loop
      vertex 165.75 15.6507 129.906
      vertex 155.361 15.4129 131.509
      vertex 165.75 15.4129 131.509
    endloop
  endfacet
  facet normal 0 0.989175 0.146741
    outer loop
      vertex 155.361 15.4129 131.509
      vertex 165.75 15.6507 129.906
      vertex 155.361 15.6507 129.906
    endloop
  endfacet
  facet normal 0 0.987492 0.157666
    outer loop
      vertex 165.75 15.4129 131.509
      vertex 155.361 15.1568 133.113
      vertex 165.75 15.1568 133.113
    endloop
  endfacet
  facet normal 0 0.987492 0.157666
    outer loop
      vertex 155.361 15.1568 133.113
      vertex 165.75 15.4129 131.509
      vertex 155.361 15.4129 131.509
    endloop
  endfacet
  facet normal 0 0.985772 0.168085
    outer loop
      vertex 165.75 15.1568 133.113
      vertex 155.361 14.8833 134.717
      vertex 165.75 14.8833 134.717
    endloop
  endfacet
  facet normal 0 0.985772 0.168085
    outer loop
      vertex 155.361 14.8833 134.717
      vertex 165.75 15.1568 133.113
      vertex 155.361 15.1568 133.113
    endloop
  endfacet
  facet normal 0 0.984057 0.177854
    outer loop
      vertex 165.75 14.8833 134.717
      vertex 155.361 14.5934 136.321
      vertex 165.75 14.5934 136.321
    endloop
  endfacet
  facet normal 0 0.984057 0.177854
    outer loop
      vertex 155.361 14.5934 136.321
      vertex 165.75 14.8833 134.717
      vertex 155.361 14.8833 134.717
    endloop
  endfacet
  facet normal 0 0.982375 0.186921
    outer loop
      vertex 165.75 14.5934 136.321
      vertex 155.361 14.2882 137.925
      vertex 165.75 14.2882 137.925
    endloop
  endfacet
  facet normal 0 0.982375 0.186921
    outer loop
      vertex 155.361 14.2882 137.925
      vertex 165.75 14.5934 136.321
      vertex 155.361 14.5934 136.321
    endloop
  endfacet
  facet normal 0 0.980745 0.195292
    outer loop
      vertex 165.75 14.2882 137.925
      vertex 155.361 13.969 139.528
      vertex 165.75 13.969 139.528
    endloop
  endfacet
  facet normal 0 0.980745 0.195292
    outer loop
      vertex 155.361 13.969 139.528
      vertex 165.75 14.2882 137.925
      vertex 155.361 14.2882 137.925
    endloop
  endfacet
  facet normal 0 0.979292 0.202452
    outer loop
      vertex 165.75 13.969 139.528
      vertex 155.361 13.6374 141.132
      vertex 165.75 13.6374 141.132
    endloop
  endfacet
  facet normal 0 0.979292 0.202452
    outer loop
      vertex 155.361 13.6374 141.132
      vertex 165.75 13.969 139.528
      vertex 155.361 13.969 139.528
    endloop
  endfacet
  facet normal 0 0.977929 0.208938
    outer loop
      vertex 165.75 13.6374 141.132
      vertex 155.361 13.2947 142.736
      vertex 165.75 13.2947 142.736
    endloop
  endfacet
  facet normal 0 0.977929 0.208938
    outer loop
      vertex 155.361 13.2947 142.736
      vertex 165.75 13.6374 141.132
      vertex 155.361 13.6374 141.132
    endloop
  endfacet
  facet normal 0 0.976731 0.214467
    outer loop
      vertex 165.75 13.2947 142.736
      vertex 155.361 12.9425 144.34
      vertex 165.75 12.9425 144.34
    endloop
  endfacet
  facet normal 0 0.976731 0.214467
    outer loop
      vertex 155.361 12.9425 144.34
      vertex 165.75 13.2947 142.736
      vertex 155.361 13.2947 142.736
    endloop
  endfacet
  facet normal 0 0.975711 0.219063
    outer loop
      vertex 165.75 12.9425 144.34
      vertex 155.361 12.5826 145.943
      vertex 165.75 12.5826 145.943
    endloop
  endfacet
  facet normal 0 0.975711 0.219063
    outer loop
      vertex 155.361 12.5826 145.943
      vertex 165.75 12.9425 144.34
      vertex 155.361 12.9425 144.34
    endloop
  endfacet
  facet normal 0 0.974915 0.222577
    outer loop
      vertex 165.75 12.5826 145.943
      vertex 155.361 12.2164 147.547
      vertex 165.75 12.2164 147.547
    endloop
  endfacet
  facet normal 0 0.974915 0.222577
    outer loop
      vertex 155.361 12.2164 147.547
      vertex 165.75 12.5826 145.943
      vertex 155.361 12.5826 145.943
    endloop
  endfacet
  facet normal 0 0.974332 0.225117
    outer loop
      vertex 165.75 12.2164 147.547
      vertex 155.361 11.8458 149.151
      vertex 165.75 11.8458 149.151
    endloop
  endfacet
  facet normal 0 0.974332 0.225117
    outer loop
      vertex 155.361 11.8458 149.151
      vertex 165.75 12.2164 147.547
      vertex 155.361 12.2164 147.547
    endloop
  endfacet
  facet normal 0 0.973944 0.226788
    outer loop
      vertex 165.75 11.8458 149.151
      vertex 155.361 11.4723 150.755
      vertex 165.75 11.4723 150.755
    endloop
  endfacet
  facet normal 0 0.973944 0.226788
    outer loop
      vertex 155.361 11.4723 150.755
      vertex 165.75 11.8458 149.151
      vertex 155.361 11.8458 149.151
    endloop
  endfacet
  facet normal 0 0.973765 0.227556
    outer loop
      vertex 165.75 11.4723 150.755
      vertex 155.361 11.0977 152.358
      vertex 165.75 11.0977 152.358
    endloop
  endfacet
  facet normal 0 0.973765 0.227556
    outer loop
      vertex 155.361 11.0977 152.358
      vertex 165.75 11.4723 150.755
      vertex 155.361 11.4723 150.755
    endloop
  endfacet
  facet normal 0 0.973864 0.227134
    outer loop
      vertex 165.75 11.0977 152.358
      vertex 155.361 10.7236 153.962
      vertex 165.75 10.7236 153.962
    endloop
  endfacet
  facet normal 0 0.973864 0.227134
    outer loop
      vertex 155.361 10.7236 153.962
      vertex 165.75 11.0977 152.358
      vertex 155.361 11.0977 152.358
    endloop
  endfacet
  facet normal 0 0.974145 0.225924
    outer loop
      vertex 165.75 10.7236 153.962
      vertex 155.361 10.3516 155.566
      vertex 165.75 10.3516 155.566
    endloop
  endfacet
  facet normal 0 0.974145 0.225924
    outer loop
      vertex 155.361 10.3516 155.566
      vertex 165.75 10.7236 153.962
      vertex 155.361 10.7236 153.962
    endloop
  endfacet
  facet normal 0 0.974631 0.223819
    outer loop
      vertex 165.75 10.3516 155.566
      vertex 155.361 9.98325 157.17
      vertex 165.75 9.98325 157.17
    endloop
  endfacet
  facet normal 0 0.974631 0.223819
    outer loop
      vertex 155.361 9.98325 157.17
      vertex 165.75 10.3516 155.566
      vertex 155.361 10.3516 155.566
    endloop
  endfacet
  facet normal 0 0.9753 0.220884
    outer loop
      vertex 165.75 9.98325 157.17
      vertex 155.361 9.61998 158.774
      vertex 165.75 9.61998 158.774
    endloop
  endfacet
  facet normal 0 0.9753 0.220884
    outer loop
      vertex 155.361 9.61998 158.774
      vertex 165.75 9.98325 157.17
      vertex 155.361 9.98325 157.17
    endloop
  endfacet
  facet normal 0 0.97612 0.217231
    outer loop
      vertex 165.75 9.61998 158.774
      vertex 155.361 9.26324 160.377
      vertex 165.75 9.26324 160.377
    endloop
  endfacet
  facet normal 0 0.97612 0.217231
    outer loop
      vertex 155.361 9.26324 160.377
      vertex 165.75 9.61998 158.774
      vertex 155.361 9.61998 158.774
    endloop
  endfacet
  facet normal 0 0.977156 0.212525
    outer loop
      vertex 165.75 9.26324 160.377
      vertex 155.361 8.91438 161.981
      vertex 165.75 8.91438 161.981
    endloop
  endfacet
  facet normal 0 0.977156 0.212525
    outer loop
      vertex 155.361 8.91438 161.981
      vertex 165.75 9.26324 160.377
      vertex 155.361 9.26324 160.377
    endloop
  endfacet
  facet normal 0 0.978305 0.20717
    outer loop
      vertex 165.75 8.91438 161.981
      vertex 155.361 8.57471 163.585
      vertex 165.75 8.57471 163.585
    endloop
  endfacet
  facet normal 0 0.978305 0.20717
    outer loop
      vertex 155.361 8.57471 163.585
      vertex 165.75 8.91438 161.981
      vertex 155.361 8.91438 161.981
    endloop
  endfacet
  facet normal 0 0.979567 0.201117
    outer loop
      vertex 165.75 8.57471 163.585
      vertex 155.361 8.24539 165.189
      vertex 165.75 8.24539 165.189
    endloop
  endfacet
  facet normal 0 0.979567 0.201117
    outer loop
      vertex 155.361 8.24539 165.189
      vertex 165.75 8.57471 163.585
      vertex 155.361 8.57471 163.585
    endloop
  endfacet
  facet normal 0 0.980906 0.19448
    outer loop
      vertex 165.75 8.24539 165.189
      vertex 155.361 7.92757 166.792
      vertex 165.75 7.92757 166.792
    endloop
  endfacet
  facet normal 0 0.980906 0.19448
    outer loop
      vertex 155.361 7.92757 166.792
      vertex 165.75 8.24539 165.189
      vertex 155.361 8.24539 165.189
    endloop
  endfacet
  facet normal 0 0.982368 0.186956
    outer loop
      vertex 165.75 7.92757 166.792
      vertex 155.361 7.62231 168.396
      vertex 165.75 7.62231 168.396
    endloop
  endfacet
  facet normal 0 0.982368 0.186956
    outer loop
      vertex 155.361 7.62231 168.396
      vertex 165.75 7.92757 166.792
      vertex 155.361 7.92757 166.792
    endloop
  endfacet
  facet normal 0 0.983863 0.178923
    outer loop
      vertex 165.75 7.62231 168.396
      vertex 155.361 7.33061 170
      vertex 165.75 7.33061 170
    endloop
  endfacet
  facet normal 0 0.983863 0.178923
    outer loop
      vertex 155.361 7.33061 170
      vertex 165.75 7.62231 168.396
      vertex 155.361 7.62231 168.396
    endloop
  endfacet
  facet normal 0 0.988059 -0.154078
    outer loop
      vertex 165.75 2.51212 0
      vertex 155.361 2.76221 1.60376
      vertex 165.75 2.76221 1.60376
    endloop
  endfacet
  facet normal 0 0.988059 -0.154078
    outer loop
      vertex 155.361 2.76221 1.60376
      vertex 165.75 2.51212 0
      vertex 155.361 2.51212 0
    endloop
  endfacet
  facet normal 1 -0 0
    outer loop
      vertex 170 -5 170
      vertex 170 0 0
      vertex 170 0 170
    endloop
  endfacet
  facet normal 1 0 0
    outer loop
      vertex 170 0 0
      vertex 170 -5 170
      vertex 170 -5 0
    endloop
  endfacet
  facet normal -1 0 0
    outer loop
      vertex 0 -5 0
      vertex 0 0 170
      vertex 0 0 0
    endloop
  endfacet
  facet normal -1 -0 0
    outer loop
      vertex 0 0 170
      vertex 0 -5 0
      vertex 0 -5 170
    endloop
  endfacet
  facet normal 0 1 -0
    outer loop
      vertex 4.25 0 0
      vertex 0 0 170
      vertex 4.25 0 170
    endloop
  endfacet
  facet normal 0 1 0
    outer loop
      vertex 0 0 170
      vertex 4.25 0 0
      vertex 0 0 0
    endloop
  endfacet
  facet normal 0 1 -0
    outer loop
      vertex 170 0 0
      vertex 165.75 0 170
      vertex 170 0 170
    endloop
  endfacet
  facet normal 0 1 0
    outer loop
      vertex 165.75 0 170
      vertex 170 0 0
      vertex 165.75 0 0
    endloop
  endfacet
  facet normal 0 1 -0
    outer loop
      vertex 23.1389 0 0
      vertex 14.6389 0 170
      vertex 23.1389 0 170
    endloop
  endfacet
  facet normal 0 1 0
    outer loop
      vertex 14.6389 0 170
      vertex 23.1389 0 0
      vertex 14.6389 0 0
    endloop
  endfacet
  facet normal 0 1 -0
    outer loop
      vertex 42.0278 0 0
      vertex 33.5278 0 170
      vertex 42.0278 0 170
    endloop
  endfacet
  facet normal 0 1 0
    outer loop
      vertex 33.5278 0 170
      vertex 42.0278 0 0
      vertex 33.5278 0 0
    endloop
  endfacet
  facet normal 0 1 -0
    outer loop
      vertex 60.9167 0 0
      vertex 52.4167 0 170
      vertex 60.9167 0 170
    endloop
  endfacet
  facet normal 0 1 0
    outer loop
      vertex 52.4167 0 170
      vertex 60.9167 0 0
      vertex 52.4167 0 0
    endloop
  endfacet
  facet normal 0 1 -0
    outer loop
      vertex 79.8056 0 0
      vertex 71.3056 0 170
      vertex 79.8056 0 170
    endloop
  endfacet
  facet normal 0 1 0
    outer loop
      vertex 71.3056 0 170
      vertex 79.8056 0 0
      vertex 71.3056 0 0
    endloop
  endfacet
  facet normal 0 1 -0
    outer loop
      vertex 98.6944 0 0
      vertex 90.1944 0 170
      vertex 98.6944 0 170
    endloop
  endfacet
  facet normal 0 1 0
    outer loop
      vertex 90.1944 0 170
      vertex 98.6944 0 0
      vertex 90.1944 0 0
    endloop
  endfacet
  facet normal 0 1 -0
    outer loop
      vertex 117.583 0 0
      vertex 109.083 0 170
      vertex 117.583 0 170
    endloop
  endfacet
  facet normal 0 1 0
    outer loop
      vertex 109.083 0 170
      vertex 117.583 0 0
      vertex 109.083 0 0
    endloop
  endfacet
  facet normal 0 1 -0
    outer loop
      vertex 136.472 0 0
      vertex 127.972 0 170
      vertex 136.472 0 170
    endloop
  endfacet
  facet normal 0 1 0
    outer loop
      vertex 127.972 0 170
      vertex 136.472 0 0
      vertex 127.972 0 0
    endloop
  endfacet
  facet normal 0 1 -0
    outer loop
      vertex 155.361 0 0
      vertex 146.861 0 170
      vertex 155.361 0 170
    endloop
  endfacet
  facet normal 0 1 0
    outer loop
      vertex 146.861 0 170
      vertex 155.361 0 0
      vertex 146.861 0 0
    endloop
  endfacet
  facet normal 0 -1 0
    outer loop
      vertex 126.771 -5 156.136
      vertex 170 -5 170
      vertex 43.2293 -5 156.136
    endloop
  endfacet
  facet normal 0 -1 0
    outer loop
      vertex 170 -5 170
      vertex 126.771 -5 156.136
      vertex 127.5 -5 156.2
    endloop
  endfacet
  facet normal 0 -1 0
    outer loop
      vertex 43.9365 -5 155.947
      vertex 126.771 -5 156.136
      vertex 43.2293 -5 156.136
    endloop
  endfacet
  facet normal 0 -1 0
    outer loop
      vertex 43.9365 -5 155.947
      vertex 126.064 -5 155.947
      vertex 126.771 -5 156.136
    endloop
  endfacet
  facet normal 0 -1 0
    outer loop
      vertex 44.6 -5 155.637
      vertex 126.064 -5 155.947
      vertex 43.9365 -5 155.947
    endloop
  endfacet
  facet normal 0 -1 0
    outer loop
      vertex 44.6 -5 155.637
      vertex 125.4 -5 155.637
      vertex 126.064 -5 155.947
    endloop
  endfacet
  facet normal 0 -1 0
    outer loop
      vertex 45.1997 -5 155.217
      vertex 125.4 -5 155.637
      vertex 44.6 -5 155.637
    endloop
  endfacet
  facet normal 0 -1 0
    outer loop
      vertex 45.1997 -5 155.217
      vertex 124.8 -5 155.217
      vertex 125.4 -5 155.637
    endloop
  endfacet
  facet normal 0 -1 0
    outer loop
      vertex 45.7174 -5 154.7
      vertex 124.8 -5 155.217
      vertex 45.1997 -5 155.217
    endloop
  endfacet
  facet normal 0 -1 0
    outer loop
      vertex 45.7174 -5 154.7
      vertex 124.283 -5 154.7
      vertex 124.8 -5 155.217
    endloop
  endfacet
  facet normal 0 -1 0
    outer loop
      vertex 46.1373 -5 154.1
      vertex 124.283 -5 154.7
      vertex 45.7174 -5 154.7
    endloop
  endfacet
  facet normal 0 -1 0
    outer loop
      vertex 46.1373 -5 154.1
      vertex 123.863 -5 154.1
      vertex 124.283 -5 154.7
    endloop
  endfacet
  facet normal 0 -1 0
    outer loop
      vertex 46.4467 -5 153.436
      vertex 123.863 -5 154.1
      vertex 46.1373 -5 154.1
    endloop
  endfacet
  facet normal 0 -1 0
    outer loop
      vertex 46.4467 -5 153.436
      vertex 123.553 -5 153.436
      vertex 123.863 -5 154.1
    endloop
  endfacet
  facet normal 0 -1 0
    outer loop
      vertex 46.6362 -5 152.729
      vertex 123.553 -5 153.436
      vertex 46.4467 -5 153.436
    endloop
  endfacet
  facet normal 0 -1 0
    outer loop
      vertex 46.6362 -5 152.729
      vertex 123.364 -5 152.729
      vertex 123.553 -5 153.436
    endloop
  endfacet
  facet normal 0 -1 0
    outer loop
      vertex 46.7 -5 152
      vertex 123.364 -5 152.729
      vertex 46.6362 -5 152.729
    endloop
  endfacet
  facet normal 0 -1 0
    outer loop
      vertex 46.7 -5 152
      vertex 123.3 -5 152
      vertex 123.364 -5 152.729
    endloop
  endfacet
  facet normal 0 -1 0
    outer loop
      vertex 46.6362 -5 151.271
      vertex 123.3 -5 152
      vertex 46.7 -5 152
    endloop
  endfacet
  facet normal 0 -1 0
    outer loop
      vertex 46.6362 -5 151.271
      vertex 123.364 -5 151.271
      vertex 123.3 -5 152
    endloop
  endfacet
  facet normal 0 -1 0
    outer loop
      vertex 46.4467 -5 150.564
      vertex 123.364 -5 151.271
      vertex 46.6362 -5 151.271
    endloop
  endfacet
  facet normal 0 -1 0
    outer loop
      vertex 46.4467 -5 150.564
      vertex 123.553 -5 150.564
      vertex 123.364 -5 151.271
    endloop
  endfacet
  facet normal 0 -1 0
    outer loop
      vertex 44.7 -5 143
      vertex 46.4467 -5 150.564
      vertex 46.1373 -5 149.9
    endloop
  endfacet
  facet normal 0 -1 -0
    outer loop
      vertex 46.4467 -5 150.564
      vertex 44.7 -5 143
      vertex 123.553 -5 150.564
    endloop
  endfacet
  facet normal 0 -1 0
    outer loop
      vertex 44.7 -5 143
      vertex 46.1373 -5 149.9
      vertex 45.7174 -5 149.3
    endloop
  endfacet
  facet normal 0 -1 0
    outer loop
      vertex 125.3 -5 143
      vertex 123.553 -5 150.564
      vertex 44.7 -5 143
    endloop
  endfacet
  facet normal 0 -1 0
    outer loop
      vertex 44.7 -5 143
      vertex 45.7174 -5 149.3
      vertex 45.1997 -5 148.783
    endloop
  endfacet
  facet normal 0 -1 0
    outer loop
      vertex 123.553 -5 150.564
      vertex 125.3 -5 143
      vertex 123.863 -5 149.9
    endloop
  endfacet
  facet normal 0 -1 0
    outer loop
      vertex 44.7 -5 143
      vertex 45.1997 -5 148.783
      vertex 44.7 -5 148.433
    endloop
  endfacet
  facet normal 0 -1 0
    outer loop
      vertex 123.863 -5 149.9
      vertex 125.3 -5 143
      vertex 124.283 -5 149.3
    endloop
  endfacet
  facet normal 0 -1 0
    outer loop
      vertex 124.283 -5 149.3
      vertex 125.3 -5 143
      vertex 124.8 -5 148.783
    endloop
  endfacet
  facet normal 0 -1 0
    outer loop
      vertex 124.8 -5 148.783
      vertex 125.3 -5 143
      vertex 125.3 -5 148.433
    endloop
  endfacet
  facet normal 0 -1 0
    outer loop
      vertex 44.625 -5 142.431
      vertex 125.3 -5 143
      vertex 44.7 -5 143
    endloop
  endfacet
  facet normal 0 -1 0
    outer loop
      vertex 44.625 -5 142.431
      vertex 125.375 -5 142.431
      vertex 125.3 -5 143
    endloop
  endfacet
  facet normal 0 -1 0
    outer loop
      vertex 44.4053 -5 141.9
      vertex 125.375 -5 142.431
      vertex 44.625 -5 142.431
    endloop
  endfacet
  facet normal 0 -1 0
    outer loop
      vertex 44.4053 -5 141.9
      vertex 125.595 -5 141.9
      vertex 125.375 -5 142.431
    endloop
  endfacet
  facet normal 0 -1 0
    outer loop
      vertex 44.0556 -5 141.444
      vertex 125.595 -5 141.9
      vertex 44.4053 -5 141.9
    endloop
  endfacet
  facet normal 0 -1 0
    outer loop
      vertex 44.0556 -5 141.444
      vertex 125.944 -5 141.444
      vertex 125.595 -5 141.9
    endloop
  endfacet
  facet normal 0 -1 0
    outer loop
      vertex 43.6 -5 141.095
      vertex 125.944 -5 141.444
      vertex 44.0556 -5 141.444
    endloop
  endfacet
  facet normal 0 -1 0
    outer loop
      vertex 43.6 -5 141.095
      vertex 126.4 -5 141.095
      vertex 125.944 -5 141.444
    endloop
  endfacet
  facet normal 0 -1 0
    outer loop
      vertex 0 -5 0
      vertex 43.6 -5 141.095
      vertex 43.0694 -5 140.875
    endloop
  endfacet
  facet normal 0 -1 -0
    outer loop
      vertex 43.6 -5 141.095
      vertex 0 -5 0
      vertex 126.4 -5 141.095
    endloop
  endfacet
  facet normal 0 -1 0
    outer loop
      vertex 0 -5 0
      vertex 43.0694 -5 140.875
      vertex 42.5 -5 140.8
    endloop
  endfacet
  facet normal 0 -1 0
    outer loop
      vertex 170 -5 0
      vertex 126.4 -5 141.095
      vertex 0 -5 0
    endloop
  endfacet
  facet normal 0 -1 0
    outer loop
      vertex 43.2293 -5 156.136
      vertex 0 -5 170
      vertex 42.5 -5 156.2
    endloop
  endfacet
  facet normal 0 -1 0
    outer loop
      vertex 0 -5 170
      vertex 41.7707 -5 156.136
      vertex 42.5 -5 156.2
    endloop
  endfacet
  facet normal 0 -1 0
    outer loop
      vertex 0 -5 170
      vertex 41.0635 -5 155.947
      vertex 41.7707 -5 156.136
    endloop
  endfacet
  facet normal 0 -1 0
    outer loop
      vertex 0 -5 170
      vertex 40.4 -5 155.637
      vertex 41.0635 -5 155.947
    endloop
  endfacet
  facet normal 0 -1 0
    outer loop
      vertex 0 -5 170
      vertex 39.8003 -5 155.217
      vertex 40.4 -5 155.637
    endloop
  endfacet
  facet normal 0 -1 0
    outer loop
      vertex 0 -5 170
      vertex 39.2826 -5 154.7
      vertex 39.8003 -5 155.217
    endloop
  endfacet
  facet normal 0 -1 0
    outer loop
      vertex 0 -5 170
      vertex 38.8627 -5 154.1
      vertex 39.2826 -5 154.7
    endloop
  endfacet
  facet normal 0 -1 0
    outer loop
      vertex 0 -5 170
      vertex 38.5533 -5 153.436
      vertex 38.8627 -5 154.1
    endloop
  endfacet
  facet normal 0 -1 0
    outer loop
      vertex 0 -5 170
      vertex 38.3638 -5 152.729
      vertex 38.5533 -5 153.436
    endloop
  endfacet
  facet normal 0 -1 0
    outer loop
      vertex 0 -5 170
      vertex 38.3 -5 152
      vertex 38.3638 -5 152.729
    endloop
  endfacet
  facet normal 0 -1 0
    outer loop
      vertex 0 -5 170
      vertex 38.3638 -5 151.271
      vertex 38.3 -5 152
    endloop
  endfacet
  facet normal 0 -1 0
    outer loop
      vertex 0 -5 170
      vertex 38.5533 -5 150.564
      vertex 38.3638 -5 151.271
    endloop
  endfacet
  facet normal 0 -1 0
    outer loop
      vertex 40.3 -5 143
      vertex 38.5533 -5 150.564
      vertex 0 -5 170
    endloop
  endfacet
  facet normal 0 -1 0
    outer loop
      vertex 38.5533 -5 150.564
      vertex 40.3 -5 143
      vertex 38.8627 -5 149.9
    endloop
  endfacet
  facet normal 0 -1 0
    outer loop
      vertex 38.8627 -5 149.9
      vertex 40.3 -5 143
      vertex 39.2826 -5 149.3
    endloop
  endfacet
  facet normal 0 -1 0
    outer loop
      vertex 39.2826 -5 149.3
      vertex 40.3 -5 143
      vertex 39.8003 -5 148.783
    endloop
  endfacet
  facet normal 0 -1 0
    outer loop
      vertex 39.8003 -5 148.783
      vertex 40.3 -5 143
      vertex 40.3 -5 148.433
    endloop
  endfacet
  facet normal 0 -1 0
    outer loop
      vertex 0 -5 170
      vertex 40.375 -5 142.431
      vertex 40.3 -5 143
    endloop
  endfacet
  facet normal 0 -1 0
    outer loop
      vertex 0 -5 170
      vertex 40.5947 -5 141.9
      vertex 40.375 -5 142.431
    endloop
  endfacet
  facet normal 0 -1 0
    outer loop
      vertex 0 -5 170
      vertex 40.9444 -5 141.444
      vertex 40.5947 -5 141.9
    endloop
  endfacet
  facet normal 0 -1 0
    outer loop
      vertex 0 -5 0
      vertex 40.9444 -5 141.444
      vertex 0 -5 170
    endloop
  endfacet
  facet normal 0 -1 0
    outer loop
      vertex 126.4 -5 141.095
      vertex 170 -5 0
      vertex 126.931 -5 140.875
    endloop
  endfacet
  facet normal 0 -1 -0
    outer loop
      vertex 41.9306 -5 140.875
      vertex 0 -5 0
      vertex 42.5 -5 140.8
    endloop
  endfacet
  facet normal 0 -1 -0
    outer loop
      vertex 41.4 -5 141.095
      vertex 0 -5 0
      vertex 41.9306 -5 140.875
    endloop
  endfacet
  facet normal 0 -1 -0
    outer loop
      vertex 40.9444 -5 141.444
      vertex 0 -5 0
      vertex 41.4 -5 141.095
    endloop
  endfacet
  facet normal 0 -1 0
    outer loop
      vertex 0 -5 170
      vertex 43.2293 -5 156.136
      vertex 170 -5 170
    endloop
  endfacet
  facet normal 0 -1 0
    outer loop
      vertex 128.229 -5 156.136
      vertex 170 -5 170
      vertex 127.5 -5 156.2
    endloop
  endfacet
  facet normal 0 -1 0
    outer loop
      vertex 128.936 -5 155.947
      vertex 170 -5 170
      vertex 128.229 -5 156.136
    endloop
  endfacet
  facet normal 0 -1 0
    outer loop
      vertex 129.6 -5 155.637
      vertex 170 -5 170
      vertex 128.936 -5 155.947
    endloop
  endfacet
  facet normal 0 -1 0
    outer loop
      vertex 130.2 -5 155.217
      vertex 170 -5 170
      vertex 129.6 -5 155.637
    endloop
  endfacet
  facet normal 0 -1 0
    outer loop
      vertex 130.717 -5 154.7
      vertex 170 -5 170
      vertex 130.2 -5 155.217
    endloop
  endfacet
  facet normal 0 -1 0
    outer loop
      vertex 131.137 -5 154.1
      vertex 170 -5 170
      vertex 130.717 -5 154.7
    endloop
  endfacet
  facet normal 0 -1 0
    outer loop
      vertex 131.447 -5 153.436
      vertex 170 -5 170
      vertex 131.137 -5 154.1
    endloop
  endfacet
  facet normal 0 -1 0
    outer loop
      vertex 131.636 -5 152.729
      vertex 170 -5 170
      vertex 131.447 -5 153.436
    endloop
  endfacet
  facet normal 0 -1 0
    outer loop
      vertex 131.7 -5 152
      vertex 170 -5 170
      vertex 131.636 -5 152.729
    endloop
  endfacet
  facet normal 0 -1 0
    outer loop
      vertex 131.636 -5 151.271
      vertex 170 -5 170
      vertex 131.7 -5 152
    endloop
  endfacet
  facet normal 0 -1 0
    outer loop
      vertex 131.447 -5 150.564
      vertex 170 -5 170
      vertex 131.636 -5 151.271
    endloop
  endfacet
  facet normal 0 -1 0
    outer loop
      vertex 129.7 -5 143
      vertex 131.447 -5 150.564
      vertex 131.137 -5 149.9
    endloop
  endfacet
  facet normal 0 -1 0
    outer loop
      vertex 129.7 -5 143
      vertex 131.137 -5 149.9
      vertex 130.717 -5 149.3
    endloop
  endfacet
  facet normal 0 -1 0
    outer loop
      vertex 129.7 -5 143
      vertex 130.717 -5 149.3
      vertex 130.2 -5 148.783
    endloop
  endfacet
  facet normal 0 -1 0
    outer loop
      vertex 129.7 -5 143
      vertex 130.2 -5 148.783
      vertex 129.7 -5 148.433
    endloop
  endfacet
  facet normal 0 -1 -0
    outer loop
      vertex 131.447 -5 150.564
      vertex 129.7 -5 143
      vertex 170 -5 170
    endloop
  endfacet
  facet normal 0 -1 0
    outer loop
      vertex 129.625 -5 142.431
      vertex 170 -5 170
      vertex 129.7 -5 143
    endloop
  endfacet
  facet normal 0 -1 0
    outer loop
      vertex 129.405 -5 141.9
      vertex 170 -5 170
      vertex 129.625 -5 142.431
    endloop
  endfacet
  facet normal 0 -1 0
    outer loop
      vertex 129.056 -5 141.444
      vertex 170 -5 170
      vertex 129.405 -5 141.9
    endloop
  endfacet
  facet normal 0 -1 0
    outer loop
      vertex 170 -5 0
      vertex 129.056 -5 141.444
      vertex 128.6 -5 141.095
    endloop
  endfacet
  facet normal 0 -1 0
    outer loop
      vertex 126.931 -5 140.875
      vertex 170 -5 0
      vertex 127.5 -5 140.8
    endloop
  endfacet
  facet normal 0 -1 0
    outer loop
      vertex 127.5 -5 140.8
      vertex 170 -5 0
      vertex 128.069 -5 140.875
    endloop
  endfacet
  facet normal 0 -1 0
    outer loop
      vertex 128.069 -5 140.875
      vertex 170 -5 0
      vertex 128.6 -5 141.095
    endloop
  endfacet
  facet normal 0 -1 0
    outer loop
      vertex 129.056 -5 141.444
      vertex 170 -5 0
      vertex 170 -5 170
    endloop
  endfacet
  facet normal -0.0874194 0 -0.996172
    outer loop
      vertex 42.5 -5 156.2
      vertex 43.2293 -1.4 156.136
      vertex 43.2293 -5 156.136
    endloop
  endfacet
  facet normal -0.0874194 0 -0.996172
    outer loop
      vertex 43.2293 -1.4 156.136
      vertex 42.5 -5 156.2
      vertex 42.5 -1.4 156.2
    endloop
  endfacet
  facet normal -0.965905 0 0.258895
    outer loop
      vertex 46.4467 -5 150.564
      vertex 46.6362 -1.4 151.271
      vertex 46.4467 -1.4 150.564
    endloop
  endfacet
  facet normal -0.965905 0 0.258895
    outer loop
      vertex 46.6362 -1.4 151.271
      vertex 46.4467 -5 150.564
      vertex 46.6362 -5 151.271
    endloop
  endfacet
  facet normal -0.996192 0 0.0871839
    outer loop
      vertex 46.6362 -5 151.271
      vertex 46.7 -1.4 152
      vertex 46.6362 -1.4 151.271
    endloop
  endfacet
  facet normal -0.996192 0 0.0871839
    outer loop
      vertex 46.7 -1.4 152
      vertex 46.6362 -5 151.271
      vertex 46.7 -5 152
    endloop
  endfacet
  facet normal -0.906427 0 0.422362
    outer loop
      vertex 46.1373 -5 149.9
      vertex 46.4467 -1.4 150.564
      vertex 46.1373 -1.4 149.9
    endloop
  endfacet
  facet normal -0.906427 0 0.422362
    outer loop
      vertex 46.4467 -1.4 150.564
      vertex 46.1373 -5 149.9
      vertex 46.4467 -5 150.564
    endloop
  endfacet
  facet normal -0.706628 0 0.707585
    outer loop
      vertex 45.1997 -5 148.783
      vertex 45.7174 -1.4 149.3
      vertex 45.1997 -1.4 148.783
    endloop
  endfacet
  facet normal -0.706628 0 0.707585
    outer loop
      vertex 45.7174 -1.4 149.3
      vertex 45.1997 -5 148.783
      vertex 45.7174 -5 149.3
    endloop
  endfacet
  facet normal -0.25819 0 -0.966094
    outer loop
      vertex 43.2293 -5 156.136
      vertex 43.9365 -1.4 155.947
      vertex 43.9365 -5 155.947
    endloop
  endfacet
  facet normal -0.25819 0 -0.966094
    outer loop
      vertex 43.9365 -1.4 155.947
      vertex 43.2293 -5 156.136
      vertex 43.2293 -1.4 156.136
    endloop
  endfacet
  facet normal 0.906427 -0 0.422362
    outer loop
      vertex 38.5533 -5 150.564
      vertex 38.8627 -1.4 149.9
      vertex 38.5533 -1.4 150.564
    endloop
  endfacet
  facet normal 0.906427 0 0.422362
    outer loop
      vertex 38.8627 -1.4 149.9
      vertex 38.5533 -5 150.564
      vertex 38.8627 -5 149.9
    endloop
  endfacet
  facet normal 0.996192 0 -0.0871839
    outer loop
      vertex 38.3638 -5 152.729
      vertex 38.3 -1.4 152
      vertex 38.3638 -1.4 152.729
    endloop
  endfacet
  facet normal 0.996192 0 -0.0871839
    outer loop
      vertex 38.3 -1.4 152
      vertex 38.3638 -5 152.729
      vertex 38.3 -5 152
    endloop
  endfacet
  facet normal -0.819296 0 -0.573371
    outer loop
      vertex 46.1373 -5 154.1
      vertex 45.7174 -1.4 154.7
      vertex 46.1373 -1.4 154.1
    endloop
  endfacet
  facet normal -0.819296 -0 -0.573371
    outer loop
      vertex 45.7174 -1.4 154.7
      vertex 46.1373 -5 154.1
      vertex 45.7174 -5 154.7
    endloop
  endfacet
  facet normal 0.965905 -0 0.258895
    outer loop
      vertex 38.3638 -5 151.271
      vertex 38.5533 -1.4 150.564
      vertex 38.3638 -1.4 151.271
    endloop
  endfacet
  facet normal 0.965905 0 0.258895
    outer loop
      vertex 38.5533 -1.4 150.564
      vertex 38.3638 -5 151.271
      vertex 38.5533 -5 150.564
    endloop
  endfacet
  facet normal -0.906427 0 -0.422362
    outer loop
      vertex 46.4467 -5 153.436
      vertex 46.1373 -1.4 154.1
      vertex 46.4467 -1.4 153.436
    endloop
  endfacet
  facet normal -0.906427 -0 -0.422362
    outer loop
      vertex 46.1373 -1.4 154.1
      vertex 46.4467 -5 153.436
      vertex 46.1373 -5 154.1
    endloop
  endfacet
  facet normal 0.965905 0 -0.258895
    outer loop
      vertex 38.5533 -5 153.436
      vertex 38.3638 -1.4 152.729
      vertex 38.5533 -1.4 153.436
    endloop
  endfacet
  facet normal 0.965905 0 -0.258895
    outer loop
      vertex 38.3638 -1.4 152.729
      vertex 38.5533 -5 153.436
      vertex 38.3638 -5 152.729
    endloop
  endfacet
  facet normal -0.819296 0 0.573371
    outer loop
      vertex 45.7174 -5 149.3
      vertex 46.1373 -1.4 149.9
      vertex 45.7174 -1.4 149.3
    endloop
  endfacet
  facet normal -0.819296 0 0.573371
    outer loop
      vertex 46.1373 -1.4 149.9
      vertex 45.7174 -5 149.3
      vertex 46.1373 -5 149.9
    endloop
  endfacet
  facet normal -0.996192 0 -0.0871839
    outer loop
      vertex 46.7 -5 152
      vertex 46.6362 -1.4 152.729
      vertex 46.7 -1.4 152
    endloop
  endfacet
  facet normal -0.996192 -0 -0.0871839
    outer loop
      vertex 46.6362 -1.4 152.729
      vertex 46.7 -5 152
      vertex 46.6362 -5 152.729
    endloop
  endfacet
  facet normal -0.573655 0 -0.819097
    outer loop
      vertex 44.6 -5 155.637
      vertex 45.1997 -1.4 155.217
      vertex 45.1997 -5 155.217
    endloop
  endfacet
  facet normal -0.573655 0 -0.819097
    outer loop
      vertex 45.1997 -1.4 155.217
      vertex 44.6 -5 155.637
      vertex 44.6 -1.4 155.637
    endloop
  endfacet
  facet normal 0.573693 0 0.81907
    outer loop
      vertex 39.8003 -1.4 148.783
      vertex 40.3 -5 148.433
      vertex 40.3 -1.4 148.433
    endloop
  endfacet
  facet normal 0.573693 0 0.81907
    outer loop
      vertex 40.3 -5 148.433
      vertex 39.8003 -1.4 148.783
      vertex 39.8003 -5 148.783
    endloop
  endfacet
  facet normal -0.965905 0 -0.258895
    outer loop
      vertex 46.6362 -5 152.729
      vertex 46.4467 -1.4 153.436
      vertex 46.6362 -1.4 152.729
    endloop
  endfacet
  facet normal -0.965905 -0 -0.258895
    outer loop
      vertex 46.4467 -1.4 153.436
      vertex 46.6362 -5 152.729
      vertex 46.4467 -5 153.436
    endloop
  endfacet
  facet normal -0.573693 0 0.81907
    outer loop
      vertex 44.7 -1.4 148.433
      vertex 45.1997 -5 148.783
      vertex 45.1997 -1.4 148.783
    endloop
  endfacet
  facet normal -0.573693 0 0.81907
    outer loop
      vertex 45.1997 -5 148.783
      vertex 44.7 -1.4 148.433
      vertex 44.7 -5 148.433
    endloop
  endfacet
  facet normal 0.423297 0 -0.905991
    outer loop
      vertex 40.4 -5 155.637
      vertex 41.0635 -1.4 155.947
      vertex 41.0635 -5 155.947
    endloop
  endfacet
  facet normal 0.423297 0 -0.905991
    outer loop
      vertex 41.0635 -1.4 155.947
      vertex 40.4 -5 155.637
      vertex 40.4 -1.4 155.637
    endloop
  endfacet
  facet normal 0.706628 -0 0.707585
    outer loop
      vertex 39.2826 -5 149.3
      vertex 39.8003 -1.4 148.783
      vertex 39.2826 -1.4 149.3
    endloop
  endfacet
  facet normal 0.706628 0 0.707585
    outer loop
      vertex 39.8003 -1.4 148.783
      vertex 39.2826 -5 149.3
      vertex 39.8003 -5 148.783
    endloop
  endfacet
  facet normal 0.906427 0 -0.422362
    outer loop
      vertex 38.8627 -5 154.1
      vertex 38.5533 -1.4 153.436
      vertex 38.8627 -1.4 154.1
    endloop
  endfacet
  facet normal 0.906427 0 -0.422362
    outer loop
      vertex 38.5533 -1.4 153.436
      vertex 38.8627 -5 154.1
      vertex 38.5533 -5 153.436
    endloop
  endfacet
  facet normal 0.996192 -0 0.0871839
    outer loop
      vertex 38.3 -5 152
      vertex 38.3638 -1.4 151.271
      vertex 38.3 -1.4 152
    endloop
  endfacet
  facet normal 0.996192 0 0.0871839
    outer loop
      vertex 38.3638 -1.4 151.271
      vertex 38.3 -5 152
      vertex 38.3638 -5 151.271
    endloop
  endfacet
  facet normal 0.819296 0 -0.573371
    outer loop
      vertex 39.2826 -5 154.7
      vertex 38.8627 -1.4 154.1
      vertex 39.2826 -1.4 154.7
    endloop
  endfacet
  facet normal 0.819296 0 -0.573371
    outer loop
      vertex 38.8627 -1.4 154.1
      vertex 39.2826 -5 154.7
      vertex 38.8627 -5 154.1
    endloop
  endfacet
  facet normal -0.706628 0 -0.707585
    outer loop
      vertex 45.7174 -5 154.7
      vertex 45.1997 -1.4 155.217
      vertex 45.7174 -1.4 154.7
    endloop
  endfacet
  facet normal -0.706628 -0 -0.707585
    outer loop
      vertex 45.1997 -1.4 155.217
      vertex 45.7174 -5 154.7
      vertex 45.1997 -5 155.217
    endloop
  endfacet
  facet normal 0 -1 0
    outer loop
      vertex 41.7707 -1.4 156.136
      vertex 43.2293 -1.4 156.136
      vertex 42.5 -1.4 156.2
    endloop
  endfacet
  facet normal 0 -1 0
    outer loop
      vertex 41.0635 -1.4 155.947
      vertex 43.2293 -1.4 156.136
      vertex 41.7707 -1.4 156.136
    endloop
  endfacet
  facet normal 0 -1 0
    outer loop
      vertex 41.0635 -1.4 155.947
      vertex 43.9365 -1.4 155.947
      vertex 43.2293 -1.4 156.136
    endloop
  endfacet
  facet normal 0 -1 0
    outer loop
      vertex 40.4 -1.4 155.637
      vertex 43.9365 -1.4 155.947
      vertex 41.0635 -1.4 155.947
    endloop
  endfacet
  facet normal 0 -1 0
    outer loop
      vertex 40.4 -1.4 155.637
      vertex 44.6 -1.4 155.637
      vertex 43.9365 -1.4 155.947
    endloop
  endfacet
  facet normal 0 -1 0
    outer loop
      vertex 39.8003 -1.4 155.217
      vertex 44.6 -1.4 155.637
      vertex 40.4 -1.4 155.637
    endloop
  endfacet
  facet normal 0 -1 0
    outer loop
      vertex 39.8003 -1.4 155.217
      vertex 45.1997 -1.4 155.217
      vertex 44.6 -1.4 155.637
    endloop
  endfacet
  facet normal 0 -1 0
    outer loop
      vertex 39.2826 -1.4 154.7
      vertex 45.1997 -1.4 155.217
      vertex 39.8003 -1.4 155.217
    endloop
  endfacet
  facet normal 0 -1 0
    outer loop
      vertex 39.2826 -1.4 154.7
      vertex 45.7174 -1.4 154.7
      vertex 45.1997 -1.4 155.217
    endloop
  endfacet
  facet normal 0 -1 0
    outer loop
      vertex 38.8627 -1.4 154.1
      vertex 45.7174 -1.4 154.7
      vertex 39.2826 -1.4 154.7
    endloop
  endfacet
  facet normal 0 -1 0
    outer loop
      vertex 38.8627 -1.4 154.1
      vertex 46.1373 -1.4 154.1
      vertex 45.7174 -1.4 154.7
    endloop
  endfacet
  facet normal 0 -1 0
    outer loop
      vertex 38.5533 -1.4 153.436
      vertex 46.1373 -1.4 154.1
      vertex 38.8627 -1.4 154.1
    endloop
  endfacet
  facet normal 0 -1 0
    outer loop
      vertex 38.5533 -1.4 153.436
      vertex 46.4467 -1.4 153.436
      vertex 46.1373 -1.4 154.1
    endloop
  endfacet
  facet normal 0 -1 0
    outer loop
      vertex 38.3638 -1.4 152.729
      vertex 46.4467 -1.4 153.436
      vertex 38.5533 -1.4 153.436
    endloop
  endfacet
  facet normal 0 -1 0
    outer loop
      vertex 38.3638 -1.4 152.729
      vertex 46.6362 -1.4 152.729
      vertex 46.4467 -1.4 153.436
    endloop
  endfacet
  facet normal 0 -1 0
    outer loop
      vertex 38.3 -1.4 152
      vertex 46.6362 -1.4 152.729
      vertex 38.3638 -1.4 152.729
    endloop
  endfacet
  facet normal 0 -1 0
    outer loop
      vertex 38.3 -1.4 152
      vertex 46.7 -1.4 152
      vertex 46.6362 -1.4 152.729
    endloop
  endfacet
  facet normal 0 -1 0
    outer loop
      vertex 38.3638 -1.4 151.271
      vertex 46.7 -1.4 152
      vertex 38.3 -1.4 152
    endloop
  endfacet
  facet normal 0 -1 0
    outer loop
      vertex 38.3638 -1.4 151.271
      vertex 46.6362 -1.4 151.271
      vertex 46.7 -1.4 152
    endloop
  endfacet
  facet normal 0 -1 0
    outer loop
      vertex 38.5533 -1.4 150.564
      vertex 46.6362 -1.4 151.271
      vertex 38.3638 -1.4 151.271
    endloop
  endfacet
  facet normal 0 -1 0
    outer loop
      vertex 38.5533 -1.4 150.564
      vertex 46.4467 -1.4 150.564
      vertex 46.6362 -1.4 151.271
    endloop
  endfacet
  facet normal 0 -1 0
    outer loop
      vertex 38.8627 -1.4 149.9
      vertex 46.4467 -1.4 150.564
      vertex 38.5533 -1.4 150.564
    endloop
  endfacet
  facet normal 0 -1 0
    outer loop
      vertex 38.8627 -1.4 149.9
      vertex 46.1373 -1.4 149.9
      vertex 46.4467 -1.4 150.564
    endloop
  endfacet
  facet normal 0 -1 0
    outer loop
      vertex 39.2826 -1.4 149.3
      vertex 46.1373 -1.4 149.9
      vertex 38.8627 -1.4 149.9
    endloop
  endfacet
  facet normal 0 -1 0
    outer loop
      vertex 39.2826 -1.4 149.3
      vertex 45.7174 -1.4 149.3
      vertex 46.1373 -1.4 149.9
    endloop
  endfacet
  facet normal 0 -1 0
    outer loop
      vertex 40.3 -1.4 148.433
      vertex 39.2826 -1.4 149.3
      vertex 39.8003 -1.4 148.783
    endloop
  endfacet
  facet normal 0 -1 0
    outer loop
      vertex 39.2826 -1.4 149.3
      vertex 40.3 -1.4 148.433
      vertex 45.7174 -1.4 149.3
    endloop
  endfacet
  facet normal 0 -1 0
    outer loop
      vertex 44.7 -1.4 148.433
      vertex 45.7174 -1.4 149.3
      vertex 40.3 -1.4 148.433
    endloop
  endfacet
  facet normal 0 -1 0
    outer loop
      vertex 45.7174 -1.4 149.3
      vertex 44.7 -1.4 148.433
      vertex 45.1997 -1.4 148.783
    endloop
  endfacet
  facet normal 0 -1 0
    outer loop
      vertex 40.3 -1.4 143
      vertex 44.7 -1.4 148.433
      vertex 40.3 -1.4 148.433
    endloop
  endfacet
  facet normal 0 -1 0
    outer loop
      vertex 40.3 -1.4 143
      vertex 44.7 -1.4 143
      vertex 44.7 -1.4 148.433
    endloop
  endfacet
  facet normal 0 -1 0
    outer loop
      vertex 40.375 -1.4 142.431
      vertex 44.7 -1.4 143
      vertex 40.3 -1.4 143
    endloop
  endfacet
  facet normal 0 -1 0
    outer loop
      vertex 40.375 -1.4 142.431
      vertex 44.625 -1.4 142.431
      vertex 44.7 -1.4 143
    endloop
  endfacet
  facet normal 0 -1 0
    outer loop
      vertex 40.5947 -1.4 141.9
      vertex 44.625 -1.4 142.431
      vertex 40.375 -1.4 142.431
    endloop
  endfacet
  facet normal 0 -1 0
    outer loop
      vertex 40.5947 -1.4 141.9
      vertex 44.4053 -1.4 141.9
      vertex 44.625 -1.4 142.431
    endloop
  endfacet
  facet normal 0 -1 0
    outer loop
      vertex 40.9444 -1.4 141.444
      vertex 44.4053 -1.4 141.9
      vertex 40.5947 -1.4 141.9
    endloop
  endfacet
  facet normal 0 -1 0
    outer loop
      vertex 40.9444 -1.4 141.444
      vertex 44.0556 -1.4 141.444
      vertex 44.4053 -1.4 141.9
    endloop
  endfacet
  facet normal 0 -1 0
    outer loop
      vertex 41.4 -1.4 141.095
      vertex 44.0556 -1.4 141.444
      vertex 40.9444 -1.4 141.444
    endloop
  endfacet
  facet normal 0 -1 0
    outer loop
      vertex 41.4 -1.4 141.095
      vertex 43.6 -1.4 141.095
      vertex 44.0556 -1.4 141.444
    endloop
  endfacet
  facet normal 0 -1 0
    outer loop
      vertex 41.9306 -1.4 140.875
      vertex 43.6 -1.4 141.095
      vertex 41.4 -1.4 141.095
    endloop
  endfacet
  facet normal 0 -1 0
    outer loop
      vertex 41.9306 -1.4 140.875
      vertex 43.0694 -1.4 140.875
      vertex 43.6 -1.4 141.095
    endloop
  endfacet
  facet normal -0 -1 0
    outer loop
      vertex 43.0694 -1.4 140.875
      vertex 41.9306 -1.4 140.875
      vertex 42.5 -1.4 140.8
    endloop
  endfacet
  facet normal 0.706628 0 -0.707585
    outer loop
      vertex 39.8003 -5 155.217
      vertex 39.2826 -1.4 154.7
      vertex 39.8003 -1.4 155.217
    endloop
  endfacet
  facet normal 0.706628 0 -0.707585
    outer loop
      vertex 39.2826 -1.4 154.7
      vertex 39.8003 -5 155.217
      vertex 39.2826 -5 154.7
    endloop
  endfacet
  facet normal -0.423297 0 -0.905991
    outer loop
      vertex 43.9365 -5 155.947
      vertex 44.6 -1.4 155.637
      vertex 44.6 -5 155.637
    endloop
  endfacet
  facet normal -0.423297 0 -0.905991
    outer loop
      vertex 44.6 -1.4 155.637
      vertex 43.9365 -5 155.947
      vertex 43.9365 -1.4 155.947
    endloop
  endfacet
  facet normal 0.819296 -0 0.573371
    outer loop
      vertex 38.8627 -5 149.9
      vertex 39.2826 -1.4 149.3
      vertex 38.8627 -1.4 149.9
    endloop
  endfacet
  facet normal 0.819296 0 0.573371
    outer loop
      vertex 39.2826 -1.4 149.3
      vertex 38.8627 -5 149.9
      vertex 39.2826 -5 149.3
    endloop
  endfacet
  facet normal 0.0874194 0 -0.996172
    outer loop
      vertex 41.7707 -5 156.136
      vertex 42.5 -1.4 156.2
      vertex 42.5 -5 156.2
    endloop
  endfacet
  facet normal 0.0874194 0 -0.996172
    outer loop
      vertex 42.5 -1.4 156.2
      vertex 41.7707 -5 156.136
      vertex 41.7707 -1.4 156.136
    endloop
  endfacet
  facet normal 0.25819 0 -0.966094
    outer loop
      vertex 41.0635 -5 155.947
      vertex 41.7707 -1.4 156.136
      vertex 41.7707 -5 156.136
    endloop
  endfacet
  facet normal 0.25819 0 -0.966094
    outer loop
      vertex 41.7707 -1.4 156.136
      vertex 41.0635 -5 155.947
      vertex 41.0635 -1.4 155.947
    endloop
  endfacet
  facet normal 0.573655 0 -0.819097
    outer loop
      vertex 39.8003 -5 155.217
      vertex 40.4 -1.4 155.637
      vertex 40.4 -5 155.637
    endloop
  endfacet
  facet normal 0.573655 0 -0.819097
    outer loop
      vertex 40.4 -1.4 155.637
      vertex 39.8003 -5 155.217
      vertex 39.8003 -1.4 155.217
    endloop
  endfacet
  facet normal 0.991425 -0 0.13068
    outer loop
      vertex 40.3 -5 143
      vertex 40.375 -1.4 142.431
      vertex 40.3 -1.4 143
    endloop
  endfacet
  facet normal 0.991425 0 0.13068
    outer loop
      vertex 40.375 -1.4 142.431
      vertex 40.3 -5 143
      vertex 40.375 -5 142.431
    endloop
  endfacet
  facet normal -1 0 0
    outer loop
      vertex 44.7 -5 143
      vertex 44.7 -1.4 148.433
      vertex 44.7 -1.4 143
    endloop
  endfacet
  facet normal -1 -0 0
    outer loop
      vertex 44.7 -1.4 148.433
      vertex 44.7 -5 143
      vertex 44.7 -5 148.433
    endloop
  endfacet
  facet normal 0.793522 -0 0.608541
    outer loop
      vertex 40.5947 -5 141.9
      vertex 40.9444 -1.4 141.444
      vertex 40.5947 -1.4 141.9
    endloop
  endfacet
  facet normal 0.793522 0 0.608541
    outer loop
      vertex 40.9444 -1.4 141.444
      vertex 40.5947 -5 141.9
      vertex 40.9444 -5 141.444
    endloop
  endfacet
  facet normal -0.13059 0 0.991437
    outer loop
      vertex 42.5 -1.4 140.8
      vertex 43.0694 -5 140.875
      vertex 43.0694 -1.4 140.875
    endloop
  endfacet
  facet normal -0.13059 0 0.991437
    outer loop
      vertex 43.0694 -5 140.875
      vertex 42.5 -1.4 140.8
      vertex 42.5 -5 140.8
    endloop
  endfacet
  facet normal -0.793522 0 0.608541
    outer loop
      vertex 44.0556 -5 141.444
      vertex 44.4053 -1.4 141.9
      vertex 44.0556 -1.4 141.444
    endloop
  endfacet
  facet normal -0.793522 0 0.608541
    outer loop
      vertex 44.4053 -1.4 141.9
      vertex 44.0556 -5 141.444
      vertex 44.4053 -5 141.9
    endloop
  endfacet
  facet normal 1 -0 0
    outer loop
      vertex 40.3 -5 148.433
      vertex 40.3 -1.4 143
      vertex 40.3 -1.4 148.433
    endloop
  endfacet
  facet normal 1 0 0
    outer loop
      vertex 40.3 -1.4 143
      vertex 40.3 -5 148.433
      vertex 40.3 -5 143
    endloop
  endfacet
  facet normal -0.383008 0 0.923745
    outer loop
      vertex 43.0694 -1.4 140.875
      vertex 43.6 -5 141.095
      vertex 43.6 -1.4 141.095
    endloop
  endfacet
  facet normal -0.383008 0 0.923745
    outer loop
      vertex 43.6 -5 141.095
      vertex 43.0694 -1.4 140.875
      vertex 43.0694 -5 140.875
    endloop
  endfacet
  facet normal 0.924032 -0 0.382316
    outer loop
      vertex 40.375 -5 142.431
      vertex 40.5947 -1.4 141.9
      vertex 40.375 -1.4 142.431
    endloop
  endfacet
  facet normal 0.924032 0 0.382316
    outer loop
      vertex 40.5947 -1.4 141.9
      vertex 40.375 -5 142.431
      vertex 40.5947 -5 141.9
    endloop
  endfacet
  facet normal -0.991425 0 0.13068
    outer loop
      vertex 44.625 -5 142.431
      vertex 44.7 -1.4 143
      vertex 44.625 -1.4 142.431
    endloop
  endfacet
  facet normal -0.991425 0 0.13068
    outer loop
      vertex 44.7 -1.4 143
      vertex 44.625 -5 142.431
      vertex 44.7 -5 143
    endloop
  endfacet
  facet normal 0.383008 0 0.923745
    outer loop
      vertex 41.4 -1.4 141.095
      vertex 41.9306 -5 140.875
      vertex 41.9306 -1.4 140.875
    endloop
  endfacet
  facet normal 0.383008 0 0.923745
    outer loop
      vertex 41.9306 -5 140.875
      vertex 41.4 -1.4 141.095
      vertex 41.4 -5 141.095
    endloop
  endfacet
  facet normal 0.60811 0 0.793853
    outer loop
      vertex 40.9444 -1.4 141.444
      vertex 41.4 -5 141.095
      vertex 41.4 -1.4 141.095
    endloop
  endfacet
  facet normal 0.60811 0 0.793853
    outer loop
      vertex 41.4 -5 141.095
      vertex 40.9444 -1.4 141.444
      vertex 40.9444 -5 141.444
    endloop
  endfacet
  facet normal -0.924032 0 0.382316
    outer loop
      vertex 44.4053 -5 141.9
      vertex 44.625 -1.4 142.431
      vertex 44.4053 -1.4 141.9
    endloop
  endfacet
  facet normal -0.924032 0 0.382316
    outer loop
      vertex 44.625 -1.4 142.431
      vertex 44.4053 -5 141.9
      vertex 44.625 -5 142.431
    endloop
  endfacet
  facet normal 0.13059 0 0.991437
    outer loop
      vertex 41.9306 -1.4 140.875
      vertex 42.5 -5 140.8
      vertex 42.5 -1.4 140.8
    endloop
  endfacet
  facet normal 0.13059 0 0.991437
    outer loop
      vertex 42.5 -5 140.8
      vertex 41.9306 -1.4 140.875
      vertex 41.9306 -5 140.875
    endloop
  endfacet
  facet normal -0.60811 0 0.793853
    outer loop
      vertex 43.6 -1.4 141.095
      vertex 44.0556 -5 141.444
      vertex 44.0556 -1.4 141.444
    endloop
  endfacet
  facet normal -0.60811 0 0.793853
    outer loop
      vertex 44.0556 -5 141.444
      vertex 43.6 -1.4 141.095
      vertex 43.6 -5 141.095
    endloop
  endfacet
  facet normal -0.0874551 0 -0.996168
    outer loop
      vertex 127.5 -5 156.2
      vertex 128.229 -1.4 156.136
      vertex 128.229 -5 156.136
    endloop
  endfacet
  facet normal -0.0874551 0 -0.996168
    outer loop
      vertex 128.229 -1.4 156.136
      vertex 127.5 -5 156.2
      vertex 127.5 -1.4 156.2
    endloop
  endfacet
  facet normal -0.966076 0 0.258258
    outer loop
      vertex 131.447 -5 150.564
      vertex 131.636 -1.4 151.271
      vertex 131.447 -1.4 150.564
    endloop
  endfacet
  facet normal -0.966076 0 0.258258
    outer loop
      vertex 131.636 -1.4 151.271
      vertex 131.447 -5 150.564
      vertex 131.636 -5 151.271
    endloop
  endfacet
  facet normal -0.996168 0 0.0874551
    outer loop
      vertex 131.636 -5 151.271
      vertex 131.7 -1.4 152
      vertex 131.636 -1.4 151.271
    endloop
  endfacet
  facet normal -0.996168 0 0.0874551
    outer loop
      vertex 131.7 -1.4 152
      vertex 131.636 -5 151.271
      vertex 131.7 -5 152
    endloop
  endfacet
  facet normal -0.906113 0 0.423035
    outer loop
      vertex 131.137 -5 149.9
      vertex 131.447 -1.4 150.564
      vertex 131.137 -1.4 149.9
    endloop
  endfacet
  facet normal -0.906113 0 0.423035
    outer loop
      vertex 131.447 -1.4 150.564
      vertex 131.137 -5 149.9
      vertex 131.447 -5 150.564
    endloop
  endfacet
  facet normal -0.707107 0 0.707107
    outer loop
      vertex 130.2 -5 148.783
      vertex 130.717 -1.4 149.3
      vertex 130.2 -1.4 148.783
    endloop
  endfacet
  facet normal -0.707107 0 0.707107
    outer loop
      vertex 130.717 -1.4 149.3
      vertex 130.2 -5 148.783
      vertex 130.717 -5 149.3
    endloop
  endfacet
  facet normal -0.258258 0 -0.966076
    outer loop
      vertex 128.229 -5 156.136
      vertex 128.936 -1.4 155.947
      vertex 128.936 -5 155.947
    endloop
  endfacet
  facet normal -0.258258 0 -0.966076
    outer loop
      vertex 128.936 -1.4 155.947
      vertex 128.229 -5 156.136
      vertex 128.229 -1.4 156.136
    endloop
  endfacet
  facet normal 0.906113 -0 0.423035
    outer loop
      vertex 123.553 -5 150.564
      vertex 123.863 -1.4 149.9
      vertex 123.553 -1.4 150.564
    endloop
  endfacet
  facet normal 0.906113 0 0.423035
    outer loop
      vertex 123.863 -1.4 149.9
      vertex 123.553 -5 150.564
      vertex 123.863 -5 149.9
    endloop
  endfacet
  facet normal 0.996168 0 -0.0874551
    outer loop
      vertex 123.364 -5 152.729
      vertex 123.3 -1.4 152
      vertex 123.364 -1.4 152.729
    endloop
  endfacet
  facet normal 0.996168 0 -0.0874551
    outer loop
      vertex 123.3 -1.4 152
      vertex 123.364 -5 152.729
      vertex 123.3 -5 152
    endloop
  endfacet
  facet normal -0.819232 0 -0.573462
    outer loop
      vertex 131.137 -5 154.1
      vertex 130.717 -1.4 154.7
      vertex 131.137 -1.4 154.1
    endloop
  endfacet
  facet normal -0.819232 -0 -0.573462
    outer loop
      vertex 130.717 -1.4 154.7
      vertex 131.137 -5 154.1
      vertex 130.717 -5 154.7
    endloop
  endfacet
  facet normal 0.966076 -0 0.258258
    outer loop
      vertex 123.364 -5 151.271
      vertex 123.553 -1.4 150.564
      vertex 123.364 -1.4 151.271
    endloop
  endfacet
  facet normal 0.966076 0 0.258258
    outer loop
      vertex 123.553 -1.4 150.564
      vertex 123.364 -5 151.271
      vertex 123.553 -5 150.564
    endloop
  endfacet
  facet normal -0.906113 0 -0.423035
    outer loop
      vertex 131.447 -5 153.436
      vertex 131.137 -1.4 154.1
      vertex 131.447 -1.4 153.436
    endloop
  endfacet
  facet normal -0.906113 -0 -0.423035
    outer loop
      vertex 131.137 -1.4 154.1
      vertex 131.447 -5 153.436
      vertex 131.137 -5 154.1
    endloop
  endfacet
  facet normal 0.966076 0 -0.258258
    outer loop
      vertex 123.553 -5 153.436
      vertex 123.364 -1.4 152.729
      vertex 123.553 -1.4 153.436
    endloop
  endfacet
  facet normal 0.966076 0 -0.258258
    outer loop
      vertex 123.364 -1.4 152.729
      vertex 123.553 -5 153.436
      vertex 123.364 -5 152.729
    endloop
  endfacet
  facet normal -0.819232 0 0.573462
    outer loop
      vertex 130.717 -5 149.3
      vertex 131.137 -1.4 149.9
      vertex 130.717 -1.4 149.3
    endloop
  endfacet
  facet normal -0.819232 0 0.573462
    outer loop
      vertex 131.137 -1.4 149.9
      vertex 130.717 -5 149.3
      vertex 131.137 -5 149.9
    endloop
  endfacet
  facet normal -0.996168 0 -0.0874551
    outer loop
      vertex 131.7 -5 152
      vertex 131.636 -1.4 152.729
      vertex 131.7 -1.4 152
    endloop
  endfacet
  facet normal -0.996168 -0 -0.0874551
    outer loop
      vertex 131.636 -1.4 152.729
      vertex 131.7 -5 152
      vertex 131.636 -5 152.729
    endloop
  endfacet
  facet normal -0.573462 0 -0.819232
    outer loop
      vertex 129.6 -5 155.637
      vertex 130.2 -1.4 155.217
      vertex 130.2 -5 155.217
    endloop
  endfacet
  facet normal -0.573462 0 -0.819232
    outer loop
      vertex 130.2 -1.4 155.217
      vertex 129.6 -5 155.637
      vertex 129.6 -1.4 155.637
    endloop
  endfacet
  facet normal 0.573462 0 0.819232
    outer loop
      vertex 124.8 -1.4 148.783
      vertex 125.3 -5 148.433
      vertex 125.3 -1.4 148.433
    endloop
  endfacet
  facet normal 0.573462 0 0.819232
    outer loop
      vertex 125.3 -5 148.433
      vertex 124.8 -1.4 148.783
      vertex 124.8 -5 148.783
    endloop
  endfacet
  facet normal -0.966076 0 -0.258258
    outer loop
      vertex 131.636 -5 152.729
      vertex 131.447 -1.4 153.436
      vertex 131.636 -1.4 152.729
    endloop
  endfacet
  facet normal -0.966076 -0 -0.258258
    outer loop
      vertex 131.447 -1.4 153.436
      vertex 131.636 -5 152.729
      vertex 131.447 -5 153.436
    endloop
  endfacet
  facet normal -0.573462 0 0.819232
    outer loop
      vertex 129.7 -1.4 148.433
      vertex 130.2 -5 148.783
      vertex 130.2 -1.4 148.783
    endloop
  endfacet
  facet normal -0.573462 0 0.819232
    outer loop
      vertex 130.2 -5 148.783
      vertex 129.7 -1.4 148.433
      vertex 129.7 -5 148.433
    endloop
  endfacet
  facet normal 0.423035 0 -0.906113
    outer loop
      vertex 125.4 -5 155.637
      vertex 126.064 -1.4 155.947
      vertex 126.064 -5 155.947
    endloop
  endfacet
  facet normal 0.423035 0 -0.906113
    outer loop
      vertex 126.064 -1.4 155.947
      vertex 125.4 -5 155.637
      vertex 125.4 -1.4 155.637
    endloop
  endfacet
  facet normal 0.707107 -0 0.707107
    outer loop
      vertex 124.283 -5 149.3
      vertex 124.8 -1.4 148.783
      vertex 124.283 -1.4 149.3
    endloop
  endfacet
  facet normal 0.707107 0 0.707107
    outer loop
      vertex 124.8 -1.4 148.783
      vertex 124.283 -5 149.3
      vertex 124.8 -5 148.783
    endloop
  endfacet
  facet normal 0.906113 0 -0.423035
    outer loop
      vertex 123.863 -5 154.1
      vertex 123.553 -1.4 153.436
      vertex 123.863 -1.4 154.1
    endloop
  endfacet
  facet normal 0.906113 0 -0.423035
    outer loop
      vertex 123.553 -1.4 153.436
      vertex 123.863 -5 154.1
      vertex 123.553 -5 153.436
    endloop
  endfacet
  facet normal 0.996168 -0 0.0874551
    outer loop
      vertex 123.3 -5 152
      vertex 123.364 -1.4 151.271
      vertex 123.3 -1.4 152
    endloop
  endfacet
  facet normal 0.996168 0 0.0874551
    outer loop
      vertex 123.364 -1.4 151.271
      vertex 123.3 -5 152
      vertex 123.364 -5 151.271
    endloop
  endfacet
  facet normal 0.819232 0 -0.573462
    outer loop
      vertex 124.283 -5 154.7
      vertex 123.863 -1.4 154.1
      vertex 124.283 -1.4 154.7
    endloop
  endfacet
  facet normal 0.819232 0 -0.573462
    outer loop
      vertex 123.863 -1.4 154.1
      vertex 124.283 -5 154.7
      vertex 123.863 -5 154.1
    endloop
  endfacet
  facet normal -0.707107 0 -0.707107
    outer loop
      vertex 130.717 -5 154.7
      vertex 130.2 -1.4 155.217
      vertex 130.717 -1.4 154.7
    endloop
  endfacet
  facet normal -0.707107 -0 -0.707107
    outer loop
      vertex 130.2 -1.4 155.217
      vertex 130.717 -5 154.7
      vertex 130.2 -5 155.217
    endloop
  endfacet
  facet normal 0 -1 0
    outer loop
      vertex 126.771 -1.4 156.136
      vertex 128.229 -1.4 156.136
      vertex 127.5 -1.4 156.2
    endloop
  endfacet
  facet normal 0 -1 0
    outer loop
      vertex 126.064 -1.4 155.947
      vertex 128.229 -1.4 156.136
      vertex 126.771 -1.4 156.136
    endloop
  endfacet
  facet normal 0 -1 0
    outer loop
      vertex 126.064 -1.4 155.947
      vertex 128.936 -1.4 155.947
      vertex 128.229 -1.4 156.136
    endloop
  endfacet
  facet normal 0 -1 0
    outer loop
      vertex 125.4 -1.4 155.637
      vertex 128.936 -1.4 155.947
      vertex 126.064 -1.4 155.947
    endloop
  endfacet
  facet normal 0 -1 0
    outer loop
      vertex 125.4 -1.4 155.637
      vertex 129.6 -1.4 155.637
      vertex 128.936 -1.4 155.947
    endloop
  endfacet
  facet normal 0 -1 0
    outer loop
      vertex 124.8 -1.4 155.217
      vertex 129.6 -1.4 155.637
      vertex 125.4 -1.4 155.637
    endloop
  endfacet
  facet normal 0 -1 0
    outer loop
      vertex 124.8 -1.4 155.217
      vertex 130.2 -1.4 155.217
      vertex 129.6 -1.4 155.637
    endloop
  endfacet
  facet normal 0 -1 0
    outer loop
      vertex 124.283 -1.4 154.7
      vertex 130.2 -1.4 155.217
      vertex 124.8 -1.4 155.217
    endloop
  endfacet
  facet normal 0 -1 0
    outer loop
      vertex 124.283 -1.4 154.7
      vertex 130.717 -1.4 154.7
      vertex 130.2 -1.4 155.217
    endloop
  endfacet
  facet normal 0 -1 0
    outer loop
      vertex 123.863 -1.4 154.1
      vertex 130.717 -1.4 154.7
      vertex 124.283 -1.4 154.7
    endloop
  endfacet
  facet normal 0 -1 0
    outer loop
      vertex 123.863 -1.4 154.1
      vertex 131.137 -1.4 154.1
      vertex 130.717 -1.4 154.7
    endloop
  endfacet
  facet normal 0 -1 0
    outer loop
      vertex 123.553 -1.4 153.436
      vertex 131.137 -1.4 154.1
      vertex 123.863 -1.4 154.1
    endloop
  endfacet
  facet normal 0 -1 0
    outer loop
      vertex 123.553 -1.4 153.436
      vertex 131.447 -1.4 153.436
      vertex 131.137 -1.4 154.1
    endloop
  endfacet
  facet normal 0 -1 0
    outer loop
      vertex 123.364 -1.4 152.729
      vertex 131.447 -1.4 153.436
      vertex 123.553 -1.4 153.436
    endloop
  endfacet
  facet normal 0 -1 0
    outer loop
      vertex 123.364 -1.4 152.729
      vertex 131.636 -1.4 152.729
      vertex 131.447 -1.4 153.436
    endloop
  endfacet
  facet normal 0 -1 0
    outer loop
      vertex 123.3 -1.4 152
      vertex 131.636 -1.4 152.729
      vertex 123.364 -1.4 152.729
    endloop
  endfacet
  facet normal 0 -1 0
    outer loop
      vertex 123.3 -1.4 152
      vertex 131.7 -1.4 152
      vertex 131.636 -1.4 152.729
    endloop
  endfacet
  facet normal 0 -1 0
    outer loop
      vertex 123.364 -1.4 151.271
      vertex 131.7 -1.4 152
      vertex 123.3 -1.4 152
    endloop
  endfacet
  facet normal 0 -1 0
    outer loop
      vertex 123.364 -1.4 151.271
      vertex 131.636 -1.4 151.271
      vertex 131.7 -1.4 152
    endloop
  endfacet
  facet normal 0 -1 0
    outer loop
      vertex 123.553 -1.4 150.564
      vertex 131.636 -1.4 151.271
      vertex 123.364 -1.4 151.271
    endloop
  endfacet
  facet normal 0 -1 0
    outer loop
      vertex 123.553 -1.4 150.564
      vertex 131.447 -1.4 150.564
      vertex 131.636 -1.4 151.271
    endloop
  endfacet
  facet normal 0 -1 0
    outer loop
      vertex 123.863 -1.4 149.9
      vertex 131.447 -1.4 150.564
      vertex 123.553 -1.4 150.564
    endloop
  endfacet
  facet normal 0 -1 0
    outer loop
      vertex 123.863 -1.4 149.9
      vertex 131.137 -1.4 149.9
      vertex 131.447 -1.4 150.564
    endloop
  endfacet
  facet normal 0 -1 0
    outer loop
      vertex 124.283 -1.4 149.3
      vertex 131.137 -1.4 149.9
      vertex 123.863 -1.4 149.9
    endloop
  endfacet
  facet normal 0 -1 0
    outer loop
      vertex 124.283 -1.4 149.3
      vertex 130.717 -1.4 149.3
      vertex 131.137 -1.4 149.9
    endloop
  endfacet
  facet normal 0 -1 0
    outer loop
      vertex 125.3 -1.4 148.433
      vertex 124.283 -1.4 149.3
      vertex 124.8 -1.4 148.783
    endloop
  endfacet
  facet normal 0 -1 0
    outer loop
      vertex 124.283 -1.4 149.3
      vertex 125.3 -1.4 148.433
      vertex 130.717 -1.4 149.3
    endloop
  endfacet
  facet normal 0 -1 0
    outer loop
      vertex 129.7 -1.4 148.433
      vertex 130.717 -1.4 149.3
      vertex 125.3 -1.4 148.433
    endloop
  endfacet
  facet normal 0 -1 0
    outer loop
      vertex 130.717 -1.4 149.3
      vertex 129.7 -1.4 148.433
      vertex 130.2 -1.4 148.783
    endloop
  endfacet
  facet normal 0 -1 0
    outer loop
      vertex 125.3 -1.4 143
      vertex 129.7 -1.4 148.433
      vertex 125.3 -1.4 148.433
    endloop
  endfacet
  facet normal 0 -1 0
    outer loop
      vertex 125.3 -1.4 143
      vertex 129.7 -1.4 143
      vertex 129.7 -1.4 148.433
    endloop
  endfacet
  facet normal 0 -1 0
    outer loop
      vertex 125.375 -1.4 142.431
      vertex 129.7 -1.4 143
      vertex 125.3 -1.4 143
    endloop
  endfacet
  facet normal 0 -1 0
    outer loop
      vertex 125.375 -1.4 142.431
      vertex 129.625 -1.4 142.431
      vertex 129.7 -1.4 143
    endloop
  endfacet
  facet normal 0 -1 0
    outer loop
      vertex 125.595 -1.4 141.9
      vertex 129.625 -1.4 142.431
      vertex 125.375 -1.4 142.431
    endloop
  endfacet
  facet normal 0 -1 0
    outer loop
      vertex 125.595 -1.4 141.9
      vertex 129.405 -1.4 141.9
      vertex 129.625 -1.4 142.431
    endloop
  endfacet
  facet normal 0 -1 0
    outer loop
      vertex 125.944 -1.4 141.444
      vertex 129.405 -1.4 141.9
      vertex 125.595 -1.4 141.9
    endloop
  endfacet
  facet normal 0 -1 0
    outer loop
      vertex 125.944 -1.4 141.444
      vertex 129.056 -1.4 141.444
      vertex 129.405 -1.4 141.9
    endloop
  endfacet
  facet normal 0 -1 0
    outer loop
      vertex 126.4 -1.4 141.095
      vertex 129.056 -1.4 141.444
      vertex 125.944 -1.4 141.444
    endloop
  endfacet
  facet normal 0 -1 0
    outer loop
      vertex 126.4 -1.4 141.095
      vertex 128.6 -1.4 141.095
      vertex 129.056 -1.4 141.444
    endloop
  endfacet
  facet normal 0 -1 0
    outer loop
      vertex 126.931 -1.4 140.875
      vertex 128.6 -1.4 141.095
      vertex 126.4 -1.4 141.095
    endloop
  endfacet
  facet normal 0 -1 0
    outer loop
      vertex 126.931 -1.4 140.875
      vertex 128.069 -1.4 140.875
      vertex 128.6 -1.4 141.095
    endloop
  endfacet
  facet normal -0 -1 0
    outer loop
      vertex 128.069 -1.4 140.875
      vertex 126.931 -1.4 140.875
      vertex 127.5 -1.4 140.8
    endloop
  endfacet
  facet normal 0.707107 0 -0.707107
    outer loop
      vertex 124.8 -5 155.217
      vertex 124.283 -1.4 154.7
      vertex 124.8 -1.4 155.217
    endloop
  endfacet
  facet normal 0.707107 0 -0.707107
    outer loop
      vertex 124.283 -1.4 154.7
      vertex 124.8 -5 155.217
      vertex 124.283 -5 154.7
    endloop
  endfacet
  facet normal -0.423035 0 -0.906113
    outer loop
      vertex 128.936 -5 155.947
      vertex 129.6 -1.4 155.637
      vertex 129.6 -5 155.637
    endloop
  endfacet
  facet normal -0.423035 0 -0.906113
    outer loop
      vertex 129.6 -1.4 155.637
      vertex 128.936 -5 155.947
      vertex 128.936 -1.4 155.947
    endloop
  endfacet
  facet normal 0.819232 -0 0.573462
    outer loop
      vertex 123.863 -5 149.9
      vertex 124.283 -1.4 149.3
      vertex 123.863 -1.4 149.9
    endloop
  endfacet
  facet normal 0.819232 0 0.573462
    outer loop
      vertex 124.283 -1.4 149.3
      vertex 123.863 -5 149.9
      vertex 124.283 -5 149.3
    endloop
  endfacet
  facet normal 0.0874551 0 -0.996168
    outer loop
      vertex 126.771 -5 156.136
      vertex 127.5 -1.4 156.2
      vertex 127.5 -5 156.2
    endloop
  endfacet
  facet normal 0.0874551 0 -0.996168
    outer loop
      vertex 127.5 -1.4 156.2
      vertex 126.771 -5 156.136
      vertex 126.771 -1.4 156.136
    endloop
  endfacet
  facet normal 0.258258 0 -0.966076
    outer loop
      vertex 126.064 -5 155.947
      vertex 126.771 -1.4 156.136
      vertex 126.771 -5 156.136
    endloop
  endfacet
  facet normal 0.258258 0 -0.966076
    outer loop
      vertex 126.771 -1.4 156.136
      vertex 126.064 -5 155.947
      vertex 126.064 -1.4 155.947
    endloop
  endfacet
  facet normal 0.573462 0 -0.819232
    outer loop
      vertex 124.8 -5 155.217
      vertex 125.4 -1.4 155.637
      vertex 125.4 -5 155.637
    endloop
  endfacet
  facet normal 0.573462 0 -0.819232
    outer loop
      vertex 125.4 -1.4 155.637
      vertex 124.8 -5 155.217
      vertex 124.8 -1.4 155.217
    endloop
  endfacet
  facet normal 0.991425 -0 0.13068
    outer loop
      vertex 125.3 -5 143
      vertex 125.375 -1.4 142.431
      vertex 125.3 -1.4 143
    endloop
  endfacet
  facet normal 0.991425 0 0.13068
    outer loop
      vertex 125.375 -1.4 142.431
      vertex 125.3 -5 143
      vertex 125.375 -5 142.431
    endloop
  endfacet
  facet normal -1 0 0
    outer loop
      vertex 129.7 -5 143
      vertex 129.7 -1.4 148.433
      vertex 129.7 -1.4 143
    endloop
  endfacet
  facet normal -1 -0 0
    outer loop
      vertex 129.7 -1.4 148.433
      vertex 129.7 -5 143
      vertex 129.7 -5 148.433
    endloop
  endfacet
  facet normal 0.794111 -0 0.607773
    outer loop
      vertex 125.595 -5 141.9
      vertex 125.944 -1.4 141.444
      vertex 125.595 -1.4 141.9
    endloop
  endfacet
  facet normal 0.794111 0 0.607773
    outer loop
      vertex 125.944 -1.4 141.444
      vertex 125.595 -5 141.9
      vertex 125.944 -5 141.444
    endloop
  endfacet
  facet normal -0.13068 0 0.991425
    outer loop
      vertex 127.5 -1.4 140.8
      vertex 128.069 -5 140.875
      vertex 128.069 -1.4 140.875
    endloop
  endfacet
  facet normal -0.13068 0 0.991425
    outer loop
      vertex 128.069 -5 140.875
      vertex 127.5 -1.4 140.8
      vertex 127.5 -5 140.8
    endloop
  endfacet
  facet normal -0.794111 0 0.607773
    outer loop
      vertex 129.056 -5 141.444
      vertex 129.405 -1.4 141.9
      vertex 129.056 -1.4 141.444
    endloop
  endfacet
  facet normal -0.794111 0 0.607773
    outer loop
      vertex 129.405 -1.4 141.9
      vertex 129.056 -5 141.444
      vertex 129.405 -5 141.9
    endloop
  endfacet
  facet normal 1 -0 0
    outer loop
      vertex 125.3 -5 148.433
      vertex 125.3 -1.4 143
      vertex 125.3 -1.4 148.433
    endloop
  endfacet
  facet normal 1 0 0
    outer loop
      vertex 125.3 -1.4 143
      vertex 125.3 -5 148.433
      vertex 125.3 -5 143
    endloop
  endfacet
  facet normal -0.382762 0 0.923847
    outer loop
      vertex 128.069 -1.4 140.875
      vertex 128.6 -5 141.095
      vertex 128.6 -1.4 141.095
    endloop
  endfacet
  facet normal -0.382762 0 0.923847
    outer loop
      vertex 128.6 -5 141.095
      vertex 128.069 -1.4 140.875
      vertex 128.069 -5 140.875
    endloop
  endfacet
  facet normal 0.923847 -0 0.382762
    outer loop
      vertex 125.375 -5 142.431
      vertex 125.595 -1.4 141.9
      vertex 125.375 -1.4 142.431
    endloop
  endfacet
  facet normal 0.923847 0 0.382762
    outer loop
      vertex 125.595 -1.4 141.9
      vertex 125.375 -5 142.431
      vertex 125.595 -5 141.9
    endloop
  endfacet
  facet normal -0.991425 0 0.13068
    outer loop
      vertex 129.625 -5 142.431
      vertex 129.7 -1.4 143
      vertex 129.625 -1.4 142.431
    endloop
  endfacet
  facet normal -0.991425 0 0.13068
    outer loop
      vertex 129.7 -1.4 143
      vertex 129.625 -5 142.431
      vertex 129.7 -5 143
    endloop
  endfacet
  facet normal 0.382762 0 0.923847
    outer loop
      vertex 126.4 -1.4 141.095
      vertex 126.931 -5 140.875
      vertex 126.931 -1.4 140.875
    endloop
  endfacet
  facet normal 0.382762 0 0.923847
    outer loop
      vertex 126.931 -5 140.875
      vertex 126.4 -1.4 141.095
      vertex 126.4 -5 141.095
    endloop
  endfacet
  facet normal 0.607773 0 0.794111
    outer loop
      vertex 125.944 -1.4 141.444
      vertex 126.4 -5 141.095
      vertex 126.4 -1.4 141.095
    endloop
  endfacet
  facet normal 0.607773 0 0.794111
    outer loop
      vertex 126.4 -5 141.095
      vertex 125.944 -1.4 141.444
      vertex 125.944 -5 141.444
    endloop
  endfacet
  facet normal -0.923847 0 0.382762
    outer loop
      vertex 129.405 -5 141.9
      vertex 129.625 -1.4 142.431
      vertex 129.405 -1.4 141.9
    endloop
  endfacet
  facet normal -0.923847 0 0.382762
    outer loop
      vertex 129.625 -1.4 142.431
      vertex 129.405 -5 141.9
      vertex 129.625 -5 142.431
    endloop
  endfacet
  facet normal 0.13068 0 0.991425
    outer loop
      vertex 126.931 -1.4 140.875
      vertex 127.5 -5 140.8
      vertex 127.5 -1.4 140.8
    endloop
  endfacet
  facet normal 0.13068 0 0.991425
    outer loop
      vertex 127.5 -5 140.8
      vertex 126.931 -1.4 140.875
      vertex 126.931 -5 140.875
    endloop
  endfacet
  facet normal -0.607773 0 0.794111
    outer loop
      vertex 128.6 -1.4 141.095
      vertex 129.056 -5 141.444
      vertex 129.056 -1.4 141.444
    endloop
  endfacet
  facet normal -0.607773 0 0.794111
    outer loop
      vertex 129.056 -5 141.444
      vertex 128.6 -1.4 141.095
      vertex 128.6 -5 141.095
    endloop
  endfacet
endsolid OpenSCAD_Model
