solid OpenSCAD_Model
  facet normal -1 0 0
    outer loop
      vertex 0.971428 0 0
      vertex 0.971428 16.0695 0.43396
      vertex 0.971428 16.2525 0
    endloop
  endfacet
  facet normal -1 -0 0
    outer loop
      vertex 0.971428 16.0695 0.43396
      vertex 0.971428 0 0
      vertex 0.971428 15.8718 0.86792
    endloop
  endfacet
  facet normal -1 -0 0
    outer loop
      vertex 0.971428 15.8718 0.86792
      vertex 0.971428 0 0
      vertex 0.971428 15.66 1.30188
    endloop
  endfacet
  facet normal -1 -0 0
    outer loop
      vertex 0.971428 15.66 1.30188
      vertex 0.971428 0 0
      vertex 0.971428 15.435 1.73584
    endloop
  endfacet
  facet normal -1 -0 0
    outer loop
      vertex 0.971428 15.435 1.73584
      vertex 0.971428 0 0
      vertex 0.971428 15.1975 2.1698
    endloop
  endfacet
  facet normal -1 -0 0
    outer loop
      vertex 0.971428 15.1975 2.1698
      vertex 0.971428 0 0
      vertex 0.971428 14.9484 2.60376
    endloop
  endfacet
  facet normal -1 -0 0
    outer loop
      vertex 0.971428 14.9484 2.60376
      vertex 0.971428 0 0
      vertex 0.971428 14.6885 3.03773
    endloop
  endfacet
  facet normal -1 -0 0
    outer loop
      vertex 0.971428 14.6885 3.03773
      vertex 0.971428 0 0
      vertex 0.971428 14.4187 3.47169
    endloop
  endfacet
  facet normal -1 -0 0
    outer loop
      vertex 0.971428 14.4187 3.47169
      vertex 0.971428 0 0
      vertex 0.971428 14.1401 3.90565
    endloop
  endfacet
  facet normal -1 -0 0
    outer loop
      vertex 0.971428 14.1401 3.90565
      vertex 0.971428 0 0
      vertex 0.971428 13.8534 4.33961
    endloop
  endfacet
  facet normal -1 -0 0
    outer loop
      vertex 0.971428 13.8534 4.33961
      vertex 0.971428 0 0
      vertex 0.971428 13.5596 4.77357
    endloop
  endfacet
  facet normal -1 -0 0
    outer loop
      vertex 0.971428 13.5596 4.77357
      vertex 0.971428 0 0
      vertex 0.971428 13.2598 5.20753
    endloop
  endfacet
  facet normal -1 -0 0
    outer loop
      vertex 0.971428 13.2598 5.20753
      vertex 0.971428 0 0
      vertex 0.971428 12.9549 5.64149
    endloop
  endfacet
  facet normal -1 -0 0
    outer loop
      vertex 0.971428 12.9549 5.64149
      vertex 0.971428 0 0
      vertex 0.971428 12.646 6.07547
    endloop
  endfacet
  facet normal -1 -0 0
    outer loop
      vertex 0.971428 12.646 6.07547
      vertex 0.971428 0 0
      vertex 0.971428 12.3339 6.50943
    endloop
  endfacet
  facet normal -1 -0 0
    outer loop
      vertex 0.971428 12.3339 6.50943
      vertex 0.971428 0 0
      vertex 0.971428 12.0197 6.94339
    endloop
  endfacet
  facet normal -1 -0 0
    outer loop
      vertex 0.971428 12.0197 6.94339
      vertex 0.971428 0 0
      vertex 0.971428 11.7045 7.37735
    endloop
  endfacet
  facet normal -1 -0 0
    outer loop
      vertex 0.971428 11.7045 7.37735
      vertex 0.971428 0 0
      vertex 0.971428 11.3892 7.81131
    endloop
  endfacet
  facet normal -1 -0 0
    outer loop
      vertex 0.971428 11.3892 7.81131
      vertex 0.971428 0 0
      vertex 0.971428 11.0748 8.24527
    endloop
  endfacet
  facet normal -1 -0 0
    outer loop
      vertex 0.971428 11.0748 8.24527
      vertex 0.971428 0 0
      vertex 0.971428 10.7622 8.67924
    endloop
  endfacet
  facet normal -1 -0 0
    outer loop
      vertex 0.971428 10.7622 8.67924
      vertex 0.971428 0 0
      vertex 0.971428 10.4525 9.1132
    endloop
  endfacet
  facet normal -1 -0 0
    outer loop
      vertex 0.971428 10.4525 9.1132
      vertex 0.971428 0 0
      vertex 0.971428 10.1466 9.54716
    endloop
  endfacet
  facet normal -1 -0 0
    outer loop
      vertex 0.971428 10.1466 9.54716
      vertex 0.971428 0 0
      vertex 0.971428 9.84538 9.98112
    endloop
  endfacet
  facet normal -1 -0 0
    outer loop
      vertex 0.971428 9.84538 9.98112
      vertex 0.971428 0 0
      vertex 0.971428 9.5498 10.4151
    endloop
  endfacet
  facet normal -1 -0 0
    outer loop
      vertex 0.971428 9.5498 10.4151
      vertex 0.971428 0 0
      vertex 0.971428 9.26071 10.849
    endloop
  endfacet
  facet normal -1 -0 0
    outer loop
      vertex 0.971428 5.88847 19.5283
      vertex 0.971428 0 0
      vertex 0.971428 5.87421 19.9622
    endloop
  endfacet
  facet normal -1 -0 0
    outer loop
      vertex 0.971428 5.91879 19.0943
      vertex 0.971428 0 0
      vertex 0.971428 5.88847 19.5283
    endloop
  endfacet
  facet normal -1 -0 0
    outer loop
      vertex 0.971428 5.96518 18.6604
      vertex 0.971428 0 0
      vertex 0.971428 5.91879 19.0943
    endloop
  endfacet
  facet normal -1 -0 0
    outer loop
      vertex 0.971428 6.02757 18.2264
      vertex 0.971428 0 0
      vertex 0.971428 5.96518 18.6604
    endloop
  endfacet
  facet normal -1 -0 0
    outer loop
      vertex 0.971428 6.10585 17.7924
      vertex 0.971428 0 0
      vertex 0.971428 6.02757 18.2264
    endloop
  endfacet
  facet normal -1 -0 0
    outer loop
      vertex 0.971428 6.19989 17.3585
      vertex 0.971428 0 0
      vertex 0.971428 6.10585 17.7924
    endloop
  endfacet
  facet normal -1 -0 0
    outer loop
      vertex 0.971428 6.30949 16.9245
      vertex 0.971428 0 0
      vertex 0.971428 6.19989 17.3585
    endloop
  endfacet
  facet normal -1 -0 0
    outer loop
      vertex 0.971428 6.43443 16.4906
      vertex 0.971428 0 0
      vertex 0.971428 6.30949 16.9245
    endloop
  endfacet
  facet normal -1 -0 0
    outer loop
      vertex 0.971428 6.57439 16.0566
      vertex 0.971428 0 0
      vertex 0.971428 6.43443 16.4906
    endloop
  endfacet
  facet normal -1 -0 0
    outer loop
      vertex 0.971428 6.72906 15.6226
      vertex 0.971428 0 0
      vertex 0.971428 6.57439 16.0566
    endloop
  endfacet
  facet normal -1 -0 0
    outer loop
      vertex 0.971428 6.89806 15.1887
      vertex 0.971428 0 0
      vertex 0.971428 6.72906 15.6226
    endloop
  endfacet
  facet normal -1 -0 0
    outer loop
      vertex 0.971428 7.08095 14.7547
      vertex 0.971428 0 0
      vertex 0.971428 6.89806 15.1887
    endloop
  endfacet
  facet normal -1 -0 0
    outer loop
      vertex 0.971428 7.27727 14.3207
      vertex 0.971428 0 0
      vertex 0.971428 7.08095 14.7547
    endloop
  endfacet
  facet normal -1 -0 0
    outer loop
      vertex 0.971428 7.4865 13.8868
      vertex 0.971428 0 0
      vertex 0.971428 7.27727 14.3207
    endloop
  endfacet
  facet normal -1 -0 0
    outer loop
      vertex 0.971428 7.70808 13.4528
      vertex 0.971428 0 0
      vertex 0.971428 7.4865 13.8868
    endloop
  endfacet
  facet normal -1 -0 0
    outer loop
      vertex 0.971428 7.94144 13.0189
      vertex 0.971428 0 0
      vertex 0.971428 7.70808 13.4528
    endloop
  endfacet
  facet normal -1 -0 0
    outer loop
      vertex 0.971428 8.1859 12.5849
      vertex 0.971428 0 0
      vertex 0.971428 7.94144 13.0189
    endloop
  endfacet
  facet normal -1 -0 0
    outer loop
      vertex 0.971428 8.4408 12.1509
      vertex 0.971428 0 0
      vertex 0.971428 8.1859 12.5849
    endloop
  endfacet
  facet normal -1 -0 0
    outer loop
      vertex 0.971428 8.7054 11.717
      vertex 0.971428 0 0
      vertex 0.971428 8.4408 12.1509
    endloop
  endfacet
  facet normal -1 -0 0
    outer loop
      vertex 0.971428 8.97897 11.283
      vertex 0.971428 0 0
      vertex 0.971428 8.7054 11.717
    endloop
  endfacet
  facet normal -1 -0 0
    outer loop
      vertex 0.971428 9.26071 10.849
      vertex 0.971428 0 0
      vertex 0.971428 8.97897 11.283
    endloop
  endfacet
  facet normal -1 0 0
    outer loop
      vertex 0.971428 0 46
      vertex 0.971428 18.6435 45.566
      vertex 0.971428 18.4964 45.1321
    endloop
  endfacet
  facet normal -1 0 0
    outer loop
      vertex 0.971428 0 46
      vertex 0.971428 18.4964 45.1321
      vertex 0.971428 18.3399 44.6981
    endloop
  endfacet
  facet normal -1 0 0
    outer loop
      vertex 0.971428 0 46
      vertex 0.971428 18.3399 44.6981
      vertex 0.971428 18.174 44.2641
    endloop
  endfacet
  facet normal -1 0 0
    outer loop
      vertex 0.971428 0 46
      vertex 0.971428 18.174 44.2641
      vertex 0.971428 17.999 43.8302
    endloop
  endfacet
  facet normal -1 0 0
    outer loop
      vertex 0.971428 0 46
      vertex 0.971428 17.999 43.8302
      vertex 0.971428 17.8149 43.3962
    endloop
  endfacet
  facet normal -1 0 0
    outer loop
      vertex 0.971428 0 46
      vertex 0.971428 17.8149 43.3962
      vertex 0.971428 17.6219 42.9622
    endloop
  endfacet
  facet normal -1 0 0
    outer loop
      vertex 0.971428 0 46
      vertex 0.971428 17.6219 42.9622
      vertex 0.971428 17.4201 42.5283
    endloop
  endfacet
  facet normal -1 0 0
    outer loop
      vertex 0.971428 0 46
      vertex 0.971428 17.4201 42.5283
      vertex 0.971428 17.2099 42.0943
    endloop
  endfacet
  facet normal -1 0 0
    outer loop
      vertex 0.971428 0 46
      vertex 0.971428 17.2099 42.0943
      vertex 0.971428 16.9914 41.6604
    endloop
  endfacet
  facet normal -1 0 0
    outer loop
      vertex 0.971428 0 46
      vertex 0.971428 16.9914 41.6604
      vertex 0.971428 16.7649 41.2264
    endloop
  endfacet
  facet normal -1 0 0
    outer loop
      vertex 0.971428 0 46
      vertex 0.971428 16.7649 41.2264
      vertex 0.971428 16.5306 40.7924
    endloop
  endfacet
  facet normal -1 0 0
    outer loop
      vertex 0.971428 0 46
      vertex 0.971428 16.5306 40.7924
      vertex 0.971428 16.2889 40.3585
    endloop
  endfacet
  facet normal -1 0 0
    outer loop
      vertex 0.971428 0 46
      vertex 0.971428 16.2889 40.3585
      vertex 0.971428 16.0401 39.9245
    endloop
  endfacet
  facet normal -1 0 0
    outer loop
      vertex 0.971428 0 46
      vertex 0.971428 16.0401 39.9245
      vertex 0.971428 15.7845 39.4906
    endloop
  endfacet
  facet normal -1 0 0
    outer loop
      vertex 0.971428 0 46
      vertex 0.971428 15.7845 39.4906
      vertex 0.971428 15.5225 39.0566
    endloop
  endfacet
  facet normal -1 0 0
    outer loop
      vertex 0.971428 0 46
      vertex 0.971428 15.5225 39.0566
      vertex 0.971428 15.2545 38.6226
    endloop
  endfacet
  facet normal -1 0 0
    outer loop
      vertex 0.971428 0 46
      vertex 0.971428 15.2545 38.6226
      vertex 0.971428 14.9809 38.1887
    endloop
  endfacet
  facet normal -1 0 0
    outer loop
      vertex 0.971428 0 46
      vertex 0.971428 14.9809 38.1887
      vertex 0.971428 14.7022 37.7547
    endloop
  endfacet
  facet normal -1 0 0
    outer loop
      vertex 0.971428 0 46
      vertex 0.971428 14.7022 37.7547
      vertex 0.971428 14.4188 37.3207
    endloop
  endfacet
  facet normal -1 0 0
    outer loop
      vertex 0.971428 0 46
      vertex 0.971428 14.4188 37.3207
      vertex 0.971428 14.1311 36.8868
    endloop
  endfacet
  facet normal -1 0 0
    outer loop
      vertex 0.971428 0 46
      vertex 0.971428 14.1311 36.8868
      vertex 0.971428 13.8398 36.4528
    endloop
  endfacet
  facet normal -1 0 0
    outer loop
      vertex 0.971428 0 46
      vertex 0.971428 13.8398 36.4528
      vertex 0.971428 13.5452 36.0189
    endloop
  endfacet
  facet normal -1 0 0
    outer loop
      vertex 0.971428 0 46
      vertex 0.971428 13.5452 36.0189
      vertex 0.971428 13.248 35.5849
    endloop
  endfacet
  facet normal -1 0 0
    outer loop
      vertex 0.971428 0 46
      vertex 0.971428 13.248 35.5849
      vertex 0.971428 12.9487 35.1509
    endloop
  endfacet
  facet normal -1 0 0
    outer loop
      vertex 0.971428 0 46
      vertex 0.971428 12.9487 35.1509
      vertex 0.971428 12.6478 34.717
    endloop
  endfacet
  facet normal -1 0 0
    outer loop
      vertex 0.971428 0 46
      vertex 0.971428 12.6478 34.717
      vertex 0.971428 12.346 34.283
    endloop
  endfacet
  facet normal -1 0 0
    outer loop
      vertex 0.971428 0 46
      vertex 0.971428 12.346 34.283
      vertex 0.971428 12.0438 33.849
    endloop
  endfacet
  facet normal -1 0 0
    outer loop
      vertex 0.971428 0 46
      vertex 0.971428 12.0438 33.849
      vertex 0.971428 11.7418 33.4151
    endloop
  endfacet
  facet normal -1 0 0
    outer loop
      vertex 0.971428 0 46
      vertex 0.971428 11.7418 33.4151
      vertex 0.971428 11.4407 32.9811
    endloop
  endfacet
  facet normal -1 0 0
    outer loop
      vertex 0.971428 0 46
      vertex 0.971428 11.4407 32.9811
      vertex 0.971428 11.1411 32.5472
    endloop
  endfacet
  facet normal -1 0 0
    outer loop
      vertex 0.971428 0 46
      vertex 0.971428 11.1411 32.5472
      vertex 0.971428 10.8437 32.1132
    endloop
  endfacet
  facet normal -1 0 0
    outer loop
      vertex 0.971428 0 46
      vertex 0.971428 10.8437 32.1132
      vertex 0.971428 10.549 31.6792
    endloop
  endfacet
  facet normal -1 0 0
    outer loop
      vertex 0.971428 0 46
      vertex 0.971428 10.549 31.6792
      vertex 0.971428 10.2578 31.2453
    endloop
  endfacet
  facet normal -1 0 0
    outer loop
      vertex 0.971428 0 46
      vertex 0.971428 10.2578 31.2453
      vertex 0.971428 9.9706 30.8113
    endloop
  endfacet
  facet normal -1 0 0
    outer loop
      vertex 0.971428 0 46
      vertex 0.971428 9.9706 30.8113
      vertex 0.971428 9.68817 30.3773
    endloop
  endfacet
  facet normal -1 0 0
    outer loop
      vertex 0.971428 0 46
      vertex 0.971428 9.68817 30.3773
      vertex 0.971428 9.41115 29.9434
    endloop
  endfacet
  facet normal -1 0 0
    outer loop
      vertex 0.971428 0 46
      vertex 0.971428 9.41115 29.9434
      vertex 0.971428 9.14015 29.5094
    endloop
  endfacet
  facet normal -1 0 0
    outer loop
      vertex 0.971428 0 46
      vertex 0.971428 9.14015 29.5094
      vertex 0.971428 8.87587 29.0755
    endloop
  endfacet
  facet normal -1 0 0
    outer loop
      vertex 0.971428 0 46
      vertex 0.971428 8.87587 29.0755
      vertex 0.971428 8.61891 28.6415
    endloop
  endfacet
  facet normal -1 0 0
    outer loop
      vertex 0.971428 0 0
      vertex 0.971428 5.87596 20.3962
      vertex 0.971428 5.87421 19.9622
    endloop
  endfacet
  facet normal -1 0 0
    outer loop
      vertex 0.971428 0 0
      vertex 0.971428 5.89366 20.8302
      vertex 0.971428 5.87596 20.3962
    endloop
  endfacet
  facet normal -1 0 0
    outer loop
      vertex 0.971428 0 46
      vertex 0.971428 5.89366 20.8302
      vertex 0.971428 0 0
    endloop
  endfacet
  facet normal -1 0 0
    outer loop
      vertex 0.971428 5.89366 20.8302
      vertex 0.971428 0 46
      vertex 0.971428 5.92719 21.2641
    endloop
  endfacet
  facet normal -1 0 0
    outer loop
      vertex 0.971428 5.92719 21.2641
      vertex 0.971428 0 46
      vertex 0.971428 5.97636 21.6981
    endloop
  endfacet
  facet normal -1 0 0
    outer loop
      vertex 0.971428 5.97636 21.6981
      vertex 0.971428 0 46
      vertex 0.971428 6.041 22.1321
    endloop
  endfacet
  facet normal -1 0 0
    outer loop
      vertex 0.971428 6.041 22.1321
      vertex 0.971428 0 46
      vertex 0.971428 6.12085 22.566
    endloop
  endfacet
  facet normal -1 0 0
    outer loop
      vertex 0.971428 6.12085 22.566
      vertex 0.971428 0 46
      vertex 0.971428 6.21561 23
    endloop
  endfacet
  facet normal -1 0 0
    outer loop
      vertex 0.971428 18.6435 45.566
      vertex 0.971428 0 46
      vertex 0.971428 18.7811 46
    endloop
  endfacet
  facet normal -1 0 0
    outer loop
      vertex 0.971428 8.36993 28.2075
      vertex 0.971428 0 46
      vertex 0.971428 8.61891 28.6415
    endloop
  endfacet
  facet normal -1 0 0
    outer loop
      vertex 0.971428 8.12955 27.7736
      vertex 0.971428 0 46
      vertex 0.971428 8.36993 28.2075
    endloop
  endfacet
  facet normal -1 0 0
    outer loop
      vertex 0.971428 7.89836 27.3396
      vertex 0.971428 0 46
      vertex 0.971428 8.12955 27.7736
    endloop
  endfacet
  facet normal -1 0 0
    outer loop
      vertex 0.971428 7.677 26.9057
      vertex 0.971428 0 46
      vertex 0.971428 7.89836 27.3396
    endloop
  endfacet
  facet normal -1 0 0
    outer loop
      vertex 0.971428 7.46602 26.4717
      vertex 0.971428 0 46
      vertex 0.971428 7.677 26.9057
    endloop
  endfacet
  facet normal -1 0 0
    outer loop
      vertex 0.971428 7.26601 26.0377
      vertex 0.971428 0 46
      vertex 0.971428 7.46602 26.4717
    endloop
  endfacet
  facet normal -1 0 0
    outer loop
      vertex 0.971428 7.0775 25.6038
      vertex 0.971428 0 46
      vertex 0.971428 7.26601 26.0377
    endloop
  endfacet
  facet normal -1 0 0
    outer loop
      vertex 0.971428 6.90102 25.1698
      vertex 0.971428 0 46
      vertex 0.971428 7.0775 25.6038
    endloop
  endfacet
  facet normal -1 0 0
    outer loop
      vertex 0.971428 6.73706 24.7358
      vertex 0.971428 0 46
      vertex 0.971428 6.90102 25.1698
    endloop
  endfacet
  facet normal -1 0 0
    outer loop
      vertex 0.971428 6.58612 24.3019
      vertex 0.971428 0 46
      vertex 0.971428 6.73706 24.7358
    endloop
  endfacet
  facet normal -1 0 0
    outer loop
      vertex 0.971428 6.44862 23.8679
      vertex 0.971428 0 46
      vertex 0.971428 6.58612 24.3019
    endloop
  endfacet
  facet normal -1 0 0
    outer loop
      vertex 0.971428 6.32498 23.434
      vertex 0.971428 0 46
      vertex 0.971428 6.44862 23.8679
    endloop
  endfacet
  facet normal -1 0 0
    outer loop
      vertex 0.971428 6.21561 23
      vertex 0.971428 0 46
      vertex 0.971428 6.32498 23.434
    endloop
  endfacet
  facet normal 1 -0 0
    outer loop
      vertex 7.12381 0 46
      vertex 7.12381 18.6435 45.566
      vertex 7.12381 18.7811 46
    endloop
  endfacet
  facet normal 1 0 0
    outer loop
      vertex 7.12381 18.6435 45.566
      vertex 7.12381 0 46
      vertex 7.12381 18.4964 45.1321
    endloop
  endfacet
  facet normal 1 0 0
    outer loop
      vertex 7.12381 18.4964 45.1321
      vertex 7.12381 0 46
      vertex 7.12381 18.3399 44.6981
    endloop
  endfacet
  facet normal 1 0 0
    outer loop
      vertex 7.12381 18.3399 44.6981
      vertex 7.12381 0 46
      vertex 7.12381 18.174 44.2641
    endloop
  endfacet
  facet normal 1 0 0
    outer loop
      vertex 7.12381 18.174 44.2641
      vertex 7.12381 0 46
      vertex 7.12381 17.999 43.8302
    endloop
  endfacet
  facet normal 1 0 0
    outer loop
      vertex 7.12381 17.999 43.8302
      vertex 7.12381 0 46
      vertex 7.12381 17.8149 43.3962
    endloop
  endfacet
  facet normal 1 0 0
    outer loop
      vertex 7.12381 17.8149 43.3962
      vertex 7.12381 0 46
      vertex 7.12381 17.6219 42.9622
    endloop
  endfacet
  facet normal 1 0 0
    outer loop
      vertex 7.12381 17.6219 42.9622
      vertex 7.12381 0 46
      vertex 7.12381 17.4201 42.5283
    endloop
  endfacet
  facet normal 1 0 0
    outer loop
      vertex 7.12381 17.4201 42.5283
      vertex 7.12381 0 46
      vertex 7.12381 17.2099 42.0943
    endloop
  endfacet
  facet normal 1 0 0
    outer loop
      vertex 7.12381 17.2099 42.0943
      vertex 7.12381 0 46
      vertex 7.12381 16.9914 41.6604
    endloop
  endfacet
  facet normal 1 0 0
    outer loop
      vertex 7.12381 16.9914 41.6604
      vertex 7.12381 0 46
      vertex 7.12381 16.7649 41.2264
    endloop
  endfacet
  facet normal 1 0 0
    outer loop
      vertex 7.12381 16.7649 41.2264
      vertex 7.12381 0 46
      vertex 7.12381 16.5306 40.7924
    endloop
  endfacet
  facet normal 1 0 0
    outer loop
      vertex 7.12381 16.5306 40.7924
      vertex 7.12381 0 46
      vertex 7.12381 16.2889 40.3585
    endloop
  endfacet
  facet normal 1 0 0
    outer loop
      vertex 7.12381 16.2889 40.3585
      vertex 7.12381 0 46
      vertex 7.12381 16.0401 39.9245
    endloop
  endfacet
  facet normal 1 0 0
    outer loop
      vertex 7.12381 16.0401 39.9245
      vertex 7.12381 0 46
      vertex 7.12381 15.7845 39.4906
    endloop
  endfacet
  facet normal 1 0 0
    outer loop
      vertex 7.12381 15.7845 39.4906
      vertex 7.12381 0 46
      vertex 7.12381 15.5225 39.0566
    endloop
  endfacet
  facet normal 1 0 0
    outer loop
      vertex 7.12381 15.5225 39.0566
      vertex 7.12381 0 46
      vertex 7.12381 15.2545 38.6226
    endloop
  endfacet
  facet normal 1 0 0
    outer loop
      vertex 7.12381 15.2545 38.6226
      vertex 7.12381 0 46
      vertex 7.12381 14.9809 38.1887
    endloop
  endfacet
  facet normal 1 0 0
    outer loop
      vertex 7.12381 14.9809 38.1887
      vertex 7.12381 0 46
      vertex 7.12381 14.7022 37.7547
    endloop
  endfacet
  facet normal 1 0 0
    outer loop
      vertex 7.12381 14.7022 37.7547
      vertex 7.12381 0 46
      vertex 7.12381 14.4188 37.3207
    endloop
  endfacet
  facet normal 1 0 0
    outer loop
      vertex 7.12381 14.4188 37.3207
      vertex 7.12381 0 46
      vertex 7.12381 14.1311 36.8868
    endloop
  endfacet
  facet normal 1 0 0
    outer loop
      vertex 7.12381 14.1311 36.8868
      vertex 7.12381 0 46
      vertex 7.12381 13.8398 36.4528
    endloop
  endfacet
  facet normal 1 0 0
    outer loop
      vertex 7.12381 13.8398 36.4528
      vertex 7.12381 0 46
      vertex 7.12381 13.5452 36.0189
    endloop
  endfacet
  facet normal 1 0 0
    outer loop
      vertex 7.12381 13.5452 36.0189
      vertex 7.12381 0 46
      vertex 7.12381 13.248 35.5849
    endloop
  endfacet
  facet normal 1 0 0
    outer loop
      vertex 7.12381 13.248 35.5849
      vertex 7.12381 0 46
      vertex 7.12381 12.9487 35.1509
    endloop
  endfacet
  facet normal 1 0 0
    outer loop
      vertex 7.12381 12.9487 35.1509
      vertex 7.12381 0 46
      vertex 7.12381 12.6478 34.717
    endloop
  endfacet
  facet normal 1 0 0
    outer loop
      vertex 7.12381 12.6478 34.717
      vertex 7.12381 0 46
      vertex 7.12381 12.346 34.283
    endloop
  endfacet
  facet normal 1 0 0
    outer loop
      vertex 7.12381 12.346 34.283
      vertex 7.12381 0 46
      vertex 7.12381 12.0438 33.849
    endloop
  endfacet
  facet normal 1 0 0
    outer loop
      vertex 7.12381 12.0438 33.849
      vertex 7.12381 0 46
      vertex 7.12381 11.7418 33.4151
    endloop
  endfacet
  facet normal 1 0 0
    outer loop
      vertex 7.12381 11.7418 33.4151
      vertex 7.12381 0 46
      vertex 7.12381 11.4407 32.9811
    endloop
  endfacet
  facet normal 1 0 0
    outer loop
      vertex 7.12381 11.4407 32.9811
      vertex 7.12381 0 46
      vertex 7.12381 11.1411 32.5472
    endloop
  endfacet
  facet normal 1 0 0
    outer loop
      vertex 7.12381 11.1411 32.5472
      vertex 7.12381 0 46
      vertex 7.12381 10.8437 32.1132
    endloop
  endfacet
  facet normal 1 0 0
    outer loop
      vertex 7.12381 10.8437 32.1132
      vertex 7.12381 0 46
      vertex 7.12381 10.549 31.6792
    endloop
  endfacet
  facet normal 1 0 0
    outer loop
      vertex 7.12381 10.549 31.6792
      vertex 7.12381 0 46
      vertex 7.12381 10.2578 31.2453
    endloop
  endfacet
  facet normal 1 0 0
    outer loop
      vertex 7.12381 10.2578 31.2453
      vertex 7.12381 0 46
      vertex 7.12381 9.9706 30.8113
    endloop
  endfacet
  facet normal 1 0 0
    outer loop
      vertex 7.12381 9.9706 30.8113
      vertex 7.12381 0 46
      vertex 7.12381 9.68817 30.3773
    endloop
  endfacet
  facet normal 1 0 0
    outer loop
      vertex 7.12381 9.68817 30.3773
      vertex 7.12381 0 46
      vertex 7.12381 9.41115 29.9434
    endloop
  endfacet
  facet normal 1 0 0
    outer loop
      vertex 7.12381 9.41115 29.9434
      vertex 7.12381 0 46
      vertex 7.12381 9.14015 29.5094
    endloop
  endfacet
  facet normal 1 0 0
    outer loop
      vertex 7.12381 9.14015 29.5094
      vertex 7.12381 0 46
      vertex 7.12381 8.87587 29.0755
    endloop
  endfacet
  facet normal 1 0 0
    outer loop
      vertex 7.12381 0 0
      vertex 7.12381 5.87596 20.3962
      vertex 7.12381 0 46
    endloop
  endfacet
  facet normal 1 0 0
    outer loop
      vertex 7.12381 5.89366 20.8302
      vertex 7.12381 0 46
      vertex 7.12381 5.87596 20.3962
    endloop
  endfacet
  facet normal 1 0 0
    outer loop
      vertex 7.12381 5.92719 21.2641
      vertex 7.12381 0 46
      vertex 7.12381 5.89366 20.8302
    endloop
  endfacet
  facet normal 1 0 0
    outer loop
      vertex 7.12381 5.97636 21.6981
      vertex 7.12381 0 46
      vertex 7.12381 5.92719 21.2641
    endloop
  endfacet
  facet normal 1 0 0
    outer loop
      vertex 7.12381 6.041 22.1321
      vertex 7.12381 0 46
      vertex 7.12381 5.97636 21.6981
    endloop
  endfacet
  facet normal 1 0 0
    outer loop
      vertex 7.12381 6.12085 22.566
      vertex 7.12381 0 46
      vertex 7.12381 6.041 22.1321
    endloop
  endfacet
  facet normal 1 0 0
    outer loop
      vertex 7.12381 6.21561 23
      vertex 7.12381 0 46
      vertex 7.12381 6.12085 22.566
    endloop
  endfacet
  facet normal 1 0 0
    outer loop
      vertex 7.12381 6.32498 23.434
      vertex 7.12381 0 46
      vertex 7.12381 6.21561 23
    endloop
  endfacet
  facet normal 1 0 0
    outer loop
      vertex 7.12381 6.44862 23.8679
      vertex 7.12381 0 46
      vertex 7.12381 6.32498 23.434
    endloop
  endfacet
  facet normal 1 0 0
    outer loop
      vertex 7.12381 6.58612 24.3019
      vertex 7.12381 0 46
      vertex 7.12381 6.44862 23.8679
    endloop
  endfacet
  facet normal 1 0 0
    outer loop
      vertex 7.12381 6.73706 24.7358
      vertex 7.12381 0 46
      vertex 7.12381 6.58612 24.3019
    endloop
  endfacet
  facet normal 1 0 0
    outer loop
      vertex 7.12381 6.90102 25.1698
      vertex 7.12381 0 46
      vertex 7.12381 6.73706 24.7358
    endloop
  endfacet
  facet normal 1 0 0
    outer loop
      vertex 7.12381 7.0775 25.6038
      vertex 7.12381 0 46
      vertex 7.12381 6.90102 25.1698
    endloop
  endfacet
  facet normal 1 0 0
    outer loop
      vertex 7.12381 7.26601 26.0377
      vertex 7.12381 0 46
      vertex 7.12381 7.0775 25.6038
    endloop
  endfacet
  facet normal 1 0 0
    outer loop
      vertex 7.12381 7.46602 26.4717
      vertex 7.12381 0 46
      vertex 7.12381 7.26601 26.0377
    endloop
  endfacet
  facet normal 1 0 0
    outer loop
      vertex 7.12381 7.677 26.9057
      vertex 7.12381 0 46
      vertex 7.12381 7.46602 26.4717
    endloop
  endfacet
  facet normal 1 0 0
    outer loop
      vertex 7.12381 7.89836 27.3396
      vertex 7.12381 0 46
      vertex 7.12381 7.677 26.9057
    endloop
  endfacet
  facet normal 1 0 0
    outer loop
      vertex 7.12381 8.12955 27.7736
      vertex 7.12381 0 46
      vertex 7.12381 7.89836 27.3396
    endloop
  endfacet
  facet normal 1 0 0
    outer loop
      vertex 7.12381 8.36993 28.2075
      vertex 7.12381 0 46
      vertex 7.12381 8.12955 27.7736
    endloop
  endfacet
  facet normal 1 0 0
    outer loop
      vertex 7.12381 8.61891 28.6415
      vertex 7.12381 0 46
      vertex 7.12381 8.36993 28.2075
    endloop
  endfacet
  facet normal 1 0 0
    outer loop
      vertex 7.12381 8.87587 29.0755
      vertex 7.12381 0 46
      vertex 7.12381 8.61891 28.6415
    endloop
  endfacet
  facet normal 1 0 0
    outer loop
      vertex 7.12381 0 0
      vertex 7.12381 16.0695 0.43396
      vertex 7.12381 15.8718 0.86792
    endloop
  endfacet
  facet normal 1 0 0
    outer loop
      vertex 7.12381 0 0
      vertex 7.12381 15.8718 0.86792
      vertex 7.12381 15.66 1.30188
    endloop
  endfacet
  facet normal 1 0 0
    outer loop
      vertex 7.12381 0 0
      vertex 7.12381 15.66 1.30188
      vertex 7.12381 15.435 1.73584
    endloop
  endfacet
  facet normal 1 0 0
    outer loop
      vertex 7.12381 0 0
      vertex 7.12381 15.435 1.73584
      vertex 7.12381 15.1975 2.1698
    endloop
  endfacet
  facet normal 1 0 0
    outer loop
      vertex 7.12381 0 0
      vertex 7.12381 15.1975 2.1698
      vertex 7.12381 14.9484 2.60376
    endloop
  endfacet
  facet normal 1 0 0
    outer loop
      vertex 7.12381 0 0
      vertex 7.12381 14.9484 2.60376
      vertex 7.12381 14.6885 3.03773
    endloop
  endfacet
  facet normal 1 0 0
    outer loop
      vertex 7.12381 0 0
      vertex 7.12381 14.6885 3.03773
      vertex 7.12381 14.4187 3.47169
    endloop
  endfacet
  facet normal 1 0 0
    outer loop
      vertex 7.12381 0 0
      vertex 7.12381 14.4187 3.47169
      vertex 7.12381 14.1401 3.90565
    endloop
  endfacet
  facet normal 1 0 0
    outer loop
      vertex 7.12381 0 0
      vertex 7.12381 14.1401 3.90565
      vertex 7.12381 13.8534 4.33961
    endloop
  endfacet
  facet normal 1 0 0
    outer loop
      vertex 7.12381 0 0
      vertex 7.12381 13.8534 4.33961
      vertex 7.12381 13.5596 4.77357
    endloop
  endfacet
  facet normal 1 0 0
    outer loop
      vertex 7.12381 0 0
      vertex 7.12381 13.5596 4.77357
      vertex 7.12381 13.2598 5.20753
    endloop
  endfacet
  facet normal 1 0 0
    outer loop
      vertex 7.12381 0 0
      vertex 7.12381 13.2598 5.20753
      vertex 7.12381 12.9549 5.64149
    endloop
  endfacet
  facet normal 1 0 0
    outer loop
      vertex 7.12381 0 0
      vertex 7.12381 12.9549 5.64149
      vertex 7.12381 12.646 6.07547
    endloop
  endfacet
  facet normal 1 0 0
    outer loop
      vertex 7.12381 0 0
      vertex 7.12381 12.646 6.07547
      vertex 7.12381 12.3339 6.50943
    endloop
  endfacet
  facet normal 1 0 0
    outer loop
      vertex 7.12381 0 0
      vertex 7.12381 12.3339 6.50943
      vertex 7.12381 12.0197 6.94339
    endloop
  endfacet
  facet normal 1 0 0
    outer loop
      vertex 7.12381 0 0
      vertex 7.12381 12.0197 6.94339
      vertex 7.12381 11.7045 7.37735
    endloop
  endfacet
  facet normal 1 0 0
    outer loop
      vertex 7.12381 0 0
      vertex 7.12381 11.7045 7.37735
      vertex 7.12381 11.3892 7.81131
    endloop
  endfacet
  facet normal 1 0 0
    outer loop
      vertex 7.12381 0 0
      vertex 7.12381 11.3892 7.81131
      vertex 7.12381 11.0748 8.24527
    endloop
  endfacet
  facet normal 1 0 0
    outer loop
      vertex 7.12381 0 0
      vertex 7.12381 11.0748 8.24527
      vertex 7.12381 10.7622 8.67924
    endloop
  endfacet
  facet normal 1 0 0
    outer loop
      vertex 7.12381 0 0
      vertex 7.12381 10.7622 8.67924
      vertex 7.12381 10.4525 9.1132
    endloop
  endfacet
  facet normal 1 0 0
    outer loop
      vertex 7.12381 0 0
      vertex 7.12381 10.4525 9.1132
      vertex 7.12381 10.1466 9.54716
    endloop
  endfacet
  facet normal 1 0 0
    outer loop
      vertex 7.12381 0 0
      vertex 7.12381 10.1466 9.54716
      vertex 7.12381 9.84538 9.98112
    endloop
  endfacet
  facet normal 1 0 0
    outer loop
      vertex 7.12381 0 0
      vertex 7.12381 9.84538 9.98112
      vertex 7.12381 9.5498 10.4151
    endloop
  endfacet
  facet normal 1 0 0
    outer loop
      vertex 7.12381 0 0
      vertex 7.12381 9.5498 10.4151
      vertex 7.12381 9.26071 10.849
    endloop
  endfacet
  facet normal 1 0 0
    outer loop
      vertex 7.12381 0 0
      vertex 7.12381 9.26071 10.849
      vertex 7.12381 8.97897 11.283
    endloop
  endfacet
  facet normal 1 0 0
    outer loop
      vertex 7.12381 5.87596 20.3962
      vertex 7.12381 0 0
      vertex 7.12381 5.87421 19.9622
    endloop
  endfacet
  facet normal 1 0 0
    outer loop
      vertex 7.12381 5.87421 19.9622
      vertex 7.12381 0 0
      vertex 7.12381 5.88847 19.5283
    endloop
  endfacet
  facet normal 1 0 0
    outer loop
      vertex 7.12381 5.88847 19.5283
      vertex 7.12381 0 0
      vertex 7.12381 5.91879 19.0943
    endloop
  endfacet
  facet normal 1 0 0
    outer loop
      vertex 7.12381 5.91879 19.0943
      vertex 7.12381 0 0
      vertex 7.12381 5.96518 18.6604
    endloop
  endfacet
  facet normal 1 0 0
    outer loop
      vertex 7.12381 5.96518 18.6604
      vertex 7.12381 0 0
      vertex 7.12381 6.02757 18.2264
    endloop
  endfacet
  facet normal 1 0 0
    outer loop
      vertex 7.12381 16.0695 0.43396
      vertex 7.12381 0 0
      vertex 7.12381 16.2525 0
    endloop
  endfacet
  facet normal 1 0 0
    outer loop
      vertex 7.12381 8.7054 11.717
      vertex 7.12381 0 0
      vertex 7.12381 8.97897 11.283
    endloop
  endfacet
  facet normal 1 0 0
    outer loop
      vertex 7.12381 8.4408 12.1509
      vertex 7.12381 0 0
      vertex 7.12381 8.7054 11.717
    endloop
  endfacet
  facet normal 1 0 0
    outer loop
      vertex 7.12381 8.1859 12.5849
      vertex 7.12381 0 0
      vertex 7.12381 8.4408 12.1509
    endloop
  endfacet
  facet normal 1 0 0
    outer loop
      vertex 7.12381 7.94144 13.0189
      vertex 7.12381 0 0
      vertex 7.12381 8.1859 12.5849
    endloop
  endfacet
  facet normal 1 0 0
    outer loop
      vertex 7.12381 7.70808 13.4528
      vertex 7.12381 0 0
      vertex 7.12381 7.94144 13.0189
    endloop
  endfacet
  facet normal 1 0 0
    outer loop
      vertex 7.12381 7.4865 13.8868
      vertex 7.12381 0 0
      vertex 7.12381 7.70808 13.4528
    endloop
  endfacet
  facet normal 1 0 0
    outer loop
      vertex 7.12381 7.27727 14.3207
      vertex 7.12381 0 0
      vertex 7.12381 7.4865 13.8868
    endloop
  endfacet
  facet normal 1 0 0
    outer loop
      vertex 7.12381 7.08095 14.7547
      vertex 7.12381 0 0
      vertex 7.12381 7.27727 14.3207
    endloop
  endfacet
  facet normal 1 0 0
    outer loop
      vertex 7.12381 6.89806 15.1887
      vertex 7.12381 0 0
      vertex 7.12381 7.08095 14.7547
    endloop
  endfacet
  facet normal 1 0 0
    outer loop
      vertex 7.12381 6.72906 15.6226
      vertex 7.12381 0 0
      vertex 7.12381 6.89806 15.1887
    endloop
  endfacet
  facet normal 1 0 0
    outer loop
      vertex 7.12381 6.57439 16.0566
      vertex 7.12381 0 0
      vertex 7.12381 6.72906 15.6226
    endloop
  endfacet
  facet normal 1 0 0
    outer loop
      vertex 7.12381 6.43443 16.4906
      vertex 7.12381 0 0
      vertex 7.12381 6.57439 16.0566
    endloop
  endfacet
  facet normal 1 0 0
    outer loop
      vertex 7.12381 6.30949 16.9245
      vertex 7.12381 0 0
      vertex 7.12381 6.43443 16.4906
    endloop
  endfacet
  facet normal 1 0 0
    outer loop
      vertex 7.12381 6.19989 17.3585
      vertex 7.12381 0 0
      vertex 7.12381 6.30949 16.9245
    endloop
  endfacet
  facet normal 1 0 0
    outer loop
      vertex 7.12381 6.10585 17.7924
      vertex 7.12381 0 0
      vertex 7.12381 6.19989 17.3585
    endloop
  endfacet
  facet normal 1 0 0
    outer loop
      vertex 7.12381 6.02757 18.2264
      vertex 7.12381 0 0
      vertex 7.12381 6.10585 17.7924
    endloop
  endfacet
  facet normal 0 0.910014 0.414577
    outer loop
      vertex 7.12381 16.0695 0.43396
      vertex 0.971428 15.8718 0.86792
      vertex 7.12381 15.8718 0.86792
    endloop
  endfacet
  facet normal 0 0.910014 0.414577
    outer loop
      vertex 0.971428 15.8718 0.86792
      vertex 7.12381 16.0695 0.43396
      vertex 0.971428 16.0695 0.43396
    endloop
  endfacet
  facet normal 0 0.898677 0.438611
    outer loop
      vertex 7.12381 15.8718 0.86792
      vertex 0.971428 15.66 1.30188
      vertex 7.12381 15.66 1.30188
    endloop
  endfacet
  facet normal 0 0.898677 0.438611
    outer loop
      vertex 0.971428 15.66 1.30188
      vertex 7.12381 15.8718 0.86792
      vertex 0.971428 15.8718 0.86792
    endloop
  endfacet
  facet normal 0 0.887768 0.460291
    outer loop
      vertex 7.12381 15.66 1.30188
      vertex 0.971428 15.435 1.73584
      vertex 7.12381 15.435 1.73584
    endloop
  endfacet
  facet normal 0 0.887768 0.460291
    outer loop
      vertex 0.971428 15.435 1.73584
      vertex 7.12381 15.66 1.30188
      vertex 0.971428 15.66 1.30188
    endloop
  endfacet
  facet normal 0 0.87722 0.480089
    outer loop
      vertex 7.12381 15.435 1.73584
      vertex 0.971428 15.1975 2.1698
      vertex 7.12381 15.1975 2.1698
    endloop
  endfacet
  facet normal 0 0.87722 0.480089
    outer loop
      vertex 0.971428 15.1975 2.1698
      vertex 7.12381 15.435 1.73584
      vertex 0.971428 15.435 1.73584
    endloop
  endfacet
  facet normal 0 0.867275 0.49783
    outer loop
      vertex 7.12381 15.1975 2.1698
      vertex 0.971428 14.9484 2.60376
      vertex 7.12381 14.9484 2.60376
    endloop
  endfacet
  facet normal 0 0.867275 0.49783
    outer loop
      vertex 0.971428 14.9484 2.60376
      vertex 7.12381 15.1975 2.1698
      vertex 0.971428 15.1975 2.1698
    endloop
  endfacet
  facet normal 0 0.857913 0.513795
    outer loop
      vertex 7.12381 14.9484 2.60376
      vertex 0.971428 14.6885 3.03773
      vertex 7.12381 14.6885 3.03773
    endloop
  endfacet
  facet normal 0 0.857913 0.513795
    outer loop
      vertex 0.971428 14.6885 3.03773
      vertex 7.12381 14.9484 2.60376
      vertex 0.971428 14.9484 2.60376
    endloop
  endfacet
  facet normal 0 0.849249 0.527992
    outer loop
      vertex 7.12381 14.6885 3.03773
      vertex 0.971428 14.4187 3.47169
      vertex 7.12381 14.4187 3.47169
    endloop
  endfacet
  facet normal 0 0.849249 0.527992
    outer loop
      vertex 0.971428 14.4187 3.47169
      vertex 7.12381 14.6885 3.03773
      vertex 0.971428 14.6885 3.03773
    endloop
  endfacet
  facet normal 0 0.841508 0.540244
    outer loop
      vertex 7.12381 14.4187 3.47169
      vertex 0.971428 14.1401 3.90565
      vertex 7.12381 14.1401 3.90565
    endloop
  endfacet
  facet normal 0 0.841508 0.540244
    outer loop
      vertex 0.971428 14.1401 3.90565
      vertex 7.12381 14.4187 3.47169
      vertex 0.971428 14.4187 3.47169
    endloop
  endfacet
  facet normal 0 0.834356 0.551226
    outer loop
      vertex 7.12381 14.1401 3.90565
      vertex 0.971428 13.8534 4.33961
      vertex 7.12381 13.8534 4.33961
    endloop
  endfacet
  facet normal 0 0.834356 0.551226
    outer loop
      vertex 0.971428 13.8534 4.33961
      vertex 7.12381 14.1401 3.90565
      vertex 0.971428 14.1401 3.90565
    endloop
  endfacet
  facet normal 0 0.828072 0.560622
    outer loop
      vertex 7.12381 13.8534 4.33961
      vertex 0.971428 13.5596 4.77357
      vertex 7.12381 13.5596 4.77357
    endloop
  endfacet
  facet normal 0 0.828072 0.560622
    outer loop
      vertex 0.971428 13.5596 4.77357
      vertex 7.12381 13.8534 4.33961
      vertex 0.971428 13.8534 4.33961
    endloop
  endfacet
  facet normal 0 0.822754 0.568397
    outer loop
      vertex 7.12381 13.5596 4.77357
      vertex 0.971428 13.2598 5.20753
      vertex 7.12381 13.2598 5.20753
    endloop
  endfacet
  facet normal 0 0.822754 0.568397
    outer loop
      vertex 0.971428 13.2598 5.20753
      vertex 7.12381 13.5596 4.77357
      vertex 0.971428 13.5596 4.77357
    endloop
  endfacet
  facet normal 0 0.818231 0.574889
    outer loop
      vertex 7.12381 13.2598 5.20753
      vertex 0.971428 12.9549 5.64149
      vertex 7.12381 12.9549 5.64149
    endloop
  endfacet
  facet normal 0 0.818231 0.574889
    outer loop
      vertex 0.971428 12.9549 5.64149
      vertex 7.12381 13.2598 5.20753
      vertex 0.971428 13.2598 5.20753
    endloop
  endfacet
  facet normal 0 0.814696 0.579888
    outer loop
      vertex 7.12381 12.9549 5.64149
      vertex 0.971428 12.646 6.07547
      vertex 7.12381 12.646 6.07547
    endloop
  endfacet
  facet normal 0 0.814696 0.579888
    outer loop
      vertex 0.971428 12.646 6.07547
      vertex 7.12381 12.9549 5.64149
      vertex 0.971428 12.9549 5.64149
    endloop
  endfacet
  facet normal 0 0.811846 0.583872
    outer loop
      vertex 7.12381 12.646 6.07547
      vertex 0.971428 12.3339 6.50943
      vertex 7.12381 12.3339 6.50943
    endloop
  endfacet
  facet normal 0 0.811846 0.583872
    outer loop
      vertex 0.971428 12.3339 6.50943
      vertex 7.12381 12.646 6.07547
      vertex 0.971428 12.646 6.07547
    endloop
  endfacet
  facet normal 0 0.809984 0.586452
    outer loop
      vertex 7.12381 12.3339 6.50943
      vertex 0.971428 12.0197 6.94339
      vertex 7.12381 12.0197 6.94339
    endloop
  endfacet
  facet normal 0 0.809984 0.586452
    outer loop
      vertex 0.971428 12.0197 6.94339
      vertex 7.12381 12.3339 6.50943
      vertex 0.971428 12.3339 6.50943
    endloop
  endfacet
  facet normal 0 0.809097 0.587675
    outer loop
      vertex 7.12381 12.0197 6.94339
      vertex 0.971428 11.7045 7.37735
      vertex 7.12381 11.7045 7.37735
    endloop
  endfacet
  facet normal 0 0.809097 0.587675
    outer loop
      vertex 0.971428 11.7045 7.37735
      vertex 7.12381 12.0197 6.94339
      vertex 0.971428 12.0197 6.94339
    endloop
  endfacet
  facet normal 0 0.809008 0.587797
    outer loop
      vertex 7.12381 11.7045 7.37735
      vertex 0.971428 11.3892 7.81131
      vertex 7.12381 11.3892 7.81131
    endloop
  endfacet
  facet normal 0 0.809008 0.587797
    outer loop
      vertex 0.971428 11.3892 7.81131
      vertex 7.12381 11.7045 7.37735
      vertex 0.971428 11.7045 7.37735
    endloop
  endfacet
  facet normal 0 0.809806 0.586697
    outer loop
      vertex 7.12381 11.3892 7.81131
      vertex 0.971428 11.0748 8.24527
      vertex 7.12381 11.0748 8.24527
    endloop
  endfacet
  facet normal 0 0.809806 0.586697
    outer loop
      vertex 0.971428 11.0748 8.24527
      vertex 7.12381 11.3892 7.81131
      vertex 0.971428 11.3892 7.81131
    endloop
  endfacet
  facet normal 0 0.811409 0.584479
    outer loop
      vertex 7.12381 11.0748 8.24527
      vertex 0.971428 10.7622 8.67924
      vertex 7.12381 10.7622 8.67924
    endloop
  endfacet
  facet normal 0 0.811409 0.584479
    outer loop
      vertex 0.971428 10.7622 8.67924
      vertex 7.12381 11.0748 8.24527
      vertex 0.971428 11.0748 8.24527
    endloop
  endfacet
  facet normal 0 0.813974 0.580901
    outer loop
      vertex 7.12381 10.7622 8.67924
      vertex 0.971428 10.4525 9.1132
      vertex 7.12381 10.4525 9.1132
    endloop
  endfacet
  facet normal 0 0.813974 0.580901
    outer loop
      vertex 0.971428 10.4525 9.1132
      vertex 7.12381 10.7622 8.67924
      vertex 0.971428 10.7622 8.67924
    endloop
  endfacet
  facet normal 0 0.817345 0.576149
    outer loop
      vertex 7.12381 10.4525 9.1132
      vertex 0.971428 10.1466 9.54716
      vertex 7.12381 10.1466 9.54716
    endloop
  endfacet
  facet normal 0 0.817345 0.576149
    outer loop
      vertex 0.971428 10.1466 9.54716
      vertex 7.12381 10.4525 9.1132
      vertex 0.971428 10.4525 9.1132
    endloop
  endfacet
  facet normal 0 0.821495 0.570216
    outer loop
      vertex 7.12381 10.1466 9.54716
      vertex 0.971428 9.84538 9.98112
      vertex 7.12381 9.84538 9.98112
    endloop
  endfacet
  facet normal 0 0.821495 0.570216
    outer loop
      vertex 0.971428 9.84538 9.98112
      vertex 7.12381 10.1466 9.54716
      vertex 0.971428 10.1466 9.54716
    endloop
  endfacet
  facet normal 0 0.826507 0.562927
    outer loop
      vertex 7.12381 9.84538 9.98112
      vertex 0.971428 9.5498 10.4151
      vertex 7.12381 9.5498 10.4151
    endloop
  endfacet
  facet normal 0 0.826507 0.562927
    outer loop
      vertex 0.971428 9.5498 10.4151
      vertex 7.12381 9.84538 9.98112
      vertex 0.971428 9.84538 9.98112
    endloop
  endfacet
  facet normal 0 0.832207 0.554466
    outer loop
      vertex 7.12381 9.5498 10.4151
      vertex 0.971428 9.26071 10.849
      vertex 7.12381 9.26071 10.849
    endloop
  endfacet
  facet normal 0 0.832207 0.554466
    outer loop
      vertex 0.971428 9.26071 10.849
      vertex 7.12381 9.5498 10.4151
      vertex 0.971428 9.5498 10.4151
    endloop
  endfacet
  facet normal 0 0.838761 0.544499
    outer loop
      vertex 7.12381 9.26071 10.849
      vertex 0.971428 8.97897 11.283
      vertex 7.12381 8.97897 11.283
    endloop
  endfacet
  facet normal 0 0.838761 0.544499
    outer loop
      vertex 0.971428 8.97897 11.283
      vertex 7.12381 9.26071 10.849
      vertex 0.971428 9.26071 10.849
    endloop
  endfacet
  facet normal 0 0.84596 0.533247
    outer loop
      vertex 7.12381 8.97897 11.283
      vertex 0.971428 8.7054 11.717
      vertex 7.12381 8.7054 11.717
    endloop
  endfacet
  facet normal 0 0.84596 0.533247
    outer loop
      vertex 0.971428 8.7054 11.717
      vertex 7.12381 8.97897 11.283
      vertex 0.971428 8.97897 11.283
    endloop
  endfacet
  facet normal 0 0.853773 0.520646
    outer loop
      vertex 7.12381 8.7054 11.717
      vertex 0.971428 8.4408 12.1509
      vertex 7.12381 8.4408 12.1509
    endloop
  endfacet
  facet normal 0 0.853773 0.520646
    outer loop
      vertex 0.971428 8.4408 12.1509
      vertex 7.12381 8.7054 11.717
      vertex 0.971428 8.7054 11.717
    endloop
  endfacet
  facet normal 0 0.862276 0.506438
    outer loop
      vertex 7.12381 8.4408 12.1509
      vertex 0.971428 8.1859 12.5849
      vertex 7.12381 8.1859 12.5849
    endloop
  endfacet
  facet normal 0 0.862276 0.506438
    outer loop
      vertex 0.971428 8.1859 12.5849
      vertex 7.12381 8.4408 12.1509
      vertex 0.971428 8.4408 12.1509
    endloop
  endfacet
  facet normal 0 0.871288 0.490772
    outer loop
      vertex 7.12381 8.1859 12.5849
      vertex 0.971428 7.94144 13.0189
      vertex 7.12381 7.94144 13.0189
    endloop
  endfacet
  facet normal 0 0.871288 0.490772
    outer loop
      vertex 0.971428 7.94144 13.0189
      vertex 7.12381 8.1859 12.5849
      vertex 0.971428 8.1859 12.5849
    endloop
  endfacet
  facet normal 0 0.880707 0.473662
    outer loop
      vertex 7.12381 7.94144 13.0189
      vertex 0.971428 7.70808 13.4528
      vertex 7.12381 7.70808 13.4528
    endloop
  endfacet
  facet normal 0 0.880707 0.473662
    outer loop
      vertex 0.971428 7.70808 13.4528
      vertex 7.12381 7.94144 13.0189
      vertex 0.971428 7.94144 13.0189
    endloop
  endfacet
  facet normal 0 0.890636 0.454717
    outer loop
      vertex 7.12381 7.70808 13.4528
      vertex 0.971428 7.4865 13.8868
      vertex 7.12381 7.4865 13.8868
    endloop
  endfacet
  facet normal 0 0.890636 0.454717
    outer loop
      vertex 0.971428 7.4865 13.8868
      vertex 7.12381 7.70808 13.4528
      vertex 0.971428 7.70808 13.4528
    endloop
  endfacet
  facet normal 0 0.900746 0.434347
    outer loop
      vertex 7.12381 7.4865 13.8868
      vertex 0.971428 7.27727 14.3207
      vertex 7.12381 7.27727 14.3207
    endloop
  endfacet
  facet normal 0 0.900746 0.434347
    outer loop
      vertex 0.971428 7.27727 14.3207
      vertex 7.12381 7.4865 13.8868
      vertex 0.971428 7.4865 13.8868
    endloop
  endfacet
  facet normal 0 0.911118 0.412145
    outer loop
      vertex 7.12381 7.27727 14.3207
      vertex 0.971428 7.08095 14.7547
      vertex 7.12381 7.08095 14.7547
    endloop
  endfacet
  facet normal 0 0.911118 0.412145
    outer loop
      vertex 0.971428 7.08095 14.7547
      vertex 7.12381 7.27727 14.3207
      vertex 0.971428 7.27727 14.3207
    endloop
  endfacet
  facet normal 0 0.921519 0.388333
    outer loop
      vertex 7.12381 7.08095 14.7547
      vertex 0.971428 6.89806 15.1887
      vertex 7.12381 6.89806 15.1887
    endloop
  endfacet
  facet normal 0 0.921519 0.388333
    outer loop
      vertex 0.971428 6.89806 15.1887
      vertex 7.12381 7.08095 14.7547
      vertex 0.971428 7.08095 14.7547
    endloop
  endfacet
  facet normal 0 0.931815 0.362933
    outer loop
      vertex 7.12381 6.89806 15.1887
      vertex 0.971428 6.72906 15.6226
      vertex 7.12381 6.72906 15.6226
    endloop
  endfacet
  facet normal 0 0.931815 0.362933
    outer loop
      vertex 0.971428 6.72906 15.6226
      vertex 7.12381 6.89806 15.1887
      vertex 0.971428 6.89806 15.1887
    endloop
  endfacet
  facet normal 0 0.941969 0.335701
    outer loop
      vertex 7.12381 6.72906 15.6226
      vertex 0.971428 6.57439 16.0566
      vertex 7.12381 6.57439 16.0566
    endloop
  endfacet
  facet normal 0 0.941969 0.335701
    outer loop
      vertex 0.971428 6.57439 16.0566
      vertex 7.12381 6.72906 15.6226
      vertex 0.971428 6.72906 15.6226
    endloop
  endfacet
  facet normal 0 0.951734 0.306923
    outer loop
      vertex 7.12381 6.57439 16.0566
      vertex 0.971428 6.43443 16.4906
      vertex 7.12381 6.43443 16.4906
    endloop
  endfacet
  facet normal 0 0.951734 0.306923
    outer loop
      vertex 0.971428 6.43443 16.4906
      vertex 7.12381 6.57439 16.0566
      vertex 0.971428 6.57439 16.0566
    endloop
  endfacet
  facet normal 0 0.960955 0.276704
    outer loop
      vertex 7.12381 6.43443 16.4906
      vertex 0.971428 6.30949 16.9245
      vertex 7.12381 6.30949 16.9245
    endloop
  endfacet
  facet normal 0 0.960955 0.276704
    outer loop
      vertex 0.971428 6.30949 16.9245
      vertex 7.12381 6.43443 16.4906
      vertex 0.971428 6.43443 16.4906
    endloop
  endfacet
  facet normal 0 0.969562 0.244848
    outer loop
      vertex 7.12381 6.30949 16.9245
      vertex 0.971428 6.19989 17.3585
      vertex 7.12381 6.19989 17.3585
    endloop
  endfacet
  facet normal 0 0.969562 0.244848
    outer loop
      vertex 0.971428 6.19989 17.3585
      vertex 7.12381 6.30949 16.9245
      vertex 0.971428 6.30949 16.9245
    endloop
  endfacet
  facet normal 0 0.97731 0.211814
    outer loop
      vertex 7.12381 6.19989 17.3585
      vertex 0.971428 6.10585 17.7924
      vertex 7.12381 6.10585 17.7924
    endloop
  endfacet
  facet normal 0 0.97731 0.211814
    outer loop
      vertex 0.971428 6.10585 17.7924
      vertex 7.12381 6.19989 17.3585
      vertex 0.971428 6.19989 17.3585
    endloop
  endfacet
  facet normal 0 0.98412 0.177504
    outer loop
      vertex 7.12381 6.10585 17.7924
      vertex 0.971428 6.02757 18.2264
      vertex 7.12381 6.02757 18.2264
    endloop
  endfacet
  facet normal 0 0.98412 0.177504
    outer loop
      vertex 0.971428 6.02757 18.2264
      vertex 7.12381 6.10585 17.7924
      vertex 0.971428 6.10585 17.7924
    endloop
  endfacet
  facet normal 0 0.989825 0.142293
    outer loop
      vertex 7.12381 6.02757 18.2264
      vertex 0.971428 5.96518 18.6604
      vertex 7.12381 5.96518 18.6604
    endloop
  endfacet
  facet normal 0 0.989825 0.142293
    outer loop
      vertex 0.971428 5.96518 18.6604
      vertex 7.12381 6.02757 18.2264
      vertex 0.971428 6.02757 18.2264
    endloop
  endfacet
  facet normal 0 0.994333 0.106308
    outer loop
      vertex 7.12381 5.96518 18.6604
      vertex 0.971428 5.91879 19.0943
      vertex 7.12381 5.91879 19.0943
    endloop
  endfacet
  facet normal 0 0.994333 0.106308
    outer loop
      vertex 0.971428 5.91879 19.0943
      vertex 7.12381 5.96518 18.6604
      vertex 0.971428 5.96518 18.6604
    endloop
  endfacet
  facet normal 0 0.997569 0.0696919
    outer loop
      vertex 7.12381 5.91879 19.0943
      vertex 0.971428 5.88847 19.5283
      vertex 7.12381 5.88847 19.5283
    endloop
  endfacet
  facet normal 0 0.997569 0.0696919
    outer loop
      vertex 0.971428 5.88847 19.5283
      vertex 7.12381 5.91879 19.0943
      vertex 0.971428 5.91879 19.0943
    endloop
  endfacet
  facet normal 0 0.99946 0.032847
    outer loop
      vertex 7.12381 5.88847 19.5283
      vertex 0.971428 5.87421 19.9622
      vertex 7.12381 5.87421 19.9622
    endloop
  endfacet
  facet normal 0 0.99946 0.032847
    outer loop
      vertex 0.971428 5.87421 19.9622
      vertex 7.12381 5.88847 19.5283
      vertex 0.971428 5.88847 19.5283
    endloop
  endfacet
  facet normal 0 0.999992 -0.00403223
    outer loop
      vertex 7.12381 5.87421 19.9622
      vertex 0.971428 5.87596 20.3962
      vertex 7.12381 5.87596 20.3962
    endloop
  endfacet
  facet normal 0 0.999992 -0.00403223
    outer loop
      vertex 0.971428 5.87596 20.3962
      vertex 7.12381 5.87421 19.9622
      vertex 0.971428 5.87421 19.9622
    endloop
  endfacet
  facet normal 0 0.999169 -0.0407495
    outer loop
      vertex 7.12381 5.87596 20.3962
      vertex 0.971428 5.89366 20.8302
      vertex 7.12381 5.89366 20.8302
    endloop
  endfacet
  facet normal 0 0.999169 -0.0407495
    outer loop
      vertex 0.971428 5.89366 20.8302
      vertex 7.12381 5.87596 20.3962
      vertex 0.971428 5.87596 20.3962
    endloop
  endfacet
  facet normal 0 0.997028 -0.0770462
    outer loop
      vertex 7.12381 5.89366 20.8302
      vertex 0.971428 5.92719 21.2641
      vertex 7.12381 5.92719 21.2641
    endloop
  endfacet
  facet normal 0 0.997028 -0.0770462
    outer loop
      vertex 0.971428 5.92719 21.2641
      vertex 7.12381 5.89366 20.8302
      vertex 0.971428 5.89366 20.8302
    endloop
  endfacet
  facet normal 0 0.993643 -0.112575
    outer loop
      vertex 7.12381 5.92719 21.2641
      vertex 0.971428 5.97636 21.6981
      vertex 7.12381 5.97636 21.6981
    endloop
  endfacet
  facet normal 0 0.993643 -0.112575
    outer loop
      vertex 0.971428 5.97636 21.6981
      vertex 7.12381 5.92719 21.2641
      vertex 0.971428 5.92719 21.2641
    endloop
  endfacet
  facet normal 0 0.98909 -0.147315
    outer loop
      vertex 7.12381 5.97636 21.6981
      vertex 0.971428 6.041 22.1321
      vertex 7.12381 6.041 22.1321
    endloop
  endfacet
  facet normal 0 0.98909 -0.147315
    outer loop
      vertex 0.971428 6.041 22.1321
      vertex 7.12381 5.97636 21.6981
      vertex 0.971428 5.97636 21.6981
    endloop
  endfacet
  facet normal 0 0.983485 -0.180989
    outer loop
      vertex 7.12381 6.041 22.1321
      vertex 0.971428 6.12085 22.566
      vertex 7.12381 6.12085 22.566
    endloop
  endfacet
  facet normal 0 0.983485 -0.180989
    outer loop
      vertex 0.971428 6.12085 22.566
      vertex 7.12381 6.041 22.1321
      vertex 0.971428 6.041 22.1321
    endloop
  endfacet
  facet normal 0 0.976983 -0.213316
    outer loop
      vertex 7.12381 6.12085 22.566
      vertex 0.971428 6.21561 23
      vertex 7.12381 6.21561 23
    endloop
  endfacet
  facet normal 0 0.976983 -0.213316
    outer loop
      vertex 0.971428 6.21561 23
      vertex 7.12381 6.12085 22.566
      vertex 0.971428 6.12085 22.566
    endloop
  endfacet
  facet normal 0 0.969683 -0.244365
    outer loop
      vertex 7.12381 6.21561 23
      vertex 0.971428 6.32498 23.434
      vertex 7.12381 6.32498 23.434
    endloop
  endfacet
  facet normal 0 0.969683 -0.244365
    outer loop
      vertex 0.971428 6.32498 23.434
      vertex 7.12381 6.21561 23
      vertex 0.971428 6.21561 23
    endloop
  endfacet
  facet normal 0 0.961718 -0.274042
    outer loop
      vertex 7.12381 6.32498 23.434
      vertex 0.971428 6.44862 23.8679
      vertex 7.12381 6.44862 23.8679
    endloop
  endfacet
  facet normal 0 0.961718 -0.274042
    outer loop
      vertex 0.971428 6.44862 23.8679
      vertex 7.12381 6.32498 23.434
      vertex 0.971428 6.32498 23.434
    endloop
  endfacet
  facet normal 0 0.9533 -0.302025
    outer loop
      vertex 7.12381 6.44862 23.8679
      vertex 0.971428 6.58612 24.3019
      vertex 7.12381 6.58612 24.3019
    endloop
  endfacet
  facet normal 0 0.9533 -0.302025
    outer loop
      vertex 0.971428 6.58612 24.3019
      vertex 7.12381 6.44862 23.8679
      vertex 0.971428 6.44862 23.8679
    endloop
  endfacet
  facet normal 0 0.944484 -0.328556
    outer loop
      vertex 7.12381 6.58612 24.3019
      vertex 0.971428 6.73706 24.7358
      vertex 7.12381 6.73706 24.7358
    endloop
  endfacet
  facet normal 0 0.944484 -0.328556
    outer loop
      vertex 0.971428 6.73706 24.7358
      vertex 7.12381 6.58612 24.3019
      vertex 0.971428 6.58612 24.3019
    endloop
  endfacet
  facet normal 0 0.935469 -0.353409
    outer loop
      vertex 7.12381 6.73706 24.7358
      vertex 0.971428 6.90102 25.1698
      vertex 7.12381 6.90102 25.1698
    endloop
  endfacet
  facet normal 0 0.935469 -0.353409
    outer loop
      vertex 0.971428 6.90102 25.1698
      vertex 7.12381 6.73706 24.7358
      vertex 0.971428 6.73706 24.7358
    endloop
  endfacet
  facet normal 0 0.926342 -0.376684
    outer loop
      vertex 7.12381 6.90102 25.1698
      vertex 0.971428 7.0775 25.6038
      vertex 7.12381 7.0775 25.6038
    endloop
  endfacet
  facet normal 0 0.926342 -0.376684
    outer loop
      vertex 0.971428 7.0775 25.6038
      vertex 7.12381 6.90102 25.1698
      vertex 0.971428 6.90102 25.1698
    endloop
  endfacet
  facet normal 0 0.91718 -0.398473
    outer loop
      vertex 7.12381 7.0775 25.6038
      vertex 0.971428 7.26601 26.0377
      vertex 7.12381 7.26601 26.0377
    endloop
  endfacet
  facet normal 0 0.91718 -0.398473
    outer loop
      vertex 0.971428 7.26601 26.0377
      vertex 7.12381 7.0775 25.6038
      vertex 0.971428 7.0775 25.6038
    endloop
  endfacet
  facet normal 0 0.908196 -0.418545
    outer loop
      vertex 7.12381 7.26601 26.0377
      vertex 0.971428 7.46602 26.4717
      vertex 7.12381 7.46602 26.4717
    endloop
  endfacet
  facet normal 0 0.908196 -0.418545
    outer loop
      vertex 0.971428 7.46602 26.4717
      vertex 7.12381 7.26601 26.0377
      vertex 0.971428 7.26601 26.0377
    endloop
  endfacet
  facet normal 0 0.899362 -0.437206
    outer loop
      vertex 7.12381 7.46602 26.4717
      vertex 0.971428 7.677 26.9057
      vertex 7.12381 7.677 26.9057
    endloop
  endfacet
  facet normal 0 0.899362 -0.437206
    outer loop
      vertex 0.971428 7.677 26.9057
      vertex 7.12381 7.46602 26.4717
      vertex 0.971428 7.46602 26.4717
    endloop
  endfacet
  facet normal 0 0.890776 -0.454442
    outer loop
      vertex 7.12381 7.677 26.9057
      vertex 0.971428 7.89836 27.3396
      vertex 7.12381 7.89836 27.3396
    endloop
  endfacet
  facet normal 0 0.890776 -0.454442
    outer loop
      vertex 0.971428 7.89836 27.3396
      vertex 7.12381 7.677 26.9057
      vertex 0.971428 7.677 26.9057
    endloop
  endfacet
  facet normal 0 0.882586 -0.47015
    outer loop
      vertex 7.12381 7.89836 27.3396
      vertex 0.971428 8.12955 27.7736
      vertex 7.12381 8.12955 27.7736
    endloop
  endfacet
  facet normal 0 0.882586 -0.47015
    outer loop
      vertex 0.971428 8.12955 27.7736
      vertex 7.12381 7.89836 27.3396
      vertex 0.971428 7.89836 27.3396
    endloop
  endfacet
  facet normal 0 0.874735 -0.484602
    outer loop
      vertex 7.12381 8.12955 27.7736
      vertex 0.971428 8.36993 28.2075
      vertex 7.12381 8.36993 28.2075
    endloop
  endfacet
  facet normal 0 0.874735 -0.484602
    outer loop
      vertex 0.971428 8.36993 28.2075
      vertex 7.12381 8.12955 27.7736
      vertex 0.971428 8.12955 27.7736
    endloop
  endfacet
  facet normal 0 0.867398 -0.497615
    outer loop
      vertex 7.12381 8.36993 28.2075
      vertex 0.971428 8.61891 28.6415
      vertex 7.12381 8.61891 28.6415
    endloop
  endfacet
  facet normal 0 0.867398 -0.497615
    outer loop
      vertex 0.971428 8.61891 28.6415
      vertex 7.12381 8.36993 28.2075
      vertex 0.971428 8.36993 28.2075
    endloop
  endfacet
  facet normal 0 0.860487 -0.509472
    outer loop
      vertex 7.12381 8.61891 28.6415
      vertex 0.971428 8.87587 29.0755
      vertex 7.12381 8.87587 29.0755
    endloop
  endfacet
  facet normal 0 0.860487 -0.509472
    outer loop
      vertex 0.971428 8.87587 29.0755
      vertex 7.12381 8.61891 28.6415
      vertex 0.971428 8.61891 28.6415
    endloop
  endfacet
  facet normal 0 0.854053 -0.520187
    outer loop
      vertex 7.12381 8.87587 29.0755
      vertex 0.971428 9.14015 29.5094
      vertex 7.12381 9.14015 29.5094
    endloop
  endfacet
  facet normal 0 0.854053 -0.520187
    outer loop
      vertex 0.971428 9.14015 29.5094
      vertex 7.12381 8.87587 29.0755
      vertex 0.971428 8.87587 29.0755
    endloop
  endfacet
  facet normal 0 0.848218 -0.529648
    outer loop
      vertex 7.12381 9.14015 29.5094
      vertex 0.971428 9.41115 29.9434
      vertex 7.12381 9.41115 29.9434
    endloop
  endfacet
  facet normal 0 0.848218 -0.529648
    outer loop
      vertex 0.971428 9.41115 29.9434
      vertex 7.12381 9.14015 29.5094
      vertex 0.971428 9.14015 29.5094
    endloop
  endfacet
  facet normal 0 0.842867 -0.538122
    outer loop
      vertex 7.12381 9.41115 29.9434
      vertex 0.971428 9.68817 30.3773
      vertex 7.12381 9.68817 30.3773
    endloop
  endfacet
  facet normal 0 0.842867 -0.538122
    outer loop
      vertex 0.971428 9.68817 30.3773
      vertex 7.12381 9.41115 29.9434
      vertex 0.971428 9.41115 29.9434
    endloop
  endfacet
  facet normal 0 0.838152 -0.545436
    outer loop
      vertex 7.12381 9.68817 30.3773
      vertex 0.971428 9.9706 30.8113
      vertex 7.12381 9.9706 30.8113
    endloop
  endfacet
  facet normal 0 0.838152 -0.545436
    outer loop
      vertex 0.971428 9.9706 30.8113
      vertex 7.12381 9.68817 30.3773
      vertex 0.971428 9.68817 30.3773
    endloop
  endfacet
  facet normal 0 0.833937 -0.551859
    outer loop
      vertex 7.12381 9.9706 30.8113
      vertex 0.971428 10.2578 31.2453
      vertex 7.12381 10.2578 31.2453
    endloop
  endfacet
  facet normal 0 0.833937 -0.551859
    outer loop
      vertex 0.971428 10.2578 31.2453
      vertex 7.12381 9.9706 30.8113
      vertex 0.971428 9.9706 30.8113
    endloop
  endfacet
  facet normal 0 0.830339 -0.557259
    outer loop
      vertex 7.12381 10.2578 31.2453
      vertex 0.971428 10.549 31.6792
      vertex 7.12381 10.549 31.6792
    endloop
  endfacet
  facet normal 0 0.830339 -0.557259
    outer loop
      vertex 0.971428 10.549 31.6792
      vertex 7.12381 10.2578 31.2453
      vertex 0.971428 10.2578 31.2453
    endloop
  endfacet
  facet normal 0 0.827299 -0.561762
    outer loop
      vertex 7.12381 10.549 31.6792
      vertex 0.971428 10.8437 32.1132
      vertex 7.12381 10.8437 32.1132
    endloop
  endfacet
  facet normal 0 0.827299 -0.561762
    outer loop
      vertex 0.971428 10.8437 32.1132
      vertex 7.12381 10.549 31.6792
      vertex 0.971428 10.549 31.6792
    endloop
  endfacet
  facet normal 0 0.824906 -0.56527
    outer loop
      vertex 7.12381 10.8437 32.1132
      vertex 0.971428 11.1411 32.5472
      vertex 7.12381 11.1411 32.5472
    endloop
  endfacet
  facet normal 0 0.824906 -0.56527
    outer loop
      vertex 0.971428 11.1411 32.5472
      vertex 7.12381 10.8437 32.1132
      vertex 0.971428 10.8437 32.1132
    endloop
  endfacet
  facet normal 0 0.822895 -0.568194
    outer loop
      vertex 7.12381 11.1411 32.5472
      vertex 0.971428 11.4407 32.9811
      vertex 7.12381 11.4407 32.9811
    endloop
  endfacet
  facet normal 0 0.822895 -0.568194
    outer loop
      vertex 0.971428 11.4407 32.9811
      vertex 7.12381 11.1411 32.5472
      vertex 0.971428 11.1411 32.5472
    endloop
  endfacet
  facet normal 0 0.821626 -0.570027
    outer loop
      vertex 7.12381 11.4407 32.9811
      vertex 0.971428 11.7418 33.4151
      vertex 7.12381 11.7418 33.4151
    endloop
  endfacet
  facet normal 0 0.821626 -0.570027
    outer loop
      vertex 0.971428 11.7418 33.4151
      vertex 7.12381 11.4407 32.9811
      vertex 0.971428 11.4407 32.9811
    endloop
  endfacet
  facet normal 0 0.820766 -0.571264
    outer loop
      vertex 7.12381 11.7418 33.4151
      vertex 0.971428 12.0438 33.849
      vertex 7.12381 12.0438 33.849
    endloop
  endfacet
  facet normal 0 0.820766 -0.571264
    outer loop
      vertex 0.971428 12.0438 33.849
      vertex 7.12381 11.7418 33.4151
      vertex 0.971428 11.7418 33.4151
    endloop
  endfacet
  facet normal 0 0.820651 -0.57143
    outer loop
      vertex 7.12381 12.0438 33.849
      vertex 0.971428 12.346 34.283
      vertex 7.12381 12.346 34.283
    endloop
  endfacet
  facet normal 0 0.820651 -0.57143
    outer loop
      vertex 0.971428 12.346 34.283
      vertex 7.12381 12.0438 33.849
      vertex 0.971428 12.0438 33.849
    endloop
  endfacet
  facet normal 0 0.821005 -0.57092
    outer loop
      vertex 7.12381 12.346 34.283
      vertex 0.971428 12.6478 34.717
      vertex 7.12381 12.6478 34.717
    endloop
  endfacet
  facet normal 0 0.821005 -0.57092
    outer loop
      vertex 0.971428 12.6478 34.717
      vertex 7.12381 12.346 34.283
      vertex 0.971428 12.346 34.283
    endloop
  endfacet
  facet normal 0 0.821742 -0.56986
    outer loop
      vertex 7.12381 12.6478 34.717
      vertex 0.971428 12.9487 35.1509
      vertex 7.12381 12.9487 35.1509
    endloop
  endfacet
  facet normal 0 0.821742 -0.56986
    outer loop
      vertex 0.971428 12.9487 35.1509
      vertex 7.12381 12.6478 34.717
      vertex 0.971428 12.6478 34.717
    endloop
  endfacet
  facet normal 0 0.823222 -0.56772
    outer loop
      vertex 7.12381 12.9487 35.1509
      vertex 0.971428 13.248 35.5849
      vertex 7.12381 13.248 35.5849
    endloop
  endfacet
  facet normal 0 0.823222 -0.56772
    outer loop
      vertex 0.971428 13.248 35.5849
      vertex 7.12381 12.9487 35.1509
      vertex 0.971428 12.9487 35.1509
    endloop
  endfacet
  facet normal 0 0.825083 -0.565011
    outer loop
      vertex 7.12381 13.248 35.5849
      vertex 0.971428 13.5452 36.0189
      vertex 7.12381 13.5452 36.0189
    endloop
  endfacet
  facet normal 0 0.825083 -0.565011
    outer loop
      vertex 0.971428 13.5452 36.0189
      vertex 7.12381 13.248 35.5849
      vertex 0.971428 13.248 35.5849
    endloop
  endfacet
  facet normal 0 0.827327 -0.561721
    outer loop
      vertex 7.12381 13.5452 36.0189
      vertex 0.971428 13.8398 36.4528
      vertex 7.12381 13.8398 36.4528
    endloop
  endfacet
  facet normal 0 0.827327 -0.561721
    outer loop
      vertex 0.971428 13.8398 36.4528
      vertex 7.12381 13.5452 36.0189
      vertex 0.971428 13.5452 36.0189
    endloop
  endfacet
  facet normal 0 0.83031 -0.557302
    outer loop
      vertex 7.12381 13.8398 36.4528
      vertex 0.971428 14.1311 36.8868
      vertex 7.12381 14.1311 36.8868
    endloop
  endfacet
  facet normal 0 0.83031 -0.557302
    outer loop
      vertex 0.971428 14.1311 36.8868
      vertex 7.12381 13.8398 36.4528
      vertex 0.971428 13.8398 36.4528
    endloop
  endfacet
  facet normal 0 0.833437 -0.552615
    outer loop
      vertex 7.12381 14.1311 36.8868
      vertex 0.971428 14.4188 37.3207
      vertex 7.12381 14.4188 37.3207
    endloop
  endfacet
  facet normal 0 0.833437 -0.552615
    outer loop
      vertex 0.971428 14.4188 37.3207
      vertex 7.12381 14.1311 36.8868
      vertex 0.971428 14.1311 36.8868
    endloop
  endfacet
  facet normal 0 0.837296 -0.54675
    outer loop
      vertex 7.12381 14.4188 37.3207
      vertex 0.971428 14.7022 37.7547
      vertex 7.12381 14.7022 37.7547
    endloop
  endfacet
  facet normal 0 0.837296 -0.54675
    outer loop
      vertex 0.971428 14.7022 37.7547
      vertex 7.12381 14.4188 37.3207
      vertex 0.971428 14.4188 37.3207
    endloop
  endfacet
  facet normal 0 0.841443 -0.540346
    outer loop
      vertex 7.12381 14.7022 37.7547
      vertex 0.971428 14.9809 38.1887
      vertex 7.12381 14.9809 38.1887
    endloop
  endfacet
  facet normal 0 0.841443 -0.540346
    outer loop
      vertex 0.971428 14.9809 38.1887
      vertex 7.12381 14.7022 37.7547
      vertex 0.971428 14.7022 37.7547
    endloop
  endfacet
  facet normal 0 0.845878 -0.533377
    outer loop
      vertex 7.12381 14.9809 38.1887
      vertex 0.971428 15.2545 38.6226
      vertex 7.12381 15.2545 38.6226
    endloop
  endfacet
  facet normal 0 0.845878 -0.533377
    outer loop
      vertex 0.971428 15.2545 38.6226
      vertex 7.12381 14.9809 38.1887
      vertex 0.971428 14.9809 38.1887
    endloop
  endfacet
  facet normal 0 0.85085 -0.525409
    outer loop
      vertex 7.12381 15.2545 38.6226
      vertex 0.971428 15.5225 39.0566
      vertex 7.12381 15.5225 39.0566
    endloop
  endfacet
  facet normal 0 0.85085 -0.525409
    outer loop
      vertex 0.971428 15.5225 39.0566
      vertex 7.12381 15.2545 38.6226
      vertex 0.971428 15.2545 38.6226
    endloop
  endfacet
  facet normal 0 0.856097 -0.516815
    outer loop
      vertex 7.12381 15.5225 39.0566
      vertex 0.971428 15.7845 39.4906
      vertex 7.12381 15.7845 39.4906
    endloop
  endfacet
  facet normal 0 0.856097 -0.516815
    outer loop
      vertex 0.971428 15.7845 39.4906
      vertex 7.12381 15.5225 39.0566
      vertex 0.971428 15.5225 39.0566
    endloop
  endfacet
  facet normal 0 0.861618 -0.507558
    outer loop
      vertex 7.12381 15.7845 39.4906
      vertex 0.971428 16.0401 39.9245
      vertex 7.12381 16.0401 39.9245
    endloop
  endfacet
  facet normal 0 0.861618 -0.507558
    outer loop
      vertex 0.971428 16.0401 39.9245
      vertex 7.12381 15.7845 39.4906
      vertex 0.971428 15.7845 39.4906
    endloop
  endfacet
  facet normal 0 0.867553 -0.497344
    outer loop
      vertex 7.12381 16.0401 39.9245
      vertex 0.971428 16.2889 40.3585
      vertex 7.12381 16.2889 40.3585
    endloop
  endfacet
  facet normal 0 0.867553 -0.497344
    outer loop
      vertex 0.971428 16.2889 40.3585
      vertex 7.12381 16.0401 39.9245
      vertex 0.971428 16.0401 39.9245
    endloop
  endfacet
  facet normal 0 0.873606 -0.486634
    outer loop
      vertex 7.12381 16.2889 40.3585
      vertex 0.971428 16.5306 40.7924
      vertex 7.12381 16.5306 40.7924
    endloop
  endfacet
  facet normal 0 0.873606 -0.486634
    outer loop
      vertex 0.971428 16.5306 40.7924
      vertex 7.12381 16.2889 40.3585
      vertex 0.971428 16.2889 40.3585
    endloop
  endfacet
  facet normal 0 0.879956 -0.475055
    outer loop
      vertex 7.12381 16.5306 40.7924
      vertex 0.971428 16.7649 41.2264
      vertex 7.12381 16.7649 41.2264
    endloop
  endfacet
  facet normal 0 0.879956 -0.475055
    outer loop
      vertex 0.971428 16.7649 41.2264
      vertex 7.12381 16.5306 40.7924
      vertex 0.971428 16.5306 40.7924
    endloop
  endfacet
  facet normal 0 0.88653 -0.462671
    outer loop
      vertex 7.12381 16.7649 41.2264
      vertex 0.971428 16.9914 41.6604
      vertex 7.12381 16.9914 41.6604
    endloop
  endfacet
  facet normal 0 0.88653 -0.462671
    outer loop
      vertex 0.971428 16.9914 41.6604
      vertex 7.12381 16.7649 41.2264
      vertex 0.971428 16.7649 41.2264
    endloop
  endfacet
  facet normal 0 0.893147 -0.449764
    outer loop
      vertex 7.12381 16.9914 41.6604
      vertex 0.971428 17.2099 42.0943
      vertex 7.12381 17.2099 42.0943
    endloop
  endfacet
  facet normal 0 0.893147 -0.449764
    outer loop
      vertex 0.971428 17.2099 42.0943
      vertex 7.12381 16.9914 41.6604
      vertex 0.971428 16.9914 41.6604
    endloop
  endfacet
  facet normal 0 0.899997 -0.435897
    outer loop
      vertex 7.12381 17.2099 42.0943
      vertex 0.971428 17.4201 42.5283
      vertex 7.12381 17.4201 42.5283
    endloop
  endfacet
  facet normal 0 0.899997 -0.435897
    outer loop
      vertex 0.971428 17.4201 42.5283
      vertex 7.12381 17.2099 42.0943
      vertex 0.971428 17.2099 42.0943
    endloop
  endfacet
  facet normal 0 0.906732 -0.421707
    outer loop
      vertex 7.12381 17.4201 42.5283
      vertex 0.971428 17.6219 42.9622
      vertex 7.12381 17.6219 42.9622
    endloop
  endfacet
  facet normal 0 0.906732 -0.421707
    outer loop
      vertex 0.971428 17.6219 42.9622
      vertex 7.12381 17.4201 42.5283
      vertex 0.971428 17.4201 42.5283
    endloop
  endfacet
  facet normal 0 0.913725 -0.406334
    outer loop
      vertex 7.12381 17.6219 42.9622
      vertex 0.971428 17.8149 43.3962
      vertex 7.12381 17.8149 43.3962
    endloop
  endfacet
  facet normal 0 0.913725 -0.406334
    outer loop
      vertex 0.971428 17.8149 43.3962
      vertex 7.12381 17.6219 42.9622
      vertex 0.971428 17.6219 42.9622
    endloop
  endfacet
  facet normal 0 0.920598 -0.390512
    outer loop
      vertex 7.12381 17.8149 43.3962
      vertex 0.971428 17.999 43.8302
      vertex 7.12381 17.999 43.8302
    endloop
  endfacet
  facet normal 0 0.920598 -0.390512
    outer loop
      vertex 0.971428 17.999 43.8302
      vertex 7.12381 17.8149 43.3962
      vertex 0.971428 17.8149 43.3962
    endloop
  endfacet
  facet normal 0 0.927412 -0.374042
    outer loop
      vertex 7.12381 17.999 43.8302
      vertex 0.971428 18.174 44.2641
      vertex 7.12381 18.174 44.2641
    endloop
  endfacet
  facet normal 0 0.927412 -0.374042
    outer loop
      vertex 0.971428 18.174 44.2641
      vertex 7.12381 17.999 43.8302
      vertex 0.971428 17.999 43.8302
    endloop
  endfacet
  facet normal 0 0.934081 -0.35706
    outer loop
      vertex 7.12381 18.174 44.2641
      vertex 0.971428 18.3399 44.6981
      vertex 7.12381 18.3399 44.6981
    endloop
  endfacet
  facet normal 0 0.934081 -0.35706
    outer loop
      vertex 0.971428 18.3399 44.6981
      vertex 7.12381 18.174 44.2641
      vertex 0.971428 18.174 44.2641
    endloop
  endfacet
  facet normal 0 0.940708 -0.339218
    outer loop
      vertex 7.12381 18.3399 44.6981
      vertex 0.971428 18.4964 45.1321
      vertex 7.12381 18.4964 45.1321
    endloop
  endfacet
  facet normal 0 0.940708 -0.339218
    outer loop
      vertex 0.971428 18.4964 45.1321
      vertex 7.12381 18.3399 44.6981
      vertex 0.971428 18.3399 44.6981
    endloop
  endfacet
  facet normal 0 0.947056 -0.321069
    outer loop
      vertex 7.12381 18.4964 45.1321
      vertex 0.971428 18.6435 45.566
      vertex 7.12381 18.6435 45.566
    endloop
  endfacet
  facet normal 0 0.947056 -0.321069
    outer loop
      vertex 0.971428 18.6435 45.566
      vertex 7.12381 18.4964 45.1321
      vertex 0.971428 18.4964 45.1321
    endloop
  endfacet
  facet normal 0 0.953237 -0.302224
    outer loop
      vertex 7.12381 18.6435 45.566
      vertex 0.971428 18.7811 46
      vertex 7.12381 18.7811 46
    endloop
  endfacet
  facet normal 0 0.953237 -0.302224
    outer loop
      vertex 0.971428 18.7811 46
      vertex 7.12381 18.6435 45.566
      vertex 0.971428 18.6435 45.566
    endloop
  endfacet
  facet normal 0 0 1
    outer loop
      vertex 7.12381 18.7811 46
      vertex 0.971428 18.7811 46
      vertex 7.12381 0 46
    endloop
  endfacet
  facet normal 0 0 1
    outer loop
      vertex 15.219 18.5092 46
      vertex 9.06667 18.5092 46
      vertex 15.219 0 46
    endloop
  endfacet
  facet normal 0 0 1
    outer loop
      vertex 23.3143 13.6338 46
      vertex 17.1619 13.6338 46
      vertex 23.3143 0 46
    endloop
  endfacet
  facet normal -0 0 1
    outer loop
      vertex 23.3143 0 46
      vertex 24.2857 -2.4 46
      vertex 24.2857 0 46
    endloop
  endfacet
  facet normal 0 0 1
    outer loop
      vertex 17.1619 0 46
      vertex 23.3143 0 46
      vertex 17.1619 13.6338 46
    endloop
  endfacet
  facet normal 0 0 1
    outer loop
      vertex 23.3143 0 46
      vertex 17.1619 0 46
      vertex 24.2857 -2.4 46
    endloop
  endfacet
  facet normal -0 0 1
    outer loop
      vertex 15.219 0 46
      vertex 24.2857 -2.4 46
      vertex 17.1619 0 46
    endloop
  endfacet
  facet normal 0 0 1
    outer loop
      vertex 9.06667 0 46
      vertex 15.219 0 46
      vertex 9.06667 18.5092 46
    endloop
  endfacet
  facet normal -0 0 1
    outer loop
      vertex 9.06667 0 46
      vertex 24.2857 -2.4 46
      vertex 15.219 0 46
    endloop
  endfacet
  facet normal 0 0 1
    outer loop
      vertex 0 -2.4 46
      vertex 9.06667 0 46
      vertex 7.12381 0 46
    endloop
  endfacet
  facet normal 0 0 1
    outer loop
      vertex 0.971428 0 46
      vertex 7.12381 0 46
      vertex 0.971428 18.7811 46
    endloop
  endfacet
  facet normal 0 0 1
    outer loop
      vertex 0 -2.4 46
      vertex 7.12381 0 46
      vertex 0.971428 0 46
    endloop
  endfacet
  facet normal 0 0 1
    outer loop
      vertex 0 -2.4 46
      vertex 0.971428 0 46
      vertex 0 0 46
    endloop
  endfacet
  facet normal 0 0 1
    outer loop
      vertex 9.06667 0 46
      vertex 0 -2.4 46
      vertex 24.2857 -2.4 46
    endloop
  endfacet
  facet normal 0 0 -1
    outer loop
      vertex 24.2857 -2.4 0
      vertex 23.3143 0 0
      vertex 24.2857 0 0
    endloop
  endfacet
  facet normal 0 0 -1
    outer loop
      vertex 23.3143 0 0
      vertex 17.1619 0 0
      vertex 23.3143 9.09572 0
    endloop
  endfacet
  facet normal 0 0 -1
    outer loop
      vertex 24.2857 -2.4 0
      vertex 17.1619 0 0
      vertex 23.3143 0 0
    endloop
  endfacet
  facet normal 0 0 -1
    outer loop
      vertex 24.2857 -2.4 0
      vertex 15.219 0 0
      vertex 17.1619 0 0
    endloop
  endfacet
  facet normal 0 0 -1
    outer loop
      vertex 15.219 0 0
      vertex 9.06667 0 0
      vertex 15.219 12.9302 0
    endloop
  endfacet
  facet normal 0 0 -1
    outer loop
      vertex 24.2857 -2.4 0
      vertex 9.06667 0 0
      vertex 15.219 0 0
    endloop
  endfacet
  facet normal 0 0 -1
    outer loop
      vertex 0 -2.4 0
      vertex 9.06667 0 0
      vertex 24.2857 -2.4 0
    endloop
  endfacet
  facet normal 0 0 -1
    outer loop
      vertex 7.12381 0 0
      vertex 0.971428 0 0
      vertex 7.12381 16.2525 0
    endloop
  endfacet
  facet normal -0 0 -1
    outer loop
      vertex 9.06667 0 0
      vertex 0 -2.4 0
      vertex 7.12381 0 0
    endloop
  endfacet
  facet normal -0 0 -1
    outer loop
      vertex 7.12381 0 0
      vertex 0 -2.4 0
      vertex 0.971428 0 0
    endloop
  endfacet
  facet normal -0 0 -1
    outer loop
      vertex 0.971428 0 0
      vertex 0 -2.4 0
      vertex 0 0 0
    endloop
  endfacet
  facet normal -0 0 -1
    outer loop
      vertex 23.3143 9.09572 0
      vertex 17.1619 0 0
      vertex 17.1619 9.09572 0
    endloop
  endfacet
  facet normal -0 0 -1
    outer loop
      vertex 15.219 12.9302 0
      vertex 9.06667 0 0
      vertex 9.06667 12.9302 0
    endloop
  endfacet
  facet normal -0 0 -1
    outer loop
      vertex 7.12381 16.2525 0
      vertex 0.971428 0 0
      vertex 0.971428 16.2525 0
    endloop
  endfacet
  facet normal 0 0.921423 0.388562
    outer loop
      vertex 7.12381 16.2525 0
      vertex 0.971428 16.0695 0.43396
      vertex 7.12381 16.0695 0.43396
    endloop
  endfacet
  facet normal 0 0.921423 0.388562
    outer loop
      vertex 0.971428 16.0695 0.43396
      vertex 7.12381 16.2525 0
      vertex 0.971428 16.2525 0
    endloop
  endfacet
  facet normal -1 0 0
    outer loop
      vertex 9.06667 0 0
      vertex 9.06667 12.5993 0.43396
      vertex 9.06667 12.9302 0
    endloop
  endfacet
  facet normal -1 -0 0
    outer loop
      vertex 9.06667 12.5993 0.43396
      vertex 9.06667 0 0
      vertex 9.06667 12.2655 0.86792
    endloop
  endfacet
  facet normal -1 -0 0
    outer loop
      vertex 9.06667 12.2655 0.86792
      vertex 9.06667 0 0
      vertex 9.06667 11.9302 1.30188
    endloop
  endfacet
  facet normal -1 -0 0
    outer loop
      vertex 9.06667 11.9302 1.30188
      vertex 9.06667 0 0
      vertex 9.06667 11.5943 1.73584
    endloop
  endfacet
  facet normal -1 -0 0
    outer loop
      vertex 9.06667 6.03426 13.0189
      vertex 9.06667 0 0
      vertex 9.06667 6.03174 13.4528
    endloop
  endfacet
  facet normal -1 -0 0
    outer loop
      vertex 9.06667 6.0554 12.5849
      vertex 9.06667 0 0
      vertex 9.06667 6.03426 13.0189
    endloop
  endfacet
  facet normal -1 -0 0
    outer loop
      vertex 9.06667 6.09521 12.1509
      vertex 9.06667 0 0
      vertex 9.06667 6.0554 12.5849
    endloop
  endfacet
  facet normal -1 -0 0
    outer loop
      vertex 9.06667 6.15361 11.717
      vertex 9.06667 0 0
      vertex 9.06667 6.09521 12.1509
    endloop
  endfacet
  facet normal -1 -0 0
    outer loop
      vertex 9.06667 6.23045 11.283
      vertex 9.06667 0 0
      vertex 9.06667 6.15361 11.717
    endloop
  endfacet
  facet normal -1 -0 0
    outer loop
      vertex 9.06667 6.32558 10.849
      vertex 9.06667 0 0
      vertex 9.06667 6.23045 11.283
    endloop
  endfacet
  facet normal -1 -0 0
    outer loop
      vertex 9.06667 6.43874 10.4151
      vertex 9.06667 0 0
      vertex 9.06667 6.32558 10.849
    endloop
  endfacet
  facet normal -1 -0 0
    outer loop
      vertex 9.06667 6.56961 9.98112
      vertex 9.06667 0 0
      vertex 9.06667 6.43874 10.4151
    endloop
  endfacet
  facet normal -1 -0 0
    outer loop
      vertex 9.06667 6.71782 9.54716
      vertex 9.06667 0 0
      vertex 9.06667 6.56961 9.98112
    endloop
  endfacet
  facet normal -1 -0 0
    outer loop
      vertex 9.06667 6.88297 9.1132
      vertex 9.06667 0 0
      vertex 9.06667 6.71782 9.54716
    endloop
  endfacet
  facet normal -1 -0 0
    outer loop
      vertex 9.06667 7.06453 8.67924
      vertex 9.06667 0 0
      vertex 9.06667 6.88297 9.1132
    endloop
  endfacet
  facet normal -1 -0 0
    outer loop
      vertex 9.06667 7.26196 8.24527
      vertex 9.06667 0 0
      vertex 9.06667 7.06453 8.67924
    endloop
  endfacet
  facet normal -1 -0 0
    outer loop
      vertex 9.06667 7.47467 7.81131
      vertex 9.06667 0 0
      vertex 9.06667 7.26196 8.24527
    endloop
  endfacet
  facet normal -1 -0 0
    outer loop
      vertex 9.06667 7.70198 7.37735
      vertex 9.06667 0 0
      vertex 9.06667 7.47467 7.81131
    endloop
  endfacet
  facet normal -1 -0 0
    outer loop
      vertex 9.06667 7.94318 6.94339
      vertex 9.06667 0 0
      vertex 9.06667 7.70198 7.37735
    endloop
  endfacet
  facet normal -1 -0 0
    outer loop
      vertex 9.06667 8.19748 6.50943
      vertex 9.06667 0 0
      vertex 9.06667 7.94318 6.94339
    endloop
  endfacet
  facet normal -1 -0 0
    outer loop
      vertex 9.06667 8.46408 6.07547
      vertex 9.06667 0 0
      vertex 9.06667 8.19748 6.50943
    endloop
  endfacet
  facet normal -1 -0 0
    outer loop
      vertex 9.06667 8.7421 5.64149
      vertex 9.06667 0 0
      vertex 9.06667 8.46408 6.07547
    endloop
  endfacet
  facet normal -1 -0 0
    outer loop
      vertex 9.06667 9.03061 5.20753
      vertex 9.06667 0 0
      vertex 9.06667 8.7421 5.64149
    endloop
  endfacet
  facet normal -1 -0 0
    outer loop
      vertex 9.06667 9.32867 4.77357
      vertex 9.06667 0 0
      vertex 9.06667 9.03061 5.20753
    endloop
  endfacet
  facet normal -1 -0 0
    outer loop
      vertex 9.06667 9.63528 4.33961
      vertex 9.06667 0 0
      vertex 9.06667 9.32867 4.77357
    endloop
  endfacet
  facet normal -1 -0 0
    outer loop
      vertex 9.06667 9.9494 3.90565
      vertex 9.06667 0 0
      vertex 9.06667 9.63528 4.33961
    endloop
  endfacet
  facet normal -1 -0 0
    outer loop
      vertex 9.06667 10.27 3.47169
      vertex 9.06667 0 0
      vertex 9.06667 9.9494 3.90565
    endloop
  endfacet
  facet normal -1 -0 0
    outer loop
      vertex 9.06667 10.5959 3.03773
      vertex 9.06667 0 0
      vertex 9.06667 10.27 3.47169
    endloop
  endfacet
  facet normal -1 -0 0
    outer loop
      vertex 9.06667 10.926 2.60376
      vertex 9.06667 0 0
      vertex 9.06667 10.5959 3.03773
    endloop
  endfacet
  facet normal -1 -0 0
    outer loop
      vertex 9.06667 11.2592 2.1698
      vertex 9.06667 0 0
      vertex 9.06667 10.926 2.60376
    endloop
  endfacet
  facet normal -1 -0 0
    outer loop
      vertex 9.06667 11.5943 1.73584
      vertex 9.06667 0 0
      vertex 9.06667 11.2592 2.1698
    endloop
  endfacet
  facet normal -1 0 0
    outer loop
      vertex 9.06667 0 46
      vertex 9.06667 19.18 41.2264
      vertex 9.06667 19.1749 40.7924
    endloop
  endfacet
  facet normal -1 0 0
    outer loop
      vertex 9.06667 0 46
      vertex 9.06667 19.1749 40.7924
      vertex 9.06667 19.1577 40.3585
    endloop
  endfacet
  facet normal -1 0 0
    outer loop
      vertex 9.06667 19.18 41.2264
      vertex 9.06667 0 46
      vertex 9.06667 19.1732 41.6604
    endloop
  endfacet
  facet normal -1 0 0
    outer loop
      vertex 9.06667 0 46
      vertex 9.06667 19.1577 40.3585
      vertex 9.06667 19.1282 39.9245
    endloop
  endfacet
  facet normal -1 0 0
    outer loop
      vertex 9.06667 19.1732 41.6604
      vertex 9.06667 0 46
      vertex 9.06667 19.1547 42.0943
    endloop
  endfacet
  facet normal -1 0 0
    outer loop
      vertex 9.06667 0 46
      vertex 9.06667 19.1282 39.9245
      vertex 9.06667 19.0862 39.4906
    endloop
  endfacet
  facet normal -1 0 0
    outer loop
      vertex 9.06667 19.1547 42.0943
      vertex 9.06667 0 46
      vertex 9.06667 19.1247 42.5283
    endloop
  endfacet
  facet normal -1 0 0
    outer loop
      vertex 9.06667 0 46
      vertex 9.06667 19.0862 39.4906
      vertex 9.06667 19.0317 39.0566
    endloop
  endfacet
  facet normal -1 0 0
    outer loop
      vertex 9.06667 19.1247 42.5283
      vertex 9.06667 0 46
      vertex 9.06667 19.0836 42.9622
    endloop
  endfacet
  facet normal -1 0 0
    outer loop
      vertex 9.06667 19.0836 42.9622
      vertex 9.06667 0 46
      vertex 9.06667 19.0316 43.3962
    endloop
  endfacet
  facet normal -1 0 0
    outer loop
      vertex 9.06667 0 46
      vertex 9.06667 19.0317 39.0566
      vertex 9.06667 18.9646 38.6226
    endloop
  endfacet
  facet normal -1 0 0
    outer loop
      vertex 9.06667 19.0316 43.3962
      vertex 9.06667 0 46
      vertex 9.06667 18.9691 43.8302
    endloop
  endfacet
  facet normal -1 0 0
    outer loop
      vertex 9.06667 0 46
      vertex 9.06667 18.9646 38.6226
      vertex 9.06667 18.8847 38.1887
    endloop
  endfacet
  facet normal -1 0 0
    outer loop
      vertex 9.06667 18.9691 43.8302
      vertex 9.06667 0 46
      vertex 9.06667 18.8963 44.2641
    endloop
  endfacet
  facet normal -1 0 0
    outer loop
      vertex 9.06667 0 46
      vertex 9.06667 18.8847 38.1887
      vertex 9.06667 18.7921 37.7547
    endloop
  endfacet
  facet normal -1 0 0
    outer loop
      vertex 9.06667 18.8963 44.2641
      vertex 9.06667 0 46
      vertex 9.06667 18.8135 44.6981
    endloop
  endfacet
  facet normal -1 0 0
    outer loop
      vertex 9.06667 0 46
      vertex 9.06667 18.7921 37.7547
      vertex 9.06667 18.6867 37.3207
    endloop
  endfacet
  facet normal -1 0 0
    outer loop
      vertex 9.06667 18.8135 44.6981
      vertex 9.06667 0 46
      vertex 9.06667 18.7212 45.1321
    endloop
  endfacet
  facet normal -1 0 0
    outer loop
      vertex 9.06667 0 46
      vertex 9.06667 18.6867 37.3207
      vertex 9.06667 18.5686 36.8868
    endloop
  endfacet
  facet normal -1 0 0
    outer loop
      vertex 9.06667 18.7212 45.1321
      vertex 9.06667 0 46
      vertex 9.06667 18.6196 45.566
    endloop
  endfacet
  facet normal -1 0 0
    outer loop
      vertex 9.06667 0 46
      vertex 9.06667 18.5686 36.8868
      vertex 9.06667 18.4378 36.4528
    endloop
  endfacet
  facet normal -1 0 0
    outer loop
      vertex 9.06667 0 46
      vertex 9.06667 18.4378 36.4528
      vertex 9.06667 18.2944 36.0189
    endloop
  endfacet
  facet normal -1 0 0
    outer loop
      vertex 9.06667 0 46
      vertex 9.06667 18.2944 36.0189
      vertex 9.06667 18.1386 35.5849
    endloop
  endfacet
  facet normal -1 0 0
    outer loop
      vertex 9.06667 0 46
      vertex 9.06667 18.1386 35.5849
      vertex 9.06667 17.9705 35.1509
    endloop
  endfacet
  facet normal -1 0 0
    outer loop
      vertex 9.06667 0 46
      vertex 9.06667 17.9705 35.1509
      vertex 9.06667 17.7903 34.717
    endloop
  endfacet
  facet normal -1 0 0
    outer loop
      vertex 9.06667 0 46
      vertex 9.06667 17.7903 34.717
      vertex 9.06667 17.5982 34.283
    endloop
  endfacet
  facet normal -1 0 0
    outer loop
      vertex 9.06667 0 46
      vertex 9.06667 17.5982 34.283
      vertex 9.06667 17.3946 33.849
    endloop
  endfacet
  facet normal -1 0 0
    outer loop
      vertex 9.06667 0 46
      vertex 9.06667 17.3946 33.849
      vertex 9.06667 17.1797 33.4151
    endloop
  endfacet
  facet normal -1 0 0
    outer loop
      vertex 9.06667 0 46
      vertex 9.06667 17.1797 33.4151
      vertex 9.06667 16.9538 32.9811
    endloop
  endfacet
  facet normal -1 0 0
    outer loop
      vertex 9.06667 0 46
      vertex 9.06667 16.9538 32.9811
      vertex 9.06667 16.7174 32.5472
    endloop
  endfacet
  facet normal -1 0 0
    outer loop
      vertex 9.06667 0 46
      vertex 9.06667 16.7174 32.5472
      vertex 9.06667 16.4709 32.1132
    endloop
  endfacet
  facet normal -1 0 0
    outer loop
      vertex 9.06667 0 46
      vertex 9.06667 16.4709 32.1132
      vertex 9.06667 16.2146 31.6792
    endloop
  endfacet
  facet normal -1 0 0
    outer loop
      vertex 9.06667 0 46
      vertex 9.06667 16.2146 31.6792
      vertex 9.06667 15.9492 31.2453
    endloop
  endfacet
  facet normal -1 0 0
    outer loop
      vertex 9.06667 0 46
      vertex 9.06667 15.9492 31.2453
      vertex 9.06667 15.6751 30.8113
    endloop
  endfacet
  facet normal -1 0 0
    outer loop
      vertex 9.06667 0 46
      vertex 9.06667 15.6751 30.8113
      vertex 9.06667 15.3929 30.3773
    endloop
  endfacet
  facet normal -1 0 0
    outer loop
      vertex 9.06667 0 46
      vertex 9.06667 15.3929 30.3773
      vertex 9.06667 15.1031 29.9434
    endloop
  endfacet
  facet normal -1 0 0
    outer loop
      vertex 9.06667 0 46
      vertex 9.06667 15.1031 29.9434
      vertex 9.06667 14.8064 29.5094
    endloop
  endfacet
  facet normal -1 0 0
    outer loop
      vertex 9.06667 0 46
      vertex 9.06667 14.8064 29.5094
      vertex 9.06667 14.5034 29.0755
    endloop
  endfacet
  facet normal -1 0 0
    outer loop
      vertex 9.06667 0 46
      vertex 9.06667 14.5034 29.0755
      vertex 9.06667 14.1947 28.6415
    endloop
  endfacet
  facet normal -1 0 0
    outer loop
      vertex 9.06667 0 46
      vertex 9.06667 14.1947 28.6415
      vertex 9.06667 13.8812 28.2075
    endloop
  endfacet
  facet normal -1 0 0
    outer loop
      vertex 9.06667 0 46
      vertex 9.06667 13.8812 28.2075
      vertex 9.06667 13.5635 27.7736
    endloop
  endfacet
  facet normal -1 0 0
    outer loop
      vertex 9.06667 0 46
      vertex 9.06667 13.5635 27.7736
      vertex 9.06667 13.2424 27.3396
    endloop
  endfacet
  facet normal -1 0 0
    outer loop
      vertex 9.06667 0 46
      vertex 9.06667 13.2424 27.3396
      vertex 9.06667 12.9187 26.9057
    endloop
  endfacet
  facet normal -1 0 0
    outer loop
      vertex 9.06667 0 46
      vertex 9.06667 12.9187 26.9057
      vertex 9.06667 12.593 26.4717
    endloop
  endfacet
  facet normal -1 0 0
    outer loop
      vertex 9.06667 0 46
      vertex 9.06667 12.593 26.4717
      vertex 9.06667 12.2664 26.0377
    endloop
  endfacet
  facet normal -1 0 0
    outer loop
      vertex 9.06667 0 46
      vertex 9.06667 12.2664 26.0377
      vertex 9.06667 11.9395 25.6038
    endloop
  endfacet
  facet normal -1 0 0
    outer loop
      vertex 9.06667 0 46
      vertex 9.06667 11.9395 25.6038
      vertex 9.06667 11.6133 25.1698
    endloop
  endfacet
  facet normal -1 0 0
    outer loop
      vertex 9.06667 0 46
      vertex 9.06667 11.6133 25.1698
      vertex 9.06667 11.2885 24.7358
    endloop
  endfacet
  facet normal -1 0 0
    outer loop
      vertex 9.06667 0 46
      vertex 9.06667 11.2885 24.7358
      vertex 9.06667 10.9661 24.3019
    endloop
  endfacet
  facet normal -1 0 0
    outer loop
      vertex 9.06667 0 46
      vertex 9.06667 10.9661 24.3019
      vertex 9.06667 10.6469 23.8679
    endloop
  endfacet
  facet normal -1 0 0
    outer loop
      vertex 9.06667 0 46
      vertex 9.06667 10.6469 23.8679
      vertex 9.06667 10.3317 23.434
    endloop
  endfacet
  facet normal -1 0 0
    outer loop
      vertex 9.06667 0 46
      vertex 9.06667 10.3317 23.434
      vertex 9.06667 10.0216 23
    endloop
  endfacet
  facet normal -1 0 0
    outer loop
      vertex 9.06667 0 46
      vertex 9.06667 10.0216 23
      vertex 9.06667 9.71721 22.566
    endloop
  endfacet
  facet normal -1 0 0
    outer loop
      vertex 9.06667 0 46
      vertex 9.06667 9.71721 22.566
      vertex 9.06667 9.41954 22.1321
    endloop
  endfacet
  facet normal -1 0 0
    outer loop
      vertex 9.06667 0 46
      vertex 9.06667 9.41954 22.1321
      vertex 9.06667 9.12943 21.6981
    endloop
  endfacet
  facet normal -1 0 0
    outer loop
      vertex 9.06667 0 46
      vertex 9.06667 9.12943 21.6981
      vertex 9.06667 8.84769 21.2641
    endloop
  endfacet
  facet normal -1 0 0
    outer loop
      vertex 9.06667 0 46
      vertex 9.06667 8.84769 21.2641
      vertex 9.06667 8.57518 20.8302
    endloop
  endfacet
  facet normal -1 0 0
    outer loop
      vertex 9.06667 0 46
      vertex 9.06667 8.57518 20.8302
      vertex 9.06667 8.3127 20.3962
    endloop
  endfacet
  facet normal -1 0 0
    outer loop
      vertex 9.06667 0 46
      vertex 9.06667 8.3127 20.3962
      vertex 9.06667 8.06105 19.9622
    endloop
  endfacet
  facet normal -1 0 0
    outer loop
      vertex 9.06667 0 46
      vertex 9.06667 8.06105 19.9622
      vertex 9.06667 7.821 19.5283
    endloop
  endfacet
  facet normal -1 0 0
    outer loop
      vertex 9.06667 0 46
      vertex 9.06667 7.821 19.5283
      vertex 9.06667 7.59329 19.0943
    endloop
  endfacet
  facet normal -1 0 0
    outer loop
      vertex 9.06667 0 46
      vertex 9.06667 7.59329 19.0943
      vertex 9.06667 7.37865 18.6604
    endloop
  endfacet
  facet normal -1 0 0
    outer loop
      vertex 9.06667 0 46
      vertex 9.06667 7.37865 18.6604
      vertex 9.06667 7.17775 18.2264
    endloop
  endfacet
  facet normal -1 0 0
    outer loop
      vertex 9.06667 0 46
      vertex 9.06667 7.17775 18.2264
      vertex 9.06667 6.99126 17.7924
    endloop
  endfacet
  facet normal -1 0 0
    outer loop
      vertex 9.06667 0 0
      vertex 9.06667 6.04782 13.8868
      vertex 9.06667 6.03174 13.4528
    endloop
  endfacet
  facet normal -1 0 0
    outer loop
      vertex 9.06667 0 0
      vertex 9.06667 6.08237 14.3207
      vertex 9.06667 6.04782 13.8868
    endloop
  endfacet
  facet normal -1 0 0
    outer loop
      vertex 9.06667 0 0
      vertex 9.06667 6.13521 14.7547
      vertex 9.06667 6.08237 14.3207
    endloop
  endfacet
  facet normal -1 0 0
    outer loop
      vertex 9.06667 0 0
      vertex 9.06667 6.20612 15.1887
      vertex 9.06667 6.13521 14.7547
    endloop
  endfacet
  facet normal -1 0 0
    outer loop
      vertex 9.06667 0 46
      vertex 9.06667 6.20612 15.1887
      vertex 9.06667 0 0
    endloop
  endfacet
  facet normal -1 0 0
    outer loop
      vertex 9.06667 6.20612 15.1887
      vertex 9.06667 0 46
      vertex 9.06667 6.2948 15.6226
    endloop
  endfacet
  facet normal -1 0 0
    outer loop
      vertex 9.06667 6.2948 15.6226
      vertex 9.06667 0 46
      vertex 9.06667 6.40092 16.0566
    endloop
  endfacet
  facet normal -1 0 0
    outer loop
      vertex 9.06667 6.40092 16.0566
      vertex 9.06667 0 46
      vertex 9.06667 6.52409 16.4906
    endloop
  endfacet
  facet normal -1 0 0
    outer loop
      vertex 9.06667 6.52409 16.4906
      vertex 9.06667 0 46
      vertex 9.06667 6.66388 16.9245
    endloop
  endfacet
  facet normal -1 0 0
    outer loop
      vertex 9.06667 18.6196 45.566
      vertex 9.06667 0 46
      vertex 9.06667 18.5092 46
    endloop
  endfacet
  facet normal -1 0 0
    outer loop
      vertex 9.06667 6.81978 17.3585
      vertex 9.06667 0 46
      vertex 9.06667 6.99126 17.7924
    endloop
  endfacet
  facet normal -1 0 0
    outer loop
      vertex 9.06667 6.66388 16.9245
      vertex 9.06667 0 46
      vertex 9.06667 6.81978 17.3585
    endloop
  endfacet
  facet normal 1 0 0
    outer loop
      vertex 15.219 0 46
      vertex 15.219 19.18 41.2264
      vertex 15.219 19.1732 41.6604
    endloop
  endfacet
  facet normal 1 0 0
    outer loop
      vertex 15.219 19.18 41.2264
      vertex 15.219 0 46
      vertex 15.219 19.1749 40.7924
    endloop
  endfacet
  facet normal 1 0 0
    outer loop
      vertex 15.219 0 46
      vertex 15.219 19.1732 41.6604
      vertex 15.219 19.1547 42.0943
    endloop
  endfacet
  facet normal 1 0 0
    outer loop
      vertex 15.219 19.1749 40.7924
      vertex 15.219 0 46
      vertex 15.219 19.1577 40.3585
    endloop
  endfacet
  facet normal 1 0 0
    outer loop
      vertex 15.219 0 46
      vertex 15.219 19.1547 42.0943
      vertex 15.219 19.1247 42.5283
    endloop
  endfacet
  facet normal 1 0 0
    outer loop
      vertex 15.219 19.1577 40.3585
      vertex 15.219 0 46
      vertex 15.219 19.1282 39.9245
    endloop
  endfacet
  facet normal 1 0 0
    outer loop
      vertex 15.219 0 46
      vertex 15.219 19.1247 42.5283
      vertex 15.219 19.0836 42.9622
    endloop
  endfacet
  facet normal 1 0 0
    outer loop
      vertex 15.219 19.1282 39.9245
      vertex 15.219 0 46
      vertex 15.219 19.0862 39.4906
    endloop
  endfacet
  facet normal 1 0 0
    outer loop
      vertex 15.219 0 46
      vertex 15.219 19.0836 42.9622
      vertex 15.219 19.0316 43.3962
    endloop
  endfacet
  facet normal 1 0 0
    outer loop
      vertex 15.219 0 46
      vertex 15.219 19.0316 43.3962
      vertex 15.219 18.9691 43.8302
    endloop
  endfacet
  facet normal 1 0 0
    outer loop
      vertex 15.219 19.0862 39.4906
      vertex 15.219 0 46
      vertex 15.219 19.0317 39.0566
    endloop
  endfacet
  facet normal 1 0 0
    outer loop
      vertex 15.219 0 46
      vertex 15.219 18.9691 43.8302
      vertex 15.219 18.8963 44.2641
    endloop
  endfacet
  facet normal 1 0 0
    outer loop
      vertex 15.219 19.0317 39.0566
      vertex 15.219 0 46
      vertex 15.219 18.9646 38.6226
    endloop
  endfacet
  facet normal 1 0 0
    outer loop
      vertex 15.219 0 46
      vertex 15.219 18.8963 44.2641
      vertex 15.219 18.8135 44.6981
    endloop
  endfacet
  facet normal 1 0 0
    outer loop
      vertex 15.219 18.9646 38.6226
      vertex 15.219 0 46
      vertex 15.219 18.8847 38.1887
    endloop
  endfacet
  facet normal 1 0 0
    outer loop
      vertex 15.219 0 46
      vertex 15.219 18.8135 44.6981
      vertex 15.219 18.7212 45.1321
    endloop
  endfacet
  facet normal 1 0 0
    outer loop
      vertex 15.219 18.8847 38.1887
      vertex 15.219 0 46
      vertex 15.219 18.7921 37.7547
    endloop
  endfacet
  facet normal 1 0 0
    outer loop
      vertex 15.219 0 46
      vertex 15.219 18.7212 45.1321
      vertex 15.219 18.6196 45.566
    endloop
  endfacet
  facet normal 1 0 0
    outer loop
      vertex 15.219 18.7921 37.7547
      vertex 15.219 0 46
      vertex 15.219 18.6867 37.3207
    endloop
  endfacet
  facet normal 1 -0 0
    outer loop
      vertex 15.219 0 46
      vertex 15.219 18.6196 45.566
      vertex 15.219 18.5092 46
    endloop
  endfacet
  facet normal 1 0 0
    outer loop
      vertex 15.219 18.6867 37.3207
      vertex 15.219 0 46
      vertex 15.219 18.5686 36.8868
    endloop
  endfacet
  facet normal 1 0 0
    outer loop
      vertex 15.219 18.5686 36.8868
      vertex 15.219 0 46
      vertex 15.219 18.4378 36.4528
    endloop
  endfacet
  facet normal 1 0 0
    outer loop
      vertex 15.219 18.4378 36.4528
      vertex 15.219 0 46
      vertex 15.219 18.2944 36.0189
    endloop
  endfacet
  facet normal 1 0 0
    outer loop
      vertex 15.219 18.2944 36.0189
      vertex 15.219 0 46
      vertex 15.219 18.1386 35.5849
    endloop
  endfacet
  facet normal 1 0 0
    outer loop
      vertex 15.219 18.1386 35.5849
      vertex 15.219 0 46
      vertex 15.219 17.9705 35.1509
    endloop
  endfacet
  facet normal 1 0 0
    outer loop
      vertex 15.219 17.9705 35.1509
      vertex 15.219 0 46
      vertex 15.219 17.7903 34.717
    endloop
  endfacet
  facet normal 1 0 0
    outer loop
      vertex 15.219 17.7903 34.717
      vertex 15.219 0 46
      vertex 15.219 17.5982 34.283
    endloop
  endfacet
  facet normal 1 0 0
    outer loop
      vertex 15.219 17.5982 34.283
      vertex 15.219 0 46
      vertex 15.219 17.3946 33.849
    endloop
  endfacet
  facet normal 1 0 0
    outer loop
      vertex 15.219 17.3946 33.849
      vertex 15.219 0 46
      vertex 15.219 17.1797 33.4151
    endloop
  endfacet
  facet normal 1 0 0
    outer loop
      vertex 15.219 17.1797 33.4151
      vertex 15.219 0 46
      vertex 15.219 16.9538 32.9811
    endloop
  endfacet
  facet normal 1 0 0
    outer loop
      vertex 15.219 16.9538 32.9811
      vertex 15.219 0 46
      vertex 15.219 16.7174 32.5472
    endloop
  endfacet
  facet normal 1 0 0
    outer loop
      vertex 15.219 16.7174 32.5472
      vertex 15.219 0 46
      vertex 15.219 16.4709 32.1132
    endloop
  endfacet
  facet normal 1 0 0
    outer loop
      vertex 15.219 16.4709 32.1132
      vertex 15.219 0 46
      vertex 15.219 16.2146 31.6792
    endloop
  endfacet
  facet normal 1 0 0
    outer loop
      vertex 15.219 16.2146 31.6792
      vertex 15.219 0 46
      vertex 15.219 15.9492 31.2453
    endloop
  endfacet
  facet normal 1 0 0
    outer loop
      vertex 15.219 15.9492 31.2453
      vertex 15.219 0 46
      vertex 15.219 15.6751 30.8113
    endloop
  endfacet
  facet normal 1 0 0
    outer loop
      vertex 15.219 15.6751 30.8113
      vertex 15.219 0 46
      vertex 15.219 15.3929 30.3773
    endloop
  endfacet
  facet normal 1 0 0
    outer loop
      vertex 15.219 15.3929 30.3773
      vertex 15.219 0 46
      vertex 15.219 15.1031 29.9434
    endloop
  endfacet
  facet normal 1 0 0
    outer loop
      vertex 15.219 15.1031 29.9434
      vertex 15.219 0 46
      vertex 15.219 14.8064 29.5094
    endloop
  endfacet
  facet normal 1 0 0
    outer loop
      vertex 15.219 14.8064 29.5094
      vertex 15.219 0 46
      vertex 15.219 14.5034 29.0755
    endloop
  endfacet
  facet normal 1 0 0
    outer loop
      vertex 15.219 14.5034 29.0755
      vertex 15.219 0 46
      vertex 15.219 14.1947 28.6415
    endloop
  endfacet
  facet normal 1 0 0
    outer loop
      vertex 15.219 14.1947 28.6415
      vertex 15.219 0 46
      vertex 15.219 13.8812 28.2075
    endloop
  endfacet
  facet normal 1 0 0
    outer loop
      vertex 15.219 13.8812 28.2075
      vertex 15.219 0 46
      vertex 15.219 13.5635 27.7736
    endloop
  endfacet
  facet normal 1 0 0
    outer loop
      vertex 15.219 13.5635 27.7736
      vertex 15.219 0 46
      vertex 15.219 13.2424 27.3396
    endloop
  endfacet
  facet normal 1 0 0
    outer loop
      vertex 15.219 13.2424 27.3396
      vertex 15.219 0 46
      vertex 15.219 12.9187 26.9057
    endloop
  endfacet
  facet normal 1 0 0
    outer loop
      vertex 15.219 12.9187 26.9057
      vertex 15.219 0 46
      vertex 15.219 12.593 26.4717
    endloop
  endfacet
  facet normal 1 0 0
    outer loop
      vertex 15.219 12.593 26.4717
      vertex 15.219 0 46
      vertex 15.219 12.2664 26.0377
    endloop
  endfacet
  facet normal 1 0 0
    outer loop
      vertex 15.219 12.2664 26.0377
      vertex 15.219 0 46
      vertex 15.219 11.9395 25.6038
    endloop
  endfacet
  facet normal 1 0 0
    outer loop
      vertex 15.219 11.9395 25.6038
      vertex 15.219 0 46
      vertex 15.219 11.6133 25.1698
    endloop
  endfacet
  facet normal 1 0 0
    outer loop
      vertex 15.219 11.6133 25.1698
      vertex 15.219 0 46
      vertex 15.219 11.2885 24.7358
    endloop
  endfacet
  facet normal 1 0 0
    outer loop
      vertex 15.219 11.2885 24.7358
      vertex 15.219 0 46
      vertex 15.219 10.9661 24.3019
    endloop
  endfacet
  facet normal 1 0 0
    outer loop
      vertex 15.219 10.9661 24.3019
      vertex 15.219 0 46
      vertex 15.219 10.6469 23.8679
    endloop
  endfacet
  facet normal 1 0 0
    outer loop
      vertex 15.219 10.6469 23.8679
      vertex 15.219 0 46
      vertex 15.219 10.3317 23.434
    endloop
  endfacet
  facet normal 1 0 0
    outer loop
      vertex 15.219 10.3317 23.434
      vertex 15.219 0 46
      vertex 15.219 10.0216 23
    endloop
  endfacet
  facet normal 1 0 0
    outer loop
      vertex 15.219 10.0216 23
      vertex 15.219 0 46
      vertex 15.219 9.71721 22.566
    endloop
  endfacet
  facet normal 1 0 0
    outer loop
      vertex 15.219 9.71721 22.566
      vertex 15.219 0 46
      vertex 15.219 9.41954 22.1321
    endloop
  endfacet
  facet normal 1 0 0
    outer loop
      vertex 15.219 9.41954 22.1321
      vertex 15.219 0 46
      vertex 15.219 9.12943 21.6981
    endloop
  endfacet
  facet normal 1 0 0
    outer loop
      vertex 15.219 9.12943 21.6981
      vertex 15.219 0 46
      vertex 15.219 8.84769 21.2641
    endloop
  endfacet
  facet normal 1 0 0
    outer loop
      vertex 15.219 8.84769 21.2641
      vertex 15.219 0 46
      vertex 15.219 8.57518 20.8302
    endloop
  endfacet
  facet normal 1 0 0
    outer loop
      vertex 15.219 8.57518 20.8302
      vertex 15.219 0 46
      vertex 15.219 8.3127 20.3962
    endloop
  endfacet
  facet normal 1 0 0
    outer loop
      vertex 15.219 8.3127 20.3962
      vertex 15.219 0 46
      vertex 15.219 8.06105 19.9622
    endloop
  endfacet
  facet normal 1 0 0
    outer loop
      vertex 15.219 8.06105 19.9622
      vertex 15.219 0 46
      vertex 15.219 7.821 19.5283
    endloop
  endfacet
  facet normal 1 0 0
    outer loop
      vertex 15.219 7.821 19.5283
      vertex 15.219 0 46
      vertex 15.219 7.59329 19.0943
    endloop
  endfacet
  facet normal 1 0 0
    outer loop
      vertex 15.219 7.59329 19.0943
      vertex 15.219 0 46
      vertex 15.219 7.37865 18.6604
    endloop
  endfacet
  facet normal 1 0 0
    outer loop
      vertex 15.219 7.37865 18.6604
      vertex 15.219 0 46
      vertex 15.219 7.17775 18.2264
    endloop
  endfacet
  facet normal 1 0 0
    outer loop
      vertex 15.219 6.08237 14.3207
      vertex 15.219 0 0
      vertex 15.219 6.04782 13.8868
    endloop
  endfacet
  facet normal 1 0 0
    outer loop
      vertex 15.219 6.13521 14.7547
      vertex 15.219 0 0
      vertex 15.219 6.08237 14.3207
    endloop
  endfacet
  facet normal 1 0 0
    outer loop
      vertex 15.219 6.20612 15.1887
      vertex 15.219 0 0
      vertex 15.219 6.13521 14.7547
    endloop
  endfacet
  facet normal 1 0 0
    outer loop
      vertex 15.219 0 0
      vertex 15.219 6.20612 15.1887
      vertex 15.219 0 46
    endloop
  endfacet
  facet normal 1 0 0
    outer loop
      vertex 15.219 6.2948 15.6226
      vertex 15.219 0 46
      vertex 15.219 6.20612 15.1887
    endloop
  endfacet
  facet normal 1 0 0
    outer loop
      vertex 15.219 6.40092 16.0566
      vertex 15.219 0 46
      vertex 15.219 6.2948 15.6226
    endloop
  endfacet
  facet normal 1 0 0
    outer loop
      vertex 15.219 6.52409 16.4906
      vertex 15.219 0 46
      vertex 15.219 6.40092 16.0566
    endloop
  endfacet
  facet normal 1 0 0
    outer loop
      vertex 15.219 6.66388 16.9245
      vertex 15.219 0 46
      vertex 15.219 6.52409 16.4906
    endloop
  endfacet
  facet normal 1 0 0
    outer loop
      vertex 15.219 6.81978 17.3585
      vertex 15.219 0 46
      vertex 15.219 6.66388 16.9245
    endloop
  endfacet
  facet normal 1 0 0
    outer loop
      vertex 15.219 6.99126 17.7924
      vertex 15.219 0 46
      vertex 15.219 6.81978 17.3585
    endloop
  endfacet
  facet normal 1 0 0
    outer loop
      vertex 15.219 7.17775 18.2264
      vertex 15.219 0 46
      vertex 15.219 6.99126 17.7924
    endloop
  endfacet
  facet normal 1 0 0
    outer loop
      vertex 15.219 0 0
      vertex 15.219 12.5993 0.43396
      vertex 15.219 12.2655 0.86792
    endloop
  endfacet
  facet normal 1 0 0
    outer loop
      vertex 15.219 0 0
      vertex 15.219 12.2655 0.86792
      vertex 15.219 11.9302 1.30188
    endloop
  endfacet
  facet normal 1 0 0
    outer loop
      vertex 15.219 0 0
      vertex 15.219 11.9302 1.30188
      vertex 15.219 11.5943 1.73584
    endloop
  endfacet
  facet normal 1 0 0
    outer loop
      vertex 15.219 0 0
      vertex 15.219 11.5943 1.73584
      vertex 15.219 11.2592 2.1698
    endloop
  endfacet
  facet normal 1 0 0
    outer loop
      vertex 15.219 6.04782 13.8868
      vertex 15.219 0 0
      vertex 15.219 6.03174 13.4528
    endloop
  endfacet
  facet normal 1 0 0
    outer loop
      vertex 15.219 6.03174 13.4528
      vertex 15.219 0 0
      vertex 15.219 6.03426 13.0189
    endloop
  endfacet
  facet normal 1 0 0
    outer loop
      vertex 15.219 6.03426 13.0189
      vertex 15.219 0 0
      vertex 15.219 6.0554 12.5849
    endloop
  endfacet
  facet normal 1 0 0
    outer loop
      vertex 15.219 6.0554 12.5849
      vertex 15.219 0 0
      vertex 15.219 6.09521 12.1509
    endloop
  endfacet
  facet normal 1 0 0
    outer loop
      vertex 15.219 6.09521 12.1509
      vertex 15.219 0 0
      vertex 15.219 6.15361 11.717
    endloop
  endfacet
  facet normal 1 0 0
    outer loop
      vertex 15.219 12.5993 0.43396
      vertex 15.219 0 0
      vertex 15.219 12.9302 0
    endloop
  endfacet
  facet normal 1 0 0
    outer loop
      vertex 15.219 10.926 2.60376
      vertex 15.219 0 0
      vertex 15.219 11.2592 2.1698
    endloop
  endfacet
  facet normal 1 0 0
    outer loop
      vertex 15.219 10.5959 3.03773
      vertex 15.219 0 0
      vertex 15.219 10.926 2.60376
    endloop
  endfacet
  facet normal 1 0 0
    outer loop
      vertex 15.219 10.27 3.47169
      vertex 15.219 0 0
      vertex 15.219 10.5959 3.03773
    endloop
  endfacet
  facet normal 1 0 0
    outer loop
      vertex 15.219 9.9494 3.90565
      vertex 15.219 0 0
      vertex 15.219 10.27 3.47169
    endloop
  endfacet
  facet normal 1 0 0
    outer loop
      vertex 15.219 9.63528 4.33961
      vertex 15.219 0 0
      vertex 15.219 9.9494 3.90565
    endloop
  endfacet
  facet normal 1 0 0
    outer loop
      vertex 15.219 9.32867 4.77357
      vertex 15.219 0 0
      vertex 15.219 9.63528 4.33961
    endloop
  endfacet
  facet normal 1 0 0
    outer loop
      vertex 15.219 9.03061 5.20753
      vertex 15.219 0 0
      vertex 15.219 9.32867 4.77357
    endloop
  endfacet
  facet normal 1 0 0
    outer loop
      vertex 15.219 8.7421 5.64149
      vertex 15.219 0 0
      vertex 15.219 9.03061 5.20753
    endloop
  endfacet
  facet normal 1 0 0
    outer loop
      vertex 15.219 8.46408 6.07547
      vertex 15.219 0 0
      vertex 15.219 8.7421 5.64149
    endloop
  endfacet
  facet normal 1 0 0
    outer loop
      vertex 15.219 8.19748 6.50943
      vertex 15.219 0 0
      vertex 15.219 8.46408 6.07547
    endloop
  endfacet
  facet normal 1 0 0
    outer loop
      vertex 15.219 7.94318 6.94339
      vertex 15.219 0 0
      vertex 15.219 8.19748 6.50943
    endloop
  endfacet
  facet normal 1 0 0
    outer loop
      vertex 15.219 7.70198 7.37735
      vertex 15.219 0 0
      vertex 15.219 7.94318 6.94339
    endloop
  endfacet
  facet normal 1 0 0
    outer loop
      vertex 15.219 7.47467 7.81131
      vertex 15.219 0 0
      vertex 15.219 7.70198 7.37735
    endloop
  endfacet
  facet normal 1 0 0
    outer loop
      vertex 15.219 7.26196 8.24527
      vertex 15.219 0 0
      vertex 15.219 7.47467 7.81131
    endloop
  endfacet
  facet normal 1 0 0
    outer loop
      vertex 15.219 7.06453 8.67924
      vertex 15.219 0 0
      vertex 15.219 7.26196 8.24527
    endloop
  endfacet
  facet normal 1 0 0
    outer loop
      vertex 15.219 6.88297 9.1132
      vertex 15.219 0 0
      vertex 15.219 7.06453 8.67924
    endloop
  endfacet
  facet normal 1 0 0
    outer loop
      vertex 15.219 6.71782 9.54716
      vertex 15.219 0 0
      vertex 15.219 6.88297 9.1132
    endloop
  endfacet
  facet normal 1 0 0
    outer loop
      vertex 15.219 6.56961 9.98112
      vertex 15.219 0 0
      vertex 15.219 6.71782 9.54716
    endloop
  endfacet
  facet normal 1 0 0
    outer loop
      vertex 15.219 6.43874 10.4151
      vertex 15.219 0 0
      vertex 15.219 6.56961 9.98112
    endloop
  endfacet
  facet normal 1 0 0
    outer loop
      vertex 15.219 6.32558 10.849
      vertex 15.219 0 0
      vertex 15.219 6.43874 10.4151
    endloop
  endfacet
  facet normal 1 0 0
    outer loop
      vertex 15.219 6.23045 11.283
      vertex 15.219 0 0
      vertex 15.219 6.32558 10.849
    endloop
  endfacet
  facet normal 1 0 0
    outer loop
      vertex 15.219 6.15361 11.717
      vertex 15.219 0 0
      vertex 15.219 6.23045 11.283
    endloop
  endfacet
  facet normal 0 0.792638 0.609693
    outer loop
      vertex 15.219 12.5993 0.43396
      vertex 9.06667 12.2655 0.86792
      vertex 15.219 12.2655 0.86792
    endloop
  endfacet
  facet normal 0 0.792638 0.609693
    outer loop
      vertex 9.06667 12.2655 0.86792
      vertex 15.219 12.5993 0.43396
      vertex 9.06667 12.5993 0.43396
    endloop
  endfacet
  facet normal 0 0.791314 0.61141
    outer loop
      vertex 15.219 12.2655 0.86792
      vertex 9.06667 11.9302 1.30188
      vertex 15.219 11.9302 1.30188
    endloop
  endfacet
  facet normal 0 0.791314 0.61141
    outer loop
      vertex 9.06667 11.9302 1.30188
      vertex 15.219 12.2655 0.86792
      vertex 9.06667 12.2655 0.86792
    endloop
  endfacet
  facet normal 0 0.790785 0.612095
    outer loop
      vertex 15.219 11.9302 1.30188
      vertex 9.06667 11.5943 1.73584
      vertex 15.219 11.5943 1.73584
    endloop
  endfacet
  facet normal 0 0.790785 0.612095
    outer loop
      vertex 9.06667 11.5943 1.73584
      vertex 15.219 11.9302 1.30188
      vertex 9.06667 11.9302 1.30188
    endloop
  endfacet
  facet normal 0 0.79149 0.611182
    outer loop
      vertex 15.219 11.5943 1.73584
      vertex 9.06667 11.2592 2.1698
      vertex 15.219 11.2592 2.1698
    endloop
  endfacet
  facet normal 0 0.79149 0.611182
    outer loop
      vertex 9.06667 11.2592 2.1698
      vertex 15.219 11.5943 1.73584
      vertex 9.06667 11.5943 1.73584
    endloop
  endfacet
  facet normal 0 0.793167 0.609004
    outer loop
      vertex 15.219 11.2592 2.1698
      vertex 9.06667 10.926 2.60376
      vertex 15.219 10.926 2.60376
    endloop
  endfacet
  facet normal 0 0.793167 0.609004
    outer loop
      vertex 9.06667 10.926 2.60376
      vertex 15.219 11.2592 2.1698
      vertex 9.06667 11.2592 2.1698
    endloop
  endfacet
  facet normal 0 0.795912 0.605412
    outer loop
      vertex 15.219 10.926 2.60376
      vertex 9.06667 10.5959 3.03773
      vertex 15.219 10.5959 3.03773
    endloop
  endfacet
  facet normal 0 0.795912 0.605412
    outer loop
      vertex 9.06667 10.5959 3.03773
      vertex 15.219 10.926 2.60376
      vertex 9.06667 10.926 2.60376
    endloop
  endfacet
  facet normal 0 0.79962 0.600507
    outer loop
      vertex 15.219 10.5959 3.03773
      vertex 9.06667 10.27 3.47169
      vertex 15.219 10.27 3.47169
    endloop
  endfacet
  facet normal 0 0.79962 0.600507
    outer loop
      vertex 9.06667 10.27 3.47169
      vertex 15.219 10.5959 3.03773
      vertex 9.06667 10.5959 3.03773
    endloop
  endfacet
  facet normal 0 0.804312 0.594208
    outer loop
      vertex 15.219 10.27 3.47169
      vertex 9.06667 9.9494 3.90565
      vertex 15.219 9.9494 3.90565
    endloop
  endfacet
  facet normal 0 0.804312 0.594208
    outer loop
      vertex 9.06667 9.9494 3.90565
      vertex 15.219 10.27 3.47169
      vertex 9.06667 10.27 3.47169
    endloop
  endfacet
  facet normal 0 0.810055 0.586354
    outer loop
      vertex 15.219 9.9494 3.90565
      vertex 9.06667 9.63528 4.33961
      vertex 15.219 9.63528 4.33961
    endloop
  endfacet
  facet normal 0 0.810055 0.586354
    outer loop
      vertex 9.06667 9.63528 4.33961
      vertex 15.219 9.9494 3.90565
      vertex 9.06667 9.9494 3.90565
    endloop
  endfacet
  facet normal 0 0.816715 0.577042
    outer loop
      vertex 15.219 9.63528 4.33961
      vertex 9.06667 9.32867 4.77357
      vertex 15.219 9.32867 4.77357
    endloop
  endfacet
  facet normal 0 0.816715 0.577042
    outer loop
      vertex 9.06667 9.32867 4.77357
      vertex 15.219 9.63528 4.33961
      vertex 9.06667 9.63528 4.33961
    endloop
  endfacet
  facet normal 0 0.824297 0.566158
    outer loop
      vertex 15.219 9.32867 4.77357
      vertex 9.06667 9.03061 5.20753
      vertex 15.219 9.03061 5.20753
    endloop
  endfacet
  facet normal 0 0.824297 0.566158
    outer loop
      vertex 9.06667 9.03061 5.20753
      vertex 15.219 9.32867 4.77357
      vertex 9.06667 9.32867 4.77357
    endloop
  endfacet
  facet normal 0 0.832755 0.553641
    outer loop
      vertex 15.219 9.03061 5.20753
      vertex 9.06667 8.7421 5.64149
      vertex 15.219 8.7421 5.64149
    endloop
  endfacet
  facet normal 0 0.832755 0.553641
    outer loop
      vertex 9.06667 8.7421 5.64149
      vertex 15.219 9.03061 5.20753
      vertex 9.06667 9.03061 5.20753
    endloop
  endfacet
  facet normal 0 0.842031 0.539429
    outer loop
      vertex 15.219 8.7421 5.64149
      vertex 9.06667 8.46408 6.07547
      vertex 15.219 8.46408 6.07547
    endloop
  endfacet
  facet normal 0 0.842031 0.539429
    outer loop
      vertex 9.06667 8.46408 6.07547
      vertex 15.219 8.7421 5.64149
      vertex 9.06667 8.7421 5.64149
    endloop
  endfacet
  facet normal 0 0.852054 0.523453
    outer loop
      vertex 15.219 8.46408 6.07547
      vertex 9.06667 8.19748 6.50943
      vertex 15.219 8.19748 6.50943
    endloop
  endfacet
  facet normal 0 0.852054 0.523453
    outer loop
      vertex 9.06667 8.19748 6.50943
      vertex 15.219 8.46408 6.07547
      vertex 9.06667 8.46408 6.07547
    endloop
  endfacet
  facet normal 0 0.862776 0.505586
    outer loop
      vertex 15.219 8.19748 6.50943
      vertex 9.06667 7.94318 6.94339
      vertex 15.219 7.94318 6.94339
    endloop
  endfacet
  facet normal 0 0.862776 0.505586
    outer loop
      vertex 9.06667 7.94318 6.94339
      vertex 15.219 8.19748 6.50943
      vertex 9.06667 8.19748 6.50943
    endloop
  endfacet
  facet normal 0 0.874062 0.485814
    outer loop
      vertex 15.219 7.94318 6.94339
      vertex 9.06667 7.70198 7.37735
      vertex 15.219 7.70198 7.37735
    endloop
  endfacet
  facet normal 0 0.874062 0.485814
    outer loop
      vertex 9.06667 7.70198 7.37735
      vertex 15.219 7.94318 6.94339
      vertex 9.06667 7.94318 6.94339
    endloop
  endfacet
  facet normal 0 0.885834 0.464003
    outer loop
      vertex 15.219 7.70198 7.37735
      vertex 9.06667 7.47467 7.81131
      vertex 15.219 7.47467 7.81131
    endloop
  endfacet
  facet normal 0 0.885834 0.464003
    outer loop
      vertex 9.06667 7.47467 7.81131
      vertex 15.219 7.70198 7.37735
      vertex 9.06667 7.70198 7.37735
    endloop
  endfacet
  facet normal 0 0.897933 0.440131
    outer loop
      vertex 15.219 7.47467 7.81131
      vertex 9.06667 7.26196 8.24527
      vertex 15.219 7.26196 8.24527
    endloop
  endfacet
  facet normal 0 0.897933 0.440131
    outer loop
      vertex 9.06667 7.26196 8.24527
      vertex 15.219 7.47467 7.81131
      vertex 9.06667 7.47467 7.81131
    endloop
  endfacet
  facet normal 0 0.910231 0.4141
    outer loop
      vertex 15.219 7.26196 8.24527
      vertex 9.06667 7.06453 8.67924
      vertex 15.219 7.06453 8.67924
    endloop
  endfacet
  facet normal 0 0.910231 0.4141
    outer loop
      vertex 9.06667 7.06453 8.67924
      vertex 15.219 7.26196 8.24527
      vertex 9.06667 7.26196 8.24527
    endloop
  endfacet
  facet normal 0 0.922515 0.385961
    outer loop
      vertex 15.219 7.06453 8.67924
      vertex 9.06667 6.88297 9.1132
      vertex 15.219 6.88297 9.1132
    endloop
  endfacet
  facet normal 0 0.922515 0.385961
    outer loop
      vertex 9.06667 6.88297 9.1132
      vertex 15.219 7.06453 8.67924
      vertex 9.06667 7.06453 8.67924
    endloop
  endfacet
  facet normal 0 0.934608 0.355679
    outer loop
      vertex 15.219 6.88297 9.1132
      vertex 9.06667 6.71782 9.54716
      vertex 15.219 6.71782 9.54716
    endloop
  endfacet
  facet normal 0 0.934608 0.355679
    outer loop
      vertex 9.06667 6.71782 9.54716
      vertex 15.219 6.88297 9.1132
      vertex 9.06667 6.88297 9.1132
    endloop
  endfacet
  facet normal 0 0.946331 0.3232
    outer loop
      vertex 15.219 6.71782 9.54716
      vertex 9.06667 6.56961 9.98112
      vertex 15.219 6.56961 9.98112
    endloop
  endfacet
  facet normal 0 0.946331 0.3232
    outer loop
      vertex 9.06667 6.56961 9.98112
      vertex 15.219 6.71782 9.54716
      vertex 9.06667 6.71782 9.54716
    endloop
  endfacet
  facet normal 0 0.957415 0.288716
    outer loop
      vertex 15.219 6.56961 9.98112
      vertex 9.06667 6.43874 10.4151
      vertex 15.219 6.43874 10.4151
    endloop
  endfacet
  facet normal 0 0.957415 0.288716
    outer loop
      vertex 9.06667 6.43874 10.4151
      vertex 15.219 6.56961 9.98112
      vertex 9.06667 6.56961 9.98112
    endloop
  endfacet
  facet normal 0 0.967634 0.252357
    outer loop
      vertex 15.219 6.43874 10.4151
      vertex 9.06667 6.32558 10.849
      vertex 15.219 6.32558 10.849
    endloop
  endfacet
  facet normal 0 0.967634 0.252357
    outer loop
      vertex 9.06667 6.32558 10.849
      vertex 15.219 6.43874 10.4151
      vertex 9.06667 6.43874 10.4151
    endloop
  endfacet
  facet normal 0 0.976809 0.21411
    outer loop
      vertex 15.219 6.32558 10.849
      vertex 9.06667 6.23045 11.283
      vertex 15.219 6.23045 11.283
    endloop
  endfacet
  facet normal 0 0.976809 0.21411
    outer loop
      vertex 9.06667 6.23045 11.283
      vertex 15.219 6.32558 10.849
      vertex 9.06667 6.32558 10.849
    endloop
  endfacet
  facet normal 0 0.984686 0.174339
    outer loop
      vertex 15.219 6.23045 11.283
      vertex 9.06667 6.15361 11.717
      vertex 15.219 6.15361 11.717
    endloop
  endfacet
  facet normal 0 0.984686 0.174339
    outer loop
      vertex 9.06667 6.15361 11.717
      vertex 15.219 6.23045 11.283
      vertex 9.06667 6.23045 11.283
    endloop
  endfacet
  facet normal 0 0.991064 0.13339
    outer loop
      vertex 15.219 6.15361 11.717
      vertex 9.06667 6.09521 12.1509
      vertex 15.219 6.09521 12.1509
    endloop
  endfacet
  facet normal 0 0.991064 0.13339
    outer loop
      vertex 9.06667 6.09521 12.1509
      vertex 15.219 6.15361 11.717
      vertex 9.06667 6.15361 11.717
    endloop
  endfacet
  facet normal 0 0.995819 0.0913446
    outer loop
      vertex 15.219 6.09521 12.1509
      vertex 9.06667 6.0554 12.5849
      vertex 15.219 6.0554 12.5849
    endloop
  endfacet
  facet normal 0 0.995819 0.0913446
    outer loop
      vertex 9.06667 6.0554 12.5849
      vertex 15.219 6.09521 12.1509
      vertex 9.06667 6.09521 12.1509
    endloop
  endfacet
  facet normal 0 0.998816 0.048652
    outer loop
      vertex 15.219 6.0554 12.5849
      vertex 9.06667 6.03426 13.0189
      vertex 15.219 6.03426 13.0189
    endloop
  endfacet
  facet normal 0 0.998816 0.048652
    outer loop
      vertex 9.06667 6.03426 13.0189
      vertex 15.219 6.0554 12.5849
      vertex 9.06667 6.0554 12.5849
    endloop
  endfacet
  facet normal 0 0.999983 0.00580769
    outer loop
      vertex 15.219 6.03426 13.0189
      vertex 9.06667 6.03174 13.4528
      vertex 15.219 6.03174 13.4528
    endloop
  endfacet
  facet normal 0 0.999983 0.00580769
    outer loop
      vertex 9.06667 6.03174 13.4528
      vertex 15.219 6.03426 13.0189
      vertex 9.06667 6.03426 13.0189
    endloop
  endfacet
  facet normal 0 0.999314 -0.0370253
    outer loop
      vertex 15.219 6.03174 13.4528
      vertex 9.06667 6.04782 13.8868
      vertex 15.219 6.04782 13.8868
    endloop
  endfacet
  facet normal 0 0.999314 -0.0370253
    outer loop
      vertex 9.06667 6.04782 13.8868
      vertex 15.219 6.03174 13.4528
      vertex 9.06667 6.03174 13.4528
    endloop
  endfacet
  facet normal 0 0.996845 -0.0793754
    outer loop
      vertex 15.219 6.04782 13.8868
      vertex 9.06667 6.08237 14.3207
      vertex 15.219 6.08237 14.3207
    endloop
  endfacet
  facet normal 0 0.996845 -0.0793754
    outer loop
      vertex 9.06667 6.08237 14.3207
      vertex 15.219 6.04782 13.8868
      vertex 9.06667 6.04782 13.8868
    endloop
  endfacet
  facet normal 0 0.99267 -0.120859
    outer loop
      vertex 15.219 6.08237 14.3207
      vertex 9.06667 6.13521 14.7547
      vertex 15.219 6.13521 14.7547
    endloop
  endfacet
  facet normal 0 0.99267 -0.120859
    outer loop
      vertex 9.06667 6.13521 14.7547
      vertex 15.219 6.08237 14.3207
      vertex 9.06667 6.08237 14.3207
    endloop
  endfacet
  facet normal 0 0.986914 -0.161249
    outer loop
      vertex 15.219 6.13521 14.7547
      vertex 9.06667 6.20612 15.1887
      vertex 15.219 6.20612 15.1887
    endloop
  endfacet
  facet normal 0 0.986914 -0.161249
    outer loop
      vertex 9.06667 6.20612 15.1887
      vertex 15.219 6.13521 14.7547
      vertex 9.06667 6.13521 14.7547
    endloop
  endfacet
  facet normal 0 0.979747 -0.20024
    outer loop
      vertex 15.219 6.20612 15.1887
      vertex 9.06667 6.2948 15.6226
      vertex 15.219 6.2948 15.6226
    endloop
  endfacet
  facet normal 0 0.979747 -0.20024
    outer loop
      vertex 9.06667 6.2948 15.6226
      vertex 15.219 6.20612 15.1887
      vertex 9.06667 6.20612 15.1887
    endloop
  endfacet
  facet normal 0 0.971383 -0.237519
    outer loop
      vertex 15.219 6.2948 15.6226
      vertex 9.06667 6.40092 16.0566
      vertex 15.219 6.40092 16.0566
    endloop
  endfacet
  facet normal 0 0.971383 -0.237519
    outer loop
      vertex 9.06667 6.40092 16.0566
      vertex 15.219 6.2948 15.6226
      vertex 9.06667 6.2948 15.6226
    endloop
  endfacet
  facet normal 0 0.962008 -0.27302
    outer loop
      vertex 15.219 6.40092 16.0566
      vertex 9.06667 6.52409 16.4906
      vertex 15.219 6.52409 16.4906
    endloop
  endfacet
  facet normal 0 0.962008 -0.27302
    outer loop
      vertex 9.06667 6.52409 16.4906
      vertex 15.219 6.40092 16.0566
      vertex 9.06667 6.40092 16.0566
    endloop
  endfacet
  facet normal 0 0.951822 -0.30665
    outer loop
      vertex 15.219 6.52409 16.4906
      vertex 9.06667 6.66388 16.9245
      vertex 15.219 6.66388 16.9245
    endloop
  endfacet
  facet normal 0 0.951822 -0.30665
    outer loop
      vertex 9.06667 6.66388 16.9245
      vertex 15.219 6.52409 16.4906
      vertex 9.06667 6.52409 16.4906
    endloop
  endfacet
  facet normal 0 0.941122 -0.338067
    outer loop
      vertex 15.219 6.66388 16.9245
      vertex 9.06667 6.81978 17.3585
      vertex 15.219 6.81978 17.3585
    endloop
  endfacet
  facet normal 0 0.941122 -0.338067
    outer loop
      vertex 9.06667 6.81978 17.3585
      vertex 15.219 6.66388 16.9245
      vertex 9.06667 6.66388 16.9245
    endloop
  endfacet
  facet normal 0 0.930006 -0.367544
    outer loop
      vertex 15.219 6.81978 17.3585
      vertex 9.06667 6.99126 17.7924
      vertex 15.219 6.99126 17.7924
    endloop
  endfacet
  facet normal 0 0.930006 -0.367544
    outer loop
      vertex 9.06667 6.99126 17.7924
      vertex 15.219 6.81978 17.3585
      vertex 9.06667 6.81978 17.3585
    endloop
  endfacet
  facet normal 0 0.918769 -0.394795
    outer loop
      vertex 15.219 6.99126 17.7924
      vertex 9.06667 7.17775 18.2264
      vertex 15.219 7.17775 18.2264
    endloop
  endfacet
  facet normal 0 0.918769 -0.394795
    outer loop
      vertex 9.06667 7.17775 18.2264
      vertex 15.219 6.99126 17.7924
      vertex 9.06667 6.99126 17.7924
    endloop
  endfacet
  facet normal 0 0.907488 -0.420079
    outer loop
      vertex 15.219 7.17775 18.2264
      vertex 9.06667 7.37865 18.6604
      vertex 15.219 7.37865 18.6604
    endloop
  endfacet
  facet normal 0 0.907488 -0.420079
    outer loop
      vertex 9.06667 7.37865 18.6604
      vertex 15.219 7.17775 18.2264
      vertex 9.06667 7.17775 18.2264
    endloop
  endfacet
  facet normal 0 0.896328 -0.443392
    outer loop
      vertex 15.219 7.37865 18.6604
      vertex 9.06667 7.59329 19.0943
      vertex 15.219 7.59329 19.0943
    endloop
  endfacet
  facet normal 0 0.896328 -0.443392
    outer loop
      vertex 9.06667 7.59329 19.0943
      vertex 15.219 7.37865 18.6604
      vertex 9.06667 7.37865 18.6604
    endloop
  endfacet
  facet normal 0 0.885515 -0.46461
    outer loop
      vertex 15.219 7.59329 19.0943
      vertex 9.06667 7.821 19.5283
      vertex 15.219 7.821 19.5283
    endloop
  endfacet
  facet normal 0 0.885515 -0.46461
    outer loop
      vertex 9.06667 7.821 19.5283
      vertex 15.219 7.59329 19.0943
      vertex 9.06667 7.59329 19.0943
    endloop
  endfacet
  facet normal 0 0.875017 -0.484093
    outer loop
      vertex 15.219 7.821 19.5283
      vertex 9.06667 8.06105 19.9622
      vertex 15.219 8.06105 19.9622
    endloop
  endfacet
  facet normal 0 0.875017 -0.484093
    outer loop
      vertex 9.06667 8.06105 19.9622
      vertex 15.219 7.821 19.5283
      vertex 9.06667 7.821 19.5283
    endloop
  endfacet
  facet normal 0 0.865092 -0.501614
    outer loop
      vertex 15.219 8.06105 19.9622
      vertex 9.06667 8.3127 20.3962
      vertex 15.219 8.3127 20.3962
    endloop
  endfacet
  facet normal 0 0.865092 -0.501614
    outer loop
      vertex 9.06667 8.3127 20.3962
      vertex 15.219 8.06105 19.9622
      vertex 9.06667 8.06105 19.9622
    endloop
  endfacet
  facet normal 0 0.855678 -0.517508
    outer loop
      vertex 15.219 8.3127 20.3962
      vertex 9.06667 8.57518 20.8302
      vertex 15.219 8.57518 20.8302
    endloop
  endfacet
  facet normal 0 0.855678 -0.517508
    outer loop
      vertex 9.06667 8.57518 20.8302
      vertex 15.219 8.3127 20.3962
      vertex 9.06667 8.3127 20.3962
    endloop
  endfacet
  facet normal 0 0.846836 -0.531854
    outer loop
      vertex 15.219 8.57518 20.8302
      vertex 9.06667 8.84769 21.2641
      vertex 15.219 8.84769 21.2641
    endloop
  endfacet
  facet normal 0 0.846836 -0.531854
    outer loop
      vertex 9.06667 8.84769 21.2641
      vertex 15.219 8.57518 20.8302
      vertex 9.06667 8.57518 20.8302
    endloop
  endfacet
  facet normal 0 0.838761 -0.544499
    outer loop
      vertex 15.219 8.84769 21.2641
      vertex 9.06667 9.12943 21.6981
      vertex 15.219 9.12943 21.6981
    endloop
  endfacet
  facet normal 0 0.838761 -0.544499
    outer loop
      vertex 9.06667 9.12943 21.6981
      vertex 15.219 8.84769 21.2641
      vertex 9.06667 8.84769 21.2641
    endloop
  endfacet
  facet normal 0 0.831363 -0.55573
    outer loop
      vertex 15.219 9.12943 21.6981
      vertex 9.06667 9.41954 22.1321
      vertex 15.219 9.41954 22.1321
    endloop
  endfacet
  facet normal 0 0.831363 -0.55573
    outer loop
      vertex 9.06667 9.41954 22.1321
      vertex 15.219 9.12943 21.6981
      vertex 9.06667 9.12943 21.6981
    endloop
  endfacet
  facet normal 0 0.824606 -0.565707
    outer loop
      vertex 15.219 9.41954 22.1321
      vertex 9.06667 9.71721 22.566
      vertex 15.219 9.71721 22.566
    endloop
  endfacet
  facet normal 0 0.824606 -0.565707
    outer loop
      vertex 9.06667 9.71721 22.566
      vertex 15.219 9.41954 22.1321
      vertex 9.06667 9.41954 22.1321
    endloop
  endfacet
  facet normal 0 0.818709 -0.574209
    outer loop
      vertex 15.219 9.71721 22.566
      vertex 9.06667 10.0216 23
      vertex 15.219 10.0216 23
    endloop
  endfacet
  facet normal 0 0.818709 -0.574209
    outer loop
      vertex 9.06667 10.0216 23
      vertex 15.219 9.71721 22.566
      vertex 9.06667 9.71721 22.566
    endloop
  endfacet
  facet normal 0 0.813645 -0.581362
    outer loop
      vertex 15.219 10.0216 23
      vertex 9.06667 10.3317 23.434
      vertex 15.219 10.3317 23.434
    endloop
  endfacet
  facet normal 0 0.813645 -0.581362
    outer loop
      vertex 9.06667 10.3317 23.434
      vertex 15.219 10.0216 23
      vertex 9.06667 10.0216 23
    endloop
  endfacet
  facet normal 0 0.809058 -0.587728
    outer loop
      vertex 15.219 10.3317 23.434
      vertex 9.06667 10.6469 23.8679
      vertex 15.219 10.6469 23.8679
    endloop
  endfacet
  facet normal 0 0.809058 -0.587728
    outer loop
      vertex 9.06667 10.6469 23.8679
      vertex 15.219 10.3317 23.434
      vertex 9.06667 10.3317 23.434
    endloop
  endfacet
  facet normal 0 0.805578 -0.59249
    outer loop
      vertex 15.219 10.6469 23.8679
      vertex 9.06667 10.9661 24.3019
      vertex 15.219 10.9661 24.3019
    endloop
  endfacet
  facet normal 0 0.805578 -0.59249
    outer loop
      vertex 9.06667 10.9661 24.3019
      vertex 15.219 10.6469 23.8679
      vertex 9.06667 10.6469 23.8679
    endloop
  endfacet
  facet normal 0 0.802678 -0.596413
    outer loop
      vertex 15.219 10.9661 24.3019
      vertex 9.06667 11.2885 24.7358
      vertex 15.219 11.2885 24.7358
    endloop
  endfacet
  facet normal 0 0.802678 -0.596413
    outer loop
      vertex 9.06667 11.2885 24.7358
      vertex 15.219 10.9661 24.3019
      vertex 9.06667 10.9661 24.3019
    endloop
  endfacet
  facet normal 0 0.800619 -0.599173
    outer loop
      vertex 15.219 11.2885 24.7358
      vertex 9.06667 11.6133 25.1698
      vertex 15.219 11.6133 25.1698
    endloop
  endfacet
  facet normal 0 0.800619 -0.599173
    outer loop
      vertex 9.06667 11.6133 25.1698
      vertex 15.219 11.2885 24.7358
      vertex 9.06667 11.2885 24.7358
    endloop
  endfacet
  facet normal 0 0.799381 -0.600825
    outer loop
      vertex 15.219 11.6133 25.1698
      vertex 9.06667 11.9395 25.6038
      vertex 15.219 11.9395 25.6038
    endloop
  endfacet
  facet normal 0 0.799381 -0.600825
    outer loop
      vertex 9.06667 11.9395 25.6038
      vertex 15.219 11.6133 25.1698
      vertex 9.06667 11.6133 25.1698
    endloop
  endfacet
  facet normal 0 0.798695 -0.601736
    outer loop
      vertex 15.219 11.9395 25.6038
      vertex 9.06667 12.2664 26.0377
      vertex 15.219 12.2664 26.0377
    endloop
  endfacet
  facet normal 0 0.798695 -0.601736
    outer loop
      vertex 9.06667 12.2664 26.0377
      vertex 15.219 11.9395 25.6038
      vertex 9.06667 11.9395 25.6038
    endloop
  endfacet
  facet normal 0 0.799027 -0.601295
    outer loop
      vertex 15.219 12.2664 26.0377
      vertex 9.06667 12.593 26.4717
      vertex 15.219 12.593 26.4717
    endloop
  endfacet
  facet normal 0 0.799027 -0.601295
    outer loop
      vertex 9.06667 12.593 26.4717
      vertex 15.219 12.2664 26.0377
      vertex 9.06667 12.2664 26.0377
    endloop
  endfacet
  facet normal 0 0.799823 -0.600236
    outer loop
      vertex 15.219 12.593 26.4717
      vertex 9.06667 12.9187 26.9057
      vertex 15.219 12.9187 26.9057
    endloop
  endfacet
  facet normal 0 0.799823 -0.600236
    outer loop
      vertex 9.06667 12.9187 26.9057
      vertex 15.219 12.593 26.4717
      vertex 9.06667 12.593 26.4717
    endloop
  endfacet
  facet normal 0 0.801527 -0.597959
    outer loop
      vertex 15.219 12.9187 26.9057
      vertex 9.06667 13.2424 27.3396
      vertex 15.219 13.2424 27.3396
    endloop
  endfacet
  facet normal 0 0.801527 -0.597959
    outer loop
      vertex 9.06667 13.2424 27.3396
      vertex 15.219 12.9187 26.9057
      vertex 9.06667 12.9187 26.9057
    endloop
  endfacet
  facet normal 0 0.803895 -0.594771
    outer loop
      vertex 15.219 13.2424 27.3396
      vertex 9.06667 13.5635 27.7736
      vertex 15.219 13.5635 27.7736
    endloop
  endfacet
  facet normal 0 0.803895 -0.594771
    outer loop
      vertex 9.06667 13.5635 27.7736
      vertex 15.219 13.2424 27.3396
      vertex 9.06667 13.2424 27.3396
    endloop
  endfacet
  facet normal 0 0.806842 -0.590767
    outer loop
      vertex 15.219 13.5635 27.7736
      vertex 9.06667 13.8812 28.2075
      vertex 15.219 13.8812 28.2075
    endloop
  endfacet
  facet normal 0 0.806842 -0.590767
    outer loop
      vertex 9.06667 13.8812 28.2075
      vertex 15.219 13.5635 27.7736
      vertex 9.06667 13.5635 27.7736
    endloop
  endfacet
  facet normal 0 0.81063 -0.585559
    outer loop
      vertex 15.219 13.8812 28.2075
      vertex 9.06667 14.1947 28.6415
      vertex 15.219 14.1947 28.6415
    endloop
  endfacet
  facet normal 0 0.81063 -0.585559
    outer loop
      vertex 9.06667 14.1947 28.6415
      vertex 15.219 13.8812 28.2075
      vertex 9.06667 13.8812 28.2075
    endloop
  endfacet
  facet normal 0 0.814886 -0.579621
    outer loop
      vertex 15.219 14.1947 28.6415
      vertex 9.06667 14.5034 29.0755
      vertex 15.219 14.5034 29.0755
    endloop
  endfacet
  facet normal 0 0.814886 -0.579621
    outer loop
      vertex 9.06667 14.5034 29.0755
      vertex 15.219 14.1947 28.6415
      vertex 9.06667 14.1947 28.6415
    endloop
  endfacet
  facet normal 0 0.819879 -0.572536
    outer loop
      vertex 15.219 14.5034 29.0755
      vertex 9.06667 14.8064 29.5094
      vertex 15.219 14.8064 29.5094
    endloop
  endfacet
  facet normal 0 0.819879 -0.572536
    outer loop
      vertex 9.06667 14.8064 29.5094
      vertex 15.219 14.5034 29.0755
      vertex 9.06667 14.5034 29.0755
    endloop
  endfacet
  facet normal 0 0.825526 -0.564363
    outer loop
      vertex 15.219 14.8064 29.5094
      vertex 9.06667 15.1031 29.9434
      vertex 15.219 15.1031 29.9434
    endloop
  endfacet
  facet normal 0 0.825526 -0.564363
    outer loop
      vertex 9.06667 15.1031 29.9434
      vertex 15.219 14.8064 29.5094
      vertex 9.06667 14.8064 29.5094
    endloop
  endfacet
  facet normal 0 0.831578 -0.555408
    outer loop
      vertex 15.219 15.1031 29.9434
      vertex 9.06667 15.3929 30.3773
      vertex 15.219 15.3929 30.3773
    endloop
  endfacet
  facet normal 0 0.831578 -0.555408
    outer loop
      vertex 9.06667 15.3929 30.3773
      vertex 15.219 15.1031 29.9434
      vertex 9.06667 15.1031 29.9434
    endloop
  endfacet
  facet normal 0 0.838355 -0.545124
    outer loop
      vertex 15.219 15.3929 30.3773
      vertex 9.06667 15.6751 30.8113
      vertex 15.219 15.6751 30.8113
    endloop
  endfacet
  facet normal 0 0.838355 -0.545124
    outer loop
      vertex 9.06667 15.6751 30.8113
      vertex 15.219 15.3929 30.3773
      vertex 9.06667 15.3929 30.3773
    endloop
  endfacet
  facet normal 0 0.845494 -0.533986
    outer loop
      vertex 15.219 15.6751 30.8113
      vertex 9.06667 15.9492 31.2453
      vertex 15.219 15.9492 31.2453
    endloop
  endfacet
  facet normal 0 0.845494 -0.533986
    outer loop
      vertex 9.06667 15.9492 31.2453
      vertex 15.219 15.6751 30.8113
      vertex 9.06667 15.6751 30.8113
    endloop
  endfacet
  facet normal 0 0.853073 -0.521792
    outer loop
      vertex 15.219 15.9492 31.2453
      vertex 9.06667 16.2146 31.6792
      vertex 15.219 16.2146 31.6792
    endloop
  endfacet
  facet normal 0 0.853073 -0.521792
    outer loop
      vertex 9.06667 16.2146 31.6792
      vertex 15.219 15.9492 31.2453
      vertex 9.06667 15.9492 31.2453
    endloop
  endfacet
  facet normal 0 0.861061 -0.508502
    outer loop
      vertex 15.219 16.2146 31.6792
      vertex 9.06667 16.4709 32.1132
      vertex 15.219 16.4709 32.1132
    endloop
  endfacet
  facet normal 0 0.861061 -0.508502
    outer loop
      vertex 9.06667 16.4709 32.1132
      vertex 15.219 16.2146 31.6792
      vertex 9.06667 16.2146 31.6792
    endloop
  endfacet
  facet normal 0 0.869535 -0.493872
    outer loop
      vertex 15.219 16.4709 32.1132
      vertex 9.06667 16.7174 32.5472
      vertex 15.219 16.7174 32.5472
    endloop
  endfacet
  facet normal 0 0.869535 -0.493872
    outer loop
      vertex 9.06667 16.7174 32.5472
      vertex 15.219 16.4709 32.1132
      vertex 9.06667 16.4709 32.1132
    endloop
  endfacet
  facet normal 0 0.878127 -0.478427
    outer loop
      vertex 15.219 16.7174 32.5472
      vertex 9.06667 16.9538 32.9811
      vertex 15.219 16.9538 32.9811
    endloop
  endfacet
  facet normal 0 0.878127 -0.478427
    outer loop
      vertex 9.06667 16.9538 32.9811
      vertex 15.219 16.7174 32.5472
      vertex 9.06667 16.7174 32.5472
    endloop
  endfacet
  facet normal 0 0.887033 -0.461707
    outer loop
      vertex 15.219 16.9538 32.9811
      vertex 9.06667 17.1797 33.4151
      vertex 15.219 17.1797 33.4151
    endloop
  endfacet
  facet normal 0 0.887033 -0.461707
    outer loop
      vertex 9.06667 17.1797 33.4151
      vertex 15.219 16.9538 32.9811
      vertex 9.06667 16.9538 32.9811
    endloop
  endfacet
  facet normal 0 0.896114 -0.443823
    outer loop
      vertex 15.219 17.1797 33.4151
      vertex 9.06667 17.3946 33.849
      vertex 15.219 17.3946 33.849
    endloop
  endfacet
  facet normal 0 0.896114 -0.443823
    outer loop
      vertex 9.06667 17.3946 33.849
      vertex 15.219 17.1797 33.4151
      vertex 9.06667 17.1797 33.4151
    endloop
  endfacet
  facet normal 0 0.905329 -0.424712
    outer loop
      vertex 15.219 17.3946 33.849
      vertex 9.06667 17.5982 34.283
      vertex 15.219 17.5982 34.283
    endloop
  endfacet
  facet normal 0 0.905329 -0.424712
    outer loop
      vertex 9.06667 17.5982 34.283
      vertex 15.219 17.3946 33.849
      vertex 9.06667 17.3946 33.849
    endloop
  endfacet
  facet normal 0 0.914427 -0.40475
    outer loop
      vertex 15.219 17.5982 34.283
      vertex 9.06667 17.7903 34.717
      vertex 15.219 17.7903 34.717
    endloop
  endfacet
  facet normal 0 0.914427 -0.40475
    outer loop
      vertex 9.06667 17.7903 34.717
      vertex 15.219 17.5982 34.283
      vertex 9.06667 17.5982 34.283
    endloop
  endfacet
  facet normal 0 0.923523 -0.383542
    outer loop
      vertex 15.219 17.7903 34.717
      vertex 9.06667 17.9705 35.1509
      vertex 15.219 17.9705 35.1509
    endloop
  endfacet
  facet normal 0 0.923523 -0.383542
    outer loop
      vertex 9.06667 17.9705 35.1509
      vertex 15.219 17.7903 34.717
      vertex 9.06667 17.7903 34.717
    endloop
  endfacet
  facet normal 0 0.932496 -0.361181
    outer loop
      vertex 15.219 17.9705 35.1509
      vertex 9.06667 18.1386 35.5849
      vertex 15.219 18.1386 35.5849
    endloop
  endfacet
  facet normal 0 0.932496 -0.361181
    outer loop
      vertex 9.06667 18.1386 35.5849
      vertex 15.219 17.9705 35.1509
      vertex 9.06667 17.9705 35.1509
    endloop
  endfacet
  facet normal 0 0.941191 -0.337875
    outer loop
      vertex 15.219 18.1386 35.5849
      vertex 9.06667 18.2944 36.0189
      vertex 15.219 18.2944 36.0189
    endloop
  endfacet
  facet normal 0 0.941191 -0.337875
    outer loop
      vertex 9.06667 18.2944 36.0189
      vertex 15.219 18.1386 35.5849
      vertex 9.06667 18.1386 35.5849
    endloop
  endfacet
  facet normal 0 0.94949 -0.313798
    outer loop
      vertex 15.219 18.2944 36.0189
      vertex 9.06667 18.4378 36.4528
      vertex 15.219 18.4378 36.4528
    endloop
  endfacet
  facet normal 0 0.94949 -0.313798
    outer loop
      vertex 9.06667 18.4378 36.4528
      vertex 15.219 18.2944 36.0189
      vertex 9.06667 18.2944 36.0189
    endloop
  endfacet
  facet normal 0 0.957461 -0.288562
    outer loop
      vertex 15.219 18.4378 36.4528
      vertex 9.06667 18.5686 36.8868
      vertex 15.219 18.5686 36.8868
    endloop
  endfacet
  facet normal 0 0.957461 -0.288562
    outer loop
      vertex 9.06667 18.5686 36.8868
      vertex 15.219 18.4378 36.4528
      vertex 9.06667 18.4378 36.4528
    endloop
  endfacet
  facet normal 0 0.964897 -0.262628
    outer loop
      vertex 15.219 18.5686 36.8868
      vertex 9.06667 18.6867 37.3207
      vertex 15.219 18.6867 37.3207
    endloop
  endfacet
  facet normal 0 0.964897 -0.262628
    outer loop
      vertex 9.06667 18.6867 37.3207
      vertex 15.219 18.5686 36.8868
      vertex 9.06667 18.5686 36.8868
    endloop
  endfacet
  facet normal 0 0.971754 -0.235997
    outer loop
      vertex 15.219 18.6867 37.3207
      vertex 9.06667 18.7921 37.7547
      vertex 15.219 18.7921 37.7547
    endloop
  endfacet
  facet normal 0 0.971754 -0.235997
    outer loop
      vertex 9.06667 18.7921 37.7547
      vertex 15.219 18.6867 37.3207
      vertex 9.06667 18.6867 37.3207
    endloop
  endfacet
  facet normal 0 0.977987 -0.208667
    outer loop
      vertex 15.219 18.7921 37.7547
      vertex 9.06667 18.8847 38.1887
      vertex 15.219 18.8847 38.1887
    endloop
  endfacet
  facet normal 0 0.977987 -0.208667
    outer loop
      vertex 9.06667 18.8847 38.1887
      vertex 15.219 18.7921 37.7547
      vertex 9.06667 18.7921 37.7547
    endloop
  endfacet
  facet normal 0 0.983465 -0.181099
    outer loop
      vertex 15.219 18.8847 38.1887
      vertex 9.06667 18.9646 38.6226
      vertex 15.219 18.9646 38.6226
    endloop
  endfacet
  facet normal 0 0.983465 -0.181099
    outer loop
      vertex 9.06667 18.9646 38.6226
      vertex 15.219 18.8847 38.1887
      vertex 9.06667 18.8847 38.1887
    endloop
  endfacet
  facet normal 0 0.988258 -0.152793
    outer loop
      vertex 15.219 18.9646 38.6226
      vertex 9.06667 19.0317 39.0566
      vertex 15.219 19.0317 39.0566
    endloop
  endfacet
  facet normal 0 0.988258 -0.152793
    outer loop
      vertex 9.06667 19.0317 39.0566
      vertex 15.219 18.9646 38.6226
      vertex 9.06667 18.9646 38.6226
    endloop
  endfacet
  facet normal 0 0.992207 -0.124597
    outer loop
      vertex 15.219 19.0317 39.0566
      vertex 9.06667 19.0862 39.4906
      vertex 15.219 19.0862 39.4906
    endloop
  endfacet
  facet normal 0 0.992207 -0.124597
    outer loop
      vertex 9.06667 19.0862 39.4906
      vertex 15.219 19.0317 39.0566
      vertex 9.06667 19.0317 39.0566
    endloop
  endfacet
  facet normal 0 0.995348 -0.0963462
    outer loop
      vertex 15.219 19.0862 39.4906
      vertex 9.06667 19.1282 39.9245
      vertex 15.219 19.1282 39.9245
    endloop
  endfacet
  facet normal 0 0.995348 -0.0963462
    outer loop
      vertex 9.06667 19.1282 39.9245
      vertex 15.219 19.0862 39.4906
      vertex 9.06667 19.0862 39.4906
    endloop
  endfacet
  facet normal 0 0.997698 -0.0678159
    outer loop
      vertex 15.219 19.1282 39.9245
      vertex 9.06667 19.1577 40.3585
      vertex 15.219 19.1577 40.3585
    endloop
  endfacet
  facet normal 0 0.997698 -0.0678159
    outer loop
      vertex 9.06667 19.1577 40.3585
      vertex 15.219 19.1282 39.9245
      vertex 9.06667 19.1282 39.9245
    endloop
  endfacet
  facet normal 0 0.999215 -0.0396094
    outer loop
      vertex 15.219 19.1577 40.3585
      vertex 9.06667 19.1749 40.7924
      vertex 15.219 19.1749 40.7924
    endloop
  endfacet
  facet normal 0 0.999215 -0.0396094
    outer loop
      vertex 9.06667 19.1749 40.7924
      vertex 15.219 19.1577 40.3585
      vertex 9.06667 19.1577 40.3585
    endloop
  endfacet
  facet normal 0 0.999931 -0.0117503
    outer loop
      vertex 15.219 19.1749 40.7924
      vertex 9.06667 19.18 41.2264
      vertex 15.219 19.18 41.2264
    endloop
  endfacet
  facet normal 0 0.999931 -0.0117503
    outer loop
      vertex 9.06667 19.18 41.2264
      vertex 15.219 19.1749 40.7924
      vertex 9.06667 19.1749 40.7924
    endloop
  endfacet
  facet normal 0 0.999877 0.0156663
    outer loop
      vertex 15.219 19.18 41.2264
      vertex 9.06667 19.1732 41.6604
      vertex 15.219 19.1732 41.6604
    endloop
  endfacet
  facet normal 0 0.999877 0.0156663
    outer loop
      vertex 9.06667 19.1732 41.6604
      vertex 15.219 19.18 41.2264
      vertex 9.06667 19.18 41.2264
    endloop
  endfacet
  facet normal 0 0.999092 0.0425979
    outer loop
      vertex 15.219 19.1732 41.6604
      vertex 9.06667 19.1547 42.0943
      vertex 15.219 19.1547 42.0943
    endloop
  endfacet
  facet normal 0 0.999092 0.0425979
    outer loop
      vertex 9.06667 19.1547 42.0943
      vertex 15.219 19.1732 41.6604
      vertex 9.06667 19.1732 41.6604
    endloop
  endfacet
  facet normal 0 0.997619 0.0689599
    outer loop
      vertex 15.219 19.1547 42.0943
      vertex 9.06667 19.1247 42.5283
      vertex 15.219 19.1247 42.5283
    endloop
  endfacet
  facet normal 0 0.997619 0.0689599
    outer loop
      vertex 9.06667 19.1247 42.5283
      vertex 15.219 19.1547 42.0943
      vertex 9.06667 19.1547 42.0943
    endloop
  endfacet
  facet normal 0 0.995544 0.0943002
    outer loop
      vertex 15.219 19.1247 42.5283
      vertex 9.06667 19.0836 42.9622
      vertex 15.219 19.0836 42.9622
    endloop
  endfacet
  facet normal 0 0.995544 0.0943002
    outer loop
      vertex 9.06667 19.0836 42.9622
      vertex 15.219 19.1247 42.5283
      vertex 9.06667 19.1247 42.5283
    endloop
  endfacet
  facet normal 0 0.992898 0.118965
    outer loop
      vertex 15.219 19.0836 42.9622
      vertex 9.06667 19.0316 43.3962
      vertex 15.219 19.0316 43.3962
    endloop
  endfacet
  facet normal 0 0.992898 0.118965
    outer loop
      vertex 9.06667 19.0316 43.3962
      vertex 15.219 19.0836 42.9622
      vertex 9.06667 19.0836 42.9622
    endloop
  endfacet
  facet normal 0 0.989789 0.142539
    outer loop
      vertex 15.219 19.0316 43.3962
      vertex 9.06667 18.9691 43.8302
      vertex 15.219 18.9691 43.8302
    endloop
  endfacet
  facet normal 0 0.989789 0.142539
    outer loop
      vertex 9.06667 18.9691 43.8302
      vertex 15.219 19.0316 43.3962
      vertex 9.06667 19.0316 43.3962
    endloop
  endfacet
  facet normal 0 0.986215 0.165468
    outer loop
      vertex 15.219 18.9691 43.8302
      vertex 9.06667 18.8963 44.2641
      vertex 15.219 18.8963 44.2641
    endloop
  endfacet
  facet normal 0 0.986215 0.165468
    outer loop
      vertex 9.06667 18.8963 44.2641
      vertex 15.219 18.9691 43.8302
      vertex 9.06667 18.9691 43.8302
    endloop
  endfacet
  facet normal 0 0.982283 0.187403
    outer loop
      vertex 15.219 18.8963 44.2641
      vertex 9.06667 18.8135 44.6981
      vertex 15.219 18.8135 44.6981
    endloop
  endfacet
  facet normal 0 0.982283 0.187403
    outer loop
      vertex 9.06667 18.8135 44.6981
      vertex 15.219 18.8963 44.2641
      vertex 9.06667 18.8963 44.2641
    endloop
  endfacet
  facet normal 0 0.978124 0.20802
    outer loop
      vertex 15.219 18.8135 44.6981
      vertex 9.06667 18.7212 45.1321
      vertex 15.219 18.7212 45.1321
    endloop
  endfacet
  facet normal 0 0.978124 0.20802
    outer loop
      vertex 9.06667 18.7212 45.1321
      vertex 15.219 18.8135 44.6981
      vertex 9.06667 18.8135 44.6981
    endloop
  endfacet
  facet normal 0 0.973664 0.227989
    outer loop
      vertex 15.219 18.7212 45.1321
      vertex 9.06667 18.6196 45.566
      vertex 15.219 18.6196 45.566
    endloop
  endfacet
  facet normal 0 0.973664 0.227989
    outer loop
      vertex 9.06667 18.6196 45.566
      vertex 15.219 18.7212 45.1321
      vertex 9.06667 18.7212 45.1321
    endloop
  endfacet
  facet normal 0 0.969136 0.246527
    outer loop
      vertex 15.219 18.6196 45.566
      vertex 9.06667 18.5092 46
      vertex 15.219 18.5092 46
    endloop
  endfacet
  facet normal 0 0.969136 0.246527
    outer loop
      vertex 9.06667 18.5092 46
      vertex 15.219 18.6196 45.566
      vertex 9.06667 18.6196 45.566
    endloop
  endfacet
  facet normal 0 0.795199 0.606349
    outer loop
      vertex 15.219 12.9302 0
      vertex 9.06667 12.5993 0.43396
      vertex 15.219 12.5993 0.43396
    endloop
  endfacet
  facet normal 0 0.795199 0.606349
    outer loop
      vertex 9.06667 12.5993 0.43396
      vertex 15.219 12.9302 0
      vertex 9.06667 12.9302 0
    endloop
  endfacet
  facet normal -1 -0 0
    outer loop
      vertex 17.1619 6.16705 6.94339
      vertex 17.1619 0 0
      vertex 17.1619 6.14798 7.37735
    endloop
  endfacet
  facet normal -1 -0 0
    outer loop
      vertex 17.1619 6.20721 6.50943
      vertex 17.1619 0 0
      vertex 17.1619 6.16705 6.94339
    endloop
  endfacet
  facet normal -1 -0 0
    outer loop
      vertex 17.1619 6.26836 6.07547
      vertex 17.1619 0 0
      vertex 17.1619 6.20721 6.50943
    endloop
  endfacet
  facet normal -1 -0 0
    outer loop
      vertex 17.1619 6.35034 5.64149
      vertex 17.1619 0 0
      vertex 17.1619 6.26836 6.07547
    endloop
  endfacet
  facet normal -1 -0 0
    outer loop
      vertex 17.1619 6.45288 5.20753
      vertex 17.1619 0 0
      vertex 17.1619 6.35034 5.64149
    endloop
  endfacet
  facet normal -1 -0 0
    outer loop
      vertex 17.1619 6.57568 4.77357
      vertex 17.1619 0 0
      vertex 17.1619 6.45288 5.20753
    endloop
  endfacet
  facet normal -1 -0 0
    outer loop
      vertex 17.1619 6.71834 4.33961
      vertex 17.1619 0 0
      vertex 17.1619 6.57568 4.77357
    endloop
  endfacet
  facet normal -1 -0 0
    outer loop
      vertex 17.1619 6.88037 3.90565
      vertex 17.1619 0 0
      vertex 17.1619 6.71834 4.33961
    endloop
  endfacet
  facet normal -1 -0 0
    outer loop
      vertex 17.1619 7.06122 3.47169
      vertex 17.1619 0 0
      vertex 17.1619 6.88037 3.90565
    endloop
  endfacet
  facet normal -1 -0 0
    outer loop
      vertex 17.1619 7.26027 3.03773
      vertex 17.1619 0 0
      vertex 17.1619 7.06122 3.47169
    endloop
  endfacet
  facet normal -1 -0 0
    outer loop
      vertex 17.1619 7.47681 2.60376
      vertex 17.1619 0 0
      vertex 17.1619 7.26027 3.03773
    endloop
  endfacet
  facet normal -1 -0 0
    outer loop
      vertex 17.1619 7.71007 2.1698
      vertex 17.1619 0 0
      vertex 17.1619 7.47681 2.60376
    endloop
  endfacet
  facet normal -1 -0 0
    outer loop
      vertex 17.1619 7.95921 1.73584
      vertex 17.1619 0 0
      vertex 17.1619 7.71007 2.1698
    endloop
  endfacet
  facet normal -1 -0 0
    outer loop
      vertex 17.1619 8.22336 1.30188
      vertex 17.1619 0 0
      vertex 17.1619 7.95921 1.73584
    endloop
  endfacet
  facet normal -1 -0 0
    outer loop
      vertex 17.1619 8.5015 0.86792
      vertex 17.1619 0 0
      vertex 17.1619 8.22336 1.30188
    endloop
  endfacet
  facet normal -1 -0 0
    outer loop
      vertex 17.1619 8.79265 0.43396
      vertex 17.1619 0 0
      vertex 17.1619 8.5015 0.86792
    endloop
  endfacet
  facet normal -1 0 0
    outer loop
      vertex 17.1619 0 0
      vertex 17.1619 8.79265 0.43396
      vertex 17.1619 9.09572 0
    endloop
  endfacet
  facet normal -1 0 0
    outer loop
      vertex 17.1619 18.764 32.1132
      vertex 17.1619 18.767 32.9811
      vertex 17.1619 18.7732 32.5472
    endloop
  endfacet
  facet normal -1 0 0
    outer loop
      vertex 17.1619 18.764 32.1132
      vertex 17.1619 18.7457 33.4151
      vertex 17.1619 18.767 32.9811
    endloop
  endfacet
  facet normal -1 0 0
    outer loop
      vertex 17.1619 18.7391 31.6792
      vertex 17.1619 18.7457 33.4151
      vertex 17.1619 18.764 32.1132
    endloop
  endfacet
  facet normal -1 0 0
    outer loop
      vertex 17.1619 18.7391 31.6792
      vertex 17.1619 18.7094 33.849
      vertex 17.1619 18.7457 33.4151
    endloop
  endfacet
  facet normal -1 0 0
    outer loop
      vertex 17.1619 18.6985 31.2453
      vertex 17.1619 18.7094 33.849
      vertex 17.1619 18.7391 31.6792
    endloop
  endfacet
  facet normal -1 0 0
    outer loop
      vertex 17.1619 18.6985 31.2453
      vertex 17.1619 18.6585 34.283
      vertex 17.1619 18.7094 33.849
    endloop
  endfacet
  facet normal -1 0 0
    outer loop
      vertex 17.1619 18.642 30.8113
      vertex 17.1619 18.6585 34.283
      vertex 17.1619 18.6985 31.2453
    endloop
  endfacet
  facet normal -1 0 0
    outer loop
      vertex 17.1619 18.642 30.8113
      vertex 17.1619 18.5935 34.717
      vertex 17.1619 18.6585 34.283
    endloop
  endfacet
  facet normal -1 0 0
    outer loop
      vertex 17.1619 18.5694 30.3773
      vertex 17.1619 18.5935 34.717
      vertex 17.1619 18.642 30.8113
    endloop
  endfacet
  facet normal -1 0 0
    outer loop
      vertex 17.1619 18.5694 30.3773
      vertex 17.1619 18.5146 35.1509
      vertex 17.1619 18.5935 34.717
    endloop
  endfacet
  facet normal -1 0 0
    outer loop
      vertex 17.1619 18.481 29.9434
      vertex 17.1619 18.5146 35.1509
      vertex 17.1619 18.5694 30.3773
    endloop
  endfacet
  facet normal -1 0 0
    outer loop
      vertex 17.1619 18.3765 29.5094
      vertex 17.1619 18.5146 35.1509
      vertex 17.1619 18.481 29.9434
    endloop
  endfacet
  facet normal -1 0 0
    outer loop
      vertex 17.1619 18.2562 29.0755
      vertex 17.1619 18.5146 35.1509
      vertex 17.1619 18.3765 29.5094
    endloop
  endfacet
  facet normal -1 -0 0
    outer loop
      vertex 17.1619 18.5146 35.1509
      vertex 17.1619 18.2562 29.0755
      vertex 17.1619 18.4223 35.5849
    endloop
  endfacet
  facet normal -1 0 0
    outer loop
      vertex 17.1619 18.1202 28.6415
      vertex 17.1619 18.4223 35.5849
      vertex 17.1619 18.2562 29.0755
    endloop
  endfacet
  facet normal -1 0 0
    outer loop
      vertex 17.1619 17.9686 28.2075
      vertex 17.1619 18.4223 35.5849
      vertex 17.1619 18.1202 28.6415
    endloop
  endfacet
  facet normal -1 -0 0
    outer loop
      vertex 17.1619 18.4223 35.5849
      vertex 17.1619 17.9686 28.2075
      vertex 17.1619 18.317 36.0189
    endloop
  endfacet
  facet normal -1 0 0
    outer loop
      vertex 17.1619 17.8018 27.7736
      vertex 17.1619 18.317 36.0189
      vertex 17.1619 17.9686 28.2075
    endloop
  endfacet
  facet normal -1 -0 0
    outer loop
      vertex 17.1619 18.317 36.0189
      vertex 17.1619 17.8018 27.7736
      vertex 17.1619 18.1993 36.4528
    endloop
  endfacet
  facet normal -1 0 0
    outer loop
      vertex 17.1619 17.6198 27.3396
      vertex 17.1619 18.1993 36.4528
      vertex 17.1619 17.8018 27.7736
    endloop
  endfacet
  facet normal -1 -0 0
    outer loop
      vertex 17.1619 18.1993 36.4528
      vertex 17.1619 17.6198 27.3396
      vertex 17.1619 18.0697 36.8868
    endloop
  endfacet
  facet normal -1 0 0
    outer loop
      vertex 17.1619 17.4233 26.9057
      vertex 17.1619 18.0697 36.8868
      vertex 17.1619 17.6198 27.3396
    endloop
  endfacet
  facet normal -1 -0 0
    outer loop
      vertex 17.1619 18.0697 36.8868
      vertex 17.1619 17.4233 26.9057
      vertex 17.1619 17.9286 37.3207
    endloop
  endfacet
  facet normal -1 0 0
    outer loop
      vertex 17.1619 17.2124 26.4717
      vertex 17.1619 17.9286 37.3207
      vertex 17.1619 17.4233 26.9057
    endloop
  endfacet
  facet normal -1 0 0
    outer loop
      vertex 17.1619 0 46
      vertex 17.1619 17.9286 37.3207
      vertex 17.1619 17.2124 26.4717
    endloop
  endfacet
  facet normal -1 0 0
    outer loop
      vertex 17.1619 17.9286 37.3207
      vertex 17.1619 0 46
      vertex 17.1619 17.7767 37.7547
    endloop
  endfacet
  facet normal -1 0 0
    outer loop
      vertex 17.1619 17.7767 37.7547
      vertex 17.1619 0 46
      vertex 17.1619 17.6145 38.1887
    endloop
  endfacet
  facet normal -1 0 0
    outer loop
      vertex 17.1619 17.6145 38.1887
      vertex 17.1619 0 46
      vertex 17.1619 17.4425 38.6226
    endloop
  endfacet
  facet normal -1 0 0
    outer loop
      vertex 17.1619 17.4425 38.6226
      vertex 17.1619 0 46
      vertex 17.1619 17.2614 39.0566
    endloop
  endfacet
  facet normal -1 0 0
    outer loop
      vertex 17.1619 0 46
      vertex 17.1619 17.2124 26.4717
      vertex 17.1619 16.9877 26.0377
    endloop
  endfacet
  facet normal -1 0 0
    outer loop
      vertex 17.1619 17.2614 39.0566
      vertex 17.1619 0 46
      vertex 17.1619 17.0719 39.4906
    endloop
  endfacet
  facet normal -1 0 0
    outer loop
      vertex 17.1619 0 46
      vertex 17.1619 16.9877 26.0377
      vertex 17.1619 16.7496 25.6038
    endloop
  endfacet
  facet normal -1 0 0
    outer loop
      vertex 17.1619 17.0719 39.4906
      vertex 17.1619 0 46
      vertex 17.1619 16.8744 39.9245
    endloop
  endfacet
  facet normal -1 0 0
    outer loop
      vertex 17.1619 0 46
      vertex 17.1619 16.7496 25.6038
      vertex 17.1619 16.4987 25.1698
    endloop
  endfacet
  facet normal -1 0 0
    outer loop
      vertex 17.1619 16.8744 39.9245
      vertex 17.1619 0 46
      vertex 17.1619 16.6698 40.3585
    endloop
  endfacet
  facet normal -1 0 0
    outer loop
      vertex 17.1619 16.6698 40.3585
      vertex 17.1619 0 46
      vertex 17.1619 16.4584 40.7924
    endloop
  endfacet
  facet normal -1 0 0
    outer loop
      vertex 17.1619 0 46
      vertex 17.1619 16.4987 25.1698
      vertex 17.1619 16.2357 24.7358
    endloop
  endfacet
  facet normal -1 0 0
    outer loop
      vertex 17.1619 16.4584 40.7924
      vertex 17.1619 0 46
      vertex 17.1619 16.2411 41.2264
    endloop
  endfacet
  facet normal -1 0 0
    outer loop
      vertex 17.1619 0 46
      vertex 17.1619 16.2357 24.7358
      vertex 17.1619 15.961 24.3019
    endloop
  endfacet
  facet normal -1 0 0
    outer loop
      vertex 17.1619 16.2411 41.2264
      vertex 17.1619 0 46
      vertex 17.1619 16.0185 41.6604
    endloop
  endfacet
  facet normal -1 0 0
    outer loop
      vertex 17.1619 0 46
      vertex 17.1619 15.961 24.3019
      vertex 17.1619 15.6756 23.8679
    endloop
  endfacet
  facet normal -1 0 0
    outer loop
      vertex 17.1619 16.0185 41.6604
      vertex 17.1619 0 46
      vertex 17.1619 15.7911 42.0943
    endloop
  endfacet
  facet normal -1 0 0
    outer loop
      vertex 17.1619 0 46
      vertex 17.1619 15.6756 23.8679
      vertex 17.1619 15.38 23.434
    endloop
  endfacet
  facet normal -1 0 0
    outer loop
      vertex 17.1619 15.7911 42.0943
      vertex 17.1619 0 46
      vertex 17.1619 15.5597 42.5283
    endloop
  endfacet
  facet normal -1 0 0
    outer loop
      vertex 17.1619 15.5597 42.5283
      vertex 17.1619 0 46
      vertex 17.1619 15.3248 42.9622
    endloop
  endfacet
  facet normal -1 0 0
    outer loop
      vertex 17.1619 0 46
      vertex 17.1619 15.38 23.434
      vertex 17.1619 15.075 23
    endloop
  endfacet
  facet normal -1 0 0
    outer loop
      vertex 17.1619 15.3248 42.9622
      vertex 17.1619 0 46
      vertex 17.1619 15.087 43.3962
    endloop
  endfacet
  facet normal -1 0 0
    outer loop
      vertex 17.1619 0 46
      vertex 17.1619 15.075 23
      vertex 17.1619 14.7616 22.566
    endloop
  endfacet
  facet normal -1 0 0
    outer loop
      vertex 17.1619 15.087 43.3962
      vertex 17.1619 0 46
      vertex 17.1619 14.847 43.8302
    endloop
  endfacet
  facet normal -1 0 0
    outer loop
      vertex 17.1619 0 46
      vertex 17.1619 14.7616 22.566
      vertex 17.1619 14.4405 22.1321
    endloop
  endfacet
  facet normal -1 0 0
    outer loop
      vertex 17.1619 14.847 43.8302
      vertex 17.1619 0 46
      vertex 17.1619 14.6053 44.2641
    endloop
  endfacet
  facet normal -1 0 0
    outer loop
      vertex 17.1619 14.6053 44.2641
      vertex 17.1619 0 46
      vertex 17.1619 14.3626 44.6981
    endloop
  endfacet
  facet normal -1 0 0
    outer loop
      vertex 17.1619 0 46
      vertex 17.1619 14.4405 22.1321
      vertex 17.1619 14.1126 21.6981
    endloop
  endfacet
  facet normal -1 0 0
    outer loop
      vertex 17.1619 14.3626 44.6981
      vertex 17.1619 0 46
      vertex 17.1619 14.1194 45.1321
    endloop
  endfacet
  facet normal -1 0 0
    outer loop
      vertex 17.1619 0 46
      vertex 17.1619 14.1126 21.6981
      vertex 17.1619 13.779 21.2641
    endloop
  endfacet
  facet normal -1 0 0
    outer loop
      vertex 17.1619 14.1194 45.1321
      vertex 17.1619 0 46
      vertex 17.1619 13.8763 45.566
    endloop
  endfacet
  facet normal -1 0 0
    outer loop
      vertex 17.1619 0 46
      vertex 17.1619 13.779 21.2641
      vertex 17.1619 13.4404 20.8302
    endloop
  endfacet
  facet normal -1 0 0
    outer loop
      vertex 17.1619 0 46
      vertex 17.1619 13.4404 20.8302
      vertex 17.1619 13.0981 20.3962
    endloop
  endfacet
  facet normal -1 0 0
    outer loop
      vertex 17.1619 0 46
      vertex 17.1619 13.0981 20.3962
      vertex 17.1619 12.7529 19.9622
    endloop
  endfacet
  facet normal -1 0 0
    outer loop
      vertex 17.1619 0 46
      vertex 17.1619 12.7529 19.9622
      vertex 17.1619 12.4059 19.5283
    endloop
  endfacet
  facet normal -1 0 0
    outer loop
      vertex 17.1619 0 46
      vertex 17.1619 12.4059 19.5283
      vertex 17.1619 12.0582 19.0943
    endloop
  endfacet
  facet normal -1 0 0
    outer loop
      vertex 17.1619 0 46
      vertex 17.1619 12.0582 19.0943
      vertex 17.1619 11.7109 18.6604
    endloop
  endfacet
  facet normal -1 0 0
    outer loop
      vertex 17.1619 0 46
      vertex 17.1619 11.7109 18.6604
      vertex 17.1619 11.365 18.2264
    endloop
  endfacet
  facet normal -1 0 0
    outer loop
      vertex 17.1619 0 46
      vertex 17.1619 11.365 18.2264
      vertex 17.1619 11.0217 17.7924
    endloop
  endfacet
  facet normal -1 0 0
    outer loop
      vertex 17.1619 0 46
      vertex 17.1619 11.0217 17.7924
      vertex 17.1619 10.682 17.3585
    endloop
  endfacet
  facet normal -1 0 0
    outer loop
      vertex 17.1619 0 46
      vertex 17.1619 10.682 17.3585
      vertex 17.1619 10.347 16.9245
    endloop
  endfacet
  facet normal -1 0 0
    outer loop
      vertex 17.1619 0 46
      vertex 17.1619 10.347 16.9245
      vertex 17.1619 10.0179 16.4906
    endloop
  endfacet
  facet normal -1 0 0
    outer loop
      vertex 17.1619 0 46
      vertex 17.1619 10.0179 16.4906
      vertex 17.1619 9.69582 16.0566
    endloop
  endfacet
  facet normal -1 0 0
    outer loop
      vertex 17.1619 0 46
      vertex 17.1619 9.69582 16.0566
      vertex 17.1619 9.3817 15.6226
    endloop
  endfacet
  facet normal -1 0 0
    outer loop
      vertex 17.1619 0 46
      vertex 17.1619 9.3817 15.6226
      vertex 17.1619 9.07666 15.1887
    endloop
  endfacet
  facet normal -1 0 0
    outer loop
      vertex 17.1619 0 46
      vertex 17.1619 9.07666 15.1887
      vertex 17.1619 8.78177 14.7547
    endloop
  endfacet
  facet normal -1 0 0
    outer loop
      vertex 17.1619 0 46
      vertex 17.1619 8.78177 14.7547
      vertex 17.1619 8.49802 14.3207
    endloop
  endfacet
  facet normal -1 0 0
    outer loop
      vertex 17.1619 0 46
      vertex 17.1619 8.49802 14.3207
      vertex 17.1619 8.22638 13.8868
    endloop
  endfacet
  facet normal -1 0 0
    outer loop
      vertex 17.1619 0 46
      vertex 17.1619 8.22638 13.8868
      vertex 17.1619 7.96785 13.4528
    endloop
  endfacet
  facet normal -1 0 0
    outer loop
      vertex 17.1619 0 46
      vertex 17.1619 7.96785 13.4528
      vertex 17.1619 7.72333 13.0189
    endloop
  endfacet
  facet normal -1 0 0
    outer loop
      vertex 17.1619 0 46
      vertex 17.1619 7.72333 13.0189
      vertex 17.1619 7.49368 12.5849
    endloop
  endfacet
  facet normal -1 0 0
    outer loop
      vertex 17.1619 0 46
      vertex 17.1619 7.49368 12.5849
      vertex 17.1619 7.27977 12.1509
    endloop
  endfacet
  facet normal -1 0 0
    outer loop
      vertex 17.1619 0 46
      vertex 17.1619 7.27977 12.1509
      vertex 17.1619 7.08235 11.717
    endloop
  endfacet
  facet normal -1 0 0
    outer loop
      vertex 17.1619 0 46
      vertex 17.1619 7.08235 11.717
      vertex 17.1619 6.90218 11.283
    endloop
  endfacet
  facet normal -1 0 0
    outer loop
      vertex 17.1619 0 46
      vertex 17.1619 6.90218 11.283
      vertex 17.1619 6.73993 10.849
    endloop
  endfacet
  facet normal -1 0 0
    outer loop
      vertex 17.1619 0 0
      vertex 17.1619 6.73993 10.849
      vertex 17.1619 6.59622 10.4151
    endloop
  endfacet
  facet normal -1 0 0
    outer loop
      vertex 17.1619 0 0
      vertex 17.1619 6.59622 10.4151
      vertex 17.1619 6.4716 9.98112
    endloop
  endfacet
  facet normal -1 0 0
    outer loop
      vertex 17.1619 0 0
      vertex 17.1619 6.4716 9.98112
      vertex 17.1619 6.36659 9.54716
    endloop
  endfacet
  facet normal -1 0 0
    outer loop
      vertex 17.1619 0 0
      vertex 17.1619 6.15001 7.81131
      vertex 17.1619 6.14798 7.37735
    endloop
  endfacet
  facet normal -1 0 0
    outer loop
      vertex 17.1619 0 0
      vertex 17.1619 6.17305 8.24527
      vertex 17.1619 6.15001 7.81131
    endloop
  endfacet
  facet normal -1 0 0
    outer loop
      vertex 17.1619 0 0
      vertex 17.1619 6.217 8.67924
      vertex 17.1619 6.17305 8.24527
    endloop
  endfacet
  facet normal -1 0 0
    outer loop
      vertex 17.1619 0 0
      vertex 17.1619 6.2816 9.1132
      vertex 17.1619 6.217 8.67924
    endloop
  endfacet
  facet normal -1 0 0
    outer loop
      vertex 17.1619 0 0
      vertex 17.1619 6.36659 9.54716
      vertex 17.1619 6.2816 9.1132
    endloop
  endfacet
  facet normal -1 -0 0
    outer loop
      vertex 17.1619 6.73993 10.849
      vertex 17.1619 0 0
      vertex 17.1619 0 46
    endloop
  endfacet
  facet normal -1 0 0
    outer loop
      vertex 17.1619 13.8763 45.566
      vertex 17.1619 0 46
      vertex 17.1619 13.6338 46
    endloop
  endfacet
  facet normal 1 0 0
    outer loop
      vertex 23.3143 18.767 32.9811
      vertex 23.3143 18.764 32.1132
      vertex 23.3143 18.7732 32.5472
    endloop
  endfacet
  facet normal 1 0 0
    outer loop
      vertex 23.3143 18.7457 33.4151
      vertex 23.3143 18.764 32.1132
      vertex 23.3143 18.767 32.9811
    endloop
  endfacet
  facet normal 1 0 0
    outer loop
      vertex 23.3143 18.7457 33.4151
      vertex 23.3143 18.7391 31.6792
      vertex 23.3143 18.764 32.1132
    endloop
  endfacet
  facet normal 1 0 0
    outer loop
      vertex 23.3143 18.7094 33.849
      vertex 23.3143 18.7391 31.6792
      vertex 23.3143 18.7457 33.4151
    endloop
  endfacet
  facet normal 1 0 0
    outer loop
      vertex 23.3143 18.7094 33.849
      vertex 23.3143 18.6985 31.2453
      vertex 23.3143 18.7391 31.6792
    endloop
  endfacet
  facet normal 1 0 0
    outer loop
      vertex 23.3143 18.6585 34.283
      vertex 23.3143 18.6985 31.2453
      vertex 23.3143 18.7094 33.849
    endloop
  endfacet
  facet normal 1 0 0
    outer loop
      vertex 23.3143 18.6585 34.283
      vertex 23.3143 18.642 30.8113
      vertex 23.3143 18.6985 31.2453
    endloop
  endfacet
  facet normal 1 0 0
    outer loop
      vertex 23.3143 18.5935 34.717
      vertex 23.3143 18.642 30.8113
      vertex 23.3143 18.6585 34.283
    endloop
  endfacet
  facet normal 1 0 0
    outer loop
      vertex 23.3143 18.5935 34.717
      vertex 23.3143 18.5694 30.3773
      vertex 23.3143 18.642 30.8113
    endloop
  endfacet
  facet normal 1 0 0
    outer loop
      vertex 23.3143 18.5146 35.1509
      vertex 23.3143 18.5694 30.3773
      vertex 23.3143 18.5935 34.717
    endloop
  endfacet
  facet normal 1 0 0
    outer loop
      vertex 23.3143 18.5146 35.1509
      vertex 23.3143 18.481 29.9434
      vertex 23.3143 18.5694 30.3773
    endloop
  endfacet
  facet normal 1 0 0
    outer loop
      vertex 23.3143 18.2562 29.0755
      vertex 23.3143 18.5146 35.1509
      vertex 23.3143 18.4223 35.5849
    endloop
  endfacet
  facet normal 1 0 0
    outer loop
      vertex 23.3143 18.5146 35.1509
      vertex 23.3143 18.3765 29.5094
      vertex 23.3143 18.481 29.9434
    endloop
  endfacet
  facet normal 1 0 0
    outer loop
      vertex 23.3143 17.9686 28.2075
      vertex 23.3143 18.4223 35.5849
      vertex 23.3143 18.317 36.0189
    endloop
  endfacet
  facet normal 1 0 0
    outer loop
      vertex 23.3143 18.5146 35.1509
      vertex 23.3143 18.2562 29.0755
      vertex 23.3143 18.3765 29.5094
    endloop
  endfacet
  facet normal 1 0 0
    outer loop
      vertex 23.3143 17.8018 27.7736
      vertex 23.3143 18.317 36.0189
      vertex 23.3143 18.1993 36.4528
    endloop
  endfacet
  facet normal 1 0 0
    outer loop
      vertex 23.3143 18.4223 35.5849
      vertex 23.3143 18.1202 28.6415
      vertex 23.3143 18.2562 29.0755
    endloop
  endfacet
  facet normal 1 0 0
    outer loop
      vertex 23.3143 17.6198 27.3396
      vertex 23.3143 18.1993 36.4528
      vertex 23.3143 18.0697 36.8868
    endloop
  endfacet
  facet normal 1 0 0
    outer loop
      vertex 23.3143 18.4223 35.5849
      vertex 23.3143 17.9686 28.2075
      vertex 23.3143 18.1202 28.6415
    endloop
  endfacet
  facet normal 1 0 0
    outer loop
      vertex 23.3143 17.4233 26.9057
      vertex 23.3143 18.0697 36.8868
      vertex 23.3143 17.9286 37.3207
    endloop
  endfacet
  facet normal 1 0 0
    outer loop
      vertex 23.3143 18.317 36.0189
      vertex 23.3143 17.8018 27.7736
      vertex 23.3143 17.9686 28.2075
    endloop
  endfacet
  facet normal 1 0 0
    outer loop
      vertex 23.3143 0 46
      vertex 23.3143 17.9286 37.3207
      vertex 23.3143 17.7767 37.7547
    endloop
  endfacet
  facet normal 1 0 0
    outer loop
      vertex 23.3143 18.1993 36.4528
      vertex 23.3143 17.6198 27.3396
      vertex 23.3143 17.8018 27.7736
    endloop
  endfacet
  facet normal 1 0 0
    outer loop
      vertex 23.3143 0 46
      vertex 23.3143 17.7767 37.7547
      vertex 23.3143 17.6145 38.1887
    endloop
  endfacet
  facet normal 1 0 0
    outer loop
      vertex 23.3143 0 46
      vertex 23.3143 17.6145 38.1887
      vertex 23.3143 17.4425 38.6226
    endloop
  endfacet
  facet normal 1 0 0
    outer loop
      vertex 23.3143 18.0697 36.8868
      vertex 23.3143 17.4233 26.9057
      vertex 23.3143 17.6198 27.3396
    endloop
  endfacet
  facet normal 1 0 0
    outer loop
      vertex 23.3143 0 46
      vertex 23.3143 17.4425 38.6226
      vertex 23.3143 17.2614 39.0566
    endloop
  endfacet
  facet normal 1 0 0
    outer loop
      vertex 23.3143 17.9286 37.3207
      vertex 23.3143 17.2124 26.4717
      vertex 23.3143 17.4233 26.9057
    endloop
  endfacet
  facet normal 1 0 0
    outer loop
      vertex 23.3143 0 46
      vertex 23.3143 17.2614 39.0566
      vertex 23.3143 17.0719 39.4906
    endloop
  endfacet
  facet normal 1 0 0
    outer loop
      vertex 23.3143 17.9286 37.3207
      vertex 23.3143 0 46
      vertex 23.3143 17.2124 26.4717
    endloop
  endfacet
  facet normal 1 0 0
    outer loop
      vertex 23.3143 0 46
      vertex 23.3143 17.0719 39.4906
      vertex 23.3143 16.8744 39.9245
    endloop
  endfacet
  facet normal 1 0 0
    outer loop
      vertex 23.3143 17.2124 26.4717
      vertex 23.3143 0 46
      vertex 23.3143 16.9877 26.0377
    endloop
  endfacet
  facet normal 1 0 0
    outer loop
      vertex 23.3143 0 46
      vertex 23.3143 16.8744 39.9245
      vertex 23.3143 16.6698 40.3585
    endloop
  endfacet
  facet normal 1 0 0
    outer loop
      vertex 23.3143 16.9877 26.0377
      vertex 23.3143 0 46
      vertex 23.3143 16.7496 25.6038
    endloop
  endfacet
  facet normal 1 0 0
    outer loop
      vertex 23.3143 0 46
      vertex 23.3143 16.6698 40.3585
      vertex 23.3143 16.4584 40.7924
    endloop
  endfacet
  facet normal 1 0 0
    outer loop
      vertex 23.3143 0 46
      vertex 23.3143 16.4584 40.7924
      vertex 23.3143 16.2411 41.2264
    endloop
  endfacet
  facet normal 1 0 0
    outer loop
      vertex 23.3143 16.7496 25.6038
      vertex 23.3143 0 46
      vertex 23.3143 16.4987 25.1698
    endloop
  endfacet
  facet normal 1 0 0
    outer loop
      vertex 23.3143 0 46
      vertex 23.3143 16.2411 41.2264
      vertex 23.3143 16.0185 41.6604
    endloop
  endfacet
  facet normal 1 0 0
    outer loop
      vertex 23.3143 16.4987 25.1698
      vertex 23.3143 0 46
      vertex 23.3143 16.2357 24.7358
    endloop
  endfacet
  facet normal 1 0 0
    outer loop
      vertex 23.3143 0 46
      vertex 23.3143 16.0185 41.6604
      vertex 23.3143 15.7911 42.0943
    endloop
  endfacet
  facet normal 1 0 0
    outer loop
      vertex 23.3143 16.2357 24.7358
      vertex 23.3143 0 46
      vertex 23.3143 15.961 24.3019
    endloop
  endfacet
  facet normal 1 0 0
    outer loop
      vertex 23.3143 0 46
      vertex 23.3143 15.7911 42.0943
      vertex 23.3143 15.5597 42.5283
    endloop
  endfacet
  facet normal 1 0 0
    outer loop
      vertex 23.3143 15.961 24.3019
      vertex 23.3143 0 46
      vertex 23.3143 15.6756 23.8679
    endloop
  endfacet
  facet normal 1 0 0
    outer loop
      vertex 23.3143 0 46
      vertex 23.3143 15.5597 42.5283
      vertex 23.3143 15.3248 42.9622
    endloop
  endfacet
  facet normal 1 0 0
    outer loop
      vertex 23.3143 0 46
      vertex 23.3143 15.3248 42.9622
      vertex 23.3143 15.087 43.3962
    endloop
  endfacet
  facet normal 1 0 0
    outer loop
      vertex 23.3143 15.6756 23.8679
      vertex 23.3143 0 46
      vertex 23.3143 15.38 23.434
    endloop
  endfacet
  facet normal 1 0 0
    outer loop
      vertex 23.3143 0 46
      vertex 23.3143 15.087 43.3962
      vertex 23.3143 14.847 43.8302
    endloop
  endfacet
  facet normal 1 0 0
    outer loop
      vertex 23.3143 15.38 23.434
      vertex 23.3143 0 46
      vertex 23.3143 15.075 23
    endloop
  endfacet
  facet normal 1 0 0
    outer loop
      vertex 23.3143 0 46
      vertex 23.3143 14.847 43.8302
      vertex 23.3143 14.6053 44.2641
    endloop
  endfacet
  facet normal 1 0 0
    outer loop
      vertex 23.3143 15.075 23
      vertex 23.3143 0 46
      vertex 23.3143 14.7616 22.566
    endloop
  endfacet
  facet normal 1 0 0
    outer loop
      vertex 23.3143 0 46
      vertex 23.3143 14.6053 44.2641
      vertex 23.3143 14.3626 44.6981
    endloop
  endfacet
  facet normal 1 0 0
    outer loop
      vertex 23.3143 0 46
      vertex 23.3143 14.3626 44.6981
      vertex 23.3143 14.1194 45.1321
    endloop
  endfacet
  facet normal 1 0 0
    outer loop
      vertex 23.3143 14.7616 22.566
      vertex 23.3143 0 46
      vertex 23.3143 14.4405 22.1321
    endloop
  endfacet
  facet normal 1 0 0
    outer loop
      vertex 23.3143 0 46
      vertex 23.3143 14.1194 45.1321
      vertex 23.3143 13.8763 45.566
    endloop
  endfacet
  facet normal 1 0 0
    outer loop
      vertex 23.3143 14.4405 22.1321
      vertex 23.3143 0 46
      vertex 23.3143 14.1126 21.6981
    endloop
  endfacet
  facet normal 1 -0 0
    outer loop
      vertex 23.3143 0 46
      vertex 23.3143 13.8763 45.566
      vertex 23.3143 13.6338 46
    endloop
  endfacet
  facet normal 1 0 0
    outer loop
      vertex 23.3143 14.1126 21.6981
      vertex 23.3143 0 46
      vertex 23.3143 13.779 21.2641
    endloop
  endfacet
  facet normal 1 0 0
    outer loop
      vertex 23.3143 13.779 21.2641
      vertex 23.3143 0 46
      vertex 23.3143 13.4404 20.8302
    endloop
  endfacet
  facet normal 1 0 0
    outer loop
      vertex 23.3143 13.4404 20.8302
      vertex 23.3143 0 46
      vertex 23.3143 13.0981 20.3962
    endloop
  endfacet
  facet normal 1 0 0
    outer loop
      vertex 23.3143 13.0981 20.3962
      vertex 23.3143 0 46
      vertex 23.3143 12.7529 19.9622
    endloop
  endfacet
  facet normal 1 0 0
    outer loop
      vertex 23.3143 12.7529 19.9622
      vertex 23.3143 0 46
      vertex 23.3143 12.4059 19.5283
    endloop
  endfacet
  facet normal 1 0 0
    outer loop
      vertex 23.3143 12.4059 19.5283
      vertex 23.3143 0 46
      vertex 23.3143 12.0582 19.0943
    endloop
  endfacet
  facet normal 1 0 0
    outer loop
      vertex 23.3143 12.0582 19.0943
      vertex 23.3143 0 46
      vertex 23.3143 11.7109 18.6604
    endloop
  endfacet
  facet normal 1 0 0
    outer loop
      vertex 23.3143 11.7109 18.6604
      vertex 23.3143 0 46
      vertex 23.3143 11.365 18.2264
    endloop
  endfacet
  facet normal 1 0 0
    outer loop
      vertex 23.3143 11.365 18.2264
      vertex 23.3143 0 46
      vertex 23.3143 11.0217 17.7924
    endloop
  endfacet
  facet normal 1 0 0
    outer loop
      vertex 23.3143 11.0217 17.7924
      vertex 23.3143 0 46
      vertex 23.3143 10.682 17.3585
    endloop
  endfacet
  facet normal 1 0 0
    outer loop
      vertex 23.3143 10.682 17.3585
      vertex 23.3143 0 46
      vertex 23.3143 10.347 16.9245
    endloop
  endfacet
  facet normal 1 0 0
    outer loop
      vertex 23.3143 10.347 16.9245
      vertex 23.3143 0 46
      vertex 23.3143 10.0179 16.4906
    endloop
  endfacet
  facet normal 1 0 0
    outer loop
      vertex 23.3143 10.0179 16.4906
      vertex 23.3143 0 46
      vertex 23.3143 9.69582 16.0566
    endloop
  endfacet
  facet normal 1 0 0
    outer loop
      vertex 23.3143 9.69582 16.0566
      vertex 23.3143 0 46
      vertex 23.3143 9.3817 15.6226
    endloop
  endfacet
  facet normal 1 0 0
    outer loop
      vertex 23.3143 9.3817 15.6226
      vertex 23.3143 0 46
      vertex 23.3143 9.07666 15.1887
    endloop
  endfacet
  facet normal 1 0 0
    outer loop
      vertex 23.3143 9.07666 15.1887
      vertex 23.3143 0 46
      vertex 23.3143 8.78177 14.7547
    endloop
  endfacet
  facet normal 1 0 0
    outer loop
      vertex 23.3143 8.78177 14.7547
      vertex 23.3143 0 46
      vertex 23.3143 8.49802 14.3207
    endloop
  endfacet
  facet normal 1 0 0
    outer loop
      vertex 23.3143 8.49802 14.3207
      vertex 23.3143 0 46
      vertex 23.3143 8.22638 13.8868
    endloop
  endfacet
  facet normal 1 0 0
    outer loop
      vertex 23.3143 8.22638 13.8868
      vertex 23.3143 0 46
      vertex 23.3143 7.96785 13.4528
    endloop
  endfacet
  facet normal 1 0 0
    outer loop
      vertex 23.3143 7.96785 13.4528
      vertex 23.3143 0 46
      vertex 23.3143 7.72333 13.0189
    endloop
  endfacet
  facet normal 1 0 0
    outer loop
      vertex 23.3143 7.72333 13.0189
      vertex 23.3143 0 46
      vertex 23.3143 7.49368 12.5849
    endloop
  endfacet
  facet normal 1 0 0
    outer loop
      vertex 23.3143 7.49368 12.5849
      vertex 23.3143 0 46
      vertex 23.3143 7.27977 12.1509
    endloop
  endfacet
  facet normal 1 0 0
    outer loop
      vertex 23.3143 7.27977 12.1509
      vertex 23.3143 0 46
      vertex 23.3143 7.08235 11.717
    endloop
  endfacet
  facet normal 1 0 0
    outer loop
      vertex 23.3143 7.08235 11.717
      vertex 23.3143 0 46
      vertex 23.3143 6.90218 11.283
    endloop
  endfacet
  facet normal 1 0 0
    outer loop
      vertex 23.3143 6.90218 11.283
      vertex 23.3143 0 46
      vertex 23.3143 6.73993 10.849
    endloop
  endfacet
  facet normal 1 0 0
    outer loop
      vertex 23.3143 0 0
      vertex 23.3143 6.73993 10.849
      vertex 23.3143 0 46
    endloop
  endfacet
  facet normal 1 0 0
    outer loop
      vertex 23.3143 6.73993 10.849
      vertex 23.3143 0 0
      vertex 23.3143 6.59622 10.4151
    endloop
  endfacet
  facet normal 1 0 0
    outer loop
      vertex 23.3143 6.17305 8.24527
      vertex 23.3143 0 0
      vertex 23.3143 6.15001 7.81131
    endloop
  endfacet
  facet normal 1 0 0
    outer loop
      vertex 23.3143 6.217 8.67924
      vertex 23.3143 0 0
      vertex 23.3143 6.17305 8.24527
    endloop
  endfacet
  facet normal 1 0 0
    outer loop
      vertex 23.3143 6.2816 9.1132
      vertex 23.3143 0 0
      vertex 23.3143 6.217 8.67924
    endloop
  endfacet
  facet normal 1 0 0
    outer loop
      vertex 23.3143 6.36659 9.54716
      vertex 23.3143 0 0
      vertex 23.3143 6.2816 9.1132
    endloop
  endfacet
  facet normal 1 0 0
    outer loop
      vertex 23.3143 6.4716 9.98112
      vertex 23.3143 0 0
      vertex 23.3143 6.36659 9.54716
    endloop
  endfacet
  facet normal 1 0 0
    outer loop
      vertex 23.3143 6.59622 10.4151
      vertex 23.3143 0 0
      vertex 23.3143 6.4716 9.98112
    endloop
  endfacet
  facet normal 1 0 0
    outer loop
      vertex 23.3143 6.15001 7.81131
      vertex 23.3143 0 0
      vertex 23.3143 6.14798 7.37735
    endloop
  endfacet
  facet normal 1 0 0
    outer loop
      vertex 23.3143 6.14798 7.37735
      vertex 23.3143 0 0
      vertex 23.3143 6.16705 6.94339
    endloop
  endfacet
  facet normal 1 0 0
    outer loop
      vertex 23.3143 6.16705 6.94339
      vertex 23.3143 0 0
      vertex 23.3143 6.20721 6.50943
    endloop
  endfacet
  facet normal 1 0 0
    outer loop
      vertex 23.3143 8.79265 0.43396
      vertex 23.3143 0 0
      vertex 23.3143 9.09572 0
    endloop
  endfacet
  facet normal 1 0 0
    outer loop
      vertex 23.3143 8.5015 0.86792
      vertex 23.3143 0 0
      vertex 23.3143 8.79265 0.43396
    endloop
  endfacet
  facet normal 1 0 0
    outer loop
      vertex 23.3143 8.22336 1.30188
      vertex 23.3143 0 0
      vertex 23.3143 8.5015 0.86792
    endloop
  endfacet
  facet normal 1 0 0
    outer loop
      vertex 23.3143 7.95921 1.73584
      vertex 23.3143 0 0
      vertex 23.3143 8.22336 1.30188
    endloop
  endfacet
  facet normal 1 0 0
    outer loop
      vertex 23.3143 7.71007 2.1698
      vertex 23.3143 0 0
      vertex 23.3143 7.95921 1.73584
    endloop
  endfacet
  facet normal 1 0 0
    outer loop
      vertex 23.3143 7.47681 2.60376
      vertex 23.3143 0 0
      vertex 23.3143 7.71007 2.1698
    endloop
  endfacet
  facet normal 1 0 0
    outer loop
      vertex 23.3143 7.26027 3.03773
      vertex 23.3143 0 0
      vertex 23.3143 7.47681 2.60376
    endloop
  endfacet
  facet normal 1 0 0
    outer loop
      vertex 23.3143 7.06122 3.47169
      vertex 23.3143 0 0
      vertex 23.3143 7.26027 3.03773
    endloop
  endfacet
  facet normal 1 0 0
    outer loop
      vertex 23.3143 6.88037 3.90565
      vertex 23.3143 0 0
      vertex 23.3143 7.06122 3.47169
    endloop
  endfacet
  facet normal 1 0 0
    outer loop
      vertex 23.3143 6.71834 4.33961
      vertex 23.3143 0 0
      vertex 23.3143 6.88037 3.90565
    endloop
  endfacet
  facet normal 1 0 0
    outer loop
      vertex 23.3143 6.57568 4.77357
      vertex 23.3143 0 0
      vertex 23.3143 6.71834 4.33961
    endloop
  endfacet
  facet normal 1 0 0
    outer loop
      vertex 23.3143 6.45288 5.20753
      vertex 23.3143 0 0
      vertex 23.3143 6.57568 4.77357
    endloop
  endfacet
  facet normal 1 0 0
    outer loop
      vertex 23.3143 6.35034 5.64149
      vertex 23.3143 0 0
      vertex 23.3143 6.45288 5.20753
    endloop
  endfacet
  facet normal 1 0 0
    outer loop
      vertex 23.3143 6.26836 6.07547
      vertex 23.3143 0 0
      vertex 23.3143 6.35034 5.64149
    endloop
  endfacet
  facet normal 1 0 0
    outer loop
      vertex 23.3143 6.20721 6.50943
      vertex 23.3143 0 0
      vertex 23.3143 6.26836 6.07547
    endloop
  endfacet
  facet normal 0 0.830419 0.55714
    outer loop
      vertex 23.3143 8.79265 0.43396
      vertex 17.1619 8.5015 0.86792
      vertex 23.3143 8.5015 0.86792
    endloop
  endfacet
  facet normal 0 0.830419 0.55714
    outer loop
      vertex 17.1619 8.5015 0.86792
      vertex 23.3143 8.79265 0.43396
      vertex 17.1619 8.79265 0.43396
    endloop
  endfacet
  facet normal 0 0.841914 0.539612
    outer loop
      vertex 23.3143 8.5015 0.86792
      vertex 17.1619 8.22336 1.30188
      vertex 23.3143 8.22336 1.30188
    endloop
  endfacet
  facet normal 0 0.841914 0.539612
    outer loop
      vertex 17.1619 8.22336 1.30188
      vertex 23.3143 8.5015 0.86792
      vertex 17.1619 8.5015 0.86792
    endloop
  endfacet
  facet normal 0 0.854198 0.519948
    outer loop
      vertex 23.3143 8.22336 1.30188
      vertex 17.1619 7.95921 1.73584
      vertex 23.3143 7.95921 1.73584
    endloop
  endfacet
  facet normal 0 0.854198 0.519948
    outer loop
      vertex 17.1619 7.95921 1.73584
      vertex 23.3143 8.22336 1.30188
      vertex 17.1619 8.22336 1.30188
    endloop
  endfacet
  facet normal 0 0.86724 0.49789
    outer loop
      vertex 23.3143 7.95921 1.73584
      vertex 17.1619 7.71007 2.1698
      vertex 23.3143 7.71007 2.1698
    endloop
  endfacet
  facet normal 0 0.86724 0.49789
    outer loop
      vertex 17.1619 7.71007 2.1698
      vertex 23.3143 7.95921 1.73584
      vertex 17.1619 7.95921 1.73584
    endloop
  endfacet
  facet normal 0 0.880819 0.473453
    outer loop
      vertex 23.3143 7.71007 2.1698
      vertex 17.1619 7.47681 2.60376
      vertex 23.3143 7.47681 2.60376
    endloop
  endfacet
  facet normal 0 0.880819 0.473453
    outer loop
      vertex 17.1619 7.47681 2.60376
      vertex 23.3143 7.71007 2.1698
      vertex 17.1619 7.71007 2.1698
    endloop
  endfacet
  facet normal 0 0.894794 0.446479
    outer loop
      vertex 23.3143 7.47681 2.60376
      vertex 17.1619 7.26027 3.03773
      vertex 23.3143 7.26027 3.03773
    endloop
  endfacet
  facet normal 0 0.894794 0.446479
    outer loop
      vertex 17.1619 7.26027 3.03773
      vertex 23.3143 7.47681 2.60376
      vertex 17.1619 7.47681 2.60376
    endloop
  endfacet
  facet normal 0 0.908944 0.416917
    outer loop
      vertex 23.3143 7.26027 3.03773
      vertex 17.1619 7.06122 3.47169
      vertex 23.3143 7.06122 3.47169
    endloop
  endfacet
  facet normal 0 0.908944 0.416917
    outer loop
      vertex 17.1619 7.06122 3.47169
      vertex 23.3143 7.26027 3.03773
      vertex 17.1619 7.26027 3.03773
    endloop
  endfacet
  facet normal 0 0.923052 0.384676
    outer loop
      vertex 23.3143 7.06122 3.47169
      vertex 17.1619 6.88037 3.90565
      vertex 23.3143 6.88037 3.90565
    endloop
  endfacet
  facet normal 0 0.923052 0.384676
    outer loop
      vertex 17.1619 6.88037 3.90565
      vertex 23.3143 7.06122 3.47169
      vertex 17.1619 7.06122 3.47169
    endloop
  endfacet
  facet normal 0 0.936829 0.349789
    outer loop
      vertex 23.3143 6.88037 3.90565
      vertex 17.1619 6.71834 4.33961
      vertex 23.3143 6.71834 4.33961
    endloop
  endfacet
  facet normal 0 0.936829 0.349789
    outer loop
      vertex 17.1619 6.71834 4.33961
      vertex 23.3143 6.88037 3.90565
      vertex 17.1619 6.88037 3.90565
    endloop
  endfacet
  facet normal 0 0.949984 0.312298
    outer loop
      vertex 23.3143 6.71834 4.33961
      vertex 17.1619 6.57568 4.77357
      vertex 23.3143 6.57568 4.77357
    endloop
  endfacet
  facet normal 0 0.949984 0.312298
    outer loop
      vertex 17.1619 6.57568 4.77357
      vertex 23.3143 6.71834 4.33961
      vertex 17.1619 6.71834 4.33961
    endloop
  endfacet
  facet normal 0 0.962217 0.272284
    outer loop
      vertex 23.3143 6.57568 4.77357
      vertex 17.1619 6.45288 5.20753
      vertex 23.3143 6.45288 5.20753
    endloop
  endfacet
  facet normal 0 0.962217 0.272284
    outer loop
      vertex 17.1619 6.45288 5.20753
      vertex 23.3143 6.57568 4.77357
      vertex 17.1619 6.57568 4.77357
    endloop
  endfacet
  facet normal 0 0.973201 0.229957
    outer loop
      vertex 23.3143 6.45288 5.20753
      vertex 17.1619 6.35034 5.64149
      vertex 23.3143 6.35034 5.64149
    endloop
  endfacet
  facet normal 0 0.973201 0.229957
    outer loop
      vertex 17.1619 6.35034 5.64149
      vertex 23.3143 6.45288 5.20753
      vertex 17.1619 6.45288 5.20753
    endloop
  endfacet
  facet normal 0 0.982622 0.18562
    outer loop
      vertex 23.3143 6.35034 5.64149
      vertex 17.1619 6.26836 6.07547
      vertex 23.3143 6.26836 6.07547
    endloop
  endfacet
  facet normal 0 0.982622 0.18562
    outer loop
      vertex 17.1619 6.26836 6.07547
      vertex 23.3143 6.35034 5.64149
      vertex 17.1619 6.35034 5.64149
    endloop
  endfacet
  facet normal 0 0.990217 0.139533
    outer loop
      vertex 23.3143 6.26836 6.07547
      vertex 17.1619 6.20721 6.50943
      vertex 23.3143 6.20721 6.50943
    endloop
  endfacet
  facet normal 0 0.990217 0.139533
    outer loop
      vertex 17.1619 6.20721 6.50943
      vertex 23.3143 6.26836 6.07547
      vertex 17.1619 6.26836 6.07547
    endloop
  endfacet
  facet normal 0 0.995745 0.0921493
    outer loop
      vertex 23.3143 6.20721 6.50943
      vertex 17.1619 6.16705 6.94339
      vertex 23.3143 6.16705 6.94339
    endloop
  endfacet
  facet normal 0 0.995745 0.0921493
    outer loop
      vertex 17.1619 6.16705 6.94339
      vertex 23.3143 6.20721 6.50943
      vertex 17.1619 6.20721 6.50943
    endloop
  endfacet
  facet normal 0 0.999036 0.0439018
    outer loop
      vertex 23.3143 6.16705 6.94339
      vertex 17.1619 6.14798 7.37735
      vertex 23.3143 6.14798 7.37735
    endloop
  endfacet
  facet normal 0 0.999036 0.0439018
    outer loop
      vertex 17.1619 6.14798 7.37735
      vertex 23.3143 6.16705 6.94339
      vertex 17.1619 6.16705 6.94339
    endloop
  endfacet
  facet normal 0 0.999989 -0.0046778
    outer loop
      vertex 23.3143 6.14798 7.37735
      vertex 17.1619 6.15001 7.81131
      vertex 23.3143 6.15001 7.81131
    endloop
  endfacet
  facet normal 0 0.999989 -0.0046778
    outer loop
      vertex 17.1619 6.15001 7.81131
      vertex 23.3143 6.14798 7.37735
      vertex 17.1619 6.14798 7.37735
    endloop
  endfacet
  facet normal 0 0.998594 -0.0530178
    outer loop
      vertex 23.3143 6.15001 7.81131
      vertex 17.1619 6.17305 8.24527
      vertex 23.3143 6.17305 8.24527
    endloop
  endfacet
  facet normal 0 0.998594 -0.0530178
    outer loop
      vertex 17.1619 6.17305 8.24527
      vertex 23.3143 6.15001 7.81131
      vertex 17.1619 6.15001 7.81131
    endloop
  endfacet
  facet normal 0 0.994911 -0.100759
    outer loop
      vertex 23.3143 6.17305 8.24527
      vertex 17.1619 6.217 8.67924
      vertex 23.3143 6.217 8.67924
    endloop
  endfacet
  facet normal 0 0.994911 -0.100759
    outer loop
      vertex 17.1619 6.217 8.67924
      vertex 23.3143 6.17305 8.24527
      vertex 17.1619 6.17305 8.24527
    endloop
  endfacet
  facet normal 0 0.989101 -0.147239
    outer loop
      vertex 23.3143 6.217 8.67924
      vertex 17.1619 6.2816 9.1132
      vertex 23.3143 6.2816 9.1132
    endloop
  endfacet
  facet normal 0 0.989101 -0.147239
    outer loop
      vertex 17.1619 6.2816 9.1132
      vertex 23.3143 6.217 8.67924
      vertex 17.1619 6.217 8.67924
    endloop
  endfacet
  facet normal 0 0.981357 -0.192196
    outer loop
      vertex 23.3143 6.2816 9.1132
      vertex 17.1619 6.36659 9.54716
      vertex 23.3143 6.36659 9.54716
    endloop
  endfacet
  facet normal 0 0.981357 -0.192196
    outer loop
      vertex 17.1619 6.36659 9.54716
      vertex 23.3143 6.2816 9.1132
      vertex 17.1619 6.2816 9.1132
    endloop
  endfacet
  facet normal 0 0.971949 -0.235193
    outer loop
      vertex 23.3143 6.36659 9.54716
      vertex 17.1619 6.4716 9.98112
      vertex 23.3143 6.4716 9.98112
    endloop
  endfacet
  facet normal 0 0.971949 -0.235193
    outer loop
      vertex 17.1619 6.4716 9.98112
      vertex 23.3143 6.36659 9.54716
      vertex 17.1619 6.36659 9.54716
    endloop
  endfacet
  facet normal 0 0.961157 -0.276002
    outer loop
      vertex 23.3143 6.4716 9.98112
      vertex 17.1619 6.59622 10.4151
      vertex 23.3143 6.59622 10.4151
    endloop
  endfacet
  facet normal 0 0.961157 -0.276002
    outer loop
      vertex 17.1619 6.59622 10.4151
      vertex 23.3143 6.4716 9.98112
      vertex 17.1619 6.4716 9.98112
    endloop
  endfacet
  facet normal 0 0.949288 -0.314409
    outer loop
      vertex 23.3143 6.59622 10.4151
      vertex 17.1619 6.73993 10.849
      vertex 23.3143 6.73993 10.849
    endloop
  endfacet
  facet normal 0 0.949288 -0.314409
    outer loop
      vertex 17.1619 6.73993 10.849
      vertex 23.3143 6.59622 10.4151
      vertex 17.1619 6.59622 10.4151
    endloop
  endfacet
  facet normal 0 0.936683 -0.350177
    outer loop
      vertex 23.3143 6.73993 10.849
      vertex 17.1619 6.90218 11.283
      vertex 23.3143 6.90218 11.283
    endloop
  endfacet
  facet normal 0 0.936683 -0.350177
    outer loop
      vertex 17.1619 6.90218 11.283
      vertex 23.3143 6.73993 10.849
      vertex 17.1619 6.73993 10.849
    endloop
  endfacet
  facet normal 0 0.923577 -0.383412
    outer loop
      vertex 23.3143 6.90218 11.283
      vertex 17.1619 7.08235 11.717
      vertex 23.3143 7.08235 11.717
    endloop
  endfacet
  facet normal 0 0.923577 -0.383412
    outer loop
      vertex 17.1619 7.08235 11.717
      vertex 23.3143 6.90218 11.283
      vertex 17.1619 6.90218 11.283
    endloop
  endfacet
  facet normal 0 0.910214 -0.414138
    outer loop
      vertex 23.3143 7.08235 11.717
      vertex 17.1619 7.27977 12.1509
      vertex 23.3143 7.27977 12.1509
    endloop
  endfacet
  facet normal 0 0.910214 -0.414138
    outer loop
      vertex 17.1619 7.27977 12.1509
      vertex 23.3143 7.08235 11.717
      vertex 17.1619 7.08235 11.717
    endloop
  endfacet
  facet normal 0 0.896967 -0.442097
    outer loop
      vertex 23.3143 7.27977 12.1509
      vertex 17.1619 7.49368 12.5849
      vertex 23.3143 7.49368 12.5849
    endloop
  endfacet
  facet normal 0 0.896967 -0.442097
    outer loop
      vertex 17.1619 7.49368 12.5849
      vertex 23.3143 7.27977 12.1509
      vertex 17.1619 7.27977 12.1509
    endloop
  endfacet
  facet normal 0 0.883884 -0.467705
    outer loop
      vertex 23.3143 7.49368 12.5849
      vertex 17.1619 7.72333 13.0189
      vertex 23.3143 7.72333 13.0189
    endloop
  endfacet
  facet normal 0 0.883884 -0.467705
    outer loop
      vertex 17.1619 7.72333 13.0189
      vertex 23.3143 7.49368 12.5849
      vertex 17.1619 7.49368 12.5849
    endloop
  endfacet
  facet normal 0 0.871188 -0.490949
    outer loop
      vertex 23.3143 7.72333 13.0189
      vertex 17.1619 7.96785 13.4528
      vertex 23.3143 7.96785 13.4528
    endloop
  endfacet
  facet normal 0 0.871188 -0.490949
    outer loop
      vertex 17.1619 7.96785 13.4528
      vertex 23.3143 7.72333 13.0189
      vertex 17.1619 7.72333 13.0189
    endloop
  endfacet
  facet normal 0 0.859122 -0.511771
    outer loop
      vertex 23.3143 7.96785 13.4528
      vertex 17.1619 8.22638 13.8868
      vertex 23.3143 8.22638 13.8868
    endloop
  endfacet
  facet normal 0 0.859122 -0.511771
    outer loop
      vertex 17.1619 8.22638 13.8868
      vertex 23.3143 7.96785 13.4528
      vertex 17.1619 7.96785 13.4528
    endloop
  endfacet
  facet normal 0 0.847601 -0.530634
    outer loop
      vertex 23.3143 8.22638 13.8868
      vertex 17.1619 8.49802 14.3207
      vertex 23.3143 8.49802 14.3207
    endloop
  endfacet
  facet normal 0 0.847601 -0.530634
    outer loop
      vertex 17.1619 8.49802 14.3207
      vertex 23.3143 8.22638 13.8868
      vertex 17.1619 8.22638 13.8868
    endloop
  endfacet
  facet normal 0 0.836987 -0.547223
    outer loop
      vertex 23.3143 8.49802 14.3207
      vertex 17.1619 8.78177 14.7547
      vertex 23.3143 8.78177 14.7547
    endloop
  endfacet
  facet normal 0 0.836987 -0.547223
    outer loop
      vertex 17.1619 8.78177 14.7547
      vertex 23.3143 8.49802 14.3207
      vertex 17.1619 8.49802 14.3207
    endloop
  endfacet
  facet normal 0 0.82713 -0.56201
    outer loop
      vertex 23.3143 8.78177 14.7547
      vertex 17.1619 9.07666 15.1887
      vertex 23.3143 9.07666 15.1887
    endloop
  endfacet
  facet normal 0 0.82713 -0.56201
    outer loop
      vertex 17.1619 9.07666 15.1887
      vertex 23.3143 8.78177 14.7547
      vertex 17.1619 8.78177 14.7547
    endloop
  endfacet
  facet normal 0 0.81807 -0.575119
    outer loop
      vertex 23.3143 9.07666 15.1887
      vertex 17.1619 9.3817 15.6226
      vertex 23.3143 9.3817 15.6226
    endloop
  endfacet
  facet normal 0 0.81807 -0.575119
    outer loop
      vertex 17.1619 9.3817 15.6226
      vertex 23.3143 9.07666 15.1887
      vertex 17.1619 9.07666 15.1887
    endloop
  endfacet
  facet normal 0 0.81008 -0.586319
    outer loop
      vertex 23.3143 9.3817 15.6226
      vertex 17.1619 9.69582 16.0566
      vertex 23.3143 9.69582 16.0566
    endloop
  endfacet
  facet normal 0 0.81008 -0.586319
    outer loop
      vertex 17.1619 9.69582 16.0566
      vertex 23.3143 9.3817 15.6226
      vertex 17.1619 9.3817 15.6226
    endloop
  endfacet
  facet normal 0 0.803027 -0.595942
    outer loop
      vertex 23.3143 9.69582 16.0566
      vertex 17.1619 10.0179 16.4906
      vertex 23.3143 10.0179 16.4906
    endloop
  endfacet
  facet normal 0 0.803027 -0.595942
    outer loop
      vertex 17.1619 10.0179 16.4906
      vertex 23.3143 9.69582 16.0566
      vertex 17.1619 9.69582 16.0566
    endloop
  endfacet
  facet normal 0 0.796749 -0.60431
    outer loop
      vertex 23.3143 10.0179 16.4906
      vertex 17.1619 10.347 16.9245
      vertex 23.3143 10.347 16.9245
    endloop
  endfacet
  facet normal 0 0.796749 -0.60431
    outer loop
      vertex 17.1619 10.347 16.9245
      vertex 23.3143 10.0179 16.4906
      vertex 17.1619 10.0179 16.4906
    endloop
  endfacet
  facet normal 0 0.791606 -0.611032
    outer loop
      vertex 23.3143 10.347 16.9245
      vertex 17.1619 10.682 17.3585
      vertex 23.3143 10.682 17.3585
    endloop
  endfacet
  facet normal 0 0.791606 -0.611032
    outer loop
      vertex 17.1619 10.682 17.3585
      vertex 23.3143 10.347 16.9245
      vertex 17.1619 10.347 16.9245
    endloop
  endfacet
  facet normal 0 0.787394 -0.61645
    outer loop
      vertex 23.3143 10.682 17.3585
      vertex 17.1619 11.0217 17.7924
      vertex 23.3143 11.0217 17.7924
    endloop
  endfacet
  facet normal 0 0.787394 -0.61645
    outer loop
      vertex 17.1619 11.0217 17.7924
      vertex 23.3143 10.682 17.3585
      vertex 17.1619 10.682 17.3585
    endloop
  endfacet
  facet normal 0 0.784295 -0.620388
    outer loop
      vertex 23.3143 11.0217 17.7924
      vertex 17.1619 11.365 18.2264
      vertex 23.3143 11.365 18.2264
    endloop
  endfacet
  facet normal 0 0.784295 -0.620388
    outer loop
      vertex 17.1619 11.365 18.2264
      vertex 23.3143 11.0217 17.7924
      vertex 17.1619 11.0217 17.7924
    endloop
  endfacet
  facet normal 0 0.78201 -0.623266
    outer loop
      vertex 23.3143 11.365 18.2264
      vertex 17.1619 11.7109 18.6604
      vertex 23.3143 11.7109 18.6604
    endloop
  endfacet
  facet normal 0 0.78201 -0.623266
    outer loop
      vertex 17.1619 11.7109 18.6604
      vertex 23.3143 11.365 18.2264
      vertex 17.1619 11.365 18.2264
    endloop
  endfacet
  facet normal 0 0.780711 -0.624893
    outer loop
      vertex 23.3143 11.7109 18.6604
      vertex 17.1619 12.0582 19.0943
      vertex 23.3143 12.0582 19.0943
    endloop
  endfacet
  facet normal 0 0.780711 -0.624893
    outer loop
      vertex 17.1619 12.0582 19.0943
      vertex 23.3143 11.7109 18.6604
      vertex 17.1619 11.7109 18.6604
    endloop
  endfacet
  facet normal 0 0.78043 -0.625243
    outer loop
      vertex 23.3143 12.0582 19.0943
      vertex 17.1619 12.4059 19.5283
      vertex 23.3143 12.4059 19.5283
    endloop
  endfacet
  facet normal 0 0.78043 -0.625243
    outer loop
      vertex 17.1619 12.4059 19.5283
      vertex 23.3143 12.0582 19.0943
      vertex 17.1619 12.0582 19.0943
    endloop
  endfacet
  facet normal 0 0.780974 -0.624563
    outer loop
      vertex 23.3143 12.4059 19.5283
      vertex 17.1619 12.7529 19.9622
      vertex 23.3143 12.7529 19.9622
    endloop
  endfacet
  facet normal 0 0.780974 -0.624563
    outer loop
      vertex 17.1619 12.7529 19.9622
      vertex 23.3143 12.4059 19.5283
      vertex 17.1619 12.4059 19.5283
    endloop
  endfacet
  facet normal 0 0.782625 -0.622493
    outer loop
      vertex 23.3143 12.7529 19.9622
      vertex 17.1619 13.0981 20.3962
      vertex 23.3143 13.0981 20.3962
    endloop
  endfacet
  facet normal 0 0.782625 -0.622493
    outer loop
      vertex 17.1619 13.0981 20.3962
      vertex 23.3143 12.7529 19.9622
      vertex 17.1619 12.7529 19.9622
    endloop
  endfacet
  facet normal 0 0.785174 -0.619275
    outer loop
      vertex 23.3143 13.0981 20.3962
      vertex 17.1619 13.4404 20.8302
      vertex 23.3143 13.4404 20.8302
    endloop
  endfacet
  facet normal 0 0.785174 -0.619275
    outer loop
      vertex 17.1619 13.4404 20.8302
      vertex 23.3143 13.0981 20.3962
      vertex 17.1619 13.0981 20.3962
    endloop
  endfacet
  facet normal 0 0.788363 -0.61521
    outer loop
      vertex 23.3143 13.4404 20.8302
      vertex 17.1619 13.779 21.2641
      vertex 23.3143 13.779 21.2641
    endloop
  endfacet
  facet normal 0 0.788363 -0.61521
    outer loop
      vertex 17.1619 13.779 21.2641
      vertex 23.3143 13.4404 20.8302
      vertex 17.1619 13.4404 20.8302
    endloop
  endfacet
  facet normal 0 0.792841 -0.609428
    outer loop
      vertex 23.3143 13.779 21.2641
      vertex 17.1619 14.1126 21.6981
      vertex 23.3143 14.1126 21.6981
    endloop
  endfacet
  facet normal 0 0.792841 -0.609428
    outer loop
      vertex 17.1619 14.1126 21.6981
      vertex 23.3143 13.779 21.2641
      vertex 17.1619 13.779 21.2641
    endloop
  endfacet
  facet normal 0 0.797877 -0.60282
    outer loop
      vertex 23.3143 14.1126 21.6981
      vertex 17.1619 14.4405 22.1321
      vertex 23.3143 14.4405 22.1321
    endloop
  endfacet
  facet normal 0 0.797877 -0.60282
    outer loop
      vertex 17.1619 14.4405 22.1321
      vertex 23.3143 14.1126 21.6981
      vertex 17.1619 14.1126 21.6981
    endloop
  endfacet
  facet normal 0 0.803829 -0.59486
    outer loop
      vertex 23.3143 14.4405 22.1321
      vertex 17.1619 14.7616 22.566
      vertex 23.3143 14.7616 22.566
    endloop
  endfacet
  facet normal 0 0.803829 -0.59486
    outer loop
      vertex 17.1619 14.7616 22.566
      vertex 23.3143 14.4405 22.1321
      vertex 17.1619 14.4405 22.1321
    endloop
  endfacet
  facet normal 0 0.810719 -0.585436
    outer loop
      vertex 23.3143 14.7616 22.566
      vertex 17.1619 15.075 23
      vertex 23.3143 15.075 23
    endloop
  endfacet
  facet normal 0 0.810719 -0.585436
    outer loop
      vertex 17.1619 15.075 23
      vertex 23.3143 14.7616 22.566
      vertex 17.1619 14.7616 22.566
    endloop
  endfacet
  facet normal 0 0.818168 -0.57498
    outer loop
      vertex 23.3143 15.075 23
      vertex 17.1619 15.38 23.434
      vertex 23.3143 15.38 23.434
    endloop
  endfacet
  facet normal 0 0.818168 -0.57498
    outer loop
      vertex 17.1619 15.38 23.434
      vertex 23.3143 15.075 23
      vertex 17.1619 15.075 23
    endloop
  endfacet
  facet normal 0 0.826441 -0.563024
    outer loop
      vertex 23.3143 15.38 23.434
      vertex 17.1619 15.6756 23.8679
      vertex 23.3143 15.6756 23.8679
    endloop
  endfacet
  facet normal 0 0.826441 -0.563024
    outer loop
      vertex 17.1619 15.6756 23.8679
      vertex 23.3143 15.38 23.434
      vertex 17.1619 15.38 23.434
    endloop
  endfacet
  facet normal 0 0.835529 -0.549447
    outer loop
      vertex 23.3143 15.6756 23.8679
      vertex 17.1619 15.961 24.3019
      vertex 23.3143 15.961 24.3019
    endloop
  endfacet
  facet normal 0 0.835529 -0.549447
    outer loop
      vertex 17.1619 15.961 24.3019
      vertex 23.3143 15.6756 23.8679
      vertex 17.1619 15.6756 23.8679
    endloop
  endfacet
  facet normal 0 0.84491 -0.534908
    outer loop
      vertex 23.3143 15.961 24.3019
      vertex 17.1619 16.2357 24.7358
      vertex 23.3143 16.2357 24.7358
    endloop
  endfacet
  facet normal 0 0.84491 -0.534908
    outer loop
      vertex 17.1619 16.2357 24.7358
      vertex 23.3143 15.961 24.3019
      vertex 17.1619 15.961 24.3019
    endloop
  endfacet
  facet normal 0 0.855224 -0.518258
    outer loop
      vertex 23.3143 16.2357 24.7358
      vertex 17.1619 16.4987 25.1698
      vertex 23.3143 16.4987 25.1698
    endloop
  endfacet
  facet normal 0 0.855224 -0.518258
    outer loop
      vertex 17.1619 16.4987 25.1698
      vertex 23.3143 16.2357 24.7358
      vertex 17.1619 16.2357 24.7358
    endloop
  endfacet
  facet normal 0 0.86574 -0.500494
    outer loop
      vertex 23.3143 16.4987 25.1698
      vertex 17.1619 16.7496 25.6038
      vertex 23.3143 16.7496 25.6038
    endloop
  endfacet
  facet normal 0 0.86574 -0.500494
    outer loop
      vertex 17.1619 16.7496 25.6038
      vertex 23.3143 16.4987 25.1698
      vertex 17.1619 16.4987 25.1698
    endloop
  endfacet
  facet normal 0 0.87668 -0.481073
    outer loop
      vertex 23.3143 16.7496 25.6038
      vertex 17.1619 16.9877 26.0377
      vertex 23.3143 16.9877 26.0377
    endloop
  endfacet
  facet normal 0 0.87668 -0.481073
    outer loop
      vertex 17.1619 16.9877 26.0377
      vertex 23.3143 16.7496 25.6038
      vertex 17.1619 16.7496 25.6038
    endloop
  endfacet
  facet normal 0 0.888036 -0.459774
    outer loop
      vertex 23.3143 16.9877 26.0377
      vertex 17.1619 17.2124 26.4717
      vertex 23.3143 17.2124 26.4717
    endloop
  endfacet
  facet normal 0 0.888036 -0.459774
    outer loop
      vertex 17.1619 17.2124 26.4717
      vertex 23.3143 16.9877 26.0377
      vertex 17.1619 16.9877 26.0377
    endloop
  endfacet
  facet normal 0 0.899427 -0.437072
    outer loop
      vertex 23.3143 17.2124 26.4717
      vertex 17.1619 17.4233 26.9057
      vertex 23.3143 17.4233 26.9057
    endloop
  endfacet
  facet normal 0 0.899427 -0.437072
    outer loop
      vertex 17.1619 17.4233 26.9057
      vertex 23.3143 17.2124 26.4717
      vertex 17.1619 17.2124 26.4717
    endloop
  endfacet
  facet normal 0 0.910941 -0.412537
    outer loop
      vertex 23.3143 17.4233 26.9057
      vertex 17.1619 17.6198 27.3396
      vertex 23.3143 17.6198 27.3396
    endloop
  endfacet
  facet normal 0 0.910941 -0.412537
    outer loop
      vertex 17.1619 17.6198 27.3396
      vertex 23.3143 17.4233 26.9057
      vertex 17.1619 17.4233 26.9057
    endloop
  endfacet
  facet normal 0 0.922194 -0.386727
    outer loop
      vertex 23.3143 17.6198 27.3396
      vertex 17.1619 17.8018 27.7736
      vertex 23.3143 17.8018 27.7736
    endloop
  endfacet
  facet normal 0 0.922194 -0.386727
    outer loop
      vertex 17.1619 17.8018 27.7736
      vertex 23.3143 17.6198 27.3396
      vertex 17.1619 17.6198 27.3396
    endloop
  endfacet
  facet normal 0 0.933407 -0.358821
    outer loop
      vertex 23.3143 17.8018 27.7736
      vertex 17.1619 17.9686 28.2075
      vertex 23.3143 17.9686 28.2075
    endloop
  endfacet
  facet normal 0 0.933407 -0.358821
    outer loop
      vertex 17.1619 17.9686 28.2075
      vertex 23.3143 17.8018 27.7736
      vertex 17.1619 17.8018 27.7736
    endloop
  endfacet
  facet normal 0 0.944062 -0.329769
    outer loop
      vertex 23.3143 17.9686 28.2075
      vertex 17.1619 18.1202 28.6415
      vertex 23.3143 18.1202 28.6415
    endloop
  endfacet
  facet normal 0 0.944062 -0.329769
    outer loop
      vertex 17.1619 18.1202 28.6415
      vertex 23.3143 17.9686 28.2075
      vertex 17.1619 17.9686 28.2075
    endloop
  endfacet
  facet normal 0 0.954245 -0.299026
    outer loop
      vertex 23.3143 18.1202 28.6415
      vertex 17.1619 18.2562 29.0755
      vertex 23.3143 18.2562 29.0755
    endloop
  endfacet
  facet normal 0 0.954245 -0.299026
    outer loop
      vertex 17.1619 18.2562 29.0755
      vertex 23.3143 18.1202 28.6415
      vertex 17.1619 18.1202 28.6415
    endloop
  endfacet
  facet normal 0 0.963648 -0.267174
    outer loop
      vertex 23.3143 18.2562 29.0755
      vertex 17.1619 18.3765 29.5094
      vertex 23.3143 18.3765 29.5094
    endloop
  endfacet
  facet normal 0 0.963648 -0.267174
    outer loop
      vertex 17.1619 18.3765 29.5094
      vertex 23.3143 18.2562 29.0755
      vertex 17.1619 18.2562 29.0755
    endloop
  endfacet
  facet normal 0 0.972214 -0.234093
    outer loop
      vertex 23.3143 18.3765 29.5094
      vertex 17.1619 18.481 29.9434
      vertex 23.3143 18.481 29.9434
    endloop
  endfacet
  facet normal 0 0.972214 -0.234093
    outer loop
      vertex 17.1619 18.481 29.9434
      vertex 23.3143 18.3765 29.5094
      vertex 17.1619 18.3765 29.5094
    endloop
  endfacet
  facet normal 0 0.979871 -0.199633
    outer loop
      vertex 23.3143 18.481 29.9434
      vertex 17.1619 18.5694 30.3773
      vertex 23.3143 18.5694 30.3773
    endloop
  endfacet
  facet normal 0 0.979871 -0.199633
    outer loop
      vertex 17.1619 18.5694 30.3773
      vertex 23.3143 18.481 29.9434
      vertex 17.1619 18.481 29.9434
    endloop
  endfacet
  facet normal 0 0.986295 -0.164989
    outer loop
      vertex 23.3143 18.5694 30.3773
      vertex 17.1619 18.642 30.8113
      vertex 23.3143 18.642 30.8113
    endloop
  endfacet
  facet normal 0 0.986295 -0.164989
    outer loop
      vertex 17.1619 18.642 30.8113
      vertex 23.3143 18.5694 30.3773
      vertex 17.1619 18.5694 30.3773
    endloop
  endfacet
  facet normal 0 0.991632 -0.129095
    outer loop
      vertex 23.3143 18.642 30.8113
      vertex 17.1619 18.6985 31.2453
      vertex 23.3143 18.6985 31.2453
    endloop
  endfacet
  facet normal 0 0.991632 -0.129095
    outer loop
      vertex 17.1619 18.6985 31.2453
      vertex 23.3143 18.642 30.8113
      vertex 17.1619 18.642 30.8113
    endloop
  endfacet
  facet normal 0 0.995651 -0.093163
    outer loop
      vertex 23.3143 18.6985 31.2453
      vertex 17.1619 18.7391 31.6792
      vertex 23.3143 18.7391 31.6792
    endloop
  endfacet
  facet normal 0 0.995651 -0.093163
    outer loop
      vertex 17.1619 18.7391 31.6792
      vertex 23.3143 18.6985 31.2453
      vertex 17.1619 18.6985 31.2453
    endloop
  endfacet
  facet normal 0 0.998358 -0.0572791
    outer loop
      vertex 23.3143 18.7391 31.6792
      vertex 17.1619 18.764 32.1132
      vertex 23.3143 18.764 32.1132
    endloop
  endfacet
  facet normal 0 0.998358 -0.0572791
    outer loop
      vertex 17.1619 18.764 32.1132
      vertex 23.3143 18.7391 31.6792
      vertex 17.1619 18.7391 31.6792
    endloop
  endfacet
  facet normal 0 0.999775 -0.0211934
    outer loop
      vertex 23.3143 18.764 32.1132
      vertex 17.1619 18.7732 32.5472
      vertex 23.3143 18.7732 32.5472
    endloop
  endfacet
  facet normal 0 0.999775 -0.0211934
    outer loop
      vertex 17.1619 18.7732 32.5472
      vertex 23.3143 18.764 32.1132
      vertex 17.1619 18.764 32.1132
    endloop
  endfacet
  facet normal 0 0.999898 0.0142875
    outer loop
      vertex 23.3143 18.7732 32.5472
      vertex 17.1619 18.767 32.9811
      vertex 23.3143 18.767 32.9811
    endloop
  endfacet
  facet normal 0 0.999898 0.0142875
    outer loop
      vertex 17.1619 18.767 32.9811
      vertex 23.3143 18.7732 32.5472
      vertex 17.1619 18.7732 32.5472
    endloop
  endfacet
  facet normal 0 0.998798 0.0490193
    outer loop
      vertex 23.3143 18.767 32.9811
      vertex 17.1619 18.7457 33.4151
      vertex 23.3143 18.7457 33.4151
    endloop
  endfacet
  facet normal 0 0.998798 0.0490193
    outer loop
      vertex 17.1619 18.7457 33.4151
      vertex 23.3143 18.767 32.9811
      vertex 17.1619 18.767 32.9811
    endloop
  endfacet
  facet normal 0 0.996519 0.0833686
    outer loop
      vertex 23.3143 18.7457 33.4151
      vertex 17.1619 18.7094 33.849
      vertex 23.3143 18.7094 33.849
    endloop
  endfacet
  facet normal 0 0.996519 0.0833686
    outer loop
      vertex 17.1619 18.7094 33.849
      vertex 23.3143 18.7457 33.4151
      vertex 17.1619 18.7457 33.4151
    endloop
  endfacet
  facet normal 0 0.993193 0.116483
    outer loop
      vertex 23.3143 18.7094 33.849
      vertex 17.1619 18.6585 34.283
      vertex 23.3143 18.6585 34.283
    endloop
  endfacet
  facet normal 0 0.993193 0.116483
    outer loop
      vertex 17.1619 18.6585 34.283
      vertex 23.3143 18.7094 33.849
      vertex 17.1619 18.7094 33.849
    endloop
  endfacet
  facet normal 0 0.98897 0.148118
    outer loop
      vertex 23.3143 18.6585 34.283
      vertex 17.1619 18.5935 34.717
      vertex 23.3143 18.5935 34.717
    endloop
  endfacet
  facet normal 0 0.98897 0.148118
    outer loop
      vertex 17.1619 18.5935 34.717
      vertex 23.3143 18.6585 34.283
      vertex 17.1619 18.6585 34.283
    endloop
  endfacet
  facet normal 0 0.983866 0.178905
    outer loop
      vertex 23.3143 18.5935 34.717
      vertex 17.1619 18.5146 35.1509
      vertex 23.3143 18.5146 35.1509
    endloop
  endfacet
  facet normal 0 0.983866 0.178905
    outer loop
      vertex 17.1619 18.5146 35.1509
      vertex 23.3143 18.5935 34.717
      vertex 17.1619 18.5935 34.717
    endloop
  endfacet
  facet normal 0 0.978124 0.20802
    outer loop
      vertex 23.3143 18.5146 35.1509
      vertex 17.1619 18.4223 35.5849
      vertex 23.3143 18.4223 35.5849
    endloop
  endfacet
  facet normal 0 0.978124 0.20802
    outer loop
      vertex 17.1619 18.4223 35.5849
      vertex 23.3143 18.5146 35.1509
      vertex 17.1619 18.5146 35.1509
    endloop
  endfacet
  facet normal 0 0.971805 0.235786
    outer loop
      vertex 23.3143 18.4223 35.5849
      vertex 17.1619 18.317 36.0189
      vertex 23.3143 18.317 36.0189
    endloop
  endfacet
  facet normal 0 0.971805 0.235786
    outer loop
      vertex 17.1619 18.317 36.0189
      vertex 23.3143 18.4223 35.5849
      vertex 17.1619 18.4223 35.5849
    endloop
  endfacet
  facet normal 0 0.965122 0.2618
    outer loop
      vertex 23.3143 18.317 36.0189
      vertex 17.1619 18.1993 36.4528
      vertex 23.3143 18.1993 36.4528
    endloop
  endfacet
  facet normal 0 0.965122 0.2618
    outer loop
      vertex 17.1619 18.1993 36.4528
      vertex 23.3143 18.317 36.0189
      vertex 17.1619 18.317 36.0189
    endloop
  endfacet
  facet normal 0 0.95819 0.286132
    outer loop
      vertex 23.3143 18.1993 36.4528
      vertex 17.1619 18.0697 36.8868
      vertex 23.3143 18.0697 36.8868
    endloop
  endfacet
  facet normal 0 0.95819 0.286132
    outer loop
      vertex 17.1619 18.0697 36.8868
      vertex 23.3143 18.1993 36.4528
      vertex 17.1619 18.1993 36.4528
    endloop
  endfacet
  facet normal 0 0.950981 0.30925
    outer loop
      vertex 23.3143 18.0697 36.8868
      vertex 17.1619 17.9286 37.3207
      vertex 23.3143 17.9286 37.3207
    endloop
  endfacet
  facet normal 0 0.950981 0.30925
    outer loop
      vertex 17.1619 17.9286 37.3207
      vertex 23.3143 18.0697 36.8868
      vertex 17.1619 18.0697 36.8868
    endloop
  endfacet
  facet normal 0 0.943858 0.33035
    outer loop
      vertex 23.3143 17.9286 37.3207
      vertex 17.1619 17.7767 37.7547
      vertex 23.3143 17.7767 37.7547
    endloop
  endfacet
  facet normal 0 0.943858 0.33035
    outer loop
      vertex 17.1619 17.7767 37.7547
      vertex 23.3143 17.9286 37.3207
      vertex 17.1619 17.9286 37.3207
    endloop
  endfacet
  facet normal 0 0.936719 0.350082
    outer loop
      vertex 23.3143 17.7767 37.7547
      vertex 17.1619 17.6145 38.1887
      vertex 23.3143 17.6145 38.1887
    endloop
  endfacet
  facet normal 0 0.936719 0.350082
    outer loop
      vertex 17.1619 17.6145 38.1887
      vertex 23.3143 17.7767 37.7547
      vertex 17.1619 17.7767 37.7547
    endloop
  endfacet
  facet normal 0 0.929625 0.368508
    outer loop
      vertex 23.3143 17.6145 38.1887
      vertex 17.1619 17.4425 38.6226
      vertex 23.3143 17.4425 38.6226
    endloop
  endfacet
  facet normal 0 0.929625 0.368508
    outer loop
      vertex 17.1619 17.4425 38.6226
      vertex 23.3143 17.6145 38.1887
      vertex 17.1619 17.6145 38.1887
    endloop
  endfacet
  facet normal 0 0.922875 0.385098
    outer loop
      vertex 23.3143 17.4425 38.6226
      vertex 17.1619 17.2614 39.0566
      vertex 23.3143 17.2614 39.0566
    endloop
  endfacet
  facet normal 0 0.922875 0.385098
    outer loop
      vertex 17.1619 17.2614 39.0566
      vertex 23.3143 17.4425 38.6226
      vertex 17.1619 17.4425 38.6226
    endloop
  endfacet
  facet normal 0 0.916448 0.400154
    outer loop
      vertex 23.3143 17.2614 39.0566
      vertex 17.1619 17.0719 39.4906
      vertex 23.3143 17.0719 39.4906
    endloop
  endfacet
  facet normal 0 0.916448 0.400154
    outer loop
      vertex 17.1619 17.0719 39.4906
      vertex 23.3143 17.2614 39.0566
      vertex 17.1619 17.2614 39.0566
    endloop
  endfacet
  facet normal 0 0.910151 0.414277
    outer loop
      vertex 23.3143 17.0719 39.4906
      vertex 17.1619 16.8744 39.9245
      vertex 23.3143 16.8744 39.9245
    endloop
  endfacet
  facet normal 0 0.910151 0.414277
    outer loop
      vertex 17.1619 16.8744 39.9245
      vertex 23.3143 17.0719 39.4906
      vertex 17.1619 17.0719 39.4906
    endloop
  endfacet
  facet normal 0 0.904526 0.426419
    outer loop
      vertex 23.3143 16.8744 39.9245
      vertex 17.1619 16.6698 40.3585
      vertex 23.3143 16.6698 40.3585
    endloop
  endfacet
  facet normal 0 0.904526 0.426419
    outer loop
      vertex 17.1619 16.6698 40.3585
      vertex 23.3143 16.8744 39.9245
      vertex 17.1619 16.8744 39.9245
    endloop
  endfacet
  facet normal 0 0.898979 0.437991
    outer loop
      vertex 23.3143 16.6698 40.3585
      vertex 17.1619 16.4584 40.7924
      vertex 23.3143 16.4584 40.7924
    endloop
  endfacet
  facet normal 0 0.898979 0.437991
    outer loop
      vertex 17.1619 16.4584 40.7924
      vertex 23.3143 16.6698 40.3585
      vertex 17.1619 16.6698 40.3585
    endloop
  endfacet
  facet normal 0 0.89418 0.447708
    outer loop
      vertex 23.3143 16.4584 40.7924
      vertex 17.1619 16.2411 41.2264
      vertex 23.3143 16.2411 41.2264
    endloop
  endfacet
  facet normal 0 0.89418 0.447708
    outer loop
      vertex 17.1619 16.2411 41.2264
      vertex 23.3143 16.4584 40.7924
      vertex 17.1619 16.4584 40.7924
    endloop
  endfacet
  facet normal 0 0.889788 0.456375
    outer loop
      vertex 23.3143 16.2411 41.2264
      vertex 17.1619 16.0185 41.6604
      vertex 23.3143 16.0185 41.6604
    endloop
  endfacet
  facet normal 0 0.889788 0.456375
    outer loop
      vertex 17.1619 16.0185 41.6604
      vertex 23.3143 16.2411 41.2264
      vertex 17.1619 16.2411 41.2264
    endloop
  endfacet
  facet normal 0 0.885732 0.464198
    outer loop
      vertex 23.3143 16.0185 41.6604
      vertex 17.1619 15.7911 42.0943
      vertex 23.3143 15.7911 42.0943
    endloop
  endfacet
  facet normal 0 0.885732 0.464198
    outer loop
      vertex 17.1619 15.7911 42.0943
      vertex 23.3143 16.0185 41.6604
      vertex 17.1619 16.0185 41.6604
    endloop
  endfacet
  facet normal 0 0.882409 0.470483
    outer loop
      vertex 23.3143 15.7911 42.0943
      vertex 17.1619 15.5597 42.5283
      vertex 23.3143 15.5597 42.5283
    endloop
  endfacet
  facet normal 0 0.882409 0.470483
    outer loop
      vertex 17.1619 15.5597 42.5283
      vertex 23.3143 15.7911 42.0943
      vertex 17.1619 15.7911 42.0943
    endloop
  endfacet
  facet normal 0 0.879402 0.476081
    outer loop
      vertex 23.3143 15.5597 42.5283
      vertex 17.1619 15.3248 42.9622
      vertex 23.3143 15.3248 42.9622
    endloop
  endfacet
  facet normal 0 0.879402 0.476081
    outer loop
      vertex 17.1619 15.3248 42.9622
      vertex 23.3143 15.5597 42.5283
      vertex 17.1619 15.5597 42.5283
    endloop
  endfacet
  facet normal 0 0.876983 0.480522
    outer loop
      vertex 23.3143 15.3248 42.9622
      vertex 17.1619 15.087 43.3962
      vertex 23.3143 15.087 43.3962
    endloop
  endfacet
  facet normal 0 0.876983 0.480522
    outer loop
      vertex 17.1619 15.087 43.3962
      vertex 23.3143 15.3248 42.9622
      vertex 17.1619 15.3248 42.9622
    endloop
  endfacet
  facet normal 0 0.875107 0.48393
    outer loop
      vertex 23.3143 15.087 43.3962
      vertex 17.1619 14.847 43.8302
      vertex 23.3143 14.847 43.8302
    endloop
  endfacet
  facet normal 0 0.875107 0.48393
    outer loop
      vertex 17.1619 14.847 43.8302
      vertex 23.3143 15.087 43.3962
      vertex 17.1619 15.087 43.3962
    endloop
  endfacet
  facet normal 0 0.873606 0.486634
    outer loop
      vertex 23.3143 14.847 43.8302
      vertex 17.1619 14.6053 44.2641
      vertex 23.3143 14.6053 44.2641
    endloop
  endfacet
  facet normal 0 0.873606 0.486634
    outer loop
      vertex 17.1619 14.6053 44.2641
      vertex 23.3143 14.847 43.8302
      vertex 17.1619 14.847 43.8302
    endloop
  endfacet
  facet normal 0 0.872797 0.488083
    outer loop
      vertex 23.3143 14.6053 44.2641
      vertex 17.1619 14.3626 44.6981
      vertex 23.3143 14.3626 44.6981
    endloop
  endfacet
  facet normal 0 0.872797 0.488083
    outer loop
      vertex 17.1619 14.3626 44.6981
      vertex 23.3143 14.6053 44.2641
      vertex 17.1619 14.6053 44.2641
    endloop
  endfacet
  facet normal 0 0.872369 0.488848
    outer loop
      vertex 23.3143 14.3626 44.6981
      vertex 17.1619 14.1194 45.1321
      vertex 23.3143 14.1194 45.1321
    endloop
  endfacet
  facet normal 0 0.872369 0.488848
    outer loop
      vertex 17.1619 14.1194 45.1321
      vertex 23.3143 14.3626 44.6981
      vertex 17.1619 14.3626 44.6981
    endloop
  endfacet
  facet normal 0 0.872407 0.488781
    outer loop
      vertex 23.3143 14.1194 45.1321
      vertex 17.1619 13.8763 45.566
      vertex 23.3143 13.8763 45.566
    endloop
  endfacet
  facet normal 0 0.872407 0.488781
    outer loop
      vertex 17.1619 13.8763 45.566
      vertex 23.3143 14.1194 45.1321
      vertex 17.1619 14.1194 45.1321
    endloop
  endfacet
  facet normal 0 0.872969 0.487776
    outer loop
      vertex 23.3143 13.8763 45.566
      vertex 17.1619 13.6338 46
      vertex 23.3143 13.6338 46
    endloop
  endfacet
  facet normal 0 0.872969 0.487776
    outer loop
      vertex 17.1619 13.6338 46
      vertex 23.3143 13.8763 45.566
      vertex 17.1619 13.8763 45.566
    endloop
  endfacet
  facet normal 0 0.819855 0.572572
    outer loop
      vertex 23.3143 9.09572 0
      vertex 17.1619 8.79265 0.43396
      vertex 23.3143 8.79265 0.43396
    endloop
  endfacet
  facet normal 0 0.819855 0.572572
    outer loop
      vertex 17.1619 8.79265 0.43396
      vertex 23.3143 9.09572 0
      vertex 17.1619 9.09572 0
    endloop
  endfacet
  facet normal 1 0 0
    outer loop
      vertex 24.2857 0 46
      vertex 24.2857 -0.839999 27.1
      vertex 24.2857 0 0
    endloop
  endfacet
  facet normal 1 -0 0
    outer loop
      vertex 24.2857 -2.4 46
      vertex 24.2857 -0.839999 27.1
      vertex 24.2857 0 46
    endloop
  endfacet
  facet normal 1 0 0
    outer loop
      vertex 24.2857 -0.839999 27.1
      vertex 24.2857 -2.4 46
      vertex 24.2857 -2.4 27.1
    endloop
  endfacet
  facet normal 1 -0 0
    outer loop
      vertex 24.2857 -0.839999 18.9
      vertex 24.2857 0 0
      vertex 24.2857 -0.839999 27.1
    endloop
  endfacet
  facet normal 1 0 0
    outer loop
      vertex 24.2857 -2.4 0
      vertex 24.2857 -0.839999 18.9
      vertex 24.2857 -2.4 18.9
    endloop
  endfacet
  facet normal 1 0 0
    outer loop
      vertex 24.2857 -0.839999 18.9
      vertex 24.2857 -2.4 0
      vertex 24.2857 0 0
    endloop
  endfacet
  facet normal -1 0 0
    outer loop
      vertex 0 -2.4 0
      vertex 0 0 46
      vertex 0 0 0
    endloop
  endfacet
  facet normal -1 -0 0
    outer loop
      vertex 0 0 46
      vertex 0 -2.4 0
      vertex 0 -2.4 46
    endloop
  endfacet
  facet normal 0 1 -0
    outer loop
      vertex 0.971428 0 0
      vertex 0 0 46
      vertex 0.971428 0 46
    endloop
  endfacet
  facet normal 0 1 0
    outer loop
      vertex 0 0 46
      vertex 0.971428 0 0
      vertex 0 0 0
    endloop
  endfacet
  facet normal 0 1 -0
    outer loop
      vertex 24.2857 0 0
      vertex 23.3143 0 46
      vertex 24.2857 0 46
    endloop
  endfacet
  facet normal 0 1 0
    outer loop
      vertex 23.3143 0 46
      vertex 24.2857 0 0
      vertex 23.3143 0 0
    endloop
  endfacet
  facet normal 0 1 -0
    outer loop
      vertex 9.06667 0 0
      vertex 7.12381 0 46
      vertex 9.06667 0 46
    endloop
  endfacet
  facet normal 0 1 0
    outer loop
      vertex 7.12381 0 46
      vertex 9.06667 0 0
      vertex 7.12381 0 0
    endloop
  endfacet
  facet normal 0 1 -0
    outer loop
      vertex 17.1619 0 0
      vertex 15.219 0 46
      vertex 17.1619 0 46
    endloop
  endfacet
  facet normal 0 1 0
    outer loop
      vertex 15.219 0 46
      vertex 17.1619 0 0
      vertex 15.219 0 0
    endloop
  endfacet
  facet normal 0 -1 0
    outer loop
      vertex 0 -2.4 46
      vertex 11.1857 -2.4 29.6
      vertex 24.2857 -2.4 46
    endloop
  endfacet
  facet normal 0 -1 0
    outer loop
      vertex 0 -2.4 46
      vertex 11.1857 -2.4 16.4
      vertex 11.1857 -2.4 29.6
    endloop
  endfacet
  facet normal -0 -1 0
    outer loop
      vertex 11.1857 -2.4 16.4
      vertex 0 -2.4 46
      vertex 0 -2.4 0
    endloop
  endfacet
  facet normal 0 -1 -0
    outer loop
      vertex 24.2857 -2.4 46
      vertex 11.1857 -2.4 29.6
      vertex 24.2857 -2.4 27.1
    endloop
  endfacet
  facet normal 0 -1 0
    outer loop
      vertex 24.2857 -2.4 0
      vertex 11.1857 -2.4 16.4
      vertex 0 -2.4 0
    endloop
  endfacet
  facet normal 0 -1 0
    outer loop
      vertex 11.1857 -2.4 16.4
      vertex 24.2857 -2.4 0
      vertex 24.2857 -2.4 18.9
    endloop
  endfacet
  facet normal 0 -1 0
    outer loop
      vertex 11.1857 -0.839999 29.6
      vertex 24.2857 -0.839999 18.9
      vertex 24.2857 -0.839999 27.1
    endloop
  endfacet
  facet normal -0 -1 0
    outer loop
      vertex 24.2857 -0.839999 18.9
      vertex 11.1857 -0.839999 29.6
      vertex 11.1857 -0.839999 16.4
    endloop
  endfacet
  facet normal -0.187457 0 0.982273
    outer loop
      vertex 11.1857 -0.839999 16.4
      vertex 24.2857 -2.4 18.9
      vertex 24.2857 -0.839999 18.9
    endloop
  endfacet
  facet normal -0.187457 0 0.982273
    outer loop
      vertex 24.2857 -2.4 18.9
      vertex 11.1857 -0.839999 16.4
      vertex 11.1857 -2.4 16.4
    endloop
  endfacet
  facet normal 1 -0 0
    outer loop
      vertex 11.1857 -2.4 29.6
      vertex 11.1857 -0.839999 16.4
      vertex 11.1857 -0.839999 29.6
    endloop
  endfacet
  facet normal 1 0 0
    outer loop
      vertex 11.1857 -0.839999 16.4
      vertex 11.1857 -2.4 29.6
      vertex 11.1857 -2.4 16.4
    endloop
  endfacet
  facet normal -0.187457 0 -0.982273
    outer loop
      vertex 11.1857 -2.4 29.6
      vertex 24.2857 -0.839999 27.1
      vertex 24.2857 -2.4 27.1
    endloop
  endfacet
  facet normal -0.187457 0 -0.982273
    outer loop
      vertex 24.2857 -0.839999 27.1
      vertex 11.1857 -2.4 29.6
      vertex 11.1857 -0.839999 29.6
    endloop
  endfacet
  facet normal -1 -0 0
    outer loop
      vertex 37.2571 6.22261 2.1698
      vertex 37.2571 0 0
      vertex 37.2571 6.20332 2.60376
    endloop
  endfacet
  facet normal -1 -0 0
    outer loop
      vertex 37.2571 6.26526 1.73584
      vertex 37.2571 0 0
      vertex 37.2571 6.22261 2.1698
    endloop
  endfacet
  facet normal -1 -0 0
    outer loop
      vertex 37.2571 6.33112 1.30188
      vertex 37.2571 0 0
      vertex 37.2571 6.26526 1.73584
    endloop
  endfacet
  facet normal -1 -0 0
    outer loop
      vertex 37.2571 6.41998 0.86792
      vertex 37.2571 0 0
      vertex 37.2571 6.33112 1.30188
    endloop
  endfacet
  facet normal -1 -0 0
    outer loop
      vertex 37.2571 6.53154 0.43396
      vertex 37.2571 0 0
      vertex 37.2571 6.41998 0.86792
    endloop
  endfacet
  facet normal -1 0 0
    outer loop
      vertex 37.2571 0 0
      vertex 37.2571 6.53154 0.43396
      vertex 37.2571 6.66537 0
    endloop
  endfacet
  facet normal -1 0 0
    outer loop
      vertex 37.2571 18.4469 25.1698
      vertex 37.2571 18.4606 26.0377
      vertex 37.2571 18.4632 25.6038
    endloop
  endfacet
  facet normal -1 0 0
    outer loop
      vertex 37.2571 18.4469 25.1698
      vertex 37.2571 18.4394 26.4717
      vertex 37.2571 18.4606 26.0377
    endloop
  endfacet
  facet normal -1 0 0
    outer loop
      vertex 37.2571 18.4118 24.7358
      vertex 37.2571 18.4394 26.4717
      vertex 37.2571 18.4469 25.1698
    endloop
  endfacet
  facet normal -1 0 0
    outer loop
      vertex 37.2571 18.4118 24.7358
      vertex 37.2571 18.3999 26.9057
      vertex 37.2571 18.4394 26.4717
    endloop
  endfacet
  facet normal -1 0 0
    outer loop
      vertex 37.2571 18.3575 24.3019
      vertex 37.2571 18.3999 26.9057
      vertex 37.2571 18.4118 24.7358
    endloop
  endfacet
  facet normal -1 0 0
    outer loop
      vertex 37.2571 18.3575 24.3019
      vertex 37.2571 18.3425 27.3396
      vertex 37.2571 18.3999 26.9057
    endloop
  endfacet
  facet normal -1 0 0
    outer loop
      vertex 37.2571 18.2841 23.8679
      vertex 37.2571 18.3425 27.3396
      vertex 37.2571 18.3575 24.3019
    endloop
  endfacet
  facet normal -1 0 0
    outer loop
      vertex 37.2571 18.2841 23.8679
      vertex 37.2571 18.2675 27.7736
      vertex 37.2571 18.3425 27.3396
    endloop
  endfacet
  facet normal -1 0 0
    outer loop
      vertex 37.2571 18.1917 23.434
      vertex 37.2571 18.2675 27.7736
      vertex 37.2571 18.2841 23.8679
    endloop
  endfacet
  facet normal -1 0 0
    outer loop
      vertex 37.2571 18.1917 23.434
      vertex 37.2571 18.1755 28.2075
      vertex 37.2571 18.2675 27.7736
    endloop
  endfacet
  facet normal -1 0 0
    outer loop
      vertex 37.2571 18.0803 23
      vertex 37.2571 18.1755 28.2075
      vertex 37.2571 18.1917 23.434
    endloop
  endfacet
  facet normal -1 0 0
    outer loop
      vertex 37.2571 18.0803 23
      vertex 37.2571 18.067 28.6415
      vertex 37.2571 18.1755 28.2075
    endloop
  endfacet
  facet normal -1 0 0
    outer loop
      vertex 37.2571 17.9501 22.566
      vertex 37.2571 18.067 28.6415
      vertex 37.2571 18.0803 23
    endloop
  endfacet
  facet normal -1 0 0
    outer loop
      vertex 37.2571 17.8013 22.1321
      vertex 37.2571 18.067 28.6415
      vertex 37.2571 17.9501 22.566
    endloop
  endfacet
  facet normal -1 -0 0
    outer loop
      vertex 37.2571 18.067 28.6415
      vertex 37.2571 17.8013 22.1321
      vertex 37.2571 17.9425 29.0755
    endloop
  endfacet
  facet normal -1 0 0
    outer loop
      vertex 37.2571 17.6344 21.6981
      vertex 37.2571 17.9425 29.0755
      vertex 37.2571 17.8013 22.1321
    endloop
  endfacet
  facet normal -1 -0 0
    outer loop
      vertex 37.2571 17.9425 29.0755
      vertex 37.2571 17.6344 21.6981
      vertex 37.2571 17.8026 29.5094
    endloop
  endfacet
  facet normal -1 0 0
    outer loop
      vertex 37.2571 17.4496 21.2641
      vertex 37.2571 17.8026 29.5094
      vertex 37.2571 17.6344 21.6981
    endloop
  endfacet
  facet normal -1 -0 0
    outer loop
      vertex 37.2571 17.8026 29.5094
      vertex 37.2571 17.4496 21.2641
      vertex 37.2571 17.648 29.9434
    endloop
  endfacet
  facet normal -1 0 0
    outer loop
      vertex 37.2571 17.2475 20.8302
      vertex 37.2571 17.648 29.9434
      vertex 37.2571 17.4496 21.2641
    endloop
  endfacet
  facet normal -1 -0 0
    outer loop
      vertex 37.2571 17.648 29.9434
      vertex 37.2571 17.2475 20.8302
      vertex 37.2571 17.4794 30.3773
    endloop
  endfacet
  facet normal -1 0 0
    outer loop
      vertex 37.2571 17.0286 20.3962
      vertex 37.2571 17.4794 30.3773
      vertex 37.2571 17.2475 20.8302
    endloop
  endfacet
  facet normal -1 -0 0
    outer loop
      vertex 37.2571 17.4794 30.3773
      vertex 37.2571 17.0286 20.3962
      vertex 37.2571 17.2976 30.8113
    endloop
  endfacet
  facet normal -1 0 0
    outer loop
      vertex 37.2571 16.7934 19.9622
      vertex 37.2571 17.2976 30.8113
      vertex 37.2571 17.0286 20.3962
    endloop
  endfacet
  facet normal -1 -0 0
    outer loop
      vertex 37.2571 17.2976 30.8113
      vertex 37.2571 16.7934 19.9622
      vertex 37.2571 17.1033 31.2453
    endloop
  endfacet
  facet normal -1 0 0
    outer loop
      vertex 37.2571 16.5427 19.5283
      vertex 37.2571 17.1033 31.2453
      vertex 37.2571 16.7934 19.9622
    endloop
  endfacet
  facet normal -1 -0 0
    outer loop
      vertex 37.2571 17.1033 31.2453
      vertex 37.2571 16.5427 19.5283
      vertex 37.2571 16.8972 31.6792
    endloop
  endfacet
  facet normal -1 0 0
    outer loop
      vertex 37.2571 16.2772 19.0943
      vertex 37.2571 16.8972 31.6792
      vertex 37.2571 16.5427 19.5283
    endloop
  endfacet
  facet normal -1 -0 0
    outer loop
      vertex 37.2571 16.8972 31.6792
      vertex 37.2571 16.2772 19.0943
      vertex 37.2571 16.6803 32.1132
    endloop
  endfacet
  facet normal -1 0 0
    outer loop
      vertex 37.2571 15.9977 18.6604
      vertex 37.2571 16.6803 32.1132
      vertex 37.2571 16.2772 19.0943
    endloop
  endfacet
  facet normal -1 -0 0
    outer loop
      vertex 37.2571 16.6803 32.1132
      vertex 37.2571 15.9977 18.6604
      vertex 37.2571 16.4534 32.5472
    endloop
  endfacet
  facet normal -1 0 0
    outer loop
      vertex 37.2571 15.705 18.2264
      vertex 37.2571 16.4534 32.5472
      vertex 37.2571 15.9977 18.6604
    endloop
  endfacet
  facet normal -1 -0 0
    outer loop
      vertex 37.2571 16.4534 32.5472
      vertex 37.2571 15.705 18.2264
      vertex 37.2571 16.2173 32.9811
    endloop
  endfacet
  facet normal -1 0 0
    outer loop
      vertex 37.2571 15.4001 17.7924
      vertex 37.2571 16.2173 32.9811
      vertex 37.2571 15.705 18.2264
    endloop
  endfacet
  facet normal -1 -0 0
    outer loop
      vertex 37.2571 16.2173 32.9811
      vertex 37.2571 15.4001 17.7924
      vertex 37.2571 15.973 33.4151
    endloop
  endfacet
  facet normal -1 0 0
    outer loop
      vertex 37.2571 15.0839 17.3585
      vertex 37.2571 15.973 33.4151
      vertex 37.2571 15.4001 17.7924
    endloop
  endfacet
  facet normal -1 -0 0
    outer loop
      vertex 37.2571 15.973 33.4151
      vertex 37.2571 15.0839 17.3585
      vertex 37.2571 15.7212 33.849
    endloop
  endfacet
  facet normal -1 0 0
    outer loop
      vertex 37.2571 14.7575 16.9245
      vertex 37.2571 15.7212 33.849
      vertex 37.2571 15.0839 17.3585
    endloop
  endfacet
  facet normal -1 -0 0
    outer loop
      vertex 37.2571 15.7212 33.849
      vertex 37.2571 14.7575 16.9245
      vertex 37.2571 15.463 34.283
    endloop
  endfacet
  facet normal -1 0 0
    outer loop
      vertex 37.2571 14.422 16.4906
      vertex 37.2571 15.463 34.283
      vertex 37.2571 14.7575 16.9245
    endloop
  endfacet
  facet normal -1 -0 0
    outer loop
      vertex 37.2571 15.463 34.283
      vertex 37.2571 14.422 16.4906
      vertex 37.2571 15.1992 34.717
    endloop
  endfacet
  facet normal -1 0 0
    outer loop
      vertex 37.2571 14.0785 16.0566
      vertex 37.2571 15.1992 34.717
      vertex 37.2571 14.422 16.4906
    endloop
  endfacet
  facet normal -1 -0 0
    outer loop
      vertex 37.2571 15.1992 34.717
      vertex 37.2571 14.0785 16.0566
      vertex 37.2571 14.9307 35.1509
    endloop
  endfacet
  facet normal -1 0 0
    outer loop
      vertex 37.2571 13.7281 15.6226
      vertex 37.2571 14.9307 35.1509
      vertex 37.2571 14.0785 16.0566
    endloop
  endfacet
  facet normal -1 -0 0
    outer loop
      vertex 37.2571 14.9307 35.1509
      vertex 37.2571 13.7281 15.6226
      vertex 37.2571 14.6584 35.5849
    endloop
  endfacet
  facet normal -1 0 0
    outer loop
      vertex 37.2571 13.3721 15.1887
      vertex 37.2571 14.6584 35.5849
      vertex 37.2571 13.7281 15.6226
    endloop
  endfacet
  facet normal -1 -0 0
    outer loop
      vertex 37.2571 14.6584 35.5849
      vertex 37.2571 13.3721 15.1887
      vertex 37.2571 14.3833 36.0189
    endloop
  endfacet
  facet normal -1 0 0
    outer loop
      vertex 37.2571 13.0116 14.7547
      vertex 37.2571 14.3833 36.0189
      vertex 37.2571 13.3721 15.1887
    endloop
  endfacet
  facet normal -1 -0 0
    outer loop
      vertex 37.2571 14.3833 36.0189
      vertex 37.2571 13.0116 14.7547
      vertex 37.2571 14.1062 36.4528
    endloop
  endfacet
  facet normal -1 0 0
    outer loop
      vertex 37.2571 12.6481 14.3207
      vertex 37.2571 14.1062 36.4528
      vertex 37.2571 13.0116 14.7547
    endloop
  endfacet
  facet normal -1 -0 0
    outer loop
      vertex 37.2571 14.1062 36.4528
      vertex 37.2571 12.6481 14.3207
      vertex 37.2571 13.828 36.8868
    endloop
  endfacet
  facet normal -1 0 0
    outer loop
      vertex 37.2571 12.2827 13.8868
      vertex 37.2571 13.828 36.8868
      vertex 37.2571 12.6481 14.3207
    endloop
  endfacet
  facet normal -1 -0 0
    outer loop
      vertex 37.2571 13.828 36.8868
      vertex 37.2571 12.2827 13.8868
      vertex 37.2571 13.5496 37.3207
    endloop
  endfacet
  facet normal -1 0 0
    outer loop
      vertex 37.2571 0 46
      vertex 37.2571 13.5496 37.3207
      vertex 37.2571 12.2827 13.8868
    endloop
  endfacet
  facet normal -1 0 0
    outer loop
      vertex 37.2571 13.5496 37.3207
      vertex 37.2571 0 46
      vertex 37.2571 13.2717 37.7547
    endloop
  endfacet
  facet normal -1 0 0
    outer loop
      vertex 37.2571 13.2717 37.7547
      vertex 37.2571 0 46
      vertex 37.2571 12.9954 38.1887
    endloop
  endfacet
  facet normal -1 0 0
    outer loop
      vertex 37.2571 12.9954 38.1887
      vertex 37.2571 0 46
      vertex 37.2571 12.7212 38.6226
    endloop
  endfacet
  facet normal -1 0 0
    outer loop
      vertex 37.2571 12.7212 38.6226
      vertex 37.2571 0 46
      vertex 37.2571 12.4501 39.0566
    endloop
  endfacet
  facet normal -1 0 0
    outer loop
      vertex 37.2571 12.4501 39.0566
      vertex 37.2571 0 46
      vertex 37.2571 12.1828 39.4906
    endloop
  endfacet
  facet normal -1 0 0
    outer loop
      vertex 37.2571 0 46
      vertex 37.2571 12.2827 13.8868
      vertex 37.2571 11.9168 13.4528
    endloop
  endfacet
  facet normal -1 0 0
    outer loop
      vertex 37.2571 12.1828 39.4906
      vertex 37.2571 0 46
      vertex 37.2571 11.9199 39.9245
    endloop
  endfacet
  facet normal -1 0 0
    outer loop
      vertex 37.2571 0 46
      vertex 37.2571 11.9168 13.4528
      vertex 37.2571 11.5517 13.0189
    endloop
  endfacet
  facet normal -1 0 0
    outer loop
      vertex 37.2571 11.9199 39.9245
      vertex 37.2571 0 46
      vertex 37.2571 11.6623 40.3585
    endloop
  endfacet
  facet normal -1 0 0
    outer loop
      vertex 37.2571 0 46
      vertex 37.2571 11.5517 13.0189
      vertex 37.2571 11.1887 12.5849
    endloop
  endfacet
  facet normal -1 0 0
    outer loop
      vertex 37.2571 11.6623 40.3585
      vertex 37.2571 0 46
      vertex 37.2571 11.4105 40.7924
    endloop
  endfacet
  facet normal -1 0 0
    outer loop
      vertex 37.2571 11.4105 40.7924
      vertex 37.2571 0 46
      vertex 37.2571 11.1651 41.2264
    endloop
  endfacet
  facet normal -1 0 0
    outer loop
      vertex 37.2571 0 46
      vertex 37.2571 11.1887 12.5849
      vertex 37.2571 10.8292 12.1509
    endloop
  endfacet
  facet normal -1 0 0
    outer loop
      vertex 37.2571 11.1651 41.2264
      vertex 37.2571 0 46
      vertex 37.2571 10.9269 41.6604
    endloop
  endfacet
  facet normal -1 0 0
    outer loop
      vertex 37.2571 0 46
      vertex 37.2571 10.8292 12.1509
      vertex 37.2571 10.4746 11.717
    endloop
  endfacet
  facet normal -1 0 0
    outer loop
      vertex 37.2571 10.9269 41.6604
      vertex 37.2571 0 46
      vertex 37.2571 10.6962 42.0943
    endloop
  endfacet
  facet normal -1 0 0
    outer loop
      vertex 37.2571 10.6962 42.0943
      vertex 37.2571 0 46
      vertex 37.2571 10.4737 42.5283
    endloop
  endfacet
  facet normal -1 0 0
    outer loop
      vertex 37.2571 0 46
      vertex 37.2571 10.4746 11.717
      vertex 37.2571 10.126 11.283
    endloop
  endfacet
  facet normal -1 0 0
    outer loop
      vertex 37.2571 10.4737 42.5283
      vertex 37.2571 0 46
      vertex 37.2571 10.2598 42.9622
    endloop
  endfacet
  facet normal -1 0 0
    outer loop
      vertex 37.2571 10.2598 42.9622
      vertex 37.2571 0 46
      vertex 37.2571 10.055 43.3962
    endloop
  endfacet
  facet normal -1 0 0
    outer loop
      vertex 37.2571 0 46
      vertex 37.2571 10.126 11.283
      vertex 37.2571 9.78497 10.849
    endloop
  endfacet
  facet normal -1 0 0
    outer loop
      vertex 37.2571 10.055 43.3962
      vertex 37.2571 0 46
      vertex 37.2571 9.85956 43.8302
    endloop
  endfacet
  facet normal -1 0 0
    outer loop
      vertex 37.2571 9.85956 43.8302
      vertex 37.2571 0 46
      vertex 37.2571 9.67395 44.2641
    endloop
  endfacet
  facet normal -1 0 0
    outer loop
      vertex 37.2571 0 46
      vertex 37.2571 9.78497 10.849
      vertex 37.2571 9.45267 10.4151
    endloop
  endfacet
  facet normal -1 0 0
    outer loop
      vertex 37.2571 9.67395 44.2641
      vertex 37.2571 0 46
      vertex 37.2571 9.49847 44.6981
    endloop
  endfacet
  facet normal -1 0 0
    outer loop
      vertex 37.2571 9.49847 44.6981
      vertex 37.2571 0 46
      vertex 37.2571 9.3334 45.1321
    endloop
  endfacet
  facet normal -1 0 0
    outer loop
      vertex 37.2571 0 46
      vertex 37.2571 9.45267 10.4151
      vertex 37.2571 9.1304 9.98112
    endloop
  endfacet
  facet normal -1 0 0
    outer loop
      vertex 37.2571 9.3334 45.1321
      vertex 37.2571 0 46
      vertex 37.2571 9.17897 45.566
    endloop
  endfacet
  facet normal -1 0 0
    outer loop
      vertex 37.2571 0 46
      vertex 37.2571 9.1304 9.98112
      vertex 37.2571 8.81941 9.54716
    endloop
  endfacet
  facet normal -1 0 0
    outer loop
      vertex 37.2571 0 46
      vertex 37.2571 8.81941 9.54716
      vertex 37.2571 8.52092 9.1132
    endloop
  endfacet
  facet normal -1 0 0
    outer loop
      vertex 37.2571 0 46
      vertex 37.2571 8.52092 9.1132
      vertex 37.2571 8.2361 8.67924
    endloop
  endfacet
  facet normal -1 0 0
    outer loop
      vertex 37.2571 0 46
      vertex 37.2571 8.2361 8.67924
      vertex 37.2571 7.96608 8.24527
    endloop
  endfacet
  facet normal -1 0 0
    outer loop
      vertex 37.2571 0 0
      vertex 37.2571 7.96608 8.24527
      vertex 37.2571 7.71191 7.81131
    endloop
  endfacet
  facet normal -1 0 0
    outer loop
      vertex 37.2571 0 0
      vertex 37.2571 7.71191 7.81131
      vertex 37.2571 7.47464 7.37735
    endloop
  endfacet
  facet normal -1 0 0
    outer loop
      vertex 37.2571 0 0
      vertex 37.2571 7.47464 7.37735
      vertex 37.2571 7.25523 6.94339
    endloop
  endfacet
  facet normal -1 0 0
    outer loop
      vertex 37.2571 0 0
      vertex 37.2571 7.25523 6.94339
      vertex 37.2571 7.05455 6.50943
    endloop
  endfacet
  facet normal -1 0 0
    outer loop
      vertex 37.2571 0 0
      vertex 37.2571 7.05455 6.50943
      vertex 37.2571 6.87346 6.07547
    endloop
  endfacet
  facet normal -1 0 0
    outer loop
      vertex 37.2571 0 0
      vertex 37.2571 6.87346 6.07547
      vertex 37.2571 6.71271 5.64149
    endloop
  endfacet
  facet normal -1 0 0
    outer loop
      vertex 37.2571 0 0
      vertex 37.2571 6.71271 5.64149
      vertex 37.2571 6.57295 5.20753
    endloop
  endfacet
  facet normal -1 0 0
    outer loop
      vertex 37.2571 0 0
      vertex 37.2571 6.57295 5.20753
      vertex 37.2571 6.45482 4.77357
    endloop
  endfacet
  facet normal -1 0 0
    outer loop
      vertex 37.2571 0 0
      vertex 37.2571 6.45482 4.77357
      vertex 37.2571 6.35881 4.33961
    endloop
  endfacet
  facet normal -1 0 0
    outer loop
      vertex 37.2571 0 0
      vertex 37.2571 6.35881 4.33961
      vertex 37.2571 6.28537 3.90565
    endloop
  endfacet
  facet normal -1 0 0
    outer loop
      vertex 37.2571 0 0
      vertex 37.2571 6.28537 3.90565
      vertex 37.2571 6.23482 3.47169
    endloop
  endfacet
  facet normal -1 0 0
    outer loop
      vertex 37.2571 0 0
      vertex 37.2571 6.20741 3.03773
      vertex 37.2571 6.20332 2.60376
    endloop
  endfacet
  facet normal -1 0 0
    outer loop
      vertex 37.2571 0 0
      vertex 37.2571 6.23482 3.47169
      vertex 37.2571 6.20741 3.03773
    endloop
  endfacet
  facet normal -1 -0 0
    outer loop
      vertex 37.2571 7.96608 8.24527
      vertex 37.2571 0 0
      vertex 37.2571 0 46
    endloop
  endfacet
  facet normal -1 0 0
    outer loop
      vertex 37.2571 9.17897 45.566
      vertex 37.2571 0 46
      vertex 37.2571 9.03539 46
    endloop
  endfacet
  facet normal 1 0 0
    outer loop
      vertex 43.4095 18.4606 26.0377
      vertex 43.4095 18.4469 25.1698
      vertex 43.4095 18.4632 25.6038
    endloop
  endfacet
  facet normal 1 0 0
    outer loop
      vertex 43.4095 18.4394 26.4717
      vertex 43.4095 18.4469 25.1698
      vertex 43.4095 18.4606 26.0377
    endloop
  endfacet
  facet normal 1 0 0
    outer loop
      vertex 43.4095 18.4394 26.4717
      vertex 43.4095 18.4118 24.7358
      vertex 43.4095 18.4469 25.1698
    endloop
  endfacet
  facet normal 1 0 0
    outer loop
      vertex 43.4095 18.3999 26.9057
      vertex 43.4095 18.4118 24.7358
      vertex 43.4095 18.4394 26.4717
    endloop
  endfacet
  facet normal 1 0 0
    outer loop
      vertex 43.4095 18.3999 26.9057
      vertex 43.4095 18.3575 24.3019
      vertex 43.4095 18.4118 24.7358
    endloop
  endfacet
  facet normal 1 0 0
    outer loop
      vertex 43.4095 18.3425 27.3396
      vertex 43.4095 18.3575 24.3019
      vertex 43.4095 18.3999 26.9057
    endloop
  endfacet
  facet normal 1 0 0
    outer loop
      vertex 43.4095 18.3425 27.3396
      vertex 43.4095 18.2841 23.8679
      vertex 43.4095 18.3575 24.3019
    endloop
  endfacet
  facet normal 1 0 0
    outer loop
      vertex 43.4095 18.2675 27.7736
      vertex 43.4095 18.2841 23.8679
      vertex 43.4095 18.3425 27.3396
    endloop
  endfacet
  facet normal 1 0 0
    outer loop
      vertex 43.4095 18.2675 27.7736
      vertex 43.4095 18.1917 23.434
      vertex 43.4095 18.2841 23.8679
    endloop
  endfacet
  facet normal 1 0 0
    outer loop
      vertex 43.4095 18.1755 28.2075
      vertex 43.4095 18.1917 23.434
      vertex 43.4095 18.2675 27.7736
    endloop
  endfacet
  facet normal 1 0 0
    outer loop
      vertex 43.4095 18.1755 28.2075
      vertex 43.4095 18.0803 23
      vertex 43.4095 18.1917 23.434
    endloop
  endfacet
  facet normal 1 0 0
    outer loop
      vertex 43.4095 18.067 28.6415
      vertex 43.4095 18.0803 23
      vertex 43.4095 18.1755 28.2075
    endloop
  endfacet
  facet normal 1 0 0
    outer loop
      vertex 43.4095 18.067 28.6415
      vertex 43.4095 17.9501 22.566
      vertex 43.4095 18.0803 23
    endloop
  endfacet
  facet normal 1 0 0
    outer loop
      vertex 43.4095 17.8013 22.1321
      vertex 43.4095 18.067 28.6415
      vertex 43.4095 17.9425 29.0755
    endloop
  endfacet
  facet normal 1 0 0
    outer loop
      vertex 43.4095 17.6344 21.6981
      vertex 43.4095 17.9425 29.0755
      vertex 43.4095 17.8026 29.5094
    endloop
  endfacet
  facet normal 1 0 0
    outer loop
      vertex 43.4095 18.067 28.6415
      vertex 43.4095 17.8013 22.1321
      vertex 43.4095 17.9501 22.566
    endloop
  endfacet
  facet normal 1 0 0
    outer loop
      vertex 43.4095 17.4496 21.2641
      vertex 43.4095 17.8026 29.5094
      vertex 43.4095 17.648 29.9434
    endloop
  endfacet
  facet normal 1 0 0
    outer loop
      vertex 43.4095 17.9425 29.0755
      vertex 43.4095 17.6344 21.6981
      vertex 43.4095 17.8013 22.1321
    endloop
  endfacet
  facet normal 1 0 0
    outer loop
      vertex 43.4095 17.2475 20.8302
      vertex 43.4095 17.648 29.9434
      vertex 43.4095 17.4794 30.3773
    endloop
  endfacet
  facet normal 1 0 0
    outer loop
      vertex 43.4095 17.8026 29.5094
      vertex 43.4095 17.4496 21.2641
      vertex 43.4095 17.6344 21.6981
    endloop
  endfacet
  facet normal 1 0 0
    outer loop
      vertex 43.4095 17.0286 20.3962
      vertex 43.4095 17.4794 30.3773
      vertex 43.4095 17.2976 30.8113
    endloop
  endfacet
  facet normal 1 0 0
    outer loop
      vertex 43.4095 17.648 29.9434
      vertex 43.4095 17.2475 20.8302
      vertex 43.4095 17.4496 21.2641
    endloop
  endfacet
  facet normal 1 0 0
    outer loop
      vertex 43.4095 16.7934 19.9622
      vertex 43.4095 17.2976 30.8113
      vertex 43.4095 17.1033 31.2453
    endloop
  endfacet
  facet normal 1 0 0
    outer loop
      vertex 43.4095 17.4794 30.3773
      vertex 43.4095 17.0286 20.3962
      vertex 43.4095 17.2475 20.8302
    endloop
  endfacet
  facet normal 1 0 0
    outer loop
      vertex 43.4095 16.5427 19.5283
      vertex 43.4095 17.1033 31.2453
      vertex 43.4095 16.8972 31.6792
    endloop
  endfacet
  facet normal 1 0 0
    outer loop
      vertex 43.4095 17.2976 30.8113
      vertex 43.4095 16.7934 19.9622
      vertex 43.4095 17.0286 20.3962
    endloop
  endfacet
  facet normal 1 0 0
    outer loop
      vertex 43.4095 16.2772 19.0943
      vertex 43.4095 16.8972 31.6792
      vertex 43.4095 16.6803 32.1132
    endloop
  endfacet
  facet normal 1 0 0
    outer loop
      vertex 43.4095 17.1033 31.2453
      vertex 43.4095 16.5427 19.5283
      vertex 43.4095 16.7934 19.9622
    endloop
  endfacet
  facet normal 1 0 0
    outer loop
      vertex 43.4095 15.9977 18.6604
      vertex 43.4095 16.6803 32.1132
      vertex 43.4095 16.4534 32.5472
    endloop
  endfacet
  facet normal 1 0 0
    outer loop
      vertex 43.4095 16.8972 31.6792
      vertex 43.4095 16.2772 19.0943
      vertex 43.4095 16.5427 19.5283
    endloop
  endfacet
  facet normal 1 0 0
    outer loop
      vertex 43.4095 15.705 18.2264
      vertex 43.4095 16.4534 32.5472
      vertex 43.4095 16.2173 32.9811
    endloop
  endfacet
  facet normal 1 0 0
    outer loop
      vertex 43.4095 16.6803 32.1132
      vertex 43.4095 15.9977 18.6604
      vertex 43.4095 16.2772 19.0943
    endloop
  endfacet
  facet normal 1 0 0
    outer loop
      vertex 43.4095 15.4001 17.7924
      vertex 43.4095 16.2173 32.9811
      vertex 43.4095 15.973 33.4151
    endloop
  endfacet
  facet normal 1 0 0
    outer loop
      vertex 43.4095 15.0839 17.3585
      vertex 43.4095 15.973 33.4151
      vertex 43.4095 15.7212 33.849
    endloop
  endfacet
  facet normal 1 0 0
    outer loop
      vertex 43.4095 16.4534 32.5472
      vertex 43.4095 15.705 18.2264
      vertex 43.4095 15.9977 18.6604
    endloop
  endfacet
  facet normal 1 0 0
    outer loop
      vertex 43.4095 14.7575 16.9245
      vertex 43.4095 15.7212 33.849
      vertex 43.4095 15.463 34.283
    endloop
  endfacet
  facet normal 1 0 0
    outer loop
      vertex 43.4095 16.2173 32.9811
      vertex 43.4095 15.4001 17.7924
      vertex 43.4095 15.705 18.2264
    endloop
  endfacet
  facet normal 1 0 0
    outer loop
      vertex 43.4095 14.422 16.4906
      vertex 43.4095 15.463 34.283
      vertex 43.4095 15.1992 34.717
    endloop
  endfacet
  facet normal 1 0 0
    outer loop
      vertex 43.4095 15.973 33.4151
      vertex 43.4095 15.0839 17.3585
      vertex 43.4095 15.4001 17.7924
    endloop
  endfacet
  facet normal 1 0 0
    outer loop
      vertex 43.4095 14.0785 16.0566
      vertex 43.4095 15.1992 34.717
      vertex 43.4095 14.9307 35.1509
    endloop
  endfacet
  facet normal 1 0 0
    outer loop
      vertex 43.4095 15.7212 33.849
      vertex 43.4095 14.7575 16.9245
      vertex 43.4095 15.0839 17.3585
    endloop
  endfacet
  facet normal 1 0 0
    outer loop
      vertex 43.4095 13.7281 15.6226
      vertex 43.4095 14.9307 35.1509
      vertex 43.4095 14.6584 35.5849
    endloop
  endfacet
  facet normal 1 0 0
    outer loop
      vertex 43.4095 15.463 34.283
      vertex 43.4095 14.422 16.4906
      vertex 43.4095 14.7575 16.9245
    endloop
  endfacet
  facet normal 1 0 0
    outer loop
      vertex 43.4095 13.3721 15.1887
      vertex 43.4095 14.6584 35.5849
      vertex 43.4095 14.3833 36.0189
    endloop
  endfacet
  facet normal 1 0 0
    outer loop
      vertex 43.4095 13.0116 14.7547
      vertex 43.4095 14.3833 36.0189
      vertex 43.4095 14.1062 36.4528
    endloop
  endfacet
  facet normal 1 0 0
    outer loop
      vertex 43.4095 15.1992 34.717
      vertex 43.4095 14.0785 16.0566
      vertex 43.4095 14.422 16.4906
    endloop
  endfacet
  facet normal 1 0 0
    outer loop
      vertex 43.4095 12.6481 14.3207
      vertex 43.4095 14.1062 36.4528
      vertex 43.4095 13.828 36.8868
    endloop
  endfacet
  facet normal 1 0 0
    outer loop
      vertex 43.4095 14.9307 35.1509
      vertex 43.4095 13.7281 15.6226
      vertex 43.4095 14.0785 16.0566
    endloop
  endfacet
  facet normal 1 0 0
    outer loop
      vertex 43.4095 12.2827 13.8868
      vertex 43.4095 13.828 36.8868
      vertex 43.4095 13.5496 37.3207
    endloop
  endfacet
  facet normal 1 0 0
    outer loop
      vertex 43.4095 14.6584 35.5849
      vertex 43.4095 13.3721 15.1887
      vertex 43.4095 13.7281 15.6226
    endloop
  endfacet
  facet normal 1 0 0
    outer loop
      vertex 43.4095 0 46
      vertex 43.4095 13.5496 37.3207
      vertex 43.4095 13.2717 37.7547
    endloop
  endfacet
  facet normal 1 0 0
    outer loop
      vertex 43.4095 14.3833 36.0189
      vertex 43.4095 13.0116 14.7547
      vertex 43.4095 13.3721 15.1887
    endloop
  endfacet
  facet normal 1 0 0
    outer loop
      vertex 43.4095 0 46
      vertex 43.4095 13.2717 37.7547
      vertex 43.4095 12.9954 38.1887
    endloop
  endfacet
  facet normal 1 0 0
    outer loop
      vertex 43.4095 0 46
      vertex 43.4095 12.9954 38.1887
      vertex 43.4095 12.7212 38.6226
    endloop
  endfacet
  facet normal 1 0 0
    outer loop
      vertex 43.4095 14.1062 36.4528
      vertex 43.4095 12.6481 14.3207
      vertex 43.4095 13.0116 14.7547
    endloop
  endfacet
  facet normal 1 0 0
    outer loop
      vertex 43.4095 0 46
      vertex 43.4095 12.7212 38.6226
      vertex 43.4095 12.4501 39.0566
    endloop
  endfacet
  facet normal 1 0 0
    outer loop
      vertex 43.4095 13.828 36.8868
      vertex 43.4095 12.2827 13.8868
      vertex 43.4095 12.6481 14.3207
    endloop
  endfacet
  facet normal 1 0 0
    outer loop
      vertex 43.4095 0 46
      vertex 43.4095 12.4501 39.0566
      vertex 43.4095 12.1828 39.4906
    endloop
  endfacet
  facet normal 1 0 0
    outer loop
      vertex 43.4095 0 46
      vertex 43.4095 12.1828 39.4906
      vertex 43.4095 11.9199 39.9245
    endloop
  endfacet
  facet normal 1 0 0
    outer loop
      vertex 43.4095 13.5496 37.3207
      vertex 43.4095 0 46
      vertex 43.4095 12.2827 13.8868
    endloop
  endfacet
  facet normal 1 0 0
    outer loop
      vertex 43.4095 0 46
      vertex 43.4095 11.9199 39.9245
      vertex 43.4095 11.6623 40.3585
    endloop
  endfacet
  facet normal 1 0 0
    outer loop
      vertex 43.4095 12.2827 13.8868
      vertex 43.4095 0 46
      vertex 43.4095 11.9168 13.4528
    endloop
  endfacet
  facet normal 1 0 0
    outer loop
      vertex 43.4095 0 46
      vertex 43.4095 11.6623 40.3585
      vertex 43.4095 11.4105 40.7924
    endloop
  endfacet
  facet normal 1 0 0
    outer loop
      vertex 43.4095 11.9168 13.4528
      vertex 43.4095 0 46
      vertex 43.4095 11.5517 13.0189
    endloop
  endfacet
  facet normal 1 0 0
    outer loop
      vertex 43.4095 0 46
      vertex 43.4095 11.4105 40.7924
      vertex 43.4095 11.1651 41.2264
    endloop
  endfacet
  facet normal 1 0 0
    outer loop
      vertex 43.4095 0 46
      vertex 43.4095 11.1651 41.2264
      vertex 43.4095 10.9269 41.6604
    endloop
  endfacet
  facet normal 1 0 0
    outer loop
      vertex 43.4095 11.5517 13.0189
      vertex 43.4095 0 46
      vertex 43.4095 11.1887 12.5849
    endloop
  endfacet
  facet normal 1 0 0
    outer loop
      vertex 43.4095 0 46
      vertex 43.4095 10.9269 41.6604
      vertex 43.4095 10.6962 42.0943
    endloop
  endfacet
  facet normal 1 0 0
    outer loop
      vertex 43.4095 11.1887 12.5849
      vertex 43.4095 0 46
      vertex 43.4095 10.8292 12.1509
    endloop
  endfacet
  facet normal 1 0 0
    outer loop
      vertex 43.4095 0 46
      vertex 43.4095 10.6962 42.0943
      vertex 43.4095 10.4737 42.5283
    endloop
  endfacet
  facet normal 1 0 0
    outer loop
      vertex 43.4095 0 46
      vertex 43.4095 10.4737 42.5283
      vertex 43.4095 10.2598 42.9622
    endloop
  endfacet
  facet normal 1 0 0
    outer loop
      vertex 43.4095 10.8292 12.1509
      vertex 43.4095 0 46
      vertex 43.4095 10.4746 11.717
    endloop
  endfacet
  facet normal 1 0 0
    outer loop
      vertex 43.4095 0 46
      vertex 43.4095 10.2598 42.9622
      vertex 43.4095 10.055 43.3962
    endloop
  endfacet
  facet normal 1 0 0
    outer loop
      vertex 43.4095 0 46
      vertex 43.4095 10.055 43.3962
      vertex 43.4095 9.85956 43.8302
    endloop
  endfacet
  facet normal 1 0 0
    outer loop
      vertex 43.4095 10.4746 11.717
      vertex 43.4095 0 46
      vertex 43.4095 10.126 11.283
    endloop
  endfacet
  facet normal 1 0 0
    outer loop
      vertex 43.4095 0 46
      vertex 43.4095 9.85956 43.8302
      vertex 43.4095 9.67395 44.2641
    endloop
  endfacet
  facet normal 1 0 0
    outer loop
      vertex 43.4095 0 46
      vertex 43.4095 9.67395 44.2641
      vertex 43.4095 9.49847 44.6981
    endloop
  endfacet
  facet normal 1 0 0
    outer loop
      vertex 43.4095 10.126 11.283
      vertex 43.4095 0 46
      vertex 43.4095 9.78497 10.849
    endloop
  endfacet
  facet normal 1 0 0
    outer loop
      vertex 43.4095 0 46
      vertex 43.4095 9.49847 44.6981
      vertex 43.4095 9.3334 45.1321
    endloop
  endfacet
  facet normal 1 0 0
    outer loop
      vertex 43.4095 0 46
      vertex 43.4095 9.3334 45.1321
      vertex 43.4095 9.17897 45.566
    endloop
  endfacet
  facet normal 1 0 0
    outer loop
      vertex 43.4095 9.78497 10.849
      vertex 43.4095 0 46
      vertex 43.4095 9.45267 10.4151
    endloop
  endfacet
  facet normal 1 -0 0
    outer loop
      vertex 43.4095 0 46
      vertex 43.4095 9.17897 45.566
      vertex 43.4095 9.03539 46
    endloop
  endfacet
  facet normal 1 0 0
    outer loop
      vertex 43.4095 9.45267 10.4151
      vertex 43.4095 0 46
      vertex 43.4095 9.1304 9.98112
    endloop
  endfacet
  facet normal 1 0 0
    outer loop
      vertex 43.4095 9.1304 9.98112
      vertex 43.4095 0 46
      vertex 43.4095 8.81941 9.54716
    endloop
  endfacet
  facet normal 1 0 0
    outer loop
      vertex 43.4095 8.81941 9.54716
      vertex 43.4095 0 46
      vertex 43.4095 8.52092 9.1132
    endloop
  endfacet
  facet normal 1 0 0
    outer loop
      vertex 43.4095 8.52092 9.1132
      vertex 43.4095 0 46
      vertex 43.4095 8.2361 8.67924
    endloop
  endfacet
  facet normal 1 0 0
    outer loop
      vertex 43.4095 8.2361 8.67924
      vertex 43.4095 0 46
      vertex 43.4095 7.96608 8.24527
    endloop
  endfacet
  facet normal 1 0 0
    outer loop
      vertex 43.4095 0 0
      vertex 43.4095 7.96608 8.24527
      vertex 43.4095 0 46
    endloop
  endfacet
  facet normal 1 0 0
    outer loop
      vertex 43.4095 7.96608 8.24527
      vertex 43.4095 0 0
      vertex 43.4095 7.71191 7.81131
    endloop
  endfacet
  facet normal 1 0 0
    outer loop
      vertex 43.4095 7.71191 7.81131
      vertex 43.4095 0 0
      vertex 43.4095 7.47464 7.37735
    endloop
  endfacet
  facet normal 1 0 0
    outer loop
      vertex 43.4095 7.47464 7.37735
      vertex 43.4095 0 0
      vertex 43.4095 7.25523 6.94339
    endloop
  endfacet
  facet normal 1 0 0
    outer loop
      vertex 43.4095 7.25523 6.94339
      vertex 43.4095 0 0
      vertex 43.4095 7.05455 6.50943
    endloop
  endfacet
  facet normal 1 0 0
    outer loop
      vertex 43.4095 7.05455 6.50943
      vertex 43.4095 0 0
      vertex 43.4095 6.87346 6.07547
    endloop
  endfacet
  facet normal 1 0 0
    outer loop
      vertex 43.4095 6.87346 6.07547
      vertex 43.4095 0 0
      vertex 43.4095 6.71271 5.64149
    endloop
  endfacet
  facet normal 1 0 0
    outer loop
      vertex 43.4095 6.71271 5.64149
      vertex 43.4095 0 0
      vertex 43.4095 6.57295 5.20753
    endloop
  endfacet
  facet normal 1 0 0
    outer loop
      vertex 43.4095 6.57295 5.20753
      vertex 43.4095 0 0
      vertex 43.4095 6.45482 4.77357
    endloop
  endfacet
  facet normal 1 0 0
    outer loop
      vertex 43.4095 6.45482 4.77357
      vertex 43.4095 0 0
      vertex 43.4095 6.35881 4.33961
    endloop
  endfacet
  facet normal 1 0 0
    outer loop
      vertex 43.4095 6.23482 3.47169
      vertex 43.4095 0 0
      vertex 43.4095 6.20741 3.03773
    endloop
  endfacet
  facet normal 1 0 0
    outer loop
      vertex 43.4095 6.28537 3.90565
      vertex 43.4095 0 0
      vertex 43.4095 6.23482 3.47169
    endloop
  endfacet
  facet normal 1 0 0
    outer loop
      vertex 43.4095 6.35881 4.33961
      vertex 43.4095 0 0
      vertex 43.4095 6.28537 3.90565
    endloop
  endfacet
  facet normal 1 0 0
    outer loop
      vertex 43.4095 6.20741 3.03773
      vertex 43.4095 0 0
      vertex 43.4095 6.20332 2.60376
    endloop
  endfacet
  facet normal 1 0 0
    outer loop
      vertex 43.4095 6.20332 2.60376
      vertex 43.4095 0 0
      vertex 43.4095 6.22261 2.1698
    endloop
  endfacet
  facet normal 1 0 0
    outer loop
      vertex 43.4095 6.53154 0.43396
      vertex 43.4095 0 0
      vertex 43.4095 6.66537 0
    endloop
  endfacet
  facet normal 1 0 0
    outer loop
      vertex 43.4095 6.41998 0.86792
      vertex 43.4095 0 0
      vertex 43.4095 6.53154 0.43396
    endloop
  endfacet
  facet normal 1 0 0
    outer loop
      vertex 43.4095 6.33112 1.30188
      vertex 43.4095 0 0
      vertex 43.4095 6.41998 0.86792
    endloop
  endfacet
  facet normal 1 0 0
    outer loop
      vertex 43.4095 6.26526 1.73584
      vertex 43.4095 0 0
      vertex 43.4095 6.33112 1.30188
    endloop
  endfacet
  facet normal 1 0 0
    outer loop
      vertex 43.4095 6.22261 2.1698
      vertex 43.4095 0 0
      vertex 43.4095 6.26526 1.73584
    endloop
  endfacet
  facet normal 0 0.968509 0.248979
    outer loop
      vertex 43.4095 6.53154 0.43396
      vertex 37.2571 6.41998 0.86792
      vertex 43.4095 6.41998 0.86792
    endloop
  endfacet
  facet normal 0 0.968509 0.248979
    outer loop
      vertex 37.2571 6.41998 0.86792
      vertex 43.4095 6.53154 0.43396
      vertex 37.2571 6.53154 0.43396
    endloop
  endfacet
  facet normal 0 0.979673 0.200603
    outer loop
      vertex 43.4095 6.41998 0.86792
      vertex 37.2571 6.33112 1.30188
      vertex 43.4095 6.33112 1.30188
    endloop
  endfacet
  facet normal 0 0.979673 0.200603
    outer loop
      vertex 37.2571 6.33112 1.30188
      vertex 43.4095 6.41998 0.86792
      vertex 37.2571 6.41998 0.86792
    endloop
  endfacet
  facet normal 0 0.988679 0.150047
    outer loop
      vertex 43.4095 6.33112 1.30188
      vertex 37.2571 6.26526 1.73584
      vertex 43.4095 6.26526 1.73584
    endloop
  endfacet
  facet normal 0 0.988679 0.150047
    outer loop
      vertex 37.2571 6.26526 1.73584
      vertex 43.4095 6.33112 1.30188
      vertex 37.2571 6.33112 1.30188
    endloop
  endfacet
  facet normal 0 0.995205 0.0978097
    outer loop
      vertex 43.4095 6.26526 1.73584
      vertex 37.2571 6.22261 2.1698
      vertex 43.4095 6.22261 2.1698
    endloop
  endfacet
  facet normal 0 0.995205 0.0978097
    outer loop
      vertex 37.2571 6.22261 2.1698
      vertex 43.4095 6.26526 1.73584
      vertex 37.2571 6.26526 1.73584
    endloop
  endfacet
  facet normal 0 0.999014 0.0444073
    outer loop
      vertex 43.4095 6.22261 2.1698
      vertex 37.2571 6.20332 2.60376
      vertex 43.4095 6.20332 2.60376
    endloop
  endfacet
  facet normal 0 0.999014 0.0444073
    outer loop
      vertex 37.2571 6.20332 2.60376
      vertex 43.4095 6.22261 2.1698
      vertex 37.2571 6.22261 2.1698
    endloop
  endfacet
  facet normal 0 0.999956 -0.0094242
    outer loop
      vertex 43.4095 6.20332 2.60376
      vertex 37.2571 6.20741 3.03773
      vertex 43.4095 6.20741 3.03773
    endloop
  endfacet
  facet normal 0 0.999956 -0.0094242
    outer loop
      vertex 37.2571 6.20741 3.03773
      vertex 43.4095 6.20332 2.60376
      vertex 37.2571 6.20332 2.60376
    endloop
  endfacet
  facet normal 0 0.998011 -0.0630369
    outer loop
      vertex 43.4095 6.20741 3.03773
      vertex 37.2571 6.23482 3.47169
      vertex 43.4095 6.23482 3.47169
    endloop
  endfacet
  facet normal 0 0.998011 -0.0630369
    outer loop
      vertex 37.2571 6.23482 3.47169
      vertex 43.4095 6.20741 3.03773
      vertex 37.2571 6.20741 3.03773
    endloop
  endfacet
  facet normal 0 0.993284 -0.115703
    outer loop
      vertex 43.4095 6.23482 3.47169
      vertex 37.2571 6.28537 3.90565
      vertex 43.4095 6.28537 3.90565
    endloop
  endfacet
  facet normal 0 0.993284 -0.115703
    outer loop
      vertex 37.2571 6.28537 3.90565
      vertex 43.4095 6.23482 3.47169
      vertex 37.2571 6.23482 3.47169
    endloop
  endfacet
  facet normal 0 0.985981 -0.16686
    outer loop
      vertex 43.4095 6.28537 3.90565
      vertex 37.2571 6.35881 4.33961
      vertex 43.4095 6.35881 4.33961
    endloop
  endfacet
  facet normal 0 0.985981 -0.16686
    outer loop
      vertex 37.2571 6.35881 4.33961
      vertex 43.4095 6.28537 3.90565
      vertex 37.2571 6.28537 3.90565
    endloop
  endfacet
  facet normal 0 0.976389 -0.216018
    outer loop
      vertex 43.4095 6.35881 4.33961
      vertex 37.2571 6.45482 4.77357
      vertex 43.4095 6.45482 4.77357
    endloop
  endfacet
  facet normal 0 0.976389 -0.216018
    outer loop
      vertex 37.2571 6.45482 4.77357
      vertex 43.4095 6.35881 4.33961
      vertex 37.2571 6.35881 4.33961
    endloop
  endfacet
  facet normal 0 0.964889 -0.262656
    outer loop
      vertex 43.4095 6.45482 4.77357
      vertex 37.2571 6.57295 5.20753
      vertex 43.4095 6.57295 5.20753
    endloop
  endfacet
  facet normal 0 0.964889 -0.262656
    outer loop
      vertex 37.2571 6.57295 5.20753
      vertex 43.4095 6.45482 4.77357
      vertex 37.2571 6.45482 4.77357
    endloop
  endfacet
  facet normal 0 0.951854 -0.306552
    outer loop
      vertex 43.4095 6.57295 5.20753
      vertex 37.2571 6.71271 5.64149
      vertex 43.4095 6.71271 5.64149
    endloop
  endfacet
  facet normal 0 0.951854 -0.306552
    outer loop
      vertex 37.2571 6.71271 5.64149
      vertex 43.4095 6.57295 5.20753
      vertex 37.2571 6.57295 5.20753
    endloop
  endfacet
  facet normal 0 0.937737 -0.347346
    outer loop
      vertex 43.4095 6.71271 5.64149
      vertex 37.2571 6.87346 6.07547
      vertex 43.4095 6.87346 6.07547
    endloop
  endfacet
  facet normal 0 0.937737 -0.347346
    outer loop
      vertex 37.2571 6.87346 6.07547
      vertex 43.4095 6.71271 5.64149
      vertex 37.2571 6.71271 5.64149
    endloop
  endfacet
  facet normal 0 0.92287 -0.385111
    outer loop
      vertex 43.4095 6.87346 6.07547
      vertex 37.2571 7.05455 6.50943
      vertex 43.4095 7.05455 6.50943
    endloop
  endfacet
  facet normal 0 0.92287 -0.385111
    outer loop
      vertex 37.2571 7.05455 6.50943
      vertex 43.4095 6.87346 6.07547
      vertex 37.2571 6.87346 6.07547
    endloop
  endfacet
  facet normal 0 0.907648 -0.419732
    outer loop
      vertex 43.4095 7.05455 6.50943
      vertex 37.2571 7.25523 6.94339
      vertex 43.4095 7.25523 6.94339
    endloop
  endfacet
  facet normal 0 0.907648 -0.419732
    outer loop
      vertex 37.2571 7.25523 6.94339
      vertex 43.4095 7.05455 6.50943
      vertex 37.2571 7.05455 6.50943
    endloop
  endfacet
  facet normal 0 0.892419 -0.451207
    outer loop
      vertex 43.4095 7.25523 6.94339
      vertex 37.2571 7.47464 7.37735
      vertex 43.4095 7.47464 7.37735
    endloop
  endfacet
  facet normal 0 0.892419 -0.451207
    outer loop
      vertex 37.2571 7.47464 7.37735
      vertex 43.4095 7.25523 6.94339
      vertex 37.2571 7.25523 6.94339
    endloop
  endfacet
  facet normal 0 0.877415 -0.479732
    outer loop
      vertex 43.4095 7.47464 7.37735
      vertex 37.2571 7.71191 7.81131
      vertex 43.4095 7.71191 7.81131
    endloop
  endfacet
  facet normal 0 0.877415 -0.479732
    outer loop
      vertex 37.2571 7.71191 7.81131
      vertex 43.4095 7.47464 7.37735
      vertex 37.2571 7.47464 7.37735
    endloop
  endfacet
  facet normal 0 0.862889 -0.505393
    outer loop
      vertex 43.4095 7.71191 7.81131
      vertex 37.2571 7.96608 8.24527
      vertex 43.4095 7.96608 8.24527
    endloop
  endfacet
  facet normal 0 0.862889 -0.505393
    outer loop
      vertex 37.2571 7.96608 8.24527
      vertex 43.4095 7.71191 7.81131
      vertex 37.2571 7.71191 7.81131
    endloop
  endfacet
  facet normal 0 0.849062 -0.528294
    outer loop
      vertex 43.4095 7.96608 8.24527
      vertex 37.2571 8.2361 8.67924
      vertex 43.4095 8.2361 8.67924
    endloop
  endfacet
  facet normal 0 0.849062 -0.528294
    outer loop
      vertex 37.2571 8.2361 8.67924
      vertex 43.4095 7.96608 8.24527
      vertex 37.2571 7.96608 8.24527
    endloop
  endfacet
  facet normal 0 0.836018 -0.548702
    outer loop
      vertex 43.4095 8.2361 8.67924
      vertex 37.2571 8.52092 9.1132
      vertex 43.4095 8.52092 9.1132
    endloop
  endfacet
  facet normal 0 0.836018 -0.548702
    outer loop
      vertex 37.2571 8.52092 9.1132
      vertex 43.4095 8.2361 8.67924
      vertex 37.2571 8.2361 8.67924
    endloop
  endfacet
  facet normal 0 0.823916 -0.566713
    outer loop
      vertex 43.4095 8.52092 9.1132
      vertex 37.2571 8.81941 9.54716
      vertex 43.4095 8.81941 9.54716
    endloop
  endfacet
  facet normal 0 0.823916 -0.566713
    outer loop
      vertex 37.2571 8.81941 9.54716
      vertex 43.4095 8.52092 9.1132
      vertex 37.2571 8.52092 9.1132
    endloop
  endfacet
  facet normal 0 0.81283 -0.582501
    outer loop
      vertex 43.4095 8.81941 9.54716
      vertex 37.2571 9.1304 9.98112
      vertex 43.4095 9.1304 9.98112
    endloop
  endfacet
  facet normal 0 0.81283 -0.582501
    outer loop
      vertex 37.2571 9.1304 9.98112
      vertex 43.4095 8.81941 9.54716
      vertex 37.2571 8.81941 9.54716
    endloop
  endfacet
  facet normal 0 0.802846 -0.596187
    outer loop
      vertex 43.4095 9.1304 9.98112
      vertex 37.2571 9.45267 10.4151
      vertex 43.4095 9.45267 10.4151
    endloop
  endfacet
  facet normal 0 0.802846 -0.596187
    outer loop
      vertex 37.2571 9.45267 10.4151
      vertex 43.4095 9.1304 9.98112
      vertex 37.2571 9.1304 9.98112
    endloop
  endfacet
  facet normal 0 0.793921 -0.60802
    outer loop
      vertex 43.4095 9.45267 10.4151
      vertex 37.2571 9.78497 10.849
      vertex 43.4095 9.78497 10.849
    endloop
  endfacet
  facet normal 0 0.793921 -0.60802
    outer loop
      vertex 37.2571 9.78497 10.849
      vertex 43.4095 9.45267 10.4151
      vertex 37.2571 9.45267 10.4151
    endloop
  endfacet
  facet normal 0 0.786292 -0.617855
    outer loop
      vertex 43.4095 9.78497 10.849
      vertex 37.2571 10.126 11.283
      vertex 43.4095 10.126 11.283
    endloop
  endfacet
  facet normal 0 0.786292 -0.617855
    outer loop
      vertex 37.2571 10.126 11.283
      vertex 43.4095 9.78497 10.849
      vertex 37.2571 9.78497 10.849
    endloop
  endfacet
  facet normal 0 0.77964 -0.626227
    outer loop
      vertex 43.4095 10.126 11.283
      vertex 37.2571 10.4746 11.717
      vertex 43.4095 10.4746 11.717
    endloop
  endfacet
  facet normal 0 0.77964 -0.626227
    outer loop
      vertex 37.2571 10.4746 11.717
      vertex 43.4095 10.126 11.283
      vertex 37.2571 10.126 11.283
    endloop
  endfacet
  facet normal 0 0.774315 -0.6328
    outer loop
      vertex 43.4095 10.4746 11.717
      vertex 37.2571 10.8292 12.1509
      vertex 43.4095 10.8292 12.1509
    endloop
  endfacet
  facet normal 0 0.774315 -0.6328
    outer loop
      vertex 37.2571 10.8292 12.1509
      vertex 43.4095 10.4746 11.717
      vertex 37.2571 10.4746 11.717
    endloop
  endfacet
  facet normal 0 0.770109 -0.637913
    outer loop
      vertex 43.4095 10.8292 12.1509
      vertex 37.2571 11.1887 12.5849
      vertex 43.4095 11.1887 12.5849
    endloop
  endfacet
  facet normal 0 0.770109 -0.637913
    outer loop
      vertex 37.2571 11.1887 12.5849
      vertex 43.4095 10.8292 12.1509
      vertex 37.2571 10.8292 12.1509
    endloop
  endfacet
  facet normal 0 0.767061 -0.641574
    outer loop
      vertex 43.4095 11.1887 12.5849
      vertex 37.2571 11.5517 13.0189
      vertex 43.4095 11.5517 13.0189
    endloop
  endfacet
  facet normal 0 0.767061 -0.641574
    outer loop
      vertex 37.2571 11.5517 13.0189
      vertex 43.4095 11.1887 12.5849
      vertex 37.2571 11.1887 12.5849
    endloop
  endfacet
  facet normal 0 0.765163 -0.643837
    outer loop
      vertex 43.4095 11.5517 13.0189
      vertex 37.2571 11.9168 13.4528
      vertex 43.4095 11.9168 13.4528
    endloop
  endfacet
  facet normal 0 0.765163 -0.643837
    outer loop
      vertex 37.2571 11.9168 13.4528
      vertex 43.4095 11.5517 13.0189
      vertex 37.2571 11.5517 13.0189
    endloop
  endfacet
  facet normal 0 0.764541 -0.644575
    outer loop
      vertex 43.4095 11.9168 13.4528
      vertex 37.2571 12.2827 13.8868
      vertex 43.4095 12.2827 13.8868
    endloop
  endfacet
  facet normal 0 0.764541 -0.644575
    outer loop
      vertex 37.2571 12.2827 13.8868
      vertex 43.4095 11.9168 13.4528
      vertex 37.2571 11.9168 13.4528
    endloop
  endfacet
  facet normal 0 0.764902 -0.644147
    outer loop
      vertex 43.4095 12.2827 13.8868
      vertex 37.2571 12.6481 14.3207
      vertex 43.4095 12.6481 14.3207
    endloop
  endfacet
  facet normal 0 0.764902 -0.644147
    outer loop
      vertex 37.2571 12.6481 14.3207
      vertex 43.4095 12.2827 13.8868
      vertex 37.2571 12.2827 13.8868
    endloop
  endfacet
  facet normal 0 0.766626 -0.642094
    outer loop
      vertex 43.4095 12.6481 14.3207
      vertex 37.2571 13.0116 14.7547
      vertex 43.4095 13.0116 14.7547
    endloop
  endfacet
  facet normal 0 0.766626 -0.642094
    outer loop
      vertex 37.2571 13.0116 14.7547
      vertex 43.4095 12.6481 14.3207
      vertex 37.2571 12.6481 14.3207
    endloop
  endfacet
  facet normal 0 0.769237 -0.638963
    outer loop
      vertex 43.4095 13.0116 14.7547
      vertex 37.2571 13.3721 15.1887
      vertex 43.4095 13.3721 15.1887
    endloop
  endfacet
  facet normal 0 0.769237 -0.638963
    outer loop
      vertex 37.2571 13.3721 15.1887
      vertex 43.4095 13.0116 14.7547
      vertex 37.2571 13.0116 14.7547
    endloop
  endfacet
  facet normal 0 0.773091 -0.634295
    outer loop
      vertex 43.4095 13.3721 15.1887
      vertex 37.2571 13.7281 15.6226
      vertex 43.4095 13.7281 15.6226
    endloop
  endfacet
  facet normal 0 0.773091 -0.634295
    outer loop
      vertex 37.2571 13.7281 15.6226
      vertex 43.4095 13.3721 15.1887
      vertex 37.2571 13.3721 15.1887
    endloop
  endfacet
  facet normal 0 0.778063 -0.628187
    outer loop
      vertex 43.4095 13.7281 15.6226
      vertex 37.2571 14.0785 16.0566
      vertex 43.4095 14.0785 16.0566
    endloop
  endfacet
  facet normal 0 0.778063 -0.628187
    outer loop
      vertex 37.2571 14.0785 16.0566
      vertex 43.4095 13.7281 15.6226
      vertex 37.2571 13.7281 15.6226
    endloop
  endfacet
  facet normal 0 0.784119 -0.62061
    outer loop
      vertex 43.4095 14.0785 16.0566
      vertex 37.2571 14.422 16.4906
      vertex 43.4095 14.422 16.4906
    endloop
  endfacet
  facet normal 0 0.784119 -0.62061
    outer loop
      vertex 37.2571 14.422 16.4906
      vertex 43.4095 14.0785 16.0566
      vertex 37.2571 14.0785 16.0566
    endloop
  endfacet
  facet normal 0 0.791097 -0.611691
    outer loop
      vertex 43.4095 14.422 16.4906
      vertex 37.2571 14.7575 16.9245
      vertex 43.4095 14.7575 16.9245
    endloop
  endfacet
  facet normal 0 0.791097 -0.611691
    outer loop
      vertex 37.2571 14.7575 16.9245
      vertex 43.4095 14.422 16.4906
      vertex 37.2571 14.422 16.4906
    endloop
  endfacet
  facet normal 0 0.799204 -0.60106
    outer loop
      vertex 43.4095 14.7575 16.9245
      vertex 37.2571 15.0839 17.3585
      vertex 43.4095 15.0839 17.3585
    endloop
  endfacet
  facet normal 0 0.799204 -0.60106
    outer loop
      vertex 37.2571 15.0839 17.3585
      vertex 43.4095 14.7575 16.9245
      vertex 37.2571 14.7575 16.9245
    endloop
  endfacet
  facet normal 0 0.808172 -0.588947
    outer loop
      vertex 43.4095 15.0839 17.3585
      vertex 37.2571 15.4001 17.7924
      vertex 43.4095 15.4001 17.7924
    endloop
  endfacet
  facet normal 0 0.808172 -0.588947
    outer loop
      vertex 37.2571 15.4001 17.7924
      vertex 43.4095 15.0839 17.3585
      vertex 37.2571 15.0839 17.3585
    endloop
  endfacet
  facet normal 0 0.818256 -0.574853
    outer loop
      vertex 43.4095 15.4001 17.7924
      vertex 37.2571 15.705 18.2264
      vertex 43.4095 15.705 18.2264
    endloop
  endfacet
  facet normal 0 0.818256 -0.574853
    outer loop
      vertex 37.2571 15.705 18.2264
      vertex 43.4095 15.4001 17.7924
      vertex 37.2571 15.4001 17.7924
    endloop
  endfacet
  facet normal 0 0.82907 -0.559145
    outer loop
      vertex 43.4095 15.705 18.2264
      vertex 37.2571 15.9977 18.6604
      vertex 43.4095 15.9977 18.6604
    endloop
  endfacet
  facet normal 0 0.82907 -0.559145
    outer loop
      vertex 37.2571 15.9977 18.6604
      vertex 43.4095 15.705 18.2264
      vertex 37.2571 15.705 18.2264
    endloop
  endfacet
  facet normal 0 0.840681 -0.541531
    outer loop
      vertex 43.4095 15.9977 18.6604
      vertex 37.2571 16.2772 19.0943
      vertex 43.4095 16.2772 19.0943
    endloop
  endfacet
  facet normal 0 0.840681 -0.541531
    outer loop
      vertex 37.2571 16.2772 19.0943
      vertex 43.4095 15.9977 18.6604
      vertex 37.2571 15.9977 18.6604
    endloop
  endfacet
  facet normal 0 0.853039 -0.521847
    outer loop
      vertex 43.4095 16.2772 19.0943
      vertex 37.2571 16.5427 19.5283
      vertex 43.4095 16.5427 19.5283
    endloop
  endfacet
  facet normal 0 0.853039 -0.521847
    outer loop
      vertex 37.2571 16.5427 19.5283
      vertex 43.4095 16.2772 19.0943
      vertex 37.2571 16.2772 19.0943
    endloop
  endfacet
  facet normal 0 0.865863 -0.500281
    outer loop
      vertex 43.4095 16.5427 19.5283
      vertex 37.2571 16.7934 19.9622
      vertex 43.4095 16.7934 19.9622
    endloop
  endfacet
  facet normal 0 0.865863 -0.500281
    outer loop
      vertex 37.2571 16.7934 19.9622
      vertex 43.4095 16.5427 19.5283
      vertex 37.2571 16.5427 19.5283
    endloop
  endfacet
  facet normal 0 0.879193 -0.476466
    outer loop
      vertex 43.4095 16.7934 19.9622
      vertex 37.2571 17.0286 20.3962
      vertex 43.4095 17.0286 20.3962
    endloop
  endfacet
  facet normal 0 0.879193 -0.476466
    outer loop
      vertex 37.2571 17.0286 20.3962
      vertex 43.4095 16.7934 19.9622
      vertex 37.2571 16.7934 19.9622
    endloop
  endfacet
  facet normal 0 0.892858 -0.450338
    outer loop
      vertex 43.4095 17.0286 20.3962
      vertex 37.2571 17.2475 20.8302
      vertex 43.4095 17.2475 20.8302
    endloop
  endfacet
  facet normal 0 0.892858 -0.450338
    outer loop
      vertex 37.2571 17.2475 20.8302
      vertex 43.4095 17.0286 20.3962
      vertex 37.2571 17.0286 20.3962
    endloop
  endfacet
  facet normal 0 0.906492 -0.422222
    outer loop
      vertex 43.4095 17.2475 20.8302
      vertex 37.2571 17.4496 21.2641
      vertex 43.4095 17.4496 21.2641
    endloop
  endfacet
  facet normal 0 0.906492 -0.422222
    outer loop
      vertex 37.2571 17.4496 21.2641
      vertex 43.4095 17.2475 20.8302
      vertex 37.2571 17.2475 20.8302
    endloop
  endfacet
  facet normal 0 0.920064 -0.391769
    outer loop
      vertex 43.4095 17.4496 21.2641
      vertex 37.2571 17.6344 21.6981
      vertex 43.4095 17.6344 21.6981
    endloop
  endfacet
  facet normal 0 0.920064 -0.391769
    outer loop
      vertex 37.2571 17.6344 21.6981
      vertex 43.4095 17.4496 21.2641
      vertex 37.2571 17.4496 21.2641
    endloop
  endfacet
  facet normal 0 0.933362 -0.358936
    outer loop
      vertex 43.4095 17.6344 21.6981
      vertex 37.2571 17.8013 22.1321
      vertex 43.4095 17.8013 22.1321
    endloop
  endfacet
  facet normal 0 0.933362 -0.358936
    outer loop
      vertex 37.2571 17.8013 22.1321
      vertex 43.4095 17.6344 21.6981
      vertex 37.2571 17.6344 21.6981
    endloop
  endfacet
  facet normal 0 0.945923 -0.324391
    outer loop
      vertex 43.4095 17.8013 22.1321
      vertex 37.2571 17.9501 22.566
      vertex 43.4095 17.9501 22.566
    endloop
  endfacet
  facet normal 0 0.945923 -0.324391
    outer loop
      vertex 37.2571 17.9501 22.566
      vertex 43.4095 17.8013 22.1321
      vertex 37.2571 17.8013 22.1321
    endloop
  endfacet
  facet normal 0 0.957826 -0.287348
    outer loop
      vertex 43.4095 17.9501 22.566
      vertex 37.2571 18.0803 23
      vertex 43.4095 18.0803 23
    endloop
  endfacet
  facet normal 0 0.957826 -0.287348
    outer loop
      vertex 37.2571 18.0803 23
      vertex 43.4095 17.9501 22.566
      vertex 37.2571 17.9501 22.566
    endloop
  endfacet
  facet normal 0 0.968601 -0.248622
    outer loop
      vertex 43.4095 18.0803 23
      vertex 37.2571 18.1917 23.434
      vertex 43.4095 18.1917 23.434
    endloop
  endfacet
  facet normal 0 0.968601 -0.248622
    outer loop
      vertex 37.2571 18.1917 23.434
      vertex 43.4095 18.0803 23
      vertex 37.2571 18.0803 23
    endloop
  endfacet
  facet normal 0 0.978069 -0.208282
    outer loop
      vertex 43.4095 18.1917 23.434
      vertex 37.2571 18.2841 23.8679
      vertex 43.4095 18.2841 23.8679
    endloop
  endfacet
  facet normal 0 0.978069 -0.208282
    outer loop
      vertex 37.2571 18.2841 23.8679
      vertex 43.4095 18.1917 23.434
      vertex 37.2571 18.1917 23.434
    endloop
  endfacet
  facet normal 0 0.985998 -0.166756
    outer loop
      vertex 43.4095 18.2841 23.8679
      vertex 37.2571 18.3575 24.3019
      vertex 43.4095 18.3575 24.3019
    endloop
  endfacet
  facet normal 0 0.985998 -0.166756
    outer loop
      vertex 37.2571 18.3575 24.3019
      vertex 43.4095 18.2841 23.8679
      vertex 37.2571 18.2841 23.8679
    endloop
  endfacet
  facet normal 0 0.99226 -0.124175
    outer loop
      vertex 43.4095 18.3575 24.3019
      vertex 37.2571 18.4118 24.7358
      vertex 43.4095 18.4118 24.7358
    endloop
  endfacet
  facet normal 0 0.99226 -0.124175
    outer loop
      vertex 37.2571 18.4118 24.7358
      vertex 43.4095 18.3575 24.3019
      vertex 37.2571 18.3575 24.3019
    endloop
  endfacet
  facet normal 0 0.996746 -0.0806124
    outer loop
      vertex 43.4095 18.4118 24.7358
      vertex 37.2571 18.4469 25.1698
      vertex 43.4095 18.4469 25.1698
    endloop
  endfacet
  facet normal 0 0.996746 -0.0806124
    outer loop
      vertex 37.2571 18.4469 25.1698
      vertex 43.4095 18.4118 24.7358
      vertex 37.2571 18.4118 24.7358
    endloop
  endfacet
  facet normal 0 0.999295 -0.0375311
    outer loop
      vertex 43.4095 18.4469 25.1698
      vertex 37.2571 18.4632 25.6038
      vertex 43.4095 18.4632 25.6038
    endloop
  endfacet
  facet normal 0 0.999295 -0.0375311
    outer loop
      vertex 37.2571 18.4632 25.6038
      vertex 43.4095 18.4469 25.1698
      vertex 37.2571 18.4469 25.1698
    endloop
  endfacet
  facet normal 0 0.999982 0.00599206
    outer loop
      vertex 43.4095 18.4632 25.6038
      vertex 37.2571 18.4606 26.0377
      vertex 43.4095 18.4606 26.0377
    endloop
  endfacet
  facet normal 0 0.999982 0.00599206
    outer loop
      vertex 37.2571 18.4606 26.0377
      vertex 43.4095 18.4632 25.6038
      vertex 37.2571 18.4632 25.6038
    endloop
  endfacet
  facet normal 0 0.998809 0.0487898
    outer loop
      vertex 43.4095 18.4606 26.0377
      vertex 37.2571 18.4394 26.4717
      vertex 43.4095 18.4394 26.4717
    endloop
  endfacet
  facet normal 0 0.998809 0.0487898
    outer loop
      vertex 37.2571 18.4394 26.4717
      vertex 43.4095 18.4606 26.0377
      vertex 37.2571 18.4606 26.0377
    endloop
  endfacet
  facet normal 0 0.995884 0.0906392
    outer loop
      vertex 43.4095 18.4394 26.4717
      vertex 37.2571 18.3999 26.9057
      vertex 43.4095 18.3999 26.9057
    endloop
  endfacet
  facet normal 0 0.995884 0.0906392
    outer loop
      vertex 37.2571 18.3999 26.9057
      vertex 43.4095 18.4394 26.4717
      vertex 37.2571 18.4394 26.4717
    endloop
  endfacet
  facet normal 0 0.991363 0.131146
    outer loop
      vertex 43.4095 18.3999 26.9057
      vertex 37.2571 18.3425 27.3396
      vertex 43.4095 18.3425 27.3396
    endloop
  endfacet
  facet normal 0 0.991363 0.131146
    outer loop
      vertex 37.2571 18.3425 27.3396
      vertex 43.4095 18.3999 26.9057
      vertex 37.2571 18.3999 26.9057
    endloop
  endfacet
  facet normal 0 0.985394 0.170287
    outer loop
      vertex 43.4095 18.3425 27.3396
      vertex 37.2571 18.2675 27.7736
      vertex 43.4095 18.2675 27.7736
    endloop
  endfacet
  facet normal 0 0.985394 0.170287
    outer loop
      vertex 37.2571 18.2675 27.7736
      vertex 43.4095 18.3425 27.3396
      vertex 37.2571 18.3425 27.3396
    endloop
  endfacet
  facet normal 0 0.978252 0.207419
    outer loop
      vertex 43.4095 18.2675 27.7736
      vertex 37.2571 18.1755 28.2075
      vertex 43.4095 18.1755 28.2075
    endloop
  endfacet
  facet normal 0 0.978252 0.207419
    outer loop
      vertex 37.2571 18.1755 28.2075
      vertex 43.4095 18.2675 27.7736
      vertex 37.2571 18.2675 27.7736
    endloop
  endfacet
  facet normal 0 0.970143 0.242536
    outer loop
      vertex 43.4095 18.1755 28.2075
      vertex 37.2571 18.067 28.6415
      vertex 43.4095 18.067 28.6415
    endloop
  endfacet
  facet normal 0 0.970143 0.242536
    outer loop
      vertex 37.2571 18.067 28.6415
      vertex 43.4095 18.1755 28.2075
      vertex 37.2571 18.1755 28.2075
    endloop
  endfacet
  facet normal 0 0.961231 0.275745
    outer loop
      vertex 43.4095 18.067 28.6415
      vertex 37.2571 17.9425 29.0755
      vertex 43.4095 17.9425 29.0755
    endloop
  endfacet
  facet normal 0 0.961231 0.275745
    outer loop
      vertex 37.2571 17.9425 29.0755
      vertex 43.4095 18.067 28.6415
      vertex 37.2571 18.067 28.6415
    endloop
  endfacet
  facet normal 0 0.951752 0.306868
    outer loop
      vertex 43.4095 17.9425 29.0755
      vertex 37.2571 17.8026 29.5094
      vertex 43.4095 17.8026 29.5094
    endloop
  endfacet
  facet normal 0 0.951752 0.306868
    outer loop
      vertex 37.2571 17.8026 29.5094
      vertex 43.4095 17.9425 29.0755
      vertex 37.2571 17.9425 29.0755
    endloop
  endfacet
  facet normal 0 0.942017 0.335566
    outer loop
      vertex 43.4095 17.8026 29.5094
      vertex 37.2571 17.648 29.9434
      vertex 43.4095 17.648 29.9434
    endloop
  endfacet
  facet normal 0 0.942017 0.335566
    outer loop
      vertex 37.2571 17.648 29.9434
      vertex 43.4095 17.8026 29.5094
      vertex 37.2571 17.8026 29.5094
    endloop
  endfacet
  facet normal 0 0.932105 0.362187
    outer loop
      vertex 43.4095 17.648 29.9434
      vertex 37.2571 17.4794 30.3773
      vertex 43.4095 17.4794 30.3773
    endloop
  endfacet
  facet normal 0 0.932105 0.362187
    outer loop
      vertex 37.2571 17.4794 30.3773
      vertex 43.4095 17.648 29.9434
      vertex 37.2571 17.648 29.9434
    endloop
  endfacet
  facet normal 0 0.922346 0.386365
    outer loop
      vertex 43.4095 17.4794 30.3773
      vertex 37.2571 17.2976 30.8113
      vertex 43.4095 17.2976 30.8113
    endloop
  endfacet
  facet normal 0 0.922346 0.386365
    outer loop
      vertex 37.2571 17.2976 30.8113
      vertex 43.4095 17.4794 30.3773
      vertex 37.2571 17.4794 30.3773
    endloop
  endfacet
  facet normal 0 0.912707 0.408615
    outer loop
      vertex 43.4095 17.2976 30.8113
      vertex 37.2571 17.1033 31.2453
      vertex 43.4095 17.1033 31.2453
    endloop
  endfacet
  facet normal 0 0.912707 0.408615
    outer loop
      vertex 37.2571 17.1033 31.2453
      vertex 43.4095 17.2976 30.8113
      vertex 37.2571 17.2976 30.8113
    endloop
  endfacet
  facet normal 0 0.90328 0.429053
    outer loop
      vertex 43.4095 17.1033 31.2453
      vertex 37.2571 16.8972 31.6792
      vertex 43.4095 16.8972 31.6792
    endloop
  endfacet
  facet normal 0 0.90328 0.429053
    outer loop
      vertex 37.2571 16.8972 31.6792
      vertex 43.4095 17.1033 31.2453
      vertex 37.2571 17.1033 31.2453
    endloop
  endfacet
  facet normal 0 0.89451 0.447049
    outer loop
      vertex 43.4095 16.8972 31.6792
      vertex 37.2571 16.6803 32.1132
      vertex 43.4095 16.6803 32.1132
    endloop
  endfacet
  facet normal 0 0.89451 0.447049
    outer loop
      vertex 37.2571 16.6803 32.1132
      vertex 43.4095 16.8972 31.6792
      vertex 37.2571 16.8972 31.6792
    endloop
  endfacet
  facet normal 0 0.886195 0.463313
    outer loop
      vertex 43.4095 16.6803 32.1132
      vertex 37.2571 16.4534 32.5472
      vertex 43.4095 16.4534 32.5472
    endloop
  endfacet
  facet normal 0 0.886195 0.463313
    outer loop
      vertex 37.2571 16.4534 32.5472
      vertex 43.4095 16.6803 32.1132
      vertex 37.2571 16.6803 32.1132
    endloop
  endfacet
  facet normal 0 0.878383 0.477958
    outer loop
      vertex 43.4095 16.4534 32.5472
      vertex 37.2571 16.2173 32.9811
      vertex 43.4095 16.2173 32.9811
    endloop
  endfacet
  facet normal 0 0.878383 0.477958
    outer loop
      vertex 37.2571 16.2173 32.9811
      vertex 43.4095 16.4534 32.5472
      vertex 37.2571 16.4534 32.5472
    endloop
  endfacet
  facet normal 0 0.871425 0.490528
    outer loop
      vertex 43.4095 16.2173 32.9811
      vertex 37.2571 15.973 33.4151
      vertex 43.4095 15.973 33.4151
    endloop
  endfacet
  facet normal 0 0.871425 0.490528
    outer loop
      vertex 37.2571 15.973 33.4151
      vertex 43.4095 16.2173 32.9811
      vertex 37.2571 16.2173 32.9811
    endloop
  endfacet
  facet normal 0 0.864912 0.501924
    outer loop
      vertex 43.4095 15.973 33.4151
      vertex 37.2571 15.7212 33.849
      vertex 43.4095 15.7212 33.849
    endloop
  endfacet
  facet normal 0 0.864912 0.501924
    outer loop
      vertex 37.2571 15.7212 33.849
      vertex 43.4095 15.973 33.4151
      vertex 37.2571 15.973 33.4151
    endloop
  endfacet
  facet normal 0 0.859409 0.511289
    outer loop
      vertex 43.4095 15.7212 33.849
      vertex 37.2571 15.463 34.283
      vertex 43.4095 15.463 34.283
    endloop
  endfacet
  facet normal 0 0.859409 0.511289
    outer loop
      vertex 37.2571 15.463 34.283
      vertex 43.4095 15.7212 33.849
      vertex 37.2571 15.7212 33.849
    endloop
  endfacet
  facet normal 0 0.854525 0.51941
    outer loop
      vertex 43.4095 15.463 34.283
      vertex 37.2571 15.1992 34.717
      vertex 43.4095 15.1992 34.717
    endloop
  endfacet
  facet normal 0 0.854525 0.51941
    outer loop
      vertex 37.2571 15.1992 34.717
      vertex 43.4095 15.463 34.283
      vertex 37.2571 15.463 34.283
    endloop
  endfacet
  facet normal 0 0.850357 0.526206
    outer loop
      vertex 43.4095 15.1992 34.717
      vertex 37.2571 14.9307 35.1509
      vertex 43.4095 14.9307 35.1509
    endloop
  endfacet
  facet normal 0 0.850357 0.526206
    outer loop
      vertex 37.2571 14.9307 35.1509
      vertex 43.4095 15.1992 34.717
      vertex 37.2571 15.1992 34.717
    endloop
  endfacet
  facet normal 0 0.847076 0.531472
    outer loop
      vertex 43.4095 14.9307 35.1509
      vertex 37.2571 14.6584 35.5849
      vertex 43.4095 14.6584 35.5849
    endloop
  endfacet
  facet normal 0 0.847076 0.531472
    outer loop
      vertex 37.2571 14.6584 35.5849
      vertex 43.4095 14.9307 35.1509
      vertex 37.2571 14.9307 35.1509
    endloop
  endfacet
  facet normal 0 0.844614 0.535376
    outer loop
      vertex 43.4095 14.6584 35.5849
      vertex 37.2571 14.3833 36.0189
      vertex 43.4095 14.3833 36.0189
    endloop
  endfacet
  facet normal 0 0.844614 0.535376
    outer loop
      vertex 37.2571 14.3833 36.0189
      vertex 43.4095 14.6584 35.5849
      vertex 37.2571 14.6584 35.5849
    endloop
  endfacet
  facet normal 0 0.842797 0.538232
    outer loop
      vertex 43.4095 14.3833 36.0189
      vertex 37.2571 14.1062 36.4528
      vertex 43.4095 14.1062 36.4528
    endloop
  endfacet
  facet normal 0 0.842797 0.538232
    outer loop
      vertex 37.2571 14.1062 36.4528
      vertex 43.4095 14.3833 36.0189
      vertex 37.2571 14.3833 36.0189
    endloop
  endfacet
  facet normal 0 0.841884 0.539659
    outer loop
      vertex 43.4095 14.1062 36.4528
      vertex 37.2571 13.828 36.8868
      vertex 43.4095 13.828 36.8868
    endloop
  endfacet
  facet normal 0 0.841884 0.539659
    outer loop
      vertex 37.2571 13.828 36.8868
      vertex 43.4095 14.1062 36.4528
      vertex 37.2571 14.1062 36.4528
    endloop
  endfacet
  facet normal 0 0.841651 0.540022
    outer loop
      vertex 43.4095 13.828 36.8868
      vertex 37.2571 13.5496 37.3207
      vertex 43.4095 13.5496 37.3207
    endloop
  endfacet
  facet normal 0 0.841651 0.540022
    outer loop
      vertex 37.2571 13.5496 37.3207
      vertex 43.4095 13.828 36.8868
      vertex 37.2571 13.828 36.8868
    endloop
  endfacet
  facet normal 0 0.842148 0.539246
    outer loop
      vertex 43.4095 13.5496 37.3207
      vertex 37.2571 13.2717 37.7547
      vertex 43.4095 13.2717 37.7547
    endloop
  endfacet
  facet normal 0 0.842148 0.539246
    outer loop
      vertex 37.2571 13.2717 37.7547
      vertex 43.4095 13.5496 37.3207
      vertex 37.2571 13.5496 37.3207
    endloop
  endfacet
  facet normal 0 0.843557 0.537039
    outer loop
      vertex 43.4095 13.2717 37.7547
      vertex 37.2571 12.9954 38.1887
      vertex 43.4095 12.9954 38.1887
    endloop
  endfacet
  facet normal 0 0.843557 0.537039
    outer loop
      vertex 37.2571 12.9954 38.1887
      vertex 43.4095 13.2717 37.7547
      vertex 37.2571 13.2717 37.7547
    endloop
  endfacet
  facet normal 0 0.84535 0.534213
    outer loop
      vertex 43.4095 12.9954 38.1887
      vertex 37.2571 12.7212 38.6226
      vertex 43.4095 12.7212 38.6226
    endloop
  endfacet
  facet normal 0 0.84535 0.534213
    outer loop
      vertex 37.2571 12.7212 38.6226
      vertex 43.4095 12.9954 38.1887
      vertex 37.2571 12.9954 38.1887
    endloop
  endfacet
  facet normal 0 0.84813 0.529788
    outer loop
      vertex 43.4095 12.7212 38.6226
      vertex 37.2571 12.4501 39.0566
      vertex 43.4095 12.4501 39.0566
    endloop
  endfacet
  facet normal 0 0.84813 0.529788
    outer loop
      vertex 37.2571 12.4501 39.0566
      vertex 43.4095 12.7212 38.6226
      vertex 37.2571 12.7212 38.6226
    endloop
  endfacet
  facet normal 0 0.851463 0.524415
    outer loop
      vertex 43.4095 12.4501 39.0566
      vertex 37.2571 12.1828 39.4906
      vertex 43.4095 12.1828 39.4906
    endloop
  endfacet
  facet normal 0 0.851463 0.524415
    outer loop
      vertex 37.2571 12.1828 39.4906
      vertex 43.4095 12.4501 39.0566
      vertex 37.2571 12.4501 39.0566
    endloop
  endfacet
  facet normal 0 0.855259 0.518201
    outer loop
      vertex 43.4095 12.1828 39.4906
      vertex 37.2571 11.9199 39.9245
      vertex 43.4095 11.9199 39.9245
    endloop
  endfacet
  facet normal 0 0.855259 0.518201
    outer loop
      vertex 37.2571 11.9199 39.9245
      vertex 43.4095 12.1828 39.4906
      vertex 37.2571 12.1828 39.4906
    endloop
  endfacet
  facet normal 0 0.859931 0.510411
    outer loop
      vertex 43.4095 11.9199 39.9245
      vertex 37.2571 11.6623 40.3585
      vertex 43.4095 11.6623 40.3585
    endloop
  endfacet
  facet normal 0 0.859931 0.510411
    outer loop
      vertex 37.2571 11.6623 40.3585
      vertex 43.4095 11.9199 39.9245
      vertex 37.2571 11.9199 39.9245
    endloop
  endfacet
  facet normal 0 0.864912 0.501924
    outer loop
      vertex 43.4095 11.6623 40.3585
      vertex 37.2571 11.4105 40.7924
      vertex 43.4095 11.4105 40.7924
    endloop
  endfacet
  facet normal 0 0.864912 0.501924
    outer loop
      vertex 37.2571 11.4105 40.7924
      vertex 43.4095 11.6623 40.3585
      vertex 37.2571 11.6623 40.3585
    endloop
  endfacet
  facet normal 0 0.870481 0.492203
    outer loop
      vertex 43.4095 11.4105 40.7924
      vertex 37.2571 11.1651 41.2264
      vertex 43.4095 11.1651 41.2264
    endloop
  endfacet
  facet normal 0 0.870481 0.492203
    outer loop
      vertex 37.2571 11.1651 41.2264
      vertex 43.4095 11.4105 40.7924
      vertex 37.2571 11.4105 40.7924
    endloop
  endfacet
  facet normal 0 0.876642 0.481143
    outer loop
      vertex 43.4095 11.1651 41.2264
      vertex 37.2571 10.9269 41.6604
      vertex 43.4095 10.9269 41.6604
    endloop
  endfacet
  facet normal 0 0.876642 0.481143
    outer loop
      vertex 37.2571 10.9269 41.6604
      vertex 43.4095 11.1651 41.2264
      vertex 37.2571 11.1651 41.2264
    endloop
  endfacet
  facet normal 0 0.882955 0.469458
    outer loop
      vertex 43.4095 10.9269 41.6604
      vertex 37.2571 10.6962 42.0943
      vertex 43.4095 10.6962 42.0943
    endloop
  endfacet
  facet normal 0 0.882955 0.469458
    outer loop
      vertex 37.2571 10.6962 42.0943
      vertex 43.4095 10.9269 41.6604
      vertex 37.2571 10.9269 41.6604
    endloop
  endfacet
  facet normal 0 0.889871 0.456213
    outer loop
      vertex 43.4095 10.6962 42.0943
      vertex 37.2571 10.4737 42.5283
      vertex 43.4095 10.4737 42.5283
    endloop
  endfacet
  facet normal 0 0.889871 0.456213
    outer loop
      vertex 37.2571 10.4737 42.5283
      vertex 43.4095 10.6962 42.0943
      vertex 37.2571 10.6962 42.0943
    endloop
  endfacet
  facet normal 0 0.896935 0.442163
    outer loop
      vertex 43.4095 10.4737 42.5283
      vertex 37.2571 10.2598 42.9622
      vertex 43.4095 10.2598 42.9622
    endloop
  endfacet
  facet normal 0 0.896935 0.442163
    outer loop
      vertex 37.2571 10.2598 42.9622
      vertex 43.4095 10.4737 42.5283
      vertex 37.2571 10.4737 42.5283
    endloop
  endfacet
  facet normal 0 0.904365 0.42676
    outer loop
      vertex 43.4095 10.2598 42.9622
      vertex 37.2571 10.055 43.3962
      vertex 43.4095 10.055 43.3962
    endloop
  endfacet
  facet normal 0 0.904365 0.42676
    outer loop
      vertex 37.2571 10.055 43.3962
      vertex 43.4095 10.2598 42.9622
      vertex 37.2571 10.2598 42.9622
    endloop
  endfacet
  facet normal 0 0.911811 0.410609
    outer loop
      vertex 43.4095 10.055 43.3962
      vertex 37.2571 9.85956 43.8302
      vertex 43.4095 9.85956 43.8302
    endloop
  endfacet
  facet normal 0 0.911811 0.410609
    outer loop
      vertex 37.2571 9.85956 43.8302
      vertex 43.4095 10.055 43.3962
      vertex 37.2571 10.055 43.3962
    endloop
  endfacet
  facet normal 0 0.919411 0.393298
    outer loop
      vertex 43.4095 9.85956 43.8302
      vertex 37.2571 9.67395 44.2641
      vertex 43.4095 9.67395 44.2641
    endloop
  endfacet
  facet normal 0 0.919411 0.393298
    outer loop
      vertex 37.2571 9.67395 44.2641
      vertex 43.4095 9.85956 43.8302
      vertex 37.2571 9.85956 43.8302
    endloop
  endfacet
  facet normal 0 0.927085 0.37485
    outer loop
      vertex 43.4095 9.67395 44.2641
      vertex 37.2571 9.49847 44.6981
      vertex 43.4095 9.49847 44.6981
    endloop
  endfacet
  facet normal 0 0.927085 0.37485
    outer loop
      vertex 37.2571 9.49847 44.6981
      vertex 43.4095 9.67395 44.2641
      vertex 37.2571 9.67395 44.2641
    endloop
  endfacet
  facet normal 0 0.934676 0.3555
    outer loop
      vertex 43.4095 9.49847 44.6981
      vertex 37.2571 9.3334 45.1321
      vertex 43.4095 9.3334 45.1321
    endloop
  endfacet
  facet normal 0 0.934676 0.3555
    outer loop
      vertex 37.2571 9.3334 45.1321
      vertex 43.4095 9.49847 44.6981
      vertex 37.2571 9.49847 44.6981
    endloop
  endfacet
  facet normal 0 0.942109 0.335307
    outer loop
      vertex 43.4095 9.3334 45.1321
      vertex 37.2571 9.17897 45.566
      vertex 43.4095 9.17897 45.566
    endloop
  endfacet
  facet normal 0 0.942109 0.335307
    outer loop
      vertex 37.2571 9.17897 45.566
      vertex 43.4095 9.3334 45.1321
      vertex 37.2571 9.3334 45.1321
    endloop
  endfacet
  facet normal 0 0.949394 0.314088
    outer loop
      vertex 43.4095 9.17897 45.566
      vertex 37.2571 9.03539 46
      vertex 43.4095 9.03539 46
    endloop
  endfacet
  facet normal 0 0.949394 0.314088
    outer loop
      vertex 37.2571 9.03539 46
      vertex 43.4095 9.17897 45.566
      vertex 37.2571 9.17897 45.566
    endloop
  endfacet
  facet normal 0 0 1
    outer loop
      vertex 43.4095 9.03539 46
      vertex 37.2571 9.03539 46
      vertex 43.4095 0 46
    endloop
  endfacet
  facet normal 0 0 1
    outer loop
      vertex 51.5048 8.34311 46
      vertex 45.3524 8.34311 46
      vertex 51.5048 0 46
    endloop
  endfacet
  facet normal 0 0 1
    outer loop
      vertex 59.6 11.2661 46
      vertex 53.4476 11.2661 46
      vertex 59.6 0 46
    endloop
  endfacet
  facet normal -0 0 1
    outer loop
      vertex 59.6 0 46
      vertex 60.5714 -2.4 46
      vertex 60.5714 0 46
    endloop
  endfacet
  facet normal 0 0 1
    outer loop
      vertex 53.4476 0 46
      vertex 59.6 0 46
      vertex 53.4476 11.2661 46
    endloop
  endfacet
  facet normal 0 0 1
    outer loop
      vertex 59.6 0 46
      vertex 53.4476 0 46
      vertex 60.5714 -2.4 46
    endloop
  endfacet
  facet normal -0 0 1
    outer loop
      vertex 51.5048 0 46
      vertex 60.5714 -2.4 46
      vertex 53.4476 0 46
    endloop
  endfacet
  facet normal 0 0 1
    outer loop
      vertex 45.3524 0 46
      vertex 51.5048 0 46
      vertex 45.3524 8.34311 46
    endloop
  endfacet
  facet normal -0 0 1
    outer loop
      vertex 45.3524 0 46
      vertex 60.5714 -2.4 46
      vertex 51.5048 0 46
    endloop
  endfacet
  facet normal 0 0 1
    outer loop
      vertex 36.2857 -2.4 46
      vertex 45.3524 0 46
      vertex 43.4095 0 46
    endloop
  endfacet
  facet normal 0 0 1
    outer loop
      vertex 37.2571 0 46
      vertex 43.4095 0 46
      vertex 37.2571 9.03539 46
    endloop
  endfacet
  facet normal 0 0 1
    outer loop
      vertex 36.2857 -2.4 46
      vertex 43.4095 0 46
      vertex 37.2571 0 46
    endloop
  endfacet
  facet normal 0 0 1
    outer loop
      vertex 36.2857 -2.4 46
      vertex 37.2571 0 46
      vertex 36.2857 0 46
    endloop
  endfacet
  facet normal 0 0 1
    outer loop
      vertex 45.3524 0 46
      vertex 36.2857 -2.4 46
      vertex 60.5714 -2.4 46
    endloop
  endfacet
  facet normal 0 0 -1
    outer loop
      vertex 60.5714 -2.4 0
      vertex 59.6 0 0
      vertex 60.5714 0 0
    endloop
  endfacet
  facet normal 0 0 -1
    outer loop
      vertex 59.6 0 0
      vertex 53.4476 0 0
      vertex 59.6 7.49509 0
    endloop
  endfacet
  facet normal 0 0 -1
    outer loop
      vertex 60.5714 -2.4 0
      vertex 53.4476 0 0
      vertex 59.6 0 0
    endloop
  endfacet
  facet normal 0 0 -1
    outer loop
      vertex 60.5714 -2.4 0
      vertex 51.5048 0 0
      vertex 53.4476 0 0
    endloop
  endfacet
  facet normal 0 0 -1
    outer loop
      vertex 51.5048 0 0
      vertex 45.3524 0 0
      vertex 51.5048 6.29013 0
    endloop
  endfacet
  facet normal 0 0 -1
    outer loop
      vertex 60.5714 -2.4 0
      vertex 45.3524 0 0
      vertex 51.5048 0 0
    endloop
  endfacet
  facet normal 0 0 -1
    outer loop
      vertex 36.2857 -2.4 0
      vertex 45.3524 0 0
      vertex 60.5714 -2.4 0
    endloop
  endfacet
  facet normal 0 0 -1
    outer loop
      vertex 43.4095 0 0
      vertex 37.2571 0 0
      vertex 43.4095 6.66537 0
    endloop
  endfacet
  facet normal -0 0 -1
    outer loop
      vertex 45.3524 0 0
      vertex 36.2857 -2.4 0
      vertex 43.4095 0 0
    endloop
  endfacet
  facet normal -0 0 -1
    outer loop
      vertex 43.4095 0 0
      vertex 36.2857 -2.4 0
      vertex 37.2571 0 0
    endloop
  endfacet
  facet normal -0 0 -1
    outer loop
      vertex 37.2571 0 0
      vertex 36.2857 -2.4 0
      vertex 36.2857 0 0
    endloop
  endfacet
  facet normal -0 0 -1
    outer loop
      vertex 59.6 7.49509 0
      vertex 53.4476 0 0
      vertex 53.4476 7.49509 0
    endloop
  endfacet
  facet normal -0 0 -1
    outer loop
      vertex 51.5048 6.29013 0
      vertex 45.3524 0 0
      vertex 45.3524 6.29013 0
    endloop
  endfacet
  facet normal -0 0 -1
    outer loop
      vertex 43.4095 6.66537 0
      vertex 37.2571 0 0
      vertex 37.2571 6.66537 0
    endloop
  endfacet
  facet normal 0 0.955591 0.294697
    outer loop
      vertex 43.4095 6.66537 0
      vertex 37.2571 6.53154 0.43396
      vertex 43.4095 6.53154 0.43396
    endloop
  endfacet
  facet normal 0 0.955591 0.294697
    outer loop
      vertex 37.2571 6.53154 0.43396
      vertex 43.4095 6.66537 0
      vertex 37.2571 6.66537 0
    endloop
  endfacet
  facet normal -1 0 0
    outer loop
      vertex 45.3524 18.1963 19.9622
      vertex 45.3524 18.1871 20.8302
      vertex 45.3524 18.2026 20.3962
    endloop
  endfacet
  facet normal -1 0 0
    outer loop
      vertex 45.3524 18.168 19.5283
      vertex 45.3524 18.1871 20.8302
      vertex 45.3524 18.1963 19.9622
    endloop
  endfacet
  facet normal -1 0 0
    outer loop
      vertex 45.3524 18.168 19.5283
      vertex 45.3524 18.1501 21.2641
      vertex 45.3524 18.1871 20.8302
    endloop
  endfacet
  facet normal -1 0 0
    outer loop
      vertex 45.3524 18.1177 19.0943
      vertex 45.3524 18.1501 21.2641
      vertex 45.3524 18.168 19.5283
    endloop
  endfacet
  facet normal -1 0 0
    outer loop
      vertex 45.3524 18.1177 19.0943
      vertex 45.3524 18.0919 21.6981
      vertex 45.3524 18.1501 21.2641
    endloop
  endfacet
  facet normal -1 0 0
    outer loop
      vertex 45.3524 18.0454 18.6604
      vertex 45.3524 18.0919 21.6981
      vertex 45.3524 18.1177 19.0943
    endloop
  endfacet
  facet normal -1 0 0
    outer loop
      vertex 45.3524 18.0454 18.6604
      vertex 45.3524 18.013 22.1321
      vertex 45.3524 18.0919 21.6981
    endloop
  endfacet
  facet normal -1 0 0
    outer loop
      vertex 45.3524 17.9511 18.2264
      vertex 45.3524 18.013 22.1321
      vertex 45.3524 18.0454 18.6604
    endloop
  endfacet
  facet normal -1 0 0
    outer loop
      vertex 45.3524 17.9511 18.2264
      vertex 45.3524 17.9139 22.566
      vertex 45.3524 18.013 22.1321
    endloop
  endfacet
  facet normal -1 0 0
    outer loop
      vertex 45.3524 17.8351 17.7924
      vertex 45.3524 17.9139 22.566
      vertex 45.3524 17.9511 18.2264
    endloop
  endfacet
  facet normal -1 0 0
    outer loop
      vertex 45.3524 17.8351 17.7924
      vertex 45.3524 17.7951 23
      vertex 45.3524 17.9139 22.566
    endloop
  endfacet
  facet normal -1 0 0
    outer loop
      vertex 45.3524 17.6976 17.3585
      vertex 45.3524 17.7951 23
      vertex 45.3524 17.8351 17.7924
    endloop
  endfacet
  facet normal -1 0 0
    outer loop
      vertex 45.3524 17.6976 17.3585
      vertex 45.3524 17.6573 23.434
      vertex 45.3524 17.7951 23
    endloop
  endfacet
  facet normal -1 0 0
    outer loop
      vertex 45.3524 17.539 16.9245
      vertex 45.3524 17.6573 23.434
      vertex 45.3524 17.6976 17.3585
    endloop
  endfacet
  facet normal -1 0 0
    outer loop
      vertex 45.3524 17.539 16.9245
      vertex 45.3524 17.5013 23.8679
      vertex 45.3524 17.6573 23.434
    endloop
  endfacet
  facet normal -1 0 0
    outer loop
      vertex 45.3524 17.3598 16.4906
      vertex 45.3524 17.5013 23.8679
      vertex 45.3524 17.539 16.9245
    endloop
  endfacet
  facet normal -1 0 0
    outer loop
      vertex 45.3524 17.1604 16.0566
      vertex 45.3524 17.5013 23.8679
      vertex 45.3524 17.3598 16.4906
    endloop
  endfacet
  facet normal -1 -0 0
    outer loop
      vertex 45.3524 17.5013 23.8679
      vertex 45.3524 17.1604 16.0566
      vertex 45.3524 17.3277 24.3019
    endloop
  endfacet
  facet normal -1 0 0
    outer loop
      vertex 45.3524 16.9417 15.6226
      vertex 45.3524 17.3277 24.3019
      vertex 45.3524 17.1604 16.0566
    endloop
  endfacet
  facet normal -1 -0 0
    outer loop
      vertex 45.3524 17.3277 24.3019
      vertex 45.3524 16.9417 15.6226
      vertex 45.3524 17.1376 24.7358
    endloop
  endfacet
  facet normal -1 0 0
    outer loop
      vertex 45.3524 16.7041 15.1887
      vertex 45.3524 17.1376 24.7358
      vertex 45.3524 16.9417 15.6226
    endloop
  endfacet
  facet normal -1 -0 0
    outer loop
      vertex 45.3524 17.1376 24.7358
      vertex 45.3524 16.7041 15.1887
      vertex 45.3524 16.9317 25.1698
    endloop
  endfacet
  facet normal -1 0 0
    outer loop
      vertex 45.3524 16.4488 14.7547
      vertex 45.3524 16.9317 25.1698
      vertex 45.3524 16.7041 15.1887
    endloop
  endfacet
  facet normal -1 -0 0
    outer loop
      vertex 45.3524 16.9317 25.1698
      vertex 45.3524 16.4488 14.7547
      vertex 45.3524 16.711 25.6038
    endloop
  endfacet
  facet normal -1 0 0
    outer loop
      vertex 45.3524 16.1764 14.3207
      vertex 45.3524 16.711 25.6038
      vertex 45.3524 16.4488 14.7547
    endloop
  endfacet
  facet normal -1 -0 0
    outer loop
      vertex 45.3524 16.711 25.6038
      vertex 45.3524 16.1764 14.3207
      vertex 45.3524 16.4767 26.0377
    endloop
  endfacet
  facet normal -1 0 0
    outer loop
      vertex 45.3524 15.8879 13.8868
      vertex 45.3524 16.4767 26.0377
      vertex 45.3524 16.1764 14.3207
    endloop
  endfacet
  facet normal -1 -0 0
    outer loop
      vertex 45.3524 16.4767 26.0377
      vertex 45.3524 15.8879 13.8868
      vertex 45.3524 16.2295 26.4717
    endloop
  endfacet
  facet normal -1 0 0
    outer loop
      vertex 45.3524 15.5845 13.4528
      vertex 45.3524 16.2295 26.4717
      vertex 45.3524 15.8879 13.8868
    endloop
  endfacet
  facet normal -1 -0 0
    outer loop
      vertex 45.3524 16.2295 26.4717
      vertex 45.3524 15.5845 13.4528
      vertex 45.3524 15.9708 26.9057
    endloop
  endfacet
  facet normal -1 0 0
    outer loop
      vertex 45.3524 15.2673 13.0189
      vertex 45.3524 15.9708 26.9057
      vertex 45.3524 15.5845 13.4528
    endloop
  endfacet
  facet normal -1 -0 0
    outer loop
      vertex 45.3524 15.9708 26.9057
      vertex 45.3524 15.2673 13.0189
      vertex 45.3524 15.7016 27.3396
    endloop
  endfacet
  facet normal -1 0 0
    outer loop
      vertex 45.3524 14.9373 12.5849
      vertex 45.3524 15.7016 27.3396
      vertex 45.3524 15.2673 13.0189
    endloop
  endfacet
  facet normal -1 -0 0
    outer loop
      vertex 45.3524 15.7016 27.3396
      vertex 45.3524 14.9373 12.5849
      vertex 45.3524 15.423 27.7736
    endloop
  endfacet
  facet normal -1 0 0
    outer loop
      vertex 45.3524 14.596 12.1509
      vertex 45.3524 15.423 27.7736
      vertex 45.3524 14.9373 12.5849
    endloop
  endfacet
  facet normal -1 -0 0
    outer loop
      vertex 45.3524 15.423 27.7736
      vertex 45.3524 14.596 12.1509
      vertex 45.3524 15.1362 28.2075
    endloop
  endfacet
  facet normal -1 0 0
    outer loop
      vertex 45.3524 14.2446 11.717
      vertex 45.3524 15.1362 28.2075
      vertex 45.3524 14.596 12.1509
    endloop
  endfacet
  facet normal -1 -0 0
    outer loop
      vertex 45.3524 15.1362 28.2075
      vertex 45.3524 14.2446 11.717
      vertex 45.3524 14.8425 28.6415
    endloop
  endfacet
  facet normal -1 0 0
    outer loop
      vertex 45.3524 13.8844 11.283
      vertex 45.3524 14.8425 28.6415
      vertex 45.3524 14.2446 11.717
    endloop
  endfacet
  facet normal -1 -0 0
    outer loop
      vertex 45.3524 14.8425 28.6415
      vertex 45.3524 13.8844 11.283
      vertex 45.3524 14.5428 29.0755
    endloop
  endfacet
  facet normal -1 0 0
    outer loop
      vertex 45.3524 13.5169 10.849
      vertex 45.3524 14.5428 29.0755
      vertex 45.3524 13.8844 11.283
    endloop
  endfacet
  facet normal -1 -0 0
    outer loop
      vertex 45.3524 14.5428 29.0755
      vertex 45.3524 13.5169 10.849
      vertex 45.3524 14.2386 29.5094
    endloop
  endfacet
  facet normal -1 0 0
    outer loop
      vertex 45.3524 13.1435 10.4151
      vertex 45.3524 14.2386 29.5094
      vertex 45.3524 13.5169 10.849
    endloop
  endfacet
  facet normal -1 -0 0
    outer loop
      vertex 45.3524 14.2386 29.5094
      vertex 45.3524 13.1435 10.4151
      vertex 45.3524 13.931 29.9434
    endloop
  endfacet
  facet normal -1 0 0
    outer loop
      vertex 45.3524 12.7658 9.98112
      vertex 45.3524 13.931 29.9434
      vertex 45.3524 13.1435 10.4151
    endloop
  endfacet
  facet normal -1 -0 0
    outer loop
      vertex 45.3524 13.931 29.9434
      vertex 45.3524 12.7658 9.98112
      vertex 45.3524 13.6212 30.3773
    endloop
  endfacet
  facet normal -1 0 0
    outer loop
      vertex 45.3524 12.3852 9.54716
      vertex 45.3524 13.6212 30.3773
      vertex 45.3524 12.7658 9.98112
    endloop
  endfacet
  facet normal -1 -0 0
    outer loop
      vertex 45.3524 13.6212 30.3773
      vertex 45.3524 12.3852 9.54716
      vertex 45.3524 13.3103 30.8113
    endloop
  endfacet
  facet normal -1 0 0
    outer loop
      vertex 45.3524 12.0033 9.1132
      vertex 45.3524 13.3103 30.8113
      vertex 45.3524 12.3852 9.54716
    endloop
  endfacet
  facet normal -1 -0 0
    outer loop
      vertex 45.3524 13.3103 30.8113
      vertex 45.3524 12.0033 9.1132
      vertex 45.3524 12.9995 31.2453
    endloop
  endfacet
  facet normal -1 0 0
    outer loop
      vertex 45.3524 11.6216 8.67924
      vertex 45.3524 12.9995 31.2453
      vertex 45.3524 12.0033 9.1132
    endloop
  endfacet
  facet normal -1 -0 0
    outer loop
      vertex 45.3524 12.9995 31.2453
      vertex 45.3524 11.6216 8.67924
      vertex 45.3524 12.6901 31.6792
    endloop
  endfacet
  facet normal -1 -0 0
    outer loop
      vertex 45.3524 12.6901 31.6792
      vertex 45.3524 11.6216 8.67924
      vertex 45.3524 12.3832 32.1132
    endloop
  endfacet
  facet normal -1 0 0
    outer loop
      vertex 45.3524 11.2417 8.24527
      vertex 45.3524 12.3832 32.1132
      vertex 45.3524 11.6216 8.67924
    endloop
  endfacet
  facet normal -1 -0 0
    outer loop
      vertex 45.3524 12.3832 32.1132
      vertex 45.3524 11.2417 8.24527
      vertex 45.3524 12.0797 32.5472
    endloop
  endfacet
  facet normal -1 0 0
    outer loop
      vertex 45.3524 10.8652 7.81131
      vertex 45.3524 12.0797 32.5472
      vertex 45.3524 11.2417 8.24527
    endloop
  endfacet
  facet normal -1 -0 0
    outer loop
      vertex 45.3524 12.0797 32.5472
      vertex 45.3524 10.8652 7.81131
      vertex 45.3524 11.7809 32.9811
    endloop
  endfacet
  facet normal -1 0 0
    outer loop
      vertex 45.3524 10.4936 7.37735
      vertex 45.3524 11.7809 32.9811
      vertex 45.3524 10.8652 7.81131
    endloop
  endfacet
  facet normal -1 -0 0
    outer loop
      vertex 45.3524 11.7809 32.9811
      vertex 45.3524 10.4936 7.37735
      vertex 45.3524 11.4878 33.4151
    endloop
  endfacet
  facet normal -1 0 0
    outer loop
      vertex 45.3524 10.1285 6.94339
      vertex 45.3524 11.4878 33.4151
      vertex 45.3524 10.4936 7.37735
    endloop
  endfacet
  facet normal -1 0 0
    outer loop
      vertex 45.3524 0 0
      vertex 45.3524 11.4878 33.4151
      vertex 45.3524 10.1285 6.94339
    endloop
  endfacet
  facet normal -1 -0 0
    outer loop
      vertex 45.3524 11.4878 33.4151
      vertex 45.3524 0 0
      vertex 45.3524 11.2014 33.849
    endloop
  endfacet
  facet normal -1 -0 0
    outer loop
      vertex 45.3524 11.2014 33.849
      vertex 45.3524 0 0
      vertex 45.3524 10.9226 34.283
    endloop
  endfacet
  facet normal -1 -0 0
    outer loop
      vertex 45.3524 10.9226 34.283
      vertex 45.3524 0 0
      vertex 45.3524 10.6524 34.717
    endloop
  endfacet
  facet normal -1 -0 0
    outer loop
      vertex 45.3524 10.6524 34.717
      vertex 45.3524 0 0
      vertex 45.3524 10.3916 35.1509
    endloop
  endfacet
  facet normal -1 -0 0
    outer loop
      vertex 45.3524 10.3916 35.1509
      vertex 45.3524 0 0
      vertex 45.3524 10.1411 35.5849
    endloop
  endfacet
  facet normal -1 0 0
    outer loop
      vertex 45.3524 0 0
      vertex 45.3524 10.1285 6.94339
      vertex 45.3524 9.7715 6.50943
    endloop
  endfacet
  facet normal -1 -0 0
    outer loop
      vertex 45.3524 10.1411 35.5849
      vertex 45.3524 0 0
      vertex 45.3524 9.90161 36.0189
    endloop
  endfacet
  facet normal -1 0 0
    outer loop
      vertex 45.3524 0 46
      vertex 45.3524 9.90161 36.0189
      vertex 45.3524 0 0
    endloop
  endfacet
  facet normal -1 0 0
    outer loop
      vertex 45.3524 0 0
      vertex 45.3524 9.7715 6.50943
      vertex 45.3524 9.424 6.07547
    endloop
  endfacet
  facet normal -1 0 0
    outer loop
      vertex 45.3524 9.90161 36.0189
      vertex 45.3524 0 46
      vertex 45.3524 9.67387 36.4528
    endloop
  endfacet
  facet normal -1 0 0
    outer loop
      vertex 45.3524 0 0
      vertex 45.3524 9.424 6.07547
      vertex 45.3524 9.08752 5.64149
    endloop
  endfacet
  facet normal -1 0 0
    outer loop
      vertex 45.3524 9.67387 36.4528
      vertex 45.3524 0 46
      vertex 45.3524 9.45856 36.8868
    endloop
  endfacet
  facet normal -1 0 0
    outer loop
      vertex 45.3524 9.45856 36.8868
      vertex 45.3524 0 46
      vertex 45.3524 9.25624 37.3207
    endloop
  endfacet
  facet normal -1 0 0
    outer loop
      vertex 45.3524 0 0
      vertex 45.3524 9.08752 5.64149
      vertex 45.3524 8.7635 5.20753
    endloop
  endfacet
  facet normal -1 0 0
    outer loop
      vertex 45.3524 9.25624 37.3207
      vertex 45.3524 0 46
      vertex 45.3524 9.06747 37.7547
    endloop
  endfacet
  facet normal -1 0 0
    outer loop
      vertex 45.3524 9.06747 37.7547
      vertex 45.3524 0 46
      vertex 45.3524 8.89275 38.1887
    endloop
  endfacet
  facet normal -1 0 0
    outer loop
      vertex 45.3524 8.89275 38.1887
      vertex 45.3524 0 46
      vertex 45.3524 8.73248 38.6226
    endloop
  endfacet
  facet normal -1 0 0
    outer loop
      vertex 45.3524 0 0
      vertex 45.3524 8.7635 5.20753
      vertex 45.3524 8.45334 4.77357
    endloop
  endfacet
  facet normal -1 0 0
    outer loop
      vertex 45.3524 8.73248 38.6226
      vertex 45.3524 0 46
      vertex 45.3524 8.58704 39.0566
    endloop
  endfacet
  facet normal -1 0 0
    outer loop
      vertex 45.3524 8.58704 39.0566
      vertex 45.3524 0 46
      vertex 45.3524 8.45671 39.4906
    endloop
  endfacet
  facet normal -1 0 0
    outer loop
      vertex 45.3524 8.45671 39.4906
      vertex 45.3524 0 46
      vertex 45.3524 8.34175 39.9245
    endloop
  endfacet
  facet normal -1 0 0
    outer loop
      vertex 45.3524 0 0
      vertex 45.3524 8.45334 4.77357
      vertex 45.3524 8.15836 4.33961
    endloop
  endfacet
  facet normal -1 0 0
    outer loop
      vertex 45.3524 8.34175 39.9245
      vertex 45.3524 0 46
      vertex 45.3524 8.24234 40.3585
    endloop
  endfacet
  facet normal -1 0 0
    outer loop
      vertex 45.3524 8.24234 40.3585
      vertex 45.3524 0 46
      vertex 45.3524 8.15858 40.7924
    endloop
  endfacet
  facet normal -1 0 0
    outer loop
      vertex 45.3524 8.09056 41.2264
      vertex 45.3524 0 46
      vertex 45.3524 8.03827 41.6604
    endloop
  endfacet
  facet normal -1 0 0
    outer loop
      vertex 45.3524 8.03827 41.6604
      vertex 45.3524 0 46
      vertex 45.3524 8.00165 42.0943
    endloop
  endfacet
  facet normal -1 0 0
    outer loop
      vertex 45.3524 8.00165 42.0943
      vertex 45.3524 0 46
      vertex 45.3524 7.98059 42.5283
    endloop
  endfacet
  facet normal -1 0 0
    outer loop
      vertex 45.3524 0 0
      vertex 45.3524 8.15836 4.33961
      vertex 45.3524 7.87985 3.90565
    endloop
  endfacet
  facet normal -1 0 0
    outer loop
      vertex 45.3524 0 0
      vertex 45.3524 7.87985 3.90565
      vertex 45.3524 7.61905 3.47169
    endloop
  endfacet
  facet normal -1 0 0
    outer loop
      vertex 45.3524 0 0
      vertex 45.3524 7.61905 3.47169
      vertex 45.3524 7.37709 3.03773
    endloop
  endfacet
  facet normal -1 0 0
    outer loop
      vertex 45.3524 0 0
      vertex 45.3524 7.37709 3.03773
      vertex 45.3524 7.15504 2.60376
    endloop
  endfacet
  facet normal -1 0 0
    outer loop
      vertex 45.3524 0 0
      vertex 45.3524 7.15504 2.60376
      vertex 45.3524 6.9539 2.1698
    endloop
  endfacet
  facet normal -1 0 0
    outer loop
      vertex 45.3524 8.15858 40.7924
      vertex 45.3524 0 46
      vertex 45.3524 8.09056 41.2264
    endloop
  endfacet
  facet normal -1 0 0
    outer loop
      vertex 45.3524 0 0
      vertex 45.3524 6.9539 2.1698
      vertex 45.3524 6.77457 1.73584
    endloop
  endfacet
  facet normal -1 0 0
    outer loop
      vertex 45.3524 0 0
      vertex 45.3524 6.77457 1.73584
      vertex 45.3524 6.61786 1.30188
    endloop
  endfacet
  facet normal -1 0 0
    outer loop
      vertex 45.3524 0 0
      vertex 45.3524 6.61786 1.30188
      vertex 45.3524 6.48448 0.86792
    endloop
  endfacet
  facet normal -1 0 0
    outer loop
      vertex 45.3524 0 0
      vertex 45.3524 6.48448 0.86792
      vertex 45.3524 6.37508 0.43396
    endloop
  endfacet
  facet normal -1 0 0
    outer loop
      vertex 45.3524 0 0
      vertex 45.3524 6.37508 0.43396
      vertex 45.3524 6.29013 0
    endloop
  endfacet
  facet normal -1 0 0
    outer loop
      vertex 45.3524 7.98059 42.5283
      vertex 45.3524 0 46
      vertex 45.3524 7.97493 42.9622
    endloop
  endfacet
  facet normal -1 0 0
    outer loop
      vertex 45.3524 7.97493 42.9622
      vertex 45.3524 0 46
      vertex 45.3524 7.98448 43.3962
    endloop
  endfacet
  facet normal -1 0 0
    outer loop
      vertex 45.3524 7.98448 43.3962
      vertex 45.3524 0 46
      vertex 45.3524 8.00896 43.8302
    endloop
  endfacet
  facet normal -1 0 0
    outer loop
      vertex 45.3524 8.00896 43.8302
      vertex 45.3524 0 46
      vertex 45.3524 8.04807 44.2641
    endloop
  endfacet
  facet normal -1 0 0
    outer loop
      vertex 45.3524 8.04807 44.2641
      vertex 45.3524 0 46
      vertex 45.3524 8.10146 44.6981
    endloop
  endfacet
  facet normal -1 0 0
    outer loop
      vertex 45.3524 8.24942 45.566
      vertex 45.3524 0 46
      vertex 45.3524 8.34311 46
    endloop
  endfacet
  facet normal -1 0 0
    outer loop
      vertex 45.3524 8.16872 45.1321
      vertex 45.3524 0 46
      vertex 45.3524 8.24942 45.566
    endloop
  endfacet
  facet normal -1 0 0
    outer loop
      vertex 45.3524 8.10146 44.6981
      vertex 45.3524 0 46
      vertex 45.3524 8.16872 45.1321
    endloop
  endfacet
  facet normal 1 0 0
    outer loop
      vertex 51.5048 9.25624 37.3207
      vertex 51.5048 7.61905 3.47169
      vertex 51.5048 7.87985 3.90565
    endloop
  endfacet
  facet normal 1 0 0
    outer loop
      vertex 51.5048 7.98059 42.5283
      vertex 51.5048 0 46
      vertex 51.5048 7.61905 3.47169
    endloop
  endfacet
  facet normal 1 0 0
    outer loop
      vertex 51.5048 0 0
      vertex 51.5048 7.61905 3.47169
      vertex 51.5048 0 46
    endloop
  endfacet
  facet normal 1 0 0
    outer loop
      vertex 51.5048 7.37709 3.03773
      vertex 51.5048 0 0
      vertex 51.5048 7.15504 2.60376
    endloop
  endfacet
  facet normal 1 0 0
    outer loop
      vertex 51.5048 0 46
      vertex 51.5048 7.97493 42.9622
      vertex 51.5048 7.98448 43.3962
    endloop
  endfacet
  facet normal 1 0 0
    outer loop
      vertex 51.5048 7.61905 3.47169
      vertex 51.5048 0 0
      vertex 51.5048 7.37709 3.03773
    endloop
  endfacet
  facet normal 1 0 0
    outer loop
      vertex 51.5048 6.9539 2.1698
      vertex 51.5048 0 0
      vertex 51.5048 6.77457 1.73584
    endloop
  endfacet
  facet normal 1 0 0
    outer loop
      vertex 51.5048 6.77457 1.73584
      vertex 51.5048 0 0
      vertex 51.5048 6.61786 1.30188
    endloop
  endfacet
  facet normal 1 0 0
    outer loop
      vertex 51.5048 6.61786 1.30188
      vertex 51.5048 0 0
      vertex 51.5048 6.48448 0.86792
    endloop
  endfacet
  facet normal 1 0 0
    outer loop
      vertex 51.5048 6.48448 0.86792
      vertex 51.5048 0 0
      vertex 51.5048 6.37508 0.43396
    endloop
  endfacet
  facet normal 1 -0 0
    outer loop
      vertex 51.5048 0 46
      vertex 51.5048 8.24942 45.566
      vertex 51.5048 8.34311 46
    endloop
  endfacet
  facet normal 1 0 0
    outer loop
      vertex 51.5048 0 46
      vertex 51.5048 8.16872 45.1321
      vertex 51.5048 8.24942 45.566
    endloop
  endfacet
  facet normal 1 0 0
    outer loop
      vertex 51.5048 0 46
      vertex 51.5048 8.10146 44.6981
      vertex 51.5048 8.16872 45.1321
    endloop
  endfacet
  facet normal 1 0 0
    outer loop
      vertex 51.5048 0 46
      vertex 51.5048 8.04807 44.2641
      vertex 51.5048 8.10146 44.6981
    endloop
  endfacet
  facet normal 1 0 0
    outer loop
      vertex 51.5048 0 46
      vertex 51.5048 8.00896 43.8302
      vertex 51.5048 8.04807 44.2641
    endloop
  endfacet
  facet normal 1 0 0
    outer loop
      vertex 51.5048 0 46
      vertex 51.5048 7.98448 43.3962
      vertex 51.5048 8.00896 43.8302
    endloop
  endfacet
  facet normal 1 0 0
    outer loop
      vertex 51.5048 7.15504 2.60376
      vertex 51.5048 0 0
      vertex 51.5048 6.9539 2.1698
    endloop
  endfacet
  facet normal 1 0 0
    outer loop
      vertex 51.5048 6.37508 0.43396
      vertex 51.5048 0 0
      vertex 51.5048 6.29013 0
    endloop
  endfacet
  facet normal 1 0 0
    outer loop
      vertex 51.5048 18.1871 20.8302
      vertex 51.5048 18.1963 19.9622
      vertex 51.5048 18.2026 20.3962
    endloop
  endfacet
  facet normal 1 0 0
    outer loop
      vertex 51.5048 18.1871 20.8302
      vertex 51.5048 18.168 19.5283
      vertex 51.5048 18.1963 19.9622
    endloop
  endfacet
  facet normal 1 0 0
    outer loop
      vertex 51.5048 18.1501 21.2641
      vertex 51.5048 18.168 19.5283
      vertex 51.5048 18.1871 20.8302
    endloop
  endfacet
  facet normal 1 0 0
    outer loop
      vertex 51.5048 18.1501 21.2641
      vertex 51.5048 18.1177 19.0943
      vertex 51.5048 18.168 19.5283
    endloop
  endfacet
  facet normal 1 0 0
    outer loop
      vertex 51.5048 18.0919 21.6981
      vertex 51.5048 18.1177 19.0943
      vertex 51.5048 18.1501 21.2641
    endloop
  endfacet
  facet normal 1 0 0
    outer loop
      vertex 51.5048 18.0919 21.6981
      vertex 51.5048 18.0454 18.6604
      vertex 51.5048 18.1177 19.0943
    endloop
  endfacet
  facet normal 1 0 0
    outer loop
      vertex 51.5048 18.013 22.1321
      vertex 51.5048 18.0454 18.6604
      vertex 51.5048 18.0919 21.6981
    endloop
  endfacet
  facet normal 1 0 0
    outer loop
      vertex 51.5048 18.013 22.1321
      vertex 51.5048 17.9511 18.2264
      vertex 51.5048 18.0454 18.6604
    endloop
  endfacet
  facet normal 1 0 0
    outer loop
      vertex 51.5048 17.9139 22.566
      vertex 51.5048 17.9511 18.2264
      vertex 51.5048 18.013 22.1321
    endloop
  endfacet
  facet normal 1 0 0
    outer loop
      vertex 51.5048 17.9139 22.566
      vertex 51.5048 17.8351 17.7924
      vertex 51.5048 17.9511 18.2264
    endloop
  endfacet
  facet normal 1 0 0
    outer loop
      vertex 51.5048 17.7951 23
      vertex 51.5048 17.8351 17.7924
      vertex 51.5048 17.9139 22.566
    endloop
  endfacet
  facet normal 1 0 0
    outer loop
      vertex 51.5048 17.7951 23
      vertex 51.5048 17.6976 17.3585
      vertex 51.5048 17.8351 17.7924
    endloop
  endfacet
  facet normal 1 0 0
    outer loop
      vertex 51.5048 17.6573 23.434
      vertex 51.5048 17.6976 17.3585
      vertex 51.5048 17.7951 23
    endloop
  endfacet
  facet normal 1 0 0
    outer loop
      vertex 51.5048 17.6573 23.434
      vertex 51.5048 17.539 16.9245
      vertex 51.5048 17.6976 17.3585
    endloop
  endfacet
  facet normal 1 0 0
    outer loop
      vertex 51.5048 17.5013 23.8679
      vertex 51.5048 17.539 16.9245
      vertex 51.5048 17.6573 23.434
    endloop
  endfacet
  facet normal 1 0 0
    outer loop
      vertex 51.5048 17.5013 23.8679
      vertex 51.5048 17.3598 16.4906
      vertex 51.5048 17.539 16.9245
    endloop
  endfacet
  facet normal 1 0 0
    outer loop
      vertex 51.5048 17.1604 16.0566
      vertex 51.5048 17.5013 23.8679
      vertex 51.5048 17.3277 24.3019
    endloop
  endfacet
  facet normal 1 0 0
    outer loop
      vertex 51.5048 17.5013 23.8679
      vertex 51.5048 17.1604 16.0566
      vertex 51.5048 17.3598 16.4906
    endloop
  endfacet
  facet normal 1 0 0
    outer loop
      vertex 51.5048 16.9417 15.6226
      vertex 51.5048 17.3277 24.3019
      vertex 51.5048 17.1376 24.7358
    endloop
  endfacet
  facet normal 1 0 0
    outer loop
      vertex 51.5048 17.3277 24.3019
      vertex 51.5048 16.9417 15.6226
      vertex 51.5048 17.1604 16.0566
    endloop
  endfacet
  facet normal 1 0 0
    outer loop
      vertex 51.5048 16.7041 15.1887
      vertex 51.5048 17.1376 24.7358
      vertex 51.5048 16.9317 25.1698
    endloop
  endfacet
  facet normal 1 0 0
    outer loop
      vertex 51.5048 16.4488 14.7547
      vertex 51.5048 16.9317 25.1698
      vertex 51.5048 16.711 25.6038
    endloop
  endfacet
  facet normal 1 0 0
    outer loop
      vertex 51.5048 17.1376 24.7358
      vertex 51.5048 16.7041 15.1887
      vertex 51.5048 16.9417 15.6226
    endloop
  endfacet
  facet normal 1 0 0
    outer loop
      vertex 51.5048 16.1764 14.3207
      vertex 51.5048 16.711 25.6038
      vertex 51.5048 16.4767 26.0377
    endloop
  endfacet
  facet normal 1 0 0
    outer loop
      vertex 51.5048 16.9317 25.1698
      vertex 51.5048 16.4488 14.7547
      vertex 51.5048 16.7041 15.1887
    endloop
  endfacet
  facet normal 1 0 0
    outer loop
      vertex 51.5048 15.8879 13.8868
      vertex 51.5048 16.4767 26.0377
      vertex 51.5048 16.2295 26.4717
    endloop
  endfacet
  facet normal 1 0 0
    outer loop
      vertex 51.5048 16.711 25.6038
      vertex 51.5048 16.1764 14.3207
      vertex 51.5048 16.4488 14.7547
    endloop
  endfacet
  facet normal 1 0 0
    outer loop
      vertex 51.5048 15.5845 13.4528
      vertex 51.5048 16.2295 26.4717
      vertex 51.5048 15.9708 26.9057
    endloop
  endfacet
  facet normal 1 0 0
    outer loop
      vertex 51.5048 16.4767 26.0377
      vertex 51.5048 15.8879 13.8868
      vertex 51.5048 16.1764 14.3207
    endloop
  endfacet
  facet normal 1 0 0
    outer loop
      vertex 51.5048 15.2673 13.0189
      vertex 51.5048 15.9708 26.9057
      vertex 51.5048 15.7016 27.3396
    endloop
  endfacet
  facet normal 1 0 0
    outer loop
      vertex 51.5048 16.2295 26.4717
      vertex 51.5048 15.5845 13.4528
      vertex 51.5048 15.8879 13.8868
    endloop
  endfacet
  facet normal 1 0 0
    outer loop
      vertex 51.5048 14.9373 12.5849
      vertex 51.5048 15.7016 27.3396
      vertex 51.5048 15.423 27.7736
    endloop
  endfacet
  facet normal 1 0 0
    outer loop
      vertex 51.5048 15.9708 26.9057
      vertex 51.5048 15.2673 13.0189
      vertex 51.5048 15.5845 13.4528
    endloop
  endfacet
  facet normal 1 0 0
    outer loop
      vertex 51.5048 14.596 12.1509
      vertex 51.5048 15.423 27.7736
      vertex 51.5048 15.1362 28.2075
    endloop
  endfacet
  facet normal 1 0 0
    outer loop
      vertex 51.5048 15.7016 27.3396
      vertex 51.5048 14.9373 12.5849
      vertex 51.5048 15.2673 13.0189
    endloop
  endfacet
  facet normal 1 0 0
    outer loop
      vertex 51.5048 14.2446 11.717
      vertex 51.5048 15.1362 28.2075
      vertex 51.5048 14.8425 28.6415
    endloop
  endfacet
  facet normal 1 0 0
    outer loop
      vertex 51.5048 15.423 27.7736
      vertex 51.5048 14.596 12.1509
      vertex 51.5048 14.9373 12.5849
    endloop
  endfacet
  facet normal 1 0 0
    outer loop
      vertex 51.5048 13.8844 11.283
      vertex 51.5048 14.8425 28.6415
      vertex 51.5048 14.5428 29.0755
    endloop
  endfacet
  facet normal 1 0 0
    outer loop
      vertex 51.5048 15.1362 28.2075
      vertex 51.5048 14.2446 11.717
      vertex 51.5048 14.596 12.1509
    endloop
  endfacet
  facet normal 1 0 0
    outer loop
      vertex 51.5048 13.5169 10.849
      vertex 51.5048 14.5428 29.0755
      vertex 51.5048 14.2386 29.5094
    endloop
  endfacet
  facet normal 1 0 0
    outer loop
      vertex 51.5048 13.1435 10.4151
      vertex 51.5048 14.2386 29.5094
      vertex 51.5048 13.931 29.9434
    endloop
  endfacet
  facet normal 1 0 0
    outer loop
      vertex 51.5048 14.8425 28.6415
      vertex 51.5048 13.8844 11.283
      vertex 51.5048 14.2446 11.717
    endloop
  endfacet
  facet normal 1 0 0
    outer loop
      vertex 51.5048 12.7658 9.98112
      vertex 51.5048 13.931 29.9434
      vertex 51.5048 13.6212 30.3773
    endloop
  endfacet
  facet normal 1 0 0
    outer loop
      vertex 51.5048 14.5428 29.0755
      vertex 51.5048 13.5169 10.849
      vertex 51.5048 13.8844 11.283
    endloop
  endfacet
  facet normal 1 0 0
    outer loop
      vertex 51.5048 12.3852 9.54716
      vertex 51.5048 13.6212 30.3773
      vertex 51.5048 13.3103 30.8113
    endloop
  endfacet
  facet normal 1 0 0
    outer loop
      vertex 51.5048 14.2386 29.5094
      vertex 51.5048 13.1435 10.4151
      vertex 51.5048 13.5169 10.849
    endloop
  endfacet
  facet normal 1 0 0
    outer loop
      vertex 51.5048 12.0033 9.1132
      vertex 51.5048 13.3103 30.8113
      vertex 51.5048 12.9995 31.2453
    endloop
  endfacet
  facet normal 1 0 0
    outer loop
      vertex 51.5048 13.931 29.9434
      vertex 51.5048 12.7658 9.98112
      vertex 51.5048 13.1435 10.4151
    endloop
  endfacet
  facet normal 1 0 0
    outer loop
      vertex 51.5048 11.6216 8.67924
      vertex 51.5048 12.9995 31.2453
      vertex 51.5048 12.6901 31.6792
    endloop
  endfacet
  facet normal 1 0 0
    outer loop
      vertex 51.5048 13.6212 30.3773
      vertex 51.5048 12.3852 9.54716
      vertex 51.5048 12.7658 9.98112
    endloop
  endfacet
  facet normal 1 0 0
    outer loop
      vertex 51.5048 11.6216 8.67924
      vertex 51.5048 12.6901 31.6792
      vertex 51.5048 12.3832 32.1132
    endloop
  endfacet
  facet normal 1 0 0
    outer loop
      vertex 51.5048 11.2417 8.24527
      vertex 51.5048 12.3832 32.1132
      vertex 51.5048 12.0797 32.5472
    endloop
  endfacet
  facet normal 1 0 0
    outer loop
      vertex 51.5048 13.3103 30.8113
      vertex 51.5048 12.0033 9.1132
      vertex 51.5048 12.3852 9.54716
    endloop
  endfacet
  facet normal 1 0 0
    outer loop
      vertex 51.5048 10.8652 7.81131
      vertex 51.5048 12.0797 32.5472
      vertex 51.5048 11.7809 32.9811
    endloop
  endfacet
  facet normal 1 0 0
    outer loop
      vertex 51.5048 12.9995 31.2453
      vertex 51.5048 11.6216 8.67924
      vertex 51.5048 12.0033 9.1132
    endloop
  endfacet
  facet normal 1 0 0
    outer loop
      vertex 51.5048 10.4936 7.37735
      vertex 51.5048 11.7809 32.9811
      vertex 51.5048 11.4878 33.4151
    endloop
  endfacet
  facet normal 1 0 0
    outer loop
      vertex 51.5048 12.3832 32.1132
      vertex 51.5048 11.2417 8.24527
      vertex 51.5048 11.6216 8.67924
    endloop
  endfacet
  facet normal 1 0 0
    outer loop
      vertex 51.5048 10.1285 6.94339
      vertex 51.5048 11.4878 33.4151
      vertex 51.5048 11.2014 33.849
    endloop
  endfacet
  facet normal 1 0 0
    outer loop
      vertex 51.5048 9.7715 6.50943
      vertex 51.5048 11.2014 33.849
      vertex 51.5048 10.9226 34.283
    endloop
  endfacet
  facet normal 1 0 0
    outer loop
      vertex 51.5048 12.0797 32.5472
      vertex 51.5048 10.8652 7.81131
      vertex 51.5048 11.2417 8.24527
    endloop
  endfacet
  facet normal 1 0 0
    outer loop
      vertex 51.5048 9.424 6.07547
      vertex 51.5048 10.9226 34.283
      vertex 51.5048 10.6524 34.717
    endloop
  endfacet
  facet normal 1 0 0
    outer loop
      vertex 51.5048 11.7809 32.9811
      vertex 51.5048 10.4936 7.37735
      vertex 51.5048 10.8652 7.81131
    endloop
  endfacet
  facet normal 1 0 0
    outer loop
      vertex 51.5048 9.08752 5.64149
      vertex 51.5048 10.6524 34.717
      vertex 51.5048 10.3916 35.1509
    endloop
  endfacet
  facet normal 1 0 0
    outer loop
      vertex 51.5048 8.7635 5.20753
      vertex 51.5048 10.3916 35.1509
      vertex 51.5048 10.1411 35.5849
    endloop
  endfacet
  facet normal 1 0 0
    outer loop
      vertex 51.5048 11.4878 33.4151
      vertex 51.5048 10.1285 6.94339
      vertex 51.5048 10.4936 7.37735
    endloop
  endfacet
  facet normal 1 0 0
    outer loop
      vertex 51.5048 8.45334 4.77357
      vertex 51.5048 10.1411 35.5849
      vertex 51.5048 9.90161 36.0189
    endloop
  endfacet
  facet normal 1 0 0
    outer loop
      vertex 51.5048 11.2014 33.849
      vertex 51.5048 9.7715 6.50943
      vertex 51.5048 10.1285 6.94339
    endloop
  endfacet
  facet normal 1 0 0
    outer loop
      vertex 51.5048 8.15836 4.33961
      vertex 51.5048 9.90161 36.0189
      vertex 51.5048 9.67387 36.4528
    endloop
  endfacet
  facet normal 1 0 0
    outer loop
      vertex 51.5048 7.87985 3.90565
      vertex 51.5048 9.67387 36.4528
      vertex 51.5048 9.45856 36.8868
    endloop
  endfacet
  facet normal 1 0 0
    outer loop
      vertex 51.5048 10.9226 34.283
      vertex 51.5048 9.424 6.07547
      vertex 51.5048 9.7715 6.50943
    endloop
  endfacet
  facet normal 1 0 0
    outer loop
      vertex 51.5048 7.87985 3.90565
      vertex 51.5048 9.45856 36.8868
      vertex 51.5048 9.25624 37.3207
    endloop
  endfacet
  facet normal 1 0 0
    outer loop
      vertex 51.5048 10.6524 34.717
      vertex 51.5048 9.08752 5.64149
      vertex 51.5048 9.424 6.07547
    endloop
  endfacet
  facet normal 1 0 0
    outer loop
      vertex 51.5048 7.61905 3.47169
      vertex 51.5048 9.25624 37.3207
      vertex 51.5048 9.06747 37.7547
    endloop
  endfacet
  facet normal 1 0 0
    outer loop
      vertex 51.5048 7.61905 3.47169
      vertex 51.5048 9.06747 37.7547
      vertex 51.5048 8.89275 38.1887
    endloop
  endfacet
  facet normal 1 0 0
    outer loop
      vertex 51.5048 10.3916 35.1509
      vertex 51.5048 8.7635 5.20753
      vertex 51.5048 9.08752 5.64149
    endloop
  endfacet
  facet normal 1 0 0
    outer loop
      vertex 51.5048 7.61905 3.47169
      vertex 51.5048 8.89275 38.1887
      vertex 51.5048 8.73248 38.6226
    endloop
  endfacet
  facet normal 1 0 0
    outer loop
      vertex 51.5048 7.61905 3.47169
      vertex 51.5048 8.73248 38.6226
      vertex 51.5048 8.58704 39.0566
    endloop
  endfacet
  facet normal 1 0 0
    outer loop
      vertex 51.5048 7.61905 3.47169
      vertex 51.5048 8.58704 39.0566
      vertex 51.5048 8.45671 39.4906
    endloop
  endfacet
  facet normal 1 0 0
    outer loop
      vertex 51.5048 10.1411 35.5849
      vertex 51.5048 8.45334 4.77357
      vertex 51.5048 8.7635 5.20753
    endloop
  endfacet
  facet normal 1 0 0
    outer loop
      vertex 51.5048 7.61905 3.47169
      vertex 51.5048 8.45671 39.4906
      vertex 51.5048 8.34175 39.9245
    endloop
  endfacet
  facet normal 1 0 0
    outer loop
      vertex 51.5048 7.61905 3.47169
      vertex 51.5048 8.34175 39.9245
      vertex 51.5048 8.24234 40.3585
    endloop
  endfacet
  facet normal 1 0 0
    outer loop
      vertex 51.5048 7.61905 3.47169
      vertex 51.5048 8.24234 40.3585
      vertex 51.5048 8.15858 40.7924
    endloop
  endfacet
  facet normal 1 0 0
    outer loop
      vertex 51.5048 9.90161 36.0189
      vertex 51.5048 8.15836 4.33961
      vertex 51.5048 8.45334 4.77357
    endloop
  endfacet
  facet normal 1 0 0
    outer loop
      vertex 51.5048 7.61905 3.47169
      vertex 51.5048 8.15858 40.7924
      vertex 51.5048 8.09056 41.2264
    endloop
  endfacet
  facet normal 1 0 0
    outer loop
      vertex 51.5048 7.61905 3.47169
      vertex 51.5048 8.09056 41.2264
      vertex 51.5048 8.03827 41.6604
    endloop
  endfacet
  facet normal 1 0 0
    outer loop
      vertex 51.5048 7.61905 3.47169
      vertex 51.5048 8.03827 41.6604
      vertex 51.5048 8.00165 42.0943
    endloop
  endfacet
  facet normal 1 0 0
    outer loop
      vertex 51.5048 7.61905 3.47169
      vertex 51.5048 8.00165 42.0943
      vertex 51.5048 7.98059 42.5283
    endloop
  endfacet
  facet normal 1 0 0
    outer loop
      vertex 51.5048 0 46
      vertex 51.5048 7.98059 42.5283
      vertex 51.5048 7.97493 42.9622
    endloop
  endfacet
  facet normal 1 0 0
    outer loop
      vertex 51.5048 9.67387 36.4528
      vertex 51.5048 7.87985 3.90565
      vertex 51.5048 8.15836 4.33961
    endloop
  endfacet
  facet normal 0 0.969662 -0.244449
    outer loop
      vertex 51.5048 6.37508 0.43396
      vertex 45.3524 6.48448 0.86792
      vertex 51.5048 6.48448 0.86792
    endloop
  endfacet
  facet normal 0 0.969662 -0.244449
    outer loop
      vertex 45.3524 6.48448 0.86792
      vertex 51.5048 6.37508 0.43396
      vertex 45.3524 6.37508 0.43396
    endloop
  endfacet
  facet normal 0 0.955869 -0.293792
    outer loop
      vertex 51.5048 6.48448 0.86792
      vertex 45.3524 6.61786 1.30188
      vertex 51.5048 6.61786 1.30188
    endloop
  endfacet
  facet normal 0 0.955869 -0.293792
    outer loop
      vertex 45.3524 6.61786 1.30188
      vertex 51.5048 6.48448 0.86792
      vertex 45.3524 6.48448 0.86792
    endloop
  endfacet
  facet normal 0 0.940552 -0.339649
    outer loop
      vertex 51.5048 6.61786 1.30188
      vertex 45.3524 6.77457 1.73584
      vertex 51.5048 6.77457 1.73584
    endloop
  endfacet
  facet normal 0 0.940552 -0.339649
    outer loop
      vertex 45.3524 6.77457 1.73584
      vertex 51.5048 6.61786 1.30188
      vertex 45.3524 6.61786 1.30188
    endloop
  endfacet
  facet normal 0 0.924197 -0.381916
    outer loop
      vertex 51.5048 6.77457 1.73584
      vertex 45.3524 6.9539 2.1698
      vertex 51.5048 6.9539 2.1698
    endloop
  endfacet
  facet normal 0 0.924197 -0.381916
    outer loop
      vertex 45.3524 6.9539 2.1698
      vertex 51.5048 6.77457 1.73584
      vertex 45.3524 6.77457 1.73584
    endloop
  endfacet
  facet normal 0 0.907281 -0.420524
    outer loop
      vertex 51.5048 6.9539 2.1698
      vertex 45.3524 7.15504 2.60376
      vertex 51.5048 7.15504 2.60376
    endloop
  endfacet
  facet normal 0 0.907281 -0.420524
    outer loop
      vertex 45.3524 7.15504 2.60376
      vertex 51.5048 6.9539 2.1698
      vertex 45.3524 6.9539 2.1698
    endloop
  endfacet
  facet normal 0 0.890232 -0.455506
    outer loop
      vertex 51.5048 7.15504 2.60376
      vertex 45.3524 7.37709 3.03773
      vertex 51.5048 7.37709 3.03773
    endloop
  endfacet
  facet normal 0 0.890232 -0.455506
    outer loop
      vertex 45.3524 7.37709 3.03773
      vertex 51.5048 7.15504 2.60376
      vertex 45.3524 7.15504 2.60376
    endloop
  endfacet
  facet normal 0 0.873412 -0.486982
    outer loop
      vertex 51.5048 7.37709 3.03773
      vertex 45.3524 7.61905 3.47169
      vertex 51.5048 7.61905 3.47169
    endloop
  endfacet
  facet normal 0 0.873412 -0.486982
    outer loop
      vertex 45.3524 7.61905 3.47169
      vertex 51.5048 7.37709 3.03773
      vertex 45.3524 7.37709 3.03773
    endloop
  endfacet
  facet normal 0 0.857123 -0.515111
    outer loop
      vertex 51.5048 7.61905 3.47169
      vertex 45.3524 7.87985 3.90565
      vertex 51.5048 7.87985 3.90565
    endloop
  endfacet
  facet normal 0 0.857123 -0.515111
    outer loop
      vertex 45.3524 7.87985 3.90565
      vertex 51.5048 7.61905 3.47169
      vertex 45.3524 7.61905 3.47169
    endloop
  endfacet
  facet normal 0 0.841588 -0.54012
    outer loop
      vertex 51.5048 7.87985 3.90565
      vertex 45.3524 8.15836 4.33961
      vertex 51.5048 8.15836 4.33961
    endloop
  endfacet
  facet normal 0 0.841588 -0.54012
    outer loop
      vertex 45.3524 8.15836 4.33961
      vertex 51.5048 7.87985 3.90565
      vertex 45.3524 7.87985 3.90565
    endloop
  endfacet
  facet normal 0 0.827026 -0.562163
    outer loop
      vertex 51.5048 8.15836 4.33961
      vertex 45.3524 8.45334 4.77357
      vertex 51.5048 8.45334 4.77357
    endloop
  endfacet
  facet normal 0 0.827026 -0.562163
    outer loop
      vertex 45.3524 8.45334 4.77357
      vertex 51.5048 8.15836 4.33961
      vertex 45.3524 8.15836 4.33961
    endloop
  endfacet
  facet normal 0 0.813566 -0.581472
    outer loop
      vertex 51.5048 8.45334 4.77357
      vertex 45.3524 8.7635 5.20753
      vertex 51.5048 8.7635 5.20753
    endloop
  endfacet
  facet normal 0 0.813566 -0.581472
    outer loop
      vertex 45.3524 8.7635 5.20753
      vertex 51.5048 8.45334 4.77357
      vertex 45.3524 8.45334 4.77357
    endloop
  endfacet
  facet normal 0 0.801283 -0.598285
    outer loop
      vertex 51.5048 8.7635 5.20753
      vertex 45.3524 9.08752 5.64149
      vertex 51.5048 9.08752 5.64149
    endloop
  endfacet
  facet normal 0 0.801283 -0.598285
    outer loop
      vertex 45.3524 9.08752 5.64149
      vertex 51.5048 8.7635 5.20753
      vertex 45.3524 8.7635 5.20753
    endloop
  endfacet
  facet normal 0 0.790287 -0.612737
    outer loop
      vertex 51.5048 9.08752 5.64149
      vertex 45.3524 9.424 6.07547
      vertex 51.5048 9.424 6.07547
    endloop
  endfacet
  facet normal 0 0.790287 -0.612737
    outer loop
      vertex 45.3524 9.424 6.07547
      vertex 51.5048 9.08752 5.64149
      vertex 45.3524 9.08752 5.64149
    endloop
  endfacet
  facet normal 0 0.780577 -0.625059
    outer loop
      vertex 51.5048 9.424 6.07547
      vertex 45.3524 9.7715 6.50943
      vertex 51.5048 9.7715 6.50943
    endloop
  endfacet
  facet normal 0 0.780577 -0.625059
    outer loop
      vertex 45.3524 9.7715 6.50943
      vertex 51.5048 9.424 6.07547
      vertex 45.3524 9.424 6.07547
    endloop
  endfacet
  facet normal 0 0.772261 -0.635305
    outer loop
      vertex 51.5048 9.7715 6.50943
      vertex 45.3524 10.1285 6.94339
      vertex 51.5048 10.1285 6.94339
    endloop
  endfacet
  facet normal 0 0.772261 -0.635305
    outer loop
      vertex 45.3524 10.1285 6.94339
      vertex 51.5048 9.7715 6.50943
      vertex 45.3524 9.7715 6.50943
    endloop
  endfacet
  facet normal 0 0.765207 -0.643785
    outer loop
      vertex 51.5048 10.1285 6.94339
      vertex 45.3524 10.4936 7.37735
      vertex 51.5048 10.4936 7.37735
    endloop
  endfacet
  facet normal 0 0.765207 -0.643785
    outer loop
      vertex 45.3524 10.4936 7.37735
      vertex 51.5048 10.1285 6.94339
      vertex 45.3524 10.1285 6.94339
    endloop
  endfacet
  facet normal 0 0.759573 -0.650422
    outer loop
      vertex 51.5048 10.4936 7.37735
      vertex 45.3524 10.8652 7.81131
      vertex 51.5048 10.8652 7.81131
    endloop
  endfacet
  facet normal 0 0.759573 -0.650422
    outer loop
      vertex 45.3524 10.8652 7.81131
      vertex 51.5048 10.4936 7.37735
      vertex 45.3524 10.4936 7.37735
    endloop
  endfacet
  facet normal 0 0.755343 -0.655329
    outer loop
      vertex 51.5048 10.8652 7.81131
      vertex 45.3524 11.2417 8.24527
      vertex 51.5048 11.2417 8.24527
    endloop
  endfacet
  facet normal 0 0.755343 -0.655329
    outer loop
      vertex 45.3524 11.2417 8.24527
      vertex 51.5048 10.8652 7.81131
      vertex 45.3524 10.8652 7.81131
    endloop
  endfacet
  facet normal 0 0.752425 -0.658678
    outer loop
      vertex 51.5048 11.2417 8.24527
      vertex 45.3524 11.6216 8.67924
      vertex 51.5048 11.6216 8.67924
    endloop
  endfacet
  facet normal 0 0.752425 -0.658678
    outer loop
      vertex 45.3524 11.6216 8.67924
      vertex 51.5048 11.2417 8.24527
      vertex 45.3524 11.2417 8.24527
    endloop
  endfacet
  facet normal 0 0.750872 -0.660448
    outer loop
      vertex 51.5048 11.6216 8.67924
      vertex 45.3524 12.0033 9.1132
      vertex 51.5048 12.0033 9.1132
    endloop
  endfacet
  facet normal 0 0.750872 -0.660448
    outer loop
      vertex 45.3524 12.0033 9.1132
      vertex 51.5048 11.6216 8.67924
      vertex 45.3524 11.6216 8.67924
    endloop
  endfacet
  facet normal 0 0.7507 -0.660643
    outer loop
      vertex 51.5048 12.0033 9.1132
      vertex 45.3524 12.3852 9.54716
      vertex 51.5048 12.3852 9.54716
    endloop
  endfacet
  facet normal 0 0.7507 -0.660643
    outer loop
      vertex 45.3524 12.3852 9.54716
      vertex 51.5048 12.0033 9.1132
      vertex 45.3524 12.0033 9.1132
    endloop
  endfacet
  facet normal 0 0.751816 -0.659373
    outer loop
      vertex 51.5048 12.3852 9.54716
      vertex 45.3524 12.7658 9.98112
      vertex 51.5048 12.7658 9.98112
    endloop
  endfacet
  facet normal 0 0.751816 -0.659373
    outer loop
      vertex 45.3524 12.7658 9.98112
      vertex 51.5048 12.3852 9.54716
      vertex 45.3524 12.3852 9.54716
    endloop
  endfacet
  facet normal 0 0.754325 -0.656501
    outer loop
      vertex 51.5048 12.7658 9.98112
      vertex 45.3524 13.1435 10.4151
      vertex 51.5048 13.1435 10.4151
    endloop
  endfacet
  facet normal 0 0.754325 -0.656501
    outer loop
      vertex 45.3524 13.1435 10.4151
      vertex 51.5048 12.7658 9.98112
      vertex 45.3524 12.7658 9.98112
    endloop
  endfacet
  facet normal 0 0.757973 -0.652286
    outer loop
      vertex 51.5048 13.1435 10.4151
      vertex 45.3524 13.5169 10.849
      vertex 51.5048 13.5169 10.849
    endloop
  endfacet
  facet normal 0 0.757973 -0.652286
    outer loop
      vertex 45.3524 13.5169 10.849
      vertex 51.5048 13.1435 10.4151
      vertex 45.3524 13.1435 10.4151
    endloop
  endfacet
  facet normal 0 0.763153 -0.646218
    outer loop
      vertex 51.5048 13.5169 10.849
      vertex 45.3524 13.8844 11.283
      vertex 51.5048 13.8844 11.283
    endloop
  endfacet
  facet normal 0 0.763153 -0.646218
    outer loop
      vertex 45.3524 13.8844 11.283
      vertex 51.5048 13.5169 10.849
      vertex 45.3524 13.5169 10.849
    endloop
  endfacet
  facet normal 0 0.769499 -0.638648
    outer loop
      vertex 51.5048 13.8844 11.283
      vertex 45.3524 14.2446 11.717
      vertex 51.5048 14.2446 11.717
    endloop
  endfacet
  facet normal 0 0.769499 -0.638648
    outer loop
      vertex 45.3524 14.2446 11.717
      vertex 51.5048 13.8844 11.283
      vertex 45.3524 13.8844 11.283
    endloop
  endfacet
  facet normal 0 0.777116 -0.629358
    outer loop
      vertex 51.5048 14.2446 11.717
      vertex 45.3524 14.596 12.1509
      vertex 51.5048 14.596 12.1509
    endloop
  endfacet
  facet normal 0 0.777116 -0.629358
    outer loop
      vertex 45.3524 14.596 12.1509
      vertex 51.5048 14.2446 11.717
      vertex 45.3524 14.2446 11.717
    endloop
  endfacet
  facet normal 0 0.786054 -0.618157
    outer loop
      vertex 51.5048 14.596 12.1509
      vertex 45.3524 14.9373 12.5849
      vertex 51.5048 14.9373 12.5849
    endloop
  endfacet
  facet normal 0 0.786054 -0.618157
    outer loop
      vertex 45.3524 14.9373 12.5849
      vertex 51.5048 14.596 12.1509
      vertex 45.3524 14.596 12.1509
    endloop
  endfacet
  facet normal 0 0.796021 -0.605269
    outer loop
      vertex 51.5048 14.9373 12.5849
      vertex 45.3524 15.2673 13.0189
      vertex 51.5048 15.2673 13.0189
    endloop
  endfacet
  facet normal 0 0.796021 -0.605269
    outer loop
      vertex 45.3524 15.2673 13.0189
      vertex 51.5048 14.9373 12.5849
      vertex 45.3524 14.9373 12.5849
    endloop
  endfacet
  facet normal 0 0.807285 -0.590161
    outer loop
      vertex 51.5048 15.2673 13.0189
      vertex 45.3524 15.5845 13.4528
      vertex 51.5048 15.5845 13.4528
    endloop
  endfacet
  facet normal 0 0.807285 -0.590161
    outer loop
      vertex 45.3524 15.5845 13.4528
      vertex 51.5048 15.2673 13.0189
      vertex 45.3524 15.2673 13.0189
    endloop
  endfacet
  facet normal 0 0.819587 -0.572955
    outer loop
      vertex 51.5048 15.5845 13.4528
      vertex 45.3524 15.8879 13.8868
      vertex 51.5048 15.8879 13.8868
    endloop
  endfacet
  facet normal 0 0.819587 -0.572955
    outer loop
      vertex 45.3524 15.8879 13.8868
      vertex 51.5048 15.5845 13.4528
      vertex 45.3524 15.5845 13.4528
    endloop
  endfacet
  facet normal 0 0.832729 -0.553681
    outer loop
      vertex 51.5048 15.8879 13.8868
      vertex 45.3524 16.1764 14.3207
      vertex 51.5048 16.1764 14.3207
    endloop
  endfacet
  facet normal 0 0.832729 -0.553681
    outer loop
      vertex 45.3524 16.1764 14.3207
      vertex 51.5048 15.8879 13.8868
      vertex 45.3524 15.8879 13.8868
    endloop
  endfacet
  facet normal 0 0.846988 -0.531612
    outer loop
      vertex 51.5048 16.1764 14.3207
      vertex 45.3524 16.4488 14.7547
      vertex 51.5048 16.4488 14.7547
    endloop
  endfacet
  facet normal 0 0.846988 -0.531612
    outer loop
      vertex 45.3524 16.4488 14.7547
      vertex 51.5048 16.1764 14.3207
      vertex 45.3524 16.1764 14.3207
    endloop
  endfacet
  facet normal 0 0.861929 -0.507029
    outer loop
      vertex 51.5048 16.4488 14.7547
      vertex 45.3524 16.7041 15.1887
      vertex 51.5048 16.7041 15.1887
    endloop
  endfacet
  facet normal 0 0.861929 -0.507029
    outer loop
      vertex 45.3524 16.7041 15.1887
      vertex 51.5048 16.4488 14.7547
      vertex 45.3524 16.4488 14.7547
    endloop
  endfacet
  facet normal 0 0.877106 -0.480296
    outer loop
      vertex 51.5048 16.7041 15.1887
      vertex 45.3524 16.9417 15.6226
      vertex 51.5048 16.9417 15.6226
    endloop
  endfacet
  facet normal 0 0.877106 -0.480296
    outer loop
      vertex 45.3524 16.9417 15.6226
      vertex 51.5048 16.7041 15.1887
      vertex 45.3524 16.7041 15.1887
    endloop
  endfacet
  facet normal 0 0.893024 -0.45001
    outer loop
      vertex 51.5048 16.9417 15.6226
      vertex 45.3524 17.1604 16.0566
      vertex 51.5048 17.1604 16.0566
    endloop
  endfacet
  facet normal 0 0.893024 -0.45001
    outer loop
      vertex 45.3524 17.1604 16.0566
      vertex 51.5048 16.9417 15.6226
      vertex 45.3524 16.9417 15.6226
    endloop
  endfacet
  facet normal 0 0.908681 -0.417491
    outer loop
      vertex 51.5048 17.1604 16.0566
      vertex 45.3524 17.3598 16.4906
      vertex 51.5048 17.3598 16.4906
    endloop
  endfacet
  facet normal 0 0.908681 -0.417491
    outer loop
      vertex 45.3524 17.3598 16.4906
      vertex 51.5048 17.1604 16.0566
      vertex 45.3524 17.1604 16.0566
    endloop
  endfacet
  facet normal 0 0.924276 -0.381725
    outer loop
      vertex 51.5048 17.3598 16.4906
      vertex 45.3524 17.539 16.9245
      vertex 51.5048 17.539 16.9245
    endloop
  endfacet
  facet normal 0 0.924276 -0.381725
    outer loop
      vertex 45.3524 17.539 16.9245
      vertex 51.5048 17.3598 16.4906
      vertex 45.3524 17.3598 16.4906
    endloop
  endfacet
  facet normal 0 0.939249 -0.343237
    outer loop
      vertex 51.5048 17.539 16.9245
      vertex 45.3524 17.6976 17.3585
      vertex 51.5048 17.6976 17.3585
    endloop
  endfacet
  facet normal 0 0.939249 -0.343237
    outer loop
      vertex 45.3524 17.6976 17.3585
      vertex 51.5048 17.539 16.9245
      vertex 45.3524 17.539 16.9245
    endloop
  endfacet
  facet normal 0 0.95328 -0.302088
    outer loop
      vertex 51.5048 17.6976 17.3585
      vertex 45.3524 17.8351 17.7924
      vertex 51.5048 17.8351 17.7924
    endloop
  endfacet
  facet normal 0 0.95328 -0.302088
    outer loop
      vertex 45.3524 17.8351 17.7924
      vertex 51.5048 17.6976 17.3585
      vertex 45.3524 17.6976 17.3585
    endloop
  endfacet
  facet normal 0 0.966087 -0.258217
    outer loop
      vertex 51.5048 17.8351 17.7924
      vertex 45.3524 17.9511 18.2264
      vertex 51.5048 17.9511 18.2264
    endloop
  endfacet
  facet normal 0 0.966087 -0.258217
    outer loop
      vertex 45.3524 17.9511 18.2264
      vertex 51.5048 17.8351 17.7924
      vertex 45.3524 17.8351 17.7924
    endloop
  endfacet
  facet normal 0 0.977199 -0.212327
    outer loop
      vertex 51.5048 17.9511 18.2264
      vertex 45.3524 18.0454 18.6604
      vertex 51.5048 18.0454 18.6604
    endloop
  endfacet
  facet normal 0 0.977199 -0.212327
    outer loop
      vertex 45.3524 18.0454 18.6604
      vertex 51.5048 17.9511 18.2264
      vertex 45.3524 17.9511 18.2264
    endloop
  endfacet
  facet normal 0 0.9864 -0.164362
    outer loop
      vertex 51.5048 18.0454 18.6604
      vertex 45.3524 18.1177 19.0943
      vertex 51.5048 18.1177 19.0943
    endloop
  endfacet
  facet normal 0 0.9864 -0.164362
    outer loop
      vertex 45.3524 18.1177 19.0943
      vertex 51.5048 18.0454 18.6604
      vertex 45.3524 18.0454 18.6604
    endloop
  endfacet
  facet normal 0 0.993351 -0.115128
    outer loop
      vertex 51.5048 18.1177 19.0943
      vertex 45.3524 18.168 19.5283
      vertex 51.5048 18.168 19.5283
    endloop
  endfacet
  facet normal 0 0.993351 -0.115128
    outer loop
      vertex 45.3524 18.168 19.5283
      vertex 51.5048 18.1177 19.0943
      vertex 45.3524 18.1177 19.0943
    endloop
  endfacet
  facet normal 0 0.99788 -0.0650841
    outer loop
      vertex 51.5048 18.168 19.5283
      vertex 45.3524 18.1963 19.9622
      vertex 51.5048 18.1963 19.9622
    endloop
  endfacet
  facet normal 0 0.99788 -0.0650841
    outer loop
      vertex 45.3524 18.1963 19.9622
      vertex 51.5048 18.168 19.5283
      vertex 45.3524 18.168 19.5283
    endloop
  endfacet
  facet normal 0 0.999895 -0.0145146
    outer loop
      vertex 51.5048 18.1963 19.9622
      vertex 45.3524 18.2026 20.3962
      vertex 51.5048 18.2026 20.3962
    endloop
  endfacet
  facet normal 0 0.999895 -0.0145146
    outer loop
      vertex 45.3524 18.2026 20.3962
      vertex 51.5048 18.1963 19.9622
      vertex 45.3524 18.1963 19.9622
    endloop
  endfacet
  facet normal 0 0.999363 0.0356915
    outer loop
      vertex 51.5048 18.2026 20.3962
      vertex 45.3524 18.1871 20.8302
      vertex 51.5048 18.1871 20.8302
    endloop
  endfacet
  facet normal 0 0.999363 0.0356915
    outer loop
      vertex 45.3524 18.1871 20.8302
      vertex 51.5048 18.2026 20.3962
      vertex 45.3524 18.2026 20.3962
    endloop
  endfacet
  facet normal 0 0.996384 0.0849648
    outer loop
      vertex 51.5048 18.1871 20.8302
      vertex 45.3524 18.1501 21.2641
      vertex 51.5048 18.1501 21.2641
    endloop
  endfacet
  facet normal 0 0.996384 0.0849648
    outer loop
      vertex 45.3524 18.1501 21.2641
      vertex 51.5048 18.1871 20.8302
      vertex 45.3524 18.1871 20.8302
    endloop
  endfacet
  facet normal 0 0.991128 0.132912
    outer loop
      vertex 51.5048 18.1501 21.2641
      vertex 45.3524 18.0919 21.6981
      vertex 51.5048 18.0919 21.6981
    endloop
  endfacet
  facet normal 0 0.991128 0.132912
    outer loop
      vertex 45.3524 18.0919 21.6981
      vertex 51.5048 18.1501 21.2641
      vertex 45.3524 18.1501 21.2641
    endloop
  endfacet
  facet normal 0 0.983874 0.178865
    outer loop
      vertex 51.5048 18.0919 21.6981
      vertex 45.3524 18.013 22.1321
      vertex 51.5048 18.013 22.1321
    endloop
  endfacet
  facet normal 0 0.983874 0.178865
    outer loop
      vertex 45.3524 18.013 22.1321
      vertex 51.5048 18.0919 21.6981
      vertex 45.3524 18.0919 21.6981
    endloop
  endfacet
  facet normal 0 0.974896 0.22266
    outer loop
      vertex 51.5048 18.013 22.1321
      vertex 45.3524 17.9139 22.566
      vertex 51.5048 17.9139 22.566
    endloop
  endfacet
  facet normal 0 0.974896 0.22266
    outer loop
      vertex 45.3524 17.9139 22.566
      vertex 51.5048 18.013 22.1321
      vertex 45.3524 18.013 22.1321
    endloop
  endfacet
  facet normal 0 0.964517 0.26402
    outer loop
      vertex 51.5048 17.9139 22.566
      vertex 45.3524 17.7951 23
      vertex 51.5048 17.7951 23
    endloop
  endfacet
  facet normal 0 0.964517 0.26402
    outer loop
      vertex 45.3524 17.7951 23
      vertex 51.5048 17.9139 22.566
      vertex 45.3524 17.9139 22.566
    endloop
  endfacet
  facet normal 0 0.95311 0.302623
    outer loop
      vertex 51.5048 17.7951 23
      vertex 45.3524 17.6573 23.434
      vertex 51.5048 17.6573 23.434
    endloop
  endfacet
  facet normal 0 0.95311 0.302623
    outer loop
      vertex 45.3524 17.6573 23.434
      vertex 51.5048 17.7951 23
      vertex 45.3524 17.7951 23
    endloop
  endfacet
  facet normal 0 0.941028 0.338328
    outer loop
      vertex 51.5048 17.6573 23.434
      vertex 45.3524 17.5013 23.8679
      vertex 51.5048 17.5013 23.8679
    endloop
  endfacet
  facet normal 0 0.941028 0.338328
    outer loop
      vertex 45.3524 17.5013 23.8679
      vertex 51.5048 17.6573 23.434
      vertex 45.3524 17.6573 23.434
    endloop
  endfacet
  facet normal 0 0.928477 0.371391
    outer loop
      vertex 51.5048 17.5013 23.8679
      vertex 45.3524 17.3277 24.3019
      vertex 51.5048 17.3277 24.3019
    endloop
  endfacet
  facet normal 0 0.928477 0.371391
    outer loop
      vertex 45.3524 17.3277 24.3019
      vertex 51.5048 17.5013 23.8679
      vertex 45.3524 17.5013 23.8679
    endloop
  endfacet
  facet normal 0 0.915949 0.401295
    outer loop
      vertex 51.5048 17.3277 24.3019
      vertex 45.3524 17.1376 24.7358
      vertex 51.5048 17.1376 24.7358
    endloop
  endfacet
  facet normal 0 0.915949 0.401295
    outer loop
      vertex 45.3524 17.1376 24.7358
      vertex 51.5048 17.3277 24.3019
      vertex 45.3524 17.3277 24.3019
    endloop
  endfacet
  facet normal 0 0.903479 0.428632
    outer loop
      vertex 51.5048 17.1376 24.7358
      vertex 45.3524 16.9317 25.1698
      vertex 51.5048 16.9317 25.1698
    endloop
  endfacet
  facet normal 0 0.903479 0.428632
    outer loop
      vertex 45.3524 16.9317 25.1698
      vertex 51.5048 17.1376 24.7358
      vertex 45.3524 17.1376 24.7358
    endloop
  endfacet
  facet normal 0 0.891367 0.453283
    outer loop
      vertex 51.5048 16.9317 25.1698
      vertex 45.3524 16.711 25.6038
      vertex 51.5048 16.711 25.6038
    endloop
  endfacet
  facet normal 0 0.891367 0.453283
    outer loop
      vertex 45.3524 16.711 25.6038
      vertex 51.5048 16.9317 25.1698
      vertex 45.3524 16.9317 25.1698
    endloop
  endfacet
  facet normal 0 0.87991 0.475139
    outer loop
      vertex 51.5048 16.711 25.6038
      vertex 45.3524 16.4767 26.0377
      vertex 51.5048 16.4767 26.0377
    endloop
  endfacet
  facet normal 0 0.87991 0.475139
    outer loop
      vertex 45.3524 16.4767 26.0377
      vertex 51.5048 16.711 25.6038
      vertex 45.3524 16.711 25.6038
    endloop
  endfacet
  facet normal 0 0.868932 0.494931
    outer loop
      vertex 51.5048 16.4767 26.0377
      vertex 45.3524 16.2295 26.4717
      vertex 51.5048 16.2295 26.4717
    endloop
  endfacet
  facet normal 0 0.868932 0.494931
    outer loop
      vertex 45.3524 16.2295 26.4717
      vertex 51.5048 16.4767 26.0377
      vertex 45.3524 16.4767 26.0377
    endloop
  endfacet
  facet normal 0 0.858974 0.51202
    outer loop
      vertex 51.5048 16.2295 26.4717
      vertex 45.3524 15.9708 26.9057
      vertex 51.5048 15.9708 26.9057
    endloop
  endfacet
  facet normal 0 0.858974 0.51202
    outer loop
      vertex 45.3524 15.9708 26.9057
      vertex 51.5048 16.2295 26.4717
      vertex 45.3524 16.2295 26.4717
    endloop
  endfacet
  facet normal 0 0.849743 0.527197
    outer loop
      vertex 51.5048 15.9708 26.9057
      vertex 45.3524 15.7016 27.3396
      vertex 51.5048 15.7016 27.3396
    endloop
  endfacet
  facet normal 0 0.849743 0.527197
    outer loop
      vertex 45.3524 15.7016 27.3396
      vertex 51.5048 15.9708 26.9057
      vertex 45.3524 15.9708 26.9057
    endloop
  endfacet
  facet normal 0 0.841531 0.540209
    outer loop
      vertex 51.5048 15.7016 27.3396
      vertex 45.3524 15.423 27.7736
      vertex 51.5048 15.423 27.7736
    endloop
  endfacet
  facet normal 0 0.841531 0.540209
    outer loop
      vertex 45.3524 15.423 27.7736
      vertex 51.5048 15.7016 27.3396
      vertex 45.3524 15.7016 27.3396
    endloop
  endfacet
  facet normal 0 0.834233 0.551413
    outer loop
      vertex 51.5048 15.423 27.7736
      vertex 45.3524 15.1362 28.2075
      vertex 51.5048 15.1362 28.2075
    endloop
  endfacet
  facet normal 0 0.834233 0.551413
    outer loop
      vertex 45.3524 15.1362 28.2075
      vertex 51.5048 15.423 27.7736
      vertex 45.3524 15.423 27.7736
    endloop
  endfacet
  facet normal 0 0.828184 0.560456
    outer loop
      vertex 51.5048 15.1362 28.2075
      vertex 45.3524 14.8425 28.6415
      vertex 51.5048 14.8425 28.6415
    endloop
  endfacet
  facet normal 0 0.828184 0.560456
    outer loop
      vertex 45.3524 14.8425 28.6415
      vertex 51.5048 15.1362 28.2075
      vertex 45.3524 15.1362 28.2075
    endloop
  endfacet
  facet normal 0 0.822867 0.568234
    outer loop
      vertex 51.5048 14.8425 28.6415
      vertex 45.3524 14.5428 29.0755
      vertex 51.5048 14.5428 29.0755
    endloop
  endfacet
  facet normal 0 0.822867 0.568234
    outer loop
      vertex 45.3524 14.5428 29.0755
      vertex 51.5048 14.8425 28.6415
      vertex 45.3524 14.8425 28.6415
    endloop
  endfacet
  facet normal 0 0.818815 0.574057
    outer loop
      vertex 51.5048 14.5428 29.0755
      vertex 45.3524 14.2386 29.5094
      vertex 51.5048 14.2386 29.5094
    endloop
  endfacet
  facet normal 0 0.818815 0.574057
    outer loop
      vertex 45.3524 14.2386 29.5094
      vertex 51.5048 14.5428 29.0755
      vertex 45.3524 14.5428 29.0755
    endloop
  endfacet
  facet normal 0 0.815862 0.578247
    outer loop
      vertex 51.5048 14.2386 29.5094
      vertex 45.3524 13.931 29.9434
      vertex 51.5048 13.931 29.9434
    endloop
  endfacet
  facet normal 0 0.815862 0.578247
    outer loop
      vertex 45.3524 13.931 29.9434
      vertex 51.5048 14.2386 29.5094
      vertex 45.3524 14.2386 29.5094
    endloop
  endfacet
  facet normal 0 0.813848 0.581078
    outer loop
      vertex 51.5048 13.931 29.9434
      vertex 45.3524 13.6212 30.3773
      vertex 51.5048 13.6212 30.3773
    endloop
  endfacet
  facet normal 0 0.813848 0.581078
    outer loop
      vertex 45.3524 13.6212 30.3773
      vertex 51.5048 13.931 29.9434
      vertex 45.3524 13.931 29.9434
    endloop
  endfacet
  facet normal 0 0.812935 0.582354
    outer loop
      vertex 51.5048 13.6212 30.3773
      vertex 45.3524 13.3103 30.8113
      vertex 51.5048 13.3103 30.8113
    endloop
  endfacet
  facet normal 0 0.812935 0.582354
    outer loop
      vertex 45.3524 13.3103 30.8113
      vertex 51.5048 13.6212 30.3773
      vertex 45.3524 13.6212 30.3773
    endloop
  endfacet
  facet normal 0 0.813024 0.58223
    outer loop
      vertex 51.5048 13.3103 30.8113
      vertex 45.3524 12.9995 31.2453
      vertex 51.5048 12.9995 31.2453
    endloop
  endfacet
  facet normal 0 0.813024 0.58223
    outer loop
      vertex 45.3524 12.9995 31.2453
      vertex 51.5048 13.3103 30.8113
      vertex 45.3524 13.3103 30.8113
    endloop
  endfacet
  facet normal 0 0.814202 0.580581
    outer loop
      vertex 51.5048 12.9995 31.2453
      vertex 45.3524 12.6901 31.6792
      vertex 51.5048 12.6901 31.6792
    endloop
  endfacet
  facet normal 0 0.814202 0.580581
    outer loop
      vertex 45.3524 12.6901 31.6792
      vertex 51.5048 12.9995 31.2453
      vertex 45.3524 12.9995 31.2453
    endloop
  endfacet
  facet normal 0 0.816483 0.57737
    outer loop
      vertex 51.5048 12.6901 31.6792
      vertex 45.3524 12.3832 32.1132
      vertex 51.5048 12.3832 32.1132
    endloop
  endfacet
  facet normal 0 0.816483 0.57737
    outer loop
      vertex 45.3524 12.3832 32.1132
      vertex 51.5048 12.6901 31.6792
      vertex 45.3524 12.6901 31.6792
    endloop
  endfacet
  facet normal 0 0.819498 0.573082
    outer loop
      vertex 51.5048 12.3832 32.1132
      vertex 45.3524 12.0797 32.5472
      vertex 51.5048 12.0797 32.5472
    endloop
  endfacet
  facet normal 0 0.819498 0.573082
    outer loop
      vertex 45.3524 12.0797 32.5472
      vertex 51.5048 12.3832 32.1132
      vertex 45.3524 12.3832 32.1132
    endloop
  endfacet
  facet normal 0 0.823604 0.567165
    outer loop
      vertex 51.5048 12.0797 32.5472
      vertex 45.3524 11.7809 32.9811
      vertex 51.5048 11.7809 32.9811
    endloop
  endfacet
  facet normal 0 0.823604 0.567165
    outer loop
      vertex 45.3524 11.7809 32.9811
      vertex 51.5048 12.0797 32.5472
      vertex 45.3524 12.0797 32.5472
    endloop
  endfacet
  facet normal 0 0.828716 0.55967
    outer loop
      vertex 51.5048 11.7809 32.9811
      vertex 45.3524 11.4878 33.4151
      vertex 51.5048 11.4878 33.4151
    endloop
  endfacet
  facet normal 0 0.828716 0.55967
    outer loop
      vertex 45.3524 11.4878 33.4151
      vertex 51.5048 11.7809 32.9811
      vertex 45.3524 11.7809 32.9811
    endloop
  endfacet
  facet normal 0 0.834586 0.550877
    outer loop
      vertex 51.5048 11.4878 33.4151
      vertex 45.3524 11.2014 33.849
      vertex 51.5048 11.2014 33.849
    endloop
  endfacet
  facet normal 0 0.834586 0.550877
    outer loop
      vertex 45.3524 11.2014 33.849
      vertex 51.5048 11.4878 33.4151
      vertex 45.3524 11.4878 33.4151
    endloop
  endfacet
  facet normal 0 0.841355 0.540483
    outer loop
      vertex 51.5048 11.2014 33.849
      vertex 45.3524 10.9226 34.283
      vertex 51.5048 10.9226 34.283
    endloop
  endfacet
  facet normal 0 0.841355 0.540483
    outer loop
      vertex 45.3524 10.9226 34.283
      vertex 51.5048 11.2014 33.849
      vertex 45.3524 11.2014 33.849
    endloop
  endfacet
  facet normal 0 0.84892 0.528521
    outer loop
      vertex 51.5048 10.9226 34.283
      vertex 45.3524 10.6524 34.717
      vertex 51.5048 10.6524 34.717
    endloop
  endfacet
  facet normal 0 0.84892 0.528521
    outer loop
      vertex 45.3524 10.6524 34.717
      vertex 51.5048 10.9226 34.283
      vertex 45.3524 10.9226 34.283
    endloop
  endfacet
  facet normal 0 0.857092 0.515164
    outer loop
      vertex 51.5048 10.6524 34.717
      vertex 45.3524 10.3916 35.1509
      vertex 51.5048 10.3916 35.1509
    endloop
  endfacet
  facet normal 0 0.857092 0.515164
    outer loop
      vertex 45.3524 10.3916 35.1509
      vertex 51.5048 10.6524 34.717
      vertex 45.3524 10.6524 34.717
    endloop
  endfacet
  facet normal 0 0.866086 0.499895
    outer loop
      vertex 51.5048 10.3916 35.1509
      vertex 45.3524 10.1411 35.5849
      vertex 51.5048 10.1411 35.5849
    endloop
  endfacet
  facet normal 0 0.866086 0.499895
    outer loop
      vertex 45.3524 10.1411 35.5849
      vertex 51.5048 10.3916 35.1509
      vertex 45.3524 10.3916 35.1509
    endloop
  endfacet
  facet normal 0 0.875542 0.483142
    outer loop
      vertex 51.5048 10.1411 35.5849
      vertex 45.3524 9.90161 36.0189
      vertex 51.5048 9.90161 36.0189
    endloop
  endfacet
  facet normal 0 0.875542 0.483142
    outer loop
      vertex 45.3524 9.90161 36.0189
      vertex 51.5048 10.1411 35.5849
      vertex 45.3524 10.1411 35.5849
    endloop
  endfacet
  facet normal 0 0.885446 0.464742
    outer loop
      vertex 51.5048 9.90161 36.0189
      vertex 45.3524 9.67387 36.4528
      vertex 51.5048 9.67387 36.4528
    endloop
  endfacet
  facet normal 0 0.885446 0.464742
    outer loop
      vertex 45.3524 9.67387 36.4528
      vertex 51.5048 9.90161 36.0189
      vertex 45.3524 9.90161 36.0189
    endloop
  endfacet
  facet normal 0 0.895818 0.444421
    outer loop
      vertex 51.5048 9.67387 36.4528
      vertex 45.3524 9.45856 36.8868
      vertex 51.5048 9.45856 36.8868
    endloop
  endfacet
  facet normal 0 0.895818 0.444421
    outer loop
      vertex 45.3524 9.45856 36.8868
      vertex 51.5048 9.67387 36.4528
      vertex 45.3524 9.67387 36.4528
    endloop
  endfacet
  facet normal 0 0.906317 0.4226
    outer loop
      vertex 51.5048 9.45856 36.8868
      vertex 45.3524 9.25624 37.3207
      vertex 51.5048 9.25624 37.3207
    endloop
  endfacet
  facet normal 0 0.906317 0.4226
    outer loop
      vertex 45.3524 9.25624 37.3207
      vertex 51.5048 9.45856 36.8868
      vertex 45.3524 9.45856 36.8868
    endloop
  endfacet
  facet normal 0 0.917013 0.398858
    outer loop
      vertex 51.5048 9.25624 37.3207
      vertex 45.3524 9.06747 37.7547
      vertex 51.5048 9.06747 37.7547
    endloop
  endfacet
  facet normal 0 0.917013 0.398858
    outer loop
      vertex 45.3524 9.06747 37.7547
      vertex 51.5048 9.25624 37.3207
      vertex 45.3524 9.25624 37.3207
    endloop
  endfacet
  facet normal 0 0.927649 0.373453
    outer loop
      vertex 51.5048 9.06747 37.7547
      vertex 45.3524 8.89275 38.1887
      vertex 51.5048 8.89275 38.1887
    endloop
  endfacet
  facet normal 0 0.927649 0.373453
    outer loop
      vertex 45.3524 8.89275 38.1887
      vertex 51.5048 9.06747 37.7547
      vertex 45.3524 9.06747 37.7547
    endloop
  endfacet
  facet normal 0 0.938054 0.34649
    outer loop
      vertex 51.5048 8.89275 38.1887
      vertex 45.3524 8.73248 38.6226
      vertex 51.5048 8.73248 38.6226
    endloop
  endfacet
  facet normal 0 0.938054 0.34649
    outer loop
      vertex 45.3524 8.73248 38.6226
      vertex 51.5048 8.89275 38.1887
      vertex 45.3524 8.89275 38.1887
    endloop
  endfacet
  facet normal 0 0.948175 0.317748
    outer loop
      vertex 51.5048 8.73248 38.6226
      vertex 45.3524 8.58704 39.0566
      vertex 51.5048 8.58704 39.0566
    endloop
  endfacet
  facet normal 0 0.948175 0.317748
    outer loop
      vertex 45.3524 8.58704 39.0566
      vertex 51.5048 8.73248 38.6226
      vertex 45.3524 8.73248 38.6226
    endloop
  endfacet
  facet normal 0 0.957747 0.287611
    outer loop
      vertex 51.5048 8.58704 39.0566
      vertex 45.3524 8.45671 39.4906
      vertex 51.5048 8.45671 39.4906
    endloop
  endfacet
  facet normal 0 0.957747 0.287611
    outer loop
      vertex 45.3524 8.45671 39.4906
      vertex 51.5048 8.58704 39.0566
      vertex 45.3524 8.58704 39.0566
    endloop
  endfacet
  facet normal 0 0.966648 0.256109
    outer loop
      vertex 51.5048 8.45671 39.4906
      vertex 45.3524 8.34175 39.9245
      vertex 51.5048 8.34175 39.9245
    endloop
  endfacet
  facet normal 0 0.966648 0.256109
    outer loop
      vertex 45.3524 8.34175 39.9245
      vertex 51.5048 8.45671 39.4906
      vertex 45.3524 8.45671 39.4906
    endloop
  endfacet
  facet normal 0 0.974756 0.223273
    outer loop
      vertex 51.5048 8.34175 39.9245
      vertex 45.3524 8.24234 40.3585
      vertex 51.5048 8.24234 40.3585
    endloop
  endfacet
  facet normal 0 0.974756 0.223273
    outer loop
      vertex 45.3524 8.24234 40.3585
      vertex 51.5048 8.34175 39.9245
      vertex 45.3524 8.34175 39.9245
    endloop
  endfacet
  facet normal 0 0.981873 0.189541
    outer loop
      vertex 51.5048 8.24234 40.3585
      vertex 45.3524 8.15858 40.7924
      vertex 51.5048 8.15858 40.7924
    endloop
  endfacet
  facet normal 0 0.981873 0.189541
    outer loop
      vertex 45.3524 8.15858 40.7924
      vertex 51.5048 8.24234 40.3585
      vertex 45.3524 8.24234 40.3585
    endloop
  endfacet
  facet normal 0 0.98794 0.154838
    outer loop
      vertex 51.5048 8.15858 40.7924
      vertex 45.3524 8.09056 41.2264
      vertex 51.5048 8.09056 41.2264
    endloop
  endfacet
  facet normal 0 0.98794 0.154838
    outer loop
      vertex 45.3524 8.09056 41.2264
      vertex 51.5048 8.15858 40.7924
      vertex 45.3524 8.15858 40.7924
    endloop
  endfacet
  facet normal 0 0.99282 0.119619
    outer loop
      vertex 51.5048 8.09056 41.2264
      vertex 45.3524 8.03827 41.6604
      vertex 51.5048 8.03827 41.6604
    endloop
  endfacet
  facet normal 0 0.99282 0.119619
    outer loop
      vertex 45.3524 8.03827 41.6604
      vertex 51.5048 8.09056 41.2264
      vertex 45.3524 8.09056 41.2264
    endloop
  endfacet
  facet normal 0 0.996457 0.0840983
    outer loop
      vertex 51.5048 8.03827 41.6604
      vertex 45.3524 8.00165 42.0943
      vertex 51.5048 8.00165 42.0943
    endloop
  endfacet
  facet normal 0 0.996457 0.0840983
    outer loop
      vertex 45.3524 8.00165 42.0943
      vertex 51.5048 8.03827 41.6604
      vertex 45.3524 8.03827 41.6604
    endloop
  endfacet
  facet normal 0 0.998825 0.0484683
    outer loop
      vertex 51.5048 8.00165 42.0943
      vertex 45.3524 7.98059 42.5283
      vertex 51.5048 7.98059 42.5283
    endloop
  endfacet
  facet normal 0 0.998825 0.0484683
    outer loop
      vertex 45.3524 7.98059 42.5283
      vertex 51.5048 8.00165 42.0943
      vertex 45.3524 8.00165 42.0943
    endloop
  endfacet
  facet normal 0 0.999915 0.0130434
    outer loop
      vertex 51.5048 7.98059 42.5283
      vertex 45.3524 7.97493 42.9622
      vertex 51.5048 7.97493 42.9622
    endloop
  endfacet
  facet normal 0 0.999915 0.0130434
    outer loop
      vertex 45.3524 7.97493 42.9622
      vertex 51.5048 7.98059 42.5283
      vertex 45.3524 7.98059 42.5283
    endloop
  endfacet
  facet normal 0 0.999758 -0.0219993
    outer loop
      vertex 51.5048 7.97493 42.9622
      vertex 45.3524 7.98448 43.3962
      vertex 51.5048 7.98448 43.3962
    endloop
  endfacet
  facet normal 0 0.999758 -0.0219993
    outer loop
      vertex 45.3524 7.98448 43.3962
      vertex 51.5048 7.97493 42.9622
      vertex 45.3524 7.97493 42.9622
    endloop
  endfacet
  facet normal 0 0.998413 -0.056316
    outer loop
      vertex 51.5048 7.98448 43.3962
      vertex 45.3524 8.00896 43.8302
      vertex 51.5048 8.00896 43.8302
    endloop
  endfacet
  facet normal 0 0.998413 -0.056316
    outer loop
      vertex 45.3524 8.00896 43.8302
      vertex 51.5048 7.98448 43.3962
      vertex 45.3524 7.98448 43.3962
    endloop
  endfacet
  facet normal 0 0.995962 -0.089772
    outer loop
      vertex 51.5048 8.00896 43.8302
      vertex 45.3524 8.04807 44.2641
      vertex 51.5048 8.04807 44.2641
    endloop
  endfacet
  facet normal 0 0.995962 -0.089772
    outer loop
      vertex 45.3524 8.04807 44.2641
      vertex 51.5048 8.00896 43.8302
      vertex 45.3524 8.00896 43.8302
    endloop
  endfacet
  facet normal 0 0.992518 -0.122098
    outer loop
      vertex 51.5048 8.04807 44.2641
      vertex 45.3524 8.10146 44.6981
      vertex 51.5048 8.10146 44.6981
    endloop
  endfacet
  facet normal 0 0.992518 -0.122098
    outer loop
      vertex 45.3524 8.10146 44.6981
      vertex 51.5048 8.04807 44.2641
      vertex 45.3524 8.04807 44.2641
    endloop
  endfacet
  facet normal 0 0.988203 -0.153149
    outer loop
      vertex 51.5048 8.10146 44.6981
      vertex 45.3524 8.16872 45.1321
      vertex 51.5048 8.16872 45.1321
    endloop
  endfacet
  facet normal 0 0.988203 -0.153149
    outer loop
      vertex 45.3524 8.16872 45.1321
      vertex 51.5048 8.10146 44.6981
      vertex 45.3524 8.10146 44.6981
    endloop
  endfacet
  facet normal 0 0.98314 -0.182852
    outer loop
      vertex 51.5048 8.16872 45.1321
      vertex 45.3524 8.24942 45.566
      vertex 51.5048 8.24942 45.566
    endloop
  endfacet
  facet normal 0 0.98314 -0.182852
    outer loop
      vertex 45.3524 8.24942 45.566
      vertex 51.5048 8.16872 45.1321
      vertex 45.3524 8.16872 45.1321
    endloop
  endfacet
  facet normal 0 0.977483 -0.211015
    outer loop
      vertex 51.5048 8.24942 45.566
      vertex 45.3524 8.34311 46
      vertex 51.5048 8.34311 46
    endloop
  endfacet
  facet normal 0 0.977483 -0.211015
    outer loop
      vertex 45.3524 8.34311 46
      vertex 51.5048 8.24942 45.566
      vertex 45.3524 8.24942 45.566
    endloop
  endfacet
  facet normal 0 0.981374 -0.192109
    outer loop
      vertex 51.5048 6.29013 0
      vertex 45.3524 6.37508 0.43396
      vertex 51.5048 6.37508 0.43396
    endloop
  endfacet
  facet normal 0 0.981374 -0.192109
    outer loop
      vertex 45.3524 6.37508 0.43396
      vertex 51.5048 6.29013 0
      vertex 45.3524 6.29013 0
    endloop
  endfacet
  facet normal -1 0 0
    outer loop
      vertex 53.4476 17.9433 15.6226
      vertex 53.4476 17.9333 16.4906
      vertex 53.4476 17.9506 16.0566
    endloop
  endfacet
  facet normal -1 0 0
    outer loop
      vertex 53.4476 17.9114 15.1887
      vertex 53.4476 17.9333 16.4906
      vertex 53.4476 17.9433 15.6226
    endloop
  endfacet
  facet normal -1 0 0
    outer loop
      vertex 53.4476 17.9114 15.1887
      vertex 53.4476 17.8917 16.9245
      vertex 53.4476 17.9333 16.4906
    endloop
  endfacet
  facet normal -1 0 0
    outer loop
      vertex 53.4476 17.8547 14.7547
      vertex 53.4476 17.8917 16.9245
      vertex 53.4476 17.9114 15.1887
    endloop
  endfacet
  facet normal -1 0 0
    outer loop
      vertex 53.4476 17.8547 14.7547
      vertex 53.4476 17.8261 17.3585
      vertex 53.4476 17.8917 16.9245
    endloop
  endfacet
  facet normal -1 0 0
    outer loop
      vertex 53.4476 17.7734 14.3207
      vertex 53.4476 17.8261 17.3585
      vertex 53.4476 17.8547 14.7547
    endloop
  endfacet
  facet normal -1 0 0
    outer loop
      vertex 53.4476 17.7734 14.3207
      vertex 53.4476 17.737 17.7924
      vertex 53.4476 17.8261 17.3585
    endloop
  endfacet
  facet normal -1 0 0
    outer loop
      vertex 53.4476 17.6676 13.8868
      vertex 53.4476 17.737 17.7924
      vertex 53.4476 17.7734 14.3207
    endloop
  endfacet
  facet normal -1 0 0
    outer loop
      vertex 53.4476 17.6676 13.8868
      vertex 53.4476 17.6251 18.2264
      vertex 53.4476 17.737 17.7924
    endloop
  endfacet
  facet normal -1 0 0
    outer loop
      vertex 53.4476 17.5378 13.4528
      vertex 53.4476 17.6251 18.2264
      vertex 53.4476 17.6676 13.8868
    endloop
  endfacet
  facet normal -1 0 0
    outer loop
      vertex 53.4476 17.5378 13.4528
      vertex 53.4476 17.4908 18.6604
      vertex 53.4476 17.6251 18.2264
    endloop
  endfacet
  facet normal -1 0 0
    outer loop
      vertex 53.4476 17.3842 13.0189
      vertex 53.4476 17.4908 18.6604
      vertex 53.4476 17.5378 13.4528
    endloop
  endfacet
  facet normal -1 0 0
    outer loop
      vertex 53.4476 17.3842 13.0189
      vertex 53.4476 17.335 19.0943
      vertex 53.4476 17.4908 18.6604
    endloop
  endfacet
  facet normal -1 0 0
    outer loop
      vertex 53.4476 17.2075 12.5849
      vertex 53.4476 17.335 19.0943
      vertex 53.4476 17.3842 13.0189
    endloop
  endfacet
  facet normal -1 0 0
    outer loop
      vertex 53.4476 17.2075 12.5849
      vertex 53.4476 17.1586 19.5283
      vertex 53.4476 17.335 19.0943
    endloop
  endfacet
  facet normal -1 0 0
    outer loop
      vertex 53.4476 17.0082 12.1509
      vertex 53.4476 17.1586 19.5283
      vertex 53.4476 17.2075 12.5849
    endloop
  endfacet
  facet normal -1 0 0
    outer loop
      vertex 53.4476 17.0082 12.1509
      vertex 53.4476 16.9624 19.9622
      vertex 53.4476 17.1586 19.5283
    endloop
  endfacet
  facet normal -1 0 0
    outer loop
      vertex 53.4476 16.7873 11.717
      vertex 53.4476 16.9624 19.9622
      vertex 53.4476 17.0082 12.1509
    endloop
  endfacet
  facet normal -1 0 0
    outer loop
      vertex 53.4476 16.7873 11.717
      vertex 53.4476 16.7475 20.3962
      vertex 53.4476 16.9624 19.9622
    endloop
  endfacet
  facet normal -1 0 0
    outer loop
      vertex 53.4476 16.5454 11.283
      vertex 53.4476 16.7475 20.3962
      vertex 53.4476 16.7873 11.717
    endloop
  endfacet
  facet normal -1 0 0
    outer loop
      vertex 53.4476 16.5454 11.283
      vertex 53.4476 16.515 20.8302
      vertex 53.4476 16.7475 20.3962
    endloop
  endfacet
  facet normal -1 0 0
    outer loop
      vertex 53.4476 16.2836 10.849
      vertex 53.4476 16.515 20.8302
      vertex 53.4476 16.5454 11.283
    endloop
  endfacet
  facet normal -1 0 0
    outer loop
      vertex 53.4476 16.2836 10.849
      vertex 53.4476 16.2661 21.2641
      vertex 53.4476 16.515 20.8302
    endloop
  endfacet
  facet normal -1 0 0
    outer loop
      vertex 53.4476 16.0029 10.4151
      vertex 53.4476 16.2661 21.2641
      vertex 53.4476 16.2836 10.849
    endloop
  endfacet
  facet normal -1 0 0
    outer loop
      vertex 53.4476 16.0029 10.4151
      vertex 53.4476 16.0019 21.6981
      vertex 53.4476 16.2661 21.2641
    endloop
  endfacet
  facet normal -1 0 0
    outer loop
      vertex 53.4476 15.7045 9.98112
      vertex 53.4476 16.0019 21.6981
      vertex 53.4476 16.0029 10.4151
    endloop
  endfacet
  facet normal -1 -0 0
    outer loop
      vertex 53.4476 16.0019 21.6981
      vertex 53.4476 15.7045 9.98112
      vertex 53.4476 15.7237 22.1321
    endloop
  endfacet
  facet normal -1 0 0
    outer loop
      vertex 53.4476 15.3896 9.54716
      vertex 53.4476 15.7237 22.1321
      vertex 53.4476 15.7045 9.98112
    endloop
  endfacet
  facet normal -1 -0 0
    outer loop
      vertex 53.4476 15.7237 22.1321
      vertex 53.4476 15.3896 9.54716
      vertex 53.4476 15.4329 22.566
    endloop
  endfacet
  facet normal -1 0 0
    outer loop
      vertex 53.4476 15.0596 9.1132
      vertex 53.4476 15.4329 22.566
      vertex 53.4476 15.3896 9.54716
    endloop
  endfacet
  facet normal -1 -0 0
    outer loop
      vertex 53.4476 15.4329 22.566
      vertex 53.4476 15.0596 9.1132
      vertex 53.4476 15.1309 23
    endloop
  endfacet
  facet normal -1 0 0
    outer loop
      vertex 53.4476 14.7158 8.67924
      vertex 53.4476 15.1309 23
      vertex 53.4476 15.0596 9.1132
    endloop
  endfacet
  facet normal -1 -0 0
    outer loop
      vertex 53.4476 15.1309 23
      vertex 53.4476 14.7158 8.67924
      vertex 53.4476 14.819 23.434
    endloop
  endfacet
  facet normal -1 0 0
    outer loop
      vertex 53.4476 14.3597 8.24527
      vertex 53.4476 14.819 23.434
      vertex 53.4476 14.7158 8.67924
    endloop
  endfacet
  facet normal -1 -0 0
    outer loop
      vertex 53.4476 14.819 23.434
      vertex 53.4476 14.3597 8.24527
      vertex 53.4476 14.4987 23.8679
    endloop
  endfacet
  facet normal -1 0 0
    outer loop
      vertex 53.4476 13.9929 7.81131
      vertex 53.4476 14.4987 23.8679
      vertex 53.4476 14.3597 8.24527
    endloop
  endfacet
  facet normal -1 -0 0
    outer loop
      vertex 53.4476 14.4987 23.8679
      vertex 53.4476 13.9929 7.81131
      vertex 53.4476 14.1716 24.3019
    endloop
  endfacet
  facet normal -1 0 0
    outer loop
      vertex 53.4476 13.6169 7.37735
      vertex 53.4476 14.1716 24.3019
      vertex 53.4476 13.9929 7.81131
    endloop
  endfacet
  facet normal -1 -0 0
    outer loop
      vertex 53.4476 14.1716 24.3019
      vertex 53.4476 13.6169 7.37735
      vertex 53.4476 13.8389 24.7358
    endloop
  endfacet
  facet normal -1 0 0
    outer loop
      vertex 53.4476 13.2335 6.94339
      vertex 53.4476 13.8389 24.7358
      vertex 53.4476 13.6169 7.37735
    endloop
  endfacet
  facet normal -1 -0 0
    outer loop
      vertex 53.4476 13.8389 24.7358
      vertex 53.4476 13.2335 6.94339
      vertex 53.4476 13.5024 25.1698
    endloop
  endfacet
  facet normal -1 0 0
    outer loop
      vertex 53.4476 12.8442 6.50943
      vertex 53.4476 13.5024 25.1698
      vertex 53.4476 13.2335 6.94339
    endloop
  endfacet
  facet normal -1 -0 0
    outer loop
      vertex 53.4476 13.5024 25.1698
      vertex 53.4476 12.8442 6.50943
      vertex 53.4476 13.1634 25.6038
    endloop
  endfacet
  facet normal -1 0 0
    outer loop
      vertex 53.4476 12.4508 6.07547
      vertex 53.4476 13.1634 25.6038
      vertex 53.4476 12.8442 6.50943
    endloop
  endfacet
  facet normal -1 -0 0
    outer loop
      vertex 53.4476 13.1634 25.6038
      vertex 53.4476 12.4508 6.07547
      vertex 53.4476 12.8234 26.0377
    endloop
  endfacet
  facet normal -1 0 0
    outer loop
      vertex 53.4476 12.0551 5.64149
      vertex 53.4476 12.8234 26.0377
      vertex 53.4476 12.4508 6.07547
    endloop
  endfacet
  facet normal -1 -0 0
    outer loop
      vertex 53.4476 12.8234 26.0377
      vertex 53.4476 12.0551 5.64149
      vertex 53.4476 12.484 26.4717
    endloop
  endfacet
  facet normal -1 0 0
    outer loop
      vertex 53.4476 11.6589 5.20753
      vertex 53.4476 12.484 26.4717
      vertex 53.4476 12.0551 5.64149
    endloop
  endfacet
  facet normal -1 0 0
    outer loop
      vertex 53.4476 0 0
      vertex 53.4476 12.484 26.4717
      vertex 53.4476 11.6589 5.20753
    endloop
  endfacet
  facet normal -1 -0 0
    outer loop
      vertex 53.4476 12.484 26.4717
      vertex 53.4476 0 0
      vertex 53.4476 12.1467 26.9057
    endloop
  endfacet
  facet normal -1 -0 0
    outer loop
      vertex 53.4476 12.1467 26.9057
      vertex 53.4476 0 0
      vertex 53.4476 11.8127 27.3396
    endloop
  endfacet
  facet normal -1 0 0
    outer loop
      vertex 53.4476 0 0
      vertex 53.4476 11.6589 5.20753
      vertex 53.4476 11.2639 4.77357
    endloop
  endfacet
  facet normal -1 -0 0
    outer loop
      vertex 53.4476 11.8127 27.3396
      vertex 53.4476 0 0
      vertex 53.4476 11.4837 27.7736
    endloop
  endfacet
  facet normal -1 0 0
    outer loop
      vertex 53.4476 0 0
      vertex 53.4476 11.2639 4.77357
      vertex 53.4476 10.8718 4.33961
    endloop
  endfacet
  facet normal -1 -0 0
    outer loop
      vertex 53.4476 11.4837 27.7736
      vertex 53.4476 0 0
      vertex 53.4476 11.1608 28.2075
    endloop
  endfacet
  facet normal -1 -0 0
    outer loop
      vertex 53.4476 11.1608 28.2075
      vertex 53.4476 0 0
      vertex 53.4476 10.8456 28.6415
    endloop
  endfacet
  facet normal -1 0 0
    outer loop
      vertex 53.4476 0 0
      vertex 53.4476 10.8718 4.33961
      vertex 53.4476 10.4846 3.90565
    endloop
  endfacet
  facet normal -1 -0 0
    outer loop
      vertex 53.4476 10.8456 28.6415
      vertex 53.4476 0 0
      vertex 53.4476 10.5392 29.0755
    endloop
  endfacet
  facet normal -1 0 0
    outer loop
      vertex 53.4476 0 0
      vertex 53.4476 10.4846 3.90565
      vertex 53.4476 10.1039 3.47169
    endloop
  endfacet
  facet normal -1 -0 0
    outer loop
      vertex 53.4476 10.5392 29.0755
      vertex 53.4476 0 0
      vertex 53.4476 10.243 29.5094
    endloop
  endfacet
  facet normal -1 0 0
    outer loop
      vertex 53.4476 0 0
      vertex 53.4476 10.1039 3.47169
      vertex 53.4476 9.73155 3.03773
    endloop
  endfacet
  facet normal -1 -0 0
    outer loop
      vertex 53.4476 10.243 29.5094
      vertex 53.4476 0 0
      vertex 53.4476 9.95807 29.9434
    endloop
  endfacet
  facet normal -1 -0 0
    outer loop
      vertex 53.4476 9.95807 29.9434
      vertex 53.4476 0 0
      vertex 53.4476 9.68553 30.3773
    endloop
  endfacet
  facet normal -1 0 0
    outer loop
      vertex 53.4476 0 0
      vertex 53.4476 9.73155 3.03773
      vertex 53.4476 9.36917 2.60376
    endloop
  endfacet
  facet normal -1 -0 0
    outer loop
      vertex 53.4476 9.68553 30.3773
      vertex 53.4476 0 0
      vertex 53.4476 9.42647 30.8113
    endloop
  endfacet
  facet normal -1 0 0
    outer loop
      vertex 53.4476 0 0
      vertex 53.4476 9.36917 2.60376
      vertex 53.4476 9.01849 2.1698
    endloop
  endfacet
  facet normal -1 -0 0
    outer loop
      vertex 53.4476 9.42647 30.8113
      vertex 53.4476 0 0
      vertex 53.4476 9.18187 31.2453
    endloop
  endfacet
  facet normal -1 -0 0
    outer loop
      vertex 53.4476 9.18187 31.2453
      vertex 53.4476 0 0
      vertex 53.4476 8.95264 31.6792
    endloop
  endfacet
  facet normal -1 0 0
    outer loop
      vertex 53.4476 0 0
      vertex 53.4476 9.01849 2.1698
      vertex 53.4476 8.68112 1.73584
    endloop
  endfacet
  facet normal -1 -0 0
    outer loop
      vertex 53.4476 8.95264 31.6792
      vertex 53.4476 0 0
      vertex 53.4476 8.73959 32.1132
    endloop
  endfacet
  facet normal -1 -0 0
    outer loop
      vertex 53.4476 8.73959 32.1132
      vertex 53.4476 0 0
      vertex 53.4476 8.54352 32.5472
    endloop
  endfacet
  facet normal -1 0 0
    outer loop
      vertex 53.4476 0 0
      vertex 53.4476 8.68112 1.73584
      vertex 53.4476 8.35861 1.30188
    endloop
  endfacet
  facet normal -1 -0 0
    outer loop
      vertex 53.4476 8.54352 32.5472
      vertex 53.4476 0 0
      vertex 53.4476 8.36507 32.9811
    endloop
  endfacet
  facet normal -1 -0 0
    outer loop
      vertex 53.4476 8.36507 32.9811
      vertex 53.4476 0 0
      vertex 53.4476 8.20485 33.4151
    endloop
  endfacet
  facet normal -1 0 0
    outer loop
      vertex 53.4476 0 0
      vertex 53.4476 8.35861 1.30188
      vertex 53.4476 8.05251 0.86792
    endloop
  endfacet
  facet normal -1 0 0
    outer loop
      vertex 53.4476 0 46
      vertex 53.4476 8.20485 33.4151
      vertex 53.4476 0 0
    endloop
  endfacet
  facet normal -1 0 0
    outer loop
      vertex 53.4476 8.20485 33.4151
      vertex 53.4476 0 46
      vertex 53.4476 8.06337 33.849
    endloop
  endfacet
  facet normal -1 0 0
    outer loop
      vertex 53.4476 0 0
      vertex 53.4476 8.05251 0.86792
      vertex 53.4476 7.76421 0.43396
    endloop
  endfacet
  facet normal -1 0 0
    outer loop
      vertex 53.4476 8.06337 33.849
      vertex 53.4476 0 46
      vertex 53.4476 7.94104 34.283
    endloop
  endfacet
  facet normal -1 0 0
    outer loop
      vertex 53.4476 7.94104 34.283
      vertex 53.4476 0 46
      vertex 53.4476 7.83821 34.717
    endloop
  endfacet
  facet normal -1 0 0
    outer loop
      vertex 53.4476 7.83821 34.717
      vertex 53.4476 0 46
      vertex 53.4476 7.75514 35.1509
    endloop
  endfacet
  facet normal -1 0 0
    outer loop
      vertex 53.4476 7.75514 35.1509
      vertex 53.4476 0 46
      vertex 53.4476 7.69197 35.5849
    endloop
  endfacet
  facet normal -1 0 0
    outer loop
      vertex 53.4476 7.69197 35.5849
      vertex 53.4476 0 46
      vertex 53.4476 7.6488 36.0189
    endloop
  endfacet
  facet normal -1 0 0
    outer loop
      vertex 53.4476 0 0
      vertex 53.4476 7.76421 0.43396
      vertex 53.4476 7.49509 0
    endloop
  endfacet
  facet normal -1 0 0
    outer loop
      vertex 53.4476 7.6488 36.0189
      vertex 53.4476 0 46
      vertex 53.4476 7.62564 36.4528
    endloop
  endfacet
  facet normal -1 0 0
    outer loop
      vertex 53.4476 7.62564 36.4528
      vertex 53.4476 0 46
      vertex 53.4476 7.62238 36.8868
    endloop
  endfacet
  facet normal -1 0 0
    outer loop
      vertex 53.4476 7.62238 36.8868
      vertex 53.4476 0 46
      vertex 53.4476 7.63885 37.3207
    endloop
  endfacet
  facet normal -1 0 0
    outer loop
      vertex 53.4476 7.63885 37.3207
      vertex 53.4476 0 46
      vertex 53.4476 7.67482 37.7547
    endloop
  endfacet
  facet normal -1 0 0
    outer loop
      vertex 53.4476 7.67482 37.7547
      vertex 53.4476 0 46
      vertex 53.4476 7.72998 38.1887
    endloop
  endfacet
  facet normal -1 0 0
    outer loop
      vertex 53.4476 10.9871 45.566
      vertex 53.4476 0 46
      vertex 53.4476 11.2661 46
    endloop
  endfacet
  facet normal -1 0 0
    outer loop
      vertex 53.4476 10.7126 45.1321
      vertex 53.4476 0 46
      vertex 53.4476 10.9871 45.566
    endloop
  endfacet
  facet normal -1 0 0
    outer loop
      vertex 53.4476 10.4435 44.6981
      vertex 53.4476 0 46
      vertex 53.4476 10.7126 45.1321
    endloop
  endfacet
  facet normal -1 0 0
    outer loop
      vertex 53.4476 10.181 44.2641
      vertex 53.4476 0 46
      vertex 53.4476 10.4435 44.6981
    endloop
  endfacet
  facet normal -1 0 0
    outer loop
      vertex 53.4476 9.92606 43.8302
      vertex 53.4476 0 46
      vertex 53.4476 10.181 44.2641
    endloop
  endfacet
  facet normal -1 0 0
    outer loop
      vertex 53.4476 9.6797 43.3962
      vertex 53.4476 0 46
      vertex 53.4476 9.92606 43.8302
    endloop
  endfacet
  facet normal -1 0 0
    outer loop
      vertex 53.4476 9.44295 42.9622
      vertex 53.4476 0 46
      vertex 53.4476 9.6797 43.3962
    endloop
  endfacet
  facet normal -1 0 0
    outer loop
      vertex 53.4476 9.21677 42.5283
      vertex 53.4476 0 46
      vertex 53.4476 9.44295 42.9622
    endloop
  endfacet
  facet normal -1 0 0
    outer loop
      vertex 53.4476 9.00214 42.0943
      vertex 53.4476 0 46
      vertex 53.4476 9.21677 42.5283
    endloop
  endfacet
  facet normal -1 0 0
    outer loop
      vertex 53.4476 8.79997 41.6604
      vertex 53.4476 0 46
      vertex 53.4476 9.00214 42.0943
    endloop
  endfacet
  facet normal -1 0 0
    outer loop
      vertex 53.4476 8.61118 41.2264
      vertex 53.4476 0 46
      vertex 53.4476 8.79997 41.6604
    endloop
  endfacet
  facet normal -1 0 0
    outer loop
      vertex 53.4476 8.4366 40.7924
      vertex 53.4476 0 46
      vertex 53.4476 8.61118 41.2264
    endloop
  endfacet
  facet normal -1 0 0
    outer loop
      vertex 53.4476 8.27708 40.3585
      vertex 53.4476 0 46
      vertex 53.4476 8.4366 40.7924
    endloop
  endfacet
  facet normal -1 0 0
    outer loop
      vertex 53.4476 8.13336 39.9245
      vertex 53.4476 0 46
      vertex 53.4476 8.27708 40.3585
    endloop
  endfacet
  facet normal -1 0 0
    outer loop
      vertex 53.4476 8.00616 39.4906
      vertex 53.4476 0 46
      vertex 53.4476 8.13336 39.9245
    endloop
  endfacet
  facet normal -1 0 0
    outer loop
      vertex 53.4476 7.89615 39.0566
      vertex 53.4476 0 46
      vertex 53.4476 8.00616 39.4906
    endloop
  endfacet
  facet normal -1 0 0
    outer loop
      vertex 53.4476 7.80391 38.6226
      vertex 53.4476 0 46
      vertex 53.4476 7.89615 39.0566
    endloop
  endfacet
  facet normal -1 0 0
    outer loop
      vertex 53.4476 7.72998 38.1887
      vertex 53.4476 0 46
      vertex 53.4476 7.80391 38.6226
    endloop
  endfacet
  facet normal 1 -0 0
    outer loop
      vertex 59.6 0 46
      vertex 59.6 10.9871 45.566
      vertex 59.6 11.2661 46
    endloop
  endfacet
  facet normal 1 0 0
    outer loop
      vertex 59.6 0 46
      vertex 59.6 10.7126 45.1321
      vertex 59.6 10.9871 45.566
    endloop
  endfacet
  facet normal 1 0 0
    outer loop
      vertex 59.6 0 46
      vertex 59.6 10.4435 44.6981
      vertex 59.6 10.7126 45.1321
    endloop
  endfacet
  facet normal 1 0 0
    outer loop
      vertex 59.6 0 46
      vertex 59.6 10.181 44.2641
      vertex 59.6 10.4435 44.6981
    endloop
  endfacet
  facet normal 1 0 0
    outer loop
      vertex 59.6 0 46
      vertex 59.6 9.92606 43.8302
      vertex 59.6 10.181 44.2641
    endloop
  endfacet
  facet normal 1 0 0
    outer loop
      vertex 59.6 0 46
      vertex 59.6 9.6797 43.3962
      vertex 59.6 9.92606 43.8302
    endloop
  endfacet
  facet normal 1 0 0
    outer loop
      vertex 59.6 0 46
      vertex 59.6 9.44295 42.9622
      vertex 59.6 9.6797 43.3962
    endloop
  endfacet
  facet normal 1 0 0
    outer loop
      vertex 59.6 0 46
      vertex 59.6 9.21677 42.5283
      vertex 59.6 9.44295 42.9622
    endloop
  endfacet
  facet normal 1 0 0
    outer loop
      vertex 59.6 0 46
      vertex 59.6 9.00214 42.0943
      vertex 59.6 9.21677 42.5283
    endloop
  endfacet
  facet normal 1 0 0
    outer loop
      vertex 59.6 0 46
      vertex 59.6 8.79997 41.6604
      vertex 59.6 9.00214 42.0943
    endloop
  endfacet
  facet normal 1 0 0
    outer loop
      vertex 59.6 0 46
      vertex 59.6 8.61118 41.2264
      vertex 59.6 8.79997 41.6604
    endloop
  endfacet
  facet normal 1 0 0
    outer loop
      vertex 59.6 0 46
      vertex 59.6 8.4366 40.7924
      vertex 59.6 8.61118 41.2264
    endloop
  endfacet
  facet normal 1 0 0
    outer loop
      vertex 59.6 0 46
      vertex 59.6 8.27708 40.3585
      vertex 59.6 8.4366 40.7924
    endloop
  endfacet
  facet normal 1 0 0
    outer loop
      vertex 59.6 0 46
      vertex 59.6 8.13336 39.9245
      vertex 59.6 8.27708 40.3585
    endloop
  endfacet
  facet normal 1 0 0
    outer loop
      vertex 59.6 0 46
      vertex 59.6 8.00616 39.4906
      vertex 59.6 8.13336 39.9245
    endloop
  endfacet
  facet normal 1 0 0
    outer loop
      vertex 59.6 0 46
      vertex 59.6 7.89615 39.0566
      vertex 59.6 8.00616 39.4906
    endloop
  endfacet
  facet normal 1 0 0
    outer loop
      vertex 59.6 0 46
      vertex 59.6 7.80391 38.6226
      vertex 59.6 7.89615 39.0566
    endloop
  endfacet
  facet normal 1 0 0
    outer loop
      vertex 59.6 0 46
      vertex 59.6 7.72998 38.1887
      vertex 59.6 7.80391 38.6226
    endloop
  endfacet
  facet normal 1 0 0
    outer loop
      vertex 59.6 0 46
      vertex 59.6 7.67482 37.7547
      vertex 59.6 7.72998 38.1887
    endloop
  endfacet
  facet normal 1 0 0
    outer loop
      vertex 59.6 0 46
      vertex 59.6 7.63885 37.3207
      vertex 59.6 7.67482 37.7547
    endloop
  endfacet
  facet normal 1 0 0
    outer loop
      vertex 59.6 0 46
      vertex 59.6 7.62238 36.8868
      vertex 59.6 7.63885 37.3207
    endloop
  endfacet
  facet normal 1 0 0
    outer loop
      vertex 59.6 8.20485 33.4151
      vertex 59.6 0 0
      vertex 59.6 8.36507 32.9811
    endloop
  endfacet
  facet normal 1 0 0
    outer loop
      vertex 59.6 8.36507 32.9811
      vertex 59.6 0 0
      vertex 59.6 7.49509 0
    endloop
  endfacet
  facet normal 1 0 0
    outer loop
      vertex 59.6 17.9333 16.4906
      vertex 59.6 17.9433 15.6226
      vertex 59.6 17.9506 16.0566
    endloop
  endfacet
  facet normal 1 0 0
    outer loop
      vertex 59.6 17.9333 16.4906
      vertex 59.6 17.9114 15.1887
      vertex 59.6 17.9433 15.6226
    endloop
  endfacet
  facet normal 1 0 0
    outer loop
      vertex 59.6 17.8917 16.9245
      vertex 59.6 17.9114 15.1887
      vertex 59.6 17.9333 16.4906
    endloop
  endfacet
  facet normal 1 0 0
    outer loop
      vertex 59.6 17.8917 16.9245
      vertex 59.6 17.8547 14.7547
      vertex 59.6 17.9114 15.1887
    endloop
  endfacet
  facet normal 1 0 0
    outer loop
      vertex 59.6 17.8261 17.3585
      vertex 59.6 17.8547 14.7547
      vertex 59.6 17.8917 16.9245
    endloop
  endfacet
  facet normal 1 0 0
    outer loop
      vertex 59.6 17.8261 17.3585
      vertex 59.6 17.7734 14.3207
      vertex 59.6 17.8547 14.7547
    endloop
  endfacet
  facet normal 1 0 0
    outer loop
      vertex 59.6 17.737 17.7924
      vertex 59.6 17.7734 14.3207
      vertex 59.6 17.8261 17.3585
    endloop
  endfacet
  facet normal 1 0 0
    outer loop
      vertex 59.6 17.737 17.7924
      vertex 59.6 17.6676 13.8868
      vertex 59.6 17.7734 14.3207
    endloop
  endfacet
  facet normal 1 0 0
    outer loop
      vertex 59.6 17.6251 18.2264
      vertex 59.6 17.6676 13.8868
      vertex 59.6 17.737 17.7924
    endloop
  endfacet
  facet normal 1 0 0
    outer loop
      vertex 59.6 17.6251 18.2264
      vertex 59.6 17.5378 13.4528
      vertex 59.6 17.6676 13.8868
    endloop
  endfacet
  facet normal 1 0 0
    outer loop
      vertex 59.6 17.4908 18.6604
      vertex 59.6 17.5378 13.4528
      vertex 59.6 17.6251 18.2264
    endloop
  endfacet
  facet normal 1 0 0
    outer loop
      vertex 59.6 17.4908 18.6604
      vertex 59.6 17.3842 13.0189
      vertex 59.6 17.5378 13.4528
    endloop
  endfacet
  facet normal 1 0 0
    outer loop
      vertex 59.6 17.335 19.0943
      vertex 59.6 17.3842 13.0189
      vertex 59.6 17.4908 18.6604
    endloop
  endfacet
  facet normal 1 0 0
    outer loop
      vertex 59.6 17.335 19.0943
      vertex 59.6 17.2075 12.5849
      vertex 59.6 17.3842 13.0189
    endloop
  endfacet
  facet normal 1 0 0
    outer loop
      vertex 59.6 17.1586 19.5283
      vertex 59.6 17.2075 12.5849
      vertex 59.6 17.335 19.0943
    endloop
  endfacet
  facet normal 1 0 0
    outer loop
      vertex 59.6 17.1586 19.5283
      vertex 59.6 17.0082 12.1509
      vertex 59.6 17.2075 12.5849
    endloop
  endfacet
  facet normal 1 0 0
    outer loop
      vertex 59.6 16.9624 19.9622
      vertex 59.6 17.0082 12.1509
      vertex 59.6 17.1586 19.5283
    endloop
  endfacet
  facet normal 1 0 0
    outer loop
      vertex 59.6 16.9624 19.9622
      vertex 59.6 16.7873 11.717
      vertex 59.6 17.0082 12.1509
    endloop
  endfacet
  facet normal 1 0 0
    outer loop
      vertex 59.6 16.7475 20.3962
      vertex 59.6 16.7873 11.717
      vertex 59.6 16.9624 19.9622
    endloop
  endfacet
  facet normal 1 0 0
    outer loop
      vertex 59.6 16.7475 20.3962
      vertex 59.6 16.5454 11.283
      vertex 59.6 16.7873 11.717
    endloop
  endfacet
  facet normal 1 0 0
    outer loop
      vertex 59.6 16.515 20.8302
      vertex 59.6 16.5454 11.283
      vertex 59.6 16.7475 20.3962
    endloop
  endfacet
  facet normal 1 0 0
    outer loop
      vertex 59.6 16.515 20.8302
      vertex 59.6 16.2836 10.849
      vertex 59.6 16.5454 11.283
    endloop
  endfacet
  facet normal 1 0 0
    outer loop
      vertex 59.6 16.2661 21.2641
      vertex 59.6 16.2836 10.849
      vertex 59.6 16.515 20.8302
    endloop
  endfacet
  facet normal 1 0 0
    outer loop
      vertex 59.6 16.2661 21.2641
      vertex 59.6 16.0029 10.4151
      vertex 59.6 16.2836 10.849
    endloop
  endfacet
  facet normal 1 0 0
    outer loop
      vertex 59.6 16.0019 21.6981
      vertex 59.6 16.0029 10.4151
      vertex 59.6 16.2661 21.2641
    endloop
  endfacet
  facet normal 1 0 0
    outer loop
      vertex 59.6 15.7045 9.98112
      vertex 59.6 16.0019 21.6981
      vertex 59.6 15.7237 22.1321
    endloop
  endfacet
  facet normal 1 0 0
    outer loop
      vertex 59.6 16.0019 21.6981
      vertex 59.6 15.7045 9.98112
      vertex 59.6 16.0029 10.4151
    endloop
  endfacet
  facet normal 1 0 0
    outer loop
      vertex 59.6 15.3896 9.54716
      vertex 59.6 15.7237 22.1321
      vertex 59.6 15.4329 22.566
    endloop
  endfacet
  facet normal 1 0 0
    outer loop
      vertex 59.6 15.7237 22.1321
      vertex 59.6 15.3896 9.54716
      vertex 59.6 15.7045 9.98112
    endloop
  endfacet
  facet normal 1 0 0
    outer loop
      vertex 59.6 15.0596 9.1132
      vertex 59.6 15.4329 22.566
      vertex 59.6 15.1309 23
    endloop
  endfacet
  facet normal 1 0 0
    outer loop
      vertex 59.6 15.4329 22.566
      vertex 59.6 15.0596 9.1132
      vertex 59.6 15.3896 9.54716
    endloop
  endfacet
  facet normal 1 0 0
    outer loop
      vertex 59.6 14.7158 8.67924
      vertex 59.6 15.1309 23
      vertex 59.6 14.819 23.434
    endloop
  endfacet
  facet normal 1 0 0
    outer loop
      vertex 59.6 15.1309 23
      vertex 59.6 14.7158 8.67924
      vertex 59.6 15.0596 9.1132
    endloop
  endfacet
  facet normal 1 0 0
    outer loop
      vertex 59.6 14.3597 8.24527
      vertex 59.6 14.819 23.434
      vertex 59.6 14.4987 23.8679
    endloop
  endfacet
  facet normal 1 0 0
    outer loop
      vertex 59.6 14.819 23.434
      vertex 59.6 14.3597 8.24527
      vertex 59.6 14.7158 8.67924
    endloop
  endfacet
  facet normal 1 0 0
    outer loop
      vertex 59.6 13.9929 7.81131
      vertex 59.6 14.4987 23.8679
      vertex 59.6 14.1716 24.3019
    endloop
  endfacet
  facet normal 1 0 0
    outer loop
      vertex 59.6 14.4987 23.8679
      vertex 59.6 13.9929 7.81131
      vertex 59.6 14.3597 8.24527
    endloop
  endfacet
  facet normal 1 0 0
    outer loop
      vertex 59.6 13.6169 7.37735
      vertex 59.6 14.1716 24.3019
      vertex 59.6 13.8389 24.7358
    endloop
  endfacet
  facet normal 1 0 0
    outer loop
      vertex 59.6 14.1716 24.3019
      vertex 59.6 13.6169 7.37735
      vertex 59.6 13.9929 7.81131
    endloop
  endfacet
  facet normal 1 0 0
    outer loop
      vertex 59.6 13.2335 6.94339
      vertex 59.6 13.8389 24.7358
      vertex 59.6 13.5024 25.1698
    endloop
  endfacet
  facet normal 1 0 0
    outer loop
      vertex 59.6 13.8389 24.7358
      vertex 59.6 13.2335 6.94339
      vertex 59.6 13.6169 7.37735
    endloop
  endfacet
  facet normal 1 0 0
    outer loop
      vertex 59.6 12.8442 6.50943
      vertex 59.6 13.5024 25.1698
      vertex 59.6 13.1634 25.6038
    endloop
  endfacet
  facet normal 1 0 0
    outer loop
      vertex 59.6 13.5024 25.1698
      vertex 59.6 12.8442 6.50943
      vertex 59.6 13.2335 6.94339
    endloop
  endfacet
  facet normal 1 0 0
    outer loop
      vertex 59.6 12.4508 6.07547
      vertex 59.6 13.1634 25.6038
      vertex 59.6 12.8234 26.0377
    endloop
  endfacet
  facet normal 1 0 0
    outer loop
      vertex 59.6 12.0551 5.64149
      vertex 59.6 12.8234 26.0377
      vertex 59.6 12.484 26.4717
    endloop
  endfacet
  facet normal 1 0 0
    outer loop
      vertex 59.6 13.1634 25.6038
      vertex 59.6 12.4508 6.07547
      vertex 59.6 12.8442 6.50943
    endloop
  endfacet
  facet normal 1 0 0
    outer loop
      vertex 59.6 11.6589 5.20753
      vertex 59.6 12.484 26.4717
      vertex 59.6 12.1467 26.9057
    endloop
  endfacet
  facet normal 1 0 0
    outer loop
      vertex 59.6 12.8234 26.0377
      vertex 59.6 12.0551 5.64149
      vertex 59.6 12.4508 6.07547
    endloop
  endfacet
  facet normal 1 0 0
    outer loop
      vertex 59.6 11.2639 4.77357
      vertex 59.6 12.1467 26.9057
      vertex 59.6 11.8127 27.3396
    endloop
  endfacet
  facet normal 1 0 0
    outer loop
      vertex 59.6 12.484 26.4717
      vertex 59.6 11.6589 5.20753
      vertex 59.6 12.0551 5.64149
    endloop
  endfacet
  facet normal 1 0 0
    outer loop
      vertex 59.6 10.8718 4.33961
      vertex 59.6 11.8127 27.3396
      vertex 59.6 11.4837 27.7736
    endloop
  endfacet
  facet normal 1 0 0
    outer loop
      vertex 59.6 12.1467 26.9057
      vertex 59.6 11.2639 4.77357
      vertex 59.6 11.6589 5.20753
    endloop
  endfacet
  facet normal 1 0 0
    outer loop
      vertex 59.6 10.4846 3.90565
      vertex 59.6 11.4837 27.7736
      vertex 59.6 11.1608 28.2075
    endloop
  endfacet
  facet normal 1 0 0
    outer loop
      vertex 59.6 11.8127 27.3396
      vertex 59.6 10.8718 4.33961
      vertex 59.6 11.2639 4.77357
    endloop
  endfacet
  facet normal 1 0 0
    outer loop
      vertex 59.6 10.1039 3.47169
      vertex 59.6 11.1608 28.2075
      vertex 59.6 10.8456 28.6415
    endloop
  endfacet
  facet normal 1 0 0
    outer loop
      vertex 59.6 9.73155 3.03773
      vertex 59.6 10.8456 28.6415
      vertex 59.6 10.5392 29.0755
    endloop
  endfacet
  facet normal 1 0 0
    outer loop
      vertex 59.6 11.4837 27.7736
      vertex 59.6 10.4846 3.90565
      vertex 59.6 10.8718 4.33961
    endloop
  endfacet
  facet normal 1 0 0
    outer loop
      vertex 59.6 9.36917 2.60376
      vertex 59.6 10.5392 29.0755
      vertex 59.6 10.243 29.5094
    endloop
  endfacet
  facet normal 1 0 0
    outer loop
      vertex 59.6 11.1608 28.2075
      vertex 59.6 10.1039 3.47169
      vertex 59.6 10.4846 3.90565
    endloop
  endfacet
  facet normal 1 0 0
    outer loop
      vertex 59.6 9.01849 2.1698
      vertex 59.6 10.243 29.5094
      vertex 59.6 9.95807 29.9434
    endloop
  endfacet
  facet normal 1 0 0
    outer loop
      vertex 59.6 10.8456 28.6415
      vertex 59.6 9.73155 3.03773
      vertex 59.6 10.1039 3.47169
    endloop
  endfacet
  facet normal 1 0 0
    outer loop
      vertex 59.6 8.68112 1.73584
      vertex 59.6 9.95807 29.9434
      vertex 59.6 9.68553 30.3773
    endloop
  endfacet
  facet normal 1 0 0
    outer loop
      vertex 59.6 8.35861 1.30188
      vertex 59.6 9.68553 30.3773
      vertex 59.6 9.42647 30.8113
    endloop
  endfacet
  facet normal 1 0 0
    outer loop
      vertex 59.6 10.5392 29.0755
      vertex 59.6 9.36917 2.60376
      vertex 59.6 9.73155 3.03773
    endloop
  endfacet
  facet normal 1 0 0
    outer loop
      vertex 59.6 8.05251 0.86792
      vertex 59.6 9.42647 30.8113
      vertex 59.6 9.18187 31.2453
    endloop
  endfacet
  facet normal 1 0 0
    outer loop
      vertex 59.6 10.243 29.5094
      vertex 59.6 9.01849 2.1698
      vertex 59.6 9.36917 2.60376
    endloop
  endfacet
  facet normal 1 0 0
    outer loop
      vertex 59.6 7.76421 0.43396
      vertex 59.6 9.18187 31.2453
      vertex 59.6 8.95264 31.6792
    endloop
  endfacet
  facet normal 1 0 0
    outer loop
      vertex 59.6 7.49509 0
      vertex 59.6 8.95264 31.6792
      vertex 59.6 8.73959 32.1132
    endloop
  endfacet
  facet normal 1 0 0
    outer loop
      vertex 59.6 9.95807 29.9434
      vertex 59.6 8.68112 1.73584
      vertex 59.6 9.01849 2.1698
    endloop
  endfacet
  facet normal 1 0 0
    outer loop
      vertex 59.6 7.49509 0
      vertex 59.6 8.73959 32.1132
      vertex 59.6 8.54352 32.5472
    endloop
  endfacet
  facet normal 1 0 0
    outer loop
      vertex 59.6 7.49509 0
      vertex 59.6 8.54352 32.5472
      vertex 59.6 8.36507 32.9811
    endloop
  endfacet
  facet normal 1 0 0
    outer loop
      vertex 59.6 9.68553 30.3773
      vertex 59.6 8.35861 1.30188
      vertex 59.6 8.68112 1.73584
    endloop
  endfacet
  facet normal 1 0 0
    outer loop
      vertex 59.6 0 0
      vertex 59.6 8.20485 33.4151
      vertex 59.6 0 46
    endloop
  endfacet
  facet normal 1 0 0
    outer loop
      vertex 59.6 0 46
      vertex 59.6 8.20485 33.4151
      vertex 59.6 8.06337 33.849
    endloop
  endfacet
  facet normal 1 0 0
    outer loop
      vertex 59.6 9.42647 30.8113
      vertex 59.6 8.05251 0.86792
      vertex 59.6 8.35861 1.30188
    endloop
  endfacet
  facet normal 1 0 0
    outer loop
      vertex 59.6 0 46
      vertex 59.6 8.06337 33.849
      vertex 59.6 7.94104 34.283
    endloop
  endfacet
  facet normal 1 0 0
    outer loop
      vertex 59.6 0 46
      vertex 59.6 7.94104 34.283
      vertex 59.6 7.83821 34.717
    endloop
  endfacet
  facet normal 1 0 0
    outer loop
      vertex 59.6 9.18187 31.2453
      vertex 59.6 7.76421 0.43396
      vertex 59.6 8.05251 0.86792
    endloop
  endfacet
  facet normal 1 0 0
    outer loop
      vertex 59.6 0 46
      vertex 59.6 7.83821 34.717
      vertex 59.6 7.75514 35.1509
    endloop
  endfacet
  facet normal 1 0 0
    outer loop
      vertex 59.6 0 46
      vertex 59.6 7.75514 35.1509
      vertex 59.6 7.69197 35.5849
    endloop
  endfacet
  facet normal 1 0 0
    outer loop
      vertex 59.6 0 46
      vertex 59.6 7.69197 35.5849
      vertex 59.6 7.6488 36.0189
    endloop
  endfacet
  facet normal 1 0 0
    outer loop
      vertex 59.6 0 46
      vertex 59.6 7.6488 36.0189
      vertex 59.6 7.62564 36.4528
    endloop
  endfacet
  facet normal 1 0 0
    outer loop
      vertex 59.6 0 46
      vertex 59.6 7.62564 36.4528
      vertex 59.6 7.62238 36.8868
    endloop
  endfacet
  facet normal 1 0 0
    outer loop
      vertex 59.6 8.95264 31.6792
      vertex 59.6 7.49509 0
      vertex 59.6 7.76421 0.43396
    endloop
  endfacet
  facet normal 0 0.832941 -0.553362
    outer loop
      vertex 59.6 7.76421 0.43396
      vertex 53.4476 8.05251 0.86792
      vertex 59.6 8.05251 0.86792
    endloop
  endfacet
  facet normal 0 0.832941 -0.553362
    outer loop
      vertex 53.4476 8.05251 0.86792
      vertex 59.6 7.76421 0.43396
      vertex 53.4476 7.76421 0.43396
    endloop
  endfacet
  facet normal 0 0.817167 -0.576401
    outer loop
      vertex 59.6 8.05251 0.86792
      vertex 53.4476 8.35861 1.30188
      vertex 59.6 8.35861 1.30188
    endloop
  endfacet
  facet normal 0 0.817167 -0.576401
    outer loop
      vertex 53.4476 8.35861 1.30188
      vertex 59.6 8.05251 0.86792
      vertex 53.4476 8.05251 0.86792
    endloop
  endfacet
  facet normal 0 0.80262 -0.596491
    outer loop
      vertex 59.6 8.35861 1.30188
      vertex 53.4476 8.68112 1.73584
      vertex 59.6 8.68112 1.73584
    endloop
  endfacet
  facet normal 0 0.80262 -0.596491
    outer loop
      vertex 53.4476 8.68112 1.73584
      vertex 59.6 8.35861 1.30188
      vertex 53.4476 8.35861 1.30188
    endloop
  endfacet
  facet normal 0 0.789488 -0.613766
    outer loop
      vertex 59.6 8.68112 1.73584
      vertex 53.4476 9.01849 2.1698
      vertex 59.6 9.01849 2.1698
    endloop
  endfacet
  facet normal 0 0.789488 -0.613766
    outer loop
      vertex 53.4476 9.01849 2.1698
      vertex 59.6 8.68112 1.73584
      vertex 53.4476 8.68112 1.73584
    endloop
  endfacet
  facet normal 0 0.777789 -0.628526
    outer loop
      vertex 59.6 9.01849 2.1698
      vertex 53.4476 9.36917 2.60376
      vertex 59.6 9.36917 2.60376
    endloop
  endfacet
  facet normal 0 0.777789 -0.628526
    outer loop
      vertex 53.4476 9.36917 2.60376
      vertex 59.6 9.01849 2.1698
      vertex 53.4476 9.01849 2.1698
    endloop
  endfacet
  facet normal 0 0.767579 -0.640955
    outer loop
      vertex 59.6 9.36917 2.60376
      vertex 53.4476 9.73155 3.03773
      vertex 59.6 9.73155 3.03773
    endloop
  endfacet
  facet normal 0 0.767579 -0.640955
    outer loop
      vertex 53.4476 9.73155 3.03773
      vertex 59.6 9.36917 2.60376
      vertex 53.4476 9.36917 2.60376
    endloop
  endfacet
  facet normal 0 0.758924 -0.651179
    outer loop
      vertex 59.6 9.73155 3.03773
      vertex 53.4476 10.1039 3.47169
      vertex 59.6 10.1039 3.47169
    endloop
  endfacet
  facet normal 0 0.758924 -0.651179
    outer loop
      vertex 53.4476 10.1039 3.47169
      vertex 59.6 9.73155 3.03773
      vertex 53.4476 9.73155 3.03773
    endloop
  endfacet
  facet normal 0 0.75173 -0.65947
    outer loop
      vertex 59.6 10.1039 3.47169
      vertex 53.4476 10.4846 3.90565
      vertex 59.6 10.4846 3.90565
    endloop
  endfacet
  facet normal 0 0.75173 -0.65947
    outer loop
      vertex 53.4476 10.4846 3.90565
      vertex 59.6 10.1039 3.47169
      vertex 53.4476 10.1039 3.47169
    endloop
  endfacet
  facet normal 0 0.746163 -0.665763
    outer loop
      vertex 59.6 10.4846 3.90565
      vertex 53.4476 10.8718 4.33961
      vertex 59.6 10.8718 4.33961
    endloop
  endfacet
  facet normal 0 0.746163 -0.665763
    outer loop
      vertex 53.4476 10.8718 4.33961
      vertex 59.6 10.4846 3.90565
      vertex 53.4476 10.4846 3.90565
    endloop
  endfacet
  facet normal 0 0.741987 -0.670414
    outer loop
      vertex 59.6 10.8718 4.33961
      vertex 53.4476 11.2639 4.77357
      vertex 59.6 11.2639 4.77357
    endloop
  endfacet
  facet normal 0 0.741987 -0.670414
    outer loop
      vertex 53.4476 11.2639 4.77357
      vertex 59.6 10.8718 4.33961
      vertex 53.4476 10.8718 4.33961
    endloop
  endfacet
  facet normal 0 0.739524 -0.673131
    outer loop
      vertex 59.6 11.2639 4.77357
      vertex 53.4476 11.6589 5.20753
      vertex 59.6 11.6589 5.20753
    endloop
  endfacet
  facet normal 0 0.739524 -0.673131
    outer loop
      vertex 53.4476 11.6589 5.20753
      vertex 59.6 11.2639 4.77357
      vertex 53.4476 11.2639 4.77357
    endloop
  endfacet
  facet normal 0 0.738506 -0.674247
    outer loop
      vertex 59.6 11.6589 5.20753
      vertex 53.4476 12.0551 5.64149
      vertex 59.6 12.0551 5.64149
    endloop
  endfacet
  facet normal 0 0.738506 -0.674247
    outer loop
      vertex 53.4476 12.0551 5.64149
      vertex 59.6 11.6589 5.20753
      vertex 53.4476 11.6589 5.20753
    endloop
  endfacet
  facet normal 0 0.738945 -0.673765
    outer loop
      vertex 59.6 12.0551 5.64149
      vertex 53.4476 12.4508 6.07547
      vertex 59.6 12.4508 6.07547
    endloop
  endfacet
  facet normal 0 0.738945 -0.673765
    outer loop
      vertex 53.4476 12.4508 6.07547
      vertex 59.6 12.0551 5.64149
      vertex 53.4476 12.0551 5.64149
    endloop
  endfacet
  facet normal 0 0.740882 -0.671635
    outer loop
      vertex 59.6 12.4508 6.07547
      vertex 53.4476 12.8442 6.50943
      vertex 59.6 12.8442 6.50943
    endloop
  endfacet
  facet normal 0 0.740882 -0.671635
    outer loop
      vertex 53.4476 12.8442 6.50943
      vertex 59.6 12.4508 6.07547
      vertex 53.4476 12.4508 6.07547
    endloop
  endfacet
  facet normal 0 0.744371 -0.667766
    outer loop
      vertex 59.6 12.8442 6.50943
      vertex 53.4476 13.2335 6.94339
      vertex 59.6 13.2335 6.94339
    endloop
  endfacet
  facet normal 0 0.744371 -0.667766
    outer loop
      vertex 53.4476 13.2335 6.94339
      vertex 59.6 12.8442 6.50943
      vertex 53.4476 12.8442 6.50943
    endloop
  endfacet
  facet normal 0 0.749414 -0.662101
    outer loop
      vertex 59.6 13.2335 6.94339
      vertex 53.4476 13.6169 7.37735
      vertex 59.6 13.6169 7.37735
    endloop
  endfacet
  facet normal 0 0.749414 -0.662101
    outer loop
      vertex 53.4476 13.6169 7.37735
      vertex 59.6 13.2335 6.94339
      vertex 53.4476 13.2335 6.94339
    endloop
  endfacet
  facet normal 0 0.755774 -0.654832
    outer loop
      vertex 59.6 13.6169 7.37735
      vertex 53.4476 13.9929 7.81131
      vertex 59.6 13.9929 7.81131
    endloop
  endfacet
  facet normal 0 0.755774 -0.654832
    outer loop
      vertex 53.4476 13.9929 7.81131
      vertex 59.6 13.6169 7.37735
      vertex 53.4476 13.6169 7.37735
    endloop
  endfacet
  facet normal 0 0.763731 -0.645535
    outer loop
      vertex 59.6 13.9929 7.81131
      vertex 53.4476 14.3597 8.24527
      vertex 59.6 14.3597 8.24527
    endloop
  endfacet
  facet normal 0 0.763731 -0.645535
    outer loop
      vertex 53.4476 14.3597 8.24527
      vertex 59.6 13.9929 7.81131
      vertex 53.4476 13.9929 7.81131
    endloop
  endfacet
  facet normal 0 0.773054 -0.63434
    outer loop
      vertex 59.6 14.3597 8.24527
      vertex 53.4476 14.7158 8.67924
      vertex 59.6 14.7158 8.67924
    endloop
  endfacet
  facet normal 0 0.773054 -0.63434
    outer loop
      vertex 53.4476 14.7158 8.67924
      vertex 59.6 14.3597 8.24527
      vertex 53.4476 14.3597 8.24527
    endloop
  endfacet
  facet normal 0 0.783827 -0.620979
    outer loop
      vertex 59.6 14.7158 8.67924
      vertex 53.4476 15.0596 9.1132
      vertex 59.6 15.0596 9.1132
    endloop
  endfacet
  facet normal 0 0.783827 -0.620979
    outer loop
      vertex 53.4476 15.0596 9.1132
      vertex 59.6 14.7158 8.67924
      vertex 53.4476 14.7158 8.67924
    endloop
  endfacet
  facet normal 0 0.795994 -0.605305
    outer loop
      vertex 59.6 15.0596 9.1132
      vertex 53.4476 15.3896 9.54716
      vertex 59.6 15.3896 9.54716
    endloop
  endfacet
  facet normal 0 0.795994 -0.605305
    outer loop
      vertex 53.4476 15.3896 9.54716
      vertex 59.6 15.0596 9.1132
      vertex 53.4476 15.0596 9.1132
    endloop
  endfacet
  facet normal 0 0.809363 -0.587309
    outer loop
      vertex 59.6 15.3896 9.54716
      vertex 53.4476 15.7045 9.98112
      vertex 59.6 15.7045 9.98112
    endloop
  endfacet
  facet normal 0 0.809363 -0.587309
    outer loop
      vertex 53.4476 15.7045 9.98112
      vertex 59.6 15.3896 9.54716
      vertex 53.4476 15.3896 9.54716
    endloop
  endfacet
  facet normal 0 0.824008 -0.566579
    outer loop
      vertex 59.6 15.7045 9.98112
      vertex 53.4476 16.0029 10.4151
      vertex 59.6 16.0029 10.4151
    endloop
  endfacet
  facet normal 0 0.824008 -0.566579
    outer loop
      vertex 53.4476 16.0029 10.4151
      vertex 59.6 15.7045 9.98112
      vertex 53.4476 15.7045 9.98112
    endloop
  endfacet
  facet normal 0 0.839622 -0.543171
    outer loop
      vertex 59.6 16.0029 10.4151
      vertex 53.4476 16.2836 10.849
      vertex 59.6 16.2836 10.849
    endloop
  endfacet
  facet normal 0 0.839622 -0.543171
    outer loop
      vertex 53.4476 16.2836 10.849
      vertex 59.6 16.0029 10.4151
      vertex 53.4476 16.0029 10.4151
    endloop
  endfacet
  facet normal 0 0.856272 -0.516525
    outer loop
      vertex 59.6 16.2836 10.849
      vertex 53.4476 16.5454 11.283
      vertex 59.6 16.5454 11.283
    endloop
  endfacet
  facet normal 0 0.856272 -0.516525
    outer loop
      vertex 53.4476 16.5454 11.283
      vertex 59.6 16.2836 10.849
      vertex 53.4476 16.2836 10.849
    endloop
  endfacet
  facet normal 0 0.873482 -0.486856
    outer loop
      vertex 59.6 16.5454 11.283
      vertex 53.4476 16.7873 11.717
      vertex 59.6 16.7873 11.717
    endloop
  endfacet
  facet normal 0 0.873482 -0.486856
    outer loop
      vertex 53.4476 16.7873 11.717
      vertex 59.6 16.5454 11.283
      vertex 53.4476 16.5454 11.283
    endloop
  endfacet
  facet normal 0 0.891159 -0.453692
    outer loop
      vertex 59.6 16.7873 11.717
      vertex 53.4476 17.0082 12.1509
      vertex 59.6 17.0082 12.1509
    endloop
  endfacet
  facet normal 0 0.891159 -0.453692
    outer loop
      vertex 53.4476 17.0082 12.1509
      vertex 59.6 16.7873 11.717
      vertex 53.4476 16.7873 11.717
    endloop
  endfacet
  facet normal 0 0.908761 -0.417318
    outer loop
      vertex 59.6 17.0082 12.1509
      vertex 53.4476 17.2075 12.5849
      vertex 59.6 17.2075 12.5849
    endloop
  endfacet
  facet normal 0 0.908761 -0.417318
    outer loop
      vertex 53.4476 17.2075 12.5849
      vertex 59.6 17.0082 12.1509
      vertex 53.4476 17.0082 12.1509
    endloop
  endfacet
  facet normal 0 0.926178 -0.377087
    outer loop
      vertex 59.6 17.2075 12.5849
      vertex 53.4476 17.3842 13.0189
      vertex 59.6 17.3842 13.0189
    endloop
  endfacet
  facet normal 0 0.926178 -0.377087
    outer loop
      vertex 53.4476 17.3842 13.0189
      vertex 59.6 17.2075 12.5849
      vertex 53.4476 17.2075 12.5849
    endloop
  endfacet
  facet normal 0 0.942677 -0.333706
    outer loop
      vertex 59.6 17.3842 13.0189
      vertex 53.4476 17.5378 13.4528
      vertex 59.6 17.5378 13.4528
    endloop
  endfacet
  facet normal 0 0.942677 -0.333706
    outer loop
      vertex 53.4476 17.5378 13.4528
      vertex 59.6 17.3842 13.0189
      vertex 53.4476 17.3842 13.0189
    endloop
  endfacet
  facet normal 0 0.958069 -0.286538
    outer loop
      vertex 59.6 17.5378 13.4528
      vertex 53.4476 17.6676 13.8868
      vertex 59.6 17.6676 13.8868
    endloop
  endfacet
  facet normal 0 0.958069 -0.286538
    outer loop
      vertex 53.4476 17.6676 13.8868
      vertex 59.6 17.5378 13.4528
      vertex 53.4476 17.5378 13.4528
    endloop
  endfacet
  facet normal 0 0.971535 -0.236894
    outer loop
      vertex 59.6 17.6676 13.8868
      vertex 53.4476 17.7734 14.3207
      vertex 59.6 17.7734 14.3207
    endloop
  endfacet
  facet normal 0 0.971535 -0.236894
    outer loop
      vertex 53.4476 17.7734 14.3207
      vertex 59.6 17.6676 13.8868
      vertex 53.4476 17.6676 13.8868
    endloop
  endfacet
  facet normal 0 0.982903 -0.184124
    outer loop
      vertex 59.6 17.7734 14.3207
      vertex 53.4476 17.8547 14.7547
      vertex 59.6 17.8547 14.7547
    endloop
  endfacet
  facet normal 0 0.982903 -0.184124
    outer loop
      vertex 53.4476 17.8547 14.7547
      vertex 59.6 17.7734 14.3207
      vertex 53.4476 17.7734 14.3207
    endloop
  endfacet
  facet normal 0 0.991574 -0.129544
    outer loop
      vertex 59.6 17.8547 14.7547
      vertex 53.4476 17.9114 15.1887
      vertex 59.6 17.9114 15.1887
    endloop
  endfacet
  facet normal 0 0.991574 -0.129544
    outer loop
      vertex 53.4476 17.9114 15.1887
      vertex 59.6 17.8547 14.7547
      vertex 53.4476 17.8547 14.7547
    endloop
  endfacet
  facet normal 0 0.997308 -0.0733214
    outer loop
      vertex 59.6 17.9114 15.1887
      vertex 53.4476 17.9433 15.6226
      vertex 59.6 17.9433 15.6226
    endloop
  endfacet
  facet normal 0 0.997308 -0.0733214
    outer loop
      vertex 53.4476 17.9433 15.6226
      vertex 59.6 17.9114 15.1887
      vertex 53.4476 17.9114 15.1887
    endloop
  endfacet
  facet normal 0 0.999859 -0.0168179
    outer loop
      vertex 59.6 17.9433 15.6226
      vertex 53.4476 17.9506 16.0566
      vertex 59.6 17.9506 16.0566
    endloop
  endfacet
  facet normal 0 0.999859 -0.0168179
    outer loop
      vertex 53.4476 17.9506 16.0566
      vertex 59.6 17.9433 15.6226
      vertex 53.4476 17.9433 15.6226
    endloop
  endfacet
  facet normal 0 0.999206 0.0398301
    outer loop
      vertex 59.6 17.9506 16.0566
      vertex 53.4476 17.9333 16.4906
      vertex 59.6 17.9333 16.4906
    endloop
  endfacet
  facet normal 0 0.999206 0.0398301
    outer loop
      vertex 53.4476 17.9333 16.4906
      vertex 59.6 17.9506 16.0566
      vertex 53.4476 17.9506 16.0566
    endloop
  endfacet
  facet normal 0 0.995435 0.095437
    outer loop
      vertex 59.6 17.9333 16.4906
      vertex 53.4476 17.8917 16.9245
      vertex 59.6 17.8917 16.9245
    endloop
  endfacet
  facet normal 0 0.995435 0.095437
    outer loop
      vertex 53.4476 17.8917 16.9245
      vertex 59.6 17.9333 16.4906
      vertex 53.4476 17.9333 16.4906
    endloop
  endfacet
  facet normal 0 0.988769 0.149454
    outer loop
      vertex 59.6 17.8917 16.9245
      vertex 53.4476 17.8261 17.3585
      vertex 59.6 17.8261 17.3585
    endloop
  endfacet
  facet normal 0 0.988769 0.149454
    outer loop
      vertex 53.4476 17.8261 17.3585
      vertex 59.6 17.8917 16.9245
      vertex 53.4476 17.8917 16.9245
    endloop
  endfacet
  facet normal 0 0.979561 0.20115
    outer loop
      vertex 59.6 17.8261 17.3585
      vertex 53.4476 17.737 17.7924
      vertex 59.6 17.737 17.7924
    endloop
  endfacet
  facet normal 0 0.979561 0.20115
    outer loop
      vertex 53.4476 17.737 17.7924
      vertex 59.6 17.8261 17.3585
      vertex 53.4476 17.8261 17.3585
    endloop
  endfacet
  facet normal 0 0.968331 0.249669
    outer loop
      vertex 59.6 17.737 17.7924
      vertex 53.4476 17.6251 18.2264
      vertex 59.6 17.6251 18.2264
    endloop
  endfacet
  facet normal 0 0.968331 0.249669
    outer loop
      vertex 53.4476 17.6251 18.2264
      vertex 59.6 17.737 17.7924
      vertex 53.4476 17.737 17.7924
    endloop
  endfacet
  facet normal 0 0.955307 0.295617
    outer loop
      vertex 59.6 17.6251 18.2264
      vertex 53.4476 17.4908 18.6604
      vertex 59.6 17.4908 18.6604
    endloop
  endfacet
  facet normal 0 0.955307 0.295617
    outer loop
      vertex 53.4476 17.4908 18.6604
      vertex 59.6 17.6251 18.2264
      vertex 53.4476 17.6251 18.2264
    endloop
  endfacet
  facet normal 0 0.941166 0.337944
    outer loop
      vertex 59.6 17.4908 18.6604
      vertex 53.4476 17.335 19.0943
      vertex 59.6 17.335 19.0943
    endloop
  endfacet
  facet normal 0 0.941166 0.337944
    outer loop
      vertex 53.4476 17.335 19.0943
      vertex 59.6 17.4908 18.6604
      vertex 53.4476 17.4908 18.6604
    endloop
  endfacet
  facet normal 0 0.926401 0.376537
    outer loop
      vertex 59.6 17.335 19.0943
      vertex 53.4476 17.1586 19.5283
      vertex 59.6 17.1586 19.5283
    endloop
  endfacet
  facet normal 0 0.926401 0.376537
    outer loop
      vertex 53.4476 17.1586 19.5283
      vertex 59.6 17.335 19.0943
      vertex 53.4476 17.335 19.0943
    endloop
  endfacet
  facet normal 0 0.911177 0.412014
    outer loop
      vertex 59.6 17.1586 19.5283
      vertex 53.4476 16.9624 19.9622
      vertex 59.6 16.9624 19.9622
    endloop
  endfacet
  facet normal 0 0.911177 0.412014
    outer loop
      vertex 53.4476 16.9624 19.9622
      vertex 59.6 17.1586 19.5283
      vertex 53.4476 17.1586 19.5283
    endloop
  endfacet
  facet normal 0 0.896155 0.443741
    outer loop
      vertex 59.6 16.9624 19.9622
      vertex 53.4476 16.7475 20.3962
      vertex 59.6 16.7475 20.3962
    endloop
  endfacet
  facet normal 0 0.896155 0.443741
    outer loop
      vertex 53.4476 16.7475 20.3962
      vertex 59.6 16.9624 19.9622
      vertex 53.4476 16.9624 19.9622
    endloop
  endfacet
  facet normal 0 0.88148 0.472221
    outer loop
      vertex 59.6 16.7475 20.3962
      vertex 53.4476 16.515 20.8302
      vertex 59.6 16.515 20.8302
    endloop
  endfacet
  facet normal 0 0.88148 0.472221
    outer loop
      vertex 53.4476 16.515 20.8302
      vertex 59.6 16.7475 20.3962
      vertex 53.4476 16.7475 20.3962
    endloop
  endfacet
  facet normal 0 0.867418 0.497581
    outer loop
      vertex 59.6 16.515 20.8302
      vertex 53.4476 16.2661 21.2641
      vertex 59.6 16.2661 21.2641
    endloop
  endfacet
  facet normal 0 0.867418 0.497581
    outer loop
      vertex 53.4476 16.2661 21.2641
      vertex 59.6 16.515 20.8302
      vertex 53.4476 16.515 20.8302
    endloop
  endfacet
  facet normal 0 0.854176 0.519984
    outer loop
      vertex 59.6 16.2661 21.2641
      vertex 53.4476 16.0019 21.6981
      vertex 59.6 16.0019 21.6981
    endloop
  endfacet
  facet normal 0 0.854176 0.519984
    outer loop
      vertex 53.4476 16.0019 21.6981
      vertex 59.6 16.2661 21.2641
      vertex 53.4476 16.2661 21.2641
    endloop
  endfacet
  facet normal 0 0.841884 0.539659
    outer loop
      vertex 59.6 16.0019 21.6981
      vertex 53.4476 15.7237 22.1321
      vertex 59.6 15.7237 22.1321
    endloop
  endfacet
  facet normal 0 0.841884 0.539659
    outer loop
      vertex 53.4476 15.7237 22.1321
      vertex 59.6 16.0019 21.6981
      vertex 53.4476 16.0019 21.6981
    endloop
  endfacet
  facet normal 0 0.830693 0.556731
    outer loop
      vertex 59.6 15.7237 22.1321
      vertex 53.4476 15.4329 22.566
      vertex 59.6 15.4329 22.566
    endloop
  endfacet
  facet normal 0 0.830693 0.556731
    outer loop
      vertex 53.4476 15.4329 22.566
      vertex 59.6 15.7237 22.1321
      vertex 53.4476 15.7237 22.1321
    endloop
  endfacet
  facet normal 0 0.820828 0.571175
    outer loop
      vertex 59.6 15.4329 22.566
      vertex 53.4476 15.1309 23
      vertex 59.6 15.1309 23
    endloop
  endfacet
  facet normal 0 0.820828 0.571175
    outer loop
      vertex 53.4476 15.1309 23
      vertex 59.6 15.4329 22.566
      vertex 53.4476 15.4329 22.566
    endloop
  endfacet
  facet normal 0 0.812049 0.58359
    outer loop
      vertex 59.6 15.1309 23
      vertex 53.4476 14.819 23.434
      vertex 59.6 14.819 23.434
    endloop
  endfacet
  facet normal 0 0.812049 0.58359
    outer loop
      vertex 53.4476 14.819 23.434
      vertex 59.6 15.1309 23
      vertex 53.4476 15.1309 23
    endloop
  endfacet
  facet normal 0 0.804538 0.593901
    outer loop
      vertex 59.6 14.819 23.434
      vertex 53.4476 14.4987 23.8679
      vertex 59.6 14.4987 23.8679
    endloop
  endfacet
  facet normal 0 0.804538 0.593901
    outer loop
      vertex 53.4476 14.4987 23.8679
      vertex 59.6 14.819 23.434
      vertex 53.4476 14.819 23.434
    endloop
  endfacet
  facet normal 0 0.798585 0.601883
    outer loop
      vertex 59.6 14.4987 23.8679
      vertex 53.4476 14.1716 24.3019
      vertex 59.6 14.1716 24.3019
    endloop
  endfacet
  facet normal 0 0.798585 0.601883
    outer loop
      vertex 53.4476 14.1716 24.3019
      vertex 59.6 14.4987 23.8679
      vertex 53.4476 14.4987 23.8679
    endloop
  endfacet
  facet normal 0 0.793568 0.608481
    outer loop
      vertex 59.6 14.1716 24.3019
      vertex 53.4476 13.8389 24.7358
      vertex 59.6 13.8389 24.7358
    endloop
  endfacet
  facet normal 0 0.793568 0.608481
    outer loop
      vertex 53.4476 13.8389 24.7358
      vertex 59.6 14.1716 24.3019
      vertex 53.4476 14.1716 24.3019
    endloop
  endfacet
  facet normal 0 0.790283 0.612742
    outer loop
      vertex 59.6 13.8389 24.7358
      vertex 53.4476 13.5024 25.1698
      vertex 59.6 13.5024 25.1698
    endloop
  endfacet
  facet normal 0 0.790283 0.612742
    outer loop
      vertex 53.4476 13.5024 25.1698
      vertex 59.6 13.8389 24.7358
      vertex 53.4476 13.8389 24.7358
    endloop
  endfacet
  facet normal 0 0.788079 0.615574
    outer loop
      vertex 59.6 13.5024 25.1698
      vertex 53.4476 13.1634 25.6038
      vertex 59.6 13.1634 25.6038
    endloop
  endfacet
  facet normal 0 0.788079 0.615574
    outer loop
      vertex 53.4476 13.1634 25.6038
      vertex 59.6 13.5024 25.1698
      vertex 53.4476 13.5024 25.1698
    endloop
  endfacet
  facet normal 0 0.78713 0.616788
    outer loop
      vertex 59.6 13.1634 25.6038
      vertex 53.4476 12.8234 26.0377
      vertex 59.6 12.8234 26.0377
    endloop
  endfacet
  facet normal 0 0.78713 0.616788
    outer loop
      vertex 53.4476 12.8234 26.0377
      vertex 59.6 13.1634 25.6038
      vertex 53.4476 13.1634 25.6038
    endloop
  endfacet
  facet normal 0 0.787727 0.616024
    outer loop
      vertex 59.6 12.8234 26.0377
      vertex 53.4476 12.484 26.4717
      vertex 59.6 12.484 26.4717
    endloop
  endfacet
  facet normal 0 0.787727 0.616024
    outer loop
      vertex 53.4476 12.484 26.4717
      vertex 59.6 12.8234 26.0377
      vertex 53.4476 12.8234 26.0377
    endloop
  endfacet
  facet normal 0 0.789577 0.613651
    outer loop
      vertex 59.6 12.484 26.4717
      vertex 53.4476 12.1467 26.9057
      vertex 59.6 12.1467 26.9057
    endloop
  endfacet
  facet normal 0 0.789577 0.613651
    outer loop
      vertex 53.4476 12.1467 26.9057
      vertex 59.6 12.484 26.4717
      vertex 53.4476 12.484 26.4717
    endloop
  endfacet
  facet normal 0 0.79242 0.609976
    outer loop
      vertex 59.6 12.1467 26.9057
      vertex 53.4476 11.8127 27.3396
      vertex 59.6 11.8127 27.3396
    endloop
  endfacet
  facet normal 0 0.79242 0.609976
    outer loop
      vertex 53.4476 11.8127 27.3396
      vertex 59.6 12.1467 26.9057
      vertex 53.4476 12.1467 26.9057
    endloop
  endfacet
  facet normal 0 0.796905 0.604105
    outer loop
      vertex 59.6 11.8127 27.3396
      vertex 53.4476 11.4837 27.7736
      vertex 59.6 11.4837 27.7736
    endloop
  endfacet
  facet normal 0 0.796905 0.604105
    outer loop
      vertex 53.4476 11.4837 27.7736
      vertex 59.6 11.8127 27.3396
      vertex 53.4476 11.8127 27.3396
    endloop
  endfacet
  facet normal 0 0.802235 0.597008
    outer loop
      vertex 59.6 11.4837 27.7736
      vertex 53.4476 11.1608 28.2075
      vertex 59.6 11.1608 28.2075
    endloop
  endfacet
  facet normal 0 0.802235 0.597008
    outer loop
      vertex 53.4476 11.1608 28.2075
      vertex 59.6 11.4837 27.7736
      vertex 53.4476 11.4837 27.7736
    endloop
  endfacet
  facet normal 0 0.809123 0.587639
    outer loop
      vertex 59.6 11.1608 28.2075
      vertex 53.4476 10.8456 28.6415
      vertex 59.6 10.8456 28.6415
    endloop
  endfacet
  facet normal 0 0.809123 0.587639
    outer loop
      vertex 53.4476 10.8456 28.6415
      vertex 59.6 11.1608 28.2075
      vertex 53.4476 11.1608 28.2075
    endloop
  endfacet
  facet normal 0 0.816926 0.576742
    outer loop
      vertex 59.6 10.8456 28.6415
      vertex 53.4476 10.5392 29.0755
      vertex 59.6 10.5392 29.0755
    endloop
  endfacet
  facet normal 0 0.816926 0.576742
    outer loop
      vertex 53.4476 10.5392 29.0755
      vertex 59.6 10.8456 28.6415
      vertex 53.4476 10.8456 28.6415
    endloop
  endfacet
  facet normal 0 0.825909 0.563803
    outer loop
      vertex 59.6 10.5392 29.0755
      vertex 53.4476 10.243 29.5094
      vertex 59.6 10.243 29.5094
    endloop
  endfacet
  facet normal 0 0.825909 0.563803
    outer loop
      vertex 53.4476 10.243 29.5094
      vertex 59.6 10.5392 29.0755
      vertex 53.4476 10.5392 29.0755
    endloop
  endfacet
  facet normal 0 0.835944 0.548815
    outer loop
      vertex 59.6 10.243 29.5094
      vertex 53.4476 9.95807 29.9434
      vertex 59.6 9.95807 29.9434
    endloop
  endfacet
  facet normal 0 0.835944 0.548815
    outer loop
      vertex 53.4476 9.95807 29.9434
      vertex 59.6 10.243 29.5094
      vertex 53.4476 10.243 29.5094
    endloop
  endfacet
  facet normal 0 0.84681 0.531896
    outer loop
      vertex 59.6 9.95807 29.9434
      vertex 53.4476 9.68553 30.3773
      vertex 59.6 9.68553 30.3773
    endloop
  endfacet
  facet normal 0 0.84681 0.531896
    outer loop
      vertex 53.4476 9.68553 30.3773
      vertex 59.6 9.95807 29.9434
      vertex 53.4476 9.95807 29.9434
    endloop
  endfacet
  facet normal 0 0.85866 0.512545
    outer loop
      vertex 59.6 9.68553 30.3773
      vertex 53.4476 9.42647 30.8113
      vertex 59.6 9.42647 30.8113
    endloop
  endfacet
  facet normal 0 0.85866 0.512545
    outer loop
      vertex 53.4476 9.42647 30.8113
      vertex 59.6 9.68553 30.3773
      vertex 53.4476 9.68553 30.3773
    endloop
  endfacet
  facet normal 0 0.871168 0.490985
    outer loop
      vertex 59.6 9.42647 30.8113
      vertex 53.4476 9.18187 31.2453
      vertex 59.6 9.18187 31.2453
    endloop
  endfacet
  facet normal 0 0.871168 0.490985
    outer loop
      vertex 53.4476 9.18187 31.2453
      vertex 59.6 9.42647 30.8113
      vertex 53.4476 9.42647 30.8113
    endloop
  endfacet
  facet normal 0 0.884194 0.467121
    outer loop
      vertex 59.6 9.18187 31.2453
      vertex 53.4476 8.95264 31.6792
      vertex 59.6 8.95264 31.6792
    endloop
  endfacet
  facet normal 0 0.884194 0.467121
    outer loop
      vertex 53.4476 8.95264 31.6792
      vertex 59.6 9.18187 31.2453
      vertex 53.4476 9.18187 31.2453
    endloop
  endfacet
  facet normal 0 0.897671 0.440666
    outer loop
      vertex 59.6 8.95264 31.6792
      vertex 53.4476 8.73959 32.1132
      vertex 59.6 8.73959 32.1132
    endloop
  endfacet
  facet normal 0 0.897671 0.440666
    outer loop
      vertex 53.4476 8.73959 32.1132
      vertex 59.6 8.95264 31.6792
      vertex 53.4476 8.95264 31.6792
    endloop
  endfacet
  facet normal 0 0.911315 0.411709
    outer loop
      vertex 59.6 8.73959 32.1132
      vertex 53.4476 8.54352 32.5472
      vertex 59.6 8.54352 32.5472
    endloop
  endfacet
  facet normal 0 0.911315 0.411709
    outer loop
      vertex 53.4476 8.54352 32.5472
      vertex 59.6 8.73959 32.1132
      vertex 53.4476 8.73959 32.1132
    endloop
  endfacet
  facet normal 0 0.924839 0.380358
    outer loop
      vertex 59.6 8.54352 32.5472
      vertex 53.4476 8.36507 32.9811
      vertex 59.6 8.36507 32.9811
    endloop
  endfacet
  facet normal 0 0.924839 0.380358
    outer loop
      vertex 53.4476 8.36507 32.9811
      vertex 59.6 8.54352 32.5472
      vertex 53.4476 8.54352 32.5472
    endloop
  endfacet
  facet normal 0 0.938115 0.346324
    outer loop
      vertex 59.6 8.36507 32.9811
      vertex 53.4476 8.20485 33.4151
      vertex 59.6 8.20485 33.4151
    endloop
  endfacet
  facet normal 0 0.938115 0.346324
    outer loop
      vertex 53.4476 8.20485 33.4151
      vertex 59.6 8.36507 32.9811
      vertex 53.4476 8.36507 32.9811
    endloop
  endfacet
  facet normal 0 0.950736 0.310003
    outer loop
      vertex 59.6 8.20485 33.4151
      vertex 53.4476 8.06337 33.849
      vertex 59.6 8.06337 33.849
    endloop
  endfacet
  facet normal 0 0.950736 0.310003
    outer loop
      vertex 53.4476 8.06337 33.849
      vertex 59.6 8.20485 33.4151
      vertex 53.4476 8.20485 33.4151
    endloop
  endfacet
  facet normal 0 0.962496 0.271295
    outer loop
      vertex 59.6 8.06337 33.849
      vertex 53.4476 7.94104 34.283
      vertex 59.6 7.94104 34.283
    endloop
  endfacet
  facet normal 0 0.962496 0.271295
    outer loop
      vertex 53.4476 7.94104 34.283
      vertex 59.6 8.06337 33.849
      vertex 53.4476 8.06337 33.849
    endloop
  endfacet
  facet normal 0 0.97306 0.230552
    outer loop
      vertex 59.6 7.94104 34.283
      vertex 53.4476 7.83821 34.717
      vertex 59.6 7.83821 34.717
    endloop
  endfacet
  facet normal 0 0.97306 0.230552
    outer loop
      vertex 53.4476 7.83821 34.717
      vertex 59.6 7.94104 34.283
      vertex 53.4476 7.94104 34.283
    endloop
  endfacet
  facet normal 0 0.982162 0.188035
    outer loop
      vertex 59.6 7.83821 34.717
      vertex 53.4476 7.75514 35.1509
      vertex 59.6 7.75514 35.1509
    endloop
  endfacet
  facet normal 0 0.982162 0.188035
    outer loop
      vertex 53.4476 7.75514 35.1509
      vertex 59.6 7.83821 34.717
      vertex 53.4476 7.83821 34.717
    endloop
  endfacet
  facet normal 0 0.989573 0.144035
    outer loop
      vertex 59.6 7.75514 35.1509
      vertex 53.4476 7.69197 35.5849
      vertex 59.6 7.69197 35.5849
    endloop
  endfacet
  facet normal 0 0.989573 0.144035
    outer loop
      vertex 53.4476 7.69197 35.5849
      vertex 59.6 7.75514 35.1509
      vertex 53.4476 7.75514 35.1509
    endloop
  endfacet
  facet normal 0 0.995089 0.0989816
    outer loop
      vertex 59.6 7.69197 35.5849
      vertex 53.4476 7.6488 36.0189
      vertex 59.6 7.6488 36.0189
    endloop
  endfacet
  facet normal 0 0.995089 0.0989816
    outer loop
      vertex 53.4476 7.6488 36.0189
      vertex 59.6 7.69197 35.5849
      vertex 53.4476 7.69197 35.5849
    endloop
  endfacet
  facet normal 0 0.998579 0.0533005
    outer loop
      vertex 59.6 7.6488 36.0189
      vertex 53.4476 7.62564 36.4528
      vertex 59.6 7.62564 36.4528
    endloop
  endfacet
  facet normal 0 0.998579 0.0533005
    outer loop
      vertex 53.4476 7.62564 36.4528
      vertex 59.6 7.6488 36.0189
      vertex 53.4476 7.6488 36.0189
    endloop
  endfacet
  facet normal 0 0.999972 0.00751131
    outer loop
      vertex 59.6 7.62564 36.4528
      vertex 53.4476 7.62238 36.8868
      vertex 59.6 7.62238 36.8868
    endloop
  endfacet
  facet normal 0 0.999972 0.00751131
    outer loop
      vertex 53.4476 7.62238 36.8868
      vertex 59.6 7.62564 36.4528
      vertex 53.4476 7.62564 36.4528
    endloop
  endfacet
  facet normal 0 0.99928 -0.0379307
    outer loop
      vertex 59.6 7.62238 36.8868
      vertex 53.4476 7.63885 37.3207
      vertex 59.6 7.63885 37.3207
    endloop
  endfacet
  facet normal 0 0.99928 -0.0379307
    outer loop
      vertex 53.4476 7.63885 37.3207
      vertex 59.6 7.62238 36.8868
      vertex 53.4476 7.62238 36.8868
    endloop
  endfacet
  facet normal 0 0.996583 -0.082597
    outer loop
      vertex 59.6 7.63885 37.3207
      vertex 53.4476 7.67482 37.7547
      vertex 59.6 7.67482 37.7547
    endloop
  endfacet
  facet normal 0 0.996583 -0.082597
    outer loop
      vertex 53.4476 7.67482 37.7547
      vertex 59.6 7.63885 37.3207
      vertex 53.4476 7.63885 37.3207
    endloop
  endfacet
  facet normal 0 0.99202 -0.126083
    outer loop
      vertex 59.6 7.67482 37.7547
      vertex 53.4476 7.72998 38.1887
      vertex 59.6 7.72998 38.1887
    endloop
  endfacet
  facet normal 0 0.99202 -0.126083
    outer loop
      vertex 53.4476 7.72998 38.1887
      vertex 59.6 7.67482 37.7547
      vertex 53.4476 7.67482 37.7547
    endloop
  endfacet
  facet normal 0 0.985793 -0.167964
    outer loop
      vertex 59.6 7.72998 38.1887
      vertex 53.4476 7.80391 38.6226
      vertex 59.6 7.80391 38.6226
    endloop
  endfacet
  facet normal 0 0.985793 -0.167964
    outer loop
      vertex 53.4476 7.80391 38.6226
      vertex 59.6 7.72998 38.1887
      vertex 53.4476 7.72998 38.1887
    endloop
  endfacet
  facet normal 0 0.978152 -0.207891
    outer loop
      vertex 59.6 7.80391 38.6226
      vertex 53.4476 7.89615 39.0566
      vertex 59.6 7.89615 39.0566
    endloop
  endfacet
  facet normal 0 0.978152 -0.207891
    outer loop
      vertex 53.4476 7.89615 39.0566
      vertex 59.6 7.80391 38.6226
      vertex 53.4476 7.80391 38.6226
    endloop
  endfacet
  facet normal 0 0.969344 -0.245709
    outer loop
      vertex 59.6 7.89615 39.0566
      vertex 53.4476 8.00616 39.4906
      vertex 59.6 8.00616 39.4906
    endloop
  endfacet
  facet normal 0 0.969344 -0.245709
    outer loop
      vertex 53.4476 8.00616 39.4906
      vertex 59.6 7.89615 39.0566
      vertex 53.4476 7.89615 39.0566
    endloop
  endfacet
  facet normal 0 0.959615 -0.281316
    outer loop
      vertex 59.6 8.00616 39.4906
      vertex 53.4476 8.13336 39.9245
      vertex 59.6 8.13336 39.9245
    endloop
  endfacet
  facet normal 0 0.959615 -0.281316
    outer loop
      vertex 53.4476 8.13336 39.9245
      vertex 59.6 8.00616 39.4906
      vertex 53.4476 8.00616 39.4906
    endloop
  endfacet
  facet normal 0 0.949303 -0.314364
    outer loop
      vertex 59.6 8.13336 39.9245
      vertex 53.4476 8.27708 40.3585
      vertex 59.6 8.27708 40.3585
    endloop
  endfacet
  facet normal 0 0.949303 -0.314364
    outer loop
      vertex 53.4476 8.27708 40.3585
      vertex 59.6 8.13336 39.9245
      vertex 53.4476 8.13336 39.9245
    endloop
  endfacet
  facet normal 0 0.93858 -0.345062
    outer loop
      vertex 59.6 8.27708 40.3585
      vertex 53.4476 8.4366 40.7924
      vertex 59.6 8.4366 40.7924
    endloop
  endfacet
  facet normal 0 0.93858 -0.345062
    outer loop
      vertex 53.4476 8.4366 40.7924
      vertex 59.6 8.27708 40.3585
      vertex 53.4476 8.27708 40.3585
    endloop
  endfacet
  facet normal 0 0.927753 -0.373196
    outer loop
      vertex 59.6 8.4366 40.7924
      vertex 53.4476 8.61118 41.2264
      vertex 59.6 8.61118 41.2264
    endloop
  endfacet
  facet normal 0 0.927753 -0.373196
    outer loop
      vertex 53.4476 8.61118 41.2264
      vertex 59.6 8.4366 40.7924
      vertex 53.4476 8.4366 40.7924
    endloop
  endfacet
  facet normal 0 0.916997 -0.398894
    outer loop
      vertex 59.6 8.61118 41.2264
      vertex 53.4476 8.79997 41.6604
      vertex 59.6 8.79997 41.6604
    endloop
  endfacet
  facet normal 0 0.916997 -0.398894
    outer loop
      vertex 53.4476 8.79997 41.6604
      vertex 59.6 8.61118 41.2264
      vertex 53.4476 8.61118 41.2264
    endloop
  endfacet
  facet normal 0 0.906436 -0.422342
    outer loop
      vertex 59.6 8.79997 41.6604
      vertex 53.4476 9.00214 42.0943
      vertex 59.6 9.00214 42.0943
    endloop
  endfacet
  facet normal 0 0.906436 -0.422342
    outer loop
      vertex 53.4476 9.00214 42.0943
      vertex 59.6 8.79997 41.6604
      vertex 53.4476 8.79997 41.6604
    endloop
  endfacet
  facet normal 0 0.896377 -0.443293
    outer loop
      vertex 59.6 9.00214 42.0943
      vertex 53.4476 9.21677 42.5283
      vertex 59.6 9.21677 42.5283
    endloop
  endfacet
  facet normal 0 0.896377 -0.443293
    outer loop
      vertex 53.4476 9.21677 42.5283
      vertex 59.6 9.00214 42.0943
      vertex 53.4476 9.00214 42.0943
    endloop
  endfacet
  facet normal 0 0.886755 -0.462241
    outer loop
      vertex 59.6 9.21677 42.5283
      vertex 53.4476 9.44295 42.9622
      vertex 59.6 9.44295 42.9622
    endloop
  endfacet
  facet normal 0 0.886755 -0.462241
    outer loop
      vertex 53.4476 9.44295 42.9622
      vertex 59.6 9.21677 42.5283
      vertex 53.4476 9.21677 42.5283
    endloop
  endfacet
  facet normal 0 0.877876 -0.478888
    outer loop
      vertex 59.6 9.44295 42.9622
      vertex 53.4476 9.6797 43.3962
      vertex 59.6 9.6797 43.3962
    endloop
  endfacet
  facet normal 0 0.877876 -0.478888
    outer loop
      vertex 53.4476 9.6797 43.3962
      vertex 59.6 9.44295 42.9622
      vertex 53.4476 9.44295 42.9622
    endloop
  endfacet
  facet normal 0 0.869655 -0.49366
    outer loop
      vertex 59.6 9.6797 43.3962
      vertex 53.4476 9.92606 43.8302
      vertex 59.6 9.92606 43.8302
    endloop
  endfacet
  facet normal 0 0.869655 -0.49366
    outer loop
      vertex 53.4476 9.92606 43.8302
      vertex 59.6 9.6797 43.3962
      vertex 53.4476 9.6797 43.3962
    endloop
  endfacet
  facet normal 0 0.862191 -0.506584
    outer loop
      vertex 59.6 9.92606 43.8302
      vertex 53.4476 10.181 44.2641
      vertex 59.6 10.181 44.2641
    endloop
  endfacet
  facet normal 0 0.862191 -0.506584
    outer loop
      vertex 53.4476 10.181 44.2641
      vertex 59.6 9.92606 43.8302
      vertex 53.4476 9.92606 43.8302
    endloop
  endfacet
  facet normal 0 0.855661 -0.517537
    outer loop
      vertex 59.6 10.181 44.2641
      vertex 53.4476 10.4435 44.6981
      vertex 59.6 10.4435 44.6981
    endloop
  endfacet
  facet normal 0 0.855661 -0.517537
    outer loop
      vertex 53.4476 10.4435 44.6981
      vertex 59.6 10.181 44.2641
      vertex 53.4476 10.181 44.2641
    endloop
  endfacet
  facet normal 0 0.849885 -0.526968
    outer loop
      vertex 59.6 10.4435 44.6981
      vertex 53.4476 10.7126 45.1321
      vertex 59.6 10.7126 45.1321
    endloop
  endfacet
  facet normal 0 0.849885 -0.526968
    outer loop
      vertex 53.4476 10.7126 45.1321
      vertex 59.6 10.4435 44.6981
      vertex 53.4476 10.4435 44.6981
    endloop
  endfacet
  facet normal 0 0.845086 -0.53463
    outer loop
      vertex 59.6 10.7126 45.1321
      vertex 53.4476 10.9871 45.566
      vertex 59.6 10.9871 45.566
    endloop
  endfacet
  facet normal 0 0.845086 -0.53463
    outer loop
      vertex 53.4476 10.9871 45.566
      vertex 59.6 10.7126 45.1321
      vertex 53.4476 10.7126 45.1321
    endloop
  endfacet
  facet normal 0 0.841178 -0.540758
    outer loop
      vertex 59.6 10.9871 45.566
      vertex 53.4476 11.2661 46
      vertex 59.6 11.2661 46
    endloop
  endfacet
  facet normal 0 0.841178 -0.540758
    outer loop
      vertex 53.4476 11.2661 46
      vertex 59.6 10.9871 45.566
      vertex 53.4476 10.9871 45.566
    endloop
  endfacet
  facet normal 0 0.849846 -0.527031
    outer loop
      vertex 59.6 7.49509 0
      vertex 53.4476 7.76421 0.43396
      vertex 59.6 7.76421 0.43396
    endloop
  endfacet
  facet normal 0 0.849846 -0.527031
    outer loop
      vertex 53.4476 7.76421 0.43396
      vertex 59.6 7.49509 0
      vertex 53.4476 7.49509 0
    endloop
  endfacet
  facet normal 1 -0 0
    outer loop
      vertex 60.5714 -2.4 46
      vertex 60.5714 0 0
      vertex 60.5714 0 46
    endloop
  endfacet
  facet normal 1 0 0
    outer loop
      vertex 60.5714 0 0
      vertex 60.5714 -2.4 46
      vertex 60.5714 -2.4 0
    endloop
  endfacet
  facet normal -1 0 0
    outer loop
      vertex 36.2857 0 0
      vertex 36.2857 -0.839999 18.9
      vertex 36.2857 0 46
    endloop
  endfacet
  facet normal -1 0 0
    outer loop
      vertex 36.2857 -2.4 0
      vertex 36.2857 -0.839999 18.9
      vertex 36.2857 0 0
    endloop
  endfacet
  facet normal -1 -0 0
    outer loop
      vertex 36.2857 -0.839999 18.9
      vertex 36.2857 -2.4 0
      vertex 36.2857 -2.4 18.9
    endloop
  endfacet
  facet normal -1 0 0
    outer loop
      vertex 36.2857 -0.839999 27.1
      vertex 36.2857 0 46
      vertex 36.2857 -0.839999 18.9
    endloop
  endfacet
  facet normal -1 0 0
    outer loop
      vertex 36.2857 -2.4 46
      vertex 36.2857 -0.839999 27.1
      vertex 36.2857 -2.4 27.1
    endloop
  endfacet
  facet normal -1 0 0
    outer loop
      vertex 36.2857 -0.839999 27.1
      vertex 36.2857 -2.4 46
      vertex 36.2857 0 46
    endloop
  endfacet
  facet normal 0 1 -0
    outer loop
      vertex 37.2571 0 0
      vertex 36.2857 0 46
      vertex 37.2571 0 46
    endloop
  endfacet
  facet normal 0 1 0
    outer loop
      vertex 36.2857 0 46
      vertex 37.2571 0 0
      vertex 36.2857 0 0
    endloop
  endfacet
  facet normal 0 1 -0
    outer loop
      vertex 60.5714 0 0
      vertex 59.6 0 46
      vertex 60.5714 0 46
    endloop
  endfacet
  facet normal 0 1 0
    outer loop
      vertex 59.6 0 46
      vertex 60.5714 0 0
      vertex 59.6 0 0
    endloop
  endfacet
  facet normal 0 1 -0
    outer loop
      vertex 45.3524 0 0
      vertex 43.4095 0 46
      vertex 45.3524 0 46
    endloop
  endfacet
  facet normal 0 1 0
    outer loop
      vertex 43.4095 0 46
      vertex 45.3524 0 0
      vertex 43.4095 0 0
    endloop
  endfacet
  facet normal 0 1 -0
    outer loop
      vertex 53.4476 0 0
      vertex 51.5048 0 46
      vertex 53.4476 0 46
    endloop
  endfacet
  facet normal 0 1 0
    outer loop
      vertex 51.5048 0 46
      vertex 53.4476 0 0
      vertex 51.5048 0 0
    endloop
  endfacet
  facet normal 0 -1 0
    outer loop
      vertex 36.2857 -2.4 18.9
      vertex 36.2857 -2.4 0
      vertex 49.3857 -2.4 16.4
    endloop
  endfacet
  facet normal 0 -1 0
    outer loop
      vertex 36.2857 -2.4 46
      vertex 49.3857 -2.4 29.6
      vertex 60.5714 -2.4 46
    endloop
  endfacet
  facet normal -0 -1 0
    outer loop
      vertex 49.3857 -2.4 29.6
      vertex 36.2857 -2.4 46
      vertex 36.2857 -2.4 27.1
    endloop
  endfacet
  facet normal 0 -1 0
    outer loop
      vertex 49.3857 -2.4 16.4
      vertex 60.5714 -2.4 46
      vertex 49.3857 -2.4 29.6
    endloop
  endfacet
  facet normal 0 -1 0
    outer loop
      vertex 49.3857 -2.4 16.4
      vertex 60.5714 -2.4 0
      vertex 60.5714 -2.4 46
    endloop
  endfacet
  facet normal 0 -1 0
    outer loop
      vertex 60.5714 -2.4 0
      vertex 49.3857 -2.4 16.4
      vertex 36.2857 -2.4 0
    endloop
  endfacet
  facet normal 0 -1 0
    outer loop
      vertex 36.2857 -0.839999 18.9
      vertex 49.3857 -0.839999 29.6
      vertex 36.2857 -0.839999 27.1
    endloop
  endfacet
  facet normal 0 -1 -0
    outer loop
      vertex 49.3857 -0.839999 29.6
      vertex 36.2857 -0.839999 18.9
      vertex 49.3857 -0.839999 16.4
    endloop
  endfacet
  facet normal 0.187457 0 0.982273
    outer loop
      vertex 36.2857 -0.839999 18.9
      vertex 49.3857 -2.4 16.4
      vertex 49.3857 -0.839999 16.4
    endloop
  endfacet
  facet normal 0.187457 0 0.982273
    outer loop
      vertex 49.3857 -2.4 16.4
      vertex 36.2857 -0.839999 18.9
      vertex 36.2857 -2.4 18.9
    endloop
  endfacet
  facet normal 0.187457 0 -0.982273
    outer loop
      vertex 36.2857 -2.4 27.1
      vertex 49.3857 -0.839999 29.6
      vertex 49.3857 -2.4 29.6
    endloop
  endfacet
  facet normal 0.187457 0 -0.982273
    outer loop
      vertex 49.3857 -0.839999 29.6
      vertex 36.2857 -2.4 27.1
      vertex 36.2857 -0.839999 27.1
    endloop
  endfacet
  facet normal -1 0 0
    outer loop
      vertex 49.3857 -2.4 16.4
      vertex 49.3857 -0.839999 29.6
      vertex 49.3857 -0.839999 16.4
    endloop
  endfacet
  facet normal -1 -0 0
    outer loop
      vertex 49.3857 -0.839999 29.6
      vertex 49.3857 -2.4 16.4
      vertex 49.3857 -2.4 29.6
    endloop
  endfacet
  facet normal 0 -1 0
    outer loop
      vertex 72.5714 -2.4 19.5
      vertex 85.5714 -2.4 9
      vertex 85.5714 -2.4 17
    endloop
  endfacet
  facet normal -0 -1 0
    outer loop
      vertex 85.5714 -2.4 9
      vertex 72.5714 -2.4 19.5
      vertex 72.5714 -2.4 6.5
    endloop
  endfacet
  facet normal 0 -1 0
    outer loop
      vertex 85.5714 -2.4 9
      vertex 98.5714 -2.4 19.5
      vertex 85.5714 -2.4 17
    endloop
  endfacet
  facet normal 0 -1 -0
    outer loop
      vertex 98.5714 -2.4 19.5
      vertex 85.5714 -2.4 9
      vertex 98.5714 -2.4 6.5
    endloop
  endfacet
  facet normal 0 1 0
    outer loop
      vertex 98.5714 -0.839999 19.5
      vertex 85.5714 -0.839999 9
      vertex 85.5714 -0.839999 17
    endloop
  endfacet
  facet normal -0 1 0
    outer loop
      vertex 85.5714 -0.839999 9
      vertex 98.5714 -0.839999 19.5
      vertex 98.5714 -0.839999 6.5
    endloop
  endfacet
  facet normal 0 1 -0
    outer loop
      vertex 85.5714 -0.839999 9
      vertex 72.5714 -0.839999 19.5
      vertex 85.5714 -0.839999 17
    endloop
  endfacet
  facet normal 0 1 0
    outer loop
      vertex 72.5714 -0.839999 19.5
      vertex 85.5714 -0.839999 9
      vertex 72.5714 -0.839999 6.5
    endloop
  endfacet
  facet normal -0.188847 0 -0.982006
    outer loop
      vertex 85.5714 -2.4 9
      vertex 98.5714 -0.839999 6.5
      vertex 98.5714 -2.4 6.5
    endloop
  endfacet
  facet normal -0.188847 0 -0.982006
    outer loop
      vertex 98.5714 -0.839999 6.5
      vertex 85.5714 -2.4 9
      vertex 85.5714 -0.839999 9
    endloop
  endfacet
  facet normal 0.188847 0 -0.982006
    outer loop
      vertex 72.5714 -2.4 6.5
      vertex 85.5714 -0.839999 9
      vertex 85.5714 -2.4 9
    endloop
  endfacet
  facet normal 0.188847 0 -0.982006
    outer loop
      vertex 85.5714 -0.839999 9
      vertex 72.5714 -2.4 6.5
      vertex 72.5714 -0.839999 6.5
    endloop
  endfacet
  facet normal -1 0 0
    outer loop
      vertex 72.5714 -2.4 6.5
      vertex 72.5714 -0.839999 19.5
      vertex 72.5714 -0.839999 6.5
    endloop
  endfacet
  facet normal -1 -0 0
    outer loop
      vertex 72.5714 -0.839999 19.5
      vertex 72.5714 -2.4 6.5
      vertex 72.5714 -2.4 19.5
    endloop
  endfacet
  facet normal 0.188847 0 0.982006
    outer loop
      vertex 72.5714 -0.839999 19.5
      vertex 85.5714 -2.4 17
      vertex 85.5714 -0.839999 17
    endloop
  endfacet
  facet normal 0.188847 0 0.982006
    outer loop
      vertex 85.5714 -2.4 17
      vertex 72.5714 -0.839999 19.5
      vertex 72.5714 -2.4 19.5
    endloop
  endfacet
  facet normal -0.188847 0 0.982006
    outer loop
      vertex 85.5714 -0.839999 17
      vertex 98.5714 -2.4 19.5
      vertex 98.5714 -0.839999 19.5
    endloop
  endfacet
  facet normal -0.188847 0 0.982006
    outer loop
      vertex 98.5714 -2.4 19.5
      vertex 85.5714 -0.839999 17
      vertex 85.5714 -2.4 17
    endloop
  endfacet
  facet normal 1 -0 0
    outer loop
      vertex 98.5714 -2.4 19.5
      vertex 98.5714 -0.839999 6.5
      vertex 98.5714 -0.839999 19.5
    endloop
  endfacet
  facet normal 1 0 0
    outer loop
      vertex 98.5714 -0.839999 6.5
      vertex 98.5714 -2.4 19.5
      vertex 98.5714 -2.4 6.5
    endloop
  endfacet
endsolid OpenSCAD_Model
