solid OpenSCAD_Model
  facet normal -1 0 0
    outer loop
      vertex 0.24 0 0
      vertex 0.24 5.04163 3.33333
      vertex 0.24 6.33733 0
    endloop
  endfacet
  facet normal -1 -0 0
    outer loop
      vertex 0.24 3.7039 6.66666
      vertex 0.24 0 0
      vertex 0.24 3.35916 10
    endloop
  endfacet
  facet normal -1 -0 0
    outer loop
      vertex 0.24 5.04163 3.33333
      vertex 0.24 0 0
      vertex 0.24 3.7039 6.66666
    endloop
  endfacet
  facet normal -1 0 0
    outer loop
      vertex 0.24 7.12326 20
      vertex 0.24 7.76645 26.6667
      vertex 0.24 7.81656 23.3333
    endloop
  endfacet
  facet normal -1 0 0
    outer loop
      vertex 0.24 5.75426 16.6667
      vertex 0.24 7.76645 26.6667
      vertex 0.24 7.12326 20
    endloop
  endfacet
  facet normal -1 -0 0
    outer loop
      vertex 0.24 7.76645 26.6667
      vertex 0.24 5.75426 16.6667
      vertex 0.24 7.21121 30
    endloop
  endfacet
  facet normal -1 -0 0
    outer loop
      vertex 0.24 7.21121 30
      vertex 0.24 5.75426 16.6667
      vertex 0.24 6.46159 33.3333
    endloop
  endfacet
  facet normal -1 0 0
    outer loop
      vertex 0.24 4.23082 13.3333
      vertex 0.24 6.46159 33.3333
      vertex 0.24 5.75426 16.6667
    endloop
  endfacet
  facet normal -1 -0 0
    outer loop
      vertex 0.24 6.46159 33.3333
      vertex 0.24 4.23082 13.3333
      vertex 0.24 5.75266 36.6667
    endloop
  endfacet
  facet normal -1 -0 0
    outer loop
      vertex 0.24 5.75266 36.6667
      vertex 0.24 4.23082 13.3333
      vertex 0.24 5.20999 40
    endloop
  endfacet
  facet normal -1 0 0
    outer loop
      vertex 0.24 3.35916 10
      vertex 0.24 5.20999 40
      vertex 0.24 4.23082 13.3333
    endloop
  endfacet
  facet normal -1 0 0
    outer loop
      vertex 0.24 0 0
      vertex 0.24 5.20999 40
      vertex 0.24 3.35916 10
    endloop
  endfacet
  facet normal -1 -0 0
    outer loop
      vertex 0.24 5.20999 40
      vertex 0.24 0 0
      vertex 0.24 4.8775 43.3333
    endloop
  endfacet
  facet normal -1 -0 0
    outer loop
      vertex 0.24 4.8775 43.3333
      vertex 0.24 0 0
      vertex 0.24 4.75525 46.6667
    endloop
  endfacet
  facet normal -1 -0 0
    outer loop
      vertex 0.24 4.75525 46.6667
      vertex 0.24 0 0
      vertex 0.24 0 80
    endloop
  endfacet
  facet normal -1 0 0
    outer loop
      vertex 0.24 4.75525 46.6667
      vertex 0.24 0 80
      vertex 0.24 4.53493 80
    endloop
  endfacet
  facet normal -1 0 0
    outer loop
      vertex 0.24 6.95125 66.6667
      vertex 0.24 6.69547 73.3333
      vertex 0.24 7.06706 70
    endloop
  endfacet
  facet normal -1 0 0
    outer loop
      vertex 0.24 5.79082 76.6667
      vertex 0.24 6.95125 66.6667
      vertex 0.24 6.52405 63.3333
    endloop
  endfacet
  facet normal -1 0 0
    outer loop
      vertex 0.24 4.53493 80
      vertex 0.24 6.52405 63.3333
      vertex 0.24 5.98131 60
    endloop
  endfacet
  facet normal -1 0 0
    outer loop
      vertex 0.24 6.95125 66.6667
      vertex 0.24 5.79082 76.6667
      vertex 0.24 6.69547 73.3333
    endloop
  endfacet
  facet normal -1 0 0
    outer loop
      vertex 0.24 4.53493 80
      vertex 0.24 5.98131 60
      vertex 0.24 5.46964 56.6667
    endloop
  endfacet
  facet normal -1 0 0
    outer loop
      vertex 0.24 4.53493 80
      vertex 0.24 5.46964 56.6667
      vertex 0.24 5.07178 53.3333
    endloop
  endfacet
  facet normal -1 0 0
    outer loop
      vertex 0.24 4.53493 80
      vertex 0.24 5.07178 53.3333
      vertex 0.24 4.82649 50
    endloop
  endfacet
  facet normal -1 0 0
    outer loop
      vertex 0.24 6.52405 63.3333
      vertex 0.24 4.53493 80
      vertex 0.24 5.79082 76.6667
    endloop
  endfacet
  facet normal -1 0 0
    outer loop
      vertex 0.24 4.53493 80
      vertex 0.24 4.82649 50
      vertex 0.24 4.75525 46.6667
    endloop
  endfacet
  facet normal 1 0 0
    outer loop
      vertex 3.76 0 80
      vertex 3.76 7.06706 70
      vertex 3.76 6.69547 73.3333
    endloop
  endfacet
  facet normal 1 0 0
    outer loop
      vertex 3.76 7.06706 70
      vertex 3.76 0 80
      vertex 3.76 6.95125 66.6667
    endloop
  endfacet
  facet normal 1 0 0
    outer loop
      vertex 3.76 6.95125 66.6667
      vertex 3.76 0 80
      vertex 3.76 6.52405 63.3333
    endloop
  endfacet
  facet normal 1 0 0
    outer loop
      vertex 3.76 0 80
      vertex 3.76 6.69547 73.3333
      vertex 3.76 5.79082 76.6667
    endloop
  endfacet
  facet normal 1 0 0
    outer loop
      vertex 3.76 6.52405 63.3333
      vertex 3.76 0 80
      vertex 3.76 5.98131 60
    endloop
  endfacet
  facet normal 1 0 0
    outer loop
      vertex 3.76 5.98131 60
      vertex 3.76 0 80
      vertex 3.76 5.46964 56.6667
    endloop
  endfacet
  facet normal 1 0 0
    outer loop
      vertex 3.76 5.46964 56.6667
      vertex 3.76 0 80
      vertex 3.76 5.07178 53.3333
    endloop
  endfacet
  facet normal 1 0 0
    outer loop
      vertex 3.76 5.07178 53.3333
      vertex 3.76 0 80
      vertex 3.76 4.82649 50
    endloop
  endfacet
  facet normal 1 -0 0
    outer loop
      vertex 3.76 0 80
      vertex 3.76 5.79082 76.6667
      vertex 3.76 4.53493 80
    endloop
  endfacet
  facet normal 1 0 0
    outer loop
      vertex 3.76 5.75426 16.6667
      vertex 3.76 7.76645 26.6667
      vertex 3.76 7.21121 30
    endloop
  endfacet
  facet normal 1 0 0
    outer loop
      vertex 3.76 7.76645 26.6667
      vertex 3.76 7.12326 20
      vertex 3.76 7.81656 23.3333
    endloop
  endfacet
  facet normal 1 0 0
    outer loop
      vertex 3.76 5.75426 16.6667
      vertex 3.76 7.21121 30
      vertex 3.76 6.46159 33.3333
    endloop
  endfacet
  facet normal 1 0 0
    outer loop
      vertex 3.76 7.76645 26.6667
      vertex 3.76 5.75426 16.6667
      vertex 3.76 7.12326 20
    endloop
  endfacet
  facet normal 1 0 0
    outer loop
      vertex 3.76 4.23082 13.3333
      vertex 3.76 6.46159 33.3333
      vertex 3.76 5.75266 36.6667
    endloop
  endfacet
  facet normal 1 0 0
    outer loop
      vertex 3.76 4.23082 13.3333
      vertex 3.76 5.75266 36.6667
      vertex 3.76 5.20999 40
    endloop
  endfacet
  facet normal 1 0 0
    outer loop
      vertex 3.76 0 0
      vertex 3.76 5.20999 40
      vertex 3.76 4.8775 43.3333
    endloop
  endfacet
  facet normal 1 0 0
    outer loop
      vertex 3.76 0 0
      vertex 3.76 4.8775 43.3333
      vertex 3.76 4.75525 46.6667
    endloop
  endfacet
  facet normal 1 0 0
    outer loop
      vertex 3.76 6.46159 33.3333
      vertex 3.76 4.23082 13.3333
      vertex 3.76 5.75426 16.6667
    endloop
  endfacet
  facet normal 1 0 0
    outer loop
      vertex 3.76 4.82649 50
      vertex 3.76 0 80
      vertex 3.76 4.75525 46.6667
    endloop
  endfacet
  facet normal 1 0 0
    outer loop
      vertex 3.76 0 0
      vertex 3.76 4.75525 46.6667
      vertex 3.76 0 80
    endloop
  endfacet
  facet normal 1 0 0
    outer loop
      vertex 3.76 5.20999 40
      vertex 3.76 3.35916 10
      vertex 3.76 4.23082 13.3333
    endloop
  endfacet
  facet normal 1 0 0
    outer loop
      vertex 3.76 0 0
      vertex 3.76 5.04163 3.33333
      vertex 3.76 3.7039 6.66666
    endloop
  endfacet
  facet normal 1 0 0
    outer loop
      vertex 3.76 5.04163 3.33333
      vertex 3.76 0 0
      vertex 3.76 6.33733 0
    endloop
  endfacet
  facet normal 1 0 0
    outer loop
      vertex 3.76 3.35916 10
      vertex 3.76 0 0
      vertex 3.76 3.7039 6.66666
    endloop
  endfacet
  facet normal 1 0 0
    outer loop
      vertex 3.76 5.20999 40
      vertex 3.76 0 0
      vertex 3.76 3.35916 10
    endloop
  endfacet
  facet normal 0 0.928054 0.372446
    outer loop
      vertex 3.76 5.04163 3.33333
      vertex 0.24 3.7039 6.66666
      vertex 3.76 3.7039 6.66666
    endloop
  endfacet
  facet normal 0 0.928054 0.372446
    outer loop
      vertex 0.24 3.7039 6.66666
      vertex 3.76 5.04163 3.33333
      vertex 0.24 5.04163 3.33333
    endloop
  endfacet
  facet normal 0 0.994694 0.102873
    outer loop
      vertex 3.76 3.7039 6.66666
      vertex 0.24 3.35916 10
      vertex 3.76 3.35916 10
    endloop
  endfacet
  facet normal 0 0.994694 0.102873
    outer loop
      vertex 0.24 3.35916 10
      vertex 3.76 3.7039 6.66666
      vertex 0.24 3.7039 6.66666
    endloop
  endfacet
  facet normal 0 0.967468 -0.252993
    outer loop
      vertex 3.76 3.35916 10
      vertex 0.24 4.23082 13.3333
      vertex 3.76 4.23082 13.3333
    endloop
  endfacet
  facet normal 0 0.967468 -0.252993
    outer loop
      vertex 0.24 4.23082 13.3333
      vertex 3.76 3.35916 10
      vertex 0.24 3.35916 10
    endloop
  endfacet
  facet normal 0 0.909516 -0.415669
    outer loop
      vertex 3.76 4.23082 13.3333
      vertex 0.24 5.75426 16.6667
      vertex 3.76 5.75426 16.6667
    endloop
  endfacet
  facet normal 0 0.909516 -0.415669
    outer loop
      vertex 0.24 5.75426 16.6667
      vertex 3.76 4.23082 13.3333
      vertex 0.24 4.23082 13.3333
    endloop
  endfacet
  facet normal 0 0.925023 -0.379911
    outer loop
      vertex 3.76 5.75426 16.6667
      vertex 0.24 7.12326 20
      vertex 3.76 7.12326 20
    endloop
  endfacet
  facet normal 0 0.925023 -0.379911
    outer loop
      vertex 0.24 7.12326 20
      vertex 3.76 5.75426 16.6667
      vertex 0.24 5.75426 16.6667
    endloop
  endfacet
  facet normal 0 0.979047 -0.203634
    outer loop
      vertex 3.76 7.12326 20
      vertex 0.24 7.81656 23.3333
      vertex 3.76 7.81656 23.3333
    endloop
  endfacet
  facet normal 0 0.979047 -0.203634
    outer loop
      vertex 0.24 7.81656 23.3333
      vertex 3.76 7.12326 20
      vertex 0.24 7.12326 20
    endloop
  endfacet
  facet normal 0 0.999887 0.015031
    outer loop
      vertex 3.76 7.81656 23.3333
      vertex 0.24 7.76645 26.6667
      vertex 3.76 7.76645 26.6667
    endloop
  endfacet
  facet normal 0 0.999887 0.015031
    outer loop
      vertex 0.24 7.76645 26.6667
      vertex 3.76 7.81656 23.3333
      vertex 0.24 7.81656 23.3333
    endloop
  endfacet
  facet normal 0 0.986409 0.16431
    outer loop
      vertex 3.76 7.76645 26.6667
      vertex 0.24 7.21121 30
      vertex 3.76 7.21121 30
    endloop
  endfacet
  facet normal 0 0.986409 0.16431
    outer loop
      vertex 0.24 7.21121 30
      vertex 3.76 7.76645 26.6667
      vertex 0.24 7.76645 26.6667
    endloop
  endfacet
  facet normal 0 0.975633 0.219408
    outer loop
      vertex 3.76 7.21121 30
      vertex 0.24 6.46159 33.3333
      vertex 3.76 6.46159 33.3333
    endloop
  endfacet
  facet normal 0 0.975633 0.219408
    outer loop
      vertex 0.24 6.46159 33.3333
      vertex 3.76 7.21121 30
      vertex 0.24 7.21121 30
    endloop
  endfacet
  facet normal 0 0.978124 0.208022
    outer loop
      vertex 3.76 6.46159 33.3333
      vertex 0.24 5.75266 36.6667
      vertex 3.76 5.75266 36.6667
    endloop
  endfacet
  facet normal 0 0.978124 0.208022
    outer loop
      vertex 0.24 5.75266 36.6667
      vertex 3.76 6.46159 33.3333
      vertex 0.24 6.46159 33.3333
    endloop
  endfacet
  facet normal 0 0.987005 0.160687
    outer loop
      vertex 3.76 5.75266 36.6667
      vertex 0.24 5.20999 40
      vertex 3.76 5.20999 40
    endloop
  endfacet
  facet normal 0 0.987005 0.160687
    outer loop
      vertex 0.24 5.20999 40
      vertex 3.76 5.75266 36.6667
      vertex 0.24 5.75266 36.6667
    endloop
  endfacet
  facet normal 0 0.995062 0.0992554
    outer loop
      vertex 3.76 5.20999 40
      vertex 0.24 4.8775 43.3333
      vertex 3.76 4.8775 43.3333
    endloop
  endfacet
  facet normal 0 0.995062 0.0992554
    outer loop
      vertex 0.24 4.8775 43.3333
      vertex 3.76 5.20999 40
      vertex 0.24 5.20999 40
    endloop
  endfacet
  facet normal 0 0.999328 0.0366496
    outer loop
      vertex 3.76 4.8775 43.3333
      vertex 0.24 4.75525 46.6667
      vertex 3.76 4.75525 46.6667
    endloop
  endfacet
  facet normal 0 0.999328 0.0366496
    outer loop
      vertex 0.24 4.75525 46.6667
      vertex 3.76 4.8775 43.3333
      vertex 0.24 4.8775 43.3333
    endloop
  endfacet
  facet normal 0 0.999772 -0.0213673
    outer loop
      vertex 3.76 4.75525 46.6667
      vertex 0.24 4.82649 50
      vertex 3.76 4.82649 50
    endloop
  endfacet
  facet normal 0 0.999772 -0.0213673
    outer loop
      vertex 0.24 4.82649 50
      vertex 3.76 4.75525 46.6667
      vertex 0.24 4.75525 46.6667
    endloop
  endfacet
  facet normal 0 0.997303 -0.0733893
    outer loop
      vertex 3.76 4.82649 50
      vertex 0.24 5.07178 53.3333
      vertex 3.76 5.07178 53.3333
    endloop
  endfacet
  facet normal 0 0.997303 -0.0733893
    outer loop
      vertex 0.24 5.07178 53.3333
      vertex 3.76 4.82649 50
      vertex 0.24 4.82649 50
    endloop
  endfacet
  facet normal 0 0.992952 -0.118514
    outer loop
      vertex 3.76 5.07178 53.3333
      vertex 0.24 5.46964 56.6667
      vertex 3.76 5.46964 56.6667
    endloop
  endfacet
  facet normal 0 0.992952 -0.118514
    outer loop
      vertex 0.24 5.46964 56.6667
      vertex 3.76 5.07178 53.3333
      vertex 0.24 5.07178 53.3333
    endloop
  endfacet
  facet normal 0 0.988423 -0.151725
    outer loop
      vertex 3.76 5.46964 56.6667
      vertex 0.24 5.98131 60
      vertex 3.76 5.98131 60
    endloop
  endfacet
  facet normal 0 0.988423 -0.151725
    outer loop
      vertex 0.24 5.98131 60
      vertex 3.76 5.46964 56.6667
      vertex 0.24 5.46964 56.6667
    endloop
  endfacet
  facet normal 0 0.987002 -0.160707
    outer loop
      vertex 3.76 5.98131 60
      vertex 0.24 6.52405 63.3333
      vertex 3.76 6.52405 63.3333
    endloop
  endfacet
  facet normal 0 0.987002 -0.160707
    outer loop
      vertex 0.24 6.52405 63.3333
      vertex 3.76 5.98131 60
      vertex 0.24 5.98131 60
    endloop
  endfacet
  facet normal 0 0.991888 -0.127118
    outer loop
      vertex 3.76 6.52405 63.3333
      vertex 0.24 6.95125 66.6667
      vertex 3.76 6.95125 66.6667
    endloop
  endfacet
  facet normal 0 0.991888 -0.127118
    outer loop
      vertex 0.24 6.95125 66.6667
      vertex 3.76 6.52405 63.3333
      vertex 0.24 6.52405 63.3333
    endloop
  endfacet
  facet normal 0 0.999397 -0.0347224
    outer loop
      vertex 3.76 6.95125 66.6667
      vertex 0.24 7.06706 70
      vertex 3.76 7.06706 70
    endloop
  endfacet
  facet normal 0 0.999397 -0.0347224
    outer loop
      vertex 0.24 7.06706 70
      vertex 3.76 6.95125 66.6667
      vertex 0.24 6.95125 66.6667
    endloop
  endfacet
  facet normal 0 0.993844 0.110792
    outer loop
      vertex 3.76 7.06706 70
      vertex 0.24 6.69547 73.3333
      vertex 3.76 6.69547 73.3333
    endloop
  endfacet
  facet normal 0 0.993844 0.110792
    outer loop
      vertex 0.24 6.69547 73.3333
      vertex 3.76 7.06706 70
      vertex 0.24 7.06706 70
    endloop
  endfacet
  facet normal 0 0.965091 0.261916
    outer loop
      vertex 3.76 6.69547 73.3333
      vertex 0.24 5.79082 76.6667
      vertex 3.76 5.79082 76.6667
    endloop
  endfacet
  facet normal 0 0.965091 0.261916
    outer loop
      vertex 0.24 5.79082 76.6667
      vertex 3.76 6.69547 73.3333
      vertex 0.24 6.69547 73.3333
    endloop
  endfacet
  facet normal 0 0.935783 0.352576
    outer loop
      vertex 3.76 5.79082 76.6667
      vertex 0.24 4.53493 80
      vertex 3.76 4.53493 80
    endloop
  endfacet
  facet normal 0 0.935783 0.352576
    outer loop
      vertex 0.24 4.53493 80
      vertex 3.76 5.79082 76.6667
      vertex 0.24 5.79082 76.6667
    endloop
  endfacet
  facet normal 0 0 1
    outer loop
      vertex 3.76 4.53493 80
      vertex 0.24 4.53493 80
      vertex 3.76 0 80
    endloop
  endfacet
  facet normal 0 0 1
    outer loop
      vertex 7.76 5.67833 80
      vertex 4.24 5.67833 80
      vertex 7.76 0 80
    endloop
  endfacet
  facet normal 0 0 1
    outer loop
      vertex 11.76 6.34998 80
      vertex 8.24 6.34998 80
      vertex 11.76 0 80
    endloop
  endfacet
  facet normal 0 0 1
    outer loop
      vertex 15.76 6.53394 80
      vertex 12.24 6.53394 80
      vertex 15.76 0 80
    endloop
  endfacet
  facet normal 0 0 1
    outer loop
      vertex 19.76 6.46553 80
      vertex 16.24 6.46553 80
      vertex 19.76 0 80
    endloop
  endfacet
  facet normal 0 0 1
    outer loop
      vertex 23.76 6.34731 80
      vertex 20.24 6.34731 80
      vertex 23.76 0 80
    endloop
  endfacet
  facet normal 0 0 1
    outer loop
      vertex 27.76 6.2675 80
      vertex 24.24 6.2675 80
      vertex 27.76 0 80
    endloop
  endfacet
  facet normal 0 0 1
    outer loop
      vertex 31.76 6.24445 80
      vertex 28.24 6.24445 80
      vertex 31.76 0 80
    endloop
  endfacet
  facet normal 0 0 1
    outer loop
      vertex 35.76 6.28079 80
      vertex 32.24 6.28079 80
      vertex 35.76 0 80
    endloop
  endfacet
  facet normal 0 0 1
    outer loop
      vertex 39.76 6.37891 80
      vertex 36.24 6.37891 80
      vertex 39.76 0 80
    endloop
  endfacet
  facet normal 0 0 1
    outer loop
      vertex 43.76 6.52063 80
      vertex 40.24 6.52063 80
      vertex 43.76 0 80
    endloop
  endfacet
  facet normal 0 0 1
    outer loop
      vertex 47.76 6.6339 80
      vertex 44.24 6.6339 80
      vertex 47.76 0 80
    endloop
  endfacet
  facet normal 0 0 1
    outer loop
      vertex 51.76 6.57718 80
      vertex 48.24 6.57718 80
      vertex 51.76 0 80
    endloop
  endfacet
  facet normal 0 0 1
    outer loop
      vertex 55.76 6.17787 80
      vertex 52.24 6.17787 80
      vertex 55.76 0 80
    endloop
  endfacet
  facet normal 0 0 1
    outer loop
      vertex 59.76 5.34296 80
      vertex 56.24 5.34296 80
      vertex 59.76 0 80
    endloop
  endfacet
  facet normal 0 0 1
    outer loop
      vertex 63.76 4.19876 80
      vertex 60.24 4.19876 80
      vertex 63.76 0 80
    endloop
  endfacet
  facet normal 0 0 1
    outer loop
      vertex 67.76 3.13945 80
      vertex 64.24 3.13945 80
      vertex 67.76 0 80
    endloop
  endfacet
  facet normal 0 0 1
    outer loop
      vertex 71.76 2.66646 80
      vertex 68.24 2.66646 80
      vertex 71.76 0 80
    endloop
  endfacet
  facet normal 0 0 1
    outer loop
      vertex 75.76 3.05215 80
      vertex 72.24 3.05215 80
      vertex 75.76 0 80
    endloop
  endfacet
  facet normal 0 0 1
    outer loop
      vertex 79.76 4.06355 80
      vertex 76.24 4.06355 80
      vertex 79.76 0 80
    endloop
  endfacet
  facet normal -0 0 1
    outer loop
      vertex 79.76 0 80
      vertex 80 -1.6 80
      vertex 80 0 80
    endloop
  endfacet
  facet normal 0 0 1
    outer loop
      vertex 76.24 0 80
      vertex 79.76 0 80
      vertex 76.24 4.06355 80
    endloop
  endfacet
  facet normal 0 0 1
    outer loop
      vertex 79.76 0 80
      vertex 76.24 0 80
      vertex 80 -1.6 80
    endloop
  endfacet
  facet normal -0 0 1
    outer loop
      vertex 75.76 0 80
      vertex 80 -1.6 80
      vertex 76.24 0 80
    endloop
  endfacet
  facet normal 0 0 1
    outer loop
      vertex 72.24 0 80
      vertex 75.76 0 80
      vertex 72.24 3.05215 80
    endloop
  endfacet
  facet normal -0 0 1
    outer loop
      vertex 72.24 0 80
      vertex 80 -1.6 80
      vertex 75.76 0 80
    endloop
  endfacet
  facet normal -0 0 1
    outer loop
      vertex 71.76 0 80
      vertex 80 -1.6 80
      vertex 72.24 0 80
    endloop
  endfacet
  facet normal 0 0 1
    outer loop
      vertex 68.24 0 80
      vertex 71.76 0 80
      vertex 68.24 2.66646 80
    endloop
  endfacet
  facet normal -0 0 1
    outer loop
      vertex 68.24 0 80
      vertex 80 -1.6 80
      vertex 71.76 0 80
    endloop
  endfacet
  facet normal -0 0 1
    outer loop
      vertex 67.76 0 80
      vertex 80 -1.6 80
      vertex 68.24 0 80
    endloop
  endfacet
  facet normal 0 0 1
    outer loop
      vertex 64.24 0 80
      vertex 67.76 0 80
      vertex 64.24 3.13945 80
    endloop
  endfacet
  facet normal -0 0 1
    outer loop
      vertex 64.24 0 80
      vertex 80 -1.6 80
      vertex 67.76 0 80
    endloop
  endfacet
  facet normal -0 0 1
    outer loop
      vertex 63.76 0 80
      vertex 80 -1.6 80
      vertex 64.24 0 80
    endloop
  endfacet
  facet normal 0 0 1
    outer loop
      vertex 60.24 0 80
      vertex 63.76 0 80
      vertex 60.24 4.19876 80
    endloop
  endfacet
  facet normal -0 0 1
    outer loop
      vertex 60.24 0 80
      vertex 80 -1.6 80
      vertex 63.76 0 80
    endloop
  endfacet
  facet normal -0 0 1
    outer loop
      vertex 59.76 0 80
      vertex 80 -1.6 80
      vertex 60.24 0 80
    endloop
  endfacet
  facet normal 0 0 1
    outer loop
      vertex 56.24 0 80
      vertex 59.76 0 80
      vertex 56.24 5.34296 80
    endloop
  endfacet
  facet normal -0 0 1
    outer loop
      vertex 56.24 0 80
      vertex 80 -1.6 80
      vertex 59.76 0 80
    endloop
  endfacet
  facet normal -0 0 1
    outer loop
      vertex 55.76 0 80
      vertex 80 -1.6 80
      vertex 56.24 0 80
    endloop
  endfacet
  facet normal 0 0 1
    outer loop
      vertex 52.24 0 80
      vertex 55.76 0 80
      vertex 52.24 6.17787 80
    endloop
  endfacet
  facet normal -0 0 1
    outer loop
      vertex 52.24 0 80
      vertex 80 -1.6 80
      vertex 55.76 0 80
    endloop
  endfacet
  facet normal -0 0 1
    outer loop
      vertex 51.76 0 80
      vertex 80 -1.6 80
      vertex 52.24 0 80
    endloop
  endfacet
  facet normal 0 0 1
    outer loop
      vertex 48.24 0 80
      vertex 51.76 0 80
      vertex 48.24 6.57718 80
    endloop
  endfacet
  facet normal -0 0 1
    outer loop
      vertex 48.24 0 80
      vertex 80 -1.6 80
      vertex 51.76 0 80
    endloop
  endfacet
  facet normal -0 0 1
    outer loop
      vertex 47.76 0 80
      vertex 80 -1.6 80
      vertex 48.24 0 80
    endloop
  endfacet
  facet normal 0 0 1
    outer loop
      vertex 44.24 0 80
      vertex 47.76 0 80
      vertex 44.24 6.6339 80
    endloop
  endfacet
  facet normal -0 0 1
    outer loop
      vertex 44.24 0 80
      vertex 80 -1.6 80
      vertex 47.76 0 80
    endloop
  endfacet
  facet normal -0 0 1
    outer loop
      vertex 43.76 0 80
      vertex 80 -1.6 80
      vertex 44.24 0 80
    endloop
  endfacet
  facet normal 0 0 1
    outer loop
      vertex 40.24 0 80
      vertex 43.76 0 80
      vertex 40.24 6.52063 80
    endloop
  endfacet
  facet normal -0 0 1
    outer loop
      vertex 40.24 0 80
      vertex 80 -1.6 80
      vertex 43.76 0 80
    endloop
  endfacet
  facet normal -0 0 1
    outer loop
      vertex 39.76 0 80
      vertex 80 -1.6 80
      vertex 40.24 0 80
    endloop
  endfacet
  facet normal 0 0 1
    outer loop
      vertex 36.24 0 80
      vertex 39.76 0 80
      vertex 36.24 6.37891 80
    endloop
  endfacet
  facet normal -0 0 1
    outer loop
      vertex 36.24 0 80
      vertex 80 -1.6 80
      vertex 39.76 0 80
    endloop
  endfacet
  facet normal -0 0 1
    outer loop
      vertex 35.76 0 80
      vertex 80 -1.6 80
      vertex 36.24 0 80
    endloop
  endfacet
  facet normal 0 0 1
    outer loop
      vertex 32.24 0 80
      vertex 35.76 0 80
      vertex 32.24 6.28079 80
    endloop
  endfacet
  facet normal 0 0 1
    outer loop
      vertex 0 -1.6 80
      vertex 35.76 0 80
      vertex 32.24 0 80
    endloop
  endfacet
  facet normal 0 0 1
    outer loop
      vertex 0 -1.6 80
      vertex 32.24 0 80
      vertex 31.76 0 80
    endloop
  endfacet
  facet normal 0 0 1
    outer loop
      vertex 28.24 0 80
      vertex 31.76 0 80
      vertex 28.24 6.24445 80
    endloop
  endfacet
  facet normal 0 0 1
    outer loop
      vertex 0 -1.6 80
      vertex 31.76 0 80
      vertex 28.24 0 80
    endloop
  endfacet
  facet normal 0 0 1
    outer loop
      vertex 0 -1.6 80
      vertex 28.24 0 80
      vertex 27.76 0 80
    endloop
  endfacet
  facet normal 0 0 1
    outer loop
      vertex 24.24 0 80
      vertex 27.76 0 80
      vertex 24.24 6.2675 80
    endloop
  endfacet
  facet normal 0 0 1
    outer loop
      vertex 0 -1.6 80
      vertex 27.76 0 80
      vertex 24.24 0 80
    endloop
  endfacet
  facet normal 0 0 1
    outer loop
      vertex 0 -1.6 80
      vertex 24.24 0 80
      vertex 23.76 0 80
    endloop
  endfacet
  facet normal 0 0 1
    outer loop
      vertex 20.24 0 80
      vertex 23.76 0 80
      vertex 20.24 6.34731 80
    endloop
  endfacet
  facet normal 0 0 1
    outer loop
      vertex 0 -1.6 80
      vertex 23.76 0 80
      vertex 20.24 0 80
    endloop
  endfacet
  facet normal 0 0 1
    outer loop
      vertex 0 -1.6 80
      vertex 20.24 0 80
      vertex 19.76 0 80
    endloop
  endfacet
  facet normal 0 0 1
    outer loop
      vertex 16.24 0 80
      vertex 19.76 0 80
      vertex 16.24 6.46553 80
    endloop
  endfacet
  facet normal 0 0 1
    outer loop
      vertex 0 -1.6 80
      vertex 19.76 0 80
      vertex 16.24 0 80
    endloop
  endfacet
  facet normal 0 0 1
    outer loop
      vertex 0 -1.6 80
      vertex 16.24 0 80
      vertex 15.76 0 80
    endloop
  endfacet
  facet normal 0 0 1
    outer loop
      vertex 12.24 0 80
      vertex 15.76 0 80
      vertex 12.24 6.53394 80
    endloop
  endfacet
  facet normal 0 0 1
    outer loop
      vertex 0 -1.6 80
      vertex 15.76 0 80
      vertex 12.24 0 80
    endloop
  endfacet
  facet normal 0 0 1
    outer loop
      vertex 0 -1.6 80
      vertex 12.24 0 80
      vertex 11.76 0 80
    endloop
  endfacet
  facet normal 0 0 1
    outer loop
      vertex 8.24 0 80
      vertex 11.76 0 80
      vertex 8.24 6.34998 80
    endloop
  endfacet
  facet normal 0 0 1
    outer loop
      vertex 0 -1.6 80
      vertex 11.76 0 80
      vertex 8.24 0 80
    endloop
  endfacet
  facet normal 0 0 1
    outer loop
      vertex 0 -1.6 80
      vertex 8.24 0 80
      vertex 7.76 0 80
    endloop
  endfacet
  facet normal 0 0 1
    outer loop
      vertex 4.24 0 80
      vertex 7.76 0 80
      vertex 4.24 5.67833 80
    endloop
  endfacet
  facet normal 0 0 1
    outer loop
      vertex 0 -1.6 80
      vertex 7.76 0 80
      vertex 4.24 0 80
    endloop
  endfacet
  facet normal 0 0 1
    outer loop
      vertex 0 -1.6 80
      vertex 4.24 0 80
      vertex 3.76 0 80
    endloop
  endfacet
  facet normal 0 0 1
    outer loop
      vertex 0.24 0 80
      vertex 3.76 0 80
      vertex 0.24 4.53493 80
    endloop
  endfacet
  facet normal 0 0 1
    outer loop
      vertex 0 -1.6 80
      vertex 3.76 0 80
      vertex 0.24 0 80
    endloop
  endfacet
  facet normal 0 0 1
    outer loop
      vertex 0 -1.6 80
      vertex 0.24 0 80
      vertex 0 0 80
    endloop
  endfacet
  facet normal 0 0 1
    outer loop
      vertex 35.76 0 80
      vertex 0 -1.6 80
      vertex 80 -1.6 80
    endloop
  endfacet
  facet normal 0 0 -1
    outer loop
      vertex 80 -1.6 0
      vertex 79.76 0 0
      vertex 80 0 0
    endloop
  endfacet
  facet normal 0 0 -1
    outer loop
      vertex 79.76 0 0
      vertex 76.24 0 0
      vertex 79.76 5.08655 0
    endloop
  endfacet
  facet normal 0 0 -1
    outer loop
      vertex 80 -1.6 0
      vertex 76.24 0 0
      vertex 79.76 0 0
    endloop
  endfacet
  facet normal 0 0 -1
    outer loop
      vertex 80 -1.6 0
      vertex 75.76 0 0
      vertex 76.24 0 0
    endloop
  endfacet
  facet normal 0 0 -1
    outer loop
      vertex 75.76 0 0
      vertex 72.24 0 0
      vertex 75.76 4.2822 0
    endloop
  endfacet
  facet normal 0 0 -1
    outer loop
      vertex 80 -1.6 0
      vertex 72.24 0 0
      vertex 75.76 0 0
    endloop
  endfacet
  facet normal 0 0 -1
    outer loop
      vertex 80 -1.6 0
      vertex 71.76 0 0
      vertex 72.24 0 0
    endloop
  endfacet
  facet normal 0 0 -1
    outer loop
      vertex 71.76 0 0
      vertex 68.24 0 0
      vertex 71.76 2.76122 0
    endloop
  endfacet
  facet normal 0 0 -1
    outer loop
      vertex 80 -1.6 0
      vertex 68.24 0 0
      vertex 71.76 0 0
    endloop
  endfacet
  facet normal 0 0 -1
    outer loop
      vertex 80 -1.6 0
      vertex 67.76 0 0
      vertex 68.24 0 0
    endloop
  endfacet
  facet normal 0 0 -1
    outer loop
      vertex 67.76 0 0
      vertex 64.24 0 0
      vertex 67.76 1.54898 0
    endloop
  endfacet
  facet normal 0 0 -1
    outer loop
      vertex 80 -1.6 0
      vertex 64.24 0 0
      vertex 67.76 0 0
    endloop
  endfacet
  facet normal 0 0 -1
    outer loop
      vertex 80 -1.6 0
      vertex 63.76 0 0
      vertex 64.24 0 0
    endloop
  endfacet
  facet normal 0 0 -1
    outer loop
      vertex 63.76 0 0
      vertex 60.24 0 0
      vertex 63.76 1.21065 0
    endloop
  endfacet
  facet normal 0 0 -1
    outer loop
      vertex 80 -1.6 0
      vertex 60.24 0 0
      vertex 63.76 0 0
    endloop
  endfacet
  facet normal 0 0 -1
    outer loop
      vertex 80 -1.6 0
      vertex 59.76 0 0
      vertex 60.24 0 0
    endloop
  endfacet
  facet normal 0 0 -1
    outer loop
      vertex 59.76 0 0
      vertex 56.24 0 0
      vertex 59.76 1.66855 0
    endloop
  endfacet
  facet normal 0 0 -1
    outer loop
      vertex 80 -1.6 0
      vertex 56.24 0 0
      vertex 59.76 0 0
    endloop
  endfacet
  facet normal 0 0 -1
    outer loop
      vertex 80 -1.6 0
      vertex 55.76 0 0
      vertex 56.24 0 0
    endloop
  endfacet
  facet normal 0 0 -1
    outer loop
      vertex 55.76 0 0
      vertex 52.24 0 0
      vertex 55.76 2.51752 0
    endloop
  endfacet
  facet normal 0 0 -1
    outer loop
      vertex 80 -1.6 0
      vertex 52.24 0 0
      vertex 55.76 0 0
    endloop
  endfacet
  facet normal 0 0 -1
    outer loop
      vertex 80 -1.6 0
      vertex 51.76 0 0
      vertex 52.24 0 0
    endloop
  endfacet
  facet normal 0 0 -1
    outer loop
      vertex 51.76 0 0
      vertex 48.24 0 0
      vertex 51.76 3.38531 0
    endloop
  endfacet
  facet normal 0 0 -1
    outer loop
      vertex 80 -1.6 0
      vertex 48.24 0 0
      vertex 51.76 0 0
    endloop
  endfacet
  facet normal 0 0 -1
    outer loop
      vertex 80 -1.6 0
      vertex 47.76 0 0
      vertex 48.24 0 0
    endloop
  endfacet
  facet normal 0 0 -1
    outer loop
      vertex 47.76 0 0
      vertex 44.24 0 0
      vertex 47.76 4.07974 0
    endloop
  endfacet
  facet normal 0 0 -1
    outer loop
      vertex 80 -1.6 0
      vertex 44.24 0 0
      vertex 47.76 0 0
    endloop
  endfacet
  facet normal 0 0 -1
    outer loop
      vertex 80 -1.6 0
      vertex 43.76 0 0
      vertex 44.24 0 0
    endloop
  endfacet
  facet normal 0 0 -1
    outer loop
      vertex 43.76 0 0
      vertex 40.24 0 0
      vertex 43.76 4.55212 0
    endloop
  endfacet
  facet normal 0 0 -1
    outer loop
      vertex 80 -1.6 0
      vertex 40.24 0 0
      vertex 43.76 0 0
    endloop
  endfacet
  facet normal 0 0 -1
    outer loop
      vertex 80 -1.6 0
      vertex 39.76 0 0
      vertex 40.24 0 0
    endloop
  endfacet
  facet normal 0 0 -1
    outer loop
      vertex 39.76 0 0
      vertex 36.24 0 0
      vertex 39.76 4.80708 0
    endloop
  endfacet
  facet normal 0 0 -1
    outer loop
      vertex 80 -1.6 0
      vertex 36.24 0 0
      vertex 39.76 0 0
    endloop
  endfacet
  facet normal 0 0 -1
    outer loop
      vertex 80 -1.6 0
      vertex 35.76 0 0
      vertex 36.24 0 0
    endloop
  endfacet
  facet normal 0 0 -1
    outer loop
      vertex 35.76 0 0
      vertex 32.24 0 0
      vertex 35.76 4.84288 0
    endloop
  endfacet
  facet normal 0 0 -1
    outer loop
      vertex 0 -1.6 0
      vertex 35.76 0 0
      vertex 80 -1.6 0
    endloop
  endfacet
  facet normal -0 0 -1
    outer loop
      vertex 35.76 0 0
      vertex 0 -1.6 0
      vertex 32.24 0 0
    endloop
  endfacet
  facet normal 0 0 -1
    outer loop
      vertex 31.76 0 0
      vertex 28.24 0 0
      vertex 31.76 4.64426 0
    endloop
  endfacet
  facet normal -0 0 -1
    outer loop
      vertex 32.24 0 0
      vertex 0 -1.6 0
      vertex 31.76 0 0
    endloop
  endfacet
  facet normal -0 0 -1
    outer loop
      vertex 31.76 0 0
      vertex 0 -1.6 0
      vertex 28.24 0 0
    endloop
  endfacet
  facet normal 0 0 -1
    outer loop
      vertex 27.76 0 0
      vertex 24.24 0 0
      vertex 27.76 4.22223 0
    endloop
  endfacet
  facet normal -0 0 -1
    outer loop
      vertex 28.24 0 0
      vertex 0 -1.6 0
      vertex 27.76 0 0
    endloop
  endfacet
  facet normal -0 0 -1
    outer loop
      vertex 27.76 0 0
      vertex 0 -1.6 0
      vertex 24.24 0 0
    endloop
  endfacet
  facet normal 0 0 -1
    outer loop
      vertex 23.76 0 0
      vertex 20.24 0 0
      vertex 23.76 3.68082 0
    endloop
  endfacet
  facet normal -0 0 -1
    outer loop
      vertex 24.24 0 0
      vertex 0 -1.6 0
      vertex 23.76 0 0
    endloop
  endfacet
  facet normal -0 0 -1
    outer loop
      vertex 23.76 0 0
      vertex 0 -1.6 0
      vertex 20.24 0 0
    endloop
  endfacet
  facet normal 0 0 -1
    outer loop
      vertex 19.76 0 0
      vertex 16.24 0 0
      vertex 19.76 3.26334 0
    endloop
  endfacet
  facet normal -0 0 -1
    outer loop
      vertex 20.24 0 0
      vertex 0 -1.6 0
      vertex 19.76 0 0
    endloop
  endfacet
  facet normal -0 0 -1
    outer loop
      vertex 19.76 0 0
      vertex 0 -1.6 0
      vertex 16.24 0 0
    endloop
  endfacet
  facet normal 0 0 -1
    outer loop
      vertex 15.76 0 0
      vertex 12.24 0 0
      vertex 15.76 3.30119 0
    endloop
  endfacet
  facet normal -0 0 -1
    outer loop
      vertex 16.24 0 0
      vertex 0 -1.6 0
      vertex 15.76 0 0
    endloop
  endfacet
  facet normal -0 0 -1
    outer loop
      vertex 15.76 0 0
      vertex 0 -1.6 0
      vertex 12.24 0 0
    endloop
  endfacet
  facet normal 0 0 -1
    outer loop
      vertex 11.76 0 0
      vertex 8.24 0 0
      vertex 11.76 4.0143 0
    endloop
  endfacet
  facet normal -0 0 -1
    outer loop
      vertex 12.24 0 0
      vertex 0 -1.6 0
      vertex 11.76 0 0
    endloop
  endfacet
  facet normal -0 0 -1
    outer loop
      vertex 11.76 0 0
      vertex 0 -1.6 0
      vertex 8.24 0 0
    endloop
  endfacet
  facet normal 0 0 -1
    outer loop
      vertex 7.76 0 0
      vertex 4.24 0 0
      vertex 7.76 5.24054 0
    endloop
  endfacet
  facet normal -0 0 -1
    outer loop
      vertex 8.24 0 0
      vertex 0 -1.6 0
      vertex 7.76 0 0
    endloop
  endfacet
  facet normal -0 0 -1
    outer loop
      vertex 7.76 0 0
      vertex 0 -1.6 0
      vertex 4.24 0 0
    endloop
  endfacet
  facet normal 0 0 -1
    outer loop
      vertex 3.76 0 0
      vertex 0.24 0 0
      vertex 3.76 6.33733 0
    endloop
  endfacet
  facet normal -0 0 -1
    outer loop
      vertex 4.24 0 0
      vertex 0 -1.6 0
      vertex 3.76 0 0
    endloop
  endfacet
  facet normal -0 0 -1
    outer loop
      vertex 3.76 0 0
      vertex 0 -1.6 0
      vertex 0.24 0 0
    endloop
  endfacet
  facet normal -0 0 -1
    outer loop
      vertex 0.24 0 0
      vertex 0 -1.6 0
      vertex 0 0 0
    endloop
  endfacet
  facet normal -0 0 -1
    outer loop
      vertex 79.76 5.08655 0
      vertex 76.24 0 0
      vertex 76.24 5.08655 0
    endloop
  endfacet
  facet normal -0 0 -1
    outer loop
      vertex 75.76 4.2822 0
      vertex 72.24 0 0
      vertex 72.24 4.2822 0
    endloop
  endfacet
  facet normal -0 0 -1
    outer loop
      vertex 71.76 2.76122 0
      vertex 68.24 0 0
      vertex 68.24 2.76122 0
    endloop
  endfacet
  facet normal -0 0 -1
    outer loop
      vertex 67.76 1.54898 0
      vertex 64.24 0 0
      vertex 64.24 1.54898 0
    endloop
  endfacet
  facet normal -0 0 -1
    outer loop
      vertex 63.76 1.21065 0
      vertex 60.24 0 0
      vertex 60.24 1.21065 0
    endloop
  endfacet
  facet normal -0 0 -1
    outer loop
      vertex 59.76 1.66855 0
      vertex 56.24 0 0
      vertex 56.24 1.66855 0
    endloop
  endfacet
  facet normal -0 0 -1
    outer loop
      vertex 55.76 2.51752 0
      vertex 52.24 0 0
      vertex 52.24 2.51752 0
    endloop
  endfacet
  facet normal -0 0 -1
    outer loop
      vertex 51.76 3.38531 0
      vertex 48.24 0 0
      vertex 48.24 3.38531 0
    endloop
  endfacet
  facet normal -0 0 -1
    outer loop
      vertex 47.76 4.07974 0
      vertex 44.24 0 0
      vertex 44.24 4.07974 0
    endloop
  endfacet
  facet normal -0 0 -1
    outer loop
      vertex 43.76 4.55212 0
      vertex 40.24 0 0
      vertex 40.24 4.55212 0
    endloop
  endfacet
  facet normal -0 0 -1
    outer loop
      vertex 39.76 4.80708 0
      vertex 36.24 0 0
      vertex 36.24 4.80708 0
    endloop
  endfacet
  facet normal -0 0 -1
    outer loop
      vertex 35.76 4.84288 0
      vertex 32.24 0 0
      vertex 32.24 4.84288 0
    endloop
  endfacet
  facet normal -0 0 -1
    outer loop
      vertex 31.76 4.64426 0
      vertex 28.24 0 0
      vertex 28.24 4.64426 0
    endloop
  endfacet
  facet normal -0 0 -1
    outer loop
      vertex 27.76 4.22223 0
      vertex 24.24 0 0
      vertex 24.24 4.22223 0
    endloop
  endfacet
  facet normal -0 0 -1
    outer loop
      vertex 23.76 3.68082 0
      vertex 20.24 0 0
      vertex 20.24 3.68082 0
    endloop
  endfacet
  facet normal -0 0 -1
    outer loop
      vertex 19.76 3.26334 0
      vertex 16.24 0 0
      vertex 16.24 3.26334 0
    endloop
  endfacet
  facet normal -0 0 -1
    outer loop
      vertex 15.76 3.30119 0
      vertex 12.24 0 0
      vertex 12.24 3.30119 0
    endloop
  endfacet
  facet normal -0 0 -1
    outer loop
      vertex 11.76 4.0143 0
      vertex 8.24 0 0
      vertex 8.24 4.0143 0
    endloop
  endfacet
  facet normal -0 0 -1
    outer loop
      vertex 7.76 5.24054 0
      vertex 4.24 0 0
      vertex 4.24 5.24054 0
    endloop
  endfacet
  facet normal -0 0 -1
    outer loop
      vertex 3.76 6.33733 0
      vertex 0.24 0 0
      vertex 0.24 6.33733 0
    endloop
  endfacet
  facet normal 0 0.932061 0.362302
    outer loop
      vertex 3.76 6.33733 0
      vertex 0.24 5.04163 3.33333
      vertex 3.76 5.04163 3.33333
    endloop
  endfacet
  facet normal 0 0.932061 0.362302
    outer loop
      vertex 0.24 5.04163 3.33333
      vertex 3.76 6.33733 0
      vertex 0.24 6.33733 0
    endloop
  endfacet
  facet normal -1 -0 0
    outer loop
      vertex 4.24 3.75893 3.33333
      vertex 4.24 0 0
      vertex 4.24 3.35791 6.66666
    endloop
  endfacet
  facet normal -1 0 0
    outer loop
      vertex 4.24 0 0
      vertex 4.24 3.75893 3.33333
      vertex 4.24 5.24054 0
    endloop
  endfacet
  facet normal -1 0 0
    outer loop
      vertex 4.24 7.31117 16.6667
      vertex 4.24 7.02457 23.3333
      vertex 4.24 7.60349 20
    endloop
  endfacet
  facet normal -1 0 0
    outer loop
      vertex 4.24 6.03775 13.3333
      vertex 4.24 7.02457 23.3333
      vertex 4.24 7.31117 16.6667
    endloop
  endfacet
  facet normal -1 -0 0
    outer loop
      vertex 4.24 7.02457 23.3333
      vertex 4.24 6.03775 13.3333
      vertex 4.24 6.06439 26.6667
    endloop
  endfacet
  facet normal -1 0 0
    outer loop
      vertex 4.24 4.36641 10
      vertex 4.24 6.06439 26.6667
      vertex 4.24 6.03775 13.3333
    endloop
  endfacet
  facet normal -1 -0 0
    outer loop
      vertex 4.24 6.06439 26.6667
      vertex 4.24 4.36641 10
      vertex 4.24 5.1767 30
    endloop
  endfacet
  facet normal -1 0 0
    outer loop
      vertex 4.24 0 0
      vertex 4.24 5.1767 30
      vertex 4.24 4.36641 10
    endloop
  endfacet
  facet normal -1 -0 0
    outer loop
      vertex 4.24 5.1767 30
      vertex 4.24 0 0
      vertex 4.24 4.57608 33.3333
    endloop
  endfacet
  facet normal -1 -0 0
    outer loop
      vertex 4.24 4.57608 33.3333
      vertex 4.24 0 0
      vertex 4.24 4.26683 36.6667
    endloop
  endfacet
  facet normal -1 -0 0
    outer loop
      vertex 4.24 4.15814 40
      vertex 4.24 0 0
      vertex 4.24 4.14946 43.3333
    endloop
  endfacet
  facet normal -1 -0 0
    outer loop
      vertex 4.24 4.26683 36.6667
      vertex 4.24 0 0
      vertex 4.24 4.15814 40
    endloop
  endfacet
  facet normal -1 0 0
    outer loop
      vertex 4.24 0 0
      vertex 4.24 4.36641 10
      vertex 4.24 3.35791 6.66666
    endloop
  endfacet
  facet normal -1 0 0
    outer loop
      vertex 4.24 4.14946 43.3333
      vertex 4.24 4.16197 50
      vertex 4.24 4.1644 46.6667
    endloop
  endfacet
  facet normal -1 -0 0
    outer loop
      vertex 4.24 4.16197 50
      vertex 4.24 4.14946 43.3333
      vertex 4.24 4.14795 53.3333
    endloop
  endfacet
  facet normal -1 0 0
    outer loop
      vertex 4.24 0 80
      vertex 4.24 6.49525 73.3333
      vertex 4.24 6.052 70
    endloop
  endfacet
  facet normal -1 0 0
    outer loop
      vertex 4.24 6.49525 73.3333
      vertex 4.24 0 80
      vertex 4.24 6.41281 76.6667
    endloop
  endfacet
  facet normal -1 0 0
    outer loop
      vertex 4.24 0 80
      vertex 4.24 6.052 70
      vertex 4.24 5.37941 66.6667
    endloop
  endfacet
  facet normal -1 0 0
    outer loop
      vertex 4.24 0 80
      vertex 4.24 5.37941 66.6667
      vertex 4.24 4.76292 63.3333
    endloop
  endfacet
  facet normal -1 0 0
    outer loop
      vertex 4.24 0 80
      vertex 4.24 4.76292 63.3333
      vertex 4.24 4.36002 60
    endloop
  endfacet
  facet normal -1 0 0
    outer loop
      vertex 4.24 0 80
      vertex 4.24 4.14946 43.3333
      vertex 4.24 0 0
    endloop
  endfacet
  facet normal -1 0 0
    outer loop
      vertex 4.24 4.14946 43.3333
      vertex 4.24 0 80
      vertex 4.24 4.14795 53.3333
    endloop
  endfacet
  facet normal -1 0 0
    outer loop
      vertex 4.24 4.14795 53.3333
      vertex 4.24 0 80
      vertex 4.24 4.18181 56.6667
    endloop
  endfacet
  facet normal -1 0 0
    outer loop
      vertex 4.24 4.18181 56.6667
      vertex 4.24 0 80
      vertex 4.24 4.36002 60
    endloop
  endfacet
  facet normal -1 0 0
    outer loop
      vertex 4.24 6.41281 76.6667
      vertex 4.24 0 80
      vertex 4.24 5.67833 80
    endloop
  endfacet
  facet normal 1 0 0
    outer loop
      vertex 7.76 0 80
      vertex 7.76 6.49525 73.3333
      vertex 7.76 6.41281 76.6667
    endloop
  endfacet
  facet normal 1 -0 0
    outer loop
      vertex 7.76 0 80
      vertex 7.76 6.41281 76.6667
      vertex 7.76 5.67833 80
    endloop
  endfacet
  facet normal 1 0 0
    outer loop
      vertex 7.76 6.49525 73.3333
      vertex 7.76 0 80
      vertex 7.76 6.052 70
    endloop
  endfacet
  facet normal 1 0 0
    outer loop
      vertex 7.76 6.052 70
      vertex 7.76 0 80
      vertex 7.76 5.37941 66.6667
    endloop
  endfacet
  facet normal 1 0 0
    outer loop
      vertex 7.76 5.37941 66.6667
      vertex 7.76 0 80
      vertex 7.76 4.76292 63.3333
    endloop
  endfacet
  facet normal 1 0 0
    outer loop
      vertex 7.76 0 80
      vertex 7.76 4.14795 53.3333
      vertex 7.76 4.18181 56.6667
    endloop
  endfacet
  facet normal 1 0 0
    outer loop
      vertex 7.76 4.14795 53.3333
      vertex 7.76 0 80
      vertex 7.76 0 0
    endloop
  endfacet
  facet normal 1 0 0
    outer loop
      vertex 7.76 4.36002 60
      vertex 7.76 0 80
      vertex 7.76 4.18181 56.6667
    endloop
  endfacet
  facet normal 1 0 0
    outer loop
      vertex 7.76 4.76292 63.3333
      vertex 7.76 0 80
      vertex 7.76 4.36002 60
    endloop
  endfacet
  facet normal 1 0 0
    outer loop
      vertex 7.76 4.16197 50
      vertex 7.76 4.14946 43.3333
      vertex 7.76 4.1644 46.6667
    endloop
  endfacet
  facet normal 1 0 -0
    outer loop
      vertex 7.76 4.14946 43.3333
      vertex 7.76 4.16197 50
      vertex 7.76 4.14795 53.3333
    endloop
  endfacet
  facet normal 1 0 0
    outer loop
      vertex 7.76 7.02457 23.3333
      vertex 7.76 7.31117 16.6667
      vertex 7.76 7.60349 20
    endloop
  endfacet
  facet normal 1 0 0
    outer loop
      vertex 7.76 6.03775 13.3333
      vertex 7.76 7.02457 23.3333
      vertex 7.76 6.06439 26.6667
    endloop
  endfacet
  facet normal 1 0 0
    outer loop
      vertex 7.76 7.02457 23.3333
      vertex 7.76 6.03775 13.3333
      vertex 7.76 7.31117 16.6667
    endloop
  endfacet
  facet normal 1 0 0
    outer loop
      vertex 7.76 4.36641 10
      vertex 7.76 6.06439 26.6667
      vertex 7.76 5.1767 30
    endloop
  endfacet
  facet normal 1 0 0
    outer loop
      vertex 7.76 3.35791 6.66666
      vertex 7.76 5.1767 30
      vertex 7.76 4.57608 33.3333
    endloop
  endfacet
  facet normal 1 0 0
    outer loop
      vertex 7.76 6.06439 26.6667
      vertex 7.76 4.36641 10
      vertex 7.76 6.03775 13.3333
    endloop
  endfacet
  facet normal 1 0 0
    outer loop
      vertex 7.76 3.35791 6.66666
      vertex 7.76 4.57608 33.3333
      vertex 7.76 4.26683 36.6667
    endloop
  endfacet
  facet normal 1 0 0
    outer loop
      vertex 7.76 3.35791 6.66666
      vertex 7.76 4.26683 36.6667
      vertex 7.76 4.15814 40
    endloop
  endfacet
  facet normal 1 0 0
    outer loop
      vertex 7.76 5.1767 30
      vertex 7.76 3.35791 6.66666
      vertex 7.76 4.36641 10
    endloop
  endfacet
  facet normal 1 0 0
    outer loop
      vertex 7.76 4.14946 43.3333
      vertex 7.76 3.35791 6.66666
      vertex 7.76 4.15814 40
    endloop
  endfacet
  facet normal 1 0 0
    outer loop
      vertex 7.76 3.35791 6.66666
      vertex 7.76 4.14946 43.3333
      vertex 7.76 4.14795 53.3333
    endloop
  endfacet
  facet normal 1 0 0
    outer loop
      vertex 7.76 3.75893 3.33333
      vertex 7.76 0 0
      vertex 7.76 5.24054 0
    endloop
  endfacet
  facet normal 1 0 0
    outer loop
      vertex 7.76 3.35791 6.66666
      vertex 7.76 0 0
      vertex 7.76 3.75893 3.33333
    endloop
  endfacet
  facet normal 1 0 0
    outer loop
      vertex 7.76 4.14795 53.3333
      vertex 7.76 0 0
      vertex 7.76 3.35791 6.66666
    endloop
  endfacet
  facet normal 0 0.992841 0.119445
    outer loop
      vertex 7.76 3.75893 3.33333
      vertex 4.24 3.35791 6.66666
      vertex 7.76 3.35791 6.66666
    endloop
  endfacet
  facet normal 0 0.992841 0.119445
    outer loop
      vertex 4.24 3.35791 6.66666
      vertex 7.76 3.75893 3.33333
      vertex 4.24 3.75893 3.33333
    endloop
  endfacet
  facet normal 0 0.957152 -0.289586
    outer loop
      vertex 7.76 3.35791 6.66666
      vertex 4.24 4.36641 10
      vertex 7.76 4.36641 10
    endloop
  endfacet
  facet normal 0 0.957152 -0.289586
    outer loop
      vertex 4.24 4.36641 10
      vertex 7.76 3.35791 6.66666
      vertex 4.24 3.35791 6.66666
    endloop
  endfacet
  facet normal 0 0.893924 -0.44822
    outer loop
      vertex 7.76 4.36641 10
      vertex 4.24 6.03775 13.3333
      vertex 7.76 6.03775 13.3333
    endloop
  endfacet
  facet normal 0 0.893924 -0.44822
    outer loop
      vertex 4.24 6.03775 13.3333
      vertex 7.76 4.36641 10
      vertex 4.24 4.36641 10
    endloop
  endfacet
  facet normal 0 0.934156 -0.356865
    outer loop
      vertex 7.76 6.03775 13.3333
      vertex 4.24 7.31117 16.6667
      vertex 7.76 7.31117 16.6667
    endloop
  endfacet
  facet normal 0 0.934156 -0.356865
    outer loop
      vertex 4.24 7.31117 16.6667
      vertex 7.76 6.03775 13.3333
      vertex 4.24 6.03775 13.3333
    endloop
  endfacet
  facet normal 0 0.996177 -0.0873616
    outer loop
      vertex 7.76 7.31117 16.6667
      vertex 4.24 7.60349 20
      vertex 7.76 7.60349 20
    endloop
  endfacet
  facet normal 0 0.996177 -0.0873616
    outer loop
      vertex 4.24 7.60349 20
      vertex 7.76 7.31117 16.6667
      vertex 4.24 7.31117 16.6667
    endloop
  endfacet
  facet normal 0 0.985251 0.171116
    outer loop
      vertex 7.76 7.60349 20
      vertex 4.24 7.02457 23.3333
      vertex 7.76 7.02457 23.3333
    endloop
  endfacet
  facet normal 0 0.985251 0.171116
    outer loop
      vertex 4.24 7.02457 23.3333
      vertex 7.76 7.60349 20
      vertex 4.24 7.60349 20
    endloop
  endfacet
  facet normal 0 0.960929 0.276794
    outer loop
      vertex 7.76 7.02457 23.3333
      vertex 4.24 6.06439 26.6667
      vertex 7.76 6.06439 26.6667
    endloop
  endfacet
  facet normal 0 0.960929 0.276794
    outer loop
      vertex 4.24 6.06439 26.6667
      vertex 7.76 7.02457 23.3333
      vertex 4.24 7.02457 23.3333
    endloop
  endfacet
  facet normal 0 0.966321 0.257341
    outer loop
      vertex 7.76 6.06439 26.6667
      vertex 4.24 5.1767 30
      vertex 7.76 5.1767 30
    endloop
  endfacet
  facet normal 0 0.966321 0.257341
    outer loop
      vertex 4.24 5.1767 30
      vertex 7.76 6.06439 26.6667
      vertex 4.24 6.06439 26.6667
    endloop
  endfacet
  facet normal 0 0.984151 0.177332
    outer loop
      vertex 7.76 5.1767 30
      vertex 4.24 4.57608 33.3333
      vertex 7.76 4.57608 33.3333
    endloop
  endfacet
  facet normal 0 0.984151 0.177332
    outer loop
      vertex 4.24 4.57608 33.3333
      vertex 7.76 5.1767 30
      vertex 4.24 5.1767 30
    endloop
  endfacet
  facet normal 0 0.995724 0.0923765
    outer loop
      vertex 7.76 4.57608 33.3333
      vertex 4.24 4.26683 36.6667
      vertex 7.76 4.26683 36.6667
    endloop
  endfacet
  facet normal 0 0.995724 0.0923765
    outer loop
      vertex 4.24 4.26683 36.6667
      vertex 7.76 4.57608 33.3333
      vertex 4.24 4.57608 33.3333
    endloop
  endfacet
  facet normal 0 0.999469 0.03259
    outer loop
      vertex 7.76 4.26683 36.6667
      vertex 4.24 4.15814 40
      vertex 7.76 4.15814 40
    endloop
  endfacet
  facet normal 0 0.999469 0.03259
    outer loop
      vertex 4.24 4.15814 40
      vertex 7.76 4.26683 36.6667
      vertex 4.24 4.26683 36.6667
    endloop
  endfacet
  facet normal 0 0.999997 0.00260402
    outer loop
      vertex 7.76 4.15814 40
      vertex 4.24 4.14946 43.3333
      vertex 7.76 4.14946 43.3333
    endloop
  endfacet
  facet normal 0 0.999997 0.00260402
    outer loop
      vertex 4.24 4.14946 43.3333
      vertex 7.76 4.15814 40
      vertex 4.24 4.15814 40
    endloop
  endfacet
  facet normal 0 0.99999 -0.00448187
    outer loop
      vertex 7.76 4.14946 43.3333
      vertex 4.24 4.1644 46.6667
      vertex 7.76 4.1644 46.6667
    endloop
  endfacet
  facet normal 0 0.99999 -0.00448187
    outer loop
      vertex 4.24 4.1644 46.6667
      vertex 7.76 4.14946 43.3333
      vertex 4.24 4.14946 43.3333
    endloop
  endfacet
  facet normal 0 1 0.000729007
    outer loop
      vertex 7.76 4.1644 46.6667
      vertex 4.24 4.16197 50
      vertex 7.76 4.16197 50
    endloop
  endfacet
  facet normal 0 1 0.000729007
    outer loop
      vertex 4.24 4.16197 50
      vertex 7.76 4.1644 46.6667
      vertex 4.24 4.1644 46.6667
    endloop
  endfacet
  facet normal 0 0.999991 0.004206
    outer loop
      vertex 7.76 4.16197 50
      vertex 4.24 4.14795 53.3333
      vertex 7.76 4.14795 53.3333
    endloop
  endfacet
  facet normal 0 0.999991 0.004206
    outer loop
      vertex 4.24 4.14795 53.3333
      vertex 7.76 4.16197 50
      vertex 4.24 4.16197 50
    endloop
  endfacet
  facet normal 0 0.999948 -0.0101573
    outer loop
      vertex 7.76 4.14795 53.3333
      vertex 4.24 4.18181 56.6667
      vertex 7.76 4.18181 56.6667
    endloop
  endfacet
  facet normal 0 0.999948 -0.0101573
    outer loop
      vertex 4.24 4.18181 56.6667
      vertex 7.76 4.14795 53.3333
      vertex 4.24 4.14795 53.3333
    endloop
  endfacet
  facet normal 0 0.998574 -0.0533873
    outer loop
      vertex 7.76 4.18181 56.6667
      vertex 4.24 4.36002 60
      vertex 7.76 4.36002 60
    endloop
  endfacet
  facet normal 0 0.998574 -0.0533873
    outer loop
      vertex 4.24 4.36002 60
      vertex 7.76 4.18181 56.6667
      vertex 4.24 4.18181 56.6667
    endloop
  endfacet
  facet normal 0 0.992774 -0.119998
    outer loop
      vertex 7.76 4.36002 60
      vertex 4.24 4.76292 63.3333
      vertex 7.76 4.76292 63.3333
    endloop
  endfacet
  facet normal 0 0.992774 -0.119998
    outer loop
      vertex 4.24 4.76292 63.3333
      vertex 7.76 4.36002 60
      vertex 4.24 4.36002 60
    endloop
  endfacet
  facet normal 0 0.983325 -0.181859
    outer loop
      vertex 7.76 4.76292 63.3333
      vertex 4.24 5.37941 66.6667
      vertex 7.76 5.37941 66.6667
    endloop
  endfacet
  facet normal 0 0.983325 -0.181859
    outer loop
      vertex 4.24 5.37941 66.6667
      vertex 7.76 4.76292 63.3333
      vertex 4.24 4.76292 63.3333
    endloop
  endfacet
  facet normal 0 0.980244 -0.197793
    outer loop
      vertex 7.76 5.37941 66.6667
      vertex 4.24 6.052 70
      vertex 7.76 6.052 70
    endloop
  endfacet
  facet normal 0 0.980244 -0.197793
    outer loop
      vertex 4.24 6.052 70
      vertex 7.76 5.37941 66.6667
      vertex 4.24 5.37941 66.6667
    endloop
  endfacet
  facet normal 0 0.991274 -0.131816
    outer loop
      vertex 7.76 6.052 70
      vertex 4.24 6.49525 73.3333
      vertex 7.76 6.49525 73.3333
    endloop
  endfacet
  facet normal 0 0.991274 -0.131816
    outer loop
      vertex 4.24 6.49525 73.3333
      vertex 7.76 6.052 70
      vertex 4.24 6.052 70
    endloop
  endfacet
  facet normal 0 0.999694 0.0247239
    outer loop
      vertex 7.76 6.49525 73.3333
      vertex 4.24 6.41281 76.6667
      vertex 7.76 6.41281 76.6667
    endloop
  endfacet
  facet normal 0 0.999694 0.0247239
    outer loop
      vertex 4.24 6.41281 76.6667
      vertex 7.76 6.49525 73.3333
      vertex 4.24 6.49525 73.3333
    endloop
  endfacet
  facet normal 0 0.976573 0.215184
    outer loop
      vertex 7.76 6.41281 76.6667
      vertex 4.24 5.67833 80
      vertex 7.76 5.67833 80
    endloop
  endfacet
  facet normal 0 0.976573 0.215184
    outer loop
      vertex 4.24 5.67833 80
      vertex 7.76 6.41281 76.6667
      vertex 4.24 6.41281 76.6667
    endloop
  endfacet
  facet normal 0 0.913798 0.406168
    outer loop
      vertex 7.76 5.24054 0
      vertex 4.24 3.75893 3.33333
      vertex 7.76 3.75893 3.33333
    endloop
  endfacet
  facet normal 0 0.913798 0.406168
    outer loop
      vertex 4.24 3.75893 3.33333
      vertex 7.76 5.24054 0
      vertex 4.24 5.24054 0
    endloop
  endfacet
  facet normal -1 0 0
    outer loop
      vertex 8.24 4.0143 0
      vertex 8.24 0 0
      vertex 8.24 3.2943 3.33333
    endloop
  endfacet
  facet normal -1 0 0
    outer loop
      vertex 8.24 5.95685 10
      vertex 8.24 7.27333 16.6667
      vertex 8.24 7.23193 13.3333
    endloop
  endfacet
  facet normal -1 -0 0
    outer loop
      vertex 8.24 7.27333 16.6667
      vertex 8.24 5.95685 10
      vertex 8.24 6.33957 20
    endloop
  endfacet
  facet normal -1 0 0
    outer loop
      vertex 8.24 4.19591 6.66666
      vertex 8.24 6.33957 20
      vertex 8.24 5.95685 10
    endloop
  endfacet
  facet normal -1 -0 0
    outer loop
      vertex 8.24 6.33957 20
      vertex 8.24 4.19591 6.66666
      vertex 8.24 5.21677 23.3333
    endloop
  endfacet
  facet normal -1 -0 0
    outer loop
      vertex 8.24 5.21677 23.3333
      vertex 8.24 0 0
      vertex 8.24 4.5235 26.6667
    endloop
  endfacet
  facet normal -1 0 0
    outer loop
      vertex 8.24 0 0
      vertex 8.24 5.21677 23.3333
      vertex 8.24 4.19591 6.66666
    endloop
  endfacet
  facet normal -1 0 0
    outer loop
      vertex 8.24 5.63635 43.3333
      vertex 8.24 5.48413 50
      vertex 8.24 5.67172 46.6667
    endloop
  endfacet
  facet normal -1 0 0
    outer loop
      vertex 8.24 5.41747 40
      vertex 8.24 5.48413 50
      vertex 8.24 5.63635 43.3333
    endloop
  endfacet
  facet normal -1 0 0
    outer loop
      vertex 8.24 5.41747 40
      vertex 8.24 5.07176 53.3333
      vertex 8.24 5.48413 50
    endloop
  endfacet
  facet normal -1 0 0
    outer loop
      vertex 8.24 5.06721 36.6667
      vertex 8.24 5.07176 53.3333
      vertex 8.24 5.41747 40
    endloop
  endfacet
  facet normal -1 0 0
    outer loop
      vertex 8.24 4.51439 56.6667
      vertex 8.24 5.06721 36.6667
      vertex 8.24 4.67241 33.3333
    endloop
  endfacet
  facet normal -1 0 0
    outer loop
      vertex 8.24 5.06721 36.6667
      vertex 8.24 4.51439 56.6667
      vertex 8.24 5.07176 53.3333
    endloop
  endfacet
  facet normal -1 0 0
    outer loop
      vertex 8.24 3.99272 60
      vertex 8.24 4.67241 33.3333
      vertex 8.24 4.40558 30
    endloop
  endfacet
  facet normal -1 -0 0
    outer loop
      vertex 8.24 4.5235 26.6667
      vertex 8.24 0 0
      vertex 8.24 4.40558 30
    endloop
  endfacet
  facet normal -1 0 0
    outer loop
      vertex 8.24 0 80
      vertex 8.24 4.40558 30
      vertex 8.24 0 0
    endloop
  endfacet
  facet normal -1 0 0
    outer loop
      vertex 8.24 4.67241 33.3333
      vertex 8.24 3.99272 60
      vertex 8.24 4.51439 56.6667
    endloop
  endfacet
  facet normal -1 0 0
    outer loop
      vertex 8.24 0 0
      vertex 8.24 4.19591 6.66666
      vertex 8.24 3.2943 3.33333
    endloop
  endfacet
  facet normal -1 0 0
    outer loop
      vertex 8.24 0 80
      vertex 8.24 6.27235 76.6667
      vertex 8.24 5.56596 73.3333
    endloop
  endfacet
  facet normal -1 0 0
    outer loop
      vertex 8.24 0 80
      vertex 8.24 5.56596 73.3333
      vertex 8.24 4.65141 70
    endloop
  endfacet
  facet normal -1 0 0
    outer loop
      vertex 8.24 0 80
      vertex 8.24 4.65141 70
      vertex 8.24 3.96312 66.6667
    endloop
  endfacet
  facet normal -1 0 0
    outer loop
      vertex 8.24 4.40558 30
      vertex 8.24 0 80
      vertex 8.24 3.99272 60
    endloop
  endfacet
  facet normal -1 0 0
    outer loop
      vertex 8.24 6.27235 76.6667
      vertex 8.24 0 80
      vertex 8.24 6.34998 80
    endloop
  endfacet
  facet normal -1 0 0
    outer loop
      vertex 8.24 3.746 63.3333
      vertex 8.24 0 80
      vertex 8.24 3.96312 66.6667
    endloop
  endfacet
  facet normal -1 0 0
    outer loop
      vertex 8.24 3.99272 60
      vertex 8.24 0 80
      vertex 8.24 3.746 63.3333
    endloop
  endfacet
  facet normal 1 -0 0
    outer loop
      vertex 11.76 0 80
      vertex 11.76 6.27235 76.6667
      vertex 11.76 6.34998 80
    endloop
  endfacet
  facet normal 1 0 0
    outer loop
      vertex 11.76 6.27235 76.6667
      vertex 11.76 0 80
      vertex 11.76 5.56596 73.3333
    endloop
  endfacet
  facet normal 1 0 0
    outer loop
      vertex 11.76 5.56596 73.3333
      vertex 11.76 0 80
      vertex 11.76 4.65141 70
    endloop
  endfacet
  facet normal 1 0 0
    outer loop
      vertex 11.76 0 0
      vertex 11.76 4.40558 30
      vertex 11.76 0 80
    endloop
  endfacet
  facet normal 1 0 0
    outer loop
      vertex 11.76 3.96312 66.6667
      vertex 11.76 0 80
      vertex 11.76 3.746 63.3333
    endloop
  endfacet
  facet normal 1 0 0
    outer loop
      vertex 11.76 4.65141 70
      vertex 11.76 0 80
      vertex 11.76 3.96312 66.6667
    endloop
  endfacet
  facet normal 1 0 0
    outer loop
      vertex 11.76 5.48413 50
      vertex 11.76 5.63635 43.3333
      vertex 11.76 5.67172 46.6667
    endloop
  endfacet
  facet normal 1 0 0
    outer loop
      vertex 11.76 5.48413 50
      vertex 11.76 5.41747 40
      vertex 11.76 5.63635 43.3333
    endloop
  endfacet
  facet normal 1 0 0
    outer loop
      vertex 11.76 5.07176 53.3333
      vertex 11.76 5.41747 40
      vertex 11.76 5.48413 50
    endloop
  endfacet
  facet normal 1 0 0
    outer loop
      vertex 11.76 5.07176 53.3333
      vertex 11.76 5.06721 36.6667
      vertex 11.76 5.41747 40
    endloop
  endfacet
  facet normal 1 0 0
    outer loop
      vertex 11.76 4.51439 56.6667
      vertex 11.76 5.06721 36.6667
      vertex 11.76 5.07176 53.3333
    endloop
  endfacet
  facet normal 1 0 0
    outer loop
      vertex 11.76 5.06721 36.6667
      vertex 11.76 4.51439 56.6667
      vertex 11.76 4.67241 33.3333
    endloop
  endfacet
  facet normal 1 0 0
    outer loop
      vertex 11.76 3.99272 60
      vertex 11.76 4.67241 33.3333
      vertex 11.76 4.51439 56.6667
    endloop
  endfacet
  facet normal 1 0 0
    outer loop
      vertex 11.76 4.67241 33.3333
      vertex 11.76 3.99272 60
      vertex 11.76 4.40558 30
    endloop
  endfacet
  facet normal 1 0 0
    outer loop
      vertex 11.76 0 80
      vertex 11.76 3.99272 60
      vertex 11.76 3.746 63.3333
    endloop
  endfacet
  facet normal 1 0 0
    outer loop
      vertex 11.76 3.99272 60
      vertex 11.76 0 80
      vertex 11.76 4.40558 30
    endloop
  endfacet
  facet normal 1 0 0
    outer loop
      vertex 11.76 4.40558 30
      vertex 11.76 3.2943 3.33333
      vertex 11.76 4.19591 6.66666
    endloop
  endfacet
  facet normal 1 0 0
    outer loop
      vertex 11.76 5.95685 10
      vertex 11.76 7.27333 16.6667
      vertex 11.76 6.33957 20
    endloop
  endfacet
  facet normal 1 0 0
    outer loop
      vertex 11.76 7.27333 16.6667
      vertex 11.76 5.95685 10
      vertex 11.76 7.23193 13.3333
    endloop
  endfacet
  facet normal 1 0 0
    outer loop
      vertex 11.76 4.19591 6.66666
      vertex 11.76 6.33957 20
      vertex 11.76 5.21677 23.3333
    endloop
  endfacet
  facet normal 1 0 0
    outer loop
      vertex 11.76 4.19591 6.66666
      vertex 11.76 5.21677 23.3333
      vertex 11.76 4.5235 26.6667
    endloop
  endfacet
  facet normal 1 0 0
    outer loop
      vertex 11.76 6.33957 20
      vertex 11.76 4.19591 6.66666
      vertex 11.76 5.95685 10
    endloop
  endfacet
  facet normal 1 0 0
    outer loop
      vertex 11.76 4.19591 6.66666
      vertex 11.76 4.5235 26.6667
      vertex 11.76 4.40558 30
    endloop
  endfacet
  facet normal 1 0 0
    outer loop
      vertex 11.76 3.2943 3.33333
      vertex 11.76 0 0
      vertex 11.76 4.0143 0
    endloop
  endfacet
  facet normal 1 0 0
    outer loop
      vertex 11.76 4.40558 30
      vertex 11.76 0 0
      vertex 11.76 3.2943 3.33333
    endloop
  endfacet
  facet normal 0 0.965312 -0.261101
    outer loop
      vertex 11.76 3.2943 3.33333
      vertex 8.24 4.19591 6.66666
      vertex 11.76 4.19591 6.66666
    endloop
  endfacet
  facet normal 0 0.965312 -0.261101
    outer loop
      vertex 8.24 4.19591 6.66666
      vertex 11.76 3.2943 3.33333
      vertex 8.24 3.2943 3.33333
    endloop
  endfacet
  facet normal 0 0.884201 -0.467107
    outer loop
      vertex 11.76 4.19591 6.66666
      vertex 8.24 5.95685 10
      vertex 11.76 5.95685 10
    endloop
  endfacet
  facet normal 0 0.884201 -0.467107
    outer loop
      vertex 8.24 5.95685 10
      vertex 11.76 4.19591 6.66666
      vertex 8.24 4.19591 6.66666
    endloop
  endfacet
  facet normal 0 0.933997 -0.35728
    outer loop
      vertex 11.76 5.95685 10
      vertex 8.24 7.23193 13.3333
      vertex 11.76 7.23193 13.3333
    endloop
  endfacet
  facet normal 0 0.933997 -0.35728
    outer loop
      vertex 8.24 7.23193 13.3333
      vertex 11.76 5.95685 10
      vertex 8.24 5.95685 10
    endloop
  endfacet
  facet normal 0 0.999923 -0.0124188
    outer loop
      vertex 11.76 7.23193 13.3333
      vertex 8.24 7.27333 16.6667
      vertex 11.76 7.27333 16.6667
    endloop
  endfacet
  facet normal 0 0.999923 -0.0124188
    outer loop
      vertex 8.24 7.27333 16.6667
      vertex 11.76 7.23193 13.3333
      vertex 8.24 7.23193 13.3333
    endloop
  endfacet
  facet normal 0 0.962931 0.269747
    outer loop
      vertex 11.76 7.27333 16.6667
      vertex 8.24 6.33957 20
      vertex 11.76 6.33957 20
    endloop
  endfacet
  facet normal 0 0.962931 0.269747
    outer loop
      vertex 8.24 6.33957 20
      vertex 11.76 7.27333 16.6667
      vertex 8.24 7.27333 16.6667
    endloop
  endfacet
  facet normal 0 0.947681 0.31922
    outer loop
      vertex 11.76 6.33957 20
      vertex 8.24 5.21677 23.3333
      vertex 11.76 5.21677 23.3333
    endloop
  endfacet
  facet normal 0 0.947681 0.31922
    outer loop
      vertex 8.24 5.21677 23.3333
      vertex 11.76 6.33957 20
      vertex 8.24 6.33957 20
    endloop
  endfacet
  facet normal 0 0.97905 0.20362
    outer loop
      vertex 11.76 5.21677 23.3333
      vertex 8.24 4.5235 26.6667
      vertex 11.76 4.5235 26.6667
    endloop
  endfacet
  facet normal 0 0.97905 0.20362
    outer loop
      vertex 8.24 4.5235 26.6667
      vertex 11.76 5.21677 23.3333
      vertex 8.24 5.21677 23.3333
    endloop
  endfacet
  facet normal 0 0.999375 0.0353542
    outer loop
      vertex 11.76 4.5235 26.6667
      vertex 8.24 4.40558 30
      vertex 11.76 4.40558 30
    endloop
  endfacet
  facet normal 0 0.999375 0.0353542
    outer loop
      vertex 8.24 4.40558 30
      vertex 11.76 4.5235 26.6667
      vertex 8.24 4.5235 26.6667
    endloop
  endfacet
  facet normal 0 0.996811 -0.0797945
    outer loop
      vertex 11.76 4.40558 30
      vertex 8.24 4.67241 33.3333
      vertex 11.76 4.67241 33.3333
    endloop
  endfacet
  facet normal 0 0.996811 -0.0797945
    outer loop
      vertex 8.24 4.67241 33.3333
      vertex 11.76 4.40558 30
      vertex 8.24 4.40558 30
    endloop
  endfacet
  facet normal 0 0.993059 -0.117616
    outer loop
      vertex 11.76 4.67241 33.3333
      vertex 8.24 5.06721 36.6667
      vertex 11.76 5.06721 36.6667
    endloop
  endfacet
  facet normal 0 0.993059 -0.117616
    outer loop
      vertex 8.24 5.06721 36.6667
      vertex 11.76 4.67241 33.3333
      vertex 8.24 4.67241 33.3333
    endloop
  endfacet
  facet normal 0 0.994524 -0.104504
    outer loop
      vertex 11.76 5.06721 36.6667
      vertex 8.24 5.41747 40
      vertex 11.76 5.41747 40
    endloop
  endfacet
  facet normal 0 0.994524 -0.104504
    outer loop
      vertex 8.24 5.41747 40
      vertex 11.76 5.06721 36.6667
      vertex 8.24 5.06721 36.6667
    endloop
  endfacet
  facet normal 0 0.997851 -0.0655235
    outer loop
      vertex 11.76 5.41747 40
      vertex 8.24 5.63635 43.3333
      vertex 11.76 5.63635 43.3333
    endloop
  endfacet
  facet normal 0 0.997851 -0.0655235
    outer loop
      vertex 8.24 5.63635 43.3333
      vertex 11.76 5.41747 40
      vertex 8.24 5.41747 40
    endloop
  endfacet
  facet normal 0 0.999944 -0.0106102
    outer loop
      vertex 11.76 5.63635 43.3333
      vertex 8.24 5.67172 46.6667
      vertex 11.76 5.67172 46.6667
    endloop
  endfacet
  facet normal 0 0.999944 -0.0106102
    outer loop
      vertex 8.24 5.67172 46.6667
      vertex 11.76 5.63635 43.3333
      vertex 8.24 5.63635 43.3333
    endloop
  endfacet
  facet normal 0 0.99842 0.0561887
    outer loop
      vertex 11.76 5.67172 46.6667
      vertex 8.24 5.48413 50
      vertex 11.76 5.48413 50
    endloop
  endfacet
  facet normal 0 0.99842 0.0561887
    outer loop
      vertex 8.24 5.48413 50
      vertex 11.76 5.67172 46.6667
      vertex 8.24 5.67172 46.6667
    endloop
  endfacet
  facet normal 0 0.992434 0.122776
    outer loop
      vertex 11.76 5.48413 50
      vertex 8.24 5.07176 53.3333
      vertex 11.76 5.07176 53.3333
    endloop
  endfacet
  facet normal 0 0.992434 0.122776
    outer loop
      vertex 8.24 5.07176 53.3333
      vertex 11.76 5.48413 50
      vertex 8.24 5.48413 50
    endloop
  endfacet
  facet normal 0 0.986307 0.164918
    outer loop
      vertex 11.76 5.07176 53.3333
      vertex 8.24 4.51439 56.6667
      vertex 11.76 4.51439 56.6667
    endloop
  endfacet
  facet normal 0 0.986307 0.164918
    outer loop
      vertex 8.24 4.51439 56.6667
      vertex 11.76 5.07176 53.3333
      vertex 8.24 5.07176 53.3333
    endloop
  endfacet
  facet normal 0 0.987974 0.15462
    outer loop
      vertex 11.76 4.51439 56.6667
      vertex 8.24 3.99272 60
      vertex 11.76 3.99272 60
    endloop
  endfacet
  facet normal 0 0.987974 0.15462
    outer loop
      vertex 8.24 3.99272 60
      vertex 11.76 4.51439 56.6667
      vertex 8.24 4.51439 56.6667
    endloop
  endfacet
  facet normal 0 0.997272 0.0738148
    outer loop
      vertex 11.76 3.99272 60
      vertex 8.24 3.746 63.3333
      vertex 11.76 3.746 63.3333
    endloop
  endfacet
  facet normal 0 0.997272 0.0738148
    outer loop
      vertex 8.24 3.746 63.3333
      vertex 11.76 3.99272 60
      vertex 8.24 3.99272 60
    endloop
  endfacet
  facet normal 0 0.997885 -0.064997
    outer loop
      vertex 11.76 3.746 63.3333
      vertex 8.24 3.96312 66.6667
      vertex 11.76 3.96312 66.6667
    endloop
  endfacet
  facet normal 0 0.997885 -0.064997
    outer loop
      vertex 8.24 3.96312 66.6667
      vertex 11.76 3.746 63.3333
      vertex 8.24 3.746 63.3333
    endloop
  endfacet
  facet normal 0 0.97934 -0.202223
    outer loop
      vertex 11.76 3.96312 66.6667
      vertex 8.24 4.65141 70
      vertex 11.76 4.65141 70
    endloop
  endfacet
  facet normal 0 0.97934 -0.202223
    outer loop
      vertex 8.24 4.65141 70
      vertex 11.76 3.96312 66.6667
      vertex 8.24 3.96312 66.6667
    endloop
  endfacet
  facet normal 0 0.964361 -0.26459
    outer loop
      vertex 11.76 4.65141 70
      vertex 8.24 5.56596 73.3333
      vertex 11.76 5.56596 73.3333
    endloop
  endfacet
  facet normal 0 0.964361 -0.26459
    outer loop
      vertex 8.24 5.56596 73.3333
      vertex 11.76 4.65141 70
      vertex 8.24 4.65141 70
    endloop
  endfacet
  facet normal 0 0.978275 -0.207309
    outer loop
      vertex 11.76 5.56596 73.3333
      vertex 8.24 6.27235 76.6667
      vertex 11.76 6.27235 76.6667
    endloop
  endfacet
  facet normal 0 0.978275 -0.207309
    outer loop
      vertex 8.24 6.27235 76.6667
      vertex 11.76 5.56596 73.3333
      vertex 8.24 5.56596 73.3333
    endloop
  endfacet
  facet normal 0 0.999729 -0.0232829
    outer loop
      vertex 11.76 6.27235 76.6667
      vertex 8.24 6.34998 80
      vertex 11.76 6.34998 80
    endloop
  endfacet
  facet normal 0 0.999729 -0.0232829
    outer loop
      vertex 8.24 6.34998 80
      vertex 11.76 6.27235 76.6667
      vertex 8.24 6.27235 76.6667
    endloop
  endfacet
  facet normal 0 0.977458 0.211131
    outer loop
      vertex 11.76 4.0143 0
      vertex 8.24 3.2943 3.33333
      vertex 11.76 3.2943 3.33333
    endloop
  endfacet
  facet normal 0 0.977458 0.211131
    outer loop
      vertex 8.24 3.2943 3.33333
      vertex 11.76 4.0143 0
      vertex 8.24 4.0143 0
    endloop
  endfacet
  facet normal -1 0 0
    outer loop
      vertex 12.24 5.52063 6.66666
      vertex 12.24 7.06038 13.3333
      vertex 12.24 6.99541 10
    endloop
  endfacet
  facet normal -1 -0 0
    outer loop
      vertex 12.24 7.06038 13.3333
      vertex 12.24 5.52063 6.66666
      vertex 12.24 5.94254 16.6667
    endloop
  endfacet
  facet normal -1 0 0
    outer loop
      vertex 12.24 0 0
      vertex 12.24 5.94254 16.6667
      vertex 12.24 5.52063 6.66666
    endloop
  endfacet
  facet normal -1 -0 0
    outer loop
      vertex 12.24 5.94254 16.6667
      vertex 12.24 0 0
      vertex 12.24 4.73305 20
    endloop
  endfacet
  facet normal -1 0 0
    outer loop
      vertex 12.24 0 0
      vertex 12.24 5.52063 6.66666
      vertex 12.24 3.76295 3.33333
    endloop
  endfacet
  facet normal -1 -0 0
    outer loop
      vertex 12.24 4.73305 20
      vertex 12.24 0 0
      vertex 12.24 4.30243 23.3333
    endloop
  endfacet
  facet normal -1 0 0
    outer loop
      vertex 12.24 0 80
      vertex 12.24 4.30243 23.3333
      vertex 12.24 0 0
    endloop
  endfacet
  facet normal -1 0 0
    outer loop
      vertex 12.24 0 0
      vertex 12.24 3.76295 3.33333
      vertex 12.24 3.30119 0
    endloop
  endfacet
  facet normal -1 0 0
    outer loop
      vertex 12.24 5.86711 56.6667
      vertex 12.24 7.38937 46.6667
      vertex 12.24 7.36357 43.3333
    endloop
  endfacet
  facet normal -1 0 0
    outer loop
      vertex 12.24 4.84213 60
      vertex 12.24 7.36357 43.3333
      vertex 12.24 7.19655 40
    endloop
  endfacet
  facet normal -1 0 0
    outer loop
      vertex 12.24 4.84213 60
      vertex 12.24 7.19655 40
      vertex 12.24 6.88521 36.6667
    endloop
  endfacet
  facet normal -1 0 0
    outer loop
      vertex 12.24 7.38937 46.6667
      vertex 12.24 5.86711 56.6667
      vertex 12.24 7.19846 50
    endloop
  endfacet
  facet normal -1 0 0
    outer loop
      vertex 12.24 4.84213 60
      vertex 12.24 6.88521 36.6667
      vertex 12.24 6.35551 33.3333
    endloop
  endfacet
  facet normal -1 0 0
    outer loop
      vertex 12.24 7.19846 50
      vertex 12.24 5.86711 56.6667
      vertex 12.24 6.69757 53.3333
    endloop
  endfacet
  facet normal -1 0 0
    outer loop
      vertex 12.24 4.84213 60
      vertex 12.24 6.35551 33.3333
      vertex 12.24 5.57582 30
    endloop
  endfacet
  facet normal -1 0 0
    outer loop
      vertex 12.24 7.36357 43.3333
      vertex 12.24 4.84213 60
      vertex 12.24 5.86711 56.6667
    endloop
  endfacet
  facet normal -1 0 0
    outer loop
      vertex 12.24 4.73596 26.6667
      vertex 12.24 4.84213 60
      vertex 12.24 5.57582 30
    endloop
  endfacet
  facet normal -1 0 0
    outer loop
      vertex 12.24 3.92451 63.3333
      vertex 12.24 4.73596 26.6667
      vertex 12.24 4.30243 23.3333
    endloop
  endfacet
  facet normal -1 0 0
    outer loop
      vertex 12.24 4.73596 26.6667
      vertex 12.24 3.92451 63.3333
      vertex 12.24 4.84213 60
    endloop
  endfacet
  facet normal -1 0 0
    outer loop
      vertex 12.24 0 80
      vertex 12.24 5.77524 76.6667
      vertex 12.24 4.64899 73.3333
    endloop
  endfacet
  facet normal -1 0 0
    outer loop
      vertex 12.24 4.30243 23.3333
      vertex 12.24 0 80
      vertex 12.24 3.92451 63.3333
    endloop
  endfacet
  facet normal -1 0 0
    outer loop
      vertex 12.24 5.77524 76.6667
      vertex 12.24 0 80
      vertex 12.24 6.53394 80
    endloop
  endfacet
  facet normal -1 0 0
    outer loop
      vertex 12.24 3.74562 70
      vertex 12.24 0 80
      vertex 12.24 4.64899 73.3333
    endloop
  endfacet
  facet normal -1 0 0
    outer loop
      vertex 12.24 3.48024 66.6667
      vertex 12.24 0 80
      vertex 12.24 3.74562 70
    endloop
  endfacet
  facet normal -1 0 0
    outer loop
      vertex 12.24 3.92451 63.3333
      vertex 12.24 0 80
      vertex 12.24 3.48024 66.6667
    endloop
  endfacet
  facet normal 1 0 0
    outer loop
      vertex 15.76 3.2 46.6047
      vertex 15.76 7.38937 46.6667
      vertex 15.76 7.19846 50
    endloop
  endfacet
  facet normal 1 0 0
    outer loop
      vertex 15.76 7.38937 46.6667
      vertex 15.76 3.2 46.6047
      vertex 15.76 7.36357 43.3333
    endloop
  endfacet
  facet normal 1 0 0
    outer loop
      vertex 15.76 7.36357 43.3333
      vertex 15.76 3.2 46.6047
      vertex 15.76 7.19655 40
    endloop
  endfacet
  facet normal 1 0 0
    outer loop
      vertex 15.76 3.2 46.6047
      vertex 15.76 7.19846 50
      vertex 15.76 6.69757 53.3333
    endloop
  endfacet
  facet normal 1 -0 0
    outer loop
      vertex 15.76 0 46.6047
      vertex 15.76 7.19655 40
      vertex 15.76 3.2 46.6047
    endloop
  endfacet
  facet normal 1 0 0
    outer loop
      vertex 15.76 3.2 46.6047
      vertex 15.76 6.69757 53.3333
      vertex 15.76 5.86711 56.6667
    endloop
  endfacet
  facet normal 1 0 0
    outer loop
      vertex 15.76 7.19655 40
      vertex 15.76 0 46.6047
      vertex 15.76 6.88521 36.6667
    endloop
  endfacet
  facet normal 1 0 0
    outer loop
      vertex 15.76 3.2 46.6047
      vertex 15.76 5.86711 56.6667
      vertex 15.76 4.84213 60
    endloop
  endfacet
  facet normal 1 0 0
    outer loop
      vertex 15.76 6.88521 36.6667
      vertex 15.76 0 46.6047
      vertex 15.76 6.35551 33.3333
    endloop
  endfacet
  facet normal 1 0 0
    outer loop
      vertex 15.76 6.35551 33.3333
      vertex 15.76 0 46.6047
      vertex 15.76 5.57582 30
    endloop
  endfacet
  facet normal 1 0 0
    outer loop
      vertex 15.76 3.2 46.6047
      vertex 15.76 4.84213 60
      vertex 15.76 3.92451 63.3333
    endloop
  endfacet
  facet normal 1 0 0
    outer loop
      vertex 15.76 5.52063 6.66666
      vertex 15.76 7.06038 13.3333
      vertex 15.76 5.94254 16.6667
    endloop
  endfacet
  facet normal 1 0 0
    outer loop
      vertex 15.76 7.06038 13.3333
      vertex 15.76 5.52063 6.66666
      vertex 15.76 6.99541 10
    endloop
  endfacet
  facet normal 1 0 0
    outer loop
      vertex 15.76 0 0
      vertex 15.76 5.94254 16.6667
      vertex 15.76 4.73305 20
    endloop
  endfacet
  facet normal 1 0 0
    outer loop
      vertex 15.76 0 0
      vertex 15.76 4.73305 20
      vertex 15.76 4.30243 23.3333
    endloop
  endfacet
  facet normal 1 0 0
    outer loop
      vertex 15.76 5.94254 16.6667
      vertex 15.76 0 0
      vertex 15.76 5.52063 6.66666
    endloop
  endfacet
  facet normal 1 0 0
    outer loop
      vertex 15.76 5.57582 30
      vertex 15.76 0 46.6047
      vertex 15.76 4.73596 26.6667
    endloop
  endfacet
  facet normal 1 0 0
    outer loop
      vertex 15.76 3.2 46.6047
      vertex 15.76 3.92451 63.3333
      vertex 15.76 3.48024 66.6667
    endloop
  endfacet
  facet normal 1 0 0
    outer loop
      vertex 15.76 4.73596 26.6667
      vertex 15.76 0 46.6047
      vertex 15.76 4.30243 23.3333
    endloop
  endfacet
  facet normal 1 -0 0
    outer loop
      vertex 15.76 0 80
      vertex 15.76 5.77524 76.6667
      vertex 15.76 6.53394 80
    endloop
  endfacet
  facet normal 1 0 0
    outer loop
      vertex 15.76 3.2 46.6047
      vertex 15.76 3.48024 66.6667
      vertex 15.76 3.2 68.3953
    endloop
  endfacet
  facet normal 1 0 0
    outer loop
      vertex 15.76 3.74562 70
      vertex 15.76 3.2 68.3953
      vertex 15.76 3.48024 66.6667
    endloop
  endfacet
  facet normal 1 0 0
    outer loop
      vertex 15.76 0 68.3953
      vertex 15.76 3.74562 70
      vertex 15.76 4.64899 73.3333
    endloop
  endfacet
  facet normal 1 0 0
    outer loop
      vertex 15.76 5.77524 76.6667
      vertex 15.76 0 80
      vertex 15.76 4.64899 73.3333
    endloop
  endfacet
  facet normal 1 0 0
    outer loop
      vertex 15.76 0 68.3953
      vertex 15.76 4.64899 73.3333
      vertex 15.76 0 80
    endloop
  endfacet
  facet normal 1 0 0
    outer loop
      vertex 15.76 3.74562 70
      vertex 15.76 0 68.3953
      vertex 15.76 3.2 68.3953
    endloop
  endfacet
  facet normal 1 0 0
    outer loop
      vertex 15.76 0 0
      vertex 15.76 4.30243 23.3333
      vertex 15.76 0 46.6047
    endloop
  endfacet
  facet normal 1 0 0
    outer loop
      vertex 15.76 5.52063 6.66666
      vertex 15.76 0 0
      vertex 15.76 3.76295 3.33333
    endloop
  endfacet
  facet normal 1 0 0
    outer loop
      vertex 15.76 3.76295 3.33333
      vertex 15.76 0 0
      vertex 15.76 3.30119 0
    endloop
  endfacet
  facet normal 0 0.884557 -0.466431
    outer loop
      vertex 15.76 3.76295 3.33333
      vertex 12.24 5.52063 6.66666
      vertex 15.76 5.52063 6.66666
    endloop
  endfacet
  facet normal 0 0.884557 -0.466431
    outer loop
      vertex 12.24 5.52063 6.66666
      vertex 15.76 3.76295 3.33333
      vertex 12.24 3.76295 3.33333
    endloop
  endfacet
  facet normal 0 0.914493 -0.404602
    outer loop
      vertex 15.76 5.52063 6.66666
      vertex 12.24 6.99541 10
      vertex 15.76 6.99541 10
    endloop
  endfacet
  facet normal 0 0.914493 -0.404602
    outer loop
      vertex 12.24 6.99541 10
      vertex 15.76 5.52063 6.66666
      vertex 12.24 5.52063 6.66666
    endloop
  endfacet
  facet normal 0 0.99981 -0.0194875
    outer loop
      vertex 15.76 6.99541 10
      vertex 12.24 7.06038 13.3333
      vertex 15.76 7.06038 13.3333
    endloop
  endfacet
  facet normal 0 0.99981 -0.0194875
    outer loop
      vertex 12.24 7.06038 13.3333
      vertex 15.76 6.99541 10
      vertex 12.24 6.99541 10
    endloop
  endfacet
  facet normal 0 0.948109 0.317944
    outer loop
      vertex 15.76 7.06038 13.3333
      vertex 12.24 5.94254 16.6667
      vertex 15.76 5.94254 16.6667
    endloop
  endfacet
  facet normal 0 0.948109 0.317944
    outer loop
      vertex 12.24 5.94254 16.6667
      vertex 15.76 7.06038 13.3333
      vertex 12.24 7.06038 13.3333
    endloop
  endfacet
  facet normal 0 0.94003 0.341091
    outer loop
      vertex 15.76 5.94254 16.6667
      vertex 12.24 4.73305 20
      vertex 15.76 4.73305 20
    endloop
  endfacet
  facet normal 0 0.94003 0.341091
    outer loop
      vertex 12.24 4.73305 20
      vertex 15.76 5.94254 16.6667
      vertex 12.24 5.94254 16.6667
    endloop
  endfacet
  facet normal 0 0.991758 0.128123
    outer loop
      vertex 15.76 4.73305 20
      vertex 12.24 4.30243 23.3333
      vertex 15.76 4.30243 23.3333
    endloop
  endfacet
  facet normal 0 0.991758 0.128123
    outer loop
      vertex 12.24 4.30243 23.3333
      vertex 15.76 4.73305 20
      vertex 12.24 4.73305 20
    endloop
  endfacet
  facet normal 0 0.991648 -0.12897
    outer loop
      vertex 15.76 4.30243 23.3333
      vertex 12.24 4.73596 26.6667
      vertex 15.76 4.73596 26.6667
    endloop
  endfacet
  facet normal 0 0.991648 -0.12897
    outer loop
      vertex 12.24 4.73596 26.6667
      vertex 15.76 4.30243 23.3333
      vertex 12.24 4.30243 23.3333
    endloop
  endfacet
  facet normal 0 0.969694 -0.244324
    outer loop
      vertex 15.76 4.73596 26.6667
      vertex 12.24 5.57582 30
      vertex 15.76 5.57582 30
    endloop
  endfacet
  facet normal 0 0.969694 -0.244324
    outer loop
      vertex 12.24 5.57582 30
      vertex 15.76 4.73596 26.6667
      vertex 12.24 4.73596 26.6667
    endloop
  endfacet
  facet normal 0 0.973717 -0.227761
    outer loop
      vertex 15.76 5.57582 30
      vertex 12.24 6.35551 33.3333
      vertex 15.76 6.35551 33.3333
    endloop
  endfacet
  facet normal 0 0.973717 -0.227761
    outer loop
      vertex 12.24 6.35551 33.3333
      vertex 15.76 5.57582 30
      vertex 12.24 5.57582 30
    endloop
  endfacet
  facet normal 0 0.987609 -0.156938
    outer loop
      vertex 15.76 6.35551 33.3333
      vertex 12.24 6.88521 36.6667
      vertex 15.76 6.88521 36.6667
    endloop
  endfacet
  facet normal 0 0.987609 -0.156938
    outer loop
      vertex 12.24 6.88521 36.6667
      vertex 15.76 6.35551 33.3333
      vertex 12.24 6.35551 33.3333
    endloop
  endfacet
  facet normal 0 0.995666 -0.0929982
    outer loop
      vertex 15.76 6.88521 36.6667
      vertex 12.24 7.19655 40
      vertex 15.76 7.19655 40
    endloop
  endfacet
  facet normal 0 0.995666 -0.0929982
    outer loop
      vertex 12.24 7.19655 40
      vertex 15.76 6.88521 36.6667
      vertex 12.24 6.88521 36.6667
    endloop
  endfacet
  facet normal 0 0.998747 -0.0500437
    outer loop
      vertex 15.76 7.19655 40
      vertex 12.24 7.36357 43.3333
      vertex 15.76 7.36357 43.3333
    endloop
  endfacet
  facet normal 0 0.998747 -0.0500437
    outer loop
      vertex 12.24 7.36357 43.3333
      vertex 15.76 7.19655 40
      vertex 12.24 7.19655 40
    endloop
  endfacet
  facet normal 0 0.99997 -0.00773961
    outer loop
      vertex 15.76 7.36357 43.3333
      vertex 12.24 7.38937 46.6667
      vertex 15.76 7.38937 46.6667
    endloop
  endfacet
  facet normal 0 0.99997 -0.00773961
    outer loop
      vertex 12.24 7.38937 46.6667
      vertex 15.76 7.36357 43.3333
      vertex 12.24 7.36357 43.3333
    endloop
  endfacet
  facet normal 0 0.998364 0.0571799
    outer loop
      vertex 15.76 7.38937 46.6667
      vertex 12.24 7.19846 50
      vertex 15.76 7.19846 50
    endloop
  endfacet
  facet normal 0 0.998364 0.0571799
    outer loop
      vertex 12.24 7.19846 50
      vertex 15.76 7.38937 46.6667
      vertex 12.24 7.38937 46.6667
    endloop
  endfacet
  facet normal 0 0.988897 0.1486
    outer loop
      vertex 15.76 7.19846 50
      vertex 12.24 6.69757 53.3333
      vertex 15.76 6.69757 53.3333
    endloop
  endfacet
  facet normal 0 0.988897 0.1486
    outer loop
      vertex 12.24 6.69757 53.3333
      vertex 15.76 7.19846 50
      vertex 12.24 7.19846 50
    endloop
  endfacet
  facet normal 0 0.97034 0.241744
    outer loop
      vertex 15.76 6.69757 53.3333
      vertex 12.24 5.86711 56.6667
      vertex 15.76 5.86711 56.6667
    endloop
  endfacet
  facet normal 0 0.97034 0.241744
    outer loop
      vertex 12.24 5.86711 56.6667
      vertex 15.76 6.69757 53.3333
      vertex 12.24 6.69757 53.3333
    endloop
  endfacet
  facet normal 0 0.955831 0.293915
    outer loop
      vertex 15.76 5.86711 56.6667
      vertex 12.24 4.84213 60
      vertex 15.76 4.84213 60
    endloop
  endfacet
  facet normal 0 0.955831 0.293915
    outer loop
      vertex 12.24 4.84213 60
      vertex 15.76 5.86711 56.6667
      vertex 12.24 5.86711 56.6667
    endloop
  endfacet
  facet normal 0 0.964134 0.265415
    outer loop
      vertex 15.76 4.84213 60
      vertex 12.24 3.92451 63.3333
      vertex 15.76 3.92451 63.3333
    endloop
  endfacet
  facet normal 0 0.964134 0.265415
    outer loop
      vertex 12.24 3.92451 63.3333
      vertex 15.76 4.84213 60
      vertex 12.24 4.84213 60
    endloop
  endfacet
  facet normal 0 0.991235 0.13211
    outer loop
      vertex 15.76 3.92451 63.3333
      vertex 12.24 3.48024 66.6667
      vertex 15.76 3.48024 66.6667
    endloop
  endfacet
  facet normal 0 0.991235 0.13211
    outer loop
      vertex 12.24 3.48024 66.6667
      vertex 15.76 3.92451 63.3333
      vertex 12.24 3.92451 63.3333
    endloop
  endfacet
  facet normal 0 0.996846 -0.0793637
    outer loop
      vertex 15.76 3.48024 66.6667
      vertex 12.24 3.74562 70
      vertex 15.76 3.74562 70
    endloop
  endfacet
  facet normal 0 0.996846 -0.0793637
    outer loop
      vertex 12.24 3.74562 70
      vertex 15.76 3.48024 66.6667
      vertex 12.24 3.48024 66.6667
    endloop
  endfacet
  facet normal 0 0.965182 -0.261578
    outer loop
      vertex 15.76 3.74562 70
      vertex 12.24 4.64899 73.3333
      vertex 15.76 4.64899 73.3333
    endloop
  endfacet
  facet normal 0 0.965182 -0.261578
    outer loop
      vertex 12.24 4.64899 73.3333
      vertex 15.76 3.74562 70
      vertex 12.24 3.74562 70
    endloop
  endfacet
  facet normal 0 0.947387 -0.320092
    outer loop
      vertex 15.76 4.64899 73.3333
      vertex 12.24 5.77524 76.6667
      vertex 15.76 5.77524 76.6667
    endloop
  endfacet
  facet normal 0 0.947387 -0.320092
    outer loop
      vertex 12.24 5.77524 76.6667
      vertex 15.76 4.64899 73.3333
      vertex 12.24 4.64899 73.3333
    endloop
  endfacet
  facet normal 0 0.975061 -0.221936
    outer loop
      vertex 15.76 5.77524 76.6667
      vertex 12.24 6.53394 80
      vertex 15.76 6.53394 80
    endloop
  endfacet
  facet normal 0 0.975061 -0.221936
    outer loop
      vertex 12.24 6.53394 80
      vertex 15.76 5.77524 76.6667
      vertex 12.24 5.77524 76.6667
    endloop
  endfacet
  facet normal 0 0.990541 -0.137218
    outer loop
      vertex 15.76 3.30119 0
      vertex 12.24 3.76295 3.33333
      vertex 15.76 3.76295 3.33333
    endloop
  endfacet
  facet normal 0 0.990541 -0.137218
    outer loop
      vertex 12.24 3.76295 3.33333
      vertex 15.76 3.30119 0
      vertex 12.24 3.30119 0
    endloop
  endfacet
  facet normal -1 0 0
    outer loop
      vertex 16.24 6.52692 6.66666
      vertex 16.24 5.89441 13.3333
      vertex 16.24 6.9872 10
    endloop
  endfacet
  facet normal -1 0 0
    outer loop
      vertex 16.24 4.71825 3.33333
      vertex 16.24 5.89441 13.3333
      vertex 16.24 6.52692 6.66666
    endloop
  endfacet
  facet normal -1 0 0
    outer loop
      vertex 16.24 0 0
      vertex 16.24 5.89441 13.3333
      vertex 16.24 4.71825 3.33333
    endloop
  endfacet
  facet normal -1 -0 0
    outer loop
      vertex 16.24 5.89441 13.3333
      vertex 16.24 0 0
      vertex 16.24 4.51115 16.6667
    endloop
  endfacet
  facet normal -1 -0 0
    outer loop
      vertex 16.24 4.84686 63.3333
      vertex 16.24 3.2 46.2896
      vertex 16.24 3.8692 66.6667
    endloop
  endfacet
  facet normal -1 -0 0
    outer loop
      vertex 16.24 4.51115 16.6667
      vertex 16.24 0 0
      vertex 16.24 4.12991 20
    endloop
  endfacet
  facet normal -1 0 0
    outer loop
      vertex 16.24 0 0
      vertex 16.24 4.71825 3.33333
      vertex 16.24 3.26334 0
    endloop
  endfacet
  facet normal -1 0 0
    outer loop
      vertex 16.24 3.2 46.2896
      vertex 16.24 7.35204 33.3333
      vertex 16.24 6.18135 26.6667
    endloop
  endfacet
  facet normal -1 0 0
    outer loop
      vertex 16.24 6.18135 26.6667
      vertex 16.24 7.35204 33.3333
      vertex 16.24 7.06323 30
    endloop
  endfacet
  facet normal -1 0 0
    outer loop
      vertex 16.24 3.2 46.2896
      vertex 16.24 7.57057 50
      vertex 16.24 7.41513 46.6667
    endloop
  endfacet
  facet normal -1 0 0
    outer loop
      vertex 16.24 3.2 46.2896
      vertex 16.24 7.41513 46.6667
      vertex 16.24 7.24445 43.3333
    endloop
  endfacet
  facet normal -1 0 0
    outer loop
      vertex 16.24 3.2 46.2896
      vertex 16.24 7.50121 53.3333
      vertex 16.24 7.57057 50
    endloop
  endfacet
  facet normal -1 0 0
    outer loop
      vertex 16.24 3.2 46.2896
      vertex 16.24 7.24445 43.3333
      vertex 16.24 7.19705 40
    endloop
  endfacet
  facet normal -1 0 0
    outer loop
      vertex 16.24 3.2 46.2896
      vertex 16.24 6.18135 26.6667
      vertex 16.24 4.93903 23.3333
    endloop
  endfacet
  facet normal -1 0 0
    outer loop
      vertex 16.24 7.35204 33.3333
      vertex 16.24 3.2 46.2896
      vertex 16.24 7.28821 36.6667
    endloop
  endfacet
  facet normal -1 0 0
    outer loop
      vertex 16.24 7.28821 36.6667
      vertex 16.24 3.2 46.2896
      vertex 16.24 7.19705 40
    endloop
  endfacet
  facet normal -1 0 0
    outer loop
      vertex 16.24 3.2 46.2896
      vertex 16.24 7.00868 56.6667
      vertex 16.24 7.50121 53.3333
    endloop
  endfacet
  facet normal -1 -0 0
    outer loop
      vertex 16.24 7.00868 56.6667
      vertex 16.24 3.2 46.2896
      vertex 16.24 6.04787 60
    endloop
  endfacet
  facet normal -1 0 0
    outer loop
      vertex 16.24 3.2 46.2896
      vertex 16.24 4.93903 23.3333
      vertex 16.24 4.12991 20
    endloop
  endfacet
  facet normal -1 -0 0
    outer loop
      vertex 16.24 6.04787 60
      vertex 16.24 3.2 46.2896
      vertex 16.24 4.84686 63.3333
    endloop
  endfacet
  facet normal -1 0 0
    outer loop
      vertex 16.24 0 80
      vertex 16.24 5.33134 76.6667
      vertex 16.24 4.16165 73.3333
    endloop
  endfacet
  facet normal -1 0 0
    outer loop
      vertex 16.24 3.2 68.7104
      vertex 16.24 3.8692 66.6667
      vertex 16.24 3.2 46.2896
    endloop
  endfacet
  facet normal -1 0 0
    outer loop
      vertex 16.24 3.8692 66.6667
      vertex 16.24 3.2 68.7104
      vertex 16.24 3.58234 70
    endloop
  endfacet
  facet normal -1 0 0
    outer loop
      vertex 16.24 0 68.7104
      vertex 16.24 3.58234 70
      vertex 16.24 3.2 68.7104
    endloop
  endfacet
  facet normal -1 -0 0
    outer loop
      vertex 16.24 3.58234 70
      vertex 16.24 0 68.7104
      vertex 16.24 4.16165 73.3333
    endloop
  endfacet
  facet normal -1 0 0
    outer loop
      vertex 16.24 0 80
      vertex 16.24 4.16165 73.3333
      vertex 16.24 0 68.7104
    endloop
  endfacet
  facet normal -1 0 0
    outer loop
      vertex 16.24 5.33134 76.6667
      vertex 16.24 0 80
      vertex 16.24 6.46553 80
    endloop
  endfacet
  facet normal -1 0 0
    outer loop
      vertex 16.24 0 46.2896
      vertex 16.24 4.12991 20
      vertex 16.24 0 0
    endloop
  endfacet
  facet normal -1 0 0
    outer loop
      vertex 16.24 4.12991 20
      vertex 16.24 0 46.2896
      vertex 16.24 3.2 46.2896
    endloop
  endfacet
  facet normal 1 0 0
    outer loop
      vertex 19.76 3.2 45.321
      vertex 19.76 7.57057 50
      vertex 19.76 7.50121 53.3333
    endloop
  endfacet
  facet normal 1 0 0
    outer loop
      vertex 19.76 7.57057 50
      vertex 19.76 3.2 45.321
      vertex 19.76 7.41513 46.6667
    endloop
  endfacet
  facet normal 1 0 0
    outer loop
      vertex 19.76 3.2 45.321
      vertex 19.76 7.50121 53.3333
      vertex 19.76 7.00868 56.6667
    endloop
  endfacet
  facet normal 1 0 0
    outer loop
      vertex 19.76 7.41513 46.6667
      vertex 19.76 3.2 45.321
      vertex 19.76 7.24445 43.3333
    endloop
  endfacet
  facet normal 1 0 0
    outer loop
      vertex 19.76 7.24445 43.3333
      vertex 19.76 3.2 45.321
      vertex 19.76 7.19705 40
    endloop
  endfacet
  facet normal 1 -0 0
    outer loop
      vertex 19.76 0 45.321
      vertex 19.76 7.19705 40
      vertex 19.76 3.2 45.321
    endloop
  endfacet
  facet normal 1 0 0
    outer loop
      vertex 19.76 3.2 45.321
      vertex 19.76 7.00868 56.6667
      vertex 19.76 6.04787 60
    endloop
  endfacet
  facet normal 1 0 0
    outer loop
      vertex 19.76 7.19705 40
      vertex 19.76 0 45.321
      vertex 19.76 7.06323 30
    endloop
  endfacet
  facet normal 1 0 0
    outer loop
      vertex 19.76 3.2 45.321
      vertex 19.76 6.04787 60
      vertex 19.76 4.84686 63.3333
    endloop
  endfacet
  facet normal 1 0 0
    outer loop
      vertex 19.76 7.06323 30
      vertex 19.76 0 45.321
      vertex 19.76 6.18135 26.6667
    endloop
  endfacet
  facet normal 1 0 0
    outer loop
      vertex 19.76 3.2 45.321
      vertex 19.76 4.84686 63.3333
      vertex 19.76 3.8692 66.6667
    endloop
  endfacet
  facet normal 1 0 0
    outer loop
      vertex 19.76 7.06323 30
      vertex 19.76 7.28821 36.6667
      vertex 19.76 7.19705 40
    endloop
  endfacet
  facet normal 1 0 0
    outer loop
      vertex 19.76 7.28821 36.6667
      vertex 19.76 7.06323 30
      vertex 19.76 7.35204 33.3333
    endloop
  endfacet
  facet normal 1 0 0
    outer loop
      vertex 19.76 5.89441 13.3333
      vertex 19.76 6.52692 6.66666
      vertex 19.76 6.9872 10
    endloop
  endfacet
  facet normal 1 0 0
    outer loop
      vertex 19.76 5.89441 13.3333
      vertex 19.76 4.71825 3.33333
      vertex 19.76 6.52692 6.66666
    endloop
  endfacet
  facet normal 1 0 0
    outer loop
      vertex 19.76 0 0
      vertex 19.76 5.89441 13.3333
      vertex 19.76 4.51115 16.6667
    endloop
  endfacet
  facet normal 1 0 0
    outer loop
      vertex 19.76 0 0
      vertex 19.76 4.51115 16.6667
      vertex 19.76 4.12991 20
    endloop
  endfacet
  facet normal 1 -0 0
    outer loop
      vertex 19.76 3.2 69.679
      vertex 19.76 3.8692 66.6667
      vertex 19.76 3.58234 70
    endloop
  endfacet
  facet normal 1 0 0
    outer loop
      vertex 19.76 5.89441 13.3333
      vertex 19.76 0 0
      vertex 19.76 4.71825 3.33333
    endloop
  endfacet
  facet normal 1 0 0
    outer loop
      vertex 19.76 6.18135 26.6667
      vertex 19.76 0 45.321
      vertex 19.76 4.93903 23.3333
    endloop
  endfacet
  facet normal 1 -0 0
    outer loop
      vertex 19.76 0 80
      vertex 19.76 5.33134 76.6667
      vertex 19.76 6.46553 80
    endloop
  endfacet
  facet normal 1 0 0
    outer loop
      vertex 19.76 3.8692 66.6667
      vertex 19.76 3.2 69.679
      vertex 19.76 3.2 45.321
    endloop
  endfacet
  facet normal 1 0 0
    outer loop
      vertex 19.76 0 69.679
      vertex 19.76 3.58234 70
      vertex 19.76 4.16165 73.3333
    endloop
  endfacet
  facet normal 1 0 0
    outer loop
      vertex 19.76 5.33134 76.6667
      vertex 19.76 0 80
      vertex 19.76 4.16165 73.3333
    endloop
  endfacet
  facet normal 1 0 0
    outer loop
      vertex 19.76 0 69.679
      vertex 19.76 4.16165 73.3333
      vertex 19.76 0 80
    endloop
  endfacet
  facet normal 1 0 0
    outer loop
      vertex 19.76 3.58234 70
      vertex 19.76 0 69.679
      vertex 19.76 3.2 69.679
    endloop
  endfacet
  facet normal 1 0 0
    outer loop
      vertex 19.76 4.93903 23.3333
      vertex 19.76 0 45.321
      vertex 19.76 4.12991 20
    endloop
  endfacet
  facet normal 1 0 0
    outer loop
      vertex 19.76 0 0
      vertex 19.76 4.12991 20
      vertex 19.76 0 45.321
    endloop
  endfacet
  facet normal 1 0 0
    outer loop
      vertex 19.76 4.71825 3.33333
      vertex 19.76 0 0
      vertex 19.76 3.26334 0
    endloop
  endfacet
  facet normal 0 0.878948 -0.476918
    outer loop
      vertex 19.76 4.71825 3.33333
      vertex 16.24 6.52692 6.66666
      vertex 19.76 6.52692 6.66666
    endloop
  endfacet
  facet normal 0 0.878948 -0.476918
    outer loop
      vertex 16.24 6.52692 6.66666
      vertex 19.76 4.71825 3.33333
      vertex 16.24 4.71825 3.33333
    endloop
  endfacet
  facet normal 0 0.990601 -0.136786
    outer loop
      vertex 19.76 6.52692 6.66666
      vertex 16.24 6.9872 10
      vertex 19.76 6.9872 10
    endloop
  endfacet
  facet normal 0 0.990601 -0.136786
    outer loop
      vertex 16.24 6.9872 10
      vertex 19.76 6.52692 6.66666
      vertex 16.24 6.52692 6.66666
    endloop
  endfacet
  facet normal 0 0.950238 0.311526
    outer loop
      vertex 19.76 6.9872 10
      vertex 16.24 5.89441 13.3333
      vertex 19.76 5.89441 13.3333
    endloop
  endfacet
  facet normal 0 0.950238 0.311526
    outer loop
      vertex 16.24 5.89441 13.3333
      vertex 19.76 6.9872 10
      vertex 16.24 6.9872 10
    endloop
  endfacet
  facet normal 0 0.923632 0.383279
    outer loop
      vertex 19.76 5.89441 13.3333
      vertex 16.24 4.51115 16.6667
      vertex 19.76 4.51115 16.6667
    endloop
  endfacet
  facet normal 0 0.923632 0.383279
    outer loop
      vertex 16.24 4.51115 16.6667
      vertex 19.76 5.89441 13.3333
      vertex 16.24 5.89441 13.3333
    endloop
  endfacet
  facet normal 0 0.993523 0.113632
    outer loop
      vertex 19.76 4.51115 16.6667
      vertex 16.24 4.12991 20
      vertex 19.76 4.12991 20
    endloop
  endfacet
  facet normal 0 0.993523 0.113632
    outer loop
      vertex 16.24 4.12991 20
      vertex 19.76 4.51115 16.6667
      vertex 16.24 4.51115 16.6667
    endloop
  endfacet
  facet normal 0 0.97178 -0.235888
    outer loop
      vertex 19.76 4.12991 20
      vertex 16.24 4.93903 23.3333
      vertex 19.76 4.93903 23.3333
    endloop
  endfacet
  facet normal 0 0.97178 -0.235888
    outer loop
      vertex 16.24 4.93903 23.3333
      vertex 19.76 4.12991 20
      vertex 16.24 4.12991 20
    endloop
  endfacet
  facet normal 0 0.937039 -0.349224
    outer loop
      vertex 19.76 4.93903 23.3333
      vertex 16.24 6.18135 26.6667
      vertex 19.76 6.18135 26.6667
    endloop
  endfacet
  facet normal 0 0.937039 -0.349224
    outer loop
      vertex 16.24 6.18135 26.6667
      vertex 19.76 4.93903 23.3333
      vertex 16.24 4.93903 23.3333
    endloop
  endfacet
  facet normal 0 0.966739 -0.255767
    outer loop
      vertex 19.76 6.18135 26.6667
      vertex 16.24 7.06323 30
      vertex 19.76 7.06323 30
    endloop
  endfacet
  facet normal 0 0.966739 -0.255767
    outer loop
      vertex 16.24 7.06323 30
      vertex 19.76 6.18135 26.6667
      vertex 16.24 6.18135 26.6667
    endloop
  endfacet
  facet normal 0 0.996267 -0.0863205
    outer loop
      vertex 19.76 7.06323 30
      vertex 16.24 7.35204 33.3333
      vertex 19.76 7.35204 33.3333
    endloop
  endfacet
  facet normal 0 0.996267 -0.0863205
    outer loop
      vertex 16.24 7.35204 33.3333
      vertex 19.76 7.06323 30
      vertex 16.24 7.06323 30
    endloop
  endfacet
  facet normal 0 0.999817 0.0191451
    outer loop
      vertex 19.76 7.35204 33.3333
      vertex 16.24 7.28821 36.6667
      vertex 19.76 7.28821 36.6667
    endloop
  endfacet
  facet normal 0 0.999817 0.0191451
    outer loop
      vertex 16.24 7.28821 36.6667
      vertex 19.76 7.35204 33.3333
      vertex 16.24 7.35204 33.3333
    endloop
  endfacet
  facet normal 0 0.999626 0.0273381
    outer loop
      vertex 19.76 7.28821 36.6667
      vertex 16.24 7.19705 40
      vertex 19.76 7.19705 40
    endloop
  endfacet
  facet normal 0 0.999626 0.0273381
    outer loop
      vertex 16.24 7.19705 40
      vertex 19.76 7.28821 36.6667
      vertex 16.24 7.28821 36.6667
    endloop
  endfacet
  facet normal 0 0.999899 -0.0142187
    outer loop
      vertex 19.76 7.19705 40
      vertex 16.24 7.24445 43.3333
      vertex 19.76 7.24445 43.3333
    endloop
  endfacet
  facet normal 0 0.999899 -0.0142187
    outer loop
      vertex 16.24 7.24445 43.3333
      vertex 19.76 7.19705 40
      vertex 16.24 7.19705 40
    endloop
  endfacet
  facet normal 0 0.998692 -0.051136
    outer loop
      vertex 19.76 7.24445 43.3333
      vertex 16.24 7.41513 46.6667
      vertex 19.76 7.41513 46.6667
    endloop
  endfacet
  facet normal 0 0.998692 -0.051136
    outer loop
      vertex 16.24 7.41513 46.6667
      vertex 19.76 7.24445 43.3333
      vertex 16.24 7.24445 43.3333
    endloop
  endfacet
  facet normal 0 0.998914 -0.0465818
    outer loop
      vertex 19.76 7.41513 46.6667
      vertex 16.24 7.57057 50
      vertex 19.76 7.57057 50
    endloop
  endfacet
  facet normal 0 0.998914 -0.0465818
    outer loop
      vertex 16.24 7.57057 50
      vertex 19.76 7.41513 46.6667
      vertex 16.24 7.41513 46.6667
    endloop
  endfacet
  facet normal 0 0.999784 0.0208037
    outer loop
      vertex 19.76 7.57057 50
      vertex 16.24 7.50121 53.3333
      vertex 19.76 7.50121 53.3333
    endloop
  endfacet
  facet normal 0 0.999784 0.0208037
    outer loop
      vertex 16.24 7.50121 53.3333
      vertex 19.76 7.57057 50
      vertex 16.24 7.57057 50
    endloop
  endfacet
  facet normal 0 0.98926 0.146169
    outer loop
      vertex 19.76 7.50121 53.3333
      vertex 16.24 7.00868 56.6667
      vertex 19.76 7.00868 56.6667
    endloop
  endfacet
  facet normal 0 0.98926 0.146169
    outer loop
      vertex 16.24 7.00868 56.6667
      vertex 19.76 7.50121 53.3333
      vertex 16.24 7.50121 53.3333
    endloop
  endfacet
  facet normal 0 0.960879 0.276969
    outer loop
      vertex 19.76 7.00868 56.6667
      vertex 16.24 6.04787 60
      vertex 19.76 6.04787 60
    endloop
  endfacet
  facet normal 0 0.960879 0.276969
    outer loop
      vertex 16.24 6.04787 60
      vertex 19.76 7.00868 56.6667
      vertex 16.24 7.00868 56.6667
    endloop
  endfacet
  facet normal 0 0.940795 0.338975
    outer loop
      vertex 19.76 6.04787 60
      vertex 16.24 4.84686 63.3333
      vertex 19.76 4.84686 63.3333
    endloop
  endfacet
  facet normal 0 0.940795 0.338975
    outer loop
      vertex 16.24 4.84686 63.3333
      vertex 19.76 6.04787 60
      vertex 16.24 6.04787 60
    endloop
  endfacet
  facet normal 0 0.95958 0.281437
    outer loop
      vertex 19.76 4.84686 63.3333
      vertex 16.24 3.8692 66.6667
      vertex 19.76 3.8692 66.6667
    endloop
  endfacet
  facet normal 0 0.95958 0.281437
    outer loop
      vertex 16.24 3.8692 66.6667
      vertex 19.76 4.84686 63.3333
      vertex 16.24 4.84686 63.3333
    endloop
  endfacet
  facet normal 0 0.996317 0.0857419
    outer loop
      vertex 19.76 3.8692 66.6667
      vertex 16.24 3.58234 70
      vertex 19.76 3.58234 70
    endloop
  endfacet
  facet normal 0 0.996317 0.0857419
    outer loop
      vertex 16.24 3.58234 70
      vertex 19.76 3.8692 66.6667
      vertex 16.24 3.8692 66.6667
    endloop
  endfacet
  facet normal 0 0.985231 -0.171228
    outer loop
      vertex 19.76 3.58234 70
      vertex 16.24 4.16165 73.3333
      vertex 19.76 4.16165 73.3333
    endloop
  endfacet
  facet normal 0 0.985231 -0.171228
    outer loop
      vertex 16.24 4.16165 73.3333
      vertex 19.76 3.58234 70
      vertex 16.24 3.58234 70
    endloop
  endfacet
  facet normal 0 0.943593 -0.331107
    outer loop
      vertex 19.76 4.16165 73.3333
      vertex 16.24 5.33134 76.6667
      vertex 19.76 5.33134 76.6667
    endloop
  endfacet
  facet normal 0 0.943593 -0.331107
    outer loop
      vertex 16.24 5.33134 76.6667
      vertex 19.76 4.16165 73.3333
      vertex 16.24 4.16165 73.3333
    endloop
  endfacet
  facet normal 0 0.946698 -0.322124
    outer loop
      vertex 19.76 5.33134 76.6667
      vertex 16.24 6.46553 80
      vertex 19.76 6.46553 80
    endloop
  endfacet
  facet normal 0 0.946698 -0.322124
    outer loop
      vertex 16.24 6.46553 80
      vertex 19.76 5.33134 76.6667
      vertex 16.24 5.33134 76.6667
    endloop
  endfacet
  facet normal 0 0.916502 -0.400029
    outer loop
      vertex 19.76 3.26334 0
      vertex 16.24 4.71825 3.33333
      vertex 19.76 4.71825 3.33333
    endloop
  endfacet
  facet normal 0 0.916502 -0.400029
    outer loop
      vertex 16.24 4.71825 3.33333
      vertex 19.76 3.26334 0
      vertex 16.24 3.26334 0
    endloop
  endfacet
  facet normal -1 0 0
    outer loop
      vertex 20.24 5.62048 3.33333
      vertex 20.24 6.17773 10
      vertex 20.24 6.83791 6.66666
    endloop
  endfacet
  facet normal -1 0 0
    outer loop
      vertex 20.24 0 0
      vertex 20.24 6.17773 10
      vertex 20.24 5.62048 3.33333
    endloop
  endfacet
  facet normal -1 -0 0
    outer loop
      vertex 20.24 6.17773 10
      vertex 20.24 0 0
      vertex 20.24 4.58186 13.3333
    endloop
  endfacet
  facet normal -1 0 0
    outer loop
      vertex 20.24 0 0
      vertex 20.24 5.62048 3.33333
      vertex 20.24 3.68082 0
    endloop
  endfacet
  facet normal -1 0 0
    outer loop
      vertex 20.24 6.23267 23.3333
      vertex 20.24 7.04459 30
      vertex 20.24 7.1692 26.6667
    endloop
  endfacet
  facet normal -1 -0 0
    outer loop
      vertex 20.24 7.04459 30
      vertex 20.24 6.23267 23.3333
      vertex 20.24 6.31627 33.3333
    endloop
  endfacet
  facet normal -1 0 0
    outer loop
      vertex 20.24 4.69736 20
      vertex 20.24 6.31627 33.3333
      vertex 20.24 6.23267 23.3333
    endloop
  endfacet
  facet normal -1 0 0
    outer loop
      vertex 20.24 0 45.321
      vertex 20.24 6.31627 33.3333
      vertex 20.24 4.69736 20
    endloop
  endfacet
  facet normal -1 0 0
    outer loop
      vertex 20.24 6.31627 33.3333
      vertex 20.24 0 45.321
      vertex 20.24 5.64294 36.6667
    endloop
  endfacet
  facet normal -1 0 0
    outer loop
      vertex 20.24 7.00864 53.3333
      vertex 20.24 6.91621 60
      vertex 20.24 7.2912 56.6667
    endloop
  endfacet
  facet normal -1 0 0
    outer loop
      vertex 20.24 3.2 45.321
      vertex 20.24 7.00864 53.3333
      vertex 20.24 6.39555 50
    endloop
  endfacet
  facet normal -1 -0 0
    outer loop
      vertex 20.24 7.00864 53.3333
      vertex 20.24 3.2 45.321
      vertex 20.24 6.91621 60
    endloop
  endfacet
  facet normal -1 0 0
    outer loop
      vertex 20.24 3.2 45.321
      vertex 20.24 6.39555 50
      vertex 20.24 5.80443 46.6667
    endloop
  endfacet
  facet normal -1 0 0
    outer loop
      vertex 20.24 3.2 45.321
      vertex 20.24 5.80443 46.6667
      vertex 20.24 5.42671 43.3333
    endloop
  endfacet
  facet normal -1 0 0
    outer loop
      vertex 20.24 3.2 45.321
      vertex 20.24 5.42671 43.3333
      vertex 20.24 5.34593 40
    endloop
  endfacet
  facet normal -1 0 0
    outer loop
      vertex 20.24 5.64294 36.6667
      vertex 20.24 0 45.321
      vertex 20.24 5.34593 40
    endloop
  endfacet
  facet normal -1 -0 0
    outer loop
      vertex 20.24 6.91621 60
      vertex 20.24 3.2 45.321
      vertex 20.24 5.89148 63.3333
    endloop
  endfacet
  facet normal -1 -0 0
    outer loop
      vertex 20.24 5.89148 63.3333
      vertex 20.24 3.2 45.321
      vertex 20.24 4.67445 66.6667
    endloop
  endfacet
  facet normal -1 0 0
    outer loop
      vertex 20.24 0 45.321
      vertex 20.24 4.69736 20
      vertex 20.24 3.85365 16.6667
    endloop
  endfacet
  facet normal -1 -0 0
    outer loop
      vertex 20.24 4.58186 13.3333
      vertex 20.24 0 0
      vertex 20.24 3.85365 16.6667
    endloop
  endfacet
  facet normal -1 0 0
    outer loop
      vertex 20.24 3.2 69.679
      vertex 20.24 4.67445 66.6667
      vertex 20.24 3.2 45.321
    endloop
  endfacet
  facet normal -1 0 0
    outer loop
      vertex 20.24 4.67445 66.6667
      vertex 20.24 3.2 69.679
      vertex 20.24 3.93051 70
    endloop
  endfacet
  facet normal -1 0 0
    outer loop
      vertex 20.24 3.2 69.679
      vertex 20.24 4.10089 73.3333
      vertex 20.24 3.93051 70
    endloop
  endfacet
  facet normal -1 0 0
    outer loop
      vertex 20.24 0 69.679
      vertex 20.24 4.10089 73.3333
      vertex 20.24 3.2 69.679
    endloop
  endfacet
  facet normal -1 0 0
    outer loop
      vertex 20.24 0 80
      vertex 20.24 4.10089 73.3333
      vertex 20.24 0 69.679
    endloop
  endfacet
  facet normal -1 0 0
    outer loop
      vertex 20.24 4.10089 73.3333
      vertex 20.24 0 80
      vertex 20.24 5.10051 76.6667
    endloop
  endfacet
  facet normal -1 0 0
    outer loop
      vertex 20.24 5.10051 76.6667
      vertex 20.24 0 80
      vertex 20.24 6.34731 80
    endloop
  endfacet
  facet normal -1 0 0
    outer loop
      vertex 20.24 0 45.321
      vertex 20.24 3.85365 16.6667
      vertex 20.24 0 0
    endloop
  endfacet
  facet normal -1 0 0
    outer loop
      vertex 20.24 5.34593 40
      vertex 20.24 0 45.321
      vertex 20.24 3.2 45.321
    endloop
  endfacet
  facet normal 1 0 0
    outer loop
      vertex 23.76 6.31627 33.3333
      vertex 23.76 0 46.2896
      vertex 23.76 4.69736 20
    endloop
  endfacet
  facet normal 1 0 0
    outer loop
      vertex 23.76 3.2 46.2896
      vertex 23.76 3.93051 70
      vertex 23.76 3.2 68.7104
    endloop
  endfacet
  facet normal 1 0 0
    outer loop
      vertex 23.76 0 68.7104
      vertex 23.76 3.93051 70
      vertex 23.76 4.10089 73.3333
    endloop
  endfacet
  facet normal 1 -0 0
    outer loop
      vertex 23.76 0 80
      vertex 23.76 5.10051 76.6667
      vertex 23.76 6.34731 80
    endloop
  endfacet
  facet normal 1 0 0
    outer loop
      vertex 23.76 0 80
      vertex 23.76 4.10089 73.3333
      vertex 23.76 5.10051 76.6667
    endloop
  endfacet
  facet normal 1 0 0
    outer loop
      vertex 23.76 0 68.7104
      vertex 23.76 4.10089 73.3333
      vertex 23.76 0 80
    endloop
  endfacet
  facet normal 1 0 0
    outer loop
      vertex 23.76 3.93051 70
      vertex 23.76 0 68.7104
      vertex 23.76 3.2 68.7104
    endloop
  endfacet
  facet normal 1 0 0
    outer loop
      vertex 23.76 3.2 46.2896
      vertex 23.76 7.2912 56.6667
      vertex 23.76 6.91621 60
    endloop
  endfacet
  facet normal 1 0 0
    outer loop
      vertex 23.76 3.2 46.2896
      vertex 23.76 6.91621 60
      vertex 23.76 5.89148 63.3333
    endloop
  endfacet
  facet normal 1 0 0
    outer loop
      vertex 23.76 7.2912 56.6667
      vertex 23.76 3.2 46.2896
      vertex 23.76 7.00864 53.3333
    endloop
  endfacet
  facet normal 1 0 0
    outer loop
      vertex 23.76 3.2 46.2896
      vertex 23.76 5.89148 63.3333
      vertex 23.76 4.67445 66.6667
    endloop
  endfacet
  facet normal 1 0 0
    outer loop
      vertex 23.76 7.00864 53.3333
      vertex 23.76 3.2 46.2896
      vertex 23.76 6.39555 50
    endloop
  endfacet
  facet normal 1 0 0
    outer loop
      vertex 23.76 6.39555 50
      vertex 23.76 3.2 46.2896
      vertex 23.76 5.80443 46.6667
    endloop
  endfacet
  facet normal 1 0 0
    outer loop
      vertex 23.76 3.2 46.2896
      vertex 23.76 4.67445 66.6667
      vertex 23.76 3.93051 70
    endloop
  endfacet
  facet normal 1 0 0
    outer loop
      vertex 23.76 5.80443 46.6667
      vertex 23.76 3.2 46.2896
      vertex 23.76 5.42671 43.3333
    endloop
  endfacet
  facet normal 1 -0 0
    outer loop
      vertex 23.76 0 46.2896
      vertex 23.76 5.42671 43.3333
      vertex 23.76 3.2 46.2896
    endloop
  endfacet
  facet normal 1 0 0
    outer loop
      vertex 23.76 5.34593 40
      vertex 23.76 0 46.2896
      vertex 23.76 5.64294 36.6667
    endloop
  endfacet
  facet normal 1 0 0
    outer loop
      vertex 23.76 6.23267 23.3333
      vertex 23.76 7.04459 30
      vertex 23.76 6.31627 33.3333
    endloop
  endfacet
  facet normal 1 0 0
    outer loop
      vertex 23.76 7.04459 30
      vertex 23.76 6.23267 23.3333
      vertex 23.76 7.1692 26.6667
    endloop
  endfacet
  facet normal 1 0 0
    outer loop
      vertex 23.76 0 46.2896
      vertex 23.76 6.31627 33.3333
      vertex 23.76 5.64294 36.6667
    endloop
  endfacet
  facet normal 1 0 0
    outer loop
      vertex 23.76 5.42671 43.3333
      vertex 23.76 0 46.2896
      vertex 23.76 5.34593 40
    endloop
  endfacet
  facet normal 1 0 0
    outer loop
      vertex 23.76 6.31627 33.3333
      vertex 23.76 4.69736 20
      vertex 23.76 6.23267 23.3333
    endloop
  endfacet
  facet normal 1 0 0
    outer loop
      vertex 23.76 6.17773 10
      vertex 23.76 5.62048 3.33333
      vertex 23.76 6.83791 6.66666
    endloop
  endfacet
  facet normal 1 0 0
    outer loop
      vertex 23.76 4.58186 13.3333
      vertex 23.76 5.62048 3.33333
      vertex 23.76 6.17773 10
    endloop
  endfacet
  facet normal 1 0 0
    outer loop
      vertex 23.76 3.68082 0
      vertex 23.76 4.58186 13.3333
      vertex 23.76 3.85365 16.6667
    endloop
  endfacet
  facet normal 1 0 0
    outer loop
      vertex 23.76 4.58186 13.3333
      vertex 23.76 3.68082 0
      vertex 23.76 5.62048 3.33333
    endloop
  endfacet
  facet normal 1 0 0
    outer loop
      vertex 23.76 4.69736 20
      vertex 23.76 0 46.2896
      vertex 23.76 3.85365 16.6667
    endloop
  endfacet
  facet normal 1 0 0
    outer loop
      vertex 23.76 3.85365 16.6667
      vertex 23.76 0 46.2896
      vertex 23.76 0 0
    endloop
  endfacet
  facet normal 1 0 0
    outer loop
      vertex 23.76 3.85365 16.6667
      vertex 23.76 0 0
      vertex 23.76 3.68082 0
    endloop
  endfacet
  facet normal 0 0.939312 -0.343064
    outer loop
      vertex 23.76 5.62048 3.33333
      vertex 20.24 6.83791 6.66666
      vertex 23.76 6.83791 6.66666
    endloop
  endfacet
  facet normal 0 0.939312 -0.343064
    outer loop
      vertex 20.24 6.83791 6.66666
      vertex 23.76 5.62048 3.33333
      vertex 20.24 5.62048 3.33333
    endloop
  endfacet
  facet normal 0 0.980946 0.19428
    outer loop
      vertex 23.76 6.83791 6.66666
      vertex 20.24 6.17773 10
      vertex 23.76 6.17773 10
    endloop
  endfacet
  facet normal 0 0.980946 0.19428
    outer loop
      vertex 20.24 6.17773 10
      vertex 23.76 6.83791 6.66666
      vertex 20.24 6.83791 6.66666
    endloop
  endfacet
  facet normal 0 0.901957 0.431826
    outer loop
      vertex 23.76 6.17773 10
      vertex 20.24 4.58186 13.3333
      vertex 23.76 4.58186 13.3333
    endloop
  endfacet
  facet normal 0 0.901957 0.431826
    outer loop
      vertex 20.24 4.58186 13.3333
      vertex 23.76 6.17773 10
      vertex 20.24 6.17773 10
    endloop
  endfacet
  facet normal 0 0.976959 0.213425
    outer loop
      vertex 23.76 4.58186 13.3333
      vertex 20.24 3.85365 16.6667
      vertex 23.76 3.85365 16.6667
    endloop
  endfacet
  facet normal 0 0.976959 0.213425
    outer loop
      vertex 20.24 3.85365 16.6667
      vertex 23.76 4.58186 13.3333
      vertex 20.24 4.58186 13.3333
    endloop
  endfacet
  facet normal 0 0.969428 -0.245377
    outer loop
      vertex 23.76 3.85365 16.6667
      vertex 20.24 4.69736 20
      vertex 23.76 4.69736 20
    endloop
  endfacet
  facet normal 0 0.969428 -0.245377
    outer loop
      vertex 20.24 4.69736 20
      vertex 23.76 3.85365 16.6667
      vertex 20.24 3.85365 16.6667
    endloop
  endfacet
  facet normal 0 0.908284 -0.418354
    outer loop
      vertex 23.76 4.69736 20
      vertex 20.24 6.23267 23.3333
      vertex 23.76 6.23267 23.3333
    endloop
  endfacet
  facet normal 0 0.908284 -0.418354
    outer loop
      vertex 20.24 6.23267 23.3333
      vertex 23.76 4.69736 20
      vertex 20.24 4.69736 20
    endloop
  endfacet
  facet normal 0 0.962725 -0.270481
    outer loop
      vertex 23.76 6.23267 23.3333
      vertex 20.24 7.1692 26.6667
      vertex 23.76 7.1692 26.6667
    endloop
  endfacet
  facet normal 0 0.962725 -0.270481
    outer loop
      vertex 20.24 7.1692 26.6667
      vertex 23.76 6.23267 23.3333
      vertex 20.24 6.23267 23.3333
    endloop
  endfacet
  facet normal 0 0.999302 0.0373573
    outer loop
      vertex 23.76 7.1692 26.6667
      vertex 20.24 7.04459 30
      vertex 23.76 7.04459 30
    endloop
  endfacet
  facet normal 0 0.999302 0.0373573
    outer loop
      vertex 20.24 7.04459 30
      vertex 23.76 7.1692 26.6667
      vertex 20.24 7.1692 26.6667
    endloop
  endfacet
  facet normal 0 0.976951 0.213462
    outer loop
      vertex 23.76 7.04459 30
      vertex 20.24 6.31627 33.3333
      vertex 23.76 6.31627 33.3333
    endloop
  endfacet
  facet normal 0 0.976951 0.213462
    outer loop
      vertex 20.24 6.31627 33.3333
      vertex 23.76 7.04459 30
      vertex 20.24 7.04459 30
    endloop
  endfacet
  facet normal 0 0.980203 0.197996
    outer loop
      vertex 23.76 6.31627 33.3333
      vertex 20.24 5.64294 36.6667
      vertex 23.76 5.64294 36.6667
    endloop
  endfacet
  facet normal 0 0.980203 0.197996
    outer loop
      vertex 20.24 5.64294 36.6667
      vertex 23.76 6.31627 33.3333
      vertex 20.24 6.31627 33.3333
    endloop
  endfacet
  facet normal 0 0.996054 0.0887523
    outer loop
      vertex 23.76 5.64294 36.6667
      vertex 20.24 5.34593 40
      vertex 23.76 5.34593 40
    endloop
  endfacet
  facet normal 0 0.996054 0.0887523
    outer loop
      vertex 20.24 5.34593 40
      vertex 23.76 5.64294 36.6667
      vertex 20.24 5.64294 36.6667
    endloop
  endfacet
  facet normal 0 0.999706 -0.0242271
    outer loop
      vertex 23.76 5.34593 40
      vertex 20.24 5.42671 43.3333
      vertex 23.76 5.42671 43.3333
    endloop
  endfacet
  facet normal 0 0.999706 -0.0242271
    outer loop
      vertex 20.24 5.42671 43.3333
      vertex 23.76 5.34593 40
      vertex 20.24 5.34593 40
    endloop
  endfacet
  facet normal 0 0.993641 -0.112593
    outer loop
      vertex 23.76 5.42671 43.3333
      vertex 20.24 5.80443 46.6667
      vertex 23.76 5.80443 46.6667
    endloop
  endfacet
  facet normal 0 0.993641 -0.112593
    outer loop
      vertex 20.24 5.80443 46.6667
      vertex 23.76 5.42671 43.3333
      vertex 20.24 5.42671 43.3333
    endloop
  endfacet
  facet normal 0 0.984637 -0.174613
    outer loop
      vertex 23.76 5.80443 46.6667
      vertex 20.24 6.39555 50
      vertex 23.76 6.39555 50
    endloop
  endfacet
  facet normal 0 0.984637 -0.174613
    outer loop
      vertex 20.24 6.39555 50
      vertex 23.76 5.80443 46.6667
      vertex 20.24 5.80443 46.6667
    endloop
  endfacet
  facet normal 0 0.983503 -0.180894
    outer loop
      vertex 23.76 6.39555 50
      vertex 20.24 7.00864 53.3333
      vertex 23.76 7.00864 53.3333
    endloop
  endfacet
  facet normal 0 0.983503 -0.180894
    outer loop
      vertex 20.24 7.00864 53.3333
      vertex 23.76 6.39555 50
      vertex 20.24 6.39555 50
    endloop
  endfacet
  facet normal 0 0.996427 -0.0844634
    outer loop
      vertex 23.76 7.00864 53.3333
      vertex 20.24 7.2912 56.6667
      vertex 23.76 7.2912 56.6667
    endloop
  endfacet
  facet normal 0 0.996427 -0.0844634
    outer loop
      vertex 20.24 7.2912 56.6667
      vertex 23.76 7.00864 53.3333
      vertex 20.24 7.00864 53.3333
    endloop
  endfacet
  facet normal 0 0.993732 0.111793
    outer loop
      vertex 23.76 7.2912 56.6667
      vertex 20.24 6.91621 60
      vertex 23.76 6.91621 60
    endloop
  endfacet
  facet normal 0 0.993732 0.111793
    outer loop
      vertex 20.24 6.91621 60
      vertex 23.76 7.2912 56.6667
      vertex 20.24 7.2912 56.6667
    endloop
  endfacet
  facet normal 0 0.955852 0.29385
    outer loop
      vertex 23.76 6.91621 60
      vertex 20.24 5.89148 63.3333
      vertex 23.76 5.89148 63.3333
    endloop
  endfacet
  facet normal 0 0.955852 0.29385
    outer loop
      vertex 20.24 5.89148 63.3333
      vertex 23.76 6.91621 60
      vertex 20.24 6.91621 60
    endloop
  endfacet
  facet normal 0 0.939351 0.342958
    outer loop
      vertex 23.76 5.89148 63.3333
      vertex 20.24 4.67445 66.6667
      vertex 23.76 4.67445 66.6667
    endloop
  endfacet
  facet normal 0 0.939351 0.342958
    outer loop
      vertex 20.24 4.67445 66.6667
      vertex 23.76 5.89148 63.3333
      vertex 20.24 5.89148 63.3333
    endloop
  endfacet
  facet normal 0 0.975988 0.217825
    outer loop
      vertex 23.76 4.67445 66.6667
      vertex 20.24 3.93051 70
      vertex 23.76 3.93051 70
    endloop
  endfacet
  facet normal 0 0.975988 0.217825
    outer loop
      vertex 20.24 3.93051 70
      vertex 23.76 4.67445 66.6667
      vertex 20.24 4.67445 66.6667
    endloop
  endfacet
  facet normal 0 0.998696 -0.0510479
    outer loop
      vertex 23.76 3.93051 70
      vertex 20.24 4.10089 73.3333
      vertex 23.76 4.10089 73.3333
    endloop
  endfacet
  facet normal 0 0.998696 -0.0510479
    outer loop
      vertex 20.24 4.10089 73.3333
      vertex 23.76 3.93051 70
      vertex 20.24 3.93051 70
    endloop
  endfacet
  facet normal 0 0.957858 -0.287242
    outer loop
      vertex 23.76 4.10089 73.3333
      vertex 20.24 5.10051 76.6667
      vertex 23.76 5.10051 76.6667
    endloop
  endfacet
  facet normal 0 0.957858 -0.287242
    outer loop
      vertex 20.24 5.10051 76.6667
      vertex 23.76 4.10089 73.3333
      vertex 20.24 4.10089 73.3333
    endloop
  endfacet
  facet normal 0 0.936623 -0.350338
    outer loop
      vertex 23.76 5.10051 76.6667
      vertex 20.24 6.34731 80
      vertex 23.76 6.34731 80
    endloop
  endfacet
  facet normal 0 0.936623 -0.350338
    outer loop
      vertex 20.24 6.34731 80
      vertex 23.76 5.10051 76.6667
      vertex 20.24 5.10051 76.6667
    endloop
  endfacet
  facet normal 0 0.864318 -0.502945
    outer loop
      vertex 23.76 3.68082 0
      vertex 20.24 5.62048 3.33333
      vertex 23.76 5.62048 3.33333
    endloop
  endfacet
  facet normal 0 0.864318 -0.502945
    outer loop
      vertex 20.24 5.62048 3.33333
      vertex 23.76 3.68082 0
      vertex 20.24 3.68082 0
    endloop
  endfacet
  facet normal -1 0 0
    outer loop
      vertex 24.24 5.68571 20
      vertex 24.24 6.71307 26.6667
      vertex 24.24 6.9581 23.3333
    endloop
  endfacet
  facet normal -1 0 0
    outer loop
      vertex 24.24 5.68571 20
      vertex 24.24 5.42432 30
      vertex 24.24 6.71307 26.6667
    endloop
  endfacet
  facet normal -1 0 0
    outer loop
      vertex 24.24 4.0112 16.6667
      vertex 24.24 5.42432 30
      vertex 24.24 5.68571 20
    endloop
  endfacet
  facet normal -1 -0 0
    outer loop
      vertex 24.24 5.42432 30
      vertex 24.24 4.0112 16.6667
      vertex 24.24 4.24852 33.3333
    endloop
  endfacet
  facet normal -1 0 0
    outer loop
      vertex 24.24 0 46.6047
      vertex 24.24 4.24852 33.3333
      vertex 24.24 4.0112 16.6667
    endloop
  endfacet
  facet normal -1 0 0
    outer loop
      vertex 24.24 0 0
      vertex 24.24 4.0112 16.6667
      vertex 24.24 3.6974 13.3333
    endloop
  endfacet
  facet normal -1 0 0
    outer loop
      vertex 24.24 6.86348 56.6667
      vertex 24.24 6.70659 63.3333
      vertex 24.24 7.28314 60
    endloop
  endfacet
  facet normal -1 0 0
    outer loop
      vertex 24.24 3.2 68.3953
      vertex 24.24 6.86348 56.6667
      vertex 24.24 5.80667 53.3333
    endloop
  endfacet
  facet normal -1 0 0
    outer loop
      vertex 24.24 6.86348 56.6667
      vertex 24.24 3.2 68.3953
      vertex 24.24 6.70659 63.3333
    endloop
  endfacet
  facet normal -1 0 0
    outer loop
      vertex 24.24 3.2 68.3953
      vertex 24.24 5.80667 53.3333
      vertex 24.24 4.79234 50
    endloop
  endfacet
  facet normal -1 0 0
    outer loop
      vertex 24.24 6.70659 63.3333
      vertex 24.24 3.2 68.3953
      vertex 24.24 5.48257 66.6667
    endloop
  endfacet
  facet normal -1 0 0
    outer loop
      vertex 24.24 5.48257 66.6667
      vertex 24.24 3.2 68.3953
      vertex 24.24 4.43613 70
    endloop
  endfacet
  facet normal -1 0 0
    outer loop
      vertex 24.24 3.2 46.6047
      vertex 24.24 4.79234 50
      vertex 24.24 4.20786 46.6667
    endloop
  endfacet
  facet normal -1 0 0
    outer loop
      vertex 24.24 3.2 46.6047
      vertex 24.24 4.20786 46.6667
      vertex 24.24 3.9539 43.3333
    endloop
  endfacet
  facet normal -1 0 0
    outer loop
      vertex 24.24 0 46.6047
      vertex 24.24 3.9539 43.3333
      vertex 24.24 3.79272 40
    endloop
  endfacet
  facet normal -1 0 0
    outer loop
      vertex 24.24 4.24852 33.3333
      vertex 24.24 0 46.6047
      vertex 24.24 3.76958 36.6667
    endloop
  endfacet
  facet normal -1 0 0
    outer loop
      vertex 24.24 0 46.6047
      vertex 24.24 3.79272 40
      vertex 24.24 3.76958 36.6667
    endloop
  endfacet
  facet normal -1 -0 0
    outer loop
      vertex 24.24 4.79234 50
      vertex 24.24 3.2 46.6047
      vertex 24.24 3.2 68.3953
    endloop
  endfacet
  facet normal -1 0 0
    outer loop
      vertex 24.24 0 68.3953
      vertex 24.24 4.43613 70
      vertex 24.24 3.2 68.3953
    endloop
  endfacet
  facet normal -1 -0 0
    outer loop
      vertex 24.24 4.43613 70
      vertex 24.24 0 68.3953
      vertex 24.24 4.25957 73.3333
    endloop
  endfacet
  facet normal -1 0 0
    outer loop
      vertex 24.24 0 80
      vertex 24.24 4.25957 73.3333
      vertex 24.24 0 68.3953
    endloop
  endfacet
  facet normal -1 0 0
    outer loop
      vertex 24.24 4.25957 73.3333
      vertex 24.24 0 80
      vertex 24.24 5.04631 76.6667
    endloop
  endfacet
  facet normal -1 0 0
    outer loop
      vertex 24.24 5.04631 76.6667
      vertex 24.24 0 80
      vertex 24.24 6.2675 80
    endloop
  endfacet
  facet normal -1 0 0
    outer loop
      vertex 24.24 0 0
      vertex 24.24 6.54497 6.66666
      vertex 24.24 6.16385 3.33333
    endloop
  endfacet
  facet normal -1 0 0
    outer loop
      vertex 24.24 0 0
      vertex 24.24 6.16385 3.33333
      vertex 24.24 4.22223 0
    endloop
  endfacet
  facet normal -1 -0 0
    outer loop
      vertex 24.24 6.54497 6.66666
      vertex 24.24 0 0
      vertex 24.24 5.10364 10
    endloop
  endfacet
  facet normal -1 -0 0
    outer loop
      vertex 24.24 5.10364 10
      vertex 24.24 0 0
      vertex 24.24 3.6974 13.3333
    endloop
  endfacet
  facet normal -1 -0 0
    outer loop
      vertex 24.24 4.0112 16.6667
      vertex 24.24 0 0
      vertex 24.24 0 46.6047
    endloop
  endfacet
  facet normal -1 0 0
    outer loop
      vertex 24.24 3.9539 43.3333
      vertex 24.24 0 46.6047
      vertex 24.24 3.2 46.6047
    endloop
  endfacet
  facet normal 1 0 0
    outer loop
      vertex 27.76 4.79234 50
      vertex 27.76 0 80
      vertex 27.76 4.20786 46.6667
    endloop
  endfacet
  facet normal 1 0 0
    outer loop
      vertex 27.76 4.20786 46.6667
      vertex 27.76 0 80
      vertex 27.76 3.9539 43.3333
    endloop
  endfacet
  facet normal 1 0 0
    outer loop
      vertex 27.76 0 0
      vertex 27.76 3.76958 36.6667
      vertex 27.76 0 80
    endloop
  endfacet
  facet normal 1 0 0
    outer loop
      vertex 27.76 3.79272 40
      vertex 27.76 0 80
      vertex 27.76 3.76958 36.6667
    endloop
  endfacet
  facet normal 1 0 0
    outer loop
      vertex 27.76 3.9539 43.3333
      vertex 27.76 0 80
      vertex 27.76 3.79272 40
    endloop
  endfacet
  facet normal 1 0 0
    outer loop
      vertex 27.76 5.04631 76.6667
      vertex 27.76 0 80
      vertex 27.76 4.25957 73.3333
    endloop
  endfacet
  facet normal 1 -0 0
    outer loop
      vertex 27.76 0 80
      vertex 27.76 5.04631 76.6667
      vertex 27.76 6.2675 80
    endloop
  endfacet
  facet normal 1 0 0
    outer loop
      vertex 27.76 6.70659 63.3333
      vertex 27.76 6.86348 56.6667
      vertex 27.76 7.28314 60
    endloop
  endfacet
  facet normal 1 0 0
    outer loop
      vertex 27.76 6.70659 63.3333
      vertex 27.76 5.80667 53.3333
      vertex 27.76 6.86348 56.6667
    endloop
  endfacet
  facet normal 1 0 0
    outer loop
      vertex 27.76 5.48257 66.6667
      vertex 27.76 5.80667 53.3333
      vertex 27.76 6.70659 63.3333
    endloop
  endfacet
  facet normal 1 0 0
    outer loop
      vertex 27.76 5.48257 66.6667
      vertex 27.76 4.79234 50
      vertex 27.76 5.80667 53.3333
    endloop
  endfacet
  facet normal 1 0 0
    outer loop
      vertex 27.76 4.43613 70
      vertex 27.76 4.79234 50
      vertex 27.76 5.48257 66.6667
    endloop
  endfacet
  facet normal 1 0 0
    outer loop
      vertex 27.76 0 80
      vertex 27.76 4.43613 70
      vertex 27.76 4.25957 73.3333
    endloop
  endfacet
  facet normal 1 0 0
    outer loop
      vertex 27.76 0 80
      vertex 27.76 4.79234 50
      vertex 27.76 4.43613 70
    endloop
  endfacet
  facet normal 1 0 0
    outer loop
      vertex 27.76 6.71307 26.6667
      vertex 27.76 5.68571 20
      vertex 27.76 6.9581 23.3333
    endloop
  endfacet
  facet normal 1 0 0
    outer loop
      vertex 27.76 5.42432 30
      vertex 27.76 5.68571 20
      vertex 27.76 6.71307 26.6667
    endloop
  endfacet
  facet normal 1 0 0
    outer loop
      vertex 27.76 4.0112 16.6667
      vertex 27.76 5.42432 30
      vertex 27.76 4.24852 33.3333
    endloop
  endfacet
  facet normal 1 0 0
    outer loop
      vertex 27.76 5.42432 30
      vertex 27.76 4.0112 16.6667
      vertex 27.76 5.68571 20
    endloop
  endfacet
  facet normal 1 0 0
    outer loop
      vertex 27.76 3.76958 36.6667
      vertex 27.76 4.0112 16.6667
      vertex 27.76 4.24852 33.3333
    endloop
  endfacet
  facet normal 1 0 0
    outer loop
      vertex 27.76 4.0112 16.6667
      vertex 27.76 3.76958 36.6667
      vertex 27.76 3.6974 13.3333
    endloop
  endfacet
  facet normal 1 0 0
    outer loop
      vertex 27.76 0 0
      vertex 27.76 6.54497 6.66666
      vertex 27.76 5.10364 10
    endloop
  endfacet
  facet normal 1 0 0
    outer loop
      vertex 27.76 6.54497 6.66666
      vertex 27.76 0 0
      vertex 27.76 6.16385 3.33333
    endloop
  endfacet
  facet normal 1 0 0
    outer loop
      vertex 27.76 0 0
      vertex 27.76 5.10364 10
      vertex 27.76 3.6974 13.3333
    endloop
  endfacet
  facet normal 1 0 0
    outer loop
      vertex 27.76 3.76958 36.6667
      vertex 27.76 0 0
      vertex 27.76 3.6974 13.3333
    endloop
  endfacet
  facet normal 1 0 0
    outer loop
      vertex 27.76 6.16385 3.33333
      vertex 27.76 0 0
      vertex 27.76 4.22223 0
    endloop
  endfacet
  facet normal 0 0.993527 -0.113596
    outer loop
      vertex 27.76 6.16385 3.33333
      vertex 24.24 6.54497 6.66666
      vertex 27.76 6.54497 6.66666
    endloop
  endfacet
  facet normal 0 0.993527 -0.113596
    outer loop
      vertex 24.24 6.54497 6.66666
      vertex 27.76 6.16385 3.33333
      vertex 24.24 6.16385 3.33333
    endloop
  endfacet
  facet normal 0 0.917869 0.396885
    outer loop
      vertex 27.76 6.54497 6.66666
      vertex 24.24 5.10364 10
      vertex 27.76 5.10364 10
    endloop
  endfacet
  facet normal 0 0.917869 0.396885
    outer loop
      vertex 24.24 5.10364 10
      vertex 27.76 6.54497 6.66666
      vertex 24.24 6.54497 6.66666
    endloop
  endfacet
  facet normal 0 0.921364 0.388701
    outer loop
      vertex 27.76 5.10364 10
      vertex 24.24 3.6974 13.3333
      vertex 27.76 3.6974 13.3333
    endloop
  endfacet
  facet normal 0 0.921364 0.388701
    outer loop
      vertex 24.24 3.6974 13.3333
      vertex 27.76 5.10364 10
      vertex 24.24 5.10364 10
    endloop
  endfacet
  facet normal 0 0.995598 -0.0937237
    outer loop
      vertex 27.76 3.6974 13.3333
      vertex 24.24 4.0112 16.6667
      vertex 27.76 4.0112 16.6667
    endloop
  endfacet
  facet normal 0 0.995598 -0.0937237
    outer loop
      vertex 24.24 4.0112 16.6667
      vertex 27.76 3.6974 13.3333
      vertex 24.24 3.6974 13.3333
    endloop
  endfacet
  facet normal 0 0.893583 -0.448898
    outer loop
      vertex 27.76 4.0112 16.6667
      vertex 24.24 5.68571 20
      vertex 27.76 5.68571 20
    endloop
  endfacet
  facet normal 0 0.893583 -0.448898
    outer loop
      vertex 24.24 5.68571 20
      vertex 27.76 4.0112 16.6667
      vertex 24.24 4.0112 16.6667
    endloop
  endfacet
  facet normal 0 0.934249 -0.356622
    outer loop
      vertex 27.76 5.68571 20
      vertex 24.24 6.9581 23.3333
      vertex 27.76 6.9581 23.3333
    endloop
  endfacet
  facet normal 0 0.934249 -0.356622
    outer loop
      vertex 24.24 6.9581 23.3333
      vertex 27.76 5.68571 20
      vertex 24.24 5.68571 20
    endloop
  endfacet
  facet normal 0 0.997309 0.0733097
    outer loop
      vertex 27.76 6.9581 23.3333
      vertex 24.24 6.71307 26.6667
      vertex 27.76 6.71307 26.6667
    endloop
  endfacet
  facet normal 0 0.997309 0.0733097
    outer loop
      vertex 24.24 6.71307 26.6667
      vertex 27.76 6.9581 23.3333
      vertex 24.24 6.9581 23.3333
    endloop
  endfacet
  facet normal 0 0.932715 0.360615
    outer loop
      vertex 27.76 6.71307 26.6667
      vertex 24.24 5.42432 30
      vertex 27.76 5.42432 30
    endloop
  endfacet
  facet normal 0 0.932715 0.360615
    outer loop
      vertex 24.24 5.42432 30
      vertex 27.76 6.71307 26.6667
      vertex 24.24 6.71307 26.6667
    endloop
  endfacet
  facet normal 0 0.943049 0.332654
    outer loop
      vertex 27.76 5.42432 30
      vertex 24.24 4.24852 33.3333
      vertex 27.76 4.24852 33.3333
    endloop
  endfacet
  facet normal 0 0.943049 0.332654
    outer loop
      vertex 24.24 4.24852 33.3333
      vertex 27.76 5.42432 30
      vertex 24.24 5.42432 30
    endloop
  endfacet
  facet normal 0 0.989835 0.142219
    outer loop
      vertex 27.76 4.24852 33.3333
      vertex 24.24 3.76958 36.6667
      vertex 27.76 3.76958 36.6667
    endloop
  endfacet
  facet normal 0 0.989835 0.142219
    outer loop
      vertex 24.24 3.76958 36.6667
      vertex 27.76 4.24852 33.3333
      vertex 24.24 4.24852 33.3333
    endloop
  endfacet
  facet normal 0 0.999976 -0.0069419
    outer loop
      vertex 27.76 3.76958 36.6667
      vertex 24.24 3.79272 40
      vertex 27.76 3.79272 40
    endloop
  endfacet
  facet normal 0 0.999976 -0.0069419
    outer loop
      vertex 24.24 3.79272 40
      vertex 27.76 3.76958 36.6667
      vertex 24.24 3.76958 36.6667
    endloop
  endfacet
  facet normal 0 0.998833 -0.0482981
    outer loop
      vertex 27.76 3.79272 40
      vertex 24.24 3.9539 43.3333
      vertex 27.76 3.9539 43.3333
    endloop
  endfacet
  facet normal 0 0.998833 -0.0482981
    outer loop
      vertex 24.24 3.9539 43.3333
      vertex 27.76 3.79272 40
      vertex 24.24 3.79272 40
    endloop
  endfacet
  facet normal 0 0.99711 -0.0759663
    outer loop
      vertex 27.76 3.9539 43.3333
      vertex 24.24 4.20786 46.6667
      vertex 27.76 4.20786 46.6667
    endloop
  endfacet
  facet normal 0 0.99711 -0.0759663
    outer loop
      vertex 24.24 4.20786 46.6667
      vertex 27.76 3.9539 43.3333
      vertex 24.24 3.9539 43.3333
    endloop
  endfacet
  facet normal 0 0.984973 -0.172711
    outer loop
      vertex 27.76 4.20786 46.6667
      vertex 24.24 4.79234 50
      vertex 27.76 4.79234 50
    endloop
  endfacet
  facet normal 0 0.984973 -0.172711
    outer loop
      vertex 24.24 4.79234 50
      vertex 27.76 4.20786 46.6667
      vertex 24.24 4.20786 46.6667
    endloop
  endfacet
  facet normal 0 0.956686 -0.291122
    outer loop
      vertex 27.76 4.79234 50
      vertex 24.24 5.80667 53.3333
      vertex 27.76 5.80667 53.3333
    endloop
  endfacet
  facet normal 0 0.956686 -0.291122
    outer loop
      vertex 24.24 5.80667 53.3333
      vertex 27.76 4.79234 50
      vertex 24.24 4.79234 50
    endloop
  endfacet
  facet normal 0 0.953241 -0.302212
    outer loop
      vertex 27.76 5.80667 53.3333
      vertex 24.24 6.86348 56.6667
      vertex 27.76 6.86348 56.6667
    endloop
  endfacet
  facet normal 0 0.953241 -0.302212
    outer loop
      vertex 24.24 6.86348 56.6667
      vertex 27.76 5.80667 53.3333
      vertex 24.24 5.80667 53.3333
    endloop
  endfacet
  facet normal 0 0.992168 -0.124913
    outer loop
      vertex 27.76 6.86348 56.6667
      vertex 24.24 7.28314 60
      vertex 27.76 7.28314 60
    endloop
  endfacet
  facet normal 0 0.992168 -0.124913
    outer loop
      vertex 24.24 7.28314 60
      vertex 27.76 6.86348 56.6667
      vertex 24.24 6.86348 56.6667
    endloop
  endfacet
  facet normal 0 0.985369 0.170436
    outer loop
      vertex 27.76 7.28314 60
      vertex 24.24 6.70659 63.3333
      vertex 27.76 6.70659 63.3333
    endloop
  endfacet
  facet normal 0 0.985369 0.170436
    outer loop
      vertex 24.24 6.70659 63.3333
      vertex 27.76 7.28314 60
      vertex 24.24 7.28314 60
    endloop
  endfacet
  facet normal 0 0.938715 0.344695
    outer loop
      vertex 27.76 6.70659 63.3333
      vertex 24.24 5.48257 66.6667
      vertex 27.76 5.48257 66.6667
    endloop
  endfacet
  facet normal 0 0.938715 0.344695
    outer loop
      vertex 24.24 5.48257 66.6667
      vertex 27.76 6.70659 63.3333
      vertex 24.24 6.70659 63.3333
    endloop
  endfacet
  facet normal 0 0.954089 0.299522
    outer loop
      vertex 27.76 5.48257 66.6667
      vertex 24.24 4.43613 70
      vertex 27.76 4.43613 70
    endloop
  endfacet
  facet normal 0 0.954089 0.299522
    outer loop
      vertex 24.24 4.43613 70
      vertex 27.76 5.48257 66.6667
      vertex 24.24 5.48257 66.6667
    endloop
  endfacet
  facet normal 0 0.9986 0.0528944
    outer loop
      vertex 27.76 4.43613 70
      vertex 24.24 4.25957 73.3333
      vertex 27.76 4.25957 73.3333
    endloop
  endfacet
  facet normal 0 0.9986 0.0528944
    outer loop
      vertex 24.24 4.25957 73.3333
      vertex 27.76 4.43613 70
      vertex 24.24 4.43613 70
    endloop
  endfacet
  facet normal 0 0.97326 -0.229706
    outer loop
      vertex 27.76 4.25957 73.3333
      vertex 24.24 5.04631 76.6667
      vertex 27.76 5.04631 76.6667
    endloop
  endfacet
  facet normal 0 0.97326 -0.229706
    outer loop
      vertex 24.24 5.04631 76.6667
      vertex 27.76 4.25957 73.3333
      vertex 24.24 4.25957 73.3333
    endloop
  endfacet
  facet normal 0 0.938969 -0.344001
    outer loop
      vertex 27.76 5.04631 76.6667
      vertex 24.24 6.2675 80
      vertex 27.76 6.2675 80
    endloop
  endfacet
  facet normal 0 0.938969 -0.344001
    outer loop
      vertex 24.24 6.2675 80
      vertex 27.76 5.04631 76.6667
      vertex 24.24 5.04631 76.6667
    endloop
  endfacet
  facet normal 0 0.864097 -0.503325
    outer loop
      vertex 27.76 4.22223 0
      vertex 24.24 6.16385 3.33333
      vertex 27.76 6.16385 3.33333
    endloop
  endfacet
  facet normal 0 0.864097 -0.503325
    outer loop
      vertex 24.24 6.16385 3.33333
      vertex 27.76 4.22223 0
      vertex 24.24 4.22223 0
    endloop
  endfacet
  facet normal -1 0 0
    outer loop
      vertex 28.24 0 0
      vertex 28.24 6.32085 3.33333
      vertex 28.24 4.64426 0
    endloop
  endfacet
  facet normal -1 -0 0
    outer loop
      vertex 28.24 6.32085 3.33333
      vertex 28.24 0 0
      vertex 28.24 5.95341 6.66666
    endloop
  endfacet
  facet normal -1 -0 0
    outer loop
      vertex 28.24 5.95341 6.66666
      vertex 28.24 0 0
      vertex 28.24 4.16161 10
    endloop
  endfacet
  facet normal -1 -0 0
    outer loop
      vertex 28.24 3.30569 13.3333
      vertex 28.24 0 0
      vertex 28.24 3.18483 33.3333
    endloop
  endfacet
  facet normal -1 -0 0
    outer loop
      vertex 28.24 4.16161 10
      vertex 28.24 0 0
      vertex 28.24 3.30569 13.3333
    endloop
  endfacet
  facet normal -1 0 0
    outer loop
      vertex 28.24 6.33839 20
      vertex 28.24 5.23854 26.6667
      vertex 28.24 6.67725 23.3333
    endloop
  endfacet
  facet normal -1 0 0
    outer loop
      vertex 28.24 4.50873 16.6667
      vertex 28.24 5.23854 26.6667
      vertex 28.24 6.33839 20
    endloop
  endfacet
  facet normal -1 0 0
    outer loop
      vertex 28.24 4.50873 16.6667
      vertex 28.24 3.61525 30
      vertex 28.24 5.23854 26.6667
    endloop
  endfacet
  facet normal -1 0 0
    outer loop
      vertex 28.24 3.30569 13.3333
      vertex 28.24 3.61525 30
      vertex 28.24 4.50873 16.6667
    endloop
  endfacet
  facet normal -1 -0 0
    outer loop
      vertex 28.24 3.61525 30
      vertex 28.24 3.30569 13.3333
      vertex 28.24 3.18483 33.3333
    endloop
  endfacet
  facet normal -1 0 0
    outer loop
      vertex 28.24 3.77715 36.6667
      vertex 28.24 4.44571 43.3333
      vertex 28.24 4.4008 40
    endloop
  endfacet
  facet normal -1 0 0
    outer loop
      vertex 28.24 3.18483 33.3333
      vertex 28.24 4.04378 46.6667
      vertex 28.24 3.77715 36.6667
    endloop
  endfacet
  facet normal -1 -0 0
    outer loop
      vertex 28.24 4.44571 43.3333
      vertex 28.24 3.77715 36.6667
      vertex 28.24 4.04378 46.6667
    endloop
  endfacet
  facet normal -1 0 0
    outer loop
      vertex 28.24 6.21515 56.6667
      vertex 28.24 7.22104 63.3333
      vertex 28.24 7.32959 60
    endloop
  endfacet
  facet normal -1 0 0
    outer loop
      vertex 28.24 6.21515 56.6667
      vertex 28.24 6.06628 66.6667
      vertex 28.24 7.22104 63.3333
    endloop
  endfacet
  facet normal -1 0 0
    outer loop
      vertex 28.24 4.72163 53.3333
      vertex 28.24 6.06628 66.6667
      vertex 28.24 6.21515 56.6667
    endloop
  endfacet
  facet normal -1 -0 0
    outer loop
      vertex 28.24 6.06628 66.6667
      vertex 28.24 4.72163 53.3333
      vertex 28.24 4.83478 70
    endloop
  endfacet
  facet normal -1 0 0
    outer loop
      vertex 28.24 0 80
      vertex 28.24 4.83478 70
      vertex 28.24 4.72163 53.3333
    endloop
  endfacet
  facet normal -1 0 0
    outer loop
      vertex 28.24 0 80
      vertex 28.24 4.72163 53.3333
      vertex 28.24 3.91605 50
    endloop
  endfacet
  facet normal -1 -0 0
    outer loop
      vertex 28.24 4.04378 46.6667
      vertex 28.24 3.18483 33.3333
      vertex 28.24 3.91605 50
    endloop
  endfacet
  facet normal -1 0 0
    outer loop
      vertex 28.24 0 80
      vertex 28.24 3.91605 50
      vertex 28.24 3.18483 33.3333
    endloop
  endfacet
  facet normal -1 0 0
    outer loop
      vertex 28.24 0 80
      vertex 28.24 3.18483 33.3333
      vertex 28.24 0 0
    endloop
  endfacet
  facet normal -1 0 0
    outer loop
      vertex 28.24 5.08028 76.6667
      vertex 28.24 0 80
      vertex 28.24 6.24445 80
    endloop
  endfacet
  facet normal -1 0 0
    outer loop
      vertex 28.24 4.43648 73.3333
      vertex 28.24 0 80
      vertex 28.24 5.08028 76.6667
    endloop
  endfacet
  facet normal -1 0 0
    outer loop
      vertex 28.24 4.83478 70
      vertex 28.24 0 80
      vertex 28.24 4.43648 73.3333
    endloop
  endfacet
  facet normal 1 0 0
    outer loop
      vertex 31.76 4.04378 46.6667
      vertex 31.76 3.18483 33.3333
      vertex 31.76 3.77715 36.6667
    endloop
  endfacet
  facet normal 1 0 0
    outer loop
      vertex 31.76 4.72163 53.3333
      vertex 31.76 0 80
      vertex 31.76 3.91605 50
    endloop
  endfacet
  facet normal 1 0 0
    outer loop
      vertex 31.76 3.91605 50
      vertex 31.76 0 80
      vertex 31.76 3.18483 33.3333
    endloop
  endfacet
  facet normal 1 0 0
    outer loop
      vertex 31.76 5.08028 76.6667
      vertex 31.76 0 80
      vertex 31.76 4.43648 73.3333
    endloop
  endfacet
  facet normal 1 -0 0
    outer loop
      vertex 31.76 0 80
      vertex 31.76 5.08028 76.6667
      vertex 31.76 6.24445 80
    endloop
  endfacet
  facet normal 1 0 0
    outer loop
      vertex 31.76 7.22104 63.3333
      vertex 31.76 6.21515 56.6667
      vertex 31.76 7.32959 60
    endloop
  endfacet
  facet normal 1 0 0
    outer loop
      vertex 31.76 6.06628 66.6667
      vertex 31.76 6.21515 56.6667
      vertex 31.76 7.22104 63.3333
    endloop
  endfacet
  facet normal 1 0 0
    outer loop
      vertex 31.76 4.72163 53.3333
      vertex 31.76 6.06628 66.6667
      vertex 31.76 4.83478 70
    endloop
  endfacet
  facet normal 1 0 0
    outer loop
      vertex 31.76 6.06628 66.6667
      vertex 31.76 4.72163 53.3333
      vertex 31.76 6.21515 56.6667
    endloop
  endfacet
  facet normal 1 0 0
    outer loop
      vertex 31.76 0 80
      vertex 31.76 4.83478 70
      vertex 31.76 4.43648 73.3333
    endloop
  endfacet
  facet normal 1 0 0
    outer loop
      vertex 31.76 0 80
      vertex 31.76 4.72163 53.3333
      vertex 31.76 4.83478 70
    endloop
  endfacet
  facet normal 1 0 0
    outer loop
      vertex 31.76 3.77715 36.6667
      vertex 31.76 4.44571 43.3333
      vertex 31.76 4.04378 46.6667
    endloop
  endfacet
  facet normal 1 0 0
    outer loop
      vertex 31.76 4.44571 43.3333
      vertex 31.76 3.77715 36.6667
      vertex 31.76 4.4008 40
    endloop
  endfacet
  facet normal 1 0 0
    outer loop
      vertex 31.76 3.18483 33.3333
      vertex 31.76 4.04378 46.6667
      vertex 31.76 3.91605 50
    endloop
  endfacet
  facet normal 1 0 0
    outer loop
      vertex 31.76 5.23854 26.6667
      vertex 31.76 6.33839 20
      vertex 31.76 6.67725 23.3333
    endloop
  endfacet
  facet normal 1 0 0
    outer loop
      vertex 31.76 5.23854 26.6667
      vertex 31.76 4.50873 16.6667
      vertex 31.76 6.33839 20
    endloop
  endfacet
  facet normal 1 0 0
    outer loop
      vertex 31.76 3.61525 30
      vertex 31.76 4.50873 16.6667
      vertex 31.76 5.23854 26.6667
    endloop
  endfacet
  facet normal 1 0 0
    outer loop
      vertex 31.76 3.61525 30
      vertex 31.76 3.30569 13.3333
      vertex 31.76 4.50873 16.6667
    endloop
  endfacet
  facet normal 1 0 -0
    outer loop
      vertex 31.76 3.30569 13.3333
      vertex 31.76 3.61525 30
      vertex 31.76 3.18483 33.3333
    endloop
  endfacet
  facet normal 1 0 0
    outer loop
      vertex 31.76 0 0
      vertex 31.76 6.32085 3.33333
      vertex 31.76 5.95341 6.66666
    endloop
  endfacet
  facet normal 1 0 0
    outer loop
      vertex 31.76 0 0
      vertex 31.76 5.95341 6.66666
      vertex 31.76 4.16161 10
    endloop
  endfacet
  facet normal 1 0 0
    outer loop
      vertex 31.76 0 0
      vertex 31.76 4.16161 10
      vertex 31.76 3.30569 13.3333
    endloop
  endfacet
  facet normal 1 0 0
    outer loop
      vertex 31.76 0 0
      vertex 31.76 3.18483 33.3333
      vertex 31.76 0 80
    endloop
  endfacet
  facet normal 1 0 0
    outer loop
      vertex 31.76 6.32085 3.33333
      vertex 31.76 0 0
      vertex 31.76 4.64426 0
    endloop
  endfacet
  facet normal 1 0 0
    outer loop
      vertex 31.76 3.18483 33.3333
      vertex 31.76 0 0
      vertex 31.76 3.30569 13.3333
    endloop
  endfacet
  facet normal 0 0.993979 0.109568
    outer loop
      vertex 31.76 6.32085 3.33333
      vertex 28.24 5.95341 6.66666
      vertex 31.76 5.95341 6.66666
    endloop
  endfacet
  facet normal 0 0.993979 0.109568
    outer loop
      vertex 28.24 5.95341 6.66666
      vertex 31.76 6.32085 3.33333
      vertex 28.24 6.32085 3.33333
    endloop
  endfacet
  facet normal 0 0.88081 0.47347
    outer loop
      vertex 31.76 5.95341 6.66666
      vertex 28.24 4.16161 10
      vertex 31.76 4.16161 10
    endloop
  endfacet
  facet normal 0 0.88081 0.47347
    outer loop
      vertex 28.24 4.16161 10
      vertex 31.76 5.95341 6.66666
      vertex 28.24 5.95341 6.66666
    endloop
  endfacet
  facet normal 0 0.968578 0.24871
    outer loop
      vertex 31.76 4.16161 10
      vertex 28.24 3.30569 13.3333
      vertex 31.76 3.30569 13.3333
    endloop
  endfacet
  facet normal 0 0.968578 0.24871
    outer loop
      vertex 28.24 3.30569 13.3333
      vertex 31.76 4.16161 10
      vertex 28.24 4.16161 10
    endloop
  endfacet
  facet normal 0 0.940616 -0.339473
    outer loop
      vertex 31.76 3.30569 13.3333
      vertex 28.24 4.50873 16.6667
      vertex 31.76 4.50873 16.6667
    endloop
  endfacet
  facet normal 0 0.940616 -0.339473
    outer loop
      vertex 28.24 4.50873 16.6667
      vertex 31.76 3.30569 13.3333
      vertex 28.24 3.30569 13.3333
    endloop
  endfacet
  facet normal 0 0.876621 -0.481181
    outer loop
      vertex 31.76 4.50873 16.6667
      vertex 28.24 6.33839 20
      vertex 31.76 6.33839 20
    endloop
  endfacet
  facet normal 0 0.876621 -0.481181
    outer loop
      vertex 28.24 6.33839 20
      vertex 31.76 4.50873 16.6667
      vertex 28.24 4.50873 16.6667
    endloop
  endfacet
  facet normal 0 0.994872 -0.101138
    outer loop
      vertex 31.76 6.33839 20
      vertex 28.24 6.67725 23.3333
      vertex 31.76 6.67725 23.3333
    endloop
  endfacet
  facet normal 0 0.994872 -0.101138
    outer loop
      vertex 28.24 6.67725 23.3333
      vertex 31.76 6.33839 20
      vertex 28.24 6.33839 20
    endloop
  endfacet
  facet normal 0 0.918134 0.396271
    outer loop
      vertex 31.76 6.67725 23.3333
      vertex 28.24 5.23854 26.6667
      vertex 31.76 5.23854 26.6667
    endloop
  endfacet
  facet normal 0 0.918134 0.396271
    outer loop
      vertex 28.24 5.23854 26.6667
      vertex 31.76 6.67725 23.3333
      vertex 28.24 6.67725 23.3333
    endloop
  endfacet
  facet normal 0 0.899056 0.437833
    outer loop
      vertex 31.76 5.23854 26.6667
      vertex 28.24 3.61525 30
      vertex 31.76 3.61525 30
    endloop
  endfacet
  facet normal 0 0.899056 0.437833
    outer loop
      vertex 28.24 3.61525 30
      vertex 31.76 5.23854 26.6667
      vertex 28.24 5.23854 26.6667
    endloop
  endfacet
  facet normal 0 0.991766 0.128064
    outer loop
      vertex 31.76 3.61525 30
      vertex 28.24 3.18483 33.3333
      vertex 31.76 3.18483 33.3333
    endloop
  endfacet
  facet normal 0 0.991766 0.128064
    outer loop
      vertex 28.24 3.18483 33.3333
      vertex 31.76 3.61525 30
      vertex 28.24 3.61525 30
    endloop
  endfacet
  facet normal 0 0.984577 -0.174952
    outer loop
      vertex 31.76 3.18483 33.3333
      vertex 28.24 3.77715 36.6667
      vertex 31.76 3.77715 36.6667
    endloop
  endfacet
  facet normal 0 0.984577 -0.174952
    outer loop
      vertex 28.24 3.77715 36.6667
      vertex 31.76 3.18483 33.3333
      vertex 28.24 3.18483 33.3333
    endloop
  endfacet
  facet normal 0 0.982944 -0.183906
    outer loop
      vertex 31.76 3.77715 36.6667
      vertex 28.24 4.4008 40
      vertex 31.76 4.4008 40
    endloop
  endfacet
  facet normal 0 0.982944 -0.183906
    outer loop
      vertex 28.24 4.4008 40
      vertex 31.76 3.77715 36.6667
      vertex 28.24 3.77715 36.6667
    endloop
  endfacet
  facet normal 0 0.999909 -0.0134719
    outer loop
      vertex 31.76 4.4008 40
      vertex 28.24 4.44571 43.3333
      vertex 31.76 4.44571 43.3333
    endloop
  endfacet
  facet normal 0 0.999909 -0.0134719
    outer loop
      vertex 28.24 4.44571 43.3333
      vertex 31.76 4.4008 40
      vertex 28.24 4.4008 40
    endloop
  endfacet
  facet normal 0 0.992809 0.11971
    outer loop
      vertex 31.76 4.44571 43.3333
      vertex 28.24 4.04378 46.6667
      vertex 31.76 4.04378 46.6667
    endloop
  endfacet
  facet normal 0 0.992809 0.11971
    outer loop
      vertex 28.24 4.04378 46.6667
      vertex 31.76 4.44571 43.3333
      vertex 28.24 4.44571 43.3333
    endloop
  endfacet
  facet normal 0 0.999267 0.0382913
    outer loop
      vertex 31.76 4.04378 46.6667
      vertex 28.24 3.91605 50
      vertex 31.76 3.91605 50
    endloop
  endfacet
  facet normal 0 0.999267 0.0382913
    outer loop
      vertex 28.24 3.91605 50
      vertex 31.76 4.04378 46.6667
      vertex 28.24 4.04378 46.6667
    endloop
  endfacet
  facet normal 0 0.972016 -0.234913
    outer loop
      vertex 31.76 3.91605 50
      vertex 28.24 4.72163 53.3333
      vertex 31.76 4.72163 53.3333
    endloop
  endfacet
  facet normal 0 0.972016 -0.234913
    outer loop
      vertex 28.24 4.72163 53.3333
      vertex 31.76 3.91605 50
      vertex 28.24 3.91605 50
    endloop
  endfacet
  facet normal 0 0.912587 -0.408882
    outer loop
      vertex 31.76 4.72163 53.3333
      vertex 28.24 6.21515 56.6667
      vertex 31.76 6.21515 56.6667
    endloop
  endfacet
  facet normal 0 0.912587 -0.408882
    outer loop
      vertex 28.24 6.21515 56.6667
      vertex 31.76 4.72163 53.3333
      vertex 28.24 4.72163 53.3333
    endloop
  endfacet
  facet normal 0 0.948398 -0.317083
    outer loop
      vertex 31.76 6.21515 56.6667
      vertex 28.24 7.32959 60
      vertex 31.76 7.32959 60
    endloop
  endfacet
  facet normal 0 0.948398 -0.317083
    outer loop
      vertex 28.24 7.32959 60
      vertex 31.76 6.21515 56.6667
      vertex 28.24 6.21515 56.6667
    endloop
  endfacet
  facet normal 0 0.99947 0.0325481
    outer loop
      vertex 31.76 7.32959 60
      vertex 28.24 7.22104 63.3333
      vertex 31.76 7.22104 63.3333
    endloop
  endfacet
  facet normal 0 0.99947 0.0325481
    outer loop
      vertex 28.24 7.22104 63.3333
      vertex 31.76 7.32959 60
      vertex 28.24 7.32959 60
    endloop
  endfacet
  facet normal 0 0.944908 0.327336
    outer loop
      vertex 31.76 7.22104 63.3333
      vertex 28.24 6.06628 66.6667
      vertex 31.76 6.06628 66.6667
    endloop
  endfacet
  facet normal 0 0.944908 0.327336
    outer loop
      vertex 28.24 6.06628 66.6667
      vertex 31.76 7.22104 63.3333
      vertex 28.24 7.22104 63.3333
    endloop
  endfacet
  facet normal 0 0.938029 0.346558
    outer loop
      vertex 31.76 6.06628 66.6667
      vertex 28.24 4.83478 70
      vertex 31.76 4.83478 70
    endloop
  endfacet
  facet normal 0 0.938029 0.346558
    outer loop
      vertex 28.24 4.83478 70
      vertex 31.76 6.06628 66.6667
      vertex 28.24 6.06628 66.6667
    endloop
  endfacet
  facet normal 0 0.992936 0.118647
    outer loop
      vertex 31.76 4.83478 70
      vertex 28.24 4.43648 73.3333
      vertex 31.76 4.43648 73.3333
    endloop
  endfacet
  facet normal 0 0.992936 0.118647
    outer loop
      vertex 28.24 4.43648 73.3333
      vertex 31.76 4.83478 70
      vertex 28.24 4.83478 70
    endloop
  endfacet
  facet normal 0 0.981855 -0.189632
    outer loop
      vertex 31.76 4.43648 73.3333
      vertex 28.24 5.08028 76.6667
      vertex 31.76 5.08028 76.6667
    endloop
  endfacet
  facet normal 0 0.981855 -0.189632
    outer loop
      vertex 28.24 5.08028 76.6667
      vertex 31.76 4.43648 73.3333
      vertex 28.24 4.43648 73.3333
    endloop
  endfacet
  facet normal 0 0.944078 -0.329723
    outer loop
      vertex 31.76 5.08028 76.6667
      vertex 28.24 6.24445 80
      vertex 31.76 6.24445 80
    endloop
  endfacet
  facet normal 0 0.944078 -0.329723
    outer loop
      vertex 28.24 6.24445 80
      vertex 31.76 5.08028 76.6667
      vertex 28.24 5.08028 76.6667
    endloop
  endfacet
  facet normal 0 0.893361 -0.44934
    outer loop
      vertex 31.76 4.64426 0
      vertex 28.24 6.32085 3.33333
      vertex 31.76 6.32085 3.33333
    endloop
  endfacet
  facet normal 0 0.893361 -0.44934
    outer loop
      vertex 28.24 6.32085 3.33333
      vertex 31.76 4.64426 0
      vertex 28.24 4.64426 0
    endloop
  endfacet
  facet normal -1 0 0
    outer loop
      vertex 32.24 0 0
      vertex 32.24 6.2197 3.33333
      vertex 32.24 4.84288 0
    endloop
  endfacet
  facet normal -1 -0 0
    outer loop
      vertex 32.24 6.2197 3.33333
      vertex 32.24 0 0
      vertex 32.24 5.34373 6.66666
    endloop
  endfacet
  facet normal -1 -0 0
    outer loop
      vertex 32.24 3.16519 13.3333
      vertex 32.24 0 0
      vertex 32.24 2.80602 30
    endloop
  endfacet
  facet normal -1 -0 0
    outer loop
      vertex 32.24 3.48018 10
      vertex 32.24 0 0
      vertex 32.24 3.16519 13.3333
    endloop
  endfacet
  facet normal -1 -0 0
    outer loop
      vertex 32.24 5.34373 6.66666
      vertex 32.24 0 0
      vertex 32.24 3.48018 10
    endloop
  endfacet
  facet normal -1 0 0
    outer loop
      vertex 32.24 4.88467 16.6667
      vertex 32.24 5.79825 23.3333
      vertex 32.24 6.43127 20
    endloop
  endfacet
  facet normal -1 0 0
    outer loop
      vertex 32.24 4.88467 16.6667
      vertex 32.24 3.77374 26.6667
      vertex 32.24 5.79825 23.3333
    endloop
  endfacet
  facet normal -1 0 0
    outer loop
      vertex 32.24 3.16519 13.3333
      vertex 32.24 3.77374 26.6667
      vertex 32.24 4.88467 16.6667
    endloop
  endfacet
  facet normal -1 -0 0
    outer loop
      vertex 32.24 3.77374 26.6667
      vertex 32.24 3.16519 13.3333
      vertex 32.24 2.80602 30
    endloop
  endfacet
  facet normal -1 0 0
    outer loop
      vertex 32.24 5.49727 36.6667
      vertex 32.24 6.23116 43.3333
      vertex 32.24 6.37895 40
    endloop
  endfacet
  facet normal -1 0 0
    outer loop
      vertex 32.24 5.49727 36.6667
      vertex 32.24 5.14041 46.6667
      vertex 32.24 6.23116 43.3333
    endloop
  endfacet
  facet normal -1 0 0
    outer loop
      vertex 32.24 3.83363 33.3333
      vertex 32.24 5.14041 46.6667
      vertex 32.24 5.49727 36.6667
    endloop
  endfacet
  facet normal -1 -0 0
    outer loop
      vertex 32.24 5.14041 46.6667
      vertex 32.24 3.83363 33.3333
      vertex 32.24 3.98596 50
    endloop
  endfacet
  facet normal -1 0 0
    outer loop
      vertex 32.24 7.29929 60
      vertex 32.24 6.33951 66.6667
      vertex 32.24 7.48714 63.3333
    endloop
  endfacet
  facet normal -1 0 0
    outer loop
      vertex 32.24 5.73517 56.6667
      vertex 32.24 6.33951 66.6667
      vertex 32.24 7.29929 60
    endloop
  endfacet
  facet normal -1 0 0
    outer loop
      vertex 32.24 5.73517 56.6667
      vertex 32.24 4.9971 70
      vertex 32.24 6.33951 66.6667
    endloop
  endfacet
  facet normal -1 0 0
    outer loop
      vertex 32.24 4.15053 53.3333
      vertex 32.24 4.9971 70
      vertex 32.24 5.73517 56.6667
    endloop
  endfacet
  facet normal -1 0 0
    outer loop
      vertex 32.24 0 80
      vertex 32.24 4.9971 70
      vertex 32.24 4.15053 53.3333
    endloop
  endfacet
  facet normal -1 0 0
    outer loop
      vertex 32.24 0 80
      vertex 32.24 4.15053 53.3333
      vertex 32.24 3.98596 50
    endloop
  endfacet
  facet normal -1 0 0
    outer loop
      vertex 32.24 2.80602 30
      vertex 32.24 3.98596 50
      vertex 32.24 3.83363 33.3333
    endloop
  endfacet
  facet normal -1 0 0
    outer loop
      vertex 32.24 0 80
      vertex 32.24 3.98596 50
      vertex 32.24 2.80602 30
    endloop
  endfacet
  facet normal -1 0 0
    outer loop
      vertex 32.24 0 80
      vertex 32.24 2.80602 30
      vertex 32.24 0 0
    endloop
  endfacet
  facet normal -1 0 0
    outer loop
      vertex 32.24 5.15524 76.6667
      vertex 32.24 0 80
      vertex 32.24 6.28079 80
    endloop
  endfacet
  facet normal -1 0 0
    outer loop
      vertex 32.24 4.53041 73.3333
      vertex 32.24 0 80
      vertex 32.24 5.15524 76.6667
    endloop
  endfacet
  facet normal -1 0 0
    outer loop
      vertex 32.24 4.9971 70
      vertex 32.24 0 80
      vertex 32.24 4.53041 73.3333
    endloop
  endfacet
  facet normal 1 0 0
    outer loop
      vertex 35.76 4.9971 70
      vertex 35.76 0 80
      vertex 35.76 4.15053 53.3333
    endloop
  endfacet
  facet normal 1 0 0
    outer loop
      vertex 35.76 3.98596 50
      vertex 35.76 2.80602 30
      vertex 35.76 3.83363 33.3333
    endloop
  endfacet
  facet normal 1 0 0
    outer loop
      vertex 35.76 4.15053 53.3333
      vertex 35.76 0 80
      vertex 35.76 3.98596 50
    endloop
  endfacet
  facet normal 1 0 0
    outer loop
      vertex 35.76 3.98596 50
      vertex 35.76 0 80
      vertex 35.76 2.80602 30
    endloop
  endfacet
  facet normal 1 0 0
    outer loop
      vertex 35.76 5.15524 76.6667
      vertex 35.76 0 80
      vertex 35.76 4.53041 73.3333
    endloop
  endfacet
  facet normal 1 -0 0
    outer loop
      vertex 35.76 0 80
      vertex 35.76 5.15524 76.6667
      vertex 35.76 6.28079 80
    endloop
  endfacet
  facet normal 1 0 0
    outer loop
      vertex 35.76 6.33951 66.6667
      vertex 35.76 7.29929 60
      vertex 35.76 7.48714 63.3333
    endloop
  endfacet
  facet normal 1 0 0
    outer loop
      vertex 35.76 6.33951 66.6667
      vertex 35.76 5.73517 56.6667
      vertex 35.76 7.29929 60
    endloop
  endfacet
  facet normal 1 0 0
    outer loop
      vertex 35.76 4.9971 70
      vertex 35.76 5.73517 56.6667
      vertex 35.76 6.33951 66.6667
    endloop
  endfacet
  facet normal 1 0 0
    outer loop
      vertex 35.76 0 80
      vertex 35.76 4.9971 70
      vertex 35.76 4.53041 73.3333
    endloop
  endfacet
  facet normal 1 0 0
    outer loop
      vertex 35.76 4.9971 70
      vertex 35.76 4.15053 53.3333
      vertex 35.76 5.73517 56.6667
    endloop
  endfacet
  facet normal 1 0 0
    outer loop
      vertex 35.76 6.23116 43.3333
      vertex 35.76 5.49727 36.6667
      vertex 35.76 6.37895 40
    endloop
  endfacet
  facet normal 1 0 0
    outer loop
      vertex 35.76 5.14041 46.6667
      vertex 35.76 5.49727 36.6667
      vertex 35.76 6.23116 43.3333
    endloop
  endfacet
  facet normal 1 0 0
    outer loop
      vertex 35.76 3.83363 33.3333
      vertex 35.76 5.14041 46.6667
      vertex 35.76 3.98596 50
    endloop
  endfacet
  facet normal 1 0 0
    outer loop
      vertex 35.76 5.14041 46.6667
      vertex 35.76 3.83363 33.3333
      vertex 35.76 5.49727 36.6667
    endloop
  endfacet
  facet normal 1 0 0
    outer loop
      vertex 35.76 5.79825 23.3333
      vertex 35.76 4.88467 16.6667
      vertex 35.76 6.43127 20
    endloop
  endfacet
  facet normal 1 0 0
    outer loop
      vertex 35.76 3.77374 26.6667
      vertex 35.76 4.88467 16.6667
      vertex 35.76 5.79825 23.3333
    endloop
  endfacet
  facet normal 1 0 0
    outer loop
      vertex 35.76 3.77374 26.6667
      vertex 35.76 3.16519 13.3333
      vertex 35.76 4.88467 16.6667
    endloop
  endfacet
  facet normal 1 0 -0
    outer loop
      vertex 35.76 3.16519 13.3333
      vertex 35.76 3.77374 26.6667
      vertex 35.76 2.80602 30
    endloop
  endfacet
  facet normal 1 0 0
    outer loop
      vertex 35.76 0 0
      vertex 35.76 6.2197 3.33333
      vertex 35.76 5.34373 6.66666
    endloop
  endfacet
  facet normal 1 0 0
    outer loop
      vertex 35.76 0 0
      vertex 35.76 5.34373 6.66666
      vertex 35.76 3.48018 10
    endloop
  endfacet
  facet normal 1 0 0
    outer loop
      vertex 35.76 0 0
      vertex 35.76 2.80602 30
      vertex 35.76 0 80
    endloop
  endfacet
  facet normal 1 0 0
    outer loop
      vertex 35.76 6.2197 3.33333
      vertex 35.76 0 0
      vertex 35.76 4.84288 0
    endloop
  endfacet
  facet normal 1 0 0
    outer loop
      vertex 35.76 3.16519 13.3333
      vertex 35.76 0 0
      vertex 35.76 3.48018 10
    endloop
  endfacet
  facet normal 1 0 0
    outer loop
      vertex 35.76 2.80602 30
      vertex 35.76 0 0
      vertex 35.76 3.16519 13.3333
    endloop
  endfacet
  facet normal 0 0.967162 0.254162
    outer loop
      vertex 35.76 6.2197 3.33333
      vertex 32.24 5.34373 6.66666
      vertex 35.76 5.34373 6.66666
    endloop
  endfacet
  facet normal 0 0.967162 0.254162
    outer loop
      vertex 32.24 5.34373 6.66666
      vertex 35.76 6.2197 3.33333
      vertex 32.24 6.2197 3.33333
    endloop
  endfacet
  facet normal 0 0.872854 0.487981
    outer loop
      vertex 35.76 5.34373 6.66666
      vertex 32.24 3.48018 10
      vertex 35.76 3.48018 10
    endloop
  endfacet
  facet normal 0 0.872854 0.487981
    outer loop
      vertex 32.24 3.48018 10
      vertex 35.76 5.34373 6.66666
      vertex 32.24 5.34373 6.66666
    endloop
  endfacet
  facet normal 0 0.995565 0.0940788
    outer loop
      vertex 35.76 3.48018 10
      vertex 32.24 3.16519 13.3333
      vertex 35.76 3.16519 13.3333
    endloop
  endfacet
  facet normal 0 0.995565 0.0940788
    outer loop
      vertex 32.24 3.16519 13.3333
      vertex 35.76 3.48018 10
      vertex 32.24 3.48018 10
    endloop
  endfacet
  facet normal 0 0.888728 -0.458436
    outer loop
      vertex 35.76 3.16519 13.3333
      vertex 32.24 4.88467 16.6667
      vertex 35.76 4.88467 16.6667
    endloop
  endfacet
  facet normal 0 0.888728 -0.458436
    outer loop
      vertex 32.24 4.88467 16.6667
      vertex 35.76 3.16519 13.3333
      vertex 32.24 3.16519 13.3333
    endloop
  endfacet
  facet normal 0 0.907113 -0.420887
    outer loop
      vertex 35.76 4.88467 16.6667
      vertex 32.24 6.43127 20
      vertex 35.76 6.43127 20
    endloop
  endfacet
  facet normal 0 0.907113 -0.420887
    outer loop
      vertex 32.24 6.43127 20
      vertex 35.76 4.88467 16.6667
      vertex 32.24 4.88467 16.6667
    endloop
  endfacet
  facet normal 0 0.982441 0.186573
    outer loop
      vertex 35.76 6.43127 20
      vertex 32.24 5.79825 23.3333
      vertex 35.76 5.79825 23.3333
    endloop
  endfacet
  facet normal 0 0.982441 0.186573
    outer loop
      vertex 32.24 5.79825 23.3333
      vertex 35.76 6.43127 20
      vertex 32.24 6.43127 20
    endloop
  endfacet
  facet normal 0 0.854712 0.519102
    outer loop
      vertex 35.76 5.79825 23.3333
      vertex 32.24 3.77374 26.6667
      vertex 35.76 3.77374 26.6667
    endloop
  endfacet
  facet normal 0 0.854712 0.519102
    outer loop
      vertex 32.24 3.77374 26.6667
      vertex 35.76 5.79825 23.3333
      vertex 32.24 5.79825 23.3333
    endloop
  endfacet
  facet normal 0 0.960347 0.278807
    outer loop
      vertex 35.76 3.77374 26.6667
      vertex 32.24 2.80602 30
      vertex 35.76 2.80602 30
    endloop
  endfacet
  facet normal 0 0.960347 0.278807
    outer loop
      vertex 32.24 2.80602 30
      vertex 35.76 3.77374 26.6667
      vertex 32.24 3.77374 26.6667
    endloop
  endfacet
  facet normal 0 0.955619 -0.294604
    outer loop
      vertex 35.76 2.80602 30
      vertex 32.24 3.83363 33.3333
      vertex 35.76 3.83363 33.3333
    endloop
  endfacet
  facet normal 0 0.955619 -0.294604
    outer loop
      vertex 32.24 3.83363 33.3333
      vertex 35.76 2.80602 30
      vertex 32.24 2.80602 30
    endloop
  endfacet
  facet normal 0 0.894755 -0.446556
    outer loop
      vertex 35.76 3.83363 33.3333
      vertex 32.24 5.49727 36.6667
      vertex 35.76 5.49727 36.6667
    endloop
  endfacet
  facet normal 0 0.894755 -0.446556
    outer loop
      vertex 32.24 5.49727 36.6667
      vertex 35.76 3.83363 33.3333
      vertex 32.24 3.83363 33.3333
    endloop
  endfacet
  facet normal 0 0.966753 -0.255713
    outer loop
      vertex 35.76 5.49727 36.6667
      vertex 32.24 6.37895 40
      vertex 35.76 6.37895 40
    endloop
  endfacet
  facet normal 0 0.966753 -0.255713
    outer loop
      vertex 32.24 6.37895 40
      vertex 35.76 5.49727 36.6667
      vertex 32.24 5.49727 36.6667
    endloop
  endfacet
  facet normal 0 0.999019 0.0442939
    outer loop
      vertex 35.76 6.37895 40
      vertex 32.24 6.23116 43.3333
      vertex 35.76 6.23116 43.3333
    endloop
  endfacet
  facet normal 0 0.999019 0.0442939
    outer loop
      vertex 32.24 6.23116 43.3333
      vertex 35.76 6.37895 40
      vertex 32.24 6.37895 40
    endloop
  endfacet
  facet normal 0 0.950412 0.310992
    outer loop
      vertex 35.76 6.23116 43.3333
      vertex 32.24 5.14041 46.6667
      vertex 35.76 5.14041 46.6667
    endloop
  endfacet
  facet normal 0 0.950412 0.310992
    outer loop
      vertex 32.24 5.14041 46.6667
      vertex 35.76 6.23116 43.3333
      vertex 32.24 6.23116 43.3333
    endloop
  endfacet
  facet normal 0 0.944932 0.327266
    outer loop
      vertex 35.76 5.14041 46.6667
      vertex 32.24 3.98596 50
      vertex 35.76 3.98596 50
    endloop
  endfacet
  facet normal 0 0.944932 0.327266
    outer loop
      vertex 32.24 3.98596 50
      vertex 35.76 5.14041 46.6667
      vertex 32.24 5.14041 46.6667
    endloop
  endfacet
  facet normal 0 0.998783 -0.0493114
    outer loop
      vertex 35.76 3.98596 50
      vertex 32.24 4.15053 53.3333
      vertex 35.76 4.15053 53.3333
    endloop
  endfacet
  facet normal 0 0.998783 -0.0493114
    outer loop
      vertex 32.24 4.15053 53.3333
      vertex 35.76 3.98596 50
      vertex 32.24 3.98596 50
    endloop
  endfacet
  facet normal 0 0.903144 -0.429339
    outer loop
      vertex 35.76 4.15053 53.3333
      vertex 32.24 5.73517 56.6667
      vertex 35.76 5.73517 56.6667
    endloop
  endfacet
  facet normal 0 0.903144 -0.429339
    outer loop
      vertex 32.24 5.73517 56.6667
      vertex 35.76 4.15053 53.3333
      vertex 32.24 4.15053 53.3333
    endloop
  endfacet
  facet normal 0 0.905288 -0.424798
    outer loop
      vertex 35.76 5.73517 56.6667
      vertex 32.24 7.29929 60
      vertex 35.76 7.29929 60
    endloop
  endfacet
  facet normal 0 0.905288 -0.424798
    outer loop
      vertex 32.24 7.29929 60
      vertex 35.76 5.73517 56.6667
      vertex 32.24 5.73517 56.6667
    endloop
  endfacet
  facet normal 0 0.998416 -0.0562663
    outer loop
      vertex 35.76 7.29929 60
      vertex 32.24 7.48714 63.3333
      vertex 35.76 7.48714 63.3333
    endloop
  endfacet
  facet normal 0 0.998416 -0.0562663
    outer loop
      vertex 32.24 7.48714 63.3333
      vertex 35.76 7.29929 60
      vertex 32.24 7.29929 60
    endloop
  endfacet
  facet normal 0 0.945532 0.32553
    outer loop
      vertex 35.76 7.48714 63.3333
      vertex 32.24 6.33951 66.6667
      vertex 35.76 6.33951 66.6667
    endloop
  endfacet
  facet normal 0 0.945532 0.32553
    outer loop
      vertex 32.24 6.33951 66.6667
      vertex 35.76 7.48714 63.3333
      vertex 32.24 7.48714 63.3333
    endloop
  endfacet
  facet normal 0 0.927602 0.37357
    outer loop
      vertex 35.76 6.33951 66.6667
      vertex 32.24 4.9971 70
      vertex 35.76 4.9971 70
    endloop
  endfacet
  facet normal 0 0.927602 0.37357
    outer loop
      vertex 32.24 4.9971 70
      vertex 35.76 6.33951 66.6667
      vertex 32.24 6.33951 66.6667
    endloop
  endfacet
  facet normal 0 0.990341 0.138656
    outer loop
      vertex 35.76 4.9971 70
      vertex 32.24 4.53041 73.3333
      vertex 35.76 4.53041 73.3333
    endloop
  endfacet
  facet normal 0 0.990341 0.138656
    outer loop
      vertex 32.24 4.53041 73.3333
      vertex 35.76 4.9971 70
      vertex 32.24 4.9971 70
    endloop
  endfacet
  facet normal 0 0.982882 -0.184237
    outer loop
      vertex 35.76 4.53041 73.3333
      vertex 32.24 5.15524 76.6667
      vertex 35.76 5.15524 76.6667
    endloop
  endfacet
  facet normal 0 0.982882 -0.184237
    outer loop
      vertex 32.24 5.15524 76.6667
      vertex 35.76 4.53041 73.3333
      vertex 32.24 4.53041 73.3333
    endloop
  endfacet
  facet normal 0 0.947444 -0.319922
    outer loop
      vertex 35.76 5.15524 76.6667
      vertex 32.24 6.28079 80
      vertex 35.76 6.28079 80
    endloop
  endfacet
  facet normal 0 0.947444 -0.319922
    outer loop
      vertex 32.24 6.28079 80
      vertex 35.76 5.15524 76.6667
      vertex 32.24 5.15524 76.6667
    endloop
  endfacet
  facet normal 0 0.92426 -0.381762
    outer loop
      vertex 35.76 4.84288 0
      vertex 32.24 6.2197 3.33333
      vertex 35.76 6.2197 3.33333
    endloop
  endfacet
  facet normal 0 0.92426 -0.381762
    outer loop
      vertex 32.24 6.2197 3.33333
      vertex 35.76 4.84288 0
      vertex 32.24 4.84288 0
    endloop
  endfacet
  facet normal -1 0 0
    outer loop
      vertex 36.24 0 0
      vertex 36.24 6.0092 3.33333
      vertex 36.24 4.80708 0
    endloop
  endfacet
  facet normal -1 -0 0
    outer loop
      vertex 36.24 6.0092 3.33333
      vertex 36.24 0 0
      vertex 36.24 4.88362 6.66666
    endloop
  endfacet
  facet normal -1 0 0
    outer loop
      vertex 36.24 0 0
      vertex 36.24 3.00864 13.3333
      vertex 36.24 3.02237 10
    endloop
  endfacet
  facet normal -1 -0 0
    outer loop
      vertex 36.24 3.00864 13.3333
      vertex 36.24 0 0
      vertex 36.24 2.8786 26.6667
    endloop
  endfacet
  facet normal -1 -0 0
    outer loop
      vertex 36.24 2.8786 26.6667
      vertex 36.24 0 0
      vertex 36.24 2.83823 30
    endloop
  endfacet
  facet normal -1 -0 0
    outer loop
      vertex 36.24 4.88362 6.66666
      vertex 36.24 0 0
      vertex 36.24 3.02237 10
    endloop
  endfacet
  facet normal -1 0 0
    outer loop
      vertex 36.24 4.93146 16.6667
      vertex 36.24 4.95009 23.3333
      vertex 36.24 6.17311 20
    endloop
  endfacet
  facet normal -1 0 0
    outer loop
      vertex 36.24 2.8786 26.6667
      vertex 36.24 4.93146 16.6667
      vertex 36.24 3.00864 13.3333
    endloop
  endfacet
  facet normal -1 0 0
    outer loop
      vertex 36.24 4.93146 16.6667
      vertex 36.24 2.8786 26.6667
      vertex 36.24 4.95009 23.3333
    endloop
  endfacet
  facet normal -1 0 0
    outer loop
      vertex 36.24 6.90335 40
      vertex 36.24 6.18242 46.6667
      vertex 36.24 7.15833 43.3333
    endloop
  endfacet
  facet normal -1 0 0
    outer loop
      vertex 36.24 4.97008 33.3333
      vertex 36.24 6.90335 40
      vertex 36.24 6.67238 36.6667
    endloop
  endfacet
  facet normal -1 0 0
    outer loop
      vertex 36.24 4.36264 50
      vertex 36.24 6.90335 40
      vertex 36.24 4.97008 33.3333
    endloop
  endfacet
  facet normal -1 0 0
    outer loop
      vertex 36.24 6.90335 40
      vertex 36.24 4.36264 50
      vertex 36.24 6.18242 46.6667
    endloop
  endfacet
  facet normal -1 0 0
    outer loop
      vertex 36.24 2.83823 30
      vertex 36.24 4.36264 50
      vertex 36.24 4.97008 33.3333
    endloop
  endfacet
  facet normal -1 -0 0
    outer loop
      vertex 36.24 4.36264 50
      vertex 36.24 2.83823 30
      vertex 36.24 3.99095 53.3333
    endloop
  endfacet
  facet normal -1 0 0
    outer loop
      vertex 36.24 7.34741 60
      vertex 36.24 6.27785 66.6667
      vertex 36.24 7.54671 63.3333
    endloop
  endfacet
  facet normal -1 0 0
    outer loop
      vertex 36.24 5.58623 56.6667
      vertex 36.24 6.27785 66.6667
      vertex 36.24 7.34741 60
    endloop
  endfacet
  facet normal -1 0 0
    outer loop
      vertex 36.24 5.58623 56.6667
      vertex 36.24 4.90596 70
      vertex 36.24 6.27785 66.6667
    endloop
  endfacet
  facet normal -1 0 0
    outer loop
      vertex 36.24 3.99095 53.3333
      vertex 36.24 4.90596 70
      vertex 36.24 5.58623 56.6667
    endloop
  endfacet
  facet normal -1 0 0
    outer loop
      vertex 36.24 0 80
      vertex 36.24 4.90596 70
      vertex 36.24 3.99095 53.3333
    endloop
  endfacet
  facet normal -1 0 0
    outer loop
      vertex 36.24 0 80
      vertex 36.24 3.99095 53.3333
      vertex 36.24 2.83823 30
    endloop
  endfacet
  facet normal -1 0 0
    outer loop
      vertex 36.24 0 80
      vertex 36.24 2.83823 30
      vertex 36.24 0 0
    endloop
  endfacet
  facet normal -1 0 0
    outer loop
      vertex 36.24 5.28548 76.6667
      vertex 36.24 0 80
      vertex 36.24 6.37891 80
    endloop
  endfacet
  facet normal -1 0 0
    outer loop
      vertex 36.24 4.55083 73.3333
      vertex 36.24 0 80
      vertex 36.24 5.28548 76.6667
    endloop
  endfacet
  facet normal -1 0 0
    outer loop
      vertex 36.24 4.90596 70
      vertex 36.24 0 80
      vertex 36.24 4.55083 73.3333
    endloop
  endfacet
  facet normal 1 0 0
    outer loop
      vertex 39.76 4.90596 70
      vertex 39.76 0 80
      vertex 39.76 3.99095 53.3333
    endloop
  endfacet
  facet normal 1 0 0
    outer loop
      vertex 39.76 3.99095 53.3333
      vertex 39.76 0 80
      vertex 39.76 2.83823 30
    endloop
  endfacet
  facet normal 1 0 0
    outer loop
      vertex 39.76 5.28548 76.6667
      vertex 39.76 0 80
      vertex 39.76 4.55083 73.3333
    endloop
  endfacet
  facet normal 1 -0 0
    outer loop
      vertex 39.76 0 80
      vertex 39.76 5.28548 76.6667
      vertex 39.76 6.37891 80
    endloop
  endfacet
  facet normal 1 0 0
    outer loop
      vertex 39.76 6.27785 66.6667
      vertex 39.76 7.34741 60
      vertex 39.76 7.54671 63.3333
    endloop
  endfacet
  facet normal 1 0 0
    outer loop
      vertex 39.76 6.27785 66.6667
      vertex 39.76 5.58623 56.6667
      vertex 39.76 7.34741 60
    endloop
  endfacet
  facet normal 1 0 0
    outer loop
      vertex 39.76 4.90596 70
      vertex 39.76 5.58623 56.6667
      vertex 39.76 6.27785 66.6667
    endloop
  endfacet
  facet normal 1 0 0
    outer loop
      vertex 39.76 0 80
      vertex 39.76 4.90596 70
      vertex 39.76 4.55083 73.3333
    endloop
  endfacet
  facet normal 1 0 0
    outer loop
      vertex 39.76 4.90596 70
      vertex 39.76 3.99095 53.3333
      vertex 39.76 5.58623 56.6667
    endloop
  endfacet
  facet normal 1 0 0
    outer loop
      vertex 39.76 6.18242 46.6667
      vertex 39.76 6.90335 40
      vertex 39.76 7.15833 43.3333
    endloop
  endfacet
  facet normal 1 0 0
    outer loop
      vertex 39.76 4.36264 50
      vertex 39.76 6.90335 40
      vertex 39.76 6.18242 46.6667
    endloop
  endfacet
  facet normal 1 0 0
    outer loop
      vertex 39.76 6.90335 40
      vertex 39.76 4.97008 33.3333
      vertex 39.76 6.67238 36.6667
    endloop
  endfacet
  facet normal 1 0 0
    outer loop
      vertex 39.76 6.90335 40
      vertex 39.76 4.36264 50
      vertex 39.76 4.97008 33.3333
    endloop
  endfacet
  facet normal 1 0 0
    outer loop
      vertex 39.76 2.83823 30
      vertex 39.76 4.36264 50
      vertex 39.76 3.99095 53.3333
    endloop
  endfacet
  facet normal 1 0 0
    outer loop
      vertex 39.76 4.36264 50
      vertex 39.76 2.83823 30
      vertex 39.76 4.97008 33.3333
    endloop
  endfacet
  facet normal 1 0 0
    outer loop
      vertex 39.76 4.95009 23.3333
      vertex 39.76 4.93146 16.6667
      vertex 39.76 6.17311 20
    endloop
  endfacet
  facet normal 1 0 0
    outer loop
      vertex 39.76 2.8786 26.6667
      vertex 39.76 4.93146 16.6667
      vertex 39.76 4.95009 23.3333
    endloop
  endfacet
  facet normal 1 0 0
    outer loop
      vertex 39.76 4.93146 16.6667
      vertex 39.76 2.8786 26.6667
      vertex 39.76 3.00864 13.3333
    endloop
  endfacet
  facet normal 1 0 0
    outer loop
      vertex 39.76 0 0
      vertex 39.76 6.0092 3.33333
      vertex 39.76 4.88362 6.66666
    endloop
  endfacet
  facet normal 1 0 0
    outer loop
      vertex 39.76 0 0
      vertex 39.76 4.88362 6.66666
      vertex 39.76 3.02237 10
    endloop
  endfacet
  facet normal 1 0 0
    outer loop
      vertex 39.76 0 0
      vertex 39.76 3.00864 13.3333
      vertex 39.76 2.8786 26.6667
    endloop
  endfacet
  facet normal 1 0 0
    outer loop
      vertex 39.76 0 0
      vertex 39.76 2.8786 26.6667
      vertex 39.76 2.83823 30
    endloop
  endfacet
  facet normal 1 0 0
    outer loop
      vertex 39.76 0 0
      vertex 39.76 2.83823 30
      vertex 39.76 0 80
    endloop
  endfacet
  facet normal 1 0 0
    outer loop
      vertex 39.76 6.0092 3.33333
      vertex 39.76 0 0
      vertex 39.76 4.80708 0
    endloop
  endfacet
  facet normal 1 0 0
    outer loop
      vertex 39.76 3.00864 13.3333
      vertex 39.76 0 0
      vertex 39.76 3.02237 10
    endloop
  endfacet
  facet normal 0 0.947442 0.319927
    outer loop
      vertex 39.76 6.0092 3.33333
      vertex 36.24 4.88362 6.66666
      vertex 39.76 4.88362 6.66666
    endloop
  endfacet
  facet normal 0 0.947442 0.319927
    outer loop
      vertex 36.24 4.88362 6.66666
      vertex 39.76 6.0092 3.33333
      vertex 36.24 6.0092 3.33333
    endloop
  endfacet
  facet normal 0 0.873111 0.487522
    outer loop
      vertex 39.76 4.88362 6.66666
      vertex 36.24 3.02237 10
      vertex 39.76 3.02237 10
    endloop
  endfacet
  facet normal 0 0.873111 0.487522
    outer loop
      vertex 36.24 3.02237 10
      vertex 39.76 4.88362 6.66666
      vertex 36.24 4.88362 6.66666
    endloop
  endfacet
  facet normal 0 0.999992 0.00411901
    outer loop
      vertex 39.76 3.02237 10
      vertex 36.24 3.00864 13.3333
      vertex 39.76 3.00864 13.3333
    endloop
  endfacet
  facet normal 0 0.999992 0.00411901
    outer loop
      vertex 36.24 3.00864 13.3333
      vertex 39.76 3.02237 10
      vertex 36.24 3.02237 10
    endloop
  endfacet
  facet normal 0 0.866219 -0.499665
    outer loop
      vertex 39.76 3.00864 13.3333
      vertex 36.24 4.93146 16.6667
      vertex 39.76 4.93146 16.6667
    endloop
  endfacet
  facet normal 0 0.866219 -0.499665
    outer loop
      vertex 36.24 4.93146 16.6667
      vertex 39.76 3.00864 13.3333
      vertex 36.24 3.00864 13.3333
    endloop
  endfacet
  facet normal 0 0.937098 -0.349068
    outer loop
      vertex 39.76 4.93146 16.6667
      vertex 36.24 6.17311 20
      vertex 39.76 6.17311 20
    endloop
  endfacet
  facet normal 0 0.937098 -0.349068
    outer loop
      vertex 36.24 6.17311 20
      vertex 39.76 4.93146 16.6667
      vertex 36.24 4.93146 16.6667
    endloop
  endfacet
  facet normal 0 0.938803 0.344456
    outer loop
      vertex 39.76 6.17311 20
      vertex 36.24 4.95009 23.3333
      vertex 39.76 4.95009 23.3333
    endloop
  endfacet
  facet normal 0 0.938803 0.344456
    outer loop
      vertex 36.24 4.95009 23.3333
      vertex 39.76 6.17311 20
      vertex 36.24 6.17311 20
    endloop
  endfacet
  facet normal 0 0.849357 0.52782
    outer loop
      vertex 39.76 4.95009 23.3333
      vertex 36.24 2.8786 26.6667
      vertex 39.76 2.8786 26.6667
    endloop
  endfacet
  facet normal 0 0.849357 0.52782
    outer loop
      vertex 36.24 2.8786 26.6667
      vertex 39.76 4.95009 23.3333
      vertex 36.24 4.95009 23.3333
    endloop
  endfacet
  facet normal 0 0.999927 0.0121102
    outer loop
      vertex 39.76 2.8786 26.6667
      vertex 36.24 2.83823 30
      vertex 39.76 2.83823 30
    endloop
  endfacet
  facet normal 0 0.999927 0.0121102
    outer loop
      vertex 36.24 2.83823 30
      vertex 39.76 2.8786 26.6667
      vertex 36.24 2.8786 26.6667
    endloop
  endfacet
  facet normal 0 0.842439 -0.538792
    outer loop
      vertex 39.76 2.83823 30
      vertex 36.24 4.97008 33.3333
      vertex 39.76 4.97008 33.3333
    endloop
  endfacet
  facet normal 0 0.842439 -0.538792
    outer loop
      vertex 36.24 4.97008 33.3333
      vertex 39.76 2.83823 30
      vertex 36.24 2.83823 30
    endloop
  endfacet
  facet normal 0 0.89059 -0.454806
    outer loop
      vertex 39.76 4.97008 33.3333
      vertex 36.24 6.67238 36.6667
      vertex 39.76 6.67238 36.6667
    endloop
  endfacet
  facet normal 0 0.89059 -0.454806
    outer loop
      vertex 36.24 6.67238 36.6667
      vertex 39.76 4.97008 33.3333
      vertex 36.24 4.97008 33.3333
    endloop
  endfacet
  facet normal 0 0.997608 -0.0691259
    outer loop
      vertex 39.76 6.67238 36.6667
      vertex 36.24 6.90335 40
      vertex 39.76 6.90335 40
    endloop
  endfacet
  facet normal 0 0.997608 -0.0691259
    outer loop
      vertex 36.24 6.90335 40
      vertex 39.76 6.67238 36.6667
      vertex 36.24 6.67238 36.6667
    endloop
  endfacet
  facet normal 0 0.997087 -0.0762719
    outer loop
      vertex 39.76 6.90335 40
      vertex 36.24 7.15833 43.3333
      vertex 39.76 7.15833 43.3333
    endloop
  endfacet
  facet normal 0 0.997087 -0.0762719
    outer loop
      vertex 36.24 7.15833 43.3333
      vertex 39.76 6.90335 40
      vertex 36.24 6.90335 40
    endloop
  endfacet
  facet normal 0 0.959716 0.280973
    outer loop
      vertex 39.76 7.15833 43.3333
      vertex 36.24 6.18242 46.6667
      vertex 39.76 6.18242 46.6667
    endloop
  endfacet
  facet normal 0 0.959716 0.280973
    outer loop
      vertex 36.24 6.18242 46.6667
      vertex 39.76 7.15833 43.3333
      vertex 36.24 7.15833 43.3333
    endloop
  endfacet
  facet normal 0 0.877717 0.47918
    outer loop
      vertex 39.76 6.18242 46.6667
      vertex 36.24 4.36264 50
      vertex 39.76 4.36264 50
    endloop
  endfacet
  facet normal 0 0.877717 0.47918
    outer loop
      vertex 36.24 4.36264 50
      vertex 39.76 6.18242 46.6667
      vertex 36.24 6.18242 46.6667
    endloop
  endfacet
  facet normal 0 0.99384 0.110821
    outer loop
      vertex 39.76 4.36264 50
      vertex 36.24 3.99095 53.3333
      vertex 39.76 3.99095 53.3333
    endloop
  endfacet
  facet normal 0 0.99384 0.110821
    outer loop
      vertex 36.24 3.99095 53.3333
      vertex 39.76 4.36264 50
      vertex 36.24 4.36264 50
    endloop
  endfacet
  facet normal 0 0.902024 -0.431686
    outer loop
      vertex 39.76 3.99095 53.3333
      vertex 36.24 5.58623 56.6667
      vertex 39.76 5.58623 56.6667
    endloop
  endfacet
  facet normal 0 0.902024 -0.431686
    outer loop
      vertex 36.24 5.58623 56.6667
      vertex 39.76 3.99095 53.3333
      vertex 36.24 3.99095 53.3333
    endloop
  endfacet
  facet normal 0 0.884172 -0.467161
    outer loop
      vertex 39.76 5.58623 56.6667
      vertex 36.24 7.34741 60
      vertex 39.76 7.34741 60
    endloop
  endfacet
  facet normal 0 0.884172 -0.467161
    outer loop
      vertex 36.24 7.34741 60
      vertex 39.76 5.58623 56.6667
      vertex 36.24 5.58623 56.6667
    endloop
  endfacet
  facet normal 0 0.998217 -0.059684
    outer loop
      vertex 39.76 7.34741 60
      vertex 36.24 7.54671 63.3333
      vertex 39.76 7.54671 63.3333
    endloop
  endfacet
  facet normal 0 0.998217 -0.059684
    outer loop
      vertex 36.24 7.54671 63.3333
      vertex 39.76 7.34741 60
      vertex 36.24 7.34741 60
    endloop
  endfacet
  facet normal 0 0.934582 0.355749
    outer loop
      vertex 39.76 7.54671 63.3333
      vertex 36.24 6.27785 66.6667
      vertex 39.76 6.27785 66.6667
    endloop
  endfacet
  facet normal 0 0.934582 0.355749
    outer loop
      vertex 36.24 6.27785 66.6667
      vertex 39.76 7.54671 63.3333
      vertex 36.24 7.54671 63.3333
    endloop
  endfacet
  facet normal 0 0.924741 0.380597
    outer loop
      vertex 39.76 6.27785 66.6667
      vertex 36.24 4.90596 70
      vertex 39.76 4.90596 70
    endloop
  endfacet
  facet normal 0 0.924741 0.380597
    outer loop
      vertex 36.24 4.90596 70
      vertex 39.76 6.27785 66.6667
      vertex 36.24 6.27785 66.6667
    endloop
  endfacet
  facet normal 0 0.994372 0.105941
    outer loop
      vertex 39.76 4.90596 70
      vertex 36.24 4.55083 73.3333
      vertex 39.76 4.55083 73.3333
    endloop
  endfacet
  facet normal 0 0.994372 0.105941
    outer loop
      vertex 36.24 4.55083 73.3333
      vertex 39.76 4.90596 70
      vertex 36.24 4.90596 70
    endloop
  endfacet
  facet normal 0 0.976564 -0.215226
    outer loop
      vertex 39.76 4.55083 73.3333
      vertex 36.24 5.28548 76.6667
      vertex 39.76 5.28548 76.6667
    endloop
  endfacet
  facet normal 0 0.976564 -0.215226
    outer loop
      vertex 36.24 5.28548 76.6667
      vertex 39.76 4.55083 73.3333
      vertex 36.24 4.55083 73.3333
    endloop
  endfacet
  facet normal 0 0.950184 -0.311691
    outer loop
      vertex 39.76 5.28548 76.6667
      vertex 36.24 6.37891 80
      vertex 39.76 6.37891 80
    endloop
  endfacet
  facet normal 0 0.950184 -0.311691
    outer loop
      vertex 36.24 6.37891 80
      vertex 39.76 5.28548 76.6667
      vertex 36.24 5.28548 76.6667
    endloop
  endfacet
  facet normal 0 0.940696 -0.339249
    outer loop
      vertex 39.76 4.80708 0
      vertex 36.24 6.0092 3.33333
      vertex 39.76 6.0092 3.33333
    endloop
  endfacet
  facet normal 0 0.940696 -0.339249
    outer loop
      vertex 36.24 6.0092 3.33333
      vertex 39.76 4.80708 0
      vertex 36.24 4.80708 0
    endloop
  endfacet
  facet normal -1 0 0
    outer loop
      vertex 40.24 0 0
      vertex 40.24 5.77997 3.33333
      vertex 40.24 4.55212 0
    endloop
  endfacet
  facet normal -1 -0 0
    outer loop
      vertex 40.24 5.77997 3.33333
      vertex 40.24 0 0
      vertex 40.24 4.64929 6.66666
    endloop
  endfacet
  facet normal -1 -0 0
    outer loop
      vertex 40.24 2.68864 13.3333
      vertex 40.24 0 0
      vertex 40.24 2.49506 26.6667
    endloop
  endfacet
  facet normal -1 -0 0
    outer loop
      vertex 40.24 2.73792 10
      vertex 40.24 0 0
      vertex 40.24 2.68864 13.3333
    endloop
  endfacet
  facet normal -1 -0 0
    outer loop
      vertex 40.24 4.64929 6.66666
      vertex 40.24 0 0
      vertex 40.24 2.73792 10
    endloop
  endfacet
  facet normal -1 0 0
    outer loop
      vertex 40.24 4.61995 16.6667
      vertex 40.24 4.51952 23.3333
      vertex 40.24 5.83435 20
    endloop
  endfacet
  facet normal -1 0 0
    outer loop
      vertex 40.24 2.68864 13.3333
      vertex 40.24 4.51952 23.3333
      vertex 40.24 4.61995 16.6667
    endloop
  endfacet
  facet normal -1 -0 0
    outer loop
      vertex 40.24 4.51952 23.3333
      vertex 40.24 2.68864 13.3333
      vertex 40.24 2.49506 26.6667
    endloop
  endfacet
  facet normal -1 0 0
    outer loop
      vertex 40.24 5.80997 56.6667
      vertex 40.24 7.36206 63.3333
      vertex 40.24 7.49271 60
    endloop
  endfacet
  facet normal -1 -0 0
    outer loop
      vertex 40.24 7.36206 63.3333
      vertex 40.24 5.80997 56.6667
      vertex 40.24 5.88298 66.6667
    endloop
  endfacet
  facet normal -1 0 0
    outer loop
      vertex 40.24 4.03308 53.3333
      vertex 40.24 5.88298 66.6667
      vertex 40.24 5.80997 56.6667
    endloop
  endfacet
  facet normal -1 0 0
    outer loop
      vertex 40.24 0 80
      vertex 40.24 4.63904 70
      vertex 40.24 4.03308 53.3333
    endloop
  endfacet
  facet normal -1 -0 0
    outer loop
      vertex 40.24 5.88298 66.6667
      vertex 40.24 4.03308 53.3333
      vertex 40.24 4.63904 70
    endloop
  endfacet
  facet normal -1 -0 0
    outer loop
      vertex 40.24 6.57501 36.6667
      vertex 40.24 5.27643 33.3333
      vertex 40.24 5.3985 40
    endloop
  endfacet
  facet normal -1 0 0
    outer loop
      vertex 40.24 5.3985 40
      vertex 40.24 6.32756 46.6667
      vertex 40.24 7.01889 43.3333
    endloop
  endfacet
  facet normal -1 0 0
    outer loop
      vertex 40.24 5.3985 40
      vertex 40.24 4.3515 50
      vertex 40.24 6.32756 46.6667
    endloop
  endfacet
  facet normal -1 0 0
    outer loop
      vertex 40.24 2.81453 30
      vertex 40.24 5.3985 40
      vertex 40.24 5.27643 33.3333
    endloop
  endfacet
  facet normal -1 -0 0
    outer loop
      vertex 40.24 5.3985 40
      vertex 40.24 2.81453 30
      vertex 40.24 4.3515 50
    endloop
  endfacet
  facet normal -1 -0 0
    outer loop
      vertex 40.24 4.3515 50
      vertex 40.24 2.81453 30
      vertex 40.24 4.03308 53.3333
    endloop
  endfacet
  facet normal -1 0 0
    outer loop
      vertex 40.24 0 80
      vertex 40.24 4.03308 53.3333
      vertex 40.24 2.81453 30
    endloop
  endfacet
  facet normal -1 0 0
    outer loop
      vertex 40.24 0 80
      vertex 40.24 2.81453 30
      vertex 40.24 2.49506 26.6667
    endloop
  endfacet
  facet normal -1 0 0
    outer loop
      vertex 40.24 0 80
      vertex 40.24 2.49506 26.6667
      vertex 40.24 0 0
    endloop
  endfacet
  facet normal -1 0 0
    outer loop
      vertex 40.24 5.51756 76.6667
      vertex 40.24 0 80
      vertex 40.24 6.52063 80
    endloop
  endfacet
  facet normal -1 0 0
    outer loop
      vertex 40.24 4.59451 73.3333
      vertex 40.24 0 80
      vertex 40.24 5.51756 76.6667
    endloop
  endfacet
  facet normal -1 0 0
    outer loop
      vertex 40.24 4.63904 70
      vertex 40.24 0 80
      vertex 40.24 4.59451 73.3333
    endloop
  endfacet
  facet normal 1 0 0
    outer loop
      vertex 43.76 4.63904 70
      vertex 43.76 0 80
      vertex 43.76 4.03308 53.3333
    endloop
  endfacet
  facet normal 1 0 0
    outer loop
      vertex 43.76 4.03308 53.3333
      vertex 43.76 0 80
      vertex 43.76 2.81453 30
    endloop
  endfacet
  facet normal 1 0 0
    outer loop
      vertex 43.76 2.81453 30
      vertex 43.76 0 80
      vertex 43.76 2.49506 26.6667
    endloop
  endfacet
  facet normal 1 0 0
    outer loop
      vertex 43.76 5.51756 76.6667
      vertex 43.76 0 80
      vertex 43.76 4.59451 73.3333
    endloop
  endfacet
  facet normal 1 -0 0
    outer loop
      vertex 43.76 0 80
      vertex 43.76 5.51756 76.6667
      vertex 43.76 6.52063 80
    endloop
  endfacet
  facet normal 1 0 0
    outer loop
      vertex 43.76 5.80997 56.6667
      vertex 43.76 7.36206 63.3333
      vertex 43.76 5.88298 66.6667
    endloop
  endfacet
  facet normal 1 0 0
    outer loop
      vertex 43.76 7.36206 63.3333
      vertex 43.76 5.80997 56.6667
      vertex 43.76 7.49271 60
    endloop
  endfacet
  facet normal 1 0 0
    outer loop
      vertex 43.76 4.03308 53.3333
      vertex 43.76 5.88298 66.6667
      vertex 43.76 4.63904 70
    endloop
  endfacet
  facet normal 1 0 0
    outer loop
      vertex 43.76 5.88298 66.6667
      vertex 43.76 4.03308 53.3333
      vertex 43.76 5.80997 56.6667
    endloop
  endfacet
  facet normal 1 0 0
    outer loop
      vertex 43.76 0 80
      vertex 43.76 4.63904 70
      vertex 43.76 4.59451 73.3333
    endloop
  endfacet
  facet normal 1 0 0
    outer loop
      vertex 43.76 6.32756 46.6667
      vertex 43.76 5.3985 40
      vertex 43.76 7.01889 43.3333
    endloop
  endfacet
  facet normal 1 0 0
    outer loop
      vertex 43.76 4.3515 50
      vertex 43.76 5.3985 40
      vertex 43.76 6.32756 46.6667
    endloop
  endfacet
  facet normal 1 0 0
    outer loop
      vertex 43.76 2.81453 30
      vertex 43.76 5.3985 40
      vertex 43.76 4.3515 50
    endloop
  endfacet
  facet normal 1 0 0
    outer loop
      vertex 43.76 2.81453 30
      vertex 43.76 4.3515 50
      vertex 43.76 4.03308 53.3333
    endloop
  endfacet
  facet normal 1 0 0
    outer loop
      vertex 43.76 5.3985 40
      vertex 43.76 2.81453 30
      vertex 43.76 5.27643 33.3333
    endloop
  endfacet
  facet normal 1 0 0
    outer loop
      vertex 43.76 6.57501 36.6667
      vertex 43.76 5.3985 40
      vertex 43.76 5.27643 33.3333
    endloop
  endfacet
  facet normal 1 0 0
    outer loop
      vertex 43.76 4.51952 23.3333
      vertex 43.76 4.61995 16.6667
      vertex 43.76 5.83435 20
    endloop
  endfacet
  facet normal 1 0 0
    outer loop
      vertex 43.76 4.51952 23.3333
      vertex 43.76 2.68864 13.3333
      vertex 43.76 4.61995 16.6667
    endloop
  endfacet
  facet normal 1 0 -0
    outer loop
      vertex 43.76 2.68864 13.3333
      vertex 43.76 4.51952 23.3333
      vertex 43.76 2.49506 26.6667
    endloop
  endfacet
  facet normal 1 0 0
    outer loop
      vertex 43.76 0 0
      vertex 43.76 5.77997 3.33333
      vertex 43.76 4.64929 6.66666
    endloop
  endfacet
  facet normal 1 0 0
    outer loop
      vertex 43.76 0 0
      vertex 43.76 4.64929 6.66666
      vertex 43.76 2.73792 10
    endloop
  endfacet
  facet normal 1 0 0
    outer loop
      vertex 43.76 0 0
      vertex 43.76 2.49506 26.6667
      vertex 43.76 0 80
    endloop
  endfacet
  facet normal 1 0 0
    outer loop
      vertex 43.76 2.49506 26.6667
      vertex 43.76 0 0
      vertex 43.76 2.68864 13.3333
    endloop
  endfacet
  facet normal 1 0 0
    outer loop
      vertex 43.76 5.77997 3.33333
      vertex 43.76 0 0
      vertex 43.76 4.55212 0
    endloop
  endfacet
  facet normal 1 0 0
    outer loop
      vertex 43.76 2.68864 13.3333
      vertex 43.76 0 0
      vertex 43.76 2.73792 10
    endloop
  endfacet
  facet normal 0 0.947002 0.321227
    outer loop
      vertex 43.76 5.77997 3.33333
      vertex 40.24 4.64929 6.66666
      vertex 43.76 4.64929 6.66666
    endloop
  endfacet
  facet normal 0 0.947002 0.321227
    outer loop
      vertex 40.24 4.64929 6.66666
      vertex 43.76 5.77997 3.33333
      vertex 40.24 5.77997 3.33333
    endloop
  endfacet
  facet normal 0 0.867502 0.497434
    outer loop
      vertex 43.76 4.64929 6.66666
      vertex 40.24 2.73792 10
      vertex 43.76 2.73792 10
    endloop
  endfacet
  facet normal 0 0.867502 0.497434
    outer loop
      vertex 40.24 2.73792 10
      vertex 43.76 4.64929 6.66666
      vertex 40.24 4.64929 6.66666
    endloop
  endfacet
  facet normal 0 0.999891 0.0147825
    outer loop
      vertex 43.76 2.73792 10
      vertex 40.24 2.68864 13.3333
      vertex 43.76 2.68864 13.3333
    endloop
  endfacet
  facet normal 0 0.999891 0.0147825
    outer loop
      vertex 40.24 2.68864 13.3333
      vertex 43.76 2.73792 10
      vertex 40.24 2.73792 10
    endloop
  endfacet
  facet normal 0 0.865263 -0.501318
    outer loop
      vertex 43.76 2.68864 13.3333
      vertex 40.24 4.61995 16.6667
      vertex 43.76 4.61995 16.6667
    endloop
  endfacet
  facet normal 0 0.865263 -0.501318
    outer loop
      vertex 40.24 4.61995 16.6667
      vertex 43.76 2.68864 13.3333
      vertex 40.24 2.68864 13.3333
    endloop
  endfacet
  facet normal 0 0.939586 -0.342313
    outer loop
      vertex 43.76 4.61995 16.6667
      vertex 40.24 5.83435 20
      vertex 43.76 5.83435 20
    endloop
  endfacet
  facet normal 0 0.939586 -0.342313
    outer loop
      vertex 40.24 5.83435 20
      vertex 43.76 4.61995 16.6667
      vertex 40.24 4.61995 16.6667
    endloop
  endfacet
  facet normal 0 0.930245 0.366938
    outer loop
      vertex 43.76 5.83435 20
      vertex 40.24 4.51952 23.3333
      vertex 43.76 4.51952 23.3333
    endloop
  endfacet
  facet normal 0 0.930245 0.366938
    outer loop
      vertex 40.24 4.51952 23.3333
      vertex 43.76 5.83435 20
      vertex 40.24 5.83435 20
    endloop
  endfacet
  facet normal 0 0.854718 0.519092
    outer loop
      vertex 43.76 4.51952 23.3333
      vertex 40.24 2.49506 26.6667
      vertex 43.76 2.49506 26.6667
    endloop
  endfacet
  facet normal 0 0.854718 0.519092
    outer loop
      vertex 40.24 2.49506 26.6667
      vertex 43.76 4.51952 23.3333
      vertex 40.24 4.51952 23.3333
    endloop
  endfacet
  facet normal 0 0.995439 -0.0954048
    outer loop
      vertex 43.76 2.49506 26.6667
      vertex 40.24 2.81453 30
      vertex 43.76 2.81453 30
    endloop
  endfacet
  facet normal 0 0.995439 -0.0954048
    outer loop
      vertex 40.24 2.81453 30
      vertex 43.76 2.49506 26.6667
      vertex 40.24 2.49506 26.6667
    endloop
  endfacet
  facet normal 0 0.804389 -0.594103
    outer loop
      vertex 43.76 2.81453 30
      vertex 40.24 5.27643 33.3333
      vertex 43.76 5.27643 33.3333
    endloop
  endfacet
  facet normal 0 0.804389 -0.594103
    outer loop
      vertex 40.24 5.27643 33.3333
      vertex 43.76 2.81453 30
      vertex 40.24 2.81453 30
    endloop
  endfacet
  facet normal 0 0.931791 -0.362994
    outer loop
      vertex 43.76 5.27643 33.3333
      vertex 40.24 6.57501 36.6667
      vertex 43.76 6.57501 36.6667
    endloop
  endfacet
  facet normal 0 0.931791 -0.362994
    outer loop
      vertex 40.24 6.57501 36.6667
      vertex 43.76 5.27643 33.3333
      vertex 40.24 5.27643 33.3333
    endloop
  endfacet
  facet normal 0 0.942986 0.332833
    outer loop
      vertex 43.76 6.57501 36.6667
      vertex 40.24 5.3985 40
      vertex 43.76 5.3985 40
    endloop
  endfacet
  facet normal 0 0.942986 0.332833
    outer loop
      vertex 40.24 5.3985 40
      vertex 43.76 6.57501 36.6667
      vertex 40.24 6.57501 36.6667
    endloop
  endfacet
  facet normal 0 0.899364 -0.437201
    outer loop
      vertex 43.76 5.3985 40
      vertex 40.24 7.01889 43.3333
      vertex 43.76 7.01889 43.3333
    endloop
  endfacet
  facet normal 0 0.899364 -0.437201
    outer loop
      vertex 40.24 7.01889 43.3333
      vertex 43.76 5.3985 40
      vertex 40.24 5.3985 40
    endloop
  endfacet
  facet normal 0 0.979164 0.203073
    outer loop
      vertex 43.76 7.01889 43.3333
      vertex 40.24 6.32756 46.6667
      vertex 43.76 6.32756 46.6667
    endloop
  endfacet
  facet normal 0 0.979164 0.203073
    outer loop
      vertex 40.24 6.32756 46.6667
      vertex 43.76 7.01889 43.3333
      vertex 40.24 7.01889 43.3333
    endloop
  endfacet
  facet normal 0 0.860204 0.50995
    outer loop
      vertex 43.76 6.32756 46.6667
      vertex 40.24 4.3515 50
      vertex 43.76 4.3515 50
    endloop
  endfacet
  facet normal 0 0.860204 0.50995
    outer loop
      vertex 40.24 4.3515 50
      vertex 43.76 6.32756 46.6667
      vertex 40.24 6.32756 46.6667
    endloop
  endfacet
  facet normal 0 0.995468 0.0950941
    outer loop
      vertex 43.76 4.3515 50
      vertex 40.24 4.03308 53.3333
      vertex 43.76 4.03308 53.3333
    endloop
  endfacet
  facet normal 0 0.995468 0.0950941
    outer loop
      vertex 40.24 4.03308 53.3333
      vertex 43.76 4.3515 50
      vertex 40.24 4.3515 50
    endloop
  endfacet
  facet normal 0 0.882454 -0.470398
    outer loop
      vertex 43.76 4.03308 53.3333
      vertex 40.24 5.80997 56.6667
      vertex 43.76 5.80997 56.6667
    endloop
  endfacet
  facet normal 0 0.882454 -0.470398
    outer loop
      vertex 40.24 5.80997 56.6667
      vertex 43.76 4.03308 53.3333
      vertex 40.24 4.03308 53.3333
    endloop
  endfacet
  facet normal 0 0.892697 -0.450658
    outer loop
      vertex 43.76 5.80997 56.6667
      vertex 40.24 7.49271 60
      vertex 43.76 7.49271 60
    endloop
  endfacet
  facet normal 0 0.892697 -0.450658
    outer loop
      vertex 40.24 7.49271 60
      vertex 43.76 5.80997 56.6667
      vertex 40.24 5.80997 56.6667
    endloop
  endfacet
  facet normal 0 0.999233 0.0391653
    outer loop
      vertex 43.76 7.49271 60
      vertex 40.24 7.36206 63.3333
      vertex 43.76 7.36206 63.3333
    endloop
  endfacet
  facet normal 0 0.999233 0.0391653
    outer loop
      vertex 40.24 7.36206 63.3333
      vertex 43.76 7.49271 60
      vertex 40.24 7.49271 60
    endloop
  endfacet
  facet normal 0 0.914059 0.405582
    outer loop
      vertex 43.76 7.36206 63.3333
      vertex 40.24 5.88298 66.6667
      vertex 43.76 5.88298 66.6667
    endloop
  endfacet
  facet normal 0 0.914059 0.405582
    outer loop
      vertex 40.24 5.88298 66.6667
      vertex 43.76 7.36206 63.3333
      vertex 40.24 7.36206 63.3333
    endloop
  endfacet
  facet normal 0 0.936887 0.349633
    outer loop
      vertex 43.76 5.88298 66.6667
      vertex 40.24 4.63904 70
      vertex 43.76 4.63904 70
    endloop
  endfacet
  facet normal 0 0.936887 0.349633
    outer loop
      vertex 40.24 4.63904 70
      vertex 43.76 5.88298 66.6667
      vertex 40.24 5.88298 66.6667
    endloop
  endfacet
  facet normal 0 0.999911 0.0133579
    outer loop
      vertex 43.76 4.63904 70
      vertex 40.24 4.59451 73.3333
      vertex 43.76 4.59451 73.3333
    endloop
  endfacet
  facet normal 0 0.999911 0.0133579
    outer loop
      vertex 40.24 4.59451 73.3333
      vertex 43.76 4.63904 70
      vertex 40.24 4.63904 70
    endloop
  endfacet
  facet normal 0 0.963733 -0.266867
    outer loop
      vertex 43.76 4.59451 73.3333
      vertex 40.24 5.51756 76.6667
      vertex 43.76 5.51756 76.6667
    endloop
  endfacet
  facet normal 0 0.963733 -0.266867
    outer loop
      vertex 40.24 5.51756 76.6667
      vertex 43.76 4.59451 73.3333
      vertex 40.24 4.59451 73.3333
    endloop
  endfacet
  facet normal 0 0.957582 -0.28816
    outer loop
      vertex 43.76 5.51756 76.6667
      vertex 40.24 6.52063 80
      vertex 43.76 6.52063 80
    endloop
  endfacet
  facet normal 0 0.957582 -0.28816
    outer loop
      vertex 40.24 6.52063 80
      vertex 43.76 5.51756 76.6667
      vertex 40.24 5.51756 76.6667
    endloop
  endfacet
  facet normal 0 0.938363 -0.345651
    outer loop
      vertex 43.76 4.55212 0
      vertex 40.24 5.77997 3.33333
      vertex 43.76 5.77997 3.33333
    endloop
  endfacet
  facet normal 0 0.938363 -0.345651
    outer loop
      vertex 40.24 5.77997 3.33333
      vertex 43.76 4.55212 0
      vertex 40.24 4.55212 0
    endloop
  endfacet
  facet normal -1 0 0
    outer loop
      vertex 44.24 0 0
      vertex 44.24 5.53233 3.33333
      vertex 44.24 4.07974 0
    endloop
  endfacet
  facet normal -1 -0 0
    outer loop
      vertex 44.24 5.53233 3.33333
      vertex 44.24 0 0
      vertex 44.24 4.66098 6.66666
    endloop
  endfacet
  facet normal -1 -0 0
    outer loop
      vertex 44.24 2.65836 10
      vertex 44.24 0 0
      vertex 44.24 2.21475 13.3333
    endloop
  endfacet
  facet normal -1 -0 0
    outer loop
      vertex 44.24 4.66098 6.66666
      vertex 44.24 0 0
      vertex 44.24 2.65836 10
    endloop
  endfacet
  facet normal -1 0 0
    outer loop
      vertex 44.24 3.94655 16.6667
      vertex 44.24 4.61082 23.3333
      vertex 44.24 5.46835 20
    endloop
  endfacet
  facet normal -1 0 0
    outer loop
      vertex 44.24 3.94655 16.6667
      vertex 44.24 2.56903 26.6667
      vertex 44.24 4.61082 23.3333
    endloop
  endfacet
  facet normal -1 -0 0
    outer loop
      vertex 44.24 2.56903 26.6667
      vertex 44.24 2.21475 13.3333
      vertex 44.24 2.34082 30
    endloop
  endfacet
  facet normal -1 0 0
    outer loop
      vertex 44.24 2.21475 13.3333
      vertex 44.24 2.56903 26.6667
      vertex 44.24 3.94655 16.6667
    endloop
  endfacet
  facet normal -1 0 0
    outer loop
      vertex 44.24 4.41873 33.3333
      vertex 44.24 6.81042 40
      vertex 44.24 6.29968 36.6667
    endloop
  endfacet
  facet normal -1 0 0
    outer loop
      vertex 44.24 6.81042 40
      vertex 44.24 5.40144 46.6667
      vertex 44.24 6.77992 43.3333
    endloop
  endfacet
  facet normal -1 -0 0
    outer loop
      vertex 44.24 6.81042 40
      vertex 44.24 4.41873 33.3333
      vertex 44.24 5.40144 46.6667
    endloop
  endfacet
  facet normal -1 0 0
    outer loop
      vertex 44.24 4.41873 33.3333
      vertex 44.24 3.88271 50
      vertex 44.24 5.40144 46.6667
    endloop
  endfacet
  facet normal -1 0 -0
    outer loop
      vertex 44.24 3.88271 50
      vertex 44.24 4.41873 33.3333
      vertex 44.24 2.34082 30
    endloop
  endfacet
  facet normal -1 0 0
    outer loop
      vertex 44.24 6.39612 56.6667
      vertex 44.24 6.81702 63.3333
      vertex 44.24 7.57243 60
    endloop
  endfacet
  facet normal -1 0 0
    outer loop
      vertex 44.24 6.39612 56.6667
      vertex 44.24 5.21785 66.6667
      vertex 44.24 6.81702 63.3333
    endloop
  endfacet
  facet normal -1 0 0
    outer loop
      vertex 44.24 4.37845 53.3333
      vertex 44.24 5.21785 66.6667
      vertex 44.24 6.39612 56.6667
    endloop
  endfacet
  facet normal -1 0 0
    outer loop
      vertex 44.24 4.37845 53.3333
      vertex 44.24 4.37209 70
      vertex 44.24 5.21785 66.6667
    endloop
  endfacet
  facet normal -1 0 0
    outer loop
      vertex 44.24 0 80
      vertex 44.24 4.37845 53.3333
      vertex 44.24 3.88271 50
    endloop
  endfacet
  facet normal -1 0 0
    outer loop
      vertex 44.24 0 80
      vertex 44.24 5.8717 76.6667
      vertex 44.24 4.80032 73.3333
    endloop
  endfacet
  facet normal -1 0 0
    outer loop
      vertex 44.24 0 80
      vertex 44.24 3.88271 50
      vertex 44.24 2.34082 30
    endloop
  endfacet
  facet normal -1 0 0
    outer loop
      vertex 44.24 0 0
      vertex 44.24 2.34082 30
      vertex 44.24 2.21475 13.3333
    endloop
  endfacet
  facet normal -1 0 0
    outer loop
      vertex 44.24 0 80
      vertex 44.24 2.34082 30
      vertex 44.24 0 0
    endloop
  endfacet
  facet normal -1 0 0
    outer loop
      vertex 44.24 5.8717 76.6667
      vertex 44.24 0 80
      vertex 44.24 6.6339 80
    endloop
  endfacet
  facet normal -1 0 0
    outer loop
      vertex 44.24 4.37209 70
      vertex 44.24 0 80
      vertex 44.24 4.80032 73.3333
    endloop
  endfacet
  facet normal -1 0 0
    outer loop
      vertex 44.24 4.37845 53.3333
      vertex 44.24 0 80
      vertex 44.24 4.37209 70
    endloop
  endfacet
  facet normal 1 -0 0
    outer loop
      vertex 47.76 0 80
      vertex 47.76 5.8717 76.6667
      vertex 47.76 6.6339 80
    endloop
  endfacet
  facet normal 1 0 0
    outer loop
      vertex 47.76 4.37845 53.3333
      vertex 47.76 0 80
      vertex 47.76 3.88271 50
    endloop
  endfacet
  facet normal 1 0 0
    outer loop
      vertex 47.76 0 0
      vertex 47.76 2.34082 30
      vertex 47.76 0 80
    endloop
  endfacet
  facet normal 1 0 0
    outer loop
      vertex 47.76 3.88271 50
      vertex 47.76 0 80
      vertex 47.76 2.34082 30
    endloop
  endfacet
  facet normal 1 0 0
    outer loop
      vertex 47.76 4.80032 73.3333
      vertex 47.76 0 80
      vertex 47.76 4.37209 70
    endloop
  endfacet
  facet normal 1 0 0
    outer loop
      vertex 47.76 5.8717 76.6667
      vertex 47.76 0 80
      vertex 47.76 4.80032 73.3333
    endloop
  endfacet
  facet normal 1 0 0
    outer loop
      vertex 47.76 6.81702 63.3333
      vertex 47.76 6.39612 56.6667
      vertex 47.76 7.57243 60
    endloop
  endfacet
  facet normal 1 0 0
    outer loop
      vertex 47.76 5.21785 66.6667
      vertex 47.76 6.39612 56.6667
      vertex 47.76 6.81702 63.3333
    endloop
  endfacet
  facet normal 1 0 0
    outer loop
      vertex 47.76 5.21785 66.6667
      vertex 47.76 4.37845 53.3333
      vertex 47.76 6.39612 56.6667
    endloop
  endfacet
  facet normal 1 0 0
    outer loop
      vertex 47.76 4.37209 70
      vertex 47.76 4.37845 53.3333
      vertex 47.76 5.21785 66.6667
    endloop
  endfacet
  facet normal 1 0 0
    outer loop
      vertex 47.76 0 80
      vertex 47.76 4.37845 53.3333
      vertex 47.76 4.37209 70
    endloop
  endfacet
  facet normal 1 0 0
    outer loop
      vertex 47.76 5.40144 46.6667
      vertex 47.76 6.81042 40
      vertex 47.76 6.77992 43.3333
    endloop
  endfacet
  facet normal 1 0 0
    outer loop
      vertex 47.76 4.41873 33.3333
      vertex 47.76 6.81042 40
      vertex 47.76 5.40144 46.6667
    endloop
  endfacet
  facet normal 1 0 0
    outer loop
      vertex 47.76 6.81042 40
      vertex 47.76 4.41873 33.3333
      vertex 47.76 6.29968 36.6667
    endloop
  endfacet
  facet normal 1 0 0
    outer loop
      vertex 47.76 3.88271 50
      vertex 47.76 4.41873 33.3333
      vertex 47.76 5.40144 46.6667
    endloop
  endfacet
  facet normal 1 0 0
    outer loop
      vertex 47.76 4.41873 33.3333
      vertex 47.76 3.88271 50
      vertex 47.76 2.34082 30
    endloop
  endfacet
  facet normal 1 0 0
    outer loop
      vertex 47.76 4.61082 23.3333
      vertex 47.76 3.94655 16.6667
      vertex 47.76 5.46835 20
    endloop
  endfacet
  facet normal 1 0 0
    outer loop
      vertex 47.76 2.56903 26.6667
      vertex 47.76 3.94655 16.6667
      vertex 47.76 4.61082 23.3333
    endloop
  endfacet
  facet normal 1 0 0
    outer loop
      vertex 47.76 2.56903 26.6667
      vertex 47.76 2.21475 13.3333
      vertex 47.76 3.94655 16.6667
    endloop
  endfacet
  facet normal 1 0 0
    outer loop
      vertex 47.76 2.21475 13.3333
      vertex 47.76 2.56903 26.6667
      vertex 47.76 2.34082 30
    endloop
  endfacet
  facet normal 1 0 0
    outer loop
      vertex 47.76 0 0
      vertex 47.76 5.53233 3.33333
      vertex 47.76 4.66098 6.66666
    endloop
  endfacet
  facet normal 1 0 0
    outer loop
      vertex 47.76 0 0
      vertex 47.76 4.66098 6.66666
      vertex 47.76 2.65836 10
    endloop
  endfacet
  facet normal 1 0 0
    outer loop
      vertex 47.76 5.53233 3.33333
      vertex 47.76 0 0
      vertex 47.76 4.07974 0
    endloop
  endfacet
  facet normal 1 0 0
    outer loop
      vertex 47.76 2.21475 13.3333
      vertex 47.76 0 0
      vertex 47.76 2.65836 10
    endloop
  endfacet
  facet normal 1 0 0
    outer loop
      vertex 47.76 2.34082 30
      vertex 47.76 0 0
      vertex 47.76 2.21475 13.3333
    endloop
  endfacet
  facet normal 0 0.967491 0.252907
    outer loop
      vertex 47.76 5.53233 3.33333
      vertex 44.24 4.66098 6.66666
      vertex 47.76 4.66098 6.66666
    endloop
  endfacet
  facet normal 0 0.967491 0.252907
    outer loop
      vertex 44.24 4.66098 6.66666
      vertex 47.76 5.53233 3.33333
      vertex 44.24 5.53233 3.33333
    endloop
  endfacet
  facet normal 0 0.857196 0.51499
    outer loop
      vertex 47.76 4.66098 6.66666
      vertex 44.24 2.65836 10
      vertex 47.76 2.65836 10
    endloop
  endfacet
  facet normal 0 0.857196 0.51499
    outer loop
      vertex 44.24 2.65836 10
      vertex 47.76 4.66098 6.66666
      vertex 44.24 4.66098 6.66666
    endloop
  endfacet
  facet normal 0 0.99126 0.131921
    outer loop
      vertex 47.76 2.65836 10
      vertex 44.24 2.21475 13.3333
      vertex 47.76 2.21475 13.3333
    endloop
  endfacet
  facet normal 0 0.99126 0.131921
    outer loop
      vertex 44.24 2.21475 13.3333
      vertex 47.76 2.65836 10
      vertex 44.24 2.65836 10
    endloop
  endfacet
  facet normal 0 0.887388 -0.461024
    outer loop
      vertex 47.76 2.21475 13.3333
      vertex 44.24 3.94655 16.6667
      vertex 47.76 3.94655 16.6667
    endloop
  endfacet
  facet normal 0 0.887388 -0.461024
    outer loop
      vertex 44.24 3.94655 16.6667
      vertex 47.76 2.21475 13.3333
      vertex 44.24 2.21475 13.3333
    endloop
  endfacet
  facet normal 0 0.90968 -0.41531
    outer loop
      vertex 47.76 3.94655 16.6667
      vertex 44.24 5.46835 20
      vertex 47.76 5.46835 20
    endloop
  endfacet
  facet normal 0 0.90968 -0.41531
    outer loop
      vertex 44.24 5.46835 20
      vertex 47.76 3.94655 16.6667
      vertex 44.24 3.94655 16.6667
    endloop
  endfacet
  facet normal 0 0.968465 0.249149
    outer loop
      vertex 47.76 5.46835 20
      vertex 44.24 4.61082 23.3333
      vertex 47.76 4.61082 23.3333
    endloop
  endfacet
  facet normal 0 0.968465 0.249149
    outer loop
      vertex 44.24 4.61082 23.3333
      vertex 47.76 5.46835 20
      vertex 44.24 5.46835 20
    endloop
  endfacet
  facet normal 0 0.852745 0.522327
    outer loop
      vertex 47.76 4.61082 23.3333
      vertex 44.24 2.56903 26.6667
      vertex 47.76 2.56903 26.6667
    endloop
  endfacet
  facet normal 0 0.852745 0.522327
    outer loop
      vertex 44.24 2.56903 26.6667
      vertex 47.76 4.61082 23.3333
      vertex 44.24 4.61082 23.3333
    endloop
  endfacet
  facet normal 0 0.997665 0.0683038
    outer loop
      vertex 47.76 2.56903 26.6667
      vertex 44.24 2.34082 30
      vertex 47.76 2.34082 30
    endloop
  endfacet
  facet normal 0 0.997665 0.0683038
    outer loop
      vertex 44.24 2.34082 30
      vertex 47.76 2.56903 26.6667
      vertex 44.24 2.56903 26.6667
    endloop
  endfacet
  facet normal 0 0.848616 -0.52901
    outer loop
      vertex 47.76 2.34082 30
      vertex 44.24 4.41873 33.3333
      vertex 47.76 4.41873 33.3333
    endloop
  endfacet
  facet normal 0 0.848616 -0.52901
    outer loop
      vertex 44.24 4.41873 33.3333
      vertex 47.76 2.34082 30
      vertex 44.24 2.34082 30
    endloop
  endfacet
  facet normal 0 0.870915 -0.491434
    outer loop
      vertex 47.76 4.41873 33.3333
      vertex 44.24 6.29968 36.6667
      vertex 47.76 6.29968 36.6667
    endloop
  endfacet
  facet normal 0 0.870915 -0.491434
    outer loop
      vertex 44.24 6.29968 36.6667
      vertex 47.76 4.41873 33.3333
      vertex 44.24 4.41873 33.3333
    endloop
  endfacet
  facet normal 0 0.988464 -0.151456
    outer loop
      vertex 47.76 6.29968 36.6667
      vertex 44.24 6.81042 40
      vertex 47.76 6.81042 40
    endloop
  endfacet
  facet normal 0 0.988464 -0.151456
    outer loop
      vertex 44.24 6.81042 40
      vertex 47.76 6.29968 36.6667
      vertex 44.24 6.29968 36.6667
    endloop
  endfacet
  facet normal 0 0.999958 0.00914971
    outer loop
      vertex 47.76 6.81042 40
      vertex 44.24 6.77992 43.3333
      vertex 47.76 6.77992 43.3333
    endloop
  endfacet
  facet normal 0 0.999958 0.00914971
    outer loop
      vertex 44.24 6.77992 43.3333
      vertex 47.76 6.81042 40
      vertex 44.24 6.81042 40
    endloop
  endfacet
  facet normal 0 0.924101 0.382149
    outer loop
      vertex 47.76 6.77992 43.3333
      vertex 44.24 5.40144 46.6667
      vertex 47.76 5.40144 46.6667
    endloop
  endfacet
  facet normal 0 0.924101 0.382149
    outer loop
      vertex 44.24 5.40144 46.6667
      vertex 47.76 6.77992 43.3333
      vertex 44.24 6.77992 43.3333
    endloop
  endfacet
  facet normal 0 0.909997 0.414616
    outer loop
      vertex 47.76 5.40144 46.6667
      vertex 44.24 3.88271 50
      vertex 47.76 3.88271 50
    endloop
  endfacet
  facet normal 0 0.909997 0.414616
    outer loop
      vertex 44.24 3.88271 50
      vertex 47.76 5.40144 46.6667
      vertex 44.24 5.40144 46.6667
    endloop
  endfacet
  facet normal 0 0.989121 -0.147105
    outer loop
      vertex 47.76 3.88271 50
      vertex 44.24 4.37845 53.3333
      vertex 47.76 4.37845 53.3333
    endloop
  endfacet
  facet normal 0 0.989121 -0.147105
    outer loop
      vertex 44.24 4.37845 53.3333
      vertex 47.76 3.88271 50
      vertex 44.24 3.88271 50
    endloop
  endfacet
  facet normal 0 0.85549 -0.517819
    outer loop
      vertex 47.76 4.37845 53.3333
      vertex 44.24 6.39612 56.6667
      vertex 47.76 6.39612 56.6667
    endloop
  endfacet
  facet normal 0 0.85549 -0.517819
    outer loop
      vertex 44.24 6.39612 56.6667
      vertex 47.76 4.37845 53.3333
      vertex 44.24 4.37845 53.3333
    endloop
  endfacet
  facet normal 0 0.943004 -0.332783
    outer loop
      vertex 47.76 6.39612 56.6667
      vertex 44.24 7.57243 60
      vertex 47.76 7.57243 60
    endloop
  endfacet
  facet normal 0 0.943004 -0.332783
    outer loop
      vertex 44.24 7.57243 60
      vertex 47.76 6.39612 56.6667
      vertex 44.24 6.39612 56.6667
    endloop
  endfacet
  facet normal 0 0.975269 0.221021
    outer loop
      vertex 47.76 7.57243 60
      vertex 44.24 6.81702 63.3333
      vertex 47.76 6.81702 63.3333
    endloop
  endfacet
  facet normal 0 0.975269 0.221021
    outer loop
      vertex 44.24 6.81702 63.3333
      vertex 47.76 7.57243 60
      vertex 44.24 7.57243 60
    endloop
  endfacet
  facet normal 0 0.901614 0.432542
    outer loop
      vertex 47.76 6.81702 63.3333
      vertex 44.24 5.21785 66.6667
      vertex 47.76 5.21785 66.6667
    endloop
  endfacet
  facet normal 0 0.901614 0.432542
    outer loop
      vertex 44.24 5.21785 66.6667
      vertex 47.76 6.81702 63.3333
      vertex 44.24 6.81702 63.3333
    endloop
  endfacet
  facet normal 0 0.969286 0.245937
    outer loop
      vertex 47.76 5.21785 66.6667
      vertex 44.24 4.37209 70
      vertex 47.76 4.37209 70
    endloop
  endfacet
  facet normal 0 0.969286 0.245937
    outer loop
      vertex 44.24 4.37209 70
      vertex 47.76 5.21785 66.6667
      vertex 44.24 5.21785 66.6667
    endloop
  endfacet
  facet normal 0 0.991848 -0.127423
    outer loop
      vertex 47.76 4.37209 70
      vertex 44.24 4.80032 73.3333
      vertex 47.76 4.80032 73.3333
    endloop
  endfacet
  facet normal 0 0.991848 -0.127423
    outer loop
      vertex 44.24 4.80032 73.3333
      vertex 47.76 4.37209 70
      vertex 44.24 4.37209 70
    endloop
  endfacet
  facet normal 0 0.952034 -0.305991
    outer loop
      vertex 47.76 4.80032 73.3333
      vertex 44.24 5.8717 76.6667
      vertex 47.76 5.8717 76.6667
    endloop
  endfacet
  facet normal 0 0.952034 -0.305991
    outer loop
      vertex 44.24 5.8717 76.6667
      vertex 47.76 4.80032 73.3333
      vertex 44.24 4.80032 73.3333
    endloop
  endfacet
  facet normal 0 0.974839 -0.222909
    outer loop
      vertex 47.76 5.8717 76.6667
      vertex 44.24 6.6339 80
      vertex 47.76 6.6339 80
    endloop
  endfacet
  facet normal 0 0.974839 -0.222909
    outer loop
      vertex 44.24 6.6339 80
      vertex 47.76 5.8717 76.6667
      vertex 44.24 5.8717 76.6667
    endloop
  endfacet
  facet normal 0 0.916736 -0.399493
    outer loop
      vertex 47.76 4.07974 0
      vertex 44.24 5.53233 3.33333
      vertex 47.76 5.53233 3.33333
    endloop
  endfacet
  facet normal 0 0.916736 -0.399493
    outer loop
      vertex 44.24 5.53233 3.33333
      vertex 47.76 4.07974 0
      vertex 44.24 4.07974 0
    endloop
  endfacet
  facet normal -1 0 0
    outer loop
      vertex 48.24 0 0
      vertex 48.24 5.16945 3.33333
      vertex 48.24 3.38531 0
    endloop
  endfacet
  facet normal -1 -0 0
    outer loop
      vertex 48.24 5.16945 3.33333
      vertex 48.24 0 0
      vertex 48.24 4.86667 6.66666
    endloop
  endfacet
  facet normal -1 -0 0
    outer loop
      vertex 48.24 4.86667 6.66666
      vertex 48.24 0 0
      vertex 48.24 2.89951 10
    endloop
  endfacet
  facet normal -1 -0 0
    outer loop
      vertex 48.24 2.89951 10
      vertex 48.24 0 0
      vertex 48.24 1.78108 13.3333
    endloop
  endfacet
  facet normal -1 0 0
    outer loop
      vertex 48.24 4.82373 20
      vertex 48.24 3.36119 26.6667
      vertex 48.24 5.00844 23.3333
    endloop
  endfacet
  facet normal -1 0 0
    outer loop
      vertex 48.24 2.92822 16.6667
      vertex 48.24 3.36119 26.6667
      vertex 48.24 4.82373 20
    endloop
  endfacet
  facet normal -1 0 0
    outer loop
      vertex 48.24 2.92822 16.6667
      vertex 48.24 2.15147 30
      vertex 48.24 3.36119 26.6667
    endloop
  endfacet
  facet normal -1 0 -0
    outer loop
      vertex 48.24 2.15147 30
      vertex 48.24 2.92822 16.6667
      vertex 48.24 1.78108 13.3333
    endloop
  endfacet
  facet normal -1 0 0
    outer loop
      vertex 48.24 4.33846 36.6667
      vertex 48.24 4.81662 43.3333
      vertex 48.24 5.15103 40
    endloop
  endfacet
  facet normal -1 0 0
    outer loop
      vertex 48.24 4.33846 36.6667
      vertex 48.24 3.88124 46.6667
      vertex 48.24 4.81662 43.3333
    endloop
  endfacet
  facet normal -1 0 0
    outer loop
      vertex 48.24 2.15147 30
      vertex 48.24 3.88124 46.6667
      vertex 48.24 2.82207 33.3333
    endloop
  endfacet
  facet normal -1 0 0
    outer loop
      vertex 48.24 2.82207 33.3333
      vertex 48.24 3.88124 46.6667
      vertex 48.24 4.33846 36.6667
    endloop
  endfacet
  facet normal -1 0 0
    outer loop
      vertex 48.24 7.08423 56.6667
      vertex 48.24 5.83865 63.3333
      vertex 48.24 7.21849 60
    endloop
  endfacet
  facet normal -1 0 0
    outer loop
      vertex 48.24 5.36186 53.3333
      vertex 48.24 5.83865 63.3333
      vertex 48.24 7.08423 56.6667
    endloop
  endfacet
  facet normal -1 0 0
    outer loop
      vertex 48.24 5.36186 53.3333
      vertex 48.24 4.49956 66.6667
      vertex 48.24 5.83865 63.3333
    endloop
  endfacet
  facet normal -1 0 0
    outer loop
      vertex 48.24 0 80
      vertex 48.24 4.49956 66.6667
      vertex 48.24 3.82515 50
    endloop
  endfacet
  facet normal -1 0 0
    outer loop
      vertex 48.24 3.82515 50
      vertex 48.24 4.49956 66.6667
      vertex 48.24 5.36186 53.3333
    endloop
  endfacet
  facet normal -1 0 0
    outer loop
      vertex 48.24 0 80
      vertex 48.24 6.27144 76.6667
      vertex 48.24 5.26437 73.3333
    endloop
  endfacet
  facet normal -1 0 0
    outer loop
      vertex 48.24 0 80
      vertex 48.24 5.26437 73.3333
      vertex 48.24 4.36021 70
    endloop
  endfacet
  facet normal -1 -0 0
    outer loop
      vertex 48.24 3.88124 46.6667
      vertex 48.24 2.15147 30
      vertex 48.24 3.82515 50
    endloop
  endfacet
  facet normal -1 -0 0
    outer loop
      vertex 48.24 3.82515 50
      vertex 48.24 2.15147 30
      vertex 48.24 0 80
    endloop
  endfacet
  facet normal -1 0 0
    outer loop
      vertex 48.24 0 0
      vertex 48.24 2.15147 30
      vertex 48.24 1.78108 13.3333
    endloop
  endfacet
  facet normal -1 0 0
    outer loop
      vertex 48.24 0 80
      vertex 48.24 2.15147 30
      vertex 48.24 0 0
    endloop
  endfacet
  facet normal -1 0 0
    outer loop
      vertex 48.24 6.27144 76.6667
      vertex 48.24 0 80
      vertex 48.24 6.57718 80
    endloop
  endfacet
  facet normal -1 0 0
    outer loop
      vertex 48.24 4.49956 66.6667
      vertex 48.24 0 80
      vertex 48.24 4.36021 70
    endloop
  endfacet
  facet normal 1 -0 0
    outer loop
      vertex 51.76 0 80
      vertex 51.76 6.27144 76.6667
      vertex 51.76 6.57718 80
    endloop
  endfacet
  facet normal 1 0 0
    outer loop
      vertex 51.76 6.27144 76.6667
      vertex 51.76 0 80
      vertex 51.76 5.26437 73.3333
    endloop
  endfacet
  facet normal 1 0 0
    outer loop
      vertex 51.76 4.49956 66.6667
      vertex 51.76 0 80
      vertex 51.76 3.82515 50
    endloop
  endfacet
  facet normal 1 0 -0
    outer loop
      vertex 51.76 2.15147 30
      vertex 51.76 3.82515 50
      vertex 51.76 0 80
    endloop
  endfacet
  facet normal 1 0 0
    outer loop
      vertex 51.76 0 0
      vertex 51.76 2.15147 30
      vertex 51.76 0 80
    endloop
  endfacet
  facet normal 1 0 0
    outer loop
      vertex 51.76 3.82515 50
      vertex 51.76 2.15147 30
      vertex 51.76 2.82207 33.3333
    endloop
  endfacet
  facet normal 1 0 0
    outer loop
      vertex 51.76 5.26437 73.3333
      vertex 51.76 0 80
      vertex 51.76 4.36021 70
    endloop
  endfacet
  facet normal 1 0 0
    outer loop
      vertex 51.76 5.83865 63.3333
      vertex 51.76 7.08423 56.6667
      vertex 51.76 7.21849 60
    endloop
  endfacet
  facet normal 1 0 0
    outer loop
      vertex 51.76 5.83865 63.3333
      vertex 51.76 5.36186 53.3333
      vertex 51.76 7.08423 56.6667
    endloop
  endfacet
  facet normal 1 0 0
    outer loop
      vertex 51.76 4.49956 66.6667
      vertex 51.76 5.36186 53.3333
      vertex 51.76 5.83865 63.3333
    endloop
  endfacet
  facet normal 1 0 0
    outer loop
      vertex 51.76 4.49956 66.6667
      vertex 51.76 3.82515 50
      vertex 51.76 5.36186 53.3333
    endloop
  endfacet
  facet normal 1 0 0
    outer loop
      vertex 51.76 0 80
      vertex 51.76 4.49956 66.6667
      vertex 51.76 4.36021 70
    endloop
  endfacet
  facet normal 1 0 0
    outer loop
      vertex 51.76 4.81662 43.3333
      vertex 51.76 4.33846 36.6667
      vertex 51.76 5.15103 40
    endloop
  endfacet
  facet normal 1 0 0
    outer loop
      vertex 51.76 3.88124 46.6667
      vertex 51.76 4.33846 36.6667
      vertex 51.76 4.81662 43.3333
    endloop
  endfacet
  facet normal 1 0 0
    outer loop
      vertex 51.76 3.88124 46.6667
      vertex 51.76 2.82207 33.3333
      vertex 51.76 4.33846 36.6667
    endloop
  endfacet
  facet normal 1 0 0
    outer loop
      vertex 51.76 2.82207 33.3333
      vertex 51.76 3.88124 46.6667
      vertex 51.76 3.82515 50
    endloop
  endfacet
  facet normal 1 0 0
    outer loop
      vertex 51.76 3.36119 26.6667
      vertex 51.76 4.82373 20
      vertex 51.76 5.00844 23.3333
    endloop
  endfacet
  facet normal 1 0 0
    outer loop
      vertex 51.76 3.36119 26.6667
      vertex 51.76 2.92822 16.6667
      vertex 51.76 4.82373 20
    endloop
  endfacet
  facet normal 1 0 0
    outer loop
      vertex 51.76 2.15147 30
      vertex 51.76 2.92822 16.6667
      vertex 51.76 3.36119 26.6667
    endloop
  endfacet
  facet normal 1 0 0
    outer loop
      vertex 51.76 2.92822 16.6667
      vertex 51.76 2.15147 30
      vertex 51.76 1.78108 13.3333
    endloop
  endfacet
  facet normal 1 0 0
    outer loop
      vertex 51.76 0 0
      vertex 51.76 5.16945 3.33333
      vertex 51.76 4.86667 6.66666
    endloop
  endfacet
  facet normal 1 0 0
    outer loop
      vertex 51.76 0 0
      vertex 51.76 4.86667 6.66666
      vertex 51.76 2.89951 10
    endloop
  endfacet
  facet normal 1 0 0
    outer loop
      vertex 51.76 0 0
      vertex 51.76 2.89951 10
      vertex 51.76 1.78108 13.3333
    endloop
  endfacet
  facet normal 1 0 0
    outer loop
      vertex 51.76 5.16945 3.33333
      vertex 51.76 0 0
      vertex 51.76 3.38531 0
    endloop
  endfacet
  facet normal 1 0 0
    outer loop
      vertex 51.76 2.15147 30
      vertex 51.76 0 0
      vertex 51.76 1.78108 13.3333
    endloop
  endfacet
  facet normal 0 0.9959 0.0904617
    outer loop
      vertex 51.76 5.16945 3.33333
      vertex 48.24 4.86667 6.66666
      vertex 51.76 4.86667 6.66666
    endloop
  endfacet
  facet normal 0 0.9959 0.0904617
    outer loop
      vertex 48.24 4.86667 6.66666
      vertex 51.76 5.16945 3.33333
      vertex 48.24 5.16945 3.33333
    endloop
  endfacet
  facet normal 0 0.861214 0.508243
    outer loop
      vertex 51.76 4.86667 6.66666
      vertex 48.24 2.89951 10
      vertex 51.76 2.89951 10
    endloop
  endfacet
  facet normal 0 0.861214 0.508243
    outer loop
      vertex 48.24 2.89951 10
      vertex 51.76 4.86667 6.66666
      vertex 48.24 4.86667 6.66666
    endloop
  endfacet
  facet normal 0 0.948056 0.318103
    outer loop
      vertex 51.76 2.89951 10
      vertex 48.24 1.78108 13.3333
      vertex 51.76 1.78108 13.3333
    endloop
  endfacet
  facet normal 0 0.948056 0.318103
    outer loop
      vertex 48.24 1.78108 13.3333
      vertex 51.76 2.89951 10
      vertex 48.24 2.89951 10
    endloop
  endfacet
  facet normal 0 0.945575 -0.325405
    outer loop
      vertex 51.76 1.78108 13.3333
      vertex 48.24 2.92822 16.6667
      vertex 51.76 2.92822 16.6667
    endloop
  endfacet
  facet normal 0 0.945575 -0.325405
    outer loop
      vertex 48.24 2.92822 16.6667
      vertex 51.76 1.78108 13.3333
      vertex 48.24 1.78108 13.3333
    endloop
  endfacet
  facet normal 0 0.869278 -0.494323
    outer loop
      vertex 51.76 2.92822 16.6667
      vertex 48.24 4.82373 20
      vertex 51.76 4.82373 20
    endloop
  endfacet
  facet normal 0 0.869278 -0.494323
    outer loop
      vertex 48.24 4.82373 20
      vertex 51.76 2.92822 16.6667
      vertex 48.24 2.92822 16.6667
    endloop
  endfacet
  facet normal 0 0.998468 -0.0553287
    outer loop
      vertex 51.76 4.82373 20
      vertex 48.24 5.00844 23.3333
      vertex 51.76 5.00844 23.3333
    endloop
  endfacet
  facet normal 0 0.998468 -0.0553287
    outer loop
      vertex 48.24 5.00844 23.3333
      vertex 51.76 4.82373 20
      vertex 48.24 4.82373 20
    endloop
  endfacet
  facet normal 0 0.89651 0.443024
    outer loop
      vertex 51.76 5.00844 23.3333
      vertex 48.24 3.36119 26.6667
      vertex 51.76 3.36119 26.6667
    endloop
  endfacet
  facet normal 0 0.89651 0.443024
    outer loop
      vertex 48.24 3.36119 26.6667
      vertex 51.76 5.00844 23.3333
      vertex 48.24 5.00844 23.3333
    endloop
  endfacet
  facet normal 0 0.94001 0.341148
    outer loop
      vertex 51.76 3.36119 26.6667
      vertex 48.24 2.15147 30
      vertex 51.76 2.15147 30
    endloop
  endfacet
  facet normal 0 0.94001 0.341148
    outer loop
      vertex 48.24 2.15147 30
      vertex 51.76 3.36119 26.6667
      vertex 48.24 3.36119 26.6667
    endloop
  endfacet
  facet normal 0 0.980357 -0.19723
    outer loop
      vertex 51.76 2.15147 30
      vertex 48.24 2.82207 33.3333
      vertex 51.76 2.82207 33.3333
    endloop
  endfacet
  facet normal 0 0.980357 -0.19723
    outer loop
      vertex 48.24 2.82207 33.3333
      vertex 51.76 2.15147 30
      vertex 48.24 2.15147 30
    endloop
  endfacet
  facet normal 0 0.910242 -0.414076
    outer loop
      vertex 51.76 2.82207 33.3333
      vertex 48.24 4.33846 36.6667
      vertex 51.76 4.33846 36.6667
    endloop
  endfacet
  facet normal 0 0.910242 -0.414076
    outer loop
      vertex 48.24 4.33846 36.6667
      vertex 51.76 2.82207 33.3333
      vertex 48.24 2.82207 33.3333
    endloop
  endfacet
  facet normal 0 0.971549 -0.236838
    outer loop
      vertex 51.76 4.33846 36.6667
      vertex 48.24 5.15103 40
      vertex 51.76 5.15103 40
    endloop
  endfacet
  facet normal 0 0.971549 -0.236838
    outer loop
      vertex 48.24 5.15103 40
      vertex 51.76 4.33846 36.6667
      vertex 48.24 4.33846 36.6667
    endloop
  endfacet
  facet normal 0 0.995005 0.0998229
    outer loop
      vertex 51.76 5.15103 40
      vertex 48.24 4.81662 43.3333
      vertex 51.76 4.81662 43.3333
    endloop
  endfacet
  facet normal 0 0.995005 0.0998229
    outer loop
      vertex 48.24 4.81662 43.3333
      vertex 51.76 5.15103 40
      vertex 48.24 5.15103 40
    endloop
  endfacet
  facet normal 0 0.962812 0.270173
    outer loop
      vertex 51.76 4.81662 43.3333
      vertex 48.24 3.88124 46.6667
      vertex 51.76 3.88124 46.6667
    endloop
  endfacet
  facet normal 0 0.962812 0.270173
    outer loop
      vertex 48.24 3.88124 46.6667
      vertex 51.76 4.81662 43.3333
      vertex 48.24 4.81662 43.3333
    endloop
  endfacet
  facet normal 0 0.999858 0.0168248
    outer loop
      vertex 51.76 3.88124 46.6667
      vertex 48.24 3.82515 50
      vertex 51.76 3.82515 50
    endloop
  endfacet
  facet normal 0 0.999858 0.0168248
    outer loop
      vertex 48.24 3.82515 50
      vertex 51.76 3.88124 46.6667
      vertex 48.24 3.88124 46.6667
    endloop
  endfacet
  facet normal 0 0.908139 -0.418668
    outer loop
      vertex 51.76 3.82515 50
      vertex 48.24 5.36186 53.3333
      vertex 51.76 5.36186 53.3333
    endloop
  endfacet
  facet normal 0 0.908139 -0.418668
    outer loop
      vertex 48.24 5.36186 53.3333
      vertex 51.76 3.82515 50
      vertex 48.24 3.82515 50
    endloop
  endfacet
  facet normal 0 0.888414 -0.459044
    outer loop
      vertex 51.76 5.36186 53.3333
      vertex 48.24 7.08423 56.6667
      vertex 51.76 7.08423 56.6667
    endloop
  endfacet
  facet normal 0 0.888414 -0.459044
    outer loop
      vertex 48.24 7.08423 56.6667
      vertex 51.76 5.36186 53.3333
      vertex 48.24 5.36186 53.3333
    endloop
  endfacet
  facet normal 0 0.99919 -0.0402458
    outer loop
      vertex 51.76 7.08423 56.6667
      vertex 48.24 7.21849 60
      vertex 51.76 7.21849 60
    endloop
  endfacet
  facet normal 0 0.99919 -0.0402458
    outer loop
      vertex 48.24 7.21849 60
      vertex 51.76 7.08423 56.6667
      vertex 48.24 7.08423 56.6667
    endloop
  endfacet
  facet normal 0 0.923964 0.38248
    outer loop
      vertex 51.76 7.21849 60
      vertex 48.24 5.83865 63.3333
      vertex 51.76 5.83865 63.3333
    endloop
  endfacet
  facet normal 0 0.923964 0.38248
    outer loop
      vertex 48.24 5.83865 63.3333
      vertex 51.76 7.21849 60
      vertex 48.24 7.21849 60
    endloop
  endfacet
  facet normal 0 0.927926 0.372765
    outer loop
      vertex 51.76 5.83865 63.3333
      vertex 48.24 4.49956 66.6667
      vertex 51.76 4.49956 66.6667
    endloop
  endfacet
  facet normal 0 0.927926 0.372765
    outer loop
      vertex 48.24 4.49956 66.6667
      vertex 51.76 5.83865 63.3333
      vertex 48.24 5.83865 63.3333
    endloop
  endfacet
  facet normal 0 0.999127 0.0417689
    outer loop
      vertex 51.76 4.49956 66.6667
      vertex 48.24 4.36021 70
      vertex 51.76 4.36021 70
    endloop
  endfacet
  facet normal 0 0.999127 0.0417689
    outer loop
      vertex 48.24 4.36021 70
      vertex 51.76 4.49956 66.6667
      vertex 48.24 4.49956 66.6667
    endloop
  endfacet
  facet normal 0 0.965125 -0.261791
    outer loop
      vertex 51.76 4.36021 70
      vertex 48.24 5.26437 73.3333
      vertex 51.76 5.26437 73.3333
    endloop
  endfacet
  facet normal 0 0.965125 -0.261791
    outer loop
      vertex 48.24 5.26437 73.3333
      vertex 51.76 4.36021 70
      vertex 48.24 4.36021 70
    endloop
  endfacet
  facet normal 0 0.957267 -0.289205
    outer loop
      vertex 51.76 5.26437 73.3333
      vertex 48.24 6.27144 76.6667
      vertex 51.76 6.27144 76.6667
    endloop
  endfacet
  facet normal 0 0.957267 -0.289205
    outer loop
      vertex 48.24 6.27144 76.6667
      vertex 51.76 5.26437 73.3333
      vertex 48.24 5.26437 73.3333
    endloop
  endfacet
  facet normal 0 0.99582 -0.0913395
    outer loop
      vertex 51.76 6.27144 76.6667
      vertex 48.24 6.57718 80
      vertex 51.76 6.57718 80
    endloop
  endfacet
  facet normal 0 0.99582 -0.0913395
    outer loop
      vertex 48.24 6.57718 80
      vertex 51.76 6.27144 76.6667
      vertex 48.24 6.27144 76.6667
    endloop
  endfacet
  facet normal 0 0.881653 -0.471898
    outer loop
      vertex 51.76 3.38531 0
      vertex 48.24 5.16945 3.33333
      vertex 51.76 5.16945 3.33333
    endloop
  endfacet
  facet normal 0 0.881653 -0.471898
    outer loop
      vertex 48.24 5.16945 3.33333
      vertex 51.76 3.38531 0
      vertex 48.24 3.38531 0
    endloop
  endfacet
  facet normal -1 0 0
    outer loop
      vertex 52.24 4.52969 3.33333
      vertex 52.24 3.54054 10
      vertex 52.24 5.07407 6.66666
    endloop
  endfacet
  facet normal -1 0 0
    outer loop
      vertex 52.24 0 0
      vertex 52.24 4.52969 3.33333
      vertex 52.24 2.51752 0
    endloop
  endfacet
  facet normal -1 -0 0
    outer loop
      vertex 52.24 4.52969 3.33333
      vertex 52.24 0 0
      vertex 52.24 3.54054 10
    endloop
  endfacet
  facet normal -1 -0 0
    outer loop
      vertex 52.24 3.54054 10
      vertex 52.24 0 0
      vertex 52.24 1.76683 13.3333
    endloop
  endfacet
  facet normal -1 0 0
    outer loop
      vertex 52.24 3.56689 20
      vertex 52.24 4.66649 26.6667
      vertex 52.24 4.9705 23.3333
    endloop
  endfacet
  facet normal -1 0 0
    outer loop
      vertex 52.24 3.56689 20
      vertex 52.24 3.40292 30
      vertex 52.24 4.66649 26.6667
    endloop
  endfacet
  facet normal -1 0 0
    outer loop
      vertex 52.24 1.82111 16.6667
      vertex 52.24 3.40292 30
      vertex 52.24 3.56689 20
    endloop
  endfacet
  facet normal -1 -0 0
    outer loop
      vertex 52.24 3.40292 30
      vertex 52.24 1.82111 16.6667
      vertex 52.24 2.67274 33.3333
    endloop
  endfacet
  facet normal -1 0 0
    outer loop
      vertex 52.24 6.66391 53.3333
      vertex 52.24 6.09843 60
      vertex 52.24 7.12155 56.6667
    endloop
  endfacet
  facet normal -1 0 0
    outer loop
      vertex 52.24 5.16174 50
      vertex 52.24 6.09843 60
      vertex 52.24 6.66391 53.3333
    endloop
  endfacet
  facet normal -1 0 0
    outer loop
      vertex 52.24 5.16174 50
      vertex 52.24 4.66084 63.3333
      vertex 52.24 6.09843 60
    endloop
  endfacet
  facet normal -1 0 0
    outer loop
      vertex 52.24 3.91267 46.6667
      vertex 52.24 4.66084 63.3333
      vertex 52.24 5.16174 50
    endloop
  endfacet
  facet normal -1 -0 0
    outer loop
      vertex 52.24 4.66084 63.3333
      vertex 52.24 3.91267 46.6667
      vertex 52.24 4.14243 66.6667
    endloop
  endfacet
  facet normal -1 0 0
    outer loop
      vertex 52.24 0 80
      vertex 52.24 6.50369 76.6667
      vertex 52.24 5.91498 73.3333
    endloop
  endfacet
  facet normal -1 0 0
    outer loop
      vertex 52.24 0 80
      vertex 52.24 5.91498 73.3333
      vertex 52.24 4.81755 70
    endloop
  endfacet
  facet normal -1 0 0
    outer loop
      vertex 52.24 0 80
      vertex 52.24 4.81755 70
      vertex 52.24 4.14243 66.6667
    endloop
  endfacet
  facet normal -1 0 0
    outer loop
      vertex 52.24 0 80
      vertex 52.24 3.91267 46.6667
      vertex 52.24 3.43279 43.3333
    endloop
  endfacet
  facet normal -1 0 0
    outer loop
      vertex 52.24 2.828 36.6667
      vertex 52.24 3.43279 43.3333
      vertex 52.24 3.20949 40
    endloop
  endfacet
  facet normal -1 -0 0
    outer loop
      vertex 52.24 3.43279 43.3333
      vertex 52.24 2.828 36.6667
      vertex 52.24 0 80
    endloop
  endfacet
  facet normal -1 0 0
    outer loop
      vertex 52.24 0 80
      vertex 52.24 2.828 36.6667
      vertex 52.24 2.67274 33.3333
    endloop
  endfacet
  facet normal -1 0 0
    outer loop
      vertex 52.24 0 80
      vertex 52.24 2.67274 33.3333
      vertex 52.24 1.82111 16.6667
    endloop
  endfacet
  facet normal -1 0 0
    outer loop
      vertex 52.24 0 0
      vertex 52.24 1.82111 16.6667
      vertex 52.24 1.76683 13.3333
    endloop
  endfacet
  facet normal -1 0 0
    outer loop
      vertex 52.24 0 80
      vertex 52.24 1.82111 16.6667
      vertex 52.24 0 0
    endloop
  endfacet
  facet normal -1 0 0
    outer loop
      vertex 52.24 6.50369 76.6667
      vertex 52.24 0 80
      vertex 52.24 6.17787 80
    endloop
  endfacet
  facet normal -1 0 0
    outer loop
      vertex 52.24 3.91267 46.6667
      vertex 52.24 0 80
      vertex 52.24 4.14243 66.6667
    endloop
  endfacet
  facet normal 1 -0 0
    outer loop
      vertex 55.76 0 80
      vertex 55.76 6.50369 76.6667
      vertex 55.76 6.17787 80
    endloop
  endfacet
  facet normal 1 0 0
    outer loop
      vertex 55.76 6.50369 76.6667
      vertex 55.76 0 80
      vertex 55.76 5.91498 73.3333
    endloop
  endfacet
  facet normal 1 0 0
    outer loop
      vertex 55.76 0 68.3953
      vertex 55.76 5.91498 73.3333
      vertex 55.76 0 80
    endloop
  endfacet
  facet normal 1 0 0
    outer loop
      vertex 55.76 5.16174 50
      vertex 55.76 3.2 46.6047
      vertex 55.76 3.91267 46.6667
    endloop
  endfacet
  facet normal 1 0 0
    outer loop
      vertex 55.76 3.91267 46.6667
      vertex 55.76 3.2 46.6047
      vertex 55.76 3.43279 43.3333
    endloop
  endfacet
  facet normal 1 0 0
    outer loop
      vertex 55.76 3.2 46.6047
      vertex 55.76 4.14243 66.6667
      vertex 55.76 3.2 68.3953
    endloop
  endfacet
  facet normal 1 0 0
    outer loop
      vertex 55.76 4.81755 70
      vertex 55.76 3.2 68.3953
      vertex 55.76 4.14243 66.6667
    endloop
  endfacet
  facet normal 1 0 0
    outer loop
      vertex 55.76 5.91498 73.3333
      vertex 55.76 0 68.3953
      vertex 55.76 4.81755 70
    endloop
  endfacet
  facet normal 1 0 0
    outer loop
      vertex 55.76 4.81755 70
      vertex 55.76 0 68.3953
      vertex 55.76 3.2 68.3953
    endloop
  endfacet
  facet normal 1 0 0
    outer loop
      vertex 55.76 6.09843 60
      vertex 55.76 6.66391 53.3333
      vertex 55.76 7.12155 56.6667
    endloop
  endfacet
  facet normal 1 0 0
    outer loop
      vertex 55.76 6.09843 60
      vertex 55.76 5.16174 50
      vertex 55.76 6.66391 53.3333
    endloop
  endfacet
  facet normal 1 0 0
    outer loop
      vertex 55.76 4.66084 63.3333
      vertex 55.76 5.16174 50
      vertex 55.76 6.09843 60
    endloop
  endfacet
  facet normal 1 0 0
    outer loop
      vertex 55.76 3.2 46.6047
      vertex 55.76 4.66084 63.3333
      vertex 55.76 4.14243 66.6667
    endloop
  endfacet
  facet normal 1 0 0
    outer loop
      vertex 55.76 3.2 46.6047
      vertex 55.76 5.16174 50
      vertex 55.76 4.66084 63.3333
    endloop
  endfacet
  facet normal 1 -0 0
    outer loop
      vertex 55.76 0 46.6047
      vertex 55.76 3.43279 43.3333
      vertex 55.76 3.2 46.6047
    endloop
  endfacet
  facet normal 1 0 0
    outer loop
      vertex 55.76 3.43279 43.3333
      vertex 55.76 0 46.6047
      vertex 55.76 3.20949 40
    endloop
  endfacet
  facet normal 1 0 0
    outer loop
      vertex 55.76 3.20949 40
      vertex 55.76 0 46.6047
      vertex 55.76 2.828 36.6667
    endloop
  endfacet
  facet normal 1 0 0
    outer loop
      vertex 55.76 2.828 36.6667
      vertex 55.76 0 46.6047
      vertex 55.76 2.67274 33.3333
    endloop
  endfacet
  facet normal 1 0 0
    outer loop
      vertex 55.76 0 0
      vertex 55.76 1.82111 16.6667
      vertex 55.76 0 46.6047
    endloop
  endfacet
  facet normal 1 0 0
    outer loop
      vertex 55.76 2.67274 33.3333
      vertex 55.76 0 46.6047
      vertex 55.76 1.82111 16.6667
    endloop
  endfacet
  facet normal 1 0 0
    outer loop
      vertex 55.76 4.66649 26.6667
      vertex 55.76 3.56689 20
      vertex 55.76 4.9705 23.3333
    endloop
  endfacet
  facet normal 1 0 0
    outer loop
      vertex 55.76 3.40292 30
      vertex 55.76 3.56689 20
      vertex 55.76 4.66649 26.6667
    endloop
  endfacet
  facet normal 1 0 0
    outer loop
      vertex 55.76 1.82111 16.6667
      vertex 55.76 3.40292 30
      vertex 55.76 2.67274 33.3333
    endloop
  endfacet
  facet normal 1 0 0
    outer loop
      vertex 55.76 3.40292 30
      vertex 55.76 1.82111 16.6667
      vertex 55.76 3.56689 20
    endloop
  endfacet
  facet normal 1 0 0
    outer loop
      vertex 55.76 3.54054 10
      vertex 55.76 4.52969 3.33333
      vertex 55.76 5.07407 6.66666
    endloop
  endfacet
  facet normal 1 0 0
    outer loop
      vertex 55.76 0 0
      vertex 55.76 4.52969 3.33333
      vertex 55.76 3.54054 10
    endloop
  endfacet
  facet normal 1 0 0
    outer loop
      vertex 55.76 0 0
      vertex 55.76 3.54054 10
      vertex 55.76 1.76683 13.3333
    endloop
  endfacet
  facet normal 1 0 0
    outer loop
      vertex 55.76 4.52969 3.33333
      vertex 55.76 0 0
      vertex 55.76 2.51752 0
    endloop
  endfacet
  facet normal 1 0 0
    outer loop
      vertex 55.76 1.82111 16.6667
      vertex 55.76 0 0
      vertex 55.76 1.76683 13.3333
    endloop
  endfacet
  facet normal 0 0.986925 -0.161179
    outer loop
      vertex 55.76 4.52969 3.33333
      vertex 52.24 5.07407 6.66666
      vertex 55.76 5.07407 6.66666
    endloop
  endfacet
  facet normal 0 0.986925 -0.161179
    outer loop
      vertex 52.24 5.07407 6.66666
      vertex 55.76 4.52969 3.33333
      vertex 52.24 4.52969 3.33333
    endloop
  endfacet
  facet normal 0 0.90847 0.417949
    outer loop
      vertex 55.76 5.07407 6.66666
      vertex 52.24 3.54054 10
      vertex 55.76 3.54054 10
    endloop
  endfacet
  facet normal 0 0.90847 0.417949
    outer loop
      vertex 52.24 3.54054 10
      vertex 55.76 5.07407 6.66666
      vertex 52.24 5.07407 6.66666
    endloop
  endfacet
  facet normal 0 0.882798 0.469753
    outer loop
      vertex 55.76 3.54054 10
      vertex 52.24 1.76683 13.3333
      vertex 55.76 1.76683 13.3333
    endloop
  endfacet
  facet normal 0 0.882798 0.469753
    outer loop
      vertex 52.24 1.76683 13.3333
      vertex 55.76 3.54054 10
      vertex 52.24 3.54054 10
    endloop
  endfacet
  facet normal 0 0.999867 -0.0162815
    outer loop
      vertex 55.76 1.76683 13.3333
      vertex 52.24 1.82111 16.6667
      vertex 55.76 1.82111 16.6667
    endloop
  endfacet
  facet normal 0 0.999867 -0.0162815
    outer loop
      vertex 52.24 1.82111 16.6667
      vertex 55.76 1.76683 13.3333
      vertex 52.24 1.76683 13.3333
    endloop
  endfacet
  facet normal 0 0.885857 -0.463958
    outer loop
      vertex 55.76 1.82111 16.6667
      vertex 52.24 3.56689 20
      vertex 55.76 3.56689 20
    endloop
  endfacet
  facet normal 0 0.885857 -0.463958
    outer loop
      vertex 52.24 3.56689 20
      vertex 55.76 1.82111 16.6667
      vertex 52.24 1.82111 16.6667
    endloop
  endfacet
  facet normal 0 0.921624 -0.388084
    outer loop
      vertex 55.76 3.56689 20
      vertex 52.24 4.9705 23.3333
      vertex 55.76 4.9705 23.3333
    endloop
  endfacet
  facet normal 0 0.921624 -0.388084
    outer loop
      vertex 52.24 4.9705 23.3333
      vertex 55.76 3.56689 20
      vertex 52.24 3.56689 20
    endloop
  endfacet
  facet normal 0 0.995867 0.0908242
    outer loop
      vertex 55.76 4.9705 23.3333
      vertex 52.24 4.66649 26.6667
      vertex 55.76 4.66649 26.6667
    endloop
  endfacet
  facet normal 0 0.995867 0.0908242
    outer loop
      vertex 52.24 4.66649 26.6667
      vertex 55.76 4.9705 23.3333
      vertex 52.24 4.9705 23.3333
    endloop
  endfacet
  facet normal 0 0.935071 0.354462
    outer loop
      vertex 55.76 4.66649 26.6667
      vertex 52.24 3.40292 30
      vertex 55.76 3.40292 30
    endloop
  endfacet
  facet normal 0 0.935071 0.354462
    outer loop
      vertex 52.24 3.40292 30
      vertex 55.76 4.66649 26.6667
      vertex 52.24 4.66649 26.6667
    endloop
  endfacet
  facet normal 0 0.976838 0.213982
    outer loop
      vertex 55.76 3.40292 30
      vertex 52.24 2.67274 33.3333
      vertex 55.76 2.67274 33.3333
    endloop
  endfacet
  facet normal 0 0.976838 0.213982
    outer loop
      vertex 52.24 2.67274 33.3333
      vertex 55.76 3.40292 30
      vertex 52.24 3.40292 30
    endloop
  endfacet
  facet normal 0 0.998917 -0.0465266
    outer loop
      vertex 55.76 2.67274 33.3333
      vertex 52.24 2.828 36.6667
      vertex 55.76 2.828 36.6667
    endloop
  endfacet
  facet normal 0 0.998917 -0.0465266
    outer loop
      vertex 52.24 2.828 36.6667
      vertex 55.76 2.67274 33.3333
      vertex 52.24 2.67274 33.3333
    endloop
  endfacet
  facet normal 0 0.993514 -0.113706
    outer loop
      vertex 55.76 2.828 36.6667
      vertex 52.24 3.20949 40
      vertex 55.76 3.20949 40
    endloop
  endfacet
  facet normal 0 0.993514 -0.113706
    outer loop
      vertex 52.24 3.20949 40
      vertex 55.76 2.828 36.6667
      vertex 52.24 2.828 36.6667
    endloop
  endfacet
  facet normal 0 0.997764 -0.0668409
    outer loop
      vertex 55.76 3.20949 40
      vertex 52.24 3.43279 43.3333
      vertex 55.76 3.43279 43.3333
    endloop
  endfacet
  facet normal 0 0.997764 -0.0668409
    outer loop
      vertex 52.24 3.43279 43.3333
      vertex 55.76 3.20949 40
      vertex 52.24 3.20949 40
    endloop
  endfacet
  facet normal 0 0.989796 -0.142492
    outer loop
      vertex 55.76 3.43279 43.3333
      vertex 52.24 3.91267 46.6667
      vertex 55.76 3.91267 46.6667
    endloop
  endfacet
  facet normal 0 0.989796 -0.142492
    outer loop
      vertex 52.24 3.91267 46.6667
      vertex 55.76 3.43279 43.3333
      vertex 52.24 3.43279 43.3333
    endloop
  endfacet
  facet normal 0 0.936414 -0.350897
    outer loop
      vertex 55.76 3.91267 46.6667
      vertex 52.24 5.16174 50
      vertex 55.76 5.16174 50
    endloop
  endfacet
  facet normal 0 0.936414 -0.350897
    outer loop
      vertex 52.24 5.16174 50
      vertex 55.76 3.91267 46.6667
      vertex 52.24 3.91267 46.6667
    endloop
  endfacet
  facet normal 0 0.911698 -0.410862
    outer loop
      vertex 55.76 5.16174 50
      vertex 52.24 6.66391 53.3333
      vertex 55.76 6.66391 53.3333
    endloop
  endfacet
  facet normal 0 0.911698 -0.410862
    outer loop
      vertex 52.24 6.66391 53.3333
      vertex 55.76 5.16174 50
      vertex 52.24 5.16174 50
    endloop
  endfacet
  facet normal 0 0.990707 -0.136013
    outer loop
      vertex 55.76 6.66391 53.3333
      vertex 52.24 7.12155 56.6667
      vertex 55.76 7.12155 56.6667
    endloop
  endfacet
  facet normal 0 0.990707 -0.136013
    outer loop
      vertex 52.24 7.12155 56.6667
      vertex 55.76 6.66391 53.3333
      vertex 52.24 6.66391 53.3333
    endloop
  endfacet
  facet normal 0 0.955981 0.293428
    outer loop
      vertex 55.76 7.12155 56.6667
      vertex 52.24 6.09843 60
      vertex 55.76 6.09843 60
    endloop
  endfacet
  facet normal 0 0.955981 0.293428
    outer loop
      vertex 52.24 6.09843 60
      vertex 55.76 7.12155 56.6667
      vertex 52.24 7.12155 56.6667
    endloop
  endfacet
  facet normal 0 0.918242 0.39602
    outer loop
      vertex 55.76 6.09843 60
      vertex 52.24 4.66084 63.3333
      vertex 55.76 4.66084 63.3333
    endloop
  endfacet
  facet normal 0 0.918242 0.39602
    outer loop
      vertex 52.24 4.66084 63.3333
      vertex 55.76 6.09843 60
      vertex 52.24 6.09843 60
    endloop
  endfacet
  facet normal 0 0.988122 0.153673
    outer loop
      vertex 55.76 4.66084 63.3333
      vertex 52.24 4.14243 66.6667
      vertex 55.76 4.14243 66.6667
    endloop
  endfacet
  facet normal 0 0.988122 0.153673
    outer loop
      vertex 52.24 4.14243 66.6667
      vertex 55.76 4.66084 63.3333
      vertex 52.24 4.66084 63.3333
    endloop
  endfacet
  facet normal 0 0.980099 -0.198507
    outer loop
      vertex 55.76 4.14243 66.6667
      vertex 52.24 4.81755 70
      vertex 55.76 4.81755 70
    endloop
  endfacet
  facet normal 0 0.980099 -0.198507
    outer loop
      vertex 52.24 4.81755 70
      vertex 55.76 4.14243 66.6667
      vertex 52.24 4.14243 66.6667
    endloop
  endfacet
  facet normal 0 0.949845 -0.31272
    outer loop
      vertex 55.76 4.81755 70
      vertex 52.24 5.91498 73.3333
      vertex 55.76 5.91498 73.3333
    endloop
  endfacet
  facet normal 0 0.949845 -0.31272
    outer loop
      vertex 52.24 5.91498 73.3333
      vertex 55.76 4.81755 70
      vertex 52.24 4.81755 70
    endloop
  endfacet
  facet normal 0 0.98476 -0.173918
    outer loop
      vertex 55.76 5.91498 73.3333
      vertex 52.24 6.50369 76.6667
      vertex 55.76 6.50369 76.6667
    endloop
  endfacet
  facet normal 0 0.98476 -0.173918
    outer loop
      vertex 52.24 6.50369 76.6667
      vertex 55.76 5.91498 73.3333
      vertex 52.24 5.91498 73.3333
    endloop
  endfacet
  facet normal 0 0.995257 0.0972833
    outer loop
      vertex 55.76 6.50369 76.6667
      vertex 52.24 6.17787 80
      vertex 55.76 6.17787 80
    endloop
  endfacet
  facet normal 0 0.995257 0.0972833
    outer loop
      vertex 52.24 6.17787 80
      vertex 55.76 6.50369 76.6667
      vertex 52.24 6.50369 76.6667
    endloop
  endfacet
  facet normal 0 0.856111 -0.516793
    outer loop
      vertex 55.76 2.51752 0
      vertex 52.24 4.52969 3.33333
      vertex 55.76 4.52969 3.33333
    endloop
  endfacet
  facet normal 0 0.856111 -0.516793
    outer loop
      vertex 52.24 4.52969 3.33333
      vertex 55.76 2.51752 0
      vertex 52.24 2.51752 0
    endloop
  endfacet
  facet normal -1 0 0
    outer loop
      vertex 56.24 3.50639 3.33333
      vertex 56.24 4.3886 10
      vertex 56.24 4.9256 6.66666
    endloop
  endfacet
  facet normal -1 0 0
    outer loop
      vertex 56.24 3.50639 3.33333
      vertex 56.24 2.51901 13.3333
      vertex 56.24 4.3886 10
    endloop
  endfacet
  facet normal -1 0 0
    outer loop
      vertex 56.24 0 0
      vertex 56.24 3.50639 3.33333
      vertex 56.24 1.66855 0
    endloop
  endfacet
  facet normal -1 -0 0
    outer loop
      vertex 56.24 3.50639 3.33333
      vertex 56.24 0 0
      vertex 56.24 2.51901 13.3333
    endloop
  endfacet
  facet normal -1 -0 0
    outer loop
      vertex 56.24 2.51901 13.3333
      vertex 56.24 0 0
      vertex 56.24 1.31412 16.6667
    endloop
  endfacet
  facet normal -1 0 0
    outer loop
      vertex 56.24 3.6906 23.3333
      vertex 56.24 5.19135 30
      vertex 56.24 4.99472 26.6667
    endloop
  endfacet
  facet normal -1 -0 0
    outer loop
      vertex 56.24 5.19135 30
      vertex 56.24 3.6906 23.3333
      vertex 56.24 4.79456 33.3333
    endloop
  endfacet
  facet normal -1 0 0
    outer loop
      vertex 56.24 0 46.2896
      vertex 56.24 4.79456 33.3333
      vertex 56.24 1.94788 20
    endloop
  endfacet
  facet normal -1 0 0
    outer loop
      vertex 56.24 1.94788 20
      vertex 56.24 4.79456 33.3333
      vertex 56.24 3.6906 23.3333
    endloop
  endfacet
  facet normal -1 0 0
    outer loop
      vertex 56.24 5.83899 56.6667
      vertex 56.24 6.74855 50
      vertex 56.24 5.98183 46.6667
    endloop
  endfacet
  facet normal -1 0 0
    outer loop
      vertex 56.24 6.74855 50
      vertex 56.24 5.83899 56.6667
      vertex 56.24 6.79892 53.3333
    endloop
  endfacet
  facet normal -1 0 0
    outer loop
      vertex 56.24 4.53557 60
      vertex 56.24 5.98183 46.6667
      vertex 56.24 5.16634 43.3333
    endloop
  endfacet
  facet normal -1 0 0
    outer loop
      vertex 56.24 4.53557 60
      vertex 56.24 5.16634 43.3333
      vertex 56.24 4.65643 40
    endloop
  endfacet
  facet normal -1 0 0
    outer loop
      vertex 56.24 5.98183 46.6667
      vertex 56.24 4.53557 60
      vertex 56.24 5.83899 56.6667
    endloop
  endfacet
  facet normal -1 0 0
    outer loop
      vertex 56.24 3.97075 63.3333
      vertex 56.24 4.65643 40
      vertex 56.24 4.52792 36.6667
    endloop
  endfacet
  facet normal -1 0 0
    outer loop
      vertex 56.24 4.65643 40
      vertex 56.24 3.97075 63.3333
      vertex 56.24 4.53557 60
    endloop
  endfacet
  facet normal -1 0 0
    outer loop
      vertex 56.24 3.2 68.7104
      vertex 56.24 6.42754 73.3333
      vertex 56.24 5.67647 70
    endloop
  endfacet
  facet normal -1 0 0
    outer loop
      vertex 56.24 0 68.7104
      vertex 56.24 6.42754 73.3333
      vertex 56.24 3.2 68.7104
    endloop
  endfacet
  facet normal -1 0 0
    outer loop
      vertex 56.24 3.2 68.7104
      vertex 56.24 5.67647 70
      vertex 56.24 4.54739 66.6667
    endloop
  endfacet
  facet normal -1 0 0
    outer loop
      vertex 56.24 3.2 68.7104
      vertex 56.24 4.54739 66.6667
      vertex 56.24 3.97075 63.3333
    endloop
  endfacet
  facet normal -1 0 0
    outer loop
      vertex 56.24 4.52792 36.6667
      vertex 56.24 3.2 46.2896
      vertex 56.24 3.97075 63.3333
    endloop
  endfacet
  facet normal -1 0 0
    outer loop
      vertex 56.24 3.2 68.7104
      vertex 56.24 3.97075 63.3333
      vertex 56.24 3.2 46.2896
    endloop
  endfacet
  facet normal -1 0 0
    outer loop
      vertex 56.24 0 80
      vertex 56.24 6.42754 73.3333
      vertex 56.24 0 68.7104
    endloop
  endfacet
  facet normal -1 0 0
    outer loop
      vertex 56.24 6.42754 73.3333
      vertex 56.24 0 80
      vertex 56.24 6.27953 76.6667
    endloop
  endfacet
  facet normal -1 0 0
    outer loop
      vertex 56.24 6.27953 76.6667
      vertex 56.24 0 80
      vertex 56.24 5.34296 80
    endloop
  endfacet
  facet normal -1 0 0
    outer loop
      vertex 56.24 4.79456 33.3333
      vertex 56.24 0 46.2896
      vertex 56.24 4.52792 36.6667
    endloop
  endfacet
  facet normal -1 0 0
    outer loop
      vertex 56.24 0 46.2896
      vertex 56.24 1.94788 20
      vertex 56.24 1.31412 16.6667
    endloop
  endfacet
  facet normal -1 0 0
    outer loop
      vertex 56.24 0 46.2896
      vertex 56.24 1.31412 16.6667
      vertex 56.24 0 0
    endloop
  endfacet
  facet normal -1 0 0
    outer loop
      vertex 56.24 4.52792 36.6667
      vertex 56.24 0 46.2896
      vertex 56.24 3.2 46.2896
    endloop
  endfacet
  facet normal 1 0 0
    outer loop
      vertex 59.76 0 69.679
      vertex 59.76 6.42754 73.3333
      vertex 59.76 6.27953 76.6667
    endloop
  endfacet
  facet normal 1 -0 0
    outer loop
      vertex 59.76 0 80
      vertex 59.76 6.27953 76.6667
      vertex 59.76 5.34296 80
    endloop
  endfacet
  facet normal 1 0 0
    outer loop
      vertex 59.76 6.42754 73.3333
      vertex 59.76 3.2 69.679
      vertex 59.76 5.67647 70
    endloop
  endfacet
  facet normal 1 0 0
    outer loop
      vertex 59.76 5.67647 70
      vertex 59.76 3.2 69.679
      vertex 59.76 4.54739 66.6667
    endloop
  endfacet
  facet normal 1 -0 0
    outer loop
      vertex 59.76 0 45.321
      vertex 59.76 4.65643 40
      vertex 59.76 3.2 45.321
    endloop
  endfacet
  facet normal 1 0 0
    outer loop
      vertex 59.76 4.54739 66.6667
      vertex 59.76 3.2 69.679
      vertex 59.76 3.97075 63.3333
    endloop
  endfacet
  facet normal 1 0 0
    outer loop
      vertex 59.76 0 69.679
      vertex 59.76 6.27953 76.6667
      vertex 59.76 0 80
    endloop
  endfacet
  facet normal 1 0 0
    outer loop
      vertex 59.76 6.42754 73.3333
      vertex 59.76 0 69.679
      vertex 59.76 3.2 69.679
    endloop
  endfacet
  facet normal 1 0 0
    outer loop
      vertex 59.76 4.65643 40
      vertex 59.76 0 45.321
      vertex 59.76 4.52792 36.6667
    endloop
  endfacet
  facet normal 1 0 -0
    outer loop
      vertex 59.76 1.94788 20
      vertex 59.76 4.52792 36.6667
      vertex 59.76 0 45.321
    endloop
  endfacet
  facet normal 1 0 0
    outer loop
      vertex 59.76 4.52792 36.6667
      vertex 59.76 1.94788 20
      vertex 59.76 3.6906 23.3333
    endloop
  endfacet
  facet normal 1 0 0
    outer loop
      vertex 59.76 1.94788 20
      vertex 59.76 0 45.321
      vertex 59.76 1.31412 16.6667
    endloop
  endfacet
  facet normal 1 0 0
    outer loop
      vertex 59.76 3.2 45.321
      vertex 59.76 6.79892 53.3333
      vertex 59.76 5.83899 56.6667
    endloop
  endfacet
  facet normal 1 0 0
    outer loop
      vertex 59.76 6.79892 53.3333
      vertex 59.76 3.2 45.321
      vertex 59.76 6.74855 50
    endloop
  endfacet
  facet normal 1 0 0
    outer loop
      vertex 59.76 3.2 45.321
      vertex 59.76 5.83899 56.6667
      vertex 59.76 4.53557 60
    endloop
  endfacet
  facet normal 1 0 0
    outer loop
      vertex 59.76 6.74855 50
      vertex 59.76 3.2 45.321
      vertex 59.76 5.98183 46.6667
    endloop
  endfacet
  facet normal 1 0 0
    outer loop
      vertex 59.76 5.98183 46.6667
      vertex 59.76 3.2 45.321
      vertex 59.76 5.16634 43.3333
    endloop
  endfacet
  facet normal 1 0 0
    outer loop
      vertex 59.76 3.2 45.321
      vertex 59.76 4.53557 60
      vertex 59.76 3.97075 63.3333
    endloop
  endfacet
  facet normal 1 0 0
    outer loop
      vertex 59.76 3.2 45.321
      vertex 59.76 3.97075 63.3333
      vertex 59.76 3.2 69.679
    endloop
  endfacet
  facet normal 1 0 0
    outer loop
      vertex 59.76 3.6906 23.3333
      vertex 59.76 5.19135 30
      vertex 59.76 4.79456 33.3333
    endloop
  endfacet
  facet normal 1 0 0
    outer loop
      vertex 59.76 3.6906 23.3333
      vertex 59.76 4.79456 33.3333
      vertex 59.76 4.52792 36.6667
    endloop
  endfacet
  facet normal 1 0 0
    outer loop
      vertex 59.76 5.19135 30
      vertex 59.76 3.6906 23.3333
      vertex 59.76 4.99472 26.6667
    endloop
  endfacet
  facet normal 1 0 0
    outer loop
      vertex 59.76 5.16634 43.3333
      vertex 59.76 3.2 45.321
      vertex 59.76 4.65643 40
    endloop
  endfacet
  facet normal 1 0 0
    outer loop
      vertex 59.76 4.3886 10
      vertex 59.76 3.50639 3.33333
      vertex 59.76 4.9256 6.66666
    endloop
  endfacet
  facet normal 1 0 0
    outer loop
      vertex 59.76 2.51901 13.3333
      vertex 59.76 3.50639 3.33333
      vertex 59.76 4.3886 10
    endloop
  endfacet
  facet normal 1 0 0
    outer loop
      vertex 59.76 0 0
      vertex 59.76 3.50639 3.33333
      vertex 59.76 2.51901 13.3333
    endloop
  endfacet
  facet normal 1 0 0
    outer loop
      vertex 59.76 0 0
      vertex 59.76 2.51901 13.3333
      vertex 59.76 1.31412 16.6667
    endloop
  endfacet
  facet normal 1 0 0
    outer loop
      vertex 59.76 0 0
      vertex 59.76 1.31412 16.6667
      vertex 59.76 0 45.321
    endloop
  endfacet
  facet normal 1 0 0
    outer loop
      vertex 59.76 3.50639 3.33333
      vertex 59.76 0 0
      vertex 59.76 1.66855 0
    endloop
  endfacet
  facet normal 0 0.920078 -0.391736
    outer loop
      vertex 59.76 3.50639 3.33333
      vertex 56.24 4.9256 6.66666
      vertex 59.76 4.9256 6.66666
    endloop
  endfacet
  facet normal 0 0.920078 -0.391736
    outer loop
      vertex 56.24 4.9256 6.66666
      vertex 59.76 3.50639 3.33333
      vertex 56.24 3.50639 3.33333
    endloop
  endfacet
  facet normal 0 0.987271 0.159049
    outer loop
      vertex 59.76 4.9256 6.66666
      vertex 56.24 4.3886 10
      vertex 59.76 4.3886 10
    endloop
  endfacet
  facet normal 0 0.987271 0.159049
    outer loop
      vertex 56.24 4.3886 10
      vertex 59.76 4.9256 6.66666
      vertex 56.24 4.9256 6.66666
    endloop
  endfacet
  facet normal 0 0.872178 0.489189
    outer loop
      vertex 59.76 4.3886 10
      vertex 56.24 2.51901 13.3333
      vertex 59.76 2.51901 13.3333
    endloop
  endfacet
  facet normal 0 0.872178 0.489189
    outer loop
      vertex 56.24 2.51901 13.3333
      vertex 59.76 4.3886 10
      vertex 56.24 4.3886 10
    endloop
  endfacet
  facet normal 0 0.940449 0.339935
    outer loop
      vertex 59.76 2.51901 13.3333
      vertex 56.24 1.31412 16.6667
      vertex 59.76 1.31412 16.6667
    endloop
  endfacet
  facet normal 0 0.940449 0.339935
    outer loop
      vertex 56.24 1.31412 16.6667
      vertex 59.76 2.51901 13.3333
      vertex 56.24 2.51901 13.3333
    endloop
  endfacet
  facet normal 0 0.982401 -0.186784
    outer loop
      vertex 59.76 1.31412 16.6667
      vertex 56.24 1.94788 20
      vertex 59.76 1.94788 20
    endloop
  endfacet
  facet normal 0 0.982401 -0.186784
    outer loop
      vertex 56.24 1.94788 20
      vertex 59.76 1.31412 16.6667
      vertex 56.24 1.31412 16.6667
    endloop
  endfacet
  facet normal 0 0.886191 -0.46332
    outer loop
      vertex 59.76 1.94788 20
      vertex 56.24 3.6906 23.3333
      vertex 59.76 3.6906 23.3333
    endloop
  endfacet
  facet normal 0 0.886191 -0.46332
    outer loop
      vertex 56.24 3.6906 23.3333
      vertex 59.76 1.94788 20
      vertex 56.24 1.94788 20
    endloop
  endfacet
  facet normal 0 0.931267 -0.364338
    outer loop
      vertex 59.76 3.6906 23.3333
      vertex 56.24 4.99472 26.6667
      vertex 59.76 4.99472 26.6667
    endloop
  endfacet
  facet normal 0 0.931267 -0.364338
    outer loop
      vertex 56.24 4.99472 26.6667
      vertex 59.76 3.6906 23.3333
      vertex 56.24 3.6906 23.3333
    endloop
  endfacet
  facet normal 0 0.998265 -0.0588872
    outer loop
      vertex 59.76 4.99472 26.6667
      vertex 56.24 5.19135 30
      vertex 59.76 5.19135 30
    endloop
  endfacet
  facet normal 0 0.998265 -0.0588872
    outer loop
      vertex 56.24 5.19135 30
      vertex 59.76 4.99472 26.6667
      vertex 56.24 4.99472 26.6667
    endloop
  endfacet
  facet normal 0 0.992989 0.118204
    outer loop
      vertex 59.76 5.19135 30
      vertex 56.24 4.79456 33.3333
      vertex 59.76 4.79456 33.3333
    endloop
  endfacet
  facet normal 0 0.992989 0.118204
    outer loop
      vertex 56.24 4.79456 33.3333
      vertex 59.76 5.19135 30
      vertex 56.24 5.19135 30
    endloop
  endfacet
  facet normal 0 0.996816 0.0797357
    outer loop
      vertex 59.76 4.79456 33.3333
      vertex 56.24 4.52792 36.6667
      vertex 59.76 4.52792 36.6667
    endloop
  endfacet
  facet normal 0 0.996816 0.0797357
    outer loop
      vertex 56.24 4.52792 36.6667
      vertex 59.76 4.79456 33.3333
      vertex 56.24 4.79456 33.3333
    endloop
  endfacet
  facet normal 0 0.999258 -0.0385248
    outer loop
      vertex 59.76 4.52792 36.6667
      vertex 56.24 4.65643 40
      vertex 59.76 4.65643 40
    endloop
  endfacet
  facet normal 0 0.999258 -0.0385248
    outer loop
      vertex 56.24 4.65643 40
      vertex 59.76 4.52792 36.6667
      vertex 56.24 4.52792 36.6667
    endloop
  endfacet
  facet normal 0 0.988501 -0.151215
    outer loop
      vertex 59.76 4.65643 40
      vertex 56.24 5.16634 43.3333
      vertex 59.76 5.16634 43.3333
    endloop
  endfacet
  facet normal 0 0.988501 -0.151215
    outer loop
      vertex 56.24 5.16634 43.3333
      vertex 59.76 4.65643 40
      vertex 56.24 4.65643 40
    endloop
  endfacet
  facet normal 0 0.971355 -0.237634
    outer loop
      vertex 59.76 5.16634 43.3333
      vertex 56.24 5.98183 46.6667
      vertex 59.76 5.98183 46.6667
    endloop
  endfacet
  facet normal 0 0.971355 -0.237634
    outer loop
      vertex 56.24 5.98183 46.6667
      vertex 59.76 5.16634 43.3333
      vertex 56.24 5.16634 43.3333
    endloop
  endfacet
  facet normal 0 0.974551 -0.224165
    outer loop
      vertex 59.76 5.98183 46.6667
      vertex 56.24 6.74855 50
      vertex 59.76 6.74855 50
    endloop
  endfacet
  facet normal 0 0.974551 -0.224165
    outer loop
      vertex 56.24 6.74855 50
      vertex 59.76 5.98183 46.6667
      vertex 56.24 5.98183 46.6667
    endloop
  endfacet
  facet normal 0 0.999886 -0.0151094
    outer loop
      vertex 59.76 6.74855 50
      vertex 56.24 6.79892 53.3333
      vertex 59.76 6.79892 53.3333
    endloop
  endfacet
  facet normal 0 0.999886 -0.0151094
    outer loop
      vertex 56.24 6.79892 53.3333
      vertex 59.76 6.74855 50
      vertex 56.24 6.74855 50
    endloop
  endfacet
  facet normal 0 0.960948 0.276727
    outer loop
      vertex 59.76 6.79892 53.3333
      vertex 56.24 5.83899 56.6667
      vertex 59.76 5.83899 56.6667
    endloop
  endfacet
  facet normal 0 0.960948 0.276727
    outer loop
      vertex 56.24 5.83899 56.6667
      vertex 59.76 6.79892 53.3333
      vertex 56.24 6.79892 53.3333
    endloop
  endfacet
  facet normal 0 0.931329 0.364178
    outer loop
      vertex 59.76 5.83899 56.6667
      vertex 56.24 4.53557 60
      vertex 59.76 4.53557 60
    endloop
  endfacet
  facet normal 0 0.931329 0.364178
    outer loop
      vertex 56.24 4.53557 60
      vertex 59.76 5.83899 56.6667
      vertex 56.24 5.83899 56.6667
    endloop
  endfacet
  facet normal 0 0.985946 0.167066
    outer loop
      vertex 59.76 4.53557 60
      vertex 56.24 3.97075 63.3333
      vertex 59.76 3.97075 63.3333
    endloop
  endfacet
  facet normal 0 0.985946 0.167066
    outer loop
      vertex 56.24 3.97075 63.3333
      vertex 59.76 4.53557 60
      vertex 56.24 4.53557 60
    endloop
  endfacet
  facet normal 0 0.985365 -0.170457
    outer loop
      vertex 59.76 3.97075 63.3333
      vertex 56.24 4.54739 66.6667
      vertex 59.76 4.54739 66.6667
    endloop
  endfacet
  facet normal 0 0.985365 -0.170457
    outer loop
      vertex 56.24 4.54739 66.6667
      vertex 59.76 3.97075 63.3333
      vertex 56.24 3.97075 63.3333
    endloop
  endfacet
  facet normal 0 0.947139 -0.320822
    outer loop
      vertex 59.76 4.54739 66.6667
      vertex 56.24 5.67647 70
      vertex 59.76 5.67647 70
    endloop
  endfacet
  facet normal 0 0.947139 -0.320822
    outer loop
      vertex 56.24 5.67647 70
      vertex 59.76 4.54739 66.6667
      vertex 56.24 4.54739 66.6667
    endloop
  endfacet
  facet normal 0 0.975542 -0.219812
    outer loop
      vertex 59.76 5.67647 70
      vertex 56.24 6.42754 73.3333
      vertex 59.76 6.42754 73.3333
    endloop
  endfacet
  facet normal 0 0.975542 -0.219812
    outer loop
      vertex 56.24 6.42754 73.3333
      vertex 59.76 5.67647 70
      vertex 56.24 5.67647 70
    endloop
  endfacet
  facet normal 0 0.999016 0.0443584
    outer loop
      vertex 59.76 6.42754 73.3333
      vertex 56.24 6.27953 76.6667
      vertex 59.76 6.27953 76.6667
    endloop
  endfacet
  facet normal 0 0.999016 0.0443584
    outer loop
      vertex 56.24 6.27953 76.6667
      vertex 59.76 6.42754 73.3333
      vertex 56.24 6.42754 73.3333
    endloop
  endfacet
  facet normal 0 0.96272 0.270499
    outer loop
      vertex 59.76 6.27953 76.6667
      vertex 56.24 5.34296 80
      vertex 59.76 5.34296 80
    endloop
  endfacet
  facet normal 0 0.96272 0.270499
    outer loop
      vertex 56.24 5.34296 80
      vertex 59.76 6.27953 76.6667
      vertex 56.24 6.27953 76.6667
    endloop
  endfacet
  facet normal 0 0.875715 -0.482828
    outer loop
      vertex 59.76 1.66855 0
      vertex 56.24 3.50639 3.33333
      vertex 59.76 3.50639 3.33333
    endloop
  endfacet
  facet normal 0 0.875715 -0.482828
    outer loop
      vertex 56.24 3.50639 3.33333
      vertex 59.76 1.66855 0
      vertex 56.24 1.66855 0
    endloop
  endfacet
  facet normal -1 0 0
    outer loop
      vertex 60.24 4.08208 6.66666
      vertex 60.24 3.84009 13.3333
      vertex 60.24 4.84134 10
    endloop
  endfacet
  facet normal -1 0 0
    outer loop
      vertex 60.24 2.25481 3.33333
      vertex 60.24 3.84009 13.3333
      vertex 60.24 4.08208 6.66666
    endloop
  endfacet
  facet normal -1 0 0
    outer loop
      vertex 60.24 2.25481 3.33333
      vertex 60.24 2.10077 16.6667
      vertex 60.24 3.84009 13.3333
    endloop
  endfacet
  facet normal -1 0 0
    outer loop
      vertex 60.24 0 0
      vertex 60.24 2.25481 3.33333
      vertex 60.24 1.21065 0
    endloop
  endfacet
  facet normal -1 -0 0
    outer loop
      vertex 60.24 2.25481 3.33333
      vertex 60.24 0 0
      vertex 60.24 2.10077 16.6667
    endloop
  endfacet
  facet normal -1 -0 0
    outer loop
      vertex 60.24 2.10077 16.6667
      vertex 60.24 0 0
      vertex 60.24 1.20221 20
    endloop
  endfacet
  facet normal -1 0 0
    outer loop
      vertex 60.24 3.2 45.321
      vertex 60.24 6.7328 43.3333
      vertex 60.24 6.55342 40
    endloop
  endfacet
  facet normal -1 0 0
    outer loop
      vertex 60.24 0 45.321
      vertex 60.24 6.55342 40
      vertex 60.24 6.23999 36.6667
    endloop
  endfacet
  facet normal -1 0 0
    outer loop
      vertex 60.24 6.7328 43.3333
      vertex 60.24 3.2 45.321
      vertex 60.24 6.64081 46.6667
    endloop
  endfacet
  facet normal -1 0 0
    outer loop
      vertex 60.24 0 45.321
      vertex 60.24 6.23999 36.6667
      vertex 60.24 5.72354 33.3333
    endloop
  endfacet
  facet normal -1 -0 0
    outer loop
      vertex 60.24 6.64081 46.6667
      vertex 60.24 3.2 45.321
      vertex 60.24 6.06421 50
    endloop
  endfacet
  facet normal -1 0 0
    outer loop
      vertex 60.24 0 45.321
      vertex 60.24 5.72354 33.3333
      vertex 60.24 4.77628 30
    endloop
  endfacet
  facet normal -1 -0 0
    outer loop
      vertex 60.24 6.06421 50
      vertex 60.24 3.2 45.321
      vertex 60.24 5.02258 53.3333
    endloop
  endfacet
  facet normal -1 -0 0
    outer loop
      vertex 60.24 5.02258 53.3333
      vertex 60.24 3.2 45.321
      vertex 60.24 4.01175 56.6667
    endloop
  endfacet
  facet normal -1 0 0
    outer loop
      vertex 60.24 0 45.321
      vertex 60.24 4.77628 30
      vertex 60.24 3.31146 26.6667
    endloop
  endfacet
  facet normal -1 0 0
    outer loop
      vertex 60.24 3.2 69.679
      vertex 60.24 6.42047 70
      vertex 60.24 5.61288 66.6667
    endloop
  endfacet
  facet normal -1 -0 0
    outer loop
      vertex 60.24 6.42047 70
      vertex 60.24 3.2 69.679
      vertex 60.24 6.33591 73.3333
    endloop
  endfacet
  facet normal -1 0 0
    outer loop
      vertex 60.24 3.2 69.679
      vertex 60.24 5.61288 66.6667
      vertex 60.24 4.43678 63.3333
    endloop
  endfacet
  facet normal -1 -0 0
    outer loop
      vertex 60.24 6.33591 73.3333
      vertex 60.24 3.2 69.679
      vertex 60.24 5.43257 76.6667
    endloop
  endfacet
  facet normal -1 0 0
    outer loop
      vertex 60.24 3.2 69.679
      vertex 60.24 4.43678 63.3333
      vertex 60.24 3.73401 60
    endloop
  endfacet
  facet normal -1 -0 0
    outer loop
      vertex 60.24 4.01175 56.6667
      vertex 60.24 3.2 45.321
      vertex 60.24 3.73401 60
    endloop
  endfacet
  facet normal -1 0 0
    outer loop
      vertex 60.24 3.2 69.679
      vertex 60.24 3.73401 60
      vertex 60.24 3.2 45.321
    endloop
  endfacet
  facet normal -1 0 0
    outer loop
      vertex 60.24 0 69.679
      vertex 60.24 5.43257 76.6667
      vertex 60.24 3.2 69.679
    endloop
  endfacet
  facet normal -1 -0 0
    outer loop
      vertex 60.24 5.43257 76.6667
      vertex 60.24 0 69.679
      vertex 60.24 0 80
    endloop
  endfacet
  facet normal -1 0 0
    outer loop
      vertex 60.24 5.43257 76.6667
      vertex 60.24 0 80
      vertex 60.24 4.19876 80
    endloop
  endfacet
  facet normal -1 0 0
    outer loop
      vertex 60.24 0 45.321
      vertex 60.24 3.31146 26.6667
      vertex 60.24 1.80022 23.3333
    endloop
  endfacet
  facet normal -1 0 0
    outer loop
      vertex 60.24 0 45.321
      vertex 60.24 1.80022 23.3333
      vertex 60.24 1.20221 20
    endloop
  endfacet
  facet normal -1 0 0
    outer loop
      vertex 60.24 6.55342 40
      vertex 60.24 0 45.321
      vertex 60.24 3.2 45.321
    endloop
  endfacet
  facet normal -1 0 0
    outer loop
      vertex 60.24 0 45.321
      vertex 60.24 1.20221 20
      vertex 60.24 0 0
    endloop
  endfacet
  facet normal 1 0 0
    outer loop
      vertex 63.76 3.2 68.7104
      vertex 63.76 6.42047 70
      vertex 63.76 6.33591 73.3333
    endloop
  endfacet
  facet normal 1 0 0
    outer loop
      vertex 63.76 0 68.7104
      vertex 63.76 6.33591 73.3333
      vertex 63.76 5.43257 76.6667
    endloop
  endfacet
  facet normal 1 0 0
    outer loop
      vertex 63.76 6.42047 70
      vertex 63.76 3.2 68.7104
      vertex 63.76 5.61288 66.6667
    endloop
  endfacet
  facet normal 1 -0 0
    outer loop
      vertex 63.76 0 80
      vertex 63.76 5.43257 76.6667
      vertex 63.76 4.19876 80
    endloop
  endfacet
  facet normal 1 0 0
    outer loop
      vertex 63.76 5.61288 66.6667
      vertex 63.76 3.2 68.7104
      vertex 63.76 4.43678 63.3333
    endloop
  endfacet
  facet normal 1 0 0
    outer loop
      vertex 63.76 3.2 46.2896
      vertex 63.76 3.73401 60
      vertex 63.76 3.2 68.7104
    endloop
  endfacet
  facet normal 1 0 0
    outer loop
      vertex 63.76 4.43678 63.3333
      vertex 63.76 3.2 68.7104
      vertex 63.76 3.73401 60
    endloop
  endfacet
  facet normal 1 0 0
    outer loop
      vertex 63.76 0 68.7104
      vertex 63.76 5.43257 76.6667
      vertex 63.76 0 80
    endloop
  endfacet
  facet normal 1 0 0
    outer loop
      vertex 63.76 6.33591 73.3333
      vertex 63.76 0 68.7104
      vertex 63.76 3.2 68.7104
    endloop
  endfacet
  facet normal 1 0 0
    outer loop
      vertex 63.76 6.06421 50
      vertex 63.76 6.7328 43.3333
      vertex 63.76 6.64081 46.6667
    endloop
  endfacet
  facet normal 1 0 0
    outer loop
      vertex 63.76 6.7328 43.3333
      vertex 63.76 5.02258 53.3333
      vertex 63.76 6.55342 40
    endloop
  endfacet
  facet normal 1 0 0
    outer loop
      vertex 63.76 6.7328 43.3333
      vertex 63.76 6.06421 50
      vertex 63.76 5.02258 53.3333
    endloop
  endfacet
  facet normal 1 0 0
    outer loop
      vertex 63.76 3.31146 26.6667
      vertex 63.76 6.55342 40
      vertex 63.76 5.02258 53.3333
    endloop
  endfacet
  facet normal 1 0 0
    outer loop
      vertex 63.76 6.55342 40
      vertex 63.76 3.31146 26.6667
      vertex 63.76 6.23999 36.6667
    endloop
  endfacet
  facet normal 1 0 0
    outer loop
      vertex 63.76 6.23999 36.6667
      vertex 63.76 3.31146 26.6667
      vertex 63.76 5.72354 33.3333
    endloop
  endfacet
  facet normal 1 0 0
    outer loop
      vertex 63.76 3.31146 26.6667
      vertex 63.76 5.02258 53.3333
      vertex 63.76 4.01175 56.6667
    endloop
  endfacet
  facet normal 1 0 0
    outer loop
      vertex 63.76 3.31146 26.6667
      vertex 63.76 4.01175 56.6667
      vertex 63.76 3.73401 60
    endloop
  endfacet
  facet normal 1 0 0
    outer loop
      vertex 63.76 5.72354 33.3333
      vertex 63.76 3.31146 26.6667
      vertex 63.76 4.77628 30
    endloop
  endfacet
  facet normal 1 0 0
    outer loop
      vertex 63.76 3.73401 60
      vertex 63.76 3.2 46.2896
      vertex 63.76 3.31146 26.6667
    endloop
  endfacet
  facet normal 1 -0 0
    outer loop
      vertex 63.76 0 46.2896
      vertex 63.76 3.31146 26.6667
      vertex 63.76 3.2 46.2896
    endloop
  endfacet
  facet normal 1 0 0
    outer loop
      vertex 63.76 3.31146 26.6667
      vertex 63.76 0 46.2896
      vertex 63.76 1.80022 23.3333
    endloop
  endfacet
  facet normal 1 0 0
    outer loop
      vertex 63.76 1.80022 23.3333
      vertex 63.76 0 46.2896
      vertex 63.76 1.20221 20
    endloop
  endfacet
  facet normal 1 0 0
    outer loop
      vertex 63.76 3.84009 13.3333
      vertex 63.76 4.08208 6.66666
      vertex 63.76 4.84134 10
    endloop
  endfacet
  facet normal 1 0 0
    outer loop
      vertex 63.76 3.84009 13.3333
      vertex 63.76 2.25481 3.33333
      vertex 63.76 4.08208 6.66666
    endloop
  endfacet
  facet normal 1 0 0
    outer loop
      vertex 63.76 2.10077 16.6667
      vertex 63.76 2.25481 3.33333
      vertex 63.76 3.84009 13.3333
    endloop
  endfacet
  facet normal 1 0 0
    outer loop
      vertex 63.76 0 0
      vertex 63.76 2.25481 3.33333
      vertex 63.76 2.10077 16.6667
    endloop
  endfacet
  facet normal 1 0 0
    outer loop
      vertex 63.76 0 0
      vertex 63.76 2.10077 16.6667
      vertex 63.76 1.20221 20
    endloop
  endfacet
  facet normal 1 0 0
    outer loop
      vertex 63.76 0 0
      vertex 63.76 1.20221 20
      vertex 63.76 0 46.2896
    endloop
  endfacet
  facet normal 1 0 0
    outer loop
      vertex 63.76 2.25481 3.33333
      vertex 63.76 0 0
      vertex 63.76 1.21065 0
    endloop
  endfacet
  facet normal 0 0.876888 -0.480694
    outer loop
      vertex 63.76 2.25481 3.33333
      vertex 60.24 4.08208 6.66666
      vertex 63.76 4.08208 6.66666
    endloop
  endfacet
  facet normal 0 0.876888 -0.480694
    outer loop
      vertex 60.24 4.08208 6.66666
      vertex 63.76 2.25481 3.33333
      vertex 60.24 2.25481 3.33333
    endloop
  endfacet
  facet normal 0 0.975026 -0.222089
    outer loop
      vertex 63.76 4.08208 6.66666
      vertex 60.24 4.84134 10
      vertex 63.76 4.84134 10
    endloop
  endfacet
  facet normal 0 0.975026 -0.222089
    outer loop
      vertex 60.24 4.84134 10
      vertex 63.76 4.08208 6.66666
      vertex 60.24 4.08208 6.66666
    endloop
  endfacet
  facet normal 0 0.957727 0.28768
    outer loop
      vertex 63.76 4.84134 10
      vertex 60.24 3.84009 13.3333
      vertex 63.76 3.84009 13.3333
    endloop
  endfacet
  facet normal 0 0.957727 0.28768
    outer loop
      vertex 60.24 3.84009 13.3333
      vertex 63.76 4.84134 10
      vertex 60.24 4.84134 10
    endloop
  endfacet
  facet normal 0 0.886568 0.462598
    outer loop
      vertex 63.76 3.84009 13.3333
      vertex 60.24 2.10077 16.6667
      vertex 63.76 2.10077 16.6667
    endloop
  endfacet
  facet normal 0 0.886568 0.462598
    outer loop
      vertex 60.24 2.10077 16.6667
      vertex 63.76 3.84009 13.3333
      vertex 60.24 3.84009 13.3333
    endloop
  endfacet
  facet normal 0 0.965533 0.260279
    outer loop
      vertex 63.76 2.10077 16.6667
      vertex 60.24 1.20221 20
      vertex 63.76 1.20221 20
    endloop
  endfacet
  facet normal 0 0.965533 0.260279
    outer loop
      vertex 60.24 1.20221 20
      vertex 63.76 2.10077 16.6667
      vertex 60.24 2.10077 16.6667
    endloop
  endfacet
  facet normal 0 0.984285 -0.176586
    outer loop
      vertex 63.76 1.20221 20
      vertex 60.24 1.80022 23.3333
      vertex 63.76 1.80022 23.3333
    endloop
  endfacet
  facet normal 0 0.984285 -0.176586
    outer loop
      vertex 60.24 1.80022 23.3333
      vertex 63.76 1.20221 20
      vertex 60.24 1.20221 20
    endloop
  endfacet
  facet normal 0 0.910772 -0.41291
    outer loop
      vertex 63.76 1.80022 23.3333
      vertex 60.24 3.31146 26.6667
      vertex 63.76 3.31146 26.6667
    endloop
  endfacet
  facet normal 0 0.910772 -0.41291
    outer loop
      vertex 60.24 3.31146 26.6667
      vertex 63.76 1.80022 23.3333
      vertex 60.24 1.80022 23.3333
    endloop
  endfacet
  facet normal 0 0.9155 -0.402317
    outer loop
      vertex 63.76 3.31146 26.6667
      vertex 60.24 4.77628 30
      vertex 63.76 4.77628 30
    endloop
  endfacet
  facet normal 0 0.9155 -0.402317
    outer loop
      vertex 60.24 4.77628 30
      vertex 63.76 3.31146 26.6667
      vertex 60.24 3.31146 26.6667
    endloop
  endfacet
  facet normal 0 0.961913 -0.273357
    outer loop
      vertex 63.76 4.77628 30
      vertex 60.24 5.72354 33.3333
      vertex 63.76 5.72354 33.3333
    endloop
  endfacet
  facet normal 0 0.961913 -0.273357
    outer loop
      vertex 60.24 5.72354 33.3333
      vertex 63.76 4.77628 30
      vertex 60.24 4.77628 30
    endloop
  endfacet
  facet normal 0 0.98821 -0.153105
    outer loop
      vertex 63.76 5.72354 33.3333
      vertex 60.24 6.23999 36.6667
      vertex 63.76 6.23999 36.6667
    endloop
  endfacet
  facet normal 0 0.98821 -0.153105
    outer loop
      vertex 60.24 6.23999 36.6667
      vertex 63.76 5.72354 33.3333
      vertex 60.24 5.72354 33.3333
    endloop
  endfacet
  facet normal 0 0.995608 -0.093617
    outer loop
      vertex 63.76 6.23999 36.6667
      vertex 60.24 6.55342 40
      vertex 63.76 6.55342 40
    endloop
  endfacet
  facet normal 0 0.995608 -0.093617
    outer loop
      vertex 60.24 6.55342 40
      vertex 63.76 6.23999 36.6667
      vertex 60.24 6.23999 36.6667
    endloop
  endfacet
  facet normal 0 0.998555 -0.0537368
    outer loop
      vertex 63.76 6.55342 40
      vertex 60.24 6.7328 43.3333
      vertex 63.76 6.7328 43.3333
    endloop
  endfacet
  facet normal 0 0.998555 -0.0537368
    outer loop
      vertex 60.24 6.7328 43.3333
      vertex 63.76 6.55342 40
      vertex 60.24 6.55342 40
    endloop
  endfacet
  facet normal 0 0.999619 0.0275859
    outer loop
      vertex 63.76 6.7328 43.3333
      vertex 60.24 6.64081 46.6667
      vertex 63.76 6.64081 46.6667
    endloop
  endfacet
  facet normal 0 0.999619 0.0275859
    outer loop
      vertex 60.24 6.64081 46.6667
      vertex 63.76 6.7328 43.3333
      vertex 60.24 6.7328 43.3333
    endloop
  endfacet
  facet normal 0 0.985366 0.17045
    outer loop
      vertex 63.76 6.64081 46.6667
      vertex 60.24 6.06421 50
      vertex 63.76 6.06421 50
    endloop
  endfacet
  facet normal 0 0.985366 0.17045
    outer loop
      vertex 60.24 6.06421 50
      vertex 63.76 6.64081 46.6667
      vertex 60.24 6.64081 46.6667
    endloop
  endfacet
  facet normal 0 0.954482 0.298268
    outer loop
      vertex 63.76 6.06421 50
      vertex 60.24 5.02258 53.3333
      vertex 63.76 5.02258 53.3333
    endloop
  endfacet
  facet normal 0 0.954482 0.298268
    outer loop
      vertex 60.24 5.02258 53.3333
      vertex 63.76 6.06421 50
      vertex 60.24 6.06421 50
    endloop
  endfacet
  facet normal 0 0.956968 0.290194
    outer loop
      vertex 63.76 5.02258 53.3333
      vertex 60.24 4.01175 56.6667
      vertex 63.76 4.01175 56.6667
    endloop
  endfacet
  facet normal 0 0.956968 0.290194
    outer loop
      vertex 60.24 4.01175 56.6667
      vertex 63.76 5.02258 53.3333
      vertex 60.24 5.02258 53.3333
    endloop
  endfacet
  facet normal 0 0.996547 0.0830351
    outer loop
      vertex 63.76 4.01175 56.6667
      vertex 60.24 3.73401 60
      vertex 63.76 3.73401 60
    endloop
  endfacet
  facet normal 0 0.996547 0.0830351
    outer loop
      vertex 60.24 3.73401 60
      vertex 63.76 4.01175 56.6667
      vertex 60.24 4.01175 56.6667
    endloop
  endfacet
  facet normal 0 0.978489 -0.206298
    outer loop
      vertex 63.76 3.73401 60
      vertex 60.24 4.43678 63.3333
      vertex 63.76 4.43678 63.3333
    endloop
  endfacet
  facet normal 0 0.978489 -0.206298
    outer loop
      vertex 60.24 4.43678 63.3333
      vertex 63.76 3.73401 60
      vertex 60.24 3.73401 60
    endloop
  endfacet
  facet normal 0 0.943025 -0.332721
    outer loop
      vertex 63.76 4.43678 63.3333
      vertex 60.24 5.61288 66.6667
      vertex 63.76 5.61288 66.6667
    endloop
  endfacet
  facet normal 0 0.943025 -0.332721
    outer loop
      vertex 60.24 5.61288 66.6667
      vertex 63.76 4.43678 63.3333
      vertex 60.24 4.43678 63.3333
    endloop
  endfacet
  facet normal 0 0.971882 -0.235467
    outer loop
      vertex 63.76 5.61288 66.6667
      vertex 60.24 6.42047 70
      vertex 63.76 6.42047 70
    endloop
  endfacet
  facet normal 0 0.971882 -0.235467
    outer loop
      vertex 60.24 6.42047 70
      vertex 63.76 5.61288 66.6667
      vertex 60.24 5.61288 66.6667
    endloop
  endfacet
  facet normal 0 0.999678 0.0253601
    outer loop
      vertex 63.76 6.42047 70
      vertex 60.24 6.33591 73.3333
      vertex 63.76 6.33591 73.3333
    endloop
  endfacet
  facet normal 0 0.999678 0.0253601
    outer loop
      vertex 60.24 6.33591 73.3333
      vertex 63.76 6.42047 70
      vertex 60.24 6.42047 70
    endloop
  endfacet
  facet normal 0 0.965187 0.261562
    outer loop
      vertex 63.76 6.33591 73.3333
      vertex 60.24 5.43257 76.6667
      vertex 63.76 5.43257 76.6667
    endloop
  endfacet
  facet normal 0 0.965187 0.261562
    outer loop
      vertex 60.24 5.43257 76.6667
      vertex 63.76 6.33591 73.3333
      vertex 60.24 6.33591 73.3333
    endloop
  endfacet
  facet normal 0 0.937817 0.34713
    outer loop
      vertex 63.76 5.43257 76.6667
      vertex 60.24 4.19876 80
      vertex 63.76 4.19876 80
    endloop
  endfacet
  facet normal 0 0.937817 0.34713
    outer loop
      vertex 60.24 4.19876 80
      vertex 63.76 5.43257 76.6667
      vertex 60.24 5.43257 76.6667
    endloop
  endfacet
  facet normal 0 0.954276 -0.298925
    outer loop
      vertex 63.76 1.21065 0
      vertex 60.24 2.25481 3.33333
      vertex 63.76 2.25481 3.33333
    endloop
  endfacet
  facet normal 0 0.954276 -0.298925
    outer loop
      vertex 60.24 2.25481 3.33333
      vertex 63.76 1.21065 0
      vertex 60.24 1.21065 0
    endloop
  endfacet
  facet normal -1 0 0
    outer loop
      vertex 64.24 1.54898 0
      vertex 64.24 0 0
      vertex 64.24 1.32045 3.33333
    endloop
  endfacet
  facet normal -1 0 0
    outer loop
      vertex 64.24 4.23543 10
      vertex 64.24 3.80003 16.6667
      vertex 64.24 4.71484 13.3333
    endloop
  endfacet
  facet normal -1 0 0
    outer loop
      vertex 64.24 2.64247 6.66666
      vertex 64.24 3.80003 16.6667
      vertex 64.24 4.23543 10
    endloop
  endfacet
  facet normal -1 0 0
    outer loop
      vertex 64.24 2.64247 6.66666
      vertex 64.24 2.35413 20
      vertex 64.24 3.80003 16.6667
    endloop
  endfacet
  facet normal -1 0 0
    outer loop
      vertex 64.24 1.32045 3.33333
      vertex 64.24 2.35413 20
      vertex 64.24 2.64247 6.66666
    endloop
  endfacet
  facet normal -1 -0 0
    outer loop
      vertex 64.24 2.35413 20
      vertex 64.24 1.32045 3.33333
      vertex 64.24 1.47212 23.3333
    endloop
  endfacet
  facet normal -1 0 0
    outer loop
      vertex 64.24 0 46.6047
      vertex 64.24 4.99144 40
      vertex 64.24 4.54543 36.6667
    endloop
  endfacet
  facet normal -1 0 0
    outer loop
      vertex 64.24 4.99144 40
      vertex 64.24 0 46.6047
      vertex 64.24 4.94505 43.3333
    endloop
  endfacet
  facet normal -1 0 0
    outer loop
      vertex 64.24 4.94505 43.3333
      vertex 64.24 3.2 46.6047
      vertex 64.24 4.47176 46.6667
    endloop
  endfacet
  facet normal -1 0 0
    outer loop
      vertex 64.24 0 46.6047
      vertex 64.24 4.54543 36.6667
      vertex 64.24 3.65994 33.3333
    endloop
  endfacet
  facet normal -1 -0 0
    outer loop
      vertex 64.24 4.47176 46.6667
      vertex 64.24 3.2 46.6047
      vertex 64.24 3.8111 50
    endloop
  endfacet
  facet normal -1 -0 0
    outer loop
      vertex 64.24 3.8111 50
      vertex 64.24 3.2 46.6047
      vertex 64.24 3.39056 53.3333
    endloop
  endfacet
  facet normal -1 0 0
    outer loop
      vertex 64.24 0 46.6047
      vertex 64.24 3.65994 33.3333
      vertex 64.24 2.54111 30
    endloop
  endfacet
  facet normal -1 0 0
    outer loop
      vertex 64.24 0 46.6047
      vertex 64.24 2.54111 30
      vertex 64.24 1.62436 26.6667
    endloop
  endfacet
  facet normal -1 0 0
    outer loop
      vertex 64.24 0 0
      vertex 64.24 1.47212 23.3333
      vertex 64.24 1.32045 3.33333
    endloop
  endfacet
  facet normal -1 0 0
    outer loop
      vertex 64.24 0 46.6047
      vertex 64.24 1.47212 23.3333
      vertex 64.24 0 0
    endloop
  endfacet
  facet normal -1 0 0
    outer loop
      vertex 64.24 4.94505 43.3333
      vertex 64.24 0 46.6047
      vertex 64.24 3.2 46.6047
    endloop
  endfacet
  facet normal -1 0 0
    outer loop
      vertex 64.24 1.47212 23.3333
      vertex 64.24 0 46.6047
      vertex 64.24 1.62436 26.6667
    endloop
  endfacet
  facet normal -1 0 0
    outer loop
      vertex 64.24 3.2 68.3953
      vertex 64.24 6.47897 66.6667
      vertex 64.24 5.74829 63.3333
    endloop
  endfacet
  facet normal -1 0 0
    outer loop
      vertex 64.24 6.47897 66.6667
      vertex 64.24 3.2 68.3953
      vertex 64.24 6.3325 70
    endloop
  endfacet
  facet normal -1 0 0
    outer loop
      vertex 64.24 3.2 68.3953
      vertex 64.24 5.74829 63.3333
      vertex 64.24 4.5668 60
    endloop
  endfacet
  facet normal -1 -0 0
    outer loop
      vertex 64.24 6.3325 70
      vertex 64.24 3.2 68.3953
      vertex 64.24 5.39952 73.3333
    endloop
  endfacet
  facet normal -1 0 0
    outer loop
      vertex 64.24 3.2 68.3953
      vertex 64.24 4.5668 60
      vertex 64.24 3.62573 56.6667
    endloop
  endfacet
  facet normal -1 0 0
    outer loop
      vertex 64.24 3.2 68.3953
      vertex 64.24 3.62573 56.6667
      vertex 64.24 3.39056 53.3333
    endloop
  endfacet
  facet normal -1 0 0
    outer loop
      vertex 64.24 3.2 68.3953
      vertex 64.24 3.39056 53.3333
      vertex 64.24 3.2 46.6047
    endloop
  endfacet
  facet normal -1 0 0
    outer loop
      vertex 64.24 0 68.3953
      vertex 64.24 5.39952 73.3333
      vertex 64.24 3.2 68.3953
    endloop
  endfacet
  facet normal -1 -0 0
    outer loop
      vertex 64.24 5.39952 73.3333
      vertex 64.24 0 68.3953
      vertex 64.24 4.15485 76.6667
    endloop
  endfacet
  facet normal -1 0 0
    outer loop
      vertex 64.24 0 80
      vertex 64.24 4.15485 76.6667
      vertex 64.24 0 68.3953
    endloop
  endfacet
  facet normal -1 0 0
    outer loop
      vertex 64.24 4.15485 76.6667
      vertex 64.24 0 80
      vertex 64.24 3.13945 80
    endloop
  endfacet
  facet normal 1 0 0
    outer loop
      vertex 67.76 3.80003 16.6667
      vertex 67.76 4.23543 10
      vertex 67.76 4.71484 13.3333
    endloop
  endfacet
  facet normal 1 0 0
    outer loop
      vertex 67.76 3.80003 16.6667
      vertex 67.76 2.64247 6.66666
      vertex 67.76 4.23543 10
    endloop
  endfacet
  facet normal 1 0 0
    outer loop
      vertex 67.76 2.35413 20
      vertex 67.76 2.64247 6.66666
      vertex 67.76 3.80003 16.6667
    endloop
  endfacet
  facet normal 1 0 0
    outer loop
      vertex 67.76 1.32045 3.33333
      vertex 67.76 2.35413 20
      vertex 67.76 1.47212 23.3333
    endloop
  endfacet
  facet normal 1 0 0
    outer loop
      vertex 67.76 2.35413 20
      vertex 67.76 1.32045 3.33333
      vertex 67.76 2.64247 6.66666
    endloop
  endfacet
  facet normal 1 0 0
    outer loop
      vertex 67.76 6.3325 70
      vertex 67.76 5.74829 63.3333
      vertex 67.76 6.47897 66.6667
    endloop
  endfacet
  facet normal 1 0 0
    outer loop
      vertex 67.76 5.39952 73.3333
      vertex 67.76 5.74829 63.3333
      vertex 67.76 6.3325 70
    endloop
  endfacet
  facet normal 1 0 0
    outer loop
      vertex 67.76 0 80
      vertex 67.76 5.74829 63.3333
      vertex 67.76 5.39952 73.3333
    endloop
  endfacet
  facet normal 1 0 0
    outer loop
      vertex 67.76 0 80
      vertex 67.76 5.39952 73.3333
      vertex 67.76 4.15485 76.6667
    endloop
  endfacet
  facet normal 1 0 0
    outer loop
      vertex 67.76 5.74829 63.3333
      vertex 67.76 0 80
      vertex 67.76 4.5668 60
    endloop
  endfacet
  facet normal 1 0 0
    outer loop
      vertex 67.76 4.5668 60
      vertex 67.76 0 80
      vertex 67.76 3.62573 56.6667
    endloop
  endfacet
  facet normal 1 -0 0
    outer loop
      vertex 67.76 0 80
      vertex 67.76 4.15485 76.6667
      vertex 67.76 3.13945 80
    endloop
  endfacet
  facet normal 1 0 0
    outer loop
      vertex 67.76 4.94505 43.3333
      vertex 67.76 4.54543 36.6667
      vertex 67.76 4.99144 40
    endloop
  endfacet
  facet normal 1 0 0
    outer loop
      vertex 67.76 4.47176 46.6667
      vertex 67.76 4.54543 36.6667
      vertex 67.76 4.94505 43.3333
    endloop
  endfacet
  facet normal 1 0 0
    outer loop
      vertex 67.76 3.65994 33.3333
      vertex 67.76 4.47176 46.6667
      vertex 67.76 3.8111 50
    endloop
  endfacet
  facet normal 1 0 0
    outer loop
      vertex 67.76 4.47176 46.6667
      vertex 67.76 3.65994 33.3333
      vertex 67.76 4.54543 36.6667
    endloop
  endfacet
  facet normal 1 0 0
    outer loop
      vertex 67.76 1.62436 26.6667
      vertex 67.76 3.8111 50
      vertex 67.76 3.39056 53.3333
    endloop
  endfacet
  facet normal 1 0 0
    outer loop
      vertex 67.76 3.8111 50
      vertex 67.76 2.54111 30
      vertex 67.76 3.65994 33.3333
    endloop
  endfacet
  facet normal 1 0 0
    outer loop
      vertex 67.76 3.62573 56.6667
      vertex 67.76 0 80
      vertex 67.76 3.39056 53.3333
    endloop
  endfacet
  facet normal 1 0 -0
    outer loop
      vertex 67.76 1.62436 26.6667
      vertex 67.76 3.39056 53.3333
      vertex 67.76 0 80
    endloop
  endfacet
  facet normal 1 0 0
    outer loop
      vertex 67.76 3.8111 50
      vertex 67.76 1.62436 26.6667
      vertex 67.76 2.54111 30
    endloop
  endfacet
  facet normal 1 0 0
    outer loop
      vertex 67.76 0 0
      vertex 67.76 1.47212 23.3333
      vertex 67.76 0 80
    endloop
  endfacet
  facet normal 1 0 0
    outer loop
      vertex 67.76 1.62436 26.6667
      vertex 67.76 0 80
      vertex 67.76 1.47212 23.3333
    endloop
  endfacet
  facet normal 1 0 0
    outer loop
      vertex 67.76 1.32045 3.33333
      vertex 67.76 0 0
      vertex 67.76 1.54898 0
    endloop
  endfacet
  facet normal 1 0 0
    outer loop
      vertex 67.76 1.47212 23.3333
      vertex 67.76 0 0
      vertex 67.76 1.32045 3.33333
    endloop
  endfacet
  facet normal 0 0.92956 -0.36867
    outer loop
      vertex 67.76 1.32045 3.33333
      vertex 64.24 2.64247 6.66666
      vertex 67.76 2.64247 6.66666
    endloop
  endfacet
  facet normal 0 0.92956 -0.36867
    outer loop
      vertex 64.24 2.64247 6.66666
      vertex 67.76 1.32045 3.33333
      vertex 64.24 1.32045 3.33333
    endloop
  endfacet
  facet normal 0 0.902265 -0.431181
    outer loop
      vertex 67.76 2.64247 6.66666
      vertex 64.24 4.23543 10
      vertex 67.76 4.23543 10
    endloop
  endfacet
  facet normal 0 0.902265 -0.431181
    outer loop
      vertex 64.24 4.23543 10
      vertex 67.76 2.64247 6.66666
      vertex 64.24 2.64247 6.66666
    endloop
  endfacet
  facet normal 0 0.989815 -0.14236
    outer loop
      vertex 67.76 4.23543 10
      vertex 64.24 4.71484 13.3333
      vertex 67.76 4.71484 13.3333
    endloop
  endfacet
  facet normal 0 0.989815 -0.14236
    outer loop
      vertex 64.24 4.71484 13.3333
      vertex 67.76 4.23543 10
      vertex 64.24 4.23543 10
    endloop
  endfacet
  facet normal 0 0.964344 0.264652
    outer loop
      vertex 67.76 4.71484 13.3333
      vertex 64.24 3.80003 16.6667
      vertex 67.76 3.80003 16.6667
    endloop
  endfacet
  facet normal 0 0.964344 0.264652
    outer loop
      vertex 64.24 3.80003 16.6667
      vertex 67.76 4.71484 13.3333
      vertex 64.24 4.71484 13.3333
    endloop
  endfacet
  facet normal 0 0.917408 0.397948
    outer loop
      vertex 67.76 3.80003 16.6667
      vertex 64.24 2.35413 20
      vertex 67.76 2.35413 20
    endloop
  endfacet
  facet normal 0 0.917408 0.397948
    outer loop
      vertex 64.24 2.35413 20
      vertex 67.76 3.80003 16.6667
      vertex 64.24 3.80003 16.6667
    endloop
  endfacet
  facet normal 0 0.966729 0.255802
    outer loop
      vertex 67.76 2.35413 20
      vertex 64.24 1.47212 23.3333
      vertex 67.76 1.47212 23.3333
    endloop
  endfacet
  facet normal 0 0.966729 0.255802
    outer loop
      vertex 64.24 1.47212 23.3333
      vertex 67.76 2.35413 20
      vertex 64.24 2.35413 20
    endloop
  endfacet
  facet normal 0 0.998959 -0.0456235
    outer loop
      vertex 67.76 1.47212 23.3333
      vertex 64.24 1.62436 26.6667
      vertex 67.76 1.62436 26.6667
    endloop
  endfacet
  facet normal 0 0.998959 -0.0456235
    outer loop
      vertex 64.24 1.62436 26.6667
      vertex 67.76 1.47212 23.3333
      vertex 64.24 1.47212 23.3333
    endloop
  endfacet
  facet normal 0 0.964199 -0.265181
    outer loop
      vertex 67.76 1.62436 26.6667
      vertex 64.24 2.54111 30
      vertex 67.76 2.54111 30
    endloop
  endfacet
  facet normal 0 0.964199 -0.265181
    outer loop
      vertex 64.24 2.54111 30
      vertex 67.76 1.62436 26.6667
      vertex 64.24 1.62436 26.6667
    endloop
  endfacet
  facet normal 0 0.948022 -0.318206
    outer loop
      vertex 67.76 2.54111 30
      vertex 64.24 3.65994 33.3333
      vertex 67.76 3.65994 33.3333
    endloop
  endfacet
  facet normal 0 0.948022 -0.318206
    outer loop
      vertex 64.24 3.65994 33.3333
      vertex 67.76 2.54111 30
      vertex 64.24 2.54111 30
    endloop
  endfacet
  facet normal 0 0.966481 -0.256738
    outer loop
      vertex 67.76 3.65994 33.3333
      vertex 64.24 4.54543 36.6667
      vertex 67.76 4.54543 36.6667
    endloop
  endfacet
  facet normal 0 0.966481 -0.256738
    outer loop
      vertex 64.24 4.54543 36.6667
      vertex 67.76 3.65994 33.3333
      vertex 64.24 3.65994 33.3333
    endloop
  endfacet
  facet normal 0 0.991167 -0.132622
    outer loop
      vertex 67.76 4.54543 36.6667
      vertex 64.24 4.99144 40
      vertex 67.76 4.99144 40
    endloop
  endfacet
  facet normal 0 0.991167 -0.132622
    outer loop
      vertex 64.24 4.99144 40
      vertex 67.76 4.54543 36.6667
      vertex 64.24 4.54543 36.6667
    endloop
  endfacet
  facet normal 0 0.999903 0.0139158
    outer loop
      vertex 67.76 4.99144 40
      vertex 64.24 4.94505 43.3333
      vertex 67.76 4.94505 43.3333
    endloop
  endfacet
  facet normal 0 0.999903 0.0139158
    outer loop
      vertex 64.24 4.94505 43.3333
      vertex 67.76 4.99144 40
      vertex 64.24 4.99144 40
    endloop
  endfacet
  facet normal 0 0.99007 0.140574
    outer loop
      vertex 67.76 4.94505 43.3333
      vertex 64.24 4.47176 46.6667
      vertex 67.76 4.47176 46.6667
    endloop
  endfacet
  facet normal 0 0.99007 0.140574
    outer loop
      vertex 64.24 4.47176 46.6667
      vertex 67.76 4.94505 43.3333
      vertex 64.24 4.94505 43.3333
    endloop
  endfacet
  facet normal 0 0.980919 0.194418
    outer loop
      vertex 67.76 4.47176 46.6667
      vertex 64.24 3.8111 50
      vertex 67.76 3.8111 50
    endloop
  endfacet
  facet normal 0 0.980919 0.194418
    outer loop
      vertex 64.24 3.8111 50
      vertex 67.76 4.47176 46.6667
      vertex 64.24 4.47176 46.6667
    endloop
  endfacet
  facet normal 0 0.992135 0.125171
    outer loop
      vertex 67.76 3.8111 50
      vertex 64.24 3.39056 53.3333
      vertex 67.76 3.39056 53.3333
    endloop
  endfacet
  facet normal 0 0.992135 0.125171
    outer loop
      vertex 64.24 3.39056 53.3333
      vertex 67.76 3.8111 50
      vertex 64.24 3.8111 50
    endloop
  endfacet
  facet normal 0 0.997521 -0.0703747
    outer loop
      vertex 67.76 3.39056 53.3333
      vertex 64.24 3.62573 56.6667
      vertex 67.76 3.62573 56.6667
    endloop
  endfacet
  facet normal 0 0.997521 -0.0703747
    outer loop
      vertex 64.24 3.62573 56.6667
      vertex 67.76 3.39056 53.3333
      vertex 64.24 3.39056 53.3333
    endloop
  endfacet
  facet normal 0 0.962381 -0.271703
    outer loop
      vertex 67.76 3.62573 56.6667
      vertex 64.24 4.5668 60
      vertex 67.76 4.5668 60
    endloop
  endfacet
  facet normal 0 0.962381 -0.271703
    outer loop
      vertex 64.24 4.5668 60
      vertex 67.76 3.62573 56.6667
      vertex 64.24 3.62573 56.6667
    endloop
  endfacet
  facet normal 0 0.942543 -0.334085
    outer loop
      vertex 67.76 4.5668 60
      vertex 64.24 5.74829 63.3333
      vertex 67.76 5.74829 63.3333
    endloop
  endfacet
  facet normal 0 0.942543 -0.334085
    outer loop
      vertex 64.24 5.74829 63.3333
      vertex 67.76 4.5668 60
      vertex 64.24 4.5668 60
    endloop
  endfacet
  facet normal 0 0.976808 -0.214116
    outer loop
      vertex 67.76 5.74829 63.3333
      vertex 64.24 6.47897 66.6667
      vertex 67.76 6.47897 66.6667
    endloop
  endfacet
  facet normal 0 0.976808 -0.214116
    outer loop
      vertex 64.24 6.47897 66.6667
      vertex 67.76 5.74829 63.3333
      vertex 64.24 5.74829 63.3333
    endloop
  endfacet
  facet normal 0 0.999036 0.0438991
    outer loop
      vertex 67.76 6.47897 66.6667
      vertex 64.24 6.3325 70
      vertex 67.76 6.3325 70
    endloop
  endfacet
  facet normal 0 0.999036 0.0438991
    outer loop
      vertex 64.24 6.3325 70
      vertex 67.76 6.47897 66.6667
      vertex 64.24 6.47897 66.6667
    endloop
  endfacet
  facet normal 0 0.96299 0.269538
    outer loop
      vertex 67.76 6.3325 70
      vertex 64.24 5.39952 73.3333
      vertex 67.76 5.39952 73.3333
    endloop
  endfacet
  facet normal 0 0.96299 0.269538
    outer loop
      vertex 64.24 5.39952 73.3333
      vertex 67.76 6.3325 70
      vertex 64.24 6.3325 70
    endloop
  endfacet
  facet normal 0 0.936823 0.349804
    outer loop
      vertex 67.76 5.39952 73.3333
      vertex 64.24 4.15485 76.6667
      vertex 67.76 4.15485 76.6667
    endloop
  endfacet
  facet normal 0 0.936823 0.349804
    outer loop
      vertex 64.24 4.15485 76.6667
      vertex 67.76 5.39952 73.3333
      vertex 64.24 5.39952 73.3333
    endloop
  endfacet
  facet normal 0 0.956601 0.291403
    outer loop
      vertex 67.76 4.15485 76.6667
      vertex 64.24 3.13945 80
      vertex 67.76 3.13945 80
    endloop
  endfacet
  facet normal 0 0.956601 0.291403
    outer loop
      vertex 64.24 3.13945 80
      vertex 67.76 4.15485 76.6667
      vertex 64.24 4.15485 76.6667
    endloop
  endfacet
  facet normal 0 0.997658 0.0683985
    outer loop
      vertex 67.76 1.54898 0
      vertex 64.24 1.32045 3.33333
      vertex 67.76 1.32045 3.33333
    endloop
  endfacet
  facet normal 0 0.997658 0.0683985
    outer loop
      vertex 64.24 1.32045 3.33333
      vertex 67.76 1.54898 0
      vertex 64.24 1.54898 0
    endloop
  endfacet
  facet normal -1 0 0
    outer loop
      vertex 68.24 2.76122 0
      vertex 68.24 0 0
      vertex 68.24 1.4006 3.33333
    endloop
  endfacet
  facet normal -1 0 0
    outer loop
      vertex 68.24 4.10219 13.3333
      vertex 68.24 4.31941 20
      vertex 68.24 4.72351 16.6667
    endloop
  endfacet
  facet normal -1 0 0
    outer loop
      vertex 68.24 2.6694 10
      vertex 68.24 4.31941 20
      vertex 68.24 4.10219 13.3333
    endloop
  endfacet
  facet normal -1 -0 0
    outer loop
      vertex 68.24 4.31941 20
      vertex 68.24 2.6694 10
      vertex 68.24 3.39262 23.3333
    endloop
  endfacet
  facet normal -1 0 0
    outer loop
      vertex 68.24 1.41492 6.66666
      vertex 68.24 3.39262 23.3333
      vertex 68.24 2.6694 10
    endloop
  endfacet
  facet normal -1 -0 0
    outer loop
      vertex 68.24 3.39262 23.3333
      vertex 68.24 1.41492 6.66666
      vertex 68.24 2.61191 26.6667
    endloop
  endfacet
  facet normal -1 -0 0
    outer loop
      vertex 68.24 2.61191 26.6667
      vertex 68.24 1.41492 6.66666
      vertex 68.24 2.33476 30
    endloop
  endfacet
  facet normal -1 0 0
    outer loop
      vertex 68.24 6.04849 60
      vertex 68.24 6.15338 66.6667
      vertex 68.24 6.48619 63.3333
    endloop
  endfacet
  facet normal -1 0 0
    outer loop
      vertex 68.24 6.04849 60
      vertex 68.24 5.17119 70
      vertex 68.24 6.15338 66.6667
    endloop
  endfacet
  facet normal -1 0 0
    outer loop
      vertex 68.24 5.11401 56.6667
      vertex 68.24 5.17119 70
      vertex 68.24 6.04849 60
    endloop
  endfacet
  facet normal -1 0 0
    outer loop
      vertex 68.24 0 80
      vertex 68.24 5.11401 56.6667
      vertex 68.24 4.16168 53.3333
    endloop
  endfacet
  facet normal -1 0 0
    outer loop
      vertex 68.24 5.11401 56.6667
      vertex 68.24 3.96902 73.3333
      vertex 68.24 5.17119 70
    endloop
  endfacet
  facet normal -1 0 0
    outer loop
      vertex 68.24 0 80
      vertex 68.24 4.16168 53.3333
      vertex 68.24 3.5484 50
    endloop
  endfacet
  facet normal -1 0 0
    outer loop
      vertex 68.24 0 80
      vertex 68.24 3.5484 50
      vertex 68.24 3.31715 46.6667
    endloop
  endfacet
  facet normal -1 0 0
    outer loop
      vertex 68.24 2.8663 36.6667
      vertex 68.24 3.26448 43.3333
      vertex 68.24 3.14934 40
    endloop
  endfacet
  facet normal -1 -0 0
    outer loop
      vertex 68.24 3.26448 43.3333
      vertex 68.24 2.8663 36.6667
      vertex 68.24 3.31715 46.6667
    endloop
  endfacet
  facet normal -1 0 0
    outer loop
      vertex 68.24 5.11401 56.6667
      vertex 68.24 0 80
      vertex 68.24 3.96902 73.3333
    endloop
  endfacet
  facet normal -1 0 0
    outer loop
      vertex 68.24 2.5098 33.3333
      vertex 68.24 3.31715 46.6667
      vertex 68.24 2.8663 36.6667
    endloop
  endfacet
  facet normal -1 0 0
    outer loop
      vertex 68.24 3.96902 73.3333
      vertex 68.24 0 80
      vertex 68.24 3.02997 76.6667
    endloop
  endfacet
  facet normal -1 -0 0
    outer loop
      vertex 68.24 3.31715 46.6667
      vertex 68.24 2.5098 33.3333
      vertex 68.24 0 80
    endloop
  endfacet
  facet normal -1 0 0
    outer loop
      vertex 68.24 0 80
      vertex 68.24 2.5098 33.3333
      vertex 68.24 2.33476 30
    endloop
  endfacet
  facet normal -1 0 0
    outer loop
      vertex 68.24 0 0
      vertex 68.24 2.33476 30
      vertex 68.24 1.41492 6.66666
    endloop
  endfacet
  facet normal -1 0 0
    outer loop
      vertex 68.24 0 0
      vertex 68.24 1.41492 6.66666
      vertex 68.24 1.4006 3.33333
    endloop
  endfacet
  facet normal -1 -0 0
    outer loop
      vertex 68.24 2.33476 30
      vertex 68.24 0 0
      vertex 68.24 0 80
    endloop
  endfacet
  facet normal -1 0 0
    outer loop
      vertex 68.24 3.02997 76.6667
      vertex 68.24 0 80
      vertex 68.24 2.66646 80
    endloop
  endfacet
  facet normal 1 0 0
    outer loop
      vertex 71.76 6.15338 66.6667
      vertex 71.76 6.04849 60
      vertex 71.76 6.48619 63.3333
    endloop
  endfacet
  facet normal 1 0 0
    outer loop
      vertex 71.76 5.17119 70
      vertex 71.76 6.04849 60
      vertex 71.76 6.15338 66.6667
    endloop
  endfacet
  facet normal 1 0 0
    outer loop
      vertex 71.76 5.17119 70
      vertex 71.76 5.11401 56.6667
      vertex 71.76 6.04849 60
    endloop
  endfacet
  facet normal 1 0 0
    outer loop
      vertex 71.76 3.96902 73.3333
      vertex 71.76 5.11401 56.6667
      vertex 71.76 5.17119 70
    endloop
  endfacet
  facet normal 1 0 0
    outer loop
      vertex 71.76 0 80
      vertex 71.76 5.11401 56.6667
      vertex 71.76 3.96902 73.3333
    endloop
  endfacet
  facet normal 1 0 0
    outer loop
      vertex 71.76 5.11401 56.6667
      vertex 71.76 0 80
      vertex 71.76 4.16168 53.3333
    endloop
  endfacet
  facet normal 1 0 0
    outer loop
      vertex 71.76 4.16168 53.3333
      vertex 71.76 0 80
      vertex 71.76 3.5484 50
    endloop
  endfacet
  facet normal 1 0 0
    outer loop
      vertex 71.76 2.8663 36.6667
      vertex 71.76 3.26448 43.3333
      vertex 71.76 3.31715 46.6667
    endloop
  endfacet
  facet normal 1 0 0
    outer loop
      vertex 71.76 3.5484 50
      vertex 71.76 0 80
      vertex 71.76 3.31715 46.6667
    endloop
  endfacet
  facet normal 1 0 0
    outer loop
      vertex 71.76 0 80
      vertex 71.76 3.96902 73.3333
      vertex 71.76 3.02997 76.6667
    endloop
  endfacet
  facet normal 1 0 -0
    outer loop
      vertex 71.76 2.5098 33.3333
      vertex 71.76 3.31715 46.6667
      vertex 71.76 0 80
    endloop
  endfacet
  facet normal 1 -0 0
    outer loop
      vertex 71.76 0 80
      vertex 71.76 3.02997 76.6667
      vertex 71.76 2.66646 80
    endloop
  endfacet
  facet normal 1 0 0
    outer loop
      vertex 71.76 3.26448 43.3333
      vertex 71.76 2.8663 36.6667
      vertex 71.76 3.14934 40
    endloop
  endfacet
  facet normal 1 0 0
    outer loop
      vertex 71.76 3.31715 46.6667
      vertex 71.76 2.5098 33.3333
      vertex 71.76 2.8663 36.6667
    endloop
  endfacet
  facet normal 1 0 0
    outer loop
      vertex 71.76 2.5098 33.3333
      vertex 71.76 0 80
      vertex 71.76 2.33476 30
    endloop
  endfacet
  facet normal 1 0 0
    outer loop
      vertex 71.76 2.33476 30
      vertex 71.76 0 0
      vertex 71.76 1.41492 6.66666
    endloop
  endfacet
  facet normal 1 0 0
    outer loop
      vertex 71.76 0 0
      vertex 71.76 2.33476 30
      vertex 71.76 0 80
    endloop
  endfacet
  facet normal 1 0 0
    outer loop
      vertex 71.76 4.31941 20
      vertex 71.76 4.10219 13.3333
      vertex 71.76 4.72351 16.6667
    endloop
  endfacet
  facet normal 1 0 0
    outer loop
      vertex 71.76 2.6694 10
      vertex 71.76 4.31941 20
      vertex 71.76 3.39262 23.3333
    endloop
  endfacet
  facet normal 1 0 0
    outer loop
      vertex 71.76 4.31941 20
      vertex 71.76 2.6694 10
      vertex 71.76 4.10219 13.3333
    endloop
  endfacet
  facet normal 1 0 0
    outer loop
      vertex 71.76 1.41492 6.66666
      vertex 71.76 3.39262 23.3333
      vertex 71.76 2.61191 26.6667
    endloop
  endfacet
  facet normal 1 0 0
    outer loop
      vertex 71.76 1.41492 6.66666
      vertex 71.76 2.61191 26.6667
      vertex 71.76 2.33476 30
    endloop
  endfacet
  facet normal 1 0 0
    outer loop
      vertex 71.76 3.39262 23.3333
      vertex 71.76 1.41492 6.66666
      vertex 71.76 2.6694 10
    endloop
  endfacet
  facet normal 1 0 0
    outer loop
      vertex 71.76 1.4006 3.33333
      vertex 71.76 0 0
      vertex 71.76 2.76122 0
    endloop
  endfacet
  facet normal 1 0 0
    outer loop
      vertex 71.76 1.41492 6.66666
      vertex 71.76 0 0
      vertex 71.76 1.4006 3.33333
    endloop
  endfacet
  facet normal 0 0.999991 -0.00429596
    outer loop
      vertex 71.76 1.4006 3.33333
      vertex 68.24 1.41492 6.66666
      vertex 71.76 1.41492 6.66666
    endloop
  endfacet
  facet normal 0 0.999991 -0.00429596
    outer loop
      vertex 68.24 1.41492 6.66666
      vertex 71.76 1.4006 3.33333
      vertex 68.24 1.4006 3.33333
    endloop
  endfacet
  facet normal 0 0.935915 -0.352225
    outer loop
      vertex 71.76 1.41492 6.66666
      vertex 68.24 2.6694 10
      vertex 71.76 2.6694 10
    endloop
  endfacet
  facet normal 0 0.935915 -0.352225
    outer loop
      vertex 68.24 2.6694 10
      vertex 71.76 1.41492 6.66666
      vertex 68.24 1.41492 6.66666
    endloop
  endfacet
  facet normal 0 0.918722 -0.394905
    outer loop
      vertex 71.76 2.6694 10
      vertex 68.24 4.10219 13.3333
      vertex 71.76 4.10219 13.3333
    endloop
  endfacet
  facet normal 0 0.918722 -0.394905
    outer loop
      vertex 68.24 4.10219 13.3333
      vertex 71.76 2.6694 10
      vertex 68.24 2.6694 10
    endloop
  endfacet
  facet normal 0 0.983069 -0.183236
    outer loop
      vertex 71.76 4.10219 13.3333
      vertex 68.24 4.72351 16.6667
      vertex 71.76 4.72351 16.6667
    endloop
  endfacet
  facet normal 0 0.983069 -0.183236
    outer loop
      vertex 68.24 4.72351 16.6667
      vertex 71.76 4.10219 13.3333
      vertex 68.24 4.10219 13.3333
    endloop
  endfacet
  facet normal 0 0.992732 0.12035
    outer loop
      vertex 71.76 4.72351 16.6667
      vertex 68.24 4.31941 20
      vertex 71.76 4.31941 20
    endloop
  endfacet
  facet normal 0 0.992732 0.12035
    outer loop
      vertex 68.24 4.31941 20
      vertex 71.76 4.72351 16.6667
      vertex 68.24 4.72351 16.6667
    endloop
  endfacet
  facet normal 0 0.963453 0.267878
    outer loop
      vertex 71.76 4.31941 20
      vertex 68.24 3.39262 23.3333
      vertex 71.76 3.39262 23.3333
    endloop
  endfacet
  facet normal 0 0.963453 0.267878
    outer loop
      vertex 68.24 3.39262 23.3333
      vertex 71.76 4.31941 20
      vertex 68.24 4.31941 20
    endloop
  endfacet
  facet normal 0 0.973652 0.228037
    outer loop
      vertex 71.76 3.39262 23.3333
      vertex 68.24 2.61191 26.6667
      vertex 71.76 2.61191 26.6667
    endloop
  endfacet
  facet normal 0 0.973652 0.228037
    outer loop
      vertex 68.24 2.61191 26.6667
      vertex 71.76 3.39262 23.3333
      vertex 68.24 3.39262 23.3333
    endloop
  endfacet
  facet normal 0 0.996561 0.0828599
    outer loop
      vertex 71.76 2.61191 26.6667
      vertex 68.24 2.33476 30
      vertex 71.76 2.33476 30
    endloop
  endfacet
  facet normal 0 0.996561 0.0828599
    outer loop
      vertex 68.24 2.33476 30
      vertex 71.76 2.61191 26.6667
      vertex 68.24 2.61191 26.6667
    endloop
  endfacet
  facet normal 0 0.998624 -0.0524403
    outer loop
      vertex 71.76 2.33476 30
      vertex 68.24 2.5098 33.3333
      vertex 71.76 2.5098 33.3333
    endloop
  endfacet
  facet normal 0 0.998624 -0.0524403
    outer loop
      vertex 68.24 2.5098 33.3333
      vertex 71.76 2.33476 30
      vertex 68.24 2.33476 30
    endloop
  endfacet
  facet normal 0 0.99433 -0.106341
    outer loop
      vertex 71.76 2.5098 33.3333
      vertex 68.24 2.8663 36.6667
      vertex 71.76 2.8663 36.6667
    endloop
  endfacet
  facet normal 0 0.99433 -0.106341
    outer loop
      vertex 68.24 2.8663 36.6667
      vertex 71.76 2.5098 33.3333
      vertex 68.24 2.5098 33.3333
    endloop
  endfacet
  facet normal 0 0.996414 -0.0846084
    outer loop
      vertex 71.76 2.8663 36.6667
      vertex 68.24 3.14934 40
      vertex 71.76 3.14934 40
    endloop
  endfacet
  facet normal 0 0.996414 -0.0846084
    outer loop
      vertex 68.24 3.14934 40
      vertex 71.76 2.8663 36.6667
      vertex 68.24 2.8663 36.6667
    endloop
  endfacet
  facet normal 0 0.999404 -0.0345218
    outer loop
      vertex 71.76 3.14934 40
      vertex 68.24 3.26448 43.3333
      vertex 71.76 3.26448 43.3333
    endloop
  endfacet
  facet normal 0 0.999404 -0.0345218
    outer loop
      vertex 68.24 3.26448 43.3333
      vertex 71.76 3.14934 40
      vertex 68.24 3.14934 40
    endloop
  endfacet
  facet normal 0 0.999875 -0.0157987
    outer loop
      vertex 71.76 3.26448 43.3333
      vertex 68.24 3.31715 46.6667
      vertex 71.76 3.31715 46.6667
    endloop
  endfacet
  facet normal 0 0.999875 -0.0157987
    outer loop
      vertex 68.24 3.31715 46.6667
      vertex 71.76 3.26448 43.3333
      vertex 68.24 3.26448 43.3333
    endloop
  endfacet
  facet normal 0 0.997602 -0.0692093
    outer loop
      vertex 71.76 3.31715 46.6667
      vertex 68.24 3.5484 50
      vertex 71.76 3.5484 50
    endloop
  endfacet
  facet normal 0 0.997602 -0.0692093
    outer loop
      vertex 68.24 3.5484 50
      vertex 71.76 3.31715 46.6667
      vertex 68.24 3.31715 46.6667
    endloop
  endfacet
  facet normal 0 0.983493 -0.180949
    outer loop
      vertex 71.76 3.5484 50
      vertex 68.24 4.16168 53.3333
      vertex 71.76 4.16168 53.3333
    endloop
  endfacet
  facet normal 0 0.983493 -0.180949
    outer loop
      vertex 68.24 4.16168 53.3333
      vertex 71.76 3.5484 50
      vertex 68.24 3.5484 50
    endloop
  endfacet
  facet normal 0 0.961529 -0.274702
    outer loop
      vertex 71.76 4.16168 53.3333
      vertex 68.24 5.11401 56.6667
      vertex 71.76 5.11401 56.6667
    endloop
  endfacet
  facet normal 0 0.961529 -0.274702
    outer loop
      vertex 68.24 5.11401 56.6667
      vertex 71.76 4.16168 53.3333
      vertex 68.24 4.16168 53.3333
    endloop
  endfacet
  facet normal 0 0.962877 -0.26994
    outer loop
      vertex 71.76 5.11401 56.6667
      vertex 68.24 6.04849 60
      vertex 71.76 6.04849 60
    endloop
  endfacet
  facet normal 0 0.962877 -0.26994
    outer loop
      vertex 68.24 6.04849 60
      vertex 71.76 5.11401 56.6667
      vertex 68.24 5.11401 56.6667
    endloop
  endfacet
  facet normal 0 0.991489 -0.130194
    outer loop
      vertex 71.76 6.04849 60
      vertex 68.24 6.48619 63.3333
      vertex 71.76 6.48619 63.3333
    endloop
  endfacet
  facet normal 0 0.991489 -0.130194
    outer loop
      vertex 68.24 6.48619 63.3333
      vertex 71.76 6.04849 60
      vertex 68.24 6.04849 60
    endloop
  endfacet
  facet normal 0 0.995053 0.0993471
    outer loop
      vertex 71.76 6.48619 63.3333
      vertex 68.24 6.15338 66.6667
      vertex 71.76 6.15338 66.6667
    endloop
  endfacet
  facet normal 0 0.995053 0.0993471
    outer loop
      vertex 68.24 6.15338 66.6667
      vertex 71.76 6.48619 63.3333
      vertex 68.24 6.48619 63.3333
    endloop
  endfacet
  facet normal 0 0.959225 0.282645
    outer loop
      vertex 71.76 6.15338 66.6667
      vertex 68.24 5.17119 70
      vertex 71.76 5.17119 70
    endloop
  endfacet
  facet normal 0 0.959225 0.282645
    outer loop
      vertex 68.24 5.17119 70
      vertex 71.76 6.15338 66.6667
      vertex 68.24 6.15338 66.6667
    endloop
  endfacet
  facet normal 0 0.940691 0.339265
    outer loop
      vertex 71.76 5.17119 70
      vertex 68.24 3.96902 73.3333
      vertex 71.76 3.96902 73.3333
    endloop
  endfacet
  facet normal 0 0.940691 0.339265
    outer loop
      vertex 68.24 3.96902 73.3333
      vertex 71.76 5.17119 70
      vertex 68.24 5.17119 70
    endloop
  endfacet
  facet normal 0 0.962536 0.271155
    outer loop
      vertex 71.76 3.96902 73.3333
      vertex 68.24 3.02997 76.6667
      vertex 71.76 3.02997 76.6667
    endloop
  endfacet
  facet normal 0 0.962536 0.271155
    outer loop
      vertex 68.24 3.02997 76.6667
      vertex 71.76 3.96902 73.3333
      vertex 68.24 3.96902 73.3333
    endloop
  endfacet
  facet normal 0 0.994106 0.108411
    outer loop
      vertex 71.76 3.02997 76.6667
      vertex 68.24 2.66646 80
      vertex 71.76 2.66646 80
    endloop
  endfacet
  facet normal 0 0.994106 0.108411
    outer loop
      vertex 68.24 2.66646 80
      vertex 71.76 3.02997 76.6667
      vertex 68.24 3.02997 76.6667
    endloop
  endfacet
  facet normal 0 0.92584 0.377915
    outer loop
      vertex 71.76 2.76122 0
      vertex 68.24 1.4006 3.33333
      vertex 71.76 1.4006 3.33333
    endloop
  endfacet
  facet normal 0 0.92584 0.377915
    outer loop
      vertex 68.24 1.4006 3.33333
      vertex 71.76 2.76122 0
      vertex 68.24 2.76122 0
    endloop
  endfacet
  facet normal -1 -0 0
    outer loop
      vertex 72.24 1.45648 6.66666
      vertex 72.24 0 0
      vertex 72.24 1.38069 10
    endloop
  endfacet
  facet normal -1 -0 0
    outer loop
      vertex 72.24 2.69681 3.33333
      vertex 72.24 0 0
      vertex 72.24 1.45648 6.66666
    endloop
  endfacet
  facet normal -1 0 0
    outer loop
      vertex 72.24 0 0
      vertex 72.24 2.69681 3.33333
      vertex 72.24 4.2822 0
    endloop
  endfacet
  facet normal -1 0 0
    outer loop
      vertex 72.24 3.6978 16.6667
      vertex 72.24 4.92822 26.6667
      vertex 72.24 5.02902 23.3333
    endloop
  endfacet
  facet normal -1 0 0
    outer loop
      vertex 72.24 3.6978 16.6667
      vertex 72.24 5.02902 23.3333
      vertex 72.24 4.67271 20
    endloop
  endfacet
  facet normal -1 0 0
    outer loop
      vertex 72.24 2.36746 13.3333
      vertex 72.24 4.92822 26.6667
      vertex 72.24 3.6978 16.6667
    endloop
  endfacet
  facet normal -1 -0 0
    outer loop
      vertex 72.24 4.68771 30
      vertex 72.24 2.36746 13.3333
      vertex 72.24 4.53372 33.3333
    endloop
  endfacet
  facet normal -1 -0 0
    outer loop
      vertex 72.24 4.92822 26.6667
      vertex 72.24 2.36746 13.3333
      vertex 72.24 4.68771 30
    endloop
  endfacet
  facet normal -1 0 0
    outer loop
      vertex 72.24 5.59845 63.3333
      vertex 72.24 6.2379 56.6667
      vertex 72.24 5.92285 53.3333
    endloop
  endfacet
  facet normal -1 0 0
    outer loop
      vertex 72.24 6.2379 56.6667
      vertex 72.24 5.59845 63.3333
      vertex 72.24 6.1702 60
    endloop
  endfacet
  facet normal -1 0 0
    outer loop
      vertex 72.24 4.6423 66.6667
      vertex 72.24 5.92285 53.3333
      vertex 72.24 5.46968 50
    endloop
  endfacet
  facet normal -1 0 0
    outer loop
      vertex 72.24 3.62321 70
      vertex 72.24 5.46968 50
      vertex 72.24 5.07484 46.6667
    endloop
  endfacet
  facet normal -1 0 0
    outer loop
      vertex 72.24 0 80
      vertex 72.24 5.07484 46.6667
      vertex 72.24 4.80209 43.3333
    endloop
  endfacet
  facet normal -1 0 0
    outer loop
      vertex 72.24 5.92285 53.3333
      vertex 72.24 4.6423 66.6667
      vertex 72.24 5.59845 63.3333
    endloop
  endfacet
  facet normal -1 0 0
    outer loop
      vertex 72.24 0 80
      vertex 72.24 4.80209 43.3333
      vertex 72.24 4.62581 40
    endloop
  endfacet
  facet normal -1 0 0
    outer loop
      vertex 72.24 0 80
      vertex 72.24 4.62581 40
      vertex 72.24 4.5258 36.6667
    endloop
  endfacet
  facet normal -1 0 0
    outer loop
      vertex 72.24 1.38069 10
      vertex 72.24 4.53372 33.3333
      vertex 72.24 2.36746 13.3333
    endloop
  endfacet
  facet normal -1 -0 0
    outer loop
      vertex 72.24 4.53372 33.3333
      vertex 72.24 1.38069 10
      vertex 72.24 4.5258 36.6667
    endloop
  endfacet
  facet normal -1 0 0
    outer loop
      vertex 72.24 5.46968 50
      vertex 72.24 3.62321 70
      vertex 72.24 4.6423 66.6667
    endloop
  endfacet
  facet normal -1 0 0
    outer loop
      vertex 72.24 5.07484 46.6667
      vertex 72.24 0 80
      vertex 72.24 3.62321 70
    endloop
  endfacet
  facet normal -1 0 0
    outer loop
      vertex 72.24 3.62321 70
      vertex 72.24 0 80
      vertex 72.24 2.90038 73.3333
    endloop
  endfacet
  facet normal -1 -0 0
    outer loop
      vertex 72.24 4.5258 36.6667
      vertex 72.24 1.38069 10
      vertex 72.24 0 80
    endloop
  endfacet
  facet normal -1 0 0
    outer loop
      vertex 72.24 0 80
      vertex 72.24 1.38069 10
      vertex 72.24 0 0
    endloop
  endfacet
  facet normal -1 0 0
    outer loop
      vertex 72.24 2.70306 76.6667
      vertex 72.24 0 80
      vertex 72.24 3.05215 80
    endloop
  endfacet
  facet normal -1 0 0
    outer loop
      vertex 72.24 2.90038 73.3333
      vertex 72.24 0 80
      vertex 72.24 2.70306 76.6667
    endloop
  endfacet
  facet normal 1 0 0
    outer loop
      vertex 75.76 4.5258 36.6667
      vertex 75.76 1.38069 10
      vertex 75.76 2.36746 13.3333
    endloop
  endfacet
  facet normal 1 0 0
    outer loop
      vertex 75.76 2.90038 73.3333
      vertex 75.76 0 80
      vertex 75.76 1.38069 10
    endloop
  endfacet
  facet normal 1 -0 0
    outer loop
      vertex 75.76 0 80
      vertex 75.76 2.70306 76.6667
      vertex 75.76 3.05215 80
    endloop
  endfacet
  facet normal 1 0 0
    outer loop
      vertex 75.76 5.59845 63.3333
      vertex 75.76 6.2379 56.6667
      vertex 75.76 6.1702 60
    endloop
  endfacet
  facet normal 1 0 0
    outer loop
      vertex 75.76 6.2379 56.6667
      vertex 75.76 5.59845 63.3333
      vertex 75.76 5.92285 53.3333
    endloop
  endfacet
  facet normal 1 0 0
    outer loop
      vertex 75.76 4.6423 66.6667
      vertex 75.76 5.92285 53.3333
      vertex 75.76 5.59845 63.3333
    endloop
  endfacet
  facet normal 1 0 0
    outer loop
      vertex 75.76 5.92285 53.3333
      vertex 75.76 4.6423 66.6667
      vertex 75.76 5.46968 50
    endloop
  endfacet
  facet normal 1 0 0
    outer loop
      vertex 75.76 3.62321 70
      vertex 75.76 5.46968 50
      vertex 75.76 4.6423 66.6667
    endloop
  endfacet
  facet normal 1 0 0
    outer loop
      vertex 75.76 5.46968 50
      vertex 75.76 3.62321 70
      vertex 75.76 5.07484 46.6667
    endloop
  endfacet
  facet normal 1 0 0
    outer loop
      vertex 75.76 5.07484 46.6667
      vertex 75.76 3.62321 70
      vertex 75.76 4.80209 43.3333
    endloop
  endfacet
  facet normal 1 0 0
    outer loop
      vertex 75.76 2.90038 73.3333
      vertex 75.76 4.80209 43.3333
      vertex 75.76 3.62321 70
    endloop
  endfacet
  facet normal 1 0 0
    outer loop
      vertex 75.76 4.80209 43.3333
      vertex 75.76 2.90038 73.3333
      vertex 75.76 4.62581 40
    endloop
  endfacet
  facet normal 1 0 0
    outer loop
      vertex 75.76 1.38069 10
      vertex 75.76 4.62581 40
      vertex 75.76 2.90038 73.3333
    endloop
  endfacet
  facet normal 1 0 0
    outer loop
      vertex 75.76 4.62581 40
      vertex 75.76 1.38069 10
      vertex 75.76 4.5258 36.6667
    endloop
  endfacet
  facet normal 1 0 0
    outer loop
      vertex 75.76 0 80
      vertex 75.76 2.90038 73.3333
      vertex 75.76 2.70306 76.6667
    endloop
  endfacet
  facet normal 1 0 0
    outer loop
      vertex 75.76 4.5258 36.6667
      vertex 75.76 2.36746 13.3333
      vertex 75.76 3.6978 16.6667
    endloop
  endfacet
  facet normal 1 0 0
    outer loop
      vertex 75.76 3.6978 16.6667
      vertex 75.76 4.92822 26.6667
      vertex 75.76 4.68771 30
    endloop
  endfacet
  facet normal 1 0 0
    outer loop
      vertex 75.76 4.92822 26.6667
      vertex 75.76 3.6978 16.6667
      vertex 75.76 5.02902 23.3333
    endloop
  endfacet
  facet normal 1 0 0
    outer loop
      vertex 75.76 3.6978 16.6667
      vertex 75.76 4.68771 30
      vertex 75.76 4.53372 33.3333
    endloop
  endfacet
  facet normal 1 0 0
    outer loop
      vertex 75.76 5.02902 23.3333
      vertex 75.76 3.6978 16.6667
      vertex 75.76 4.67271 20
    endloop
  endfacet
  facet normal 1 0 0
    outer loop
      vertex 75.76 3.6978 16.6667
      vertex 75.76 4.53372 33.3333
      vertex 75.76 4.5258 36.6667
    endloop
  endfacet
  facet normal 1 0 0
    outer loop
      vertex 75.76 2.69681 3.33333
      vertex 75.76 0 0
      vertex 75.76 4.2822 0
    endloop
  endfacet
  facet normal 1 0 0
    outer loop
      vertex 75.76 1.45648 6.66666
      vertex 75.76 0 0
      vertex 75.76 2.69681 3.33333
    endloop
  endfacet
  facet normal 1 0 0
    outer loop
      vertex 75.76 1.38069 10
      vertex 75.76 0 0
      vertex 75.76 1.45648 6.66666
    endloop
  endfacet
  facet normal 1 0 0
    outer loop
      vertex 75.76 0 0
      vertex 75.76 1.38069 10
      vertex 75.76 0 80
    endloop
  endfacet
  facet normal 0 0.93722 0.348739
    outer loop
      vertex 75.76 2.69681 3.33333
      vertex 72.24 1.45648 6.66666
      vertex 75.76 1.45648 6.66666
    endloop
  endfacet
  facet normal 0 0.93722 0.348739
    outer loop
      vertex 72.24 1.45648 6.66666
      vertex 75.76 2.69681 3.33333
      vertex 72.24 2.69681 3.33333
    endloop
  endfacet
  facet normal 0 0.999742 0.0227311
    outer loop
      vertex 75.76 1.45648 6.66666
      vertex 72.24 1.38069 10
      vertex 75.76 1.38069 10
    endloop
  endfacet
  facet normal 0 0.999742 0.0227311
    outer loop
      vertex 72.24 1.38069 10
      vertex 75.76 1.45648 6.66666
      vertex 72.24 1.45648 6.66666
    endloop
  endfacet
  facet normal 0 0.958867 -0.283857
    outer loop
      vertex 75.76 1.38069 10
      vertex 72.24 2.36746 13.3333
      vertex 75.76 2.36746 13.3333
    endloop
  endfacet
  facet normal 0 0.958867 -0.283857
    outer loop
      vertex 72.24 2.36746 13.3333
      vertex 75.76 1.38069 10
      vertex 72.24 1.38069 10
    endloop
  endfacet
  facet normal 0 0.928767 -0.370665
    outer loop
      vertex 75.76 2.36746 13.3333
      vertex 72.24 3.6978 16.6667
      vertex 75.76 3.6978 16.6667
    endloop
  endfacet
  facet normal 0 0.928767 -0.370665
    outer loop
      vertex 72.24 3.6978 16.6667
      vertex 75.76 2.36746 13.3333
      vertex 72.24 2.36746 13.3333
    endloop
  endfacet
  facet normal 0 0.959791 -0.280716
    outer loop
      vertex 75.76 3.6978 16.6667
      vertex 72.24 4.67271 20
      vertex 75.76 4.67271 20
    endloop
  endfacet
  facet normal 0 0.959791 -0.280716
    outer loop
      vertex 72.24 4.67271 20
      vertex 75.76 3.6978 16.6667
      vertex 72.24 3.6978 16.6667
    endloop
  endfacet
  facet normal 0 0.994335 -0.106289
    outer loop
      vertex 75.76 4.67271 20
      vertex 72.24 5.02902 23.3333
      vertex 75.76 5.02902 23.3333
    endloop
  endfacet
  facet normal 0 0.994335 -0.106289
    outer loop
      vertex 72.24 5.02902 23.3333
      vertex 75.76 4.67271 20
      vertex 72.24 4.67271 20
    endloop
  endfacet
  facet normal 0 0.999543 0.0302256
    outer loop
      vertex 75.76 5.02902 23.3333
      vertex 72.24 4.92822 26.6667
      vertex 75.76 4.92822 26.6667
    endloop
  endfacet
  facet normal 0 0.999543 0.0302256
    outer loop
      vertex 72.24 4.92822 26.6667
      vertex 75.76 5.02902 23.3333
      vertex 72.24 5.02902 23.3333
    endloop
  endfacet
  facet normal 0 0.997407 0.0719666
    outer loop
      vertex 75.76 4.92822 26.6667
      vertex 72.24 4.68771 30
      vertex 75.76 4.68771 30
    endloop
  endfacet
  facet normal 0 0.997407 0.0719666
    outer loop
      vertex 72.24 4.68771 30
      vertex 75.76 4.92822 26.6667
      vertex 72.24 4.92822 26.6667
    endloop
  endfacet
  facet normal 0 0.998935 0.0461482
    outer loop
      vertex 75.76 4.68771 30
      vertex 72.24 4.53372 33.3333
      vertex 75.76 4.53372 33.3333
    endloop
  endfacet
  facet normal 0 0.998935 0.0461482
    outer loop
      vertex 72.24 4.53372 33.3333
      vertex 75.76 4.68771 30
      vertex 72.24 4.68771 30
    endloop
  endfacet
  facet normal 0 0.999997 0.00237595
    outer loop
      vertex 75.76 4.53372 33.3333
      vertex 72.24 4.5258 36.6667
      vertex 75.76 4.5258 36.6667
    endloop
  endfacet
  facet normal 0 0.999997 0.00237595
    outer loop
      vertex 72.24 4.5258 36.6667
      vertex 75.76 4.53372 33.3333
      vertex 72.24 4.53372 33.3333
    endloop
  endfacet
  facet normal 0 0.99955 -0.0299898
    outer loop
      vertex 75.76 4.5258 36.6667
      vertex 72.24 4.62581 40
      vertex 75.76 4.62581 40
    endloop
  endfacet
  facet normal 0 0.99955 -0.0299898
    outer loop
      vertex 72.24 4.62581 40
      vertex 75.76 4.5258 36.6667
      vertex 72.24 4.5258 36.6667
    endloop
  endfacet
  facet normal 0 0.998605 -0.0528107
    outer loop
      vertex 75.76 4.62581 40
      vertex 72.24 4.80209 43.3333
      vertex 75.76 4.80209 43.3333
    endloop
  endfacet
  facet normal 0 0.998605 -0.0528107
    outer loop
      vertex 72.24 4.80209 43.3333
      vertex 75.76 4.62581 40
      vertex 72.24 4.62581 40
    endloop
  endfacet
  facet normal 0 0.996669 -0.0815508
    outer loop
      vertex 75.76 4.80209 43.3333
      vertex 72.24 5.07484 46.6667
      vertex 75.76 5.07484 46.6667
    endloop
  endfacet
  facet normal 0 0.996669 -0.0815508
    outer loop
      vertex 72.24 5.07484 46.6667
      vertex 75.76 4.80209 43.3333
      vertex 72.24 4.80209 43.3333
    endloop
  endfacet
  facet normal 0 0.993057 -0.117631
    outer loop
      vertex 75.76 5.07484 46.6667
      vertex 72.24 5.46968 50
      vertex 75.76 5.46968 50
    endloop
  endfacet
  facet normal 0 0.993057 -0.117631
    outer loop
      vertex 72.24 5.46968 50
      vertex 75.76 5.07484 46.6667
      vertex 72.24 5.07484 46.6667
    endloop
  endfacet
  facet normal 0 0.990885 -0.134713
    outer loop
      vertex 75.76 5.46968 50
      vertex 72.24 5.92285 53.3333
      vertex 75.76 5.92285 53.3333
    endloop
  endfacet
  facet normal 0 0.990885 -0.134713
    outer loop
      vertex 72.24 5.92285 53.3333
      vertex 75.76 5.46968 50
      vertex 72.24 5.46968 50
    endloop
  endfacet
  facet normal 0 0.995563 -0.0940938
    outer loop
      vertex 75.76 5.92285 53.3333
      vertex 72.24 6.2379 56.6667
      vertex 75.76 6.2379 56.6667
    endloop
  endfacet
  facet normal 0 0.995563 -0.0940938
    outer loop
      vertex 72.24 6.2379 56.6667
      vertex 75.76 5.92285 53.3333
      vertex 72.24 5.92285 53.3333
    endloop
  endfacet
  facet normal 0 0.999794 0.020306
    outer loop
      vertex 75.76 6.2379 56.6667
      vertex 72.24 6.1702 60
      vertex 75.76 6.1702 60
    endloop
  endfacet
  facet normal 0 0.999794 0.020306
    outer loop
      vertex 72.24 6.1702 60
      vertex 75.76 6.2379 56.6667
      vertex 72.24 6.2379 56.6667
    endloop
  endfacet
  facet normal 0 0.985606 0.169058
    outer loop
      vertex 75.76 6.1702 60
      vertex 72.24 5.59845 63.3333
      vertex 75.76 5.59845 63.3333
    endloop
  endfacet
  facet normal 0 0.985606 0.169058
    outer loop
      vertex 72.24 5.59845 63.3333
      vertex 75.76 6.1702 60
      vertex 72.24 6.1702 60
    endloop
  endfacet
  facet normal 0 0.961238 0.275721
    outer loop
      vertex 75.76 5.59845 63.3333
      vertex 72.24 4.6423 66.6667
      vertex 75.76 4.6423 66.6667
    endloop
  endfacet
  facet normal 0 0.961238 0.275721
    outer loop
      vertex 72.24 4.6423 66.6667
      vertex 75.76 5.59845 63.3333
      vertex 72.24 5.59845 63.3333
    endloop
  endfacet
  facet normal 0 0.956305 0.292371
    outer loop
      vertex 75.76 4.6423 66.6667
      vertex 72.24 3.62321 70
      vertex 75.76 3.62321 70
    endloop
  endfacet
  facet normal 0 0.956305 0.292371
    outer loop
      vertex 72.24 3.62321 70
      vertex 75.76 4.6423 66.6667
      vertex 72.24 4.6423 66.6667
    endloop
  endfacet
  facet normal 0 0.977286 0.211926
    outer loop
      vertex 75.76 3.62321 70
      vertex 72.24 2.90038 73.3333
      vertex 75.76 2.90038 73.3333
    endloop
  endfacet
  facet normal 0 0.977286 0.211926
    outer loop
      vertex 72.24 2.90038 73.3333
      vertex 75.76 3.62321 70
      vertex 72.24 3.62321 70
    endloop
  endfacet
  facet normal 0 0.998253 0.0590914
    outer loop
      vertex 75.76 2.90038 73.3333
      vertex 72.24 2.70306 76.6667
      vertex 75.76 2.70306 76.6667
    endloop
  endfacet
  facet normal 0 0.998253 0.0590914
    outer loop
      vertex 72.24 2.70306 76.6667
      vertex 75.76 2.90038 73.3333
      vertex 72.24 2.90038 73.3333
    endloop
  endfacet
  facet normal 0 0.994561 -0.104158
    outer loop
      vertex 75.76 2.70306 76.6667
      vertex 72.24 3.05215 80
      vertex 75.76 3.05215 80
    endloop
  endfacet
  facet normal 0 0.994561 -0.104158
    outer loop
      vertex 72.24 3.05215 80
      vertex 75.76 2.70306 76.6667
      vertex 72.24 2.70306 76.6667
    endloop
  endfacet
  facet normal 0 0.903061 0.429512
    outer loop
      vertex 75.76 4.2822 0
      vertex 72.24 2.69681 3.33333
      vertex 75.76 2.69681 3.33333
    endloop
  endfacet
  facet normal 0 0.903061 0.429512
    outer loop
      vertex 72.24 2.69681 3.33333
      vertex 75.76 4.2822 0
      vertex 72.24 4.2822 0
    endloop
  endfacet
  facet normal -1 0 0
    outer loop
      vertex 76.24 0 0
      vertex 76.24 4.41293 3.33333
      vertex 76.24 5.08655 0
    endloop
  endfacet
  facet normal -1 -0 0
    outer loop
      vertex 76.24 4.41293 3.33333
      vertex 76.24 0 0
      vertex 76.24 2.97411 6.66666
    endloop
  endfacet
  facet normal -1 -0 0
    outer loop
      vertex 76.24 1.74066 10
      vertex 76.24 0 0
      vertex 76.24 1.37294 13.3333
    endloop
  endfacet
  facet normal -1 -0 0
    outer loop
      vertex 76.24 2.97411 6.66666
      vertex 76.24 0 0
      vertex 76.24 1.74066 10
    endloop
  endfacet
  facet normal -1 0 0
    outer loop
      vertex 76.24 3.00276 20
      vertex 76.24 6.40466 40
      vertex 76.24 6.31929 36.6667
    endloop
  endfacet
  facet normal -1 -0 0
    outer loop
      vertex 76.24 6.40466 40
      vertex 76.24 3.00276 20
      vertex 76.24 6.37932 43.3333
    endloop
  endfacet
  facet normal -1 0 0
    outer loop
      vertex 76.24 3.00276 20
      vertex 76.24 6.31929 36.6667
      vertex 76.24 6.10216 33.3333
    endloop
  endfacet
  facet normal -1 -0 0
    outer loop
      vertex 76.24 6.37932 43.3333
      vertex 76.24 3.00276 20
      vertex 76.24 6.25739 46.6667
    endloop
  endfacet
  facet normal -1 0 0
    outer loop
      vertex 76.24 3.00276 20
      vertex 76.24 6.10216 33.3333
      vertex 76.24 5.71133 30
    endloop
  endfacet
  facet normal -1 -0 0
    outer loop
      vertex 76.24 6.25739 46.6667
      vertex 76.24 3.00276 20
      vertex 76.24 6.03961 50
    endloop
  endfacet
  facet normal -1 -0 0
    outer loop
      vertex 76.24 6.03961 50
      vertex 76.24 3.00276 20
      vertex 76.24 5.69998 53.3333
    endloop
  endfacet
  facet normal -1 0 0
    outer loop
      vertex 76.24 4.15088 23.3333
      vertex 76.24 5.71133 30
      vertex 76.24 5.0778 26.6667
    endloop
  endfacet
  facet normal -1 0 0
    outer loop
      vertex 76.24 3.00276 20
      vertex 76.24 5.71133 30
      vertex 76.24 4.15088 23.3333
    endloop
  endfacet
  facet normal -1 -0 0
    outer loop
      vertex 76.24 5.69998 53.3333
      vertex 76.24 3.00276 20
      vertex 76.24 5.2002 56.6667
    endloop
  endfacet
  facet normal -1 -0 0
    outer loop
      vertex 76.24 5.2002 56.6667
      vertex 76.24 3.00276 20
      vertex 76.24 4.54099 60
    endloop
  endfacet
  facet normal -1 0 0
    outer loop
      vertex 76.24 1.92227 16.6667
      vertex 76.24 4.54099 60
      vertex 76.24 3.00276 20
    endloop
  endfacet
  facet normal -1 -0 0
    outer loop
      vertex 76.24 4.54099 60
      vertex 76.24 1.92227 16.6667
      vertex 76.24 3.8114 63.3333
    endloop
  endfacet
  facet normal -1 -0 0
    outer loop
      vertex 76.24 3.8114 63.3333
      vertex 76.24 1.92227 16.6667
      vertex 76.24 3.18401 66.6667
    endloop
  endfacet
  facet normal -1 0 0
    outer loop
      vertex 76.24 0 80
      vertex 76.24 3.18401 66.6667
      vertex 76.24 1.92227 16.6667
    endloop
  endfacet
  facet normal -1 0 0
    outer loop
      vertex 76.24 0 80
      vertex 76.24 1.92227 16.6667
      vertex 76.24 1.37294 13.3333
    endloop
  endfacet
  facet normal -1 0 0
    outer loop
      vertex 76.24 3.18401 66.6667
      vertex 76.24 0 80
      vertex 76.24 2.84639 70
    endloop
  endfacet
  facet normal -1 0 0
    outer loop
      vertex 76.24 0 80
      vertex 76.24 1.37294 13.3333
      vertex 76.24 0 0
    endloop
  endfacet
  facet normal -1 0 0
    outer loop
      vertex 76.24 3.36539 76.6667
      vertex 76.24 0 80
      vertex 76.24 4.06355 80
    endloop
  endfacet
  facet normal -1 0 0
    outer loop
      vertex 76.24 2.91212 73.3333
      vertex 76.24 0 80
      vertex 76.24 3.36539 76.6667
    endloop
  endfacet
  facet normal -1 0 0
    outer loop
      vertex 76.24 2.84639 70
      vertex 76.24 0 80
      vertex 76.24 2.91212 73.3333
    endloop
  endfacet
  facet normal 1 0 0
    outer loop
      vertex 79.76 3.18401 66.6667
      vertex 79.76 1.37294 13.3333
      vertex 79.76 1.92227 16.6667
    endloop
  endfacet
  facet normal 1 0 0
    outer loop
      vertex 79.76 0 80
      vertex 79.76 2.84639 70
      vertex 79.76 2.91212 73.3333
    endloop
  endfacet
  facet normal 1 0 0
    outer loop
      vertex 79.76 3.18401 66.6667
      vertex 79.76 0 80
      vertex 79.76 1.37294 13.3333
    endloop
  endfacet
  facet normal 1 0 0
    outer loop
      vertex 79.76 3.36539 76.6667
      vertex 79.76 0 80
      vertex 79.76 2.91212 73.3333
    endloop
  endfacet
  facet normal 1 -0 0
    outer loop
      vertex 79.76 0 80
      vertex 79.76 3.36539 76.6667
      vertex 79.76 4.06355 80
    endloop
  endfacet
  facet normal 1 0 0
    outer loop
      vertex 79.76 3.00276 20
      vertex 79.76 6.40466 40
      vertex 79.76 6.37932 43.3333
    endloop
  endfacet
  facet normal 1 0 0
    outer loop
      vertex 79.76 3.00276 20
      vertex 79.76 6.37932 43.3333
      vertex 79.76 6.25739 46.6667
    endloop
  endfacet
  facet normal 1 0 0
    outer loop
      vertex 79.76 6.40466 40
      vertex 79.76 3.00276 20
      vertex 79.76 6.31929 36.6667
    endloop
  endfacet
  facet normal 1 0 0
    outer loop
      vertex 79.76 3.00276 20
      vertex 79.76 6.25739 46.6667
      vertex 79.76 6.03961 50
    endloop
  endfacet
  facet normal 1 0 0
    outer loop
      vertex 79.76 6.31929 36.6667
      vertex 79.76 3.00276 20
      vertex 79.76 6.10216 33.3333
    endloop
  endfacet
  facet normal 1 0 0
    outer loop
      vertex 79.76 3.00276 20
      vertex 79.76 6.03961 50
      vertex 79.76 5.69998 53.3333
    endloop
  endfacet
  facet normal 1 0 0
    outer loop
      vertex 79.76 3.00276 20
      vertex 79.76 5.69998 53.3333
      vertex 79.76 5.2002 56.6667
    endloop
  endfacet
  facet normal 1 0 0
    outer loop
      vertex 79.76 6.10216 33.3333
      vertex 79.76 3.00276 20
      vertex 79.76 5.71133 30
    endloop
  endfacet
  facet normal 1 0 0
    outer loop
      vertex 79.76 3.00276 20
      vertex 79.76 5.2002 56.6667
      vertex 79.76 4.54099 60
    endloop
  endfacet
  facet normal 1 0 0
    outer loop
      vertex 79.76 5.71133 30
      vertex 79.76 4.15088 23.3333
      vertex 79.76 5.0778 26.6667
    endloop
  endfacet
  facet normal 1 0 0
    outer loop
      vertex 79.76 1.92227 16.6667
      vertex 79.76 4.54099 60
      vertex 79.76 3.8114 63.3333
    endloop
  endfacet
  facet normal 1 0 0
    outer loop
      vertex 79.76 1.92227 16.6667
      vertex 79.76 3.8114 63.3333
      vertex 79.76 3.18401 66.6667
    endloop
  endfacet
  facet normal 1 0 0
    outer loop
      vertex 79.76 5.71133 30
      vertex 79.76 3.00276 20
      vertex 79.76 4.15088 23.3333
    endloop
  endfacet
  facet normal 1 0 0
    outer loop
      vertex 79.76 0 80
      vertex 79.76 3.18401 66.6667
      vertex 79.76 2.84639 70
    endloop
  endfacet
  facet normal 1 0 0
    outer loop
      vertex 79.76 4.54099 60
      vertex 79.76 1.92227 16.6667
      vertex 79.76 3.00276 20
    endloop
  endfacet
  facet normal 1 0 0
    outer loop
      vertex 79.76 0 0
      vertex 79.76 4.41293 3.33333
      vertex 79.76 2.97411 6.66666
    endloop
  endfacet
  facet normal 1 0 0
    outer loop
      vertex 79.76 0 0
      vertex 79.76 2.97411 6.66666
      vertex 79.76 1.74066 10
    endloop
  endfacet
  facet normal 1 0 0
    outer loop
      vertex 79.76 4.41293 3.33333
      vertex 79.76 0 0
      vertex 79.76 5.08655 0
    endloop
  endfacet
  facet normal 1 0 0
    outer loop
      vertex 79.76 1.37294 13.3333
      vertex 79.76 0 0
      vertex 79.76 1.74066 10
    endloop
  endfacet
  facet normal 1 0 0
    outer loop
      vertex 79.76 0 0
      vertex 79.76 1.37294 13.3333
      vertex 79.76 0 80
    endloop
  endfacet
  facet normal 0 0.91812 0.396303
    outer loop
      vertex 79.76 4.41293 3.33333
      vertex 76.24 2.97411 6.66666
      vertex 79.76 2.97411 6.66666
    endloop
  endfacet
  facet normal 0 0.91812 0.396303
    outer loop
      vertex 76.24 2.97411 6.66666
      vertex 79.76 4.41293 3.33333
      vertex 76.24 4.41293 3.33333
    endloop
  endfacet
  facet normal 0 0.937851 0.347037
    outer loop
      vertex 79.76 2.97411 6.66666
      vertex 76.24 1.74066 10
      vertex 79.76 1.74066 10
    endloop
  endfacet
  facet normal 0 0.937851 0.347037
    outer loop
      vertex 76.24 1.74066 10
      vertex 79.76 2.97411 6.66666
      vertex 76.24 2.97411 6.66666
    endloop
  endfacet
  facet normal 0 0.99397 0.109652
    outer loop
      vertex 79.76 1.74066 10
      vertex 76.24 1.37294 13.3333
      vertex 79.76 1.37294 13.3333
    endloop
  endfacet
  facet normal 0 0.99397 0.109652
    outer loop
      vertex 76.24 1.37294 13.3333
      vertex 79.76 1.74066 10
      vertex 76.24 1.74066 10
    endloop
  endfacet
  facet normal 0 0.986692 -0.162603
    outer loop
      vertex 79.76 1.37294 13.3333
      vertex 76.24 1.92227 16.6667
      vertex 79.76 1.92227 16.6667
    endloop
  endfacet
  facet normal 0 0.986692 -0.162603
    outer loop
      vertex 76.24 1.92227 16.6667
      vertex 79.76 1.37294 13.3333
      vertex 76.24 1.37294 13.3333
    endloop
  endfacet
  facet normal 0 0.951271 -0.308355
    outer loop
      vertex 79.76 1.92227 16.6667
      vertex 76.24 3.00276 20
      vertex 79.76 3.00276 20
    endloop
  endfacet
  facet normal 0 0.951271 -0.308355
    outer loop
      vertex 76.24 3.00276 20
      vertex 79.76 1.92227 16.6667
      vertex 76.24 1.92227 16.6667
    endloop
  endfacet
  facet normal 0 0.945486 -0.325663
    outer loop
      vertex 79.76 3.00276 20
      vertex 76.24 4.15088 23.3333
      vertex 79.76 4.15088 23.3333
    endloop
  endfacet
  facet normal 0 0.945486 -0.325663
    outer loop
      vertex 76.24 4.15088 23.3333
      vertex 79.76 3.00276 20
      vertex 76.24 3.00276 20
    endloop
  endfacet
  facet normal 0 0.963445 -0.267906
    outer loop
      vertex 79.76 4.15088 23.3333
      vertex 76.24 5.0778 26.6667
      vertex 79.76 5.0778 26.6667
    endloop
  endfacet
  facet normal 0 0.963445 -0.267906
    outer loop
      vertex 76.24 5.0778 26.6667
      vertex 79.76 4.15088 23.3333
      vertex 76.24 4.15088 23.3333
    endloop
  endfacet
  facet normal 0 0.982413 -0.186718
    outer loop
      vertex 79.76 5.0778 26.6667
      vertex 76.24 5.71133 30
      vertex 79.76 5.71133 30
    endloop
  endfacet
  facet normal 0 0.982413 -0.186718
    outer loop
      vertex 76.24 5.71133 30
      vertex 79.76 5.0778 26.6667
      vertex 76.24 5.0778 26.6667
    endloop
  endfacet
  facet normal 0 0.993196 -0.116452
    outer loop
      vertex 79.76 5.71133 30
      vertex 76.24 6.10216 33.3333
      vertex 79.76 6.10216 33.3333
    endloop
  endfacet
  facet normal 0 0.993196 -0.116452
    outer loop
      vertex 76.24 6.10216 33.3333
      vertex 79.76 5.71133 30
      vertex 76.24 5.71133 30
    endloop
  endfacet
  facet normal 0 0.997885 -0.0649999
    outer loop
      vertex 79.76 6.10216 33.3333
      vertex 76.24 6.31929 36.6667
      vertex 79.76 6.31929 36.6667
    endloop
  endfacet
  facet normal 0 0.997885 -0.0649999
    outer loop
      vertex 76.24 6.31929 36.6667
      vertex 79.76 6.10216 33.3333
      vertex 76.24 6.10216 33.3333
    endloop
  endfacet
  facet normal 0 0.999672 -0.0256029
    outer loop
      vertex 79.76 6.31929 36.6667
      vertex 76.24 6.40466 40
      vertex 79.76 6.40466 40
    endloop
  endfacet
  facet normal 0 0.999672 -0.0256029
    outer loop
      vertex 76.24 6.40466 40
      vertex 79.76 6.31929 36.6667
      vertex 76.24 6.31929 36.6667
    endloop
  endfacet
  facet normal 0 0.999971 0.00760186
    outer loop
      vertex 79.76 6.40466 40
      vertex 76.24 6.37932 43.3333
      vertex 79.76 6.37932 43.3333
    endloop
  endfacet
  facet normal 0 0.999971 0.00760186
    outer loop
      vertex 76.24 6.37932 43.3333
      vertex 79.76 6.40466 40
      vertex 76.24 6.40466 40
    endloop
  endfacet
  facet normal 0 0.999332 0.0365538
    outer loop
      vertex 79.76 6.37932 43.3333
      vertex 76.24 6.25739 46.6667
      vertex 79.76 6.25739 46.6667
    endloop
  endfacet
  facet normal 0 0.999332 0.0365538
    outer loop
      vertex 76.24 6.25739 46.6667
      vertex 79.76 6.37932 43.3333
      vertex 76.24 6.37932 43.3333
    endloop
  endfacet
  facet normal 0 0.997873 0.0651957
    outer loop
      vertex 79.76 6.25739 46.6667
      vertex 76.24 6.03961 50
      vertex 79.76 6.03961 50
    endloop
  endfacet
  facet normal 0 0.997873 0.0651957
    outer loop
      vertex 76.24 6.03961 50
      vertex 79.76 6.25739 46.6667
      vertex 76.24 6.25739 46.6667
    endloop
  endfacet
  facet normal 0 0.994849 0.101365
    outer loop
      vertex 79.76 6.03961 50
      vertex 76.24 5.69998 53.3333
      vertex 79.76 5.69998 53.3333
    endloop
  endfacet
  facet normal 0 0.994849 0.101365
    outer loop
      vertex 76.24 5.69998 53.3333
      vertex 79.76 6.03961 50
      vertex 76.24 6.03961 50
    endloop
  endfacet
  facet normal 0 0.988946 0.148274
    outer loop
      vertex 79.76 5.69998 53.3333
      vertex 76.24 5.2002 56.6667
      vertex 79.76 5.2002 56.6667
    endloop
  endfacet
  facet normal 0 0.988946 0.148274
    outer loop
      vertex 76.24 5.2002 56.6667
      vertex 79.76 5.69998 53.3333
      vertex 76.24 5.69998 53.3333
    endloop
  endfacet
  facet normal 0 0.981 0.194007
    outer loop
      vertex 79.76 5.2002 56.6667
      vertex 76.24 4.54099 60
      vertex 79.76 4.54099 60
    endloop
  endfacet
  facet normal 0 0.981 0.194007
    outer loop
      vertex 76.24 4.54099 60
      vertex 79.76 5.2002 56.6667
      vertex 76.24 5.2002 56.6667
    endloop
  endfacet
  facet normal 0 0.976874 0.213817
    outer loop
      vertex 79.76 4.54099 60
      vertex 76.24 3.8114 63.3333
      vertex 79.76 3.8114 63.3333
    endloop
  endfacet
  facet normal 0 0.976874 0.213817
    outer loop
      vertex 76.24 3.8114 63.3333
      vertex 79.76 4.54099 60
      vertex 76.24 4.54099 60
    endloop
  endfacet
  facet normal 0 0.982745 0.184966
    outer loop
      vertex 79.76 3.8114 63.3333
      vertex 76.24 3.18401 66.6667
      vertex 79.76 3.18401 66.6667
    endloop
  endfacet
  facet normal 0 0.982745 0.184966
    outer loop
      vertex 76.24 3.18401 66.6667
      vertex 79.76 3.8114 63.3333
      vertex 76.24 3.8114 63.3333
    endloop
  endfacet
  facet normal 0 0.99491 0.100771
    outer loop
      vertex 79.76 3.18401 66.6667
      vertex 76.24 2.84639 70
      vertex 79.76 2.84639 70
    endloop
  endfacet
  facet normal 0 0.99491 0.100771
    outer loop
      vertex 76.24 2.84639 70
      vertex 79.76 3.18401 66.6667
      vertex 76.24 3.18401 66.6667
    endloop
  endfacet
  facet normal 0 0.999806 -0.0197154
    outer loop
      vertex 79.76 2.84639 70
      vertex 76.24 2.91212 73.3333
      vertex 79.76 2.91212 73.3333
    endloop
  endfacet
  facet normal 0 0.999806 -0.0197154
    outer loop
      vertex 76.24 2.91212 73.3333
      vertex 79.76 2.84639 70
      vertex 76.24 2.84639 70
    endloop
  endfacet
  facet normal 0 0.990881 -0.134738
    outer loop
      vertex 79.76 2.91212 73.3333
      vertex 76.24 3.36539 76.6667
      vertex 79.76 3.36539 76.6667
    endloop
  endfacet
  facet normal 0 0.990881 -0.134738
    outer loop
      vertex 76.24 3.36539 76.6667
      vertex 79.76 2.91212 73.3333
      vertex 76.24 2.91212 73.3333
    endloop
  endfacet
  facet normal 0 0.978762 -0.205002
    outer loop
      vertex 79.76 3.36539 76.6667
      vertex 76.24 4.06355 80
      vertex 79.76 4.06355 80
    endloop
  endfacet
  facet normal 0 0.978762 -0.205002
    outer loop
      vertex 76.24 4.06355 80
      vertex 79.76 3.36539 76.6667
      vertex 76.24 3.36539 76.6667
    endloop
  endfacet
  facet normal 0 0.980185 0.198082
    outer loop
      vertex 79.76 5.08655 0
      vertex 76.24 4.41293 3.33333
      vertex 79.76 4.41293 3.33333
    endloop
  endfacet
  facet normal 0 0.980185 0.198082
    outer loop
      vertex 76.24 4.41293 3.33333
      vertex 79.76 5.08655 0
      vertex 76.24 5.08655 0
    endloop
  endfacet
  facet normal -0.422885 0 -0.906183
    outer loop
      vertex 16.15 0 46.3316
      vertex 16.24 3.2 46.2896
      vertex 16.24 0 46.2896
    endloop
  endfacet
  facet normal -0.422885 0 -0.906183
    outer loop
      vertex 16.24 3.2 46.2896
      vertex 16.15 0 46.3316
      vertex 16.15 3.2 46.3316
    endloop
  endfacet
  facet normal -0.573603 0 0.819133
    outer loop
      vertex 15.76 3.2 68.3953
      vertex 16.15 0 68.6684
      vertex 16.15 3.2 68.6684
    endloop
  endfacet
  facet normal -0.573603 0 0.819133
    outer loop
      vertex 16.15 0 68.6684
      vertex 15.76 3.2 68.3953
      vertex 15.76 0 68.3953
    endloop
  endfacet
  facet normal -0.422885 0 0.906183
    outer loop
      vertex 16.15 3.2 68.6684
      vertex 16.24 0 68.7104
      vertex 16.24 3.2 68.7104
    endloop
  endfacet
  facet normal -0.422885 0 0.906183
    outer loop
      vertex 16.24 0 68.7104
      vertex 16.15 3.2 68.6684
      vertex 16.15 0 68.6684
    endloop
  endfacet
  facet normal 0.087167 0 -0.996194
    outer loop
      vertex 20 0 45.3
      vertex 20.24 3.2 45.321
      vertex 20.24 0 45.321
    endloop
  endfacet
  facet normal 0.087167 0 -0.996194
    outer loop
      vertex 20.24 3.2 45.321
      vertex 20 0 45.3
      vertex 20 3.2 45.3
    endloop
  endfacet
  facet normal -0.573603 0 -0.819133
    outer loop
      vertex 15.76 0 46.6047
      vertex 16.15 3.2 46.3316
      vertex 16.15 0 46.3316
    endloop
  endfacet
  facet normal -0.573603 0 -0.819133
    outer loop
      vertex 16.15 3.2 46.3316
      vertex 15.76 0 46.6047
      vertex 15.76 3.2 46.6047
    endloop
  endfacet
  facet normal 0.422885 0 -0.906183
    outer loop
      vertex 23.76 0 46.2896
      vertex 23.85 3.2 46.3316
      vertex 23.85 0 46.3316
    endloop
  endfacet
  facet normal 0.422885 0 -0.906183
    outer loop
      vertex 23.85 3.2 46.3316
      vertex 23.76 0 46.2896
      vertex 23.76 3.2 46.2896
    endloop
  endfacet
  facet normal -0.087167 0 -0.996194
    outer loop
      vertex 19.76 0 45.321
      vertex 20 3.2 45.3
      vertex 20 0 45.3
    endloop
  endfacet
  facet normal -0.087167 0 -0.996194
    outer loop
      vertex 20 3.2 45.3
      vertex 19.76 0 45.321
      vertex 19.76 3.2 45.321
    endloop
  endfacet
  facet normal 0.573603 0 0.819133
    outer loop
      vertex 23.85 3.2 68.6684
      vertex 24.24 0 68.3953
      vertex 24.24 3.2 68.3953
    endloop
  endfacet
  facet normal 0.573603 0 0.819133
    outer loop
      vertex 24.24 0 68.3953
      vertex 23.85 3.2 68.6684
      vertex 23.85 0 68.6684
    endloop
  endfacet
  facet normal 0 1 -0
    outer loop
      vertex 0.24 0 0
      vertex 0 0 80
      vertex 0.24 0 80
    endloop
  endfacet
  facet normal 0 1 0
    outer loop
      vertex 0 0 80
      vertex 0.24 0 0
      vertex 0 0 0
    endloop
  endfacet
  facet normal 0 1 -0
    outer loop
      vertex 80 0 0
      vertex 79.76 0 80
      vertex 80 0 80
    endloop
  endfacet
  facet normal 0 1 0
    outer loop
      vertex 79.76 0 80
      vertex 80 0 0
      vertex 79.76 0 0
    endloop
  endfacet
  facet normal 0 1 0
    outer loop
      vertex 24.24 0 80
      vertex 23.76 0 68.7104
      vertex 23.76 0 80
    endloop
  endfacet
  facet normal 0 1 0
    outer loop
      vertex 24.24 0 80
      vertex 23.85 0 68.6684
      vertex 23.76 0 68.7104
    endloop
  endfacet
  facet normal -0 1 0
    outer loop
      vertex 23.85 0 68.6684
      vertex 24.24 0 80
      vertex 24.24 0 68.3953
    endloop
  endfacet
  facet normal 0 1 0
    outer loop
      vertex 20.24 0 80
      vertex 20 0 69.7
      vertex 19.76 0 80
    endloop
  endfacet
  facet normal -0 1 0
    outer loop
      vertex 20 0 69.7
      vertex 20.24 0 80
      vertex 20.24 0 69.679
    endloop
  endfacet
  facet normal 0 1 0
    outer loop
      vertex 19.76 0 80
      vertex 20 0 69.7
      vertex 19.76 0 69.679
    endloop
  endfacet
  facet normal 0 1 0
    outer loop
      vertex 20.24 0 45.321
      vertex 20.24 0 0
      vertex 20 0 45.3
    endloop
  endfacet
  facet normal 0 1 0
    outer loop
      vertex 19.76 0 0
      vertex 20 0 45.3
      vertex 20.24 0 0
    endloop
  endfacet
  facet normal 0 1 0
    outer loop
      vertex 20 0 45.3
      vertex 19.76 0 0
      vertex 19.76 0 45.321
    endloop
  endfacet
  facet normal 0 1 -0
    outer loop
      vertex 24.24 0 0
      vertex 23.85 0 46.3316
      vertex 24.24 0 46.6047
    endloop
  endfacet
  facet normal 0 1 0
    outer loop
      vertex 24.24 0 0
      vertex 23.76 0 46.2896
      vertex 23.85 0 46.3316
    endloop
  endfacet
  facet normal 0 1 0
    outer loop
      vertex 23.76 0 46.2896
      vertex 24.24 0 0
      vertex 23.76 0 0
    endloop
  endfacet
  facet normal 0 1 0
    outer loop
      vertex 15.76 0 0
      vertex 16.24 0 46.2896
      vertex 16.24 0 0
    endloop
  endfacet
  facet normal 0 1 0
    outer loop
      vertex 16.24 0 46.2896
      vertex 15.76 0 0
      vertex 16.15 0 46.3316
    endloop
  endfacet
  facet normal 0 1 0
    outer loop
      vertex 16.15 0 46.3316
      vertex 15.76 0 0
      vertex 15.76 0 46.6047
    endloop
  endfacet
  facet normal 0 1 -0
    outer loop
      vertex 16.24 0 68.7104
      vertex 15.76 0 80
      vertex 16.24 0 80
    endloop
  endfacet
  facet normal 0 1 -0
    outer loop
      vertex 16.15 0 68.6684
      vertex 15.76 0 80
      vertex 16.24 0 68.7104
    endloop
  endfacet
  facet normal 0 1 0
    outer loop
      vertex 15.76 0 80
      vertex 16.15 0 68.6684
      vertex 15.76 0 68.3953
    endloop
  endfacet
  facet normal 0 1 0
    outer loop
      vertex 60.24 0 45.321
      vertex 60.24 0 0
      vertex 60 0 45.3
    endloop
  endfacet
  facet normal 0 1 0
    outer loop
      vertex 59.76 0 0
      vertex 60 0 45.3
      vertex 60.24 0 0
    endloop
  endfacet
  facet normal 0 1 0
    outer loop
      vertex 60 0 45.3
      vertex 59.76 0 0
      vertex 59.76 0 45.321
    endloop
  endfacet
  facet normal 0 1 0
    outer loop
      vertex 60.24 0 80
      vertex 60 0 69.7
      vertex 59.76 0 80
    endloop
  endfacet
  facet normal -0 1 0
    outer loop
      vertex 60 0 69.7
      vertex 60.24 0 80
      vertex 60.24 0 69.679
    endloop
  endfacet
  facet normal 0 1 0
    outer loop
      vertex 59.76 0 80
      vertex 60 0 69.7
      vertex 59.76 0 69.679
    endloop
  endfacet
  facet normal 0 1 -0
    outer loop
      vertex 64.24 0 0
      vertex 63.85 0 46.3316
      vertex 64.24 0 46.6047
    endloop
  endfacet
  facet normal 0 1 0
    outer loop
      vertex 64.24 0 0
      vertex 63.76 0 46.2896
      vertex 63.85 0 46.3316
    endloop
  endfacet
  facet normal 0 1 0
    outer loop
      vertex 63.76 0 46.2896
      vertex 64.24 0 0
      vertex 63.76 0 0
    endloop
  endfacet
  facet normal 0 1 0
    outer loop
      vertex 55.76 0 0
      vertex 56.24 0 46.2896
      vertex 56.24 0 0
    endloop
  endfacet
  facet normal 0 1 0
    outer loop
      vertex 56.24 0 46.2896
      vertex 55.76 0 0
      vertex 56.15 0 46.3316
    endloop
  endfacet
  facet normal 0 1 0
    outer loop
      vertex 56.15 0 46.3316
      vertex 55.76 0 0
      vertex 55.76 0 46.6047
    endloop
  endfacet
  facet normal 0 1 0
    outer loop
      vertex 64.24 0 80
      vertex 63.76 0 68.7104
      vertex 63.76 0 80
    endloop
  endfacet
  facet normal 0 1 0
    outer loop
      vertex 64.24 0 80
      vertex 63.85 0 68.6684
      vertex 63.76 0 68.7104
    endloop
  endfacet
  facet normal -0 1 0
    outer loop
      vertex 63.85 0 68.6684
      vertex 64.24 0 80
      vertex 64.24 0 68.3953
    endloop
  endfacet
  facet normal 0 1 -0
    outer loop
      vertex 56.24 0 68.7104
      vertex 55.76 0 80
      vertex 56.24 0 80
    endloop
  endfacet
  facet normal 0 1 -0
    outer loop
      vertex 56.15 0 68.6684
      vertex 55.76 0 80
      vertex 56.24 0 68.7104
    endloop
  endfacet
  facet normal 0 1 0
    outer loop
      vertex 55.76 0 80
      vertex 56.15 0 68.6684
      vertex 55.76 0 68.3953
    endloop
  endfacet
  facet normal 0 1 -0
    outer loop
      vertex 4.24 0 0
      vertex 3.76 0 80
      vertex 4.24 0 80
    endloop
  endfacet
  facet normal 0 1 0
    outer loop
      vertex 3.76 0 80
      vertex 4.24 0 0
      vertex 3.76 0 0
    endloop
  endfacet
  facet normal 0 1 -0
    outer loop
      vertex 8.24 0 0
      vertex 7.76 0 80
      vertex 8.24 0 80
    endloop
  endfacet
  facet normal 0 1 0
    outer loop
      vertex 7.76 0 80
      vertex 8.24 0 0
      vertex 7.76 0 0
    endloop
  endfacet
  facet normal 0 1 -0
    outer loop
      vertex 12.24 0 0
      vertex 11.76 0 80
      vertex 12.24 0 80
    endloop
  endfacet
  facet normal 0 1 0
    outer loop
      vertex 11.76 0 80
      vertex 12.24 0 0
      vertex 11.76 0 0
    endloop
  endfacet
  facet normal 0 1 -0
    outer loop
      vertex 28.24 0 0
      vertex 27.76 0 80
      vertex 28.24 0 80
    endloop
  endfacet
  facet normal 0 1 0
    outer loop
      vertex 27.76 0 80
      vertex 28.24 0 0
      vertex 27.76 0 0
    endloop
  endfacet
  facet normal 0 1 -0
    outer loop
      vertex 32.24 0 0
      vertex 31.76 0 80
      vertex 32.24 0 80
    endloop
  endfacet
  facet normal 0 1 0
    outer loop
      vertex 31.76 0 80
      vertex 32.24 0 0
      vertex 31.76 0 0
    endloop
  endfacet
  facet normal 0 1 -0
    outer loop
      vertex 36.24 0 0
      vertex 35.76 0 80
      vertex 36.24 0 80
    endloop
  endfacet
  facet normal 0 1 0
    outer loop
      vertex 35.76 0 80
      vertex 36.24 0 0
      vertex 35.76 0 0
    endloop
  endfacet
  facet normal 0 1 -0
    outer loop
      vertex 40.24 0 0
      vertex 39.76 0 80
      vertex 40.24 0 80
    endloop
  endfacet
  facet normal 0 1 0
    outer loop
      vertex 39.76 0 80
      vertex 40.24 0 0
      vertex 39.76 0 0
    endloop
  endfacet
  facet normal 0 1 -0
    outer loop
      vertex 44.24 0 0
      vertex 43.76 0 80
      vertex 44.24 0 80
    endloop
  endfacet
  facet normal 0 1 0
    outer loop
      vertex 43.76 0 80
      vertex 44.24 0 0
      vertex 43.76 0 0
    endloop
  endfacet
  facet normal 0 1 -0
    outer loop
      vertex 48.24 0 0
      vertex 47.76 0 80
      vertex 48.24 0 80
    endloop
  endfacet
  facet normal 0 1 0
    outer loop
      vertex 47.76 0 80
      vertex 48.24 0 0
      vertex 47.76 0 0
    endloop
  endfacet
  facet normal 0 1 -0
    outer loop
      vertex 52.24 0 0
      vertex 51.76 0 80
      vertex 52.24 0 80
    endloop
  endfacet
  facet normal 0 1 0
    outer loop
      vertex 51.76 0 80
      vertex 52.24 0 0
      vertex 51.76 0 0
    endloop
  endfacet
  facet normal 0 1 -0
    outer loop
      vertex 68.24 0 0
      vertex 67.76 0 80
      vertex 68.24 0 80
    endloop
  endfacet
  facet normal 0 1 0
    outer loop
      vertex 67.76 0 80
      vertex 68.24 0 0
      vertex 67.76 0 0
    endloop
  endfacet
  facet normal 0 1 -0
    outer loop
      vertex 72.24 0 0
      vertex 71.76 0 80
      vertex 72.24 0 80
    endloop
  endfacet
  facet normal 0 1 0
    outer loop
      vertex 71.76 0 80
      vertex 72.24 0 0
      vertex 71.76 0 0
    endloop
  endfacet
  facet normal 0 1 -0
    outer loop
      vertex 76.24 0 0
      vertex 75.76 0 80
      vertex 76.24 0 80
    endloop
  endfacet
  facet normal 0 1 0
    outer loop
      vertex 75.76 0 80
      vertex 76.24 0 0
      vertex 75.76 0 0
    endloop
  endfacet
  facet normal 0.573603 0 -0.819133
    outer loop
      vertex 23.85 0 46.3316
      vertex 24.24 3.2 46.6047
      vertex 24.24 0 46.6047
    endloop
  endfacet
  facet normal 0.573603 0 -0.819133
    outer loop
      vertex 24.24 3.2 46.6047
      vertex 23.85 0 46.3316
      vertex 23.85 3.2 46.3316
    endloop
  endfacet
  facet normal 0.422885 0 0.906183
    outer loop
      vertex 23.76 3.2 68.7104
      vertex 23.85 0 68.6684
      vertex 23.85 3.2 68.6684
    endloop
  endfacet
  facet normal 0.422885 0 0.906183
    outer loop
      vertex 23.85 0 68.6684
      vertex 23.76 3.2 68.7104
      vertex 23.76 0 68.7104
    endloop
  endfacet
  facet normal -0.087167 0 0.996194
    outer loop
      vertex 19.76 3.2 69.679
      vertex 20 0 69.7
      vertex 20 3.2 69.7
    endloop
  endfacet
  facet normal -0.087167 0 0.996194
    outer loop
      vertex 20 0 69.7
      vertex 19.76 3.2 69.679
      vertex 19.76 0 69.679
    endloop
  endfacet
  facet normal 0 1 0
    outer loop
      vertex 16.24 3.2 68.7104
      vertex 15.76 3.2 68.3953
      vertex 16.15 3.2 68.6684
    endloop
  endfacet
  facet normal 0 1 0
    outer loop
      vertex 16.24 3.2 68.7104
      vertex 15.76 3.2 46.6047
      vertex 15.76 3.2 68.3953
    endloop
  endfacet
  facet normal 0 1 -0
    outer loop
      vertex 16.24 3.2 46.2896
      vertex 15.76 3.2 46.6047
      vertex 16.24 3.2 68.7104
    endloop
  endfacet
  facet normal 0 1 0
    outer loop
      vertex 15.76 3.2 46.6047
      vertex 16.24 3.2 46.2896
      vertex 16.15 3.2 46.3316
    endloop
  endfacet
  facet normal 0 1 0
    outer loop
      vertex 24.24 3.2 68.3953
      vertex 23.76 3.2 68.7104
      vertex 23.85 3.2 68.6684
    endloop
  endfacet
  facet normal 0 1 -0
    outer loop
      vertex 24.24 3.2 46.6047
      vertex 23.76 3.2 68.7104
      vertex 24.24 3.2 68.3953
    endloop
  endfacet
  facet normal 0 1 0
    outer loop
      vertex 23.76 3.2 46.2896
      vertex 24.24 3.2 46.6047
      vertex 23.85 3.2 46.3316
    endloop
  endfacet
  facet normal 0 1 0
    outer loop
      vertex 24.24 3.2 46.6047
      vertex 23.76 3.2 46.2896
      vertex 23.76 3.2 68.7104
    endloop
  endfacet
  facet normal 0 1 0
    outer loop
      vertex 20.24 3.2 69.679
      vertex 19.76 3.2 69.679
      vertex 20 3.2 69.7
    endloop
  endfacet
  facet normal 0 1 -0
    outer loop
      vertex 20.24 3.2 45.321
      vertex 19.76 3.2 69.679
      vertex 20.24 3.2 69.679
    endloop
  endfacet
  facet normal 0 1 0
    outer loop
      vertex 20.24 3.2 45.321
      vertex 19.76 3.2 45.321
      vertex 19.76 3.2 69.679
    endloop
  endfacet
  facet normal -0 1 0
    outer loop
      vertex 19.76 3.2 45.321
      vertex 20.24 3.2 45.321
      vertex 20 3.2 45.3
    endloop
  endfacet
  facet normal 0.087167 0 0.996194
    outer loop
      vertex 20 3.2 69.7
      vertex 20.24 0 69.679
      vertex 20.24 3.2 69.679
    endloop
  endfacet
  facet normal 0.087167 0 0.996194
    outer loop
      vertex 20.24 0 69.679
      vertex 20 3.2 69.7
      vertex 20 0 69.7
    endloop
  endfacet
  facet normal 0.422885 0 0.906183
    outer loop
      vertex 63.76 3.2 68.7104
      vertex 63.85 0 68.6684
      vertex 63.85 3.2 68.6684
    endloop
  endfacet
  facet normal 0.422885 0 0.906183
    outer loop
      vertex 63.85 0 68.6684
      vertex 63.76 3.2 68.7104
      vertex 63.76 0 68.7104
    endloop
  endfacet
  facet normal -0.087167 0 -0.996194
    outer loop
      vertex 59.76 0 45.321
      vertex 60 3.2 45.3
      vertex 60 0 45.3
    endloop
  endfacet
  facet normal -0.087167 0 -0.996194
    outer loop
      vertex 60 3.2 45.3
      vertex 59.76 0 45.321
      vertex 59.76 3.2 45.321
    endloop
  endfacet
  facet normal 0.573603 0 0.819133
    outer loop
      vertex 63.85 3.2 68.6684
      vertex 64.24 0 68.3953
      vertex 64.24 3.2 68.3953
    endloop
  endfacet
  facet normal 0.573603 0 0.819133
    outer loop
      vertex 64.24 0 68.3953
      vertex 63.85 3.2 68.6684
      vertex 63.85 0 68.6684
    endloop
  endfacet
  facet normal -0.573603 0 -0.819133
    outer loop
      vertex 55.76 0 46.6047
      vertex 56.15 3.2 46.3316
      vertex 56.15 0 46.3316
    endloop
  endfacet
  facet normal -0.573603 0 -0.819133
    outer loop
      vertex 56.15 3.2 46.3316
      vertex 55.76 0 46.6047
      vertex 55.76 3.2 46.6047
    endloop
  endfacet
  facet normal -0.573603 0 0.819133
    outer loop
      vertex 55.76 3.2 68.3953
      vertex 56.15 0 68.6684
      vertex 56.15 3.2 68.6684
    endloop
  endfacet
  facet normal -0.573603 0 0.819133
    outer loop
      vertex 56.15 0 68.6684
      vertex 55.76 3.2 68.3953
      vertex 55.76 0 68.3953
    endloop
  endfacet
  facet normal 0.422885 0 -0.906183
    outer loop
      vertex 63.76 0 46.2896
      vertex 63.85 3.2 46.3316
      vertex 63.85 0 46.3316
    endloop
  endfacet
  facet normal 0.422885 0 -0.906183
    outer loop
      vertex 63.85 3.2 46.3316
      vertex 63.76 0 46.2896
      vertex 63.76 3.2 46.2896
    endloop
  endfacet
  facet normal -0.087167 0 0.996194
    outer loop
      vertex 59.76 3.2 69.679
      vertex 60 0 69.7
      vertex 60 3.2 69.7
    endloop
  endfacet
  facet normal -0.087167 0 0.996194
    outer loop
      vertex 60 0 69.7
      vertex 59.76 3.2 69.679
      vertex 59.76 0 69.679
    endloop
  endfacet
  facet normal -0.422885 0 -0.906183
    outer loop
      vertex 56.15 0 46.3316
      vertex 56.24 3.2 46.2896
      vertex 56.24 0 46.2896
    endloop
  endfacet
  facet normal -0.422885 0 -0.906183
    outer loop
      vertex 56.24 3.2 46.2896
      vertex 56.15 0 46.3316
      vertex 56.15 3.2 46.3316
    endloop
  endfacet
  facet normal 0.087167 0 -0.996194
    outer loop
      vertex 60 0 45.3
      vertex 60.24 3.2 45.321
      vertex 60.24 0 45.321
    endloop
  endfacet
  facet normal 0.087167 0 -0.996194
    outer loop
      vertex 60.24 3.2 45.321
      vertex 60 0 45.3
      vertex 60 3.2 45.3
    endloop
  endfacet
  facet normal 0.087167 0 0.996194
    outer loop
      vertex 60 3.2 69.7
      vertex 60.24 0 69.679
      vertex 60.24 3.2 69.679
    endloop
  endfacet
  facet normal 0.087167 0 0.996194
    outer loop
      vertex 60.24 0 69.679
      vertex 60 3.2 69.7
      vertex 60 0 69.7
    endloop
  endfacet
  facet normal -0.422885 0 0.906183
    outer loop
      vertex 56.15 3.2 68.6684
      vertex 56.24 0 68.7104
      vertex 56.24 3.2 68.7104
    endloop
  endfacet
  facet normal -0.422885 0 0.906183
    outer loop
      vertex 56.24 0 68.7104
      vertex 56.15 3.2 68.6684
      vertex 56.15 0 68.6684
    endloop
  endfacet
  facet normal 0 1 0
    outer loop
      vertex 56.24 3.2 68.7104
      vertex 55.76 3.2 68.3953
      vertex 56.15 3.2 68.6684
    endloop
  endfacet
  facet normal 0 1 0
    outer loop
      vertex 56.24 3.2 68.7104
      vertex 55.76 3.2 46.6047
      vertex 55.76 3.2 68.3953
    endloop
  endfacet
  facet normal 0 1 -0
    outer loop
      vertex 56.24 3.2 46.2896
      vertex 55.76 3.2 46.6047
      vertex 56.24 3.2 68.7104
    endloop
  endfacet
  facet normal 0 1 0
    outer loop
      vertex 55.76 3.2 46.6047
      vertex 56.24 3.2 46.2896
      vertex 56.15 3.2 46.3316
    endloop
  endfacet
  facet normal 0 1 0
    outer loop
      vertex 60.24 3.2 69.679
      vertex 59.76 3.2 69.679
      vertex 60 3.2 69.7
    endloop
  endfacet
  facet normal 0 1 -0
    outer loop
      vertex 60.24 3.2 45.321
      vertex 59.76 3.2 69.679
      vertex 60.24 3.2 69.679
    endloop
  endfacet
  facet normal 0 1 0
    outer loop
      vertex 60.24 3.2 45.321
      vertex 59.76 3.2 45.321
      vertex 59.76 3.2 69.679
    endloop
  endfacet
  facet normal -0 1 0
    outer loop
      vertex 59.76 3.2 45.321
      vertex 60.24 3.2 45.321
      vertex 60 3.2 45.3
    endloop
  endfacet
  facet normal 0 1 0
    outer loop
      vertex 64.24 3.2 68.3953
      vertex 63.76 3.2 68.7104
      vertex 63.85 3.2 68.6684
    endloop
  endfacet
  facet normal 0 1 -0
    outer loop
      vertex 64.24 3.2 46.6047
      vertex 63.76 3.2 68.7104
      vertex 64.24 3.2 68.3953
    endloop
  endfacet
  facet normal 0 1 0
    outer loop
      vertex 63.76 3.2 46.2896
      vertex 64.24 3.2 46.6047
      vertex 63.85 3.2 46.3316
    endloop
  endfacet
  facet normal 0 1 0
    outer loop
      vertex 64.24 3.2 46.6047
      vertex 63.76 3.2 46.2896
      vertex 63.76 3.2 68.7104
    endloop
  endfacet
  facet normal 0.573603 0 -0.819133
    outer loop
      vertex 63.85 0 46.3316
      vertex 64.24 3.2 46.6047
      vertex 64.24 0 46.6047
    endloop
  endfacet
  facet normal 0.573603 0 -0.819133
    outer loop
      vertex 64.24 3.2 46.6047
      vertex 63.85 0 46.3316
      vertex 63.85 3.2 46.3316
    endloop
  endfacet
  facet normal 1 -0 0
    outer loop
      vertex 80 -1.6 80
      vertex 80 0 0
      vertex 80 0 80
    endloop
  endfacet
  facet normal 1 0 0
    outer loop
      vertex 80 0 0
      vertex 80 -1.6 80
      vertex 80 -1.6 0
    endloop
  endfacet
  facet normal -1 0 0
    outer loop
      vertex 0 -1.6 0
      vertex 0 0 80
      vertex 0 0 0
    endloop
  endfacet
  facet normal -1 -0 0
    outer loop
      vertex 0 0 80
      vertex 0 -1.6 0
      vertex 0 -1.6 80
    endloop
  endfacet
  facet normal 0 -1 0
    outer loop
      vertex 0 -1.6 80
      vertex 21.4365 -1.6 65.9467
      vertex 80 -1.6 80
    endloop
  endfacet
  facet normal 0 -1 0
    outer loop
      vertex 80 -1.6 80
      vertex 59.2707 -1.6 66.1362
      vertex 60 -1.6 66.2
    endloop
  endfacet
  facet normal 0 -1 0
    outer loop
      vertex 58.5635 -1.6 65.9467
      vertex 80 -1.6 80
      vertex 21.4365 -1.6 65.9467
    endloop
  endfacet
  facet normal 0 -1 0
    outer loop
      vertex 80 -1.6 80
      vertex 58.5635 -1.6 65.9467
      vertex 59.2707 -1.6 66.1362
    endloop
  endfacet
  facet normal 0 -1 0
    outer loop
      vertex 22.1 -1.6 65.6373
      vertex 58.5635 -1.6 65.9467
      vertex 21.4365 -1.6 65.9467
    endloop
  endfacet
  facet normal 0 -1 0
    outer loop
      vertex 22.1 -1.6 65.6373
      vertex 57.9 -1.6 65.6373
      vertex 58.5635 -1.6 65.9467
    endloop
  endfacet
  facet normal 0 -1 0
    outer loop
      vertex 22.6997 -1.6 65.2174
      vertex 57.9 -1.6 65.6373
      vertex 22.1 -1.6 65.6373
    endloop
  endfacet
  facet normal 0 -1 0
    outer loop
      vertex 22.6997 -1.6 65.2174
      vertex 57.3003 -1.6 65.2174
      vertex 57.9 -1.6 65.6373
    endloop
  endfacet
  facet normal 0 -1 0
    outer loop
      vertex 23.2174 -1.6 64.6997
      vertex 57.3003 -1.6 65.2174
      vertex 22.6997 -1.6 65.2174
    endloop
  endfacet
  facet normal 0 -1 0
    outer loop
      vertex 23.2174 -1.6 64.6997
      vertex 56.7826 -1.6 64.6997
      vertex 57.3003 -1.6 65.2174
    endloop
  endfacet
  facet normal 0 -1 0
    outer loop
      vertex 23.6373 -1.6 64.1
      vertex 56.7826 -1.6 64.6997
      vertex 23.2174 -1.6 64.6997
    endloop
  endfacet
  facet normal 0 -1 0
    outer loop
      vertex 23.6373 -1.6 64.1
      vertex 56.3627 -1.6 64.1
      vertex 56.7826 -1.6 64.6997
    endloop
  endfacet
  facet normal 0 -1 0
    outer loop
      vertex 23.9467 -1.6 63.4365
      vertex 56.3627 -1.6 64.1
      vertex 23.6373 -1.6 64.1
    endloop
  endfacet
  facet normal 0 -1 0
    outer loop
      vertex 23.9467 -1.6 63.4365
      vertex 56.0533 -1.6 63.4365
      vertex 56.3627 -1.6 64.1
    endloop
  endfacet
  facet normal 0 -1 0
    outer loop
      vertex 24.1362 -1.6 62.7293
      vertex 56.0533 -1.6 63.4365
      vertex 23.9467 -1.6 63.4365
    endloop
  endfacet
  facet normal 0 -1 0
    outer loop
      vertex 24.1362 -1.6 62.7293
      vertex 55.8638 -1.6 62.7293
      vertex 56.0533 -1.6 63.4365
    endloop
  endfacet
  facet normal 0 -1 0
    outer loop
      vertex 24.2 -1.6 62
      vertex 55.8638 -1.6 62.7293
      vertex 24.1362 -1.6 62.7293
    endloop
  endfacet
  facet normal 0 -1 0
    outer loop
      vertex 24.2 -1.6 62
      vertex 55.8 -1.6 62
      vertex 55.8638 -1.6 62.7293
    endloop
  endfacet
  facet normal 0 -1 0
    outer loop
      vertex 24.1362 -1.6 61.2707
      vertex 55.8 -1.6 62
      vertex 24.2 -1.6 62
    endloop
  endfacet
  facet normal 0 -1 0
    outer loop
      vertex 24.1362 -1.6 61.2707
      vertex 55.8638 -1.6 61.2707
      vertex 55.8 -1.6 62
    endloop
  endfacet
  facet normal 0 -1 0
    outer loop
      vertex 23.9467 -1.6 60.5635
      vertex 55.8638 -1.6 61.2707
      vertex 24.1362 -1.6 61.2707
    endloop
  endfacet
  facet normal 0 -1 0
    outer loop
      vertex 23.9467 -1.6 60.5635
      vertex 56.0533 -1.6 60.5635
      vertex 55.8638 -1.6 61.2707
    endloop
  endfacet
  facet normal 0 -1 0
    outer loop
      vertex 22.2 -1.6 53
      vertex 23.9467 -1.6 60.5635
      vertex 23.6373 -1.6 59.9
    endloop
  endfacet
  facet normal 0 -1 -0
    outer loop
      vertex 23.9467 -1.6 60.5635
      vertex 22.2 -1.6 53
      vertex 56.0533 -1.6 60.5635
    endloop
  endfacet
  facet normal 0 -1 0
    outer loop
      vertex 22.2 -1.6 53
      vertex 23.6373 -1.6 59.9
      vertex 23.2174 -1.6 59.3003
    endloop
  endfacet
  facet normal 0 -1 0
    outer loop
      vertex 57.8 -1.6 53
      vertex 56.0533 -1.6 60.5635
      vertex 22.2 -1.6 53
    endloop
  endfacet
  facet normal 0 -1 0
    outer loop
      vertex 22.2 -1.6 53
      vertex 23.2174 -1.6 59.3003
      vertex 22.6997 -1.6 58.7826
    endloop
  endfacet
  facet normal 0 -1 0
    outer loop
      vertex 56.0533 -1.6 60.5635
      vertex 57.8 -1.6 53
      vertex 56.3627 -1.6 59.9
    endloop
  endfacet
  facet normal 0 -1 0
    outer loop
      vertex 22.2 -1.6 53
      vertex 22.6997 -1.6 58.7826
      vertex 22.2 -1.6 58.4327
    endloop
  endfacet
  facet normal 0 -1 0
    outer loop
      vertex 56.3627 -1.6 59.9
      vertex 57.8 -1.6 53
      vertex 56.7826 -1.6 59.3003
    endloop
  endfacet
  facet normal 0 -1 0
    outer loop
      vertex 56.7826 -1.6 59.3003
      vertex 57.8 -1.6 53
      vertex 57.3003 -1.6 58.7826
    endloop
  endfacet
  facet normal 0 -1 0
    outer loop
      vertex 57.3003 -1.6 58.7826
      vertex 57.8 -1.6 53
      vertex 57.8 -1.6 58.4327
    endloop
  endfacet
  facet normal 0 -1 0
    outer loop
      vertex 22.125 -1.6 52.4306
      vertex 57.8 -1.6 53
      vertex 22.2 -1.6 53
    endloop
  endfacet
  facet normal 0 -1 0
    outer loop
      vertex 22.125 -1.6 52.4306
      vertex 57.875 -1.6 52.4306
      vertex 57.8 -1.6 53
    endloop
  endfacet
  facet normal 0 -1 0
    outer loop
      vertex 21.9053 -1.6 51.9
      vertex 57.875 -1.6 52.4306
      vertex 22.125 -1.6 52.4306
    endloop
  endfacet
  facet normal 0 -1 0
    outer loop
      vertex 21.9053 -1.6 51.9
      vertex 58.0947 -1.6 51.9
      vertex 57.875 -1.6 52.4306
    endloop
  endfacet
  facet normal 0 -1 0
    outer loop
      vertex 21.5556 -1.6 51.4444
      vertex 58.0947 -1.6 51.9
      vertex 21.9053 -1.6 51.9
    endloop
  endfacet
  facet normal 0 -1 0
    outer loop
      vertex 21.5556 -1.6 51.4444
      vertex 58.4444 -1.6 51.4444
      vertex 58.0947 -1.6 51.9
    endloop
  endfacet
  facet normal 0 -1 0
    outer loop
      vertex 21.1 -1.6 51.0947
      vertex 58.4444 -1.6 51.4444
      vertex 21.5556 -1.6 51.4444
    endloop
  endfacet
  facet normal 0 -1 0
    outer loop
      vertex 21.1 -1.6 51.0947
      vertex 58.9 -1.6 51.0947
      vertex 58.4444 -1.6 51.4444
    endloop
  endfacet
  facet normal 0 -1 0
    outer loop
      vertex 0 -1.6 0
      vertex 21.1 -1.6 51.0947
      vertex 20.5694 -1.6 50.875
    endloop
  endfacet
  facet normal 0 -1 -0
    outer loop
      vertex 21.1 -1.6 51.0947
      vertex 0 -1.6 0
      vertex 58.9 -1.6 51.0947
    endloop
  endfacet
  facet normal 0 -1 0
    outer loop
      vertex 0 -1.6 0
      vertex 20.5694 -1.6 50.875
      vertex 20 -1.6 50.8
    endloop
  endfacet
  facet normal 0 -1 0
    outer loop
      vertex 80 -1.6 0
      vertex 58.9 -1.6 51.0947
      vertex 0 -1.6 0
    endloop
  endfacet
  facet normal 0 -1 0
    outer loop
      vertex 20.7293 -1.6 66.1362
      vertex 0 -1.6 80
      vertex 20 -1.6 66.2
    endloop
  endfacet
  facet normal 0 -1 0
    outer loop
      vertex 0 -1.6 80
      vertex 19.2707 -1.6 66.1362
      vertex 20 -1.6 66.2
    endloop
  endfacet
  facet normal 0 -1 0
    outer loop
      vertex 0 -1.6 80
      vertex 18.5635 -1.6 65.9467
      vertex 19.2707 -1.6 66.1362
    endloop
  endfacet
  facet normal 0 -1 0
    outer loop
      vertex 0 -1.6 80
      vertex 17.9 -1.6 65.6373
      vertex 18.5635 -1.6 65.9467
    endloop
  endfacet
  facet normal 0 -1 0
    outer loop
      vertex 0 -1.6 80
      vertex 17.3003 -1.6 65.2174
      vertex 17.9 -1.6 65.6373
    endloop
  endfacet
  facet normal 0 -1 0
    outer loop
      vertex 0 -1.6 80
      vertex 16.7826 -1.6 64.6997
      vertex 17.3003 -1.6 65.2174
    endloop
  endfacet
  facet normal 0 -1 0
    outer loop
      vertex 0 -1.6 80
      vertex 16.3627 -1.6 64.1
      vertex 16.7826 -1.6 64.6997
    endloop
  endfacet
  facet normal 0 -1 0
    outer loop
      vertex 0 -1.6 80
      vertex 16.0533 -1.6 63.4365
      vertex 16.3627 -1.6 64.1
    endloop
  endfacet
  facet normal 0 -1 0
    outer loop
      vertex 0 -1.6 80
      vertex 15.8638 -1.6 62.7293
      vertex 16.0533 -1.6 63.4365
    endloop
  endfacet
  facet normal 0 -1 0
    outer loop
      vertex 0 -1.6 80
      vertex 15.8 -1.6 62
      vertex 15.8638 -1.6 62.7293
    endloop
  endfacet
  facet normal 0 -1 0
    outer loop
      vertex 0 -1.6 80
      vertex 15.8638 -1.6 61.2707
      vertex 15.8 -1.6 62
    endloop
  endfacet
  facet normal 0 -1 0
    outer loop
      vertex 0 -1.6 80
      vertex 16.0533 -1.6 60.5635
      vertex 15.8638 -1.6 61.2707
    endloop
  endfacet
  facet normal 0 -1 0
    outer loop
      vertex 17.8 -1.6 53
      vertex 16.0533 -1.6 60.5635
      vertex 0 -1.6 80
    endloop
  endfacet
  facet normal 0 -1 0
    outer loop
      vertex 16.0533 -1.6 60.5635
      vertex 17.8 -1.6 53
      vertex 16.3627 -1.6 59.9
    endloop
  endfacet
  facet normal 0 -1 0
    outer loop
      vertex 17.3003 -1.6 58.7826
      vertex 17.8 -1.6 53
      vertex 17.8 -1.6 58.4327
    endloop
  endfacet
  facet normal 0 -1 0
    outer loop
      vertex 16.7826 -1.6 59.3003
      vertex 17.8 -1.6 53
      vertex 17.3003 -1.6 58.7826
    endloop
  endfacet
  facet normal 0 -1 0
    outer loop
      vertex 16.3627 -1.6 59.9
      vertex 17.8 -1.6 53
      vertex 16.7826 -1.6 59.3003
    endloop
  endfacet
  facet normal 0 -1 0
    outer loop
      vertex 0 -1.6 80
      vertex 17.875 -1.6 52.4306
      vertex 17.8 -1.6 53
    endloop
  endfacet
  facet normal 0 -1 0
    outer loop
      vertex 0 -1.6 0
      vertex 17.875 -1.6 52.4306
      vertex 0 -1.6 80
    endloop
  endfacet
  facet normal 0 -1 0
    outer loop
      vertex 58.9 -1.6 51.0947
      vertex 80 -1.6 0
      vertex 59.4306 -1.6 50.875
    endloop
  endfacet
  facet normal 0 -1 -0
    outer loop
      vertex 19.4306 -1.6 50.875
      vertex 0 -1.6 0
      vertex 20 -1.6 50.8
    endloop
  endfacet
  facet normal 0 -1 -0
    outer loop
      vertex 18.9 -1.6 51.0947
      vertex 0 -1.6 0
      vertex 19.4306 -1.6 50.875
    endloop
  endfacet
  facet normal 0 -1 -0
    outer loop
      vertex 18.4444 -1.6 51.4444
      vertex 0 -1.6 0
      vertex 18.9 -1.6 51.0947
    endloop
  endfacet
  facet normal 0 -1 -0
    outer loop
      vertex 18.0947 -1.6 51.9
      vertex 0 -1.6 0
      vertex 18.4444 -1.6 51.4444
    endloop
  endfacet
  facet normal 0 -1 -0
    outer loop
      vertex 17.875 -1.6 52.4306
      vertex 0 -1.6 0
      vertex 18.0947 -1.6 51.9
    endloop
  endfacet
  facet normal 0 -1 0
    outer loop
      vertex 21.4365 -1.6 65.9467
      vertex 0 -1.6 80
      vertex 20.7293 -1.6 66.1362
    endloop
  endfacet
  facet normal 0 -1 0
    outer loop
      vertex 60.7293 -1.6 66.1362
      vertex 80 -1.6 80
      vertex 60 -1.6 66.2
    endloop
  endfacet
  facet normal 0 -1 0
    outer loop
      vertex 61.4365 -1.6 65.9467
      vertex 80 -1.6 80
      vertex 60.7293 -1.6 66.1362
    endloop
  endfacet
  facet normal 0 -1 0
    outer loop
      vertex 62.1 -1.6 65.6373
      vertex 80 -1.6 80
      vertex 61.4365 -1.6 65.9467
    endloop
  endfacet
  facet normal 0 -1 0
    outer loop
      vertex 62.6997 -1.6 65.2174
      vertex 80 -1.6 80
      vertex 62.1 -1.6 65.6373
    endloop
  endfacet
  facet normal 0 -1 0
    outer loop
      vertex 63.2174 -1.6 64.6997
      vertex 80 -1.6 80
      vertex 62.6997 -1.6 65.2174
    endloop
  endfacet
  facet normal 0 -1 0
    outer loop
      vertex 63.6373 -1.6 64.1
      vertex 80 -1.6 80
      vertex 63.2174 -1.6 64.6997
    endloop
  endfacet
  facet normal 0 -1 0
    outer loop
      vertex 63.9467 -1.6 63.4365
      vertex 80 -1.6 80
      vertex 63.6373 -1.6 64.1
    endloop
  endfacet
  facet normal 0 -1 0
    outer loop
      vertex 64.1362 -1.6 62.7293
      vertex 80 -1.6 80
      vertex 63.9467 -1.6 63.4365
    endloop
  endfacet
  facet normal 0 -1 0
    outer loop
      vertex 64.2 -1.6 62
      vertex 80 -1.6 80
      vertex 64.1362 -1.6 62.7293
    endloop
  endfacet
  facet normal 0 -1 0
    outer loop
      vertex 64.1362 -1.6 61.2707
      vertex 80 -1.6 80
      vertex 64.2 -1.6 62
    endloop
  endfacet
  facet normal 0 -1 0
    outer loop
      vertex 63.9467 -1.6 60.5635
      vertex 80 -1.6 80
      vertex 64.1362 -1.6 61.2707
    endloop
  endfacet
  facet normal 0 -1 0
    outer loop
      vertex 62.2 -1.6 53
      vertex 63.9467 -1.6 60.5635
      vertex 63.6373 -1.6 59.9
    endloop
  endfacet
  facet normal 0 -1 0
    outer loop
      vertex 62.2 -1.6 53
      vertex 63.6373 -1.6 59.9
      vertex 63.2174 -1.6 59.3003
    endloop
  endfacet
  facet normal 0 -1 0
    outer loop
      vertex 62.2 -1.6 53
      vertex 62.6997 -1.6 58.7826
      vertex 62.2 -1.6 58.4327
    endloop
  endfacet
  facet normal 0 -1 0
    outer loop
      vertex 62.2 -1.6 53
      vertex 63.2174 -1.6 59.3003
      vertex 62.6997 -1.6 58.7826
    endloop
  endfacet
  facet normal 0 -1 -0
    outer loop
      vertex 63.9467 -1.6 60.5635
      vertex 62.2 -1.6 53
      vertex 80 -1.6 80
    endloop
  endfacet
  facet normal 0 -1 0
    outer loop
      vertex 62.125 -1.6 52.4306
      vertex 80 -1.6 80
      vertex 62.2 -1.6 53
    endloop
  endfacet
  facet normal 0 -1 0
    outer loop
      vertex 80 -1.6 0
      vertex 62.125 -1.6 52.4306
      vertex 61.9053 -1.6 51.9
    endloop
  endfacet
  facet normal 0 -1 0
    outer loop
      vertex 59.4306 -1.6 50.875
      vertex 80 -1.6 0
      vertex 60 -1.6 50.8
    endloop
  endfacet
  facet normal 0 -1 0
    outer loop
      vertex 60 -1.6 50.8
      vertex 80 -1.6 0
      vertex 60.5694 -1.6 50.875
    endloop
  endfacet
  facet normal 0 -1 0
    outer loop
      vertex 60.5694 -1.6 50.875
      vertex 80 -1.6 0
      vertex 61.1 -1.6 51.0947
    endloop
  endfacet
  facet normal 0 -1 0
    outer loop
      vertex 62.125 -1.6 52.4306
      vertex 80 -1.6 0
      vertex 80 -1.6 80
    endloop
  endfacet
  facet normal 0 -1 0
    outer loop
      vertex 61.5556 -1.6 51.4444
      vertex 80 -1.6 0
      vertex 61.9053 -1.6 51.9
    endloop
  endfacet
  facet normal 0 -1 0
    outer loop
      vertex 61.1 -1.6 51.0947
      vertex 80 -1.6 0
      vertex 61.5556 -1.6 51.4444
    endloop
  endfacet
  facet normal -0.707107 0 -0.707107
    outer loop
      vertex 22.6997 -1.6 65.2174
      vertex 23.2174 2 64.6997
      vertex 23.2174 -1.6 64.6997
    endloop
  endfacet
  facet normal -0.707107 0 -0.707107
    outer loop
      vertex 23.2174 2 64.6997
      vertex 22.6997 -1.6 65.2174
      vertex 22.6997 2 65.2174
    endloop
  endfacet
  facet normal 0.422624 0 -0.906305
    outer loop
      vertex 17.9 -1.6 65.6373
      vertex 18.5635 2 65.9467
      vertex 18.5635 -1.6 65.9467
    endloop
  endfacet
  facet normal 0.422624 0 -0.906305
    outer loop
      vertex 18.5635 2 65.9467
      vertex 17.9 -1.6 65.6373
      vertex 17.9 2 65.6373
    endloop
  endfacet
  facet normal -0.965924 0 0.258827
    outer loop
      vertex 23.9467 -1.6 60.5635
      vertex 24.1362 2 61.2707
      vertex 23.9467 2 60.5635
    endloop
  endfacet
  facet normal -0.965924 0 0.258827
    outer loop
      vertex 24.1362 2 61.2707
      vertex 23.9467 -1.6 60.5635
      vertex 24.1362 -1.6 61.2707
    endloop
  endfacet
  facet normal -0.258827 0 -0.965924
    outer loop
      vertex 20.7293 -1.6 66.1362
      vertex 21.4365 2 65.9467
      vertex 21.4365 -1.6 65.9467
    endloop
  endfacet
  facet normal -0.258827 0 -0.965924
    outer loop
      vertex 21.4365 2 65.9467
      vertex 20.7293 -1.6 66.1362
      vertex 20.7293 2 66.1362
    endloop
  endfacet
  facet normal 0.965924 -0 0.258827
    outer loop
      vertex 15.8638 -1.6 61.2707
      vertex 16.0533 2 60.5635
      vertex 15.8638 2 61.2707
    endloop
  endfacet
  facet normal 0.965924 0 0.258827
    outer loop
      vertex 16.0533 2 60.5635
      vertex 15.8638 -1.6 61.2707
      vertex 16.0533 -1.6 60.5635
    endloop
  endfacet
  facet normal -0.707107 0 0.707107
    outer loop
      vertex 22.6997 2 58.7826
      vertex 23.2174 -1.6 59.3003
      vertex 23.2174 2 59.3003
    endloop
  endfacet
  facet normal -0.707107 0 0.707107
    outer loop
      vertex 23.2174 -1.6 59.3003
      vertex 22.6997 2 58.7826
      vertex 22.6997 -1.6 58.7826
    endloop
  endfacet
  facet normal -0.819161 0 -0.573563
    outer loop
      vertex 23.6373 -1.6 64.1
      vertex 23.2174 2 64.6997
      vertex 23.6373 2 64.1
    endloop
  endfacet
  facet normal -0.819161 -0 -0.573563
    outer loop
      vertex 23.2174 2 64.6997
      vertex 23.6373 -1.6 64.1
      vertex 23.2174 -1.6 64.6997
    endloop
  endfacet
  facet normal 0.573583 0 0.819147
    outer loop
      vertex 17.3003 2 58.7826
      vertex 17.8 -1.6 58.4327
      vertex 17.8 2 58.4327
    endloop
  endfacet
  facet normal 0.573583 0 0.819147
    outer loop
      vertex 17.8 -1.6 58.4327
      vertex 17.3003 2 58.7826
      vertex 17.3003 -1.6 58.7826
    endloop
  endfacet
  facet normal -0.0871483 0 -0.996195
    outer loop
      vertex 20 -1.6 66.2
      vertex 20.7293 2 66.1362
      vertex 20.7293 -1.6 66.1362
    endloop
  endfacet
  facet normal -0.0871483 0 -0.996195
    outer loop
      vertex 20.7293 2 66.1362
      vertex 20 -1.6 66.2
      vertex 20 2 66.2
    endloop
  endfacet
  facet normal 0.996195 -0 0.0871483
    outer loop
      vertex 15.8 -1.6 62
      vertex 15.8638 2 61.2707
      vertex 15.8 2 62
    endloop
  endfacet
  facet normal 0.996195 0 0.0871483
    outer loop
      vertex 15.8638 2 61.2707
      vertex 15.8 -1.6 62
      vertex 15.8638 -1.6 61.2707
    endloop
  endfacet
  facet normal 0.996195 0 -0.0871483
    outer loop
      vertex 15.8638 -1.6 62.7293
      vertex 15.8 2 62
      vertex 15.8638 2 62.7293
    endloop
  endfacet
  facet normal 0.996195 0 -0.0871483
    outer loop
      vertex 15.8 2 62
      vertex 15.8638 -1.6 62.7293
      vertex 15.8 -1.6 62
    endloop
  endfacet
  facet normal -0.422624 0 -0.906305
    outer loop
      vertex 21.4365 -1.6 65.9467
      vertex 22.1 2 65.6373
      vertex 22.1 -1.6 65.6373
    endloop
  endfacet
  facet normal -0.422624 0 -0.906305
    outer loop
      vertex 22.1 2 65.6373
      vertex 21.4365 -1.6 65.9467
      vertex 21.4365 2 65.9467
    endloop
  endfacet
  facet normal -0.996195 0 0.0871483
    outer loop
      vertex 24.1362 -1.6 61.2707
      vertex 24.2 2 62
      vertex 24.1362 2 61.2707
    endloop
  endfacet
  facet normal -0.996195 0 0.0871483
    outer loop
      vertex 24.2 2 62
      vertex 24.1362 -1.6 61.2707
      vertex 24.2 -1.6 62
    endloop
  endfacet
  facet normal 0.965924 0 -0.258827
    outer loop
      vertex 16.0533 -1.6 63.4365
      vertex 15.8638 2 62.7293
      vertex 16.0533 2 63.4365
    endloop
  endfacet
  facet normal 0.965924 0 -0.258827
    outer loop
      vertex 15.8638 2 62.7293
      vertex 16.0533 -1.6 63.4365
      vertex 15.8638 -1.6 62.7293
    endloop
  endfacet
  facet normal 0.707107 0 -0.707107
    outer loop
      vertex 16.7826 -1.6 64.6997
      vertex 17.3003 2 65.2174
      vertex 17.3003 -1.6 65.2174
    endloop
  endfacet
  facet normal 0.707107 0 -0.707107
    outer loop
      vertex 17.3003 2 65.2174
      vertex 16.7826 -1.6 64.6997
      vertex 16.7826 2 64.6997
    endloop
  endfacet
  facet normal -0.906305 0 0.422624
    outer loop
      vertex 23.6373 -1.6 59.9
      vertex 23.9467 2 60.5635
      vertex 23.6373 2 59.9
    endloop
  endfacet
  facet normal -0.906305 0 0.422624
    outer loop
      vertex 23.9467 2 60.5635
      vertex 23.6373 -1.6 59.9
      vertex 23.9467 -1.6 60.5635
    endloop
  endfacet
  facet normal 0.707107 0 0.707107
    outer loop
      vertex 16.7826 2 59.3003
      vertex 17.3003 -1.6 58.7826
      vertex 17.3003 2 58.7826
    endloop
  endfacet
  facet normal 0.707107 0 0.707107
    outer loop
      vertex 17.3003 -1.6 58.7826
      vertex 16.7826 2 59.3003
      vertex 16.7826 -1.6 59.3003
    endloop
  endfacet
  facet normal -0.906305 0 -0.422624
    outer loop
      vertex 23.9467 -1.6 63.4365
      vertex 23.6373 2 64.1
      vertex 23.9467 2 63.4365
    endloop
  endfacet
  facet normal -0.906305 -0 -0.422624
    outer loop
      vertex 23.6373 2 64.1
      vertex 23.9467 -1.6 63.4365
      vertex 23.6373 -1.6 64.1
    endloop
  endfacet
  facet normal -0.819161 0 0.573563
    outer loop
      vertex 23.2174 -1.6 59.3003
      vertex 23.6373 2 59.9
      vertex 23.2174 2 59.3003
    endloop
  endfacet
  facet normal -0.819161 0 0.573563
    outer loop
      vertex 23.6373 2 59.9
      vertex 23.2174 -1.6 59.3003
      vertex 23.6373 -1.6 59.9
    endloop
  endfacet
  facet normal -0.573583 0 0.819147
    outer loop
      vertex 22.2 2 58.4327
      vertex 22.6997 -1.6 58.7826
      vertex 22.6997 2 58.7826
    endloop
  endfacet
  facet normal -0.573583 0 0.819147
    outer loop
      vertex 22.6997 -1.6 58.7826
      vertex 22.2 2 58.4327
      vertex 22.2 -1.6 58.4327
    endloop
  endfacet
  facet normal 0.906305 -0 0.422624
    outer loop
      vertex 16.0533 -1.6 60.5635
      vertex 16.3627 2 59.9
      vertex 16.0533 2 60.5635
    endloop
  endfacet
  facet normal 0.906305 0 0.422624
    outer loop
      vertex 16.3627 2 59.9
      vertex 16.0533 -1.6 60.5635
      vertex 16.3627 -1.6 59.9
    endloop
  endfacet
  facet normal 0 -1 0
    outer loop
      vertex 19.2707 2 66.1362
      vertex 20.7293 2 66.1362
      vertex 20 2 66.2
    endloop
  endfacet
  facet normal 0 -1 0
    outer loop
      vertex 18.5635 2 65.9467
      vertex 20.7293 2 66.1362
      vertex 19.2707 2 66.1362
    endloop
  endfacet
  facet normal 0 -1 0
    outer loop
      vertex 18.5635 2 65.9467
      vertex 21.4365 2 65.9467
      vertex 20.7293 2 66.1362
    endloop
  endfacet
  facet normal 0 -1 0
    outer loop
      vertex 17.9 2 65.6373
      vertex 21.4365 2 65.9467
      vertex 18.5635 2 65.9467
    endloop
  endfacet
  facet normal 0 -1 0
    outer loop
      vertex 17.9 2 65.6373
      vertex 22.1 2 65.6373
      vertex 21.4365 2 65.9467
    endloop
  endfacet
  facet normal 0 -1 0
    outer loop
      vertex 17.3003 2 65.2174
      vertex 22.1 2 65.6373
      vertex 17.9 2 65.6373
    endloop
  endfacet
  facet normal 0 -1 0
    outer loop
      vertex 17.3003 2 65.2174
      vertex 22.6997 2 65.2174
      vertex 22.1 2 65.6373
    endloop
  endfacet
  facet normal 0 -1 0
    outer loop
      vertex 16.7826 2 64.6997
      vertex 22.6997 2 65.2174
      vertex 17.3003 2 65.2174
    endloop
  endfacet
  facet normal 0 -1 0
    outer loop
      vertex 16.7826 2 64.6997
      vertex 23.2174 2 64.6997
      vertex 22.6997 2 65.2174
    endloop
  endfacet
  facet normal 0 -1 0
    outer loop
      vertex 16.3627 2 64.1
      vertex 23.2174 2 64.6997
      vertex 16.7826 2 64.6997
    endloop
  endfacet
  facet normal 0 -1 0
    outer loop
      vertex 16.3627 2 64.1
      vertex 23.6373 2 64.1
      vertex 23.2174 2 64.6997
    endloop
  endfacet
  facet normal 0 -1 0
    outer loop
      vertex 16.0533 2 63.4365
      vertex 23.6373 2 64.1
      vertex 16.3627 2 64.1
    endloop
  endfacet
  facet normal 0 -1 0
    outer loop
      vertex 16.0533 2 63.4365
      vertex 23.9467 2 63.4365
      vertex 23.6373 2 64.1
    endloop
  endfacet
  facet normal 0 -1 0
    outer loop
      vertex 15.8638 2 62.7293
      vertex 23.9467 2 63.4365
      vertex 16.0533 2 63.4365
    endloop
  endfacet
  facet normal 0 -1 0
    outer loop
      vertex 15.8638 2 62.7293
      vertex 24.1362 2 62.7293
      vertex 23.9467 2 63.4365
    endloop
  endfacet
  facet normal 0 -1 0
    outer loop
      vertex 15.8 2 62
      vertex 24.1362 2 62.7293
      vertex 15.8638 2 62.7293
    endloop
  endfacet
  facet normal 0 -1 0
    outer loop
      vertex 15.8 2 62
      vertex 24.2 2 62
      vertex 24.1362 2 62.7293
    endloop
  endfacet
  facet normal 0 -1 0
    outer loop
      vertex 15.8638 2 61.2707
      vertex 24.2 2 62
      vertex 15.8 2 62
    endloop
  endfacet
  facet normal 0 -1 0
    outer loop
      vertex 15.8638 2 61.2707
      vertex 24.1362 2 61.2707
      vertex 24.2 2 62
    endloop
  endfacet
  facet normal 0 -1 0
    outer loop
      vertex 16.0533 2 60.5635
      vertex 24.1362 2 61.2707
      vertex 15.8638 2 61.2707
    endloop
  endfacet
  facet normal 0 -1 0
    outer loop
      vertex 16.0533 2 60.5635
      vertex 23.9467 2 60.5635
      vertex 24.1362 2 61.2707
    endloop
  endfacet
  facet normal 0 -1 0
    outer loop
      vertex 16.3627 2 59.9
      vertex 23.9467 2 60.5635
      vertex 16.0533 2 60.5635
    endloop
  endfacet
  facet normal 0 -1 0
    outer loop
      vertex 16.3627 2 59.9
      vertex 23.6373 2 59.9
      vertex 23.9467 2 60.5635
    endloop
  endfacet
  facet normal 0 -1 0
    outer loop
      vertex 16.7826 2 59.3003
      vertex 23.6373 2 59.9
      vertex 16.3627 2 59.9
    endloop
  endfacet
  facet normal 0 -1 0
    outer loop
      vertex 16.7826 2 59.3003
      vertex 23.2174 2 59.3003
      vertex 23.6373 2 59.9
    endloop
  endfacet
  facet normal 0 -1 0
    outer loop
      vertex 17.8 2 58.4327
      vertex 16.7826 2 59.3003
      vertex 17.3003 2 58.7826
    endloop
  endfacet
  facet normal 0 -1 0
    outer loop
      vertex 16.7826 2 59.3003
      vertex 17.8 2 58.4327
      vertex 23.2174 2 59.3003
    endloop
  endfacet
  facet normal 0 -1 0
    outer loop
      vertex 22.2 2 58.4327
      vertex 23.2174 2 59.3003
      vertex 17.8 2 58.4327
    endloop
  endfacet
  facet normal 0 -1 0
    outer loop
      vertex 23.2174 2 59.3003
      vertex 22.2 2 58.4327
      vertex 22.6997 2 58.7826
    endloop
  endfacet
  facet normal 0 -1 0
    outer loop
      vertex 17.8 2 53
      vertex 22.2 2 58.4327
      vertex 17.8 2 58.4327
    endloop
  endfacet
  facet normal 0 -1 0
    outer loop
      vertex 17.8 2 53
      vertex 22.2 2 53
      vertex 22.2 2 58.4327
    endloop
  endfacet
  facet normal 0 -1 0
    outer loop
      vertex 17.875 2 52.4306
      vertex 22.2 2 53
      vertex 17.8 2 53
    endloop
  endfacet
  facet normal 0 -1 0
    outer loop
      vertex 17.875 2 52.4306
      vertex 22.125 2 52.4306
      vertex 22.2 2 53
    endloop
  endfacet
  facet normal 0 -1 0
    outer loop
      vertex 18.0947 2 51.9
      vertex 22.125 2 52.4306
      vertex 17.875 2 52.4306
    endloop
  endfacet
  facet normal 0 -1 0
    outer loop
      vertex 18.0947 2 51.9
      vertex 21.9053 2 51.9
      vertex 22.125 2 52.4306
    endloop
  endfacet
  facet normal 0 -1 0
    outer loop
      vertex 18.4444 2 51.4444
      vertex 21.9053 2 51.9
      vertex 18.0947 2 51.9
    endloop
  endfacet
  facet normal 0 -1 0
    outer loop
      vertex 18.4444 2 51.4444
      vertex 21.5556 2 51.4444
      vertex 21.9053 2 51.9
    endloop
  endfacet
  facet normal 0 -1 0
    outer loop
      vertex 18.9 2 51.0947
      vertex 21.5556 2 51.4444
      vertex 18.4444 2 51.4444
    endloop
  endfacet
  facet normal 0 -1 0
    outer loop
      vertex 18.9 2 51.0947
      vertex 21.1 2 51.0947
      vertex 21.5556 2 51.4444
    endloop
  endfacet
  facet normal 0 -1 0
    outer loop
      vertex 19.4306 2 50.875
      vertex 21.1 2 51.0947
      vertex 18.9 2 51.0947
    endloop
  endfacet
  facet normal 0 -1 0
    outer loop
      vertex 19.4306 2 50.875
      vertex 20.5694 2 50.875
      vertex 21.1 2 51.0947
    endloop
  endfacet
  facet normal -0 -1 0
    outer loop
      vertex 20.5694 2 50.875
      vertex 19.4306 2 50.875
      vertex 20 2 50.8
    endloop
  endfacet
  facet normal 0.258827 0 -0.965924
    outer loop
      vertex 18.5635 -1.6 65.9467
      vertex 19.2707 2 66.1362
      vertex 19.2707 -1.6 66.1362
    endloop
  endfacet
  facet normal 0.258827 0 -0.965924
    outer loop
      vertex 19.2707 2 66.1362
      vertex 18.5635 -1.6 65.9467
      vertex 18.5635 2 65.9467
    endloop
  endfacet
  facet normal 0.906305 0 -0.422624
    outer loop
      vertex 16.3627 -1.6 64.1
      vertex 16.0533 2 63.4365
      vertex 16.3627 2 64.1
    endloop
  endfacet
  facet normal 0.906305 0 -0.422624
    outer loop
      vertex 16.0533 2 63.4365
      vertex 16.3627 -1.6 64.1
      vertex 16.0533 -1.6 63.4365
    endloop
  endfacet
  facet normal 0.819161 0 -0.573563
    outer loop
      vertex 16.7826 -1.6 64.6997
      vertex 16.3627 2 64.1
      vertex 16.7826 2 64.6997
    endloop
  endfacet
  facet normal 0.819161 0 -0.573563
    outer loop
      vertex 16.3627 2 64.1
      vertex 16.7826 -1.6 64.6997
      vertex 16.3627 -1.6 64.1
    endloop
  endfacet
  facet normal -0.996195 0 -0.0871483
    outer loop
      vertex 24.2 -1.6 62
      vertex 24.1362 2 62.7293
      vertex 24.2 2 62
    endloop
  endfacet
  facet normal -0.996195 -0 -0.0871483
    outer loop
      vertex 24.1362 2 62.7293
      vertex 24.2 -1.6 62
      vertex 24.1362 -1.6 62.7293
    endloop
  endfacet
  facet normal -0.573563 0 -0.819161
    outer loop
      vertex 22.1 -1.6 65.6373
      vertex 22.6997 2 65.2174
      vertex 22.6997 -1.6 65.2174
    endloop
  endfacet
  facet normal -0.573563 0 -0.819161
    outer loop
      vertex 22.6997 2 65.2174
      vertex 22.1 -1.6 65.6373
      vertex 22.1 2 65.6373
    endloop
  endfacet
  facet normal -0.965924 0 -0.258827
    outer loop
      vertex 24.1362 -1.6 62.7293
      vertex 23.9467 2 63.4365
      vertex 24.1362 2 62.7293
    endloop
  endfacet
  facet normal -0.965924 -0 -0.258827
    outer loop
      vertex 23.9467 2 63.4365
      vertex 24.1362 -1.6 62.7293
      vertex 23.9467 -1.6 63.4365
    endloop
  endfacet
  facet normal 0.819161 -0 0.573563
    outer loop
      vertex 16.3627 -1.6 59.9
      vertex 16.7826 2 59.3003
      vertex 16.3627 2 59.9
    endloop
  endfacet
  facet normal 0.819161 0 0.573563
    outer loop
      vertex 16.7826 2 59.3003
      vertex 16.3627 -1.6 59.9
      vertex 16.7826 -1.6 59.3003
    endloop
  endfacet
  facet normal 0.0871483 0 -0.996195
    outer loop
      vertex 19.2707 -1.6 66.1362
      vertex 20 2 66.2
      vertex 20 -1.6 66.2
    endloop
  endfacet
  facet normal 0.0871483 0 -0.996195
    outer loop
      vertex 20 2 66.2
      vertex 19.2707 -1.6 66.1362
      vertex 19.2707 2 66.1362
    endloop
  endfacet
  facet normal 0.573563 0 -0.819161
    outer loop
      vertex 17.3003 -1.6 65.2174
      vertex 17.9 2 65.6373
      vertex 17.9 -1.6 65.6373
    endloop
  endfacet
  facet normal 0.573563 0 -0.819161
    outer loop
      vertex 17.9 2 65.6373
      vertex 17.3003 -1.6 65.2174
      vertex 17.3003 2 65.2174
    endloop
  endfacet
  facet normal -1 0 0
    outer loop
      vertex 22.2 -1.6 53
      vertex 22.2 2 58.4327
      vertex 22.2 2 53
    endloop
  endfacet
  facet normal -1 -0 0
    outer loop
      vertex 22.2 2 58.4327
      vertex 22.2 -1.6 53
      vertex 22.2 -1.6 58.4327
    endloop
  endfacet
  facet normal 1 -0 0
    outer loop
      vertex 17.8 -1.6 58.4327
      vertex 17.8 2 53
      vertex 17.8 2 58.4327
    endloop
  endfacet
  facet normal 1 0 0
    outer loop
      vertex 17.8 2 53
      vertex 17.8 -1.6 58.4327
      vertex 17.8 -1.6 53
    endloop
  endfacet
  facet normal -0.13059 0 0.991437
    outer loop
      vertex 20 2 50.8
      vertex 20.5694 -1.6 50.875
      vertex 20.5694 2 50.875
    endloop
  endfacet
  facet normal -0.13059 0 0.991437
    outer loop
      vertex 20.5694 -1.6 50.875
      vertex 20 2 50.8
      vertex 20 -1.6 50.8
    endloop
  endfacet
  facet normal -0.991437 0 0.13059
    outer loop
      vertex 22.125 -1.6 52.4306
      vertex 22.2 2 53
      vertex 22.125 2 52.4306
    endloop
  endfacet
  facet normal -0.991437 0 0.13059
    outer loop
      vertex 22.2 2 53
      vertex 22.125 -1.6 52.4306
      vertex 22.2 -1.6 53
    endloop
  endfacet
  facet normal 0.382562 0 0.92393
    outer loop
      vertex 18.9 2 51.0947
      vertex 19.4306 -1.6 50.875
      vertex 19.4306 2 50.875
    endloop
  endfacet
  facet normal 0.382562 0 0.92393
    outer loop
      vertex 19.4306 -1.6 50.875
      vertex 18.9 2 51.0947
      vertex 18.9 -1.6 51.0947
    endloop
  endfacet
  facet normal 0.991437 -0 0.13059
    outer loop
      vertex 17.8 -1.6 53
      vertex 17.875 2 52.4306
      vertex 17.8 2 53
    endloop
  endfacet
  facet normal 0.991437 0 0.13059
    outer loop
      vertex 17.875 2 52.4306
      vertex 17.8 -1.6 53
      vertex 17.875 -1.6 52.4306
    endloop
  endfacet
  facet normal -0.793264 0 0.608877
    outer loop
      vertex 21.5556 -1.6 51.4444
      vertex 21.9053 2 51.9
      vertex 21.5556 2 51.4444
    endloop
  endfacet
  facet normal -0.793264 0 0.608877
    outer loop
      vertex 21.9053 2 51.9
      vertex 21.5556 -1.6 51.4444
      vertex 21.9053 -1.6 51.9
    endloop
  endfacet
  facet normal 0.92393 -0 0.382562
    outer loop
      vertex 17.875 -1.6 52.4306
      vertex 18.0947 2 51.9
      vertex 17.875 2 52.4306
    endloop
  endfacet
  facet normal 0.92393 0 0.382562
    outer loop
      vertex 18.0947 2 51.9
      vertex 17.875 -1.6 52.4306
      vertex 18.0947 -1.6 51.9
    endloop
  endfacet
  facet normal -0.608877 0 0.793264
    outer loop
      vertex 21.1 2 51.0947
      vertex 21.5556 -1.6 51.4444
      vertex 21.5556 2 51.4444
    endloop
  endfacet
  facet normal -0.608877 0 0.793264
    outer loop
      vertex 21.5556 -1.6 51.4444
      vertex 21.1 2 51.0947
      vertex 21.1 -1.6 51.0947
    endloop
  endfacet
  facet normal 0.793264 -0 0.608877
    outer loop
      vertex 18.0947 -1.6 51.9
      vertex 18.4444 2 51.4444
      vertex 18.0947 2 51.9
    endloop
  endfacet
  facet normal 0.793264 0 0.608877
    outer loop
      vertex 18.4444 2 51.4444
      vertex 18.0947 -1.6 51.9
      vertex 18.4444 -1.6 51.4444
    endloop
  endfacet
  facet normal 0.608877 0 0.793264
    outer loop
      vertex 18.4444 2 51.4444
      vertex 18.9 -1.6 51.0947
      vertex 18.9 2 51.0947
    endloop
  endfacet
  facet normal 0.608877 0 0.793264
    outer loop
      vertex 18.9 -1.6 51.0947
      vertex 18.4444 2 51.4444
      vertex 18.4444 -1.6 51.4444
    endloop
  endfacet
  facet normal 0.13059 0 0.991437
    outer loop
      vertex 19.4306 2 50.875
      vertex 20 -1.6 50.8
      vertex 20 2 50.8
    endloop
  endfacet
  facet normal 0.13059 0 0.991437
    outer loop
      vertex 20 -1.6 50.8
      vertex 19.4306 2 50.875
      vertex 19.4306 -1.6 50.875
    endloop
  endfacet
  facet normal -0.382562 0 0.92393
    outer loop
      vertex 20.5694 2 50.875
      vertex 21.1 -1.6 51.0947
      vertex 21.1 2 51.0947
    endloop
  endfacet
  facet normal -0.382562 0 0.92393
    outer loop
      vertex 21.1 -1.6 51.0947
      vertex 20.5694 2 50.875
      vertex 20.5694 -1.6 50.875
    endloop
  endfacet
  facet normal -0.92393 0 0.382562
    outer loop
      vertex 21.9053 -1.6 51.9
      vertex 22.125 2 52.4306
      vertex 21.9053 2 51.9
    endloop
  endfacet
  facet normal -0.92393 0 0.382562
    outer loop
      vertex 22.125 2 52.4306
      vertex 21.9053 -1.6 51.9
      vertex 22.125 -1.6 52.4306
    endloop
  endfacet
  facet normal -0.707107 0 -0.707107
    outer loop
      vertex 63.2174 -1.6 64.6997
      vertex 62.6997 2 65.2174
      vertex 63.2174 2 64.6997
    endloop
  endfacet
  facet normal -0.707107 -0 -0.707107
    outer loop
      vertex 62.6997 2 65.2174
      vertex 63.2174 -1.6 64.6997
      vertex 62.6997 -1.6 65.2174
    endloop
  endfacet
  facet normal 0.422624 0 -0.906305
    outer loop
      vertex 57.9 -1.6 65.6373
      vertex 58.5635 2 65.9467
      vertex 58.5635 -1.6 65.9467
    endloop
  endfacet
  facet normal 0.422624 0 -0.906305
    outer loop
      vertex 58.5635 2 65.9467
      vertex 57.9 -1.6 65.6373
      vertex 57.9 2 65.6373
    endloop
  endfacet
  facet normal -0.965924 0 0.258827
    outer loop
      vertex 63.9467 -1.6 60.5635
      vertex 64.1362 2 61.2707
      vertex 63.9467 2 60.5635
    endloop
  endfacet
  facet normal -0.965924 0 0.258827
    outer loop
      vertex 64.1362 2 61.2707
      vertex 63.9467 -1.6 60.5635
      vertex 64.1362 -1.6 61.2707
    endloop
  endfacet
  facet normal -0.258827 0 -0.965924
    outer loop
      vertex 60.7293 -1.6 66.1362
      vertex 61.4365 2 65.9467
      vertex 61.4365 -1.6 65.9467
    endloop
  endfacet
  facet normal -0.258827 0 -0.965924
    outer loop
      vertex 61.4365 2 65.9467
      vertex 60.7293 -1.6 66.1362
      vertex 60.7293 2 66.1362
    endloop
  endfacet
  facet normal 0.965924 -0 0.258827
    outer loop
      vertex 55.8638 -1.6 61.2707
      vertex 56.0533 2 60.5635
      vertex 55.8638 2 61.2707
    endloop
  endfacet
  facet normal 0.965924 0 0.258827
    outer loop
      vertex 56.0533 2 60.5635
      vertex 55.8638 -1.6 61.2707
      vertex 56.0533 -1.6 60.5635
    endloop
  endfacet
  facet normal -0.707107 0 0.707107
    outer loop
      vertex 62.6997 -1.6 58.7826
      vertex 63.2174 2 59.3003
      vertex 62.6997 2 58.7826
    endloop
  endfacet
  facet normal -0.707107 0 0.707107
    outer loop
      vertex 63.2174 2 59.3003
      vertex 62.6997 -1.6 58.7826
      vertex 63.2174 -1.6 59.3003
    endloop
  endfacet
  facet normal -0.819161 0 -0.573563
    outer loop
      vertex 63.6373 -1.6 64.1
      vertex 63.2174 2 64.6997
      vertex 63.6373 2 64.1
    endloop
  endfacet
  facet normal -0.819161 -0 -0.573563
    outer loop
      vertex 63.2174 2 64.6997
      vertex 63.6373 -1.6 64.1
      vertex 63.2174 -1.6 64.6997
    endloop
  endfacet
  facet normal 0.573583 0 0.819147
    outer loop
      vertex 57.3003 2 58.7826
      vertex 57.8 -1.6 58.4327
      vertex 57.8 2 58.4327
    endloop
  endfacet
  facet normal 0.573583 0 0.819147
    outer loop
      vertex 57.8 -1.6 58.4327
      vertex 57.3003 2 58.7826
      vertex 57.3003 -1.6 58.7826
    endloop
  endfacet
  facet normal -0.0871483 0 -0.996195
    outer loop
      vertex 60 -1.6 66.2
      vertex 60.7293 2 66.1362
      vertex 60.7293 -1.6 66.1362
    endloop
  endfacet
  facet normal -0.0871483 0 -0.996195
    outer loop
      vertex 60.7293 2 66.1362
      vertex 60 -1.6 66.2
      vertex 60 2 66.2
    endloop
  endfacet
  facet normal 0.996195 -0 0.0871483
    outer loop
      vertex 55.8 -1.6 62
      vertex 55.8638 2 61.2707
      vertex 55.8 2 62
    endloop
  endfacet
  facet normal 0.996195 0 0.0871483
    outer loop
      vertex 55.8638 2 61.2707
      vertex 55.8 -1.6 62
      vertex 55.8638 -1.6 61.2707
    endloop
  endfacet
  facet normal 0.996195 0 -0.0871483
    outer loop
      vertex 55.8638 -1.6 62.7293
      vertex 55.8 2 62
      vertex 55.8638 2 62.7293
    endloop
  endfacet
  facet normal 0.996195 0 -0.0871483
    outer loop
      vertex 55.8 2 62
      vertex 55.8638 -1.6 62.7293
      vertex 55.8 -1.6 62
    endloop
  endfacet
  facet normal -0.422624 0 -0.906305
    outer loop
      vertex 61.4365 -1.6 65.9467
      vertex 62.1 2 65.6373
      vertex 62.1 -1.6 65.6373
    endloop
  endfacet
  facet normal -0.422624 0 -0.906305
    outer loop
      vertex 62.1 2 65.6373
      vertex 61.4365 -1.6 65.9467
      vertex 61.4365 2 65.9467
    endloop
  endfacet
  facet normal -0.996195 0 0.0871483
    outer loop
      vertex 64.1362 -1.6 61.2707
      vertex 64.2 2 62
      vertex 64.1362 2 61.2707
    endloop
  endfacet
  facet normal -0.996195 0 0.0871483
    outer loop
      vertex 64.2 2 62
      vertex 64.1362 -1.6 61.2707
      vertex 64.2 -1.6 62
    endloop
  endfacet
  facet normal 0.965924 0 -0.258827
    outer loop
      vertex 56.0533 -1.6 63.4365
      vertex 55.8638 2 62.7293
      vertex 56.0533 2 63.4365
    endloop
  endfacet
  facet normal 0.965924 0 -0.258827
    outer loop
      vertex 55.8638 2 62.7293
      vertex 56.0533 -1.6 63.4365
      vertex 55.8638 -1.6 62.7293
    endloop
  endfacet
  facet normal 0.707107 0 -0.707107
    outer loop
      vertex 57.3003 -1.6 65.2174
      vertex 56.7826 2 64.6997
      vertex 57.3003 2 65.2174
    endloop
  endfacet
  facet normal 0.707107 0 -0.707107
    outer loop
      vertex 56.7826 2 64.6997
      vertex 57.3003 -1.6 65.2174
      vertex 56.7826 -1.6 64.6997
    endloop
  endfacet
  facet normal -0.906305 0 0.422624
    outer loop
      vertex 63.6373 -1.6 59.9
      vertex 63.9467 2 60.5635
      vertex 63.6373 2 59.9
    endloop
  endfacet
  facet normal -0.906305 0 0.422624
    outer loop
      vertex 63.9467 2 60.5635
      vertex 63.6373 -1.6 59.9
      vertex 63.9467 -1.6 60.5635
    endloop
  endfacet
  facet normal 0.707107 -0 0.707107
    outer loop
      vertex 56.7826 -1.6 59.3003
      vertex 57.3003 2 58.7826
      vertex 56.7826 2 59.3003
    endloop
  endfacet
  facet normal 0.707107 0 0.707107
    outer loop
      vertex 57.3003 2 58.7826
      vertex 56.7826 -1.6 59.3003
      vertex 57.3003 -1.6 58.7826
    endloop
  endfacet
  facet normal -0.906305 0 -0.422624
    outer loop
      vertex 63.9467 -1.6 63.4365
      vertex 63.6373 2 64.1
      vertex 63.9467 2 63.4365
    endloop
  endfacet
  facet normal -0.906305 -0 -0.422624
    outer loop
      vertex 63.6373 2 64.1
      vertex 63.9467 -1.6 63.4365
      vertex 63.6373 -1.6 64.1
    endloop
  endfacet
  facet normal -0.819161 0 0.573563
    outer loop
      vertex 63.2174 -1.6 59.3003
      vertex 63.6373 2 59.9
      vertex 63.2174 2 59.3003
    endloop
  endfacet
  facet normal -0.819161 0 0.573563
    outer loop
      vertex 63.6373 2 59.9
      vertex 63.2174 -1.6 59.3003
      vertex 63.6373 -1.6 59.9
    endloop
  endfacet
  facet normal -0.573583 0 0.819147
    outer loop
      vertex 62.2 2 58.4327
      vertex 62.6997 -1.6 58.7826
      vertex 62.6997 2 58.7826
    endloop
  endfacet
  facet normal -0.573583 0 0.819147
    outer loop
      vertex 62.6997 -1.6 58.7826
      vertex 62.2 2 58.4327
      vertex 62.2 -1.6 58.4327
    endloop
  endfacet
  facet normal 0.906305 -0 0.422624
    outer loop
      vertex 56.0533 -1.6 60.5635
      vertex 56.3627 2 59.9
      vertex 56.0533 2 60.5635
    endloop
  endfacet
  facet normal 0.906305 0 0.422624
    outer loop
      vertex 56.3627 2 59.9
      vertex 56.0533 -1.6 60.5635
      vertex 56.3627 -1.6 59.9
    endloop
  endfacet
  facet normal 0 -1 0
    outer loop
      vertex 59.2707 2 66.1362
      vertex 60.7293 2 66.1362
      vertex 60 2 66.2
    endloop
  endfacet
  facet normal 0 -1 0
    outer loop
      vertex 58.5635 2 65.9467
      vertex 60.7293 2 66.1362
      vertex 59.2707 2 66.1362
    endloop
  endfacet
  facet normal 0 -1 0
    outer loop
      vertex 58.5635 2 65.9467
      vertex 61.4365 2 65.9467
      vertex 60.7293 2 66.1362
    endloop
  endfacet
  facet normal 0 -1 0
    outer loop
      vertex 57.9 2 65.6373
      vertex 61.4365 2 65.9467
      vertex 58.5635 2 65.9467
    endloop
  endfacet
  facet normal 0 -1 0
    outer loop
      vertex 57.9 2 65.6373
      vertex 62.1 2 65.6373
      vertex 61.4365 2 65.9467
    endloop
  endfacet
  facet normal 0 -1 0
    outer loop
      vertex 57.3003 2 65.2174
      vertex 62.1 2 65.6373
      vertex 57.9 2 65.6373
    endloop
  endfacet
  facet normal 0 -1 0
    outer loop
      vertex 57.3003 2 65.2174
      vertex 62.6997 2 65.2174
      vertex 62.1 2 65.6373
    endloop
  endfacet
  facet normal 0 -1 0
    outer loop
      vertex 56.7826 2 64.6997
      vertex 62.6997 2 65.2174
      vertex 57.3003 2 65.2174
    endloop
  endfacet
  facet normal 0 -1 0
    outer loop
      vertex 56.7826 2 64.6997
      vertex 63.2174 2 64.6997
      vertex 62.6997 2 65.2174
    endloop
  endfacet
  facet normal 0 -1 0
    outer loop
      vertex 56.3627 2 64.1
      vertex 63.2174 2 64.6997
      vertex 56.7826 2 64.6997
    endloop
  endfacet
  facet normal 0 -1 0
    outer loop
      vertex 56.3627 2 64.1
      vertex 63.6373 2 64.1
      vertex 63.2174 2 64.6997
    endloop
  endfacet
  facet normal 0 -1 0
    outer loop
      vertex 56.0533 2 63.4365
      vertex 63.6373 2 64.1
      vertex 56.3627 2 64.1
    endloop
  endfacet
  facet normal 0 -1 0
    outer loop
      vertex 56.0533 2 63.4365
      vertex 63.9467 2 63.4365
      vertex 63.6373 2 64.1
    endloop
  endfacet
  facet normal 0 -1 0
    outer loop
      vertex 55.8638 2 62.7293
      vertex 63.9467 2 63.4365
      vertex 56.0533 2 63.4365
    endloop
  endfacet
  facet normal 0 -1 0
    outer loop
      vertex 55.8638 2 62.7293
      vertex 64.1362 2 62.7293
      vertex 63.9467 2 63.4365
    endloop
  endfacet
  facet normal 0 -1 0
    outer loop
      vertex 55.8 2 62
      vertex 64.1362 2 62.7293
      vertex 55.8638 2 62.7293
    endloop
  endfacet
  facet normal 0 -1 0
    outer loop
      vertex 55.8 2 62
      vertex 64.2 2 62
      vertex 64.1362 2 62.7293
    endloop
  endfacet
  facet normal 0 -1 0
    outer loop
      vertex 55.8638 2 61.2707
      vertex 64.2 2 62
      vertex 55.8 2 62
    endloop
  endfacet
  facet normal 0 -1 0
    outer loop
      vertex 55.8638 2 61.2707
      vertex 64.1362 2 61.2707
      vertex 64.2 2 62
    endloop
  endfacet
  facet normal 0 -1 0
    outer loop
      vertex 56.0533 2 60.5635
      vertex 64.1362 2 61.2707
      vertex 55.8638 2 61.2707
    endloop
  endfacet
  facet normal 0 -1 0
    outer loop
      vertex 56.0533 2 60.5635
      vertex 63.9467 2 60.5635
      vertex 64.1362 2 61.2707
    endloop
  endfacet
  facet normal 0 -1 0
    outer loop
      vertex 56.3627 2 59.9
      vertex 63.9467 2 60.5635
      vertex 56.0533 2 60.5635
    endloop
  endfacet
  facet normal 0 -1 0
    outer loop
      vertex 56.3627 2 59.9
      vertex 63.6373 2 59.9
      vertex 63.9467 2 60.5635
    endloop
  endfacet
  facet normal 0 -1 0
    outer loop
      vertex 56.7826 2 59.3003
      vertex 63.6373 2 59.9
      vertex 56.3627 2 59.9
    endloop
  endfacet
  facet normal 0 -1 0
    outer loop
      vertex 56.7826 2 59.3003
      vertex 63.2174 2 59.3003
      vertex 63.6373 2 59.9
    endloop
  endfacet
  facet normal 0 -1 0
    outer loop
      vertex 57.8 2 58.4327
      vertex 56.7826 2 59.3003
      vertex 57.3003 2 58.7826
    endloop
  endfacet
  facet normal 0 -1 0
    outer loop
      vertex 56.7826 2 59.3003
      vertex 57.8 2 58.4327
      vertex 63.2174 2 59.3003
    endloop
  endfacet
  facet normal 0 -1 0
    outer loop
      vertex 62.2 2 58.4327
      vertex 63.2174 2 59.3003
      vertex 57.8 2 58.4327
    endloop
  endfacet
  facet normal 0 -1 0
    outer loop
      vertex 63.2174 2 59.3003
      vertex 62.2 2 58.4327
      vertex 62.6997 2 58.7826
    endloop
  endfacet
  facet normal 0 -1 0
    outer loop
      vertex 57.8 2 53
      vertex 62.2 2 58.4327
      vertex 57.8 2 58.4327
    endloop
  endfacet
  facet normal 0 -1 0
    outer loop
      vertex 57.8 2 53
      vertex 62.2 2 53
      vertex 62.2 2 58.4327
    endloop
  endfacet
  facet normal 0 -1 0
    outer loop
      vertex 57.875 2 52.4306
      vertex 62.2 2 53
      vertex 57.8 2 53
    endloop
  endfacet
  facet normal 0 -1 0
    outer loop
      vertex 57.875 2 52.4306
      vertex 62.125 2 52.4306
      vertex 62.2 2 53
    endloop
  endfacet
  facet normal 0 -1 0
    outer loop
      vertex 58.0947 2 51.9
      vertex 62.125 2 52.4306
      vertex 57.875 2 52.4306
    endloop
  endfacet
  facet normal 0 -1 0
    outer loop
      vertex 58.0947 2 51.9
      vertex 61.9053 2 51.9
      vertex 62.125 2 52.4306
    endloop
  endfacet
  facet normal 0 -1 0
    outer loop
      vertex 58.4444 2 51.4444
      vertex 61.9053 2 51.9
      vertex 58.0947 2 51.9
    endloop
  endfacet
  facet normal 0 -1 0
    outer loop
      vertex 58.4444 2 51.4444
      vertex 61.5556 2 51.4444
      vertex 61.9053 2 51.9
    endloop
  endfacet
  facet normal 0 -1 0
    outer loop
      vertex 58.9 2 51.0947
      vertex 61.5556 2 51.4444
      vertex 58.4444 2 51.4444
    endloop
  endfacet
  facet normal 0 -1 0
    outer loop
      vertex 58.9 2 51.0947
      vertex 61.1 2 51.0947
      vertex 61.5556 2 51.4444
    endloop
  endfacet
  facet normal 0 -1 0
    outer loop
      vertex 59.4306 2 50.875
      vertex 61.1 2 51.0947
      vertex 58.9 2 51.0947
    endloop
  endfacet
  facet normal 0 -1 0
    outer loop
      vertex 59.4306 2 50.875
      vertex 60.5694 2 50.875
      vertex 61.1 2 51.0947
    endloop
  endfacet
  facet normal -0 -1 0
    outer loop
      vertex 60.5694 2 50.875
      vertex 59.4306 2 50.875
      vertex 60 2 50.8
    endloop
  endfacet
  facet normal 0.258827 0 -0.965924
    outer loop
      vertex 58.5635 -1.6 65.9467
      vertex 59.2707 2 66.1362
      vertex 59.2707 -1.6 66.1362
    endloop
  endfacet
  facet normal 0.258827 0 -0.965924
    outer loop
      vertex 59.2707 2 66.1362
      vertex 58.5635 -1.6 65.9467
      vertex 58.5635 2 65.9467
    endloop
  endfacet
  facet normal 0.906305 0 -0.422624
    outer loop
      vertex 56.3627 -1.6 64.1
      vertex 56.0533 2 63.4365
      vertex 56.3627 2 64.1
    endloop
  endfacet
  facet normal 0.906305 0 -0.422624
    outer loop
      vertex 56.0533 2 63.4365
      vertex 56.3627 -1.6 64.1
      vertex 56.0533 -1.6 63.4365
    endloop
  endfacet
  facet normal 0.819161 0 -0.573563
    outer loop
      vertex 56.7826 -1.6 64.6997
      vertex 56.3627 2 64.1
      vertex 56.7826 2 64.6997
    endloop
  endfacet
  facet normal 0.819161 0 -0.573563
    outer loop
      vertex 56.3627 2 64.1
      vertex 56.7826 -1.6 64.6997
      vertex 56.3627 -1.6 64.1
    endloop
  endfacet
  facet normal -0.996195 0 -0.0871483
    outer loop
      vertex 64.2 -1.6 62
      vertex 64.1362 2 62.7293
      vertex 64.2 2 62
    endloop
  endfacet
  facet normal -0.996195 -0 -0.0871483
    outer loop
      vertex 64.1362 2 62.7293
      vertex 64.2 -1.6 62
      vertex 64.1362 -1.6 62.7293
    endloop
  endfacet
  facet normal -0.573563 0 -0.819161
    outer loop
      vertex 62.1 -1.6 65.6373
      vertex 62.6997 2 65.2174
      vertex 62.6997 -1.6 65.2174
    endloop
  endfacet
  facet normal -0.573563 0 -0.819161
    outer loop
      vertex 62.6997 2 65.2174
      vertex 62.1 -1.6 65.6373
      vertex 62.1 2 65.6373
    endloop
  endfacet
  facet normal -0.965924 0 -0.258827
    outer loop
      vertex 64.1362 -1.6 62.7293
      vertex 63.9467 2 63.4365
      vertex 64.1362 2 62.7293
    endloop
  endfacet
  facet normal -0.965924 -0 -0.258827
    outer loop
      vertex 63.9467 2 63.4365
      vertex 64.1362 -1.6 62.7293
      vertex 63.9467 -1.6 63.4365
    endloop
  endfacet
  facet normal 0.819161 -0 0.573563
    outer loop
      vertex 56.3627 -1.6 59.9
      vertex 56.7826 2 59.3003
      vertex 56.3627 2 59.9
    endloop
  endfacet
  facet normal 0.819161 0 0.573563
    outer loop
      vertex 56.7826 2 59.3003
      vertex 56.3627 -1.6 59.9
      vertex 56.7826 -1.6 59.3003
    endloop
  endfacet
  facet normal 0.0871483 0 -0.996195
    outer loop
      vertex 59.2707 -1.6 66.1362
      vertex 60 2 66.2
      vertex 60 -1.6 66.2
    endloop
  endfacet
  facet normal 0.0871483 0 -0.996195
    outer loop
      vertex 60 2 66.2
      vertex 59.2707 -1.6 66.1362
      vertex 59.2707 2 66.1362
    endloop
  endfacet
  facet normal 0.573563 0 -0.819161
    outer loop
      vertex 57.3003 -1.6 65.2174
      vertex 57.9 2 65.6373
      vertex 57.9 -1.6 65.6373
    endloop
  endfacet
  facet normal 0.573563 0 -0.819161
    outer loop
      vertex 57.9 2 65.6373
      vertex 57.3003 -1.6 65.2174
      vertex 57.3003 2 65.2174
    endloop
  endfacet
  facet normal -1 0 0
    outer loop
      vertex 62.2 -1.6 53
      vertex 62.2 2 58.4327
      vertex 62.2 2 53
    endloop
  endfacet
  facet normal -1 -0 0
    outer loop
      vertex 62.2 2 58.4327
      vertex 62.2 -1.6 53
      vertex 62.2 -1.6 58.4327
    endloop
  endfacet
  facet normal 1 -0 0
    outer loop
      vertex 57.8 -1.6 58.4327
      vertex 57.8 2 53
      vertex 57.8 2 58.4327
    endloop
  endfacet
  facet normal 1 0 0
    outer loop
      vertex 57.8 2 53
      vertex 57.8 -1.6 58.4327
      vertex 57.8 -1.6 53
    endloop
  endfacet
  facet normal -0.13059 0 0.991437
    outer loop
      vertex 60 2 50.8
      vertex 60.5694 -1.6 50.875
      vertex 60.5694 2 50.875
    endloop
  endfacet
  facet normal -0.13059 0 0.991437
    outer loop
      vertex 60.5694 -1.6 50.875
      vertex 60 2 50.8
      vertex 60 -1.6 50.8
    endloop
  endfacet
  facet normal -0.991437 0 0.13059
    outer loop
      vertex 62.125 -1.6 52.4306
      vertex 62.2 2 53
      vertex 62.125 2 52.4306
    endloop
  endfacet
  facet normal -0.991437 0 0.13059
    outer loop
      vertex 62.2 2 53
      vertex 62.125 -1.6 52.4306
      vertex 62.2 -1.6 53
    endloop
  endfacet
  facet normal 0.382562 0 0.92393
    outer loop
      vertex 58.9 2 51.0947
      vertex 59.4306 -1.6 50.875
      vertex 59.4306 2 50.875
    endloop
  endfacet
  facet normal 0.382562 0 0.92393
    outer loop
      vertex 59.4306 -1.6 50.875
      vertex 58.9 2 51.0947
      vertex 58.9 -1.6 51.0947
    endloop
  endfacet
  facet normal 0.991437 -0 0.13059
    outer loop
      vertex 57.8 -1.6 53
      vertex 57.875 2 52.4306
      vertex 57.8 2 53
    endloop
  endfacet
  facet normal 0.991437 0 0.13059
    outer loop
      vertex 57.875 2 52.4306
      vertex 57.8 -1.6 53
      vertex 57.875 -1.6 52.4306
    endloop
  endfacet
  facet normal -0.793264 0 0.608877
    outer loop
      vertex 61.5556 -1.6 51.4444
      vertex 61.9053 2 51.9
      vertex 61.5556 2 51.4444
    endloop
  endfacet
  facet normal -0.793264 0 0.608877
    outer loop
      vertex 61.9053 2 51.9
      vertex 61.5556 -1.6 51.4444
      vertex 61.9053 -1.6 51.9
    endloop
  endfacet
  facet normal 0.92393 -0 0.382562
    outer loop
      vertex 57.875 -1.6 52.4306
      vertex 58.0947 2 51.9
      vertex 57.875 2 52.4306
    endloop
  endfacet
  facet normal 0.92393 0 0.382562
    outer loop
      vertex 58.0947 2 51.9
      vertex 57.875 -1.6 52.4306
      vertex 58.0947 -1.6 51.9
    endloop
  endfacet
  facet normal -0.608877 0 0.793264
    outer loop
      vertex 61.1 2 51.0947
      vertex 61.5556 -1.6 51.4444
      vertex 61.5556 2 51.4444
    endloop
  endfacet
  facet normal -0.608877 0 0.793264
    outer loop
      vertex 61.5556 -1.6 51.4444
      vertex 61.1 2 51.0947
      vertex 61.1 -1.6 51.0947
    endloop
  endfacet
  facet normal 0.793264 -0 0.608877
    outer loop
      vertex 58.0947 -1.6 51.9
      vertex 58.4444 2 51.4444
      vertex 58.0947 2 51.9
    endloop
  endfacet
  facet normal 0.793264 0 0.608877
    outer loop
      vertex 58.4444 2 51.4444
      vertex 58.0947 -1.6 51.9
      vertex 58.4444 -1.6 51.4444
    endloop
  endfacet
  facet normal 0.608877 0 0.793264
    outer loop
      vertex 58.4444 2 51.4444
      vertex 58.9 -1.6 51.0947
      vertex 58.9 2 51.0947
    endloop
  endfacet
  facet normal 0.608877 0 0.793264
    outer loop
      vertex 58.9 -1.6 51.0947
      vertex 58.4444 2 51.4444
      vertex 58.4444 -1.6 51.4444
    endloop
  endfacet
  facet normal 0.13059 0 0.991437
    outer loop
      vertex 59.4306 2 50.875
      vertex 60 -1.6 50.8
      vertex 60 2 50.8
    endloop
  endfacet
  facet normal 0.13059 0 0.991437
    outer loop
      vertex 60 -1.6 50.8
      vertex 59.4306 2 50.875
      vertex 59.4306 -1.6 50.875
    endloop
  endfacet
  facet normal -0.382562 0 0.92393
    outer loop
      vertex 60.5694 2 50.875
      vertex 61.1 -1.6 51.0947
      vertex 61.1 2 51.0947
    endloop
  endfacet
  facet normal -0.382562 0 0.92393
    outer loop
      vertex 61.1 -1.6 51.0947
      vertex 60.5694 2 50.875
      vertex 60.5694 -1.6 50.875
    endloop
  endfacet
  facet normal -0.92393 0 0.382562
    outer loop
      vertex 61.9053 -1.6 51.9
      vertex 62.125 2 52.4306
      vertex 61.9053 2 51.9
    endloop
  endfacet
  facet normal -0.92393 0 0.382562
    outer loop
      vertex 62.125 2 52.4306
      vertex 61.9053 -1.6 51.9
      vertex 62.125 -1.6 52.4306
    endloop
  endfacet
endsolid OpenSCAD_Model
