solid OpenSCAD_Model
  facet normal -1 0 0
    outer loop
      vertex 280.933 15.3314 23.8095
      vertex 280.933 15.1313 26.9841
      vertex 280.933 15.3416 25.3968
    endloop
  endfacet
  facet normal -1 0 0
    outer loop
      vertex 280.933 15.1004 22.2222
      vertex 280.933 15.1313 26.9841
      vertex 280.933 15.3314 23.8095
    endloop
  endfacet
  facet normal -1 0 0
    outer loop
      vertex 280.933 15.1004 22.2222
      vertex 280.933 14.7094 28.5714
      vertex 280.933 15.1313 26.9841
    endloop
  endfacet
  facet normal -1 0 0
    outer loop
      vertex 280.933 14.6572 20.6349
      vertex 280.933 14.7094 28.5714
      vertex 280.933 15.1004 22.2222
    endloop
  endfacet
  facet normal -1 0 0
    outer loop
      vertex 280.933 14.6572 20.6349
      vertex 280.933 14.0931 30.1587
      vertex 280.933 14.7094 28.5714
    endloop
  endfacet
  facet normal -1 0 0
    outer loop
      vertex 280.933 14.0192 19.0476
      vertex 280.933 14.0931 30.1587
      vertex 280.933 14.6572 20.6349
    endloop
  endfacet
  facet normal -1 0 0
    outer loop
      vertex 280.933 14.0192 19.0476
      vertex 280.933 13.3067 31.746
      vertex 280.933 14.0931 30.1587
    endloop
  endfacet
  facet normal -1 0 0
    outer loop
      vertex 280.933 13.2118 17.4603
      vertex 280.933 13.3067 31.746
      vertex 280.933 14.0192 19.0476
    endloop
  endfacet
  facet normal -1 0 0
    outer loop
      vertex 280.933 13.2118 17.4603
      vertex 280.933 12.381 33.3333
      vertex 280.933 13.3067 31.746
    endloop
  endfacet
  facet normal -1 0 0
    outer loop
      vertex 280.933 12.2675 15.873
      vertex 280.933 12.381 33.3333
      vertex 280.933 13.2118 17.4603
    endloop
  endfacet
  facet normal -1 0 0
    outer loop
      vertex 280.933 12.2675 15.873
      vertex 280.933 11.3514 34.9206
      vertex 280.933 12.381 33.3333
    endloop
  endfacet
  facet normal -1 0 0
    outer loop
      vertex 280.933 11.2252 14.2857
      vertex 280.933 11.3514 34.9206
      vertex 280.933 12.2675 15.873
    endloop
  endfacet
  facet normal -1 0 0
    outer loop
      vertex 280.933 11.2252 14.2857
      vertex 280.933 10.257 36.5079
      vertex 280.933 11.3514 34.9206
    endloop
  endfacet
  facet normal -1 0 0
    outer loop
      vertex 280.933 10.128 12.6984
      vertex 280.933 10.257 36.5079
      vertex 280.933 11.2252 14.2857
    endloop
  endfacet
  facet normal -1 0 0
    outer loop
      vertex 280.933 10.128 12.6984
      vertex 280.933 9.13858 38.0952
      vertex 280.933 10.257 36.5079
    endloop
  endfacet
  facet normal -1 0 0
    outer loop
      vertex 280.933 9.02171 11.1111
      vertex 280.933 9.13858 38.0952
      vertex 280.933 10.128 12.6984
    endloop
  endfacet
  facet normal -1 0 0
    outer loop
      vertex 280.933 9.02171 11.1111
      vertex 280.933 8.03699 39.6825
      vertex 280.933 9.13858 38.0952
    endloop
  endfacet
  facet normal -1 0 0
    outer loop
      vertex 280.933 7.95332 9.5238
      vertex 280.933 8.03699 39.6825
      vertex 280.933 9.02171 11.1111
    endloop
  endfacet
  facet normal -1 0 0
    outer loop
      vertex 280.933 7.95332 9.5238
      vertex 280.933 6.99185 41.2698
      vertex 280.933 8.03699 39.6825
    endloop
  endfacet
  facet normal -1 0 0
    outer loop
      vertex 280.933 6.96864 7.93649
      vertex 280.933 6.99185 41.2698
      vertex 280.933 7.95332 9.5238
    endloop
  endfacet
  facet normal -1 0 0
    outer loop
      vertex 280.933 0 0
      vertex 280.933 6.96864 7.93649
      vertex 280.933 6.1106 6.3492
    endloop
  endfacet
  facet normal -1 -0 0
    outer loop
      vertex 280.933 6.96864 7.93649
      vertex 280.933 0 0
      vertex 280.933 6.99185 41.2698
    endloop
  endfacet
  facet normal -1 0 0
    outer loop
      vertex 280.933 0 0
      vertex 280.933 6.1106 6.3492
      vertex 280.933 5.41727 4.7619
    endloop
  endfacet
  facet normal -1 -0 0
    outer loop
      vertex 280.933 6.99185 41.2698
      vertex 280.933 0 0
      vertex 280.933 6.03998 42.8571
    endloop
  endfacet
  facet normal -1 0 0
    outer loop
      vertex 280.933 0 0
      vertex 280.933 5.41727 4.7619
      vertex 280.933 4.92036 3.17459
    endloop
  endfacet
  facet normal -1 0 0
    outer loop
      vertex 280.933 0 0
      vertex 280.933 4.92036 3.17459
      vertex 280.933 4.64372 1.5873
    endloop
  endfacet
  facet normal -1 0 0
    outer loop
      vertex 280.933 0 0
      vertex 280.933 4.64372 1.5873
      vertex 280.933 4.6022 0
    endloop
  endfacet
  facet normal -1 -0 0
    outer loop
      vertex 280.933 6.03998 42.8571
      vertex 280.933 0 0
      vertex 280.933 5.214 44.4444
    endloop
  endfacet
  facet normal -1 -0 0
    outer loop
      vertex 280.933 5.214 44.4444
      vertex 280.933 0 0
      vertex 280.933 4.54141 46.0317
    endloop
  endfacet
  facet normal -1 -0 0
    outer loop
      vertex 280.933 4.54141 46.0317
      vertex 280.933 0 0
      vertex 280.933 4.04356 47.619
    endloop
  endfacet
  facet normal -1 -0 0
    outer loop
      vertex 280.933 4.04356 47.619
      vertex 280.933 0 0
      vertex 280.933 3.73521 49.2063
    endloop
  endfacet
  facet normal -1 -0 0
    outer loop
      vertex 280.933 3.73521 49.2063
      vertex 280.933 0 0
      vertex 280.933 3.62418 50.7936
    endloop
  endfacet
  facet normal -1 0 0
    outer loop
      vertex 280.933 0 100
      vertex 280.933 16.469 82.5397
      vertex 280.933 16.4359 80.9524
    endloop
  endfacet
  facet normal -1 0 0
    outer loop
      vertex 280.933 0 100
      vertex 280.933 16.4359 80.9524
      vertex 280.933 16.2805 79.3651
    endloop
  endfacet
  facet normal -1 0 0
    outer loop
      vertex 280.933 16.469 82.5397
      vertex 280.933 0 100
      vertex 280.933 16.388 84.127
    endloop
  endfacet
  facet normal -1 0 0
    outer loop
      vertex 280.933 0 100
      vertex 280.933 16.2805 79.3651
      vertex 280.933 15.9974 77.7778
    endloop
  endfacet
  facet normal -1 0 0
    outer loop
      vertex 280.933 16.388 84.127
      vertex 280.933 0 100
      vertex 280.933 16.2034 85.7143
    endloop
  endfacet
  facet normal -1 0 0
    outer loop
      vertex 280.933 0 100
      vertex 280.933 15.9974 77.7778
      vertex 280.933 15.5847 76.1905
    endloop
  endfacet
  facet normal -1 0 0
    outer loop
      vertex 280.933 16.2034 85.7143
      vertex 280.933 0 100
      vertex 280.933 15.9276 87.3016
    endloop
  endfacet
  facet normal -1 0 0
    outer loop
      vertex 280.933 15.9276 87.3016
      vertex 280.933 0 100
      vertex 280.933 15.5742 88.8889
    endloop
  endfacet
  facet normal -1 0 0
    outer loop
      vertex 280.933 0 100
      vertex 280.933 15.5847 76.1905
      vertex 280.933 15.044 74.6032
    endloop
  endfacet
  facet normal -1 0 0
    outer loop
      vertex 280.933 15.5742 88.8889
      vertex 280.933 0 100
      vertex 280.933 15.1573 90.4762
    endloop
  endfacet
  facet normal -1 0 0
    outer loop
      vertex 280.933 0 100
      vertex 280.933 15.044 74.6032
      vertex 280.933 14.3815 73.0159
    endloop
  endfacet
  facet normal -1 0 0
    outer loop
      vertex 280.933 15.1573 90.4762
      vertex 280.933 0 100
      vertex 280.933 14.6913 92.0635
    endloop
  endfacet
  facet normal -1 0 0
    outer loop
      vertex 280.933 14.6913 92.0635
      vertex 280.933 0 100
      vertex 280.933 14.19 93.6508
    endloop
  endfacet
  facet normal -1 0 0
    outer loop
      vertex 280.933 0 100
      vertex 280.933 14.3815 73.0159
      vertex 280.933 13.607 71.4286
    endloop
  endfacet
  facet normal -1 0 0
    outer loop
      vertex 280.933 14.19 93.6508
      vertex 280.933 0 100
      vertex 280.933 13.6669 95.2381
    endloop
  endfacet
  facet normal -1 0 0
    outer loop
      vertex 280.933 0 100
      vertex 280.933 13.607 71.4286
      vertex 280.933 12.735 69.8413
    endloop
  endfacet
  facet normal -1 0 0
    outer loop
      vertex 280.933 13.6669 95.2381
      vertex 280.933 0 100
      vertex 280.933 13.134 96.8254
    endloop
  endfacet
  facet normal -1 0 0
    outer loop
      vertex 280.933 13.134 96.8254
      vertex 280.933 0 100
      vertex 280.933 12.6023 98.4127
    endloop
  endfacet
  facet normal -1 0 0
    outer loop
      vertex 280.933 0 100
      vertex 280.933 12.735 69.8413
      vertex 280.933 11.7838 68.254
    endloop
  endfacet
  facet normal -1 0 0
    outer loop
      vertex 280.933 0 100
      vertex 280.933 11.7838 68.254
      vertex 280.933 10.7756 66.6667
    endloop
  endfacet
  facet normal -1 0 0
    outer loop
      vertex 280.933 0 100
      vertex 280.933 10.7756 66.6667
      vertex 280.933 9.73561 65.0794
    endloop
  endfacet
  facet normal -1 0 0
    outer loop
      vertex 280.933 0 100
      vertex 280.933 9.73561 65.0794
      vertex 280.933 8.69174 63.4921
    endloop
  endfacet
  facet normal -1 0 0
    outer loop
      vertex 280.933 0 100
      vertex 280.933 8.69174 63.4921
      vertex 280.933 7.67349 61.9048
    endloop
  endfacet
  facet normal -1 0 0
    outer loop
      vertex 280.933 0 100
      vertex 280.933 7.67349 61.9048
      vertex 280.933 6.71112 60.3175
    endloop
  endfacet
  facet normal -1 0 0
    outer loop
      vertex 280.933 0 100
      vertex 280.933 6.71112 60.3175
      vertex 280.933 5.83455 58.7301
    endloop
  endfacet
  facet normal -1 0 0
    outer loop
      vertex 280.933 0 100
      vertex 280.933 5.83455 58.7301
      vertex 280.933 5.07227 57.1429
    endloop
  endfacet
  facet normal -1 0 0
    outer loop
      vertex 280.933 0 100
      vertex 280.933 5.07227 57.1429
      vertex 280.933 4.45021 55.5555
    endloop
  endfacet
  facet normal -1 0 0
    outer loop
      vertex 280.933 0 100
      vertex 280.933 4.45021 55.5555
      vertex 280.933 3.99066 53.9682
    endloop
  endfacet
  facet normal -1 0 0
    outer loop
      vertex 280.933 0 100
      vertex 280.933 3.99066 53.9682
      vertex 280.933 3.71129 52.381
    endloop
  endfacet
  facet normal -1 0 0
    outer loop
      vertex 280.933 0 100
      vertex 280.933 3.62418 50.7936
      vertex 280.933 0 0
    endloop
  endfacet
  facet normal -1 0 0
    outer loop
      vertex 280.933 12.6023 98.4127
      vertex 280.933 0 100
      vertex 280.933 12.0814 100
    endloop
  endfacet
  facet normal -1 0 0
    outer loop
      vertex 280.933 3.62418 50.7936
      vertex 280.933 0 100
      vertex 280.933 3.71129 52.381
    endloop
  endfacet
  facet normal 1 0 0
    outer loop
      vertex 286.844 0 100
      vertex 286.844 16.469 82.5397
      vertex 286.844 16.388 84.127
    endloop
  endfacet
  facet normal 1 0 0
    outer loop
      vertex 286.844 16.469 82.5397
      vertex 286.844 0 100
      vertex 286.844 16.4359 80.9524
    endloop
  endfacet
  facet normal 1 0 0
    outer loop
      vertex 286.844 0 100
      vertex 286.844 16.388 84.127
      vertex 286.844 16.2034 85.7143
    endloop
  endfacet
  facet normal 1 0 0
    outer loop
      vertex 286.844 16.4359 80.9524
      vertex 286.844 0 100
      vertex 286.844 16.2805 79.3651
    endloop
  endfacet
  facet normal 1 0 0
    outer loop
      vertex 286.844 0 100
      vertex 286.844 16.2034 85.7143
      vertex 286.844 15.9276 87.3016
    endloop
  endfacet
  facet normal 1 0 0
    outer loop
      vertex 286.844 16.2805 79.3651
      vertex 286.844 0 100
      vertex 286.844 15.9974 77.7778
    endloop
  endfacet
  facet normal 1 0 0
    outer loop
      vertex 286.844 0 100
      vertex 286.844 15.9276 87.3016
      vertex 286.844 15.5742 88.8889
    endloop
  endfacet
  facet normal 1 0 0
    outer loop
      vertex 286.844 0 100
      vertex 286.844 15.5742 88.8889
      vertex 286.844 15.1573 90.4762
    endloop
  endfacet
  facet normal 1 0 0
    outer loop
      vertex 286.844 15.9974 77.7778
      vertex 286.844 0 100
      vertex 286.844 15.5847 76.1905
    endloop
  endfacet
  facet normal 1 0 0
    outer loop
      vertex 286.844 0 100
      vertex 286.844 15.1573 90.4762
      vertex 286.844 14.6913 92.0635
    endloop
  endfacet
  facet normal 1 0 0
    outer loop
      vertex 286.844 15.5847 76.1905
      vertex 286.844 0 100
      vertex 286.844 15.044 74.6032
    endloop
  endfacet
  facet normal 1 0 0
    outer loop
      vertex 286.844 0 100
      vertex 286.844 14.6913 92.0635
      vertex 286.844 14.19 93.6508
    endloop
  endfacet
  facet normal 1 0 0
    outer loop
      vertex 286.844 0 100
      vertex 286.844 14.19 93.6508
      vertex 286.844 13.6669 95.2381
    endloop
  endfacet
  facet normal 1 0 0
    outer loop
      vertex 286.844 15.044 74.6032
      vertex 286.844 0 100
      vertex 286.844 14.3815 73.0159
    endloop
  endfacet
  facet normal 1 0 0
    outer loop
      vertex 286.844 0 100
      vertex 286.844 13.6669 95.2381
      vertex 286.844 13.134 96.8254
    endloop
  endfacet
  facet normal 1 0 0
    outer loop
      vertex 286.844 14.3815 73.0159
      vertex 286.844 0 100
      vertex 286.844 13.607 71.4286
    endloop
  endfacet
  facet normal 1 0 0
    outer loop
      vertex 286.844 0 100
      vertex 286.844 13.134 96.8254
      vertex 286.844 12.6023 98.4127
    endloop
  endfacet
  facet normal 1 -0 0
    outer loop
      vertex 286.844 0 100
      vertex 286.844 12.6023 98.4127
      vertex 286.844 12.0814 100
    endloop
  endfacet
  facet normal 1 0 0
    outer loop
      vertex 286.844 13.607 71.4286
      vertex 286.844 0 100
      vertex 286.844 12.735 69.8413
    endloop
  endfacet
  facet normal 1 0 0
    outer loop
      vertex 286.844 12.735 69.8413
      vertex 286.844 0 100
      vertex 286.844 11.7838 68.254
    endloop
  endfacet
  facet normal 1 0 0
    outer loop
      vertex 286.844 11.7838 68.254
      vertex 286.844 0 100
      vertex 286.844 10.7756 66.6667
    endloop
  endfacet
  facet normal 1 0 0
    outer loop
      vertex 286.844 10.7756 66.6667
      vertex 286.844 0 100
      vertex 286.844 9.73561 65.0794
    endloop
  endfacet
  facet normal 1 0 0
    outer loop
      vertex 286.844 9.73561 65.0794
      vertex 286.844 0 100
      vertex 286.844 8.69174 63.4921
    endloop
  endfacet
  facet normal 1 0 0
    outer loop
      vertex 286.844 8.69174 63.4921
      vertex 286.844 0 100
      vertex 286.844 7.67349 61.9048
    endloop
  endfacet
  facet normal 1 0 0
    outer loop
      vertex 286.844 7.67349 61.9048
      vertex 286.844 0 100
      vertex 286.844 6.71112 60.3175
    endloop
  endfacet
  facet normal 1 0 0
    outer loop
      vertex 286.844 6.71112 60.3175
      vertex 286.844 0 100
      vertex 286.844 5.83455 58.7301
    endloop
  endfacet
  facet normal 1 0 0
    outer loop
      vertex 286.844 5.83455 58.7301
      vertex 286.844 0 100
      vertex 286.844 5.07227 57.1429
    endloop
  endfacet
  facet normal 1 0 0
    outer loop
      vertex 286.844 5.07227 57.1429
      vertex 286.844 0 100
      vertex 286.844 4.45021 55.5555
    endloop
  endfacet
  facet normal 1 0 0
    outer loop
      vertex 286.844 4.45021 55.5555
      vertex 286.844 0 100
      vertex 286.844 3.99066 53.9682
    endloop
  endfacet
  facet normal 1 0 0
    outer loop
      vertex 286.844 3.71129 52.381
      vertex 286.844 0 100
      vertex 286.844 3.62418 50.7936
    endloop
  endfacet
  facet normal 1 0 0
    outer loop
      vertex 286.844 3.99066 53.9682
      vertex 286.844 0 100
      vertex 286.844 3.71129 52.381
    endloop
  endfacet
  facet normal 1 0 0
    outer loop
      vertex 286.844 15.1313 26.9841
      vertex 286.844 15.3314 23.8095
      vertex 286.844 15.3416 25.3968
    endloop
  endfacet
  facet normal 1 0 0
    outer loop
      vertex 286.844 15.1313 26.9841
      vertex 286.844 15.1004 22.2222
      vertex 286.844 15.3314 23.8095
    endloop
  endfacet
  facet normal 1 0 0
    outer loop
      vertex 286.844 14.7094 28.5714
      vertex 286.844 15.1004 22.2222
      vertex 286.844 15.1313 26.9841
    endloop
  endfacet
  facet normal 1 0 0
    outer loop
      vertex 286.844 14.7094 28.5714
      vertex 286.844 14.6572 20.6349
      vertex 286.844 15.1004 22.2222
    endloop
  endfacet
  facet normal 1 0 0
    outer loop
      vertex 286.844 14.0931 30.1587
      vertex 286.844 14.6572 20.6349
      vertex 286.844 14.7094 28.5714
    endloop
  endfacet
  facet normal 1 0 0
    outer loop
      vertex 286.844 14.0931 30.1587
      vertex 286.844 14.0192 19.0476
      vertex 286.844 14.6572 20.6349
    endloop
  endfacet
  facet normal 1 0 0
    outer loop
      vertex 286.844 13.3067 31.746
      vertex 286.844 14.0192 19.0476
      vertex 286.844 14.0931 30.1587
    endloop
  endfacet
  facet normal 1 0 0
    outer loop
      vertex 286.844 13.3067 31.746
      vertex 286.844 13.2118 17.4603
      vertex 286.844 14.0192 19.0476
    endloop
  endfacet
  facet normal 1 0 0
    outer loop
      vertex 286.844 12.381 33.3333
      vertex 286.844 13.2118 17.4603
      vertex 286.844 13.3067 31.746
    endloop
  endfacet
  facet normal 1 0 0
    outer loop
      vertex 286.844 12.381 33.3333
      vertex 286.844 12.2675 15.873
      vertex 286.844 13.2118 17.4603
    endloop
  endfacet
  facet normal 1 0 0
    outer loop
      vertex 286.844 11.3514 34.9206
      vertex 286.844 12.2675 15.873
      vertex 286.844 12.381 33.3333
    endloop
  endfacet
  facet normal 1 0 0
    outer loop
      vertex 286.844 11.3514 34.9206
      vertex 286.844 11.2252 14.2857
      vertex 286.844 12.2675 15.873
    endloop
  endfacet
  facet normal 1 0 0
    outer loop
      vertex 286.844 10.257 36.5079
      vertex 286.844 11.2252 14.2857
      vertex 286.844 11.3514 34.9206
    endloop
  endfacet
  facet normal 1 0 0
    outer loop
      vertex 286.844 10.257 36.5079
      vertex 286.844 10.128 12.6984
      vertex 286.844 11.2252 14.2857
    endloop
  endfacet
  facet normal 1 0 0
    outer loop
      vertex 286.844 9.13858 38.0952
      vertex 286.844 10.128 12.6984
      vertex 286.844 10.257 36.5079
    endloop
  endfacet
  facet normal 1 0 0
    outer loop
      vertex 286.844 9.13858 38.0952
      vertex 286.844 9.02171 11.1111
      vertex 286.844 10.128 12.6984
    endloop
  endfacet
  facet normal 1 0 0
    outer loop
      vertex 286.844 8.03699 39.6825
      vertex 286.844 9.02171 11.1111
      vertex 286.844 9.13858 38.0952
    endloop
  endfacet
  facet normal 1 0 0
    outer loop
      vertex 286.844 8.03699 39.6825
      vertex 286.844 7.95332 9.5238
      vertex 286.844 9.02171 11.1111
    endloop
  endfacet
  facet normal 1 0 0
    outer loop
      vertex 286.844 6.99185 41.2698
      vertex 286.844 7.95332 9.5238
      vertex 286.844 8.03699 39.6825
    endloop
  endfacet
  facet normal 1 0 0
    outer loop
      vertex 286.844 6.99185 41.2698
      vertex 286.844 6.96864 7.93649
      vertex 286.844 7.95332 9.5238
    endloop
  endfacet
  facet normal 1 0 0
    outer loop
      vertex 286.844 0 0
      vertex 286.844 6.96864 7.93649
      vertex 286.844 6.99185 41.2698
    endloop
  endfacet
  facet normal 1 0 0
    outer loop
      vertex 286.844 0 0
      vertex 286.844 6.99185 41.2698
      vertex 286.844 6.03998 42.8571
    endloop
  endfacet
  facet normal 1 0 0
    outer loop
      vertex 286.844 6.96864 7.93649
      vertex 286.844 0 0
      vertex 286.844 6.1106 6.3492
    endloop
  endfacet
  facet normal 1 0 0
    outer loop
      vertex 286.844 0 0
      vertex 286.844 6.03998 42.8571
      vertex 286.844 5.214 44.4444
    endloop
  endfacet
  facet normal 1 0 0
    outer loop
      vertex 286.844 6.1106 6.3492
      vertex 286.844 0 0
      vertex 286.844 5.41727 4.7619
    endloop
  endfacet
  facet normal 1 0 0
    outer loop
      vertex 286.844 5.41727 4.7619
      vertex 286.844 0 0
      vertex 286.844 4.92036 3.17459
    endloop
  endfacet
  facet normal 1 0 0
    outer loop
      vertex 286.844 4.92036 3.17459
      vertex 286.844 0 0
      vertex 286.844 4.64372 1.5873
    endloop
  endfacet
  facet normal 1 0 0
    outer loop
      vertex 286.844 0 0
      vertex 286.844 5.214 44.4444
      vertex 286.844 4.54141 46.0317
    endloop
  endfacet
  facet normal 1 0 0
    outer loop
      vertex 286.844 0 0
      vertex 286.844 4.54141 46.0317
      vertex 286.844 4.04356 47.619
    endloop
  endfacet
  facet normal 1 0 0
    outer loop
      vertex 286.844 0 0
      vertex 286.844 4.04356 47.619
      vertex 286.844 3.73521 49.2063
    endloop
  endfacet
  facet normal 1 0 0
    outer loop
      vertex 286.844 0 0
      vertex 286.844 3.73521 49.2063
      vertex 286.844 3.62418 50.7936
    endloop
  endfacet
  facet normal 1 0 0
    outer loop
      vertex 286.844 0 0
      vertex 286.844 3.62418 50.7936
      vertex 286.844 0 100
    endloop
  endfacet
  facet normal 1 0 0
    outer loop
      vertex 286.844 4.64372 1.5873
      vertex 286.844 0 0
      vertex 286.844 4.6022 0
    endloop
  endfacet
  facet normal 0 0.98515 -0.171696
    outer loop
      vertex 286.844 4.64372 1.5873
      vertex 280.933 4.92036 3.17459
      vertex 286.844 4.92036 3.17459
    endloop
  endfacet
  facet normal 0 0.98515 -0.171696
    outer loop
      vertex 280.933 4.92036 3.17459
      vertex 286.844 4.64372 1.5873
      vertex 280.933 4.64372 1.5873
    endloop
  endfacet
  facet normal 0 0.95433 -0.298755
    outer loop
      vertex 286.844 4.92036 3.17459
      vertex 280.933 5.41727 4.7619
      vertex 286.844 5.41727 4.7619
    endloop
  endfacet
  facet normal 0 0.95433 -0.298755
    outer loop
      vertex 280.933 5.41727 4.7619
      vertex 286.844 4.92036 3.17459
      vertex 280.933 4.92036 3.17459
    endloop
  endfacet
  facet normal 0 0.916393 -0.400279
    outer loop
      vertex 286.844 5.41727 4.7619
      vertex 280.933 6.1106 6.3492
      vertex 286.844 6.1106 6.3492
    endloop
  endfacet
  facet normal 0 0.916393 -0.400279
    outer loop
      vertex 280.933 6.1106 6.3492
      vertex 286.844 5.41727 4.7619
      vertex 280.933 5.41727 4.7619
    endloop
  endfacet
  facet normal 0 0.879696 -0.475537
    outer loop
      vertex 286.844 6.1106 6.3492
      vertex 280.933 6.96864 7.93649
      vertex 286.844 6.96864 7.93649
    endloop
  endfacet
  facet normal 0 0.879696 -0.475537
    outer loop
      vertex 280.933 6.96864 7.93649
      vertex 286.844 6.1106 6.3492
      vertex 280.933 6.1106 6.3492
    endloop
  endfacet
  facet normal 0 0.849771 -0.527151
    outer loop
      vertex 286.844 6.96864 7.93649
      vertex 280.933 7.95332 9.5238
      vertex 286.844 7.95332 9.5238
    endloop
  endfacet
  facet normal 0 0.849771 -0.527151
    outer loop
      vertex 280.933 7.95332 9.5238
      vertex 286.844 6.96864 7.93649
      vertex 280.933 6.96864 7.93649
    endloop
  endfacet
  facet normal 0 0.829584 -0.558382
    outer loop
      vertex 286.844 7.95332 9.5238
      vertex 280.933 9.02171 11.1111
      vertex 286.844 9.02171 11.1111
    endloop
  endfacet
  facet normal 0 0.829584 -0.558382
    outer loop
      vertex 280.933 9.02171 11.1111
      vertex 286.844 7.95332 9.5238
      vertex 280.933 7.95332 9.5238
    endloop
  endfacet
  facet normal 0 0.820401 -0.571789
    outer loop
      vertex 286.844 9.02171 11.1111
      vertex 280.933 10.128 12.6984
      vertex 286.844 10.128 12.6984
    endloop
  endfacet
  facet normal 0 0.820401 -0.571789
    outer loop
      vertex 280.933 10.128 12.6984
      vertex 286.844 9.02171 11.1111
      vertex 280.933 9.02171 11.1111
    endloop
  endfacet
  facet normal 0 0.822604 -0.568614
    outer loop
      vertex 286.844 10.128 12.6984
      vertex 280.933 11.2252 14.2857
      vertex 286.844 11.2252 14.2857
    endloop
  endfacet
  facet normal 0 0.822604 -0.568614
    outer loop
      vertex 280.933 11.2252 14.2857
      vertex 286.844 10.128 12.6984
      vertex 280.933 10.128 12.6984
    endloop
  endfacet
  facet normal 0 0.835895 -0.54889
    outer loop
      vertex 286.844 11.2252 14.2857
      vertex 280.933 12.2675 15.873
      vertex 286.844 12.2675 15.873
    endloop
  endfacet
  facet normal 0 0.835895 -0.54889
    outer loop
      vertex 280.933 12.2675 15.873
      vertex 286.844 11.2252 14.2857
      vertex 280.933 11.2252 14.2857
    endloop
  endfacet
  facet normal 0 0.859417 -0.511275
    outer loop
      vertex 286.844 12.2675 15.873
      vertex 280.933 13.2118 17.4603
      vertex 286.844 13.2118 17.4603
    endloop
  endfacet
  facet normal 0 0.859417 -0.511275
    outer loop
      vertex 280.933 13.2118 17.4603
      vertex 286.844 12.2675 15.873
      vertex 280.933 12.2675 15.873
    endloop
  endfacet
  facet normal 0 0.891317 -0.45338
    outer loop
      vertex 286.844 13.2118 17.4603
      vertex 280.933 14.0192 19.0476
      vertex 286.844 14.0192 19.0476
    endloop
  endfacet
  facet normal 0 0.891317 -0.45338
    outer loop
      vertex 280.933 14.0192 19.0476
      vertex 286.844 13.2118 17.4603
      vertex 280.933 13.2118 17.4603
    endloop
  endfacet
  facet normal 0 0.927855 -0.372942
    outer loop
      vertex 286.844 14.0192 19.0476
      vertex 280.933 14.6572 20.6349
      vertex 286.844 14.6572 20.6349
    endloop
  endfacet
  facet normal 0 0.927855 -0.372942
    outer loop
      vertex 280.933 14.6572 20.6349
      vertex 286.844 14.0192 19.0476
      vertex 280.933 14.0192 19.0476
    endloop
  endfacet
  facet normal 0 0.96316 -0.26893
    outer loop
      vertex 286.844 14.6572 20.6349
      vertex 280.933 15.1004 22.2222
      vertex 286.844 15.1004 22.2222
    endloop
  endfacet
  facet normal 0 0.96316 -0.26893
    outer loop
      vertex 280.933 15.1004 22.2222
      vertex 286.844 14.6572 20.6349
      vertex 280.933 14.6572 20.6349
    endloop
  endfacet
  facet normal 0 0.989576 -0.144013
    outer loop
      vertex 286.844 15.1004 22.2222
      vertex 280.933 15.3314 23.8095
      vertex 286.844 15.3314 23.8095
    endloop
  endfacet
  facet normal 0 0.989576 -0.144013
    outer loop
      vertex 280.933 15.3314 23.8095
      vertex 286.844 15.1004 22.2222
      vertex 280.933 15.1004 22.2222
    endloop
  endfacet
  facet normal 0 0.999979 -0.00642587
    outer loop
      vertex 286.844 15.3314 23.8095
      vertex 280.933 15.3416 25.3968
      vertex 286.844 15.3416 25.3968
    endloop
  endfacet
  facet normal 0 0.999979 -0.00642587
    outer loop
      vertex 280.933 15.3416 25.3968
      vertex 286.844 15.3314 23.8095
      vertex 280.933 15.3314 23.8095
    endloop
  endfacet
  facet normal 0 0.991337 0.131341
    outer loop
      vertex 286.844 15.3416 25.3968
      vertex 280.933 15.1313 26.9841
      vertex 286.844 15.1313 26.9841
    endloop
  endfacet
  facet normal 0 0.991337 0.131341
    outer loop
      vertex 280.933 15.1313 26.9841
      vertex 286.844 15.3416 25.3968
      vertex 280.933 15.3416 25.3968
    endloop
  endfacet
  facet normal 0 0.966444 0.256878
    outer loop
      vertex 286.844 15.1313 26.9841
      vertex 280.933 14.7094 28.5714
      vertex 286.844 14.7094 28.5714
    endloop
  endfacet
  facet normal 0 0.966444 0.256878
    outer loop
      vertex 280.933 14.7094 28.5714
      vertex 286.844 15.1313 26.9841
      vertex 280.933 15.1313 26.9841
    endloop
  endfacet
  facet normal 0 0.9322 0.361945
    outer loop
      vertex 286.844 14.7094 28.5714
      vertex 280.933 14.0931 30.1587
      vertex 286.844 14.0931 30.1587
    endloop
  endfacet
  facet normal 0 0.9322 0.361945
    outer loop
      vertex 280.933 14.0931 30.1587
      vertex 286.844 14.7094 28.5714
      vertex 280.933 14.7094 28.5714
    endloop
  endfacet
  facet normal 0 0.896058 0.443936
    outer loop
      vertex 286.844 14.0931 30.1587
      vertex 280.933 13.3067 31.746
      vertex 286.844 13.3067 31.746
    endloop
  endfacet
  facet normal 0 0.896058 0.443936
    outer loop
      vertex 280.933 13.3067 31.746
      vertex 286.844 14.0931 30.1587
      vertex 280.933 14.0931 30.1587
    endloop
  endfacet
  facet normal 0 0.863832 0.50378
    outer loop
      vertex 286.844 13.3067 31.746
      vertex 280.933 12.381 33.3333
      vertex 286.844 12.381 33.3333
    endloop
  endfacet
  facet normal 0 0.863832 0.50378
    outer loop
      vertex 280.933 12.381 33.3333
      vertex 286.844 13.3067 31.746
      vertex 280.933 13.3067 31.746
    endloop
  endfacet
  facet normal 0 0.838961 0.544191
    outer loop
      vertex 286.844 12.381 33.3333
      vertex 280.933 11.3514 34.9206
      vertex 286.844 11.3514 34.9206
    endloop
  endfacet
  facet normal 0 0.838961 0.544191
    outer loop
      vertex 280.933 11.3514 34.9206
      vertex 286.844 12.381 33.3333
      vertex 280.933 12.381 33.3333
    endloop
  endfacet
  facet normal 0 0.823283 0.567631
    outer loop
      vertex 286.844 11.3514 34.9206
      vertex 280.933 10.257 36.5079
      vertex 286.844 10.257 36.5079
    endloop
  endfacet
  facet normal 0 0.823283 0.567631
    outer loop
      vertex 280.933 10.257 36.5079
      vertex 286.844 11.3514 34.9206
      vertex 280.933 11.3514 34.9206
    endloop
  endfacet
  facet normal 0 0.817459 0.575986
    outer loop
      vertex 286.844 10.257 36.5079
      vertex 280.933 9.13858 38.0952
      vertex 286.844 9.13858 38.0952
    endloop
  endfacet
  facet normal 0 0.817459 0.575986
    outer loop
      vertex 280.933 9.13858 38.0952
      vertex 286.844 10.257 36.5079
      vertex 280.933 10.257 36.5079
    endloop
  endfacet
  facet normal 0 0.82154 0.570151
    outer loop
      vertex 286.844 9.13858 38.0952
      vertex 280.933 8.03699 39.6825
      vertex 286.844 8.03699 39.6825
    endloop
  endfacet
  facet normal 0 0.82154 0.570151
    outer loop
      vertex 280.933 8.03699 39.6825
      vertex 286.844 9.13858 38.0952
      vertex 280.933 9.13858 38.0952
    endloop
  endfacet
  facet normal 0 0.835208 0.549934
    outer loop
      vertex 286.844 8.03699 39.6825
      vertex 280.933 6.99185 41.2698
      vertex 286.844 6.99185 41.2698
    endloop
  endfacet
  facet normal 0 0.835208 0.549934
    outer loop
      vertex 280.933 6.99185 41.2698
      vertex 286.844 8.03699 39.6825
      vertex 280.933 8.03699 39.6825
    endloop
  endfacet
  facet normal 0 0.857614 0.514293
    outer loop
      vertex 286.844 6.99185 41.2698
      vertex 280.933 6.03998 42.8571
      vertex 286.844 6.03998 42.8571
    endloop
  endfacet
  facet normal 0 0.857614 0.514293
    outer loop
      vertex 280.933 6.03998 42.8571
      vertex 286.844 6.99185 41.2698
      vertex 280.933 6.99185 41.2698
    endloop
  endfacet
  facet normal 0 0.887083 0.46161
    outer loop
      vertex 286.844 6.03998 42.8571
      vertex 280.933 5.214 44.4444
      vertex 286.844 5.214 44.4444
    endloop
  endfacet
  facet normal 0 0.887083 0.46161
    outer loop
      vertex 280.933 5.214 44.4444
      vertex 286.844 6.03998 42.8571
      vertex 280.933 6.03998 42.8571
    endloop
  endfacet
  facet normal 0 0.920751 0.390152
    outer loop
      vertex 286.844 5.214 44.4444
      vertex 280.933 4.54141 46.0317
      vertex 286.844 4.54141 46.0317
    endloop
  endfacet
  facet normal 0 0.920751 0.390152
    outer loop
      vertex 280.933 4.54141 46.0317
      vertex 286.844 5.214 44.4444
      vertex 280.933 5.214 44.4444
    endloop
  endfacet
  facet normal 0 0.954168 0.299271
    outer loop
      vertex 286.844 4.54141 46.0317
      vertex 280.933 4.04356 47.619
      vertex 286.844 4.04356 47.619
    endloop
  endfacet
  facet normal 0 0.954168 0.299271
    outer loop
      vertex 280.933 4.04356 47.619
      vertex 286.844 4.54141 46.0317
      vertex 280.933 4.54141 46.0317
    endloop
  endfacet
  facet normal 0 0.981649 0.190696
    outer loop
      vertex 286.844 4.04356 47.619
      vertex 280.933 3.73521 49.2063
      vertex 286.844 3.73521 49.2063
    endloop
  endfacet
  facet normal 0 0.981649 0.190696
    outer loop
      vertex 280.933 3.73521 49.2063
      vertex 286.844 4.04356 47.619
      vertex 280.933 4.04356 47.619
    endloop
  endfacet
  facet normal 0 0.997563 0.0697785
    outer loop
      vertex 286.844 3.73521 49.2063
      vertex 280.933 3.62418 50.7936
      vertex 286.844 3.62418 50.7936
    endloop
  endfacet
  facet normal 0 0.997563 0.0697785
    outer loop
      vertex 280.933 3.62418 50.7936
      vertex 286.844 3.73521 49.2063
      vertex 280.933 3.73521 49.2063
    endloop
  endfacet
  facet normal 0 0.998498 -0.0547935
    outer loop
      vertex 286.844 3.62418 50.7936
      vertex 280.933 3.71129 52.381
      vertex 286.844 3.71129 52.381
    endloop
  endfacet
  facet normal 0 0.998498 -0.0547935
    outer loop
      vertex 280.933 3.71129 52.381
      vertex 286.844 3.62418 50.7936
      vertex 280.933 3.62418 50.7936
    endloop
  endfacet
  facet normal 0 0.98486 -0.17335
    outer loop
      vertex 286.844 3.71129 52.381
      vertex 280.933 3.99066 53.9682
      vertex 286.844 3.99066 53.9682
    endloop
  endfacet
  facet normal 0 0.98486 -0.17335
    outer loop
      vertex 280.933 3.99066 53.9682
      vertex 286.844 3.71129 52.381
      vertex 280.933 3.71129 52.381
    endloop
  endfacet
  facet normal 0 0.960553 -0.278096
    outer loop
      vertex 286.844 3.99066 53.9682
      vertex 280.933 4.45021 55.5555
      vertex 286.844 4.45021 55.5555
    endloop
  endfacet
  facet normal 0 0.960553 -0.278096
    outer loop
      vertex 280.933 4.45021 55.5555
      vertex 286.844 3.99066 53.9682
      vertex 280.933 3.99066 53.9682
    endloop
  endfacet
  facet normal 0 0.931063 -0.364859
    outer loop
      vertex 286.844 4.45021 55.5555
      vertex 280.933 5.07227 57.1429
      vertex 286.844 5.07227 57.1429
    endloop
  endfacet
  facet normal 0 0.931063 -0.364859
    outer loop
      vertex 280.933 5.07227 57.1429
      vertex 286.844 4.45021 55.5555
      vertex 280.933 4.45021 55.5555
    endloop
  endfacet
  facet normal 0 0.901429 -0.432927
    outer loop
      vertex 286.844 5.07227 57.1429
      vertex 280.933 5.83455 58.7301
      vertex 286.844 5.83455 58.7301
    endloop
  endfacet
  facet normal 0 0.901429 -0.432927
    outer loop
      vertex 280.933 5.83455 58.7301
      vertex 286.844 5.07227 57.1429
      vertex 280.933 5.07227 57.1429
    endloop
  endfacet
  facet normal 0 0.8754 -0.4834
    outer loop
      vertex 286.844 5.83455 58.7301
      vertex 280.933 6.71112 60.3175
      vertex 286.844 6.71112 60.3175
    endloop
  endfacet
  facet normal 0 0.8754 -0.4834
    outer loop
      vertex 280.933 6.71112 60.3175
      vertex 286.844 5.83455 58.7301
      vertex 280.933 5.83455 58.7301
    endloop
  endfacet
  facet normal 0 0.855109 -0.518447
    outer loop
      vertex 286.844 6.71112 60.3175
      vertex 280.933 7.67349 61.9048
      vertex 286.844 7.67349 61.9048
    endloop
  endfacet
  facet normal 0 0.855109 -0.518447
    outer loop
      vertex 280.933 7.67349 61.9048
      vertex 286.844 6.71112 60.3175
      vertex 280.933 6.71112 60.3175
    endloop
  endfacet
  facet normal 0 0.841698 -0.539948
    outer loop
      vertex 286.844 7.67349 61.9048
      vertex 280.933 8.69174 63.4921
      vertex 286.844 8.69174 63.4921
    endloop
  endfacet
  facet normal 0 0.841698 -0.539948
    outer loop
      vertex 280.933 8.69174 63.4921
      vertex 286.844 7.67349 61.9048
      vertex 280.933 7.67349 61.9048
    endloop
  endfacet
  facet normal 0 0.835515 -0.549467
    outer loop
      vertex 286.844 8.69174 63.4921
      vertex 280.933 9.73561 65.0794
      vertex 286.844 9.73561 65.0794
    endloop
  endfacet
  facet normal 0 0.835515 -0.549467
    outer loop
      vertex 280.933 9.73561 65.0794
      vertex 286.844 8.69174 63.4921
      vertex 280.933 8.69174 63.4921
    endloop
  endfacet
  facet normal 0 0.836453 -0.548039
    outer loop
      vertex 286.844 9.73561 65.0794
      vertex 280.933 10.7756 66.6667
      vertex 286.844 10.7756 66.6667
    endloop
  endfacet
  facet normal 0 0.836453 -0.548039
    outer loop
      vertex 280.933 10.7756 66.6667
      vertex 286.844 9.73561 65.0794
      vertex 280.933 9.73561 65.0794
    endloop
  endfacet
  facet normal 0 0.844119 -0.536156
    outer loop
      vertex 286.844 10.7756 66.6667
      vertex 280.933 11.7838 68.254
      vertex 286.844 11.7838 68.254
    endloop
  endfacet
  facet normal 0 0.844119 -0.536156
    outer loop
      vertex 280.933 11.7838 68.254
      vertex 286.844 10.7756 66.6667
      vertex 280.933 10.7756 66.6667
    endloop
  endfacet
  facet normal 0 0.857774 -0.514027
    outer loop
      vertex 286.844 11.7838 68.254
      vertex 280.933 12.735 69.8413
      vertex 286.844 12.735 69.8413
    endloop
  endfacet
  facet normal 0 0.857774 -0.514027
    outer loop
      vertex 280.933 12.735 69.8413
      vertex 286.844 11.7838 68.254
      vertex 280.933 11.7838 68.254
    endloop
  endfacet
  facet normal 0 0.876452 -0.481488
    outer loop
      vertex 286.844 12.735 69.8413
      vertex 280.933 13.607 71.4286
      vertex 286.844 13.607 71.4286
    endloop
  endfacet
  facet normal 0 0.876452 -0.481488
    outer loop
      vertex 280.933 13.607 71.4286
      vertex 286.844 12.735 69.8413
      vertex 280.933 12.735 69.8413
    endloop
  endfacet
  facet normal 0 0.898722 -0.438518
    outer loop
      vertex 286.844 13.607 71.4286
      vertex 280.933 14.3815 73.0159
      vertex 286.844 14.3815 73.0159
    endloop
  endfacet
  facet normal 0 0.898722 -0.438518
    outer loop
      vertex 280.933 14.3815 73.0159
      vertex 286.844 13.607 71.4286
      vertex 280.933 13.607 71.4286
    endloop
  endfacet
  facet normal 0 0.922845 -0.385173
    outer loop
      vertex 286.844 14.3815 73.0159
      vertex 280.933 15.044 74.6032
      vertex 286.844 15.044 74.6032
    endloop
  endfacet
  facet normal 0 0.922845 -0.385173
    outer loop
      vertex 280.933 15.044 74.6032
      vertex 286.844 14.3815 73.0159
      vertex 280.933 14.3815 73.0159
    endloop
  endfacet
  facet normal 0 0.946588 -0.322447
    outer loop
      vertex 286.844 15.044 74.6032
      vertex 280.933 15.5847 76.1905
      vertex 286.844 15.5847 76.1905
    endloop
  endfacet
  facet normal 0 0.946588 -0.322447
    outer loop
      vertex 280.933 15.5847 76.1905
      vertex 286.844 15.044 74.6032
      vertex 280.933 15.044 74.6032
    endloop
  endfacet
  facet normal 0 0.967822 -0.251635
    outer loop
      vertex 286.844 15.5847 76.1905
      vertex 280.933 15.9974 77.7778
      vertex 286.844 15.9974 77.7778
    endloop
  endfacet
  facet normal 0 0.967822 -0.251635
    outer loop
      vertex 280.933 15.9974 77.7778
      vertex 286.844 15.5847 76.1905
      vertex 280.933 15.5847 76.1905
    endloop
  endfacet
  facet normal 0 0.984465 -0.175582
    outer loop
      vertex 286.844 15.9974 77.7778
      vertex 280.933 16.2805 79.3651
      vertex 286.844 16.2805 79.3651
    endloop
  endfacet
  facet normal 0 0.984465 -0.175582
    outer loop
      vertex 280.933 16.2805 79.3651
      vertex 286.844 15.9974 77.7778
      vertex 280.933 15.9974 77.7778
    endloop
  endfacet
  facet normal 0 0.995242 -0.0974363
    outer loop
      vertex 286.844 16.2805 79.3651
      vertex 280.933 16.4359 80.9524
      vertex 286.844 16.4359 80.9524
    endloop
  endfacet
  facet normal 0 0.995242 -0.0974363
    outer loop
      vertex 280.933 16.4359 80.9524
      vertex 286.844 16.2805 79.3651
      vertex 280.933 16.2805 79.3651
    endloop
  endfacet
  facet normal 0 0.999783 -0.0208485
    outer loop
      vertex 286.844 16.4359 80.9524
      vertex 280.933 16.469 82.5397
      vertex 286.844 16.469 82.5397
    endloop
  endfacet
  facet normal 0 0.999783 -0.0208485
    outer loop
      vertex 280.933 16.469 82.5397
      vertex 286.844 16.4359 80.9524
      vertex 280.933 16.4359 80.9524
    endloop
  endfacet
  facet normal 0 0.998701 0.0509637
    outer loop
      vertex 286.844 16.469 82.5397
      vertex 280.933 16.388 84.127
      vertex 286.844 16.388 84.127
    endloop
  endfacet
  facet normal 0 0.998701 0.0509637
    outer loop
      vertex 280.933 16.388 84.127
      vertex 286.844 16.469 82.5397
      vertex 280.933 16.469 82.5397
    endloop
  endfacet
  facet normal 0 0.993305 0.11552
    outer loop
      vertex 286.844 16.388 84.127
      vertex 280.933 16.2034 85.7143
      vertex 286.844 16.2034 85.7143
    endloop
  endfacet
  facet normal 0 0.993305 0.11552
    outer loop
      vertex 280.933 16.2034 85.7143
      vertex 286.844 16.388 84.127
      vertex 280.933 16.388 84.127
    endloop
  endfacet
  facet normal 0 0.985238 0.171189
    outer loop
      vertex 286.844 16.2034 85.7143
      vertex 280.933 15.9276 87.3016
      vertex 286.844 15.9276 87.3016
    endloop
  endfacet
  facet normal 0 0.985238 0.171189
    outer loop
      vertex 280.933 15.9276 87.3016
      vertex 286.844 16.2034 85.7143
      vertex 280.933 16.2034 85.7143
    endloop
  endfacet
  facet normal 0 0.9761 0.217321
    outer loop
      vertex 286.844 15.9276 87.3016
      vertex 280.933 15.5742 88.8889
      vertex 286.844 15.5742 88.8889
    endloop
  endfacet
  facet normal 0 0.9761 0.217321
    outer loop
      vertex 280.933 15.5742 88.8889
      vertex 286.844 15.9276 87.3016
      vertex 280.933 15.9276 87.3016
    endloop
  endfacet
  facet normal 0 0.967196 0.254031
    outer loop
      vertex 286.844 15.5742 88.8889
      vertex 280.933 15.1573 90.4762
      vertex 286.844 15.1573 90.4762
    endloop
  endfacet
  facet normal 0 0.967196 0.254031
    outer loop
      vertex 280.933 15.1573 90.4762
      vertex 286.844 15.5742 88.8889
      vertex 280.933 15.5742 88.8889
    endloop
  endfacet
  facet normal 0 0.959505 0.281692
    outer loop
      vertex 286.844 15.1573 90.4762
      vertex 280.933 14.6913 92.0635
      vertex 286.844 14.6913 92.0635
    endloop
  endfacet
  facet normal 0 0.959505 0.281692
    outer loop
      vertex 280.933 14.6913 92.0635
      vertex 286.844 15.1573 90.4762
      vertex 280.933 15.1573 90.4762
    endloop
  endfacet
  facet normal 0 0.953574 0.301157
    outer loop
      vertex 286.844 14.6913 92.0635
      vertex 280.933 14.19 93.6508
      vertex 286.844 14.19 93.6508
    endloop
  endfacet
  facet normal 0 0.953574 0.301157
    outer loop
      vertex 280.933 14.19 93.6508
      vertex 286.844 14.6913 92.0635
      vertex 280.933 14.6913 92.0635
    endloop
  endfacet
  facet normal 0 0.949755 0.312995
    outer loop
      vertex 286.844 14.19 93.6508
      vertex 280.933 13.6669 95.2381
      vertex 286.844 13.6669 95.2381
    endloop
  endfacet
  facet normal 0 0.949755 0.312995
    outer loop
      vertex 280.933 13.6669 95.2381
      vertex 286.844 14.19 93.6508
      vertex 280.933 14.19 93.6508
    endloop
  endfacet
  facet normal 0 0.948 0.31827
    outer loop
      vertex 286.844 13.6669 95.2381
      vertex 280.933 13.134 96.8254
      vertex 286.844 13.134 96.8254
    endloop
  endfacet
  facet normal 0 0.948 0.31827
    outer loop
      vertex 280.933 13.134 96.8254
      vertex 286.844 13.6669 95.2381
      vertex 280.933 13.6669 95.2381
    endloop
  endfacet
  facet normal 0 0.948216 0.317625
    outer loop
      vertex 286.844 13.134 96.8254
      vertex 280.933 12.6023 98.4127
      vertex 286.844 12.6023 98.4127
    endloop
  endfacet
  facet normal 0 0.948216 0.317625
    outer loop
      vertex 280.933 12.6023 98.4127
      vertex 286.844 13.134 96.8254
      vertex 280.933 13.134 96.8254
    endloop
  endfacet
  facet normal 0 0.950146 0.311807
    outer loop
      vertex 286.844 12.6023 98.4127
      vertex 280.933 12.0814 100
      vertex 286.844 12.0814 100
    endloop
  endfacet
  facet normal 0 0.950146 0.311807
    outer loop
      vertex 280.933 12.0814 100
      vertex 286.844 12.6023 98.4127
      vertex 280.933 12.6023 98.4127
    endloop
  endfacet
  facet normal 0 0 1
    outer loop
      vertex 286.844 12.0814 100
      vertex 280.933 12.0814 100
      vertex 286.844 0 100
    endloop
  endfacet
  facet normal 0 0 1
    outer loop
      vertex 294.622 7.45314 100
      vertex 288.711 7.45314 100
      vertex 294.622 0 100
    endloop
  endfacet
  facet normal 0 0 1
    outer loop
      vertex 302.4 6.13974 100
      vertex 296.489 6.13974 100
      vertex 302.4 0 100
    endloop
  endfacet
  facet normal 0 0 1
    outer loop
      vertex 310.178 9.15866 100
      vertex 304.267 9.15866 100
      vertex 310.178 0 100
    endloop
  endfacet
  facet normal 0 0 1
    outer loop
      vertex 317.956 13.845 100
      vertex 312.044 13.845 100
      vertex 317.956 0 100
    endloop
  endfacet
  facet normal 0 0 1
    outer loop
      vertex 325.733 16.7261 100
      vertex 319.822 16.7261 100
      vertex 325.733 0 100
    endloop
  endfacet
  facet normal 0 0 1
    outer loop
      vertex 333.511 17.2545 100
      vertex 327.6 17.2545 100
      vertex 333.511 0 100
    endloop
  endfacet
  facet normal 0 0 1
    outer loop
      vertex 341.289 17.573 100
      vertex 335.378 17.573 100
      vertex 341.289 0 100
    endloop
  endfacet
  facet normal 0 0 1
    outer loop
      vertex 343.156 0 100
      vertex 349.067 0 100
      vertex 349.067 16.7357 100
    endloop
  endfacet
  facet normal 0 0 1
    outer loop
      vertex 343.156 0 100
      vertex 349.067 16.7357 100
      vertex 343.156 16.7357 100
    endloop
  endfacet
  facet normal 0 0 1
    outer loop
      vertex 349.067 0 100
      vertex 343.156 0 100
      vertex 345.9 -0.839999 100
    endloop
  endfacet
  facet normal 0 0 1
    outer loop
      vertex 345.9 -0.839999 100
      vertex 343.156 0 100
      vertex 345.9 -2.4 100
    endloop
  endfacet
  facet normal -0 0 1
    outer loop
      vertex 341.289 0 100
      vertex 345.9 -2.4 100
      vertex 343.156 0 100
    endloop
  endfacet
  facet normal 0 0 1
    outer loop
      vertex 335.378 0 100
      vertex 341.289 0 100
      vertex 335.378 17.573 100
    endloop
  endfacet
  facet normal -0 0 1
    outer loop
      vertex 335.378 0 100
      vertex 345.9 -2.4 100
      vertex 341.289 0 100
    endloop
  endfacet
  facet normal -0 0 1
    outer loop
      vertex 333.511 0 100
      vertex 345.9 -2.4 100
      vertex 335.378 0 100
    endloop
  endfacet
  facet normal 0 0 1
    outer loop
      vertex 327.6 0 100
      vertex 333.511 0 100
      vertex 327.6 17.2545 100
    endloop
  endfacet
  facet normal -0 0 1
    outer loop
      vertex 327.6 0 100
      vertex 345.9 -2.4 100
      vertex 333.511 0 100
    endloop
  endfacet
  facet normal -0 0 1
    outer loop
      vertex 325.733 0 100
      vertex 345.9 -2.4 100
      vertex 327.6 0 100
    endloop
  endfacet
  facet normal 0 0 1
    outer loop
      vertex 319.822 0 100
      vertex 325.733 0 100
      vertex 319.822 16.7261 100
    endloop
  endfacet
  facet normal -0 0 1
    outer loop
      vertex 319.822 0 100
      vertex 345.9 -2.4 100
      vertex 325.733 0 100
    endloop
  endfacet
  facet normal -0 0 1
    outer loop
      vertex 317.956 0 100
      vertex 345.9 -2.4 100
      vertex 319.822 0 100
    endloop
  endfacet
  facet normal 0 0 1
    outer loop
      vertex 312.044 0 100
      vertex 317.956 0 100
      vertex 312.044 13.845 100
    endloop
  endfacet
  facet normal -0 0 1
    outer loop
      vertex 312.044 0 100
      vertex 345.9 -2.4 100
      vertex 317.956 0 100
    endloop
  endfacet
  facet normal -0 0 1
    outer loop
      vertex 310.178 0 100
      vertex 345.9 -2.4 100
      vertex 312.044 0 100
    endloop
  endfacet
  facet normal 0 0 1
    outer loop
      vertex 304.267 0 100
      vertex 310.178 0 100
      vertex 304.267 9.15866 100
    endloop
  endfacet
  facet normal 0 0 1
    outer loop
      vertex 280 -2.4 100
      vertex 310.178 0 100
      vertex 304.267 0 100
    endloop
  endfacet
  facet normal 0 0 1
    outer loop
      vertex 280 -2.4 100
      vertex 304.267 0 100
      vertex 302.4 0 100
    endloop
  endfacet
  facet normal 0 0 1
    outer loop
      vertex 296.489 0 100
      vertex 302.4 0 100
      vertex 296.489 6.13974 100
    endloop
  endfacet
  facet normal 0 0 1
    outer loop
      vertex 280 -2.4 100
      vertex 302.4 0 100
      vertex 296.489 0 100
    endloop
  endfacet
  facet normal 0 0 1
    outer loop
      vertex 280 -2.4 100
      vertex 296.489 0 100
      vertex 294.622 0 100
    endloop
  endfacet
  facet normal 0 0 1
    outer loop
      vertex 288.711 0 100
      vertex 294.622 0 100
      vertex 288.711 7.45314 100
    endloop
  endfacet
  facet normal 0 0 1
    outer loop
      vertex 280 -2.4 100
      vertex 294.622 0 100
      vertex 288.711 0 100
    endloop
  endfacet
  facet normal 0 0 1
    outer loop
      vertex 280 -2.4 100
      vertex 288.711 0 100
      vertex 286.844 0 100
    endloop
  endfacet
  facet normal 0 0 1
    outer loop
      vertex 280.933 0 100
      vertex 286.844 0 100
      vertex 280.933 12.0814 100
    endloop
  endfacet
  facet normal 0 0 1
    outer loop
      vertex 280 -2.4 100
      vertex 286.844 0 100
      vertex 280.933 0 100
    endloop
  endfacet
  facet normal 0 0 1
    outer loop
      vertex 280 -2.4 100
      vertex 280.933 0 100
      vertex 280 0 100
    endloop
  endfacet
  facet normal 0 0 1
    outer loop
      vertex 310.178 0 100
      vertex 280 -2.4 100
      vertex 345.9 -2.4 100
    endloop
  endfacet
  facet normal 0 0 1
    outer loop
      vertex 350.933 0 100
      vertex 356.844 0 100
      vertex 356.844 13.2293 100
    endloop
  endfacet
  facet normal 0 0 1
    outer loop
      vertex 350.933 0 100
      vertex 356.844 13.2293 100
      vertex 350.933 13.2293 100
    endloop
  endfacet
  facet normal 0 0 1
    outer loop
      vertex 356.844 0 100
      vertex 350.933 0 100
      vertex 354.1 -0.839999 100
    endloop
  endfacet
  facet normal -0 0 1
    outer loop
      vertex 349.067 0 100
      vertex 354.1 -0.839999 100
      vertex 350.933 0 100
    endloop
  endfacet
  facet normal 0 0 1
    outer loop
      vertex 354.1 -0.839999 100
      vertex 349.067 0 100
      vertex 345.9 -0.839999 100
    endloop
  endfacet
  facet normal 0 0 1
    outer loop
      vertex 364.622 9.20465 100
      vertex 358.711 9.20465 100
      vertex 364.622 0 100
    endloop
  endfacet
  facet normal 0 0 1
    outer loop
      vertex 372.4 8.09282 100
      vertex 366.489 8.09282 100
      vertex 372.4 0 100
    endloop
  endfacet
  facet normal 0 0 1
    outer loop
      vertex 380.178 10.8497 100
      vertex 374.267 10.8497 100
      vertex 380.178 0 100
    endloop
  endfacet
  facet normal 0 0 1
    outer loop
      vertex 387.956 14.8135 100
      vertex 382.044 14.8135 100
      vertex 387.956 0 100
    endloop
  endfacet
  facet normal 0 0 1
    outer loop
      vertex 395.733 16.1285 100
      vertex 389.822 16.1285 100
      vertex 395.733 0 100
    endloop
  endfacet
  facet normal 0 0 1
    outer loop
      vertex 403.511 13.2664 100
      vertex 397.6 13.2664 100
      vertex 403.511 0 100
    endloop
  endfacet
  facet normal 0 0 1
    outer loop
      vertex 411.289 8.31186 100
      vertex 405.378 8.31186 100
      vertex 411.289 0 100
    endloop
  endfacet
  facet normal 0 0 1
    outer loop
      vertex 419.067 5.02771 100
      vertex 413.156 5.02771 100
      vertex 419.067 0 100
    endloop
  endfacet
  facet normal -0 0 1
    outer loop
      vertex 419.067 0 100
      vertex 420 -2.4 100
      vertex 420 0 100
    endloop
  endfacet
  facet normal 0 0 1
    outer loop
      vertex 413.156 0 100
      vertex 419.067 0 100
      vertex 413.156 5.02771 100
    endloop
  endfacet
  facet normal 0 0 1
    outer loop
      vertex 419.067 0 100
      vertex 413.156 0 100
      vertex 420 -2.4 100
    endloop
  endfacet
  facet normal -0 0 1
    outer loop
      vertex 411.289 0 100
      vertex 420 -2.4 100
      vertex 413.156 0 100
    endloop
  endfacet
  facet normal 0 0 1
    outer loop
      vertex 405.378 0 100
      vertex 411.289 0 100
      vertex 405.378 8.31186 100
    endloop
  endfacet
  facet normal -0 0 1
    outer loop
      vertex 405.378 0 100
      vertex 420 -2.4 100
      vertex 411.289 0 100
    endloop
  endfacet
  facet normal -0 0 1
    outer loop
      vertex 403.511 0 100
      vertex 420 -2.4 100
      vertex 405.378 0 100
    endloop
  endfacet
  facet normal 0 0 1
    outer loop
      vertex 397.6 0 100
      vertex 403.511 0 100
      vertex 397.6 13.2664 100
    endloop
  endfacet
  facet normal -0 0 1
    outer loop
      vertex 397.6 0 100
      vertex 420 -2.4 100
      vertex 403.511 0 100
    endloop
  endfacet
  facet normal -0 0 1
    outer loop
      vertex 395.733 0 100
      vertex 420 -2.4 100
      vertex 397.6 0 100
    endloop
  endfacet
  facet normal 0 0 1
    outer loop
      vertex 389.822 0 100
      vertex 395.733 0 100
      vertex 389.822 16.1285 100
    endloop
  endfacet
  facet normal -0 0 1
    outer loop
      vertex 389.822 0 100
      vertex 420 -2.4 100
      vertex 395.733 0 100
    endloop
  endfacet
  facet normal -0 0 1
    outer loop
      vertex 387.956 0 100
      vertex 420 -2.4 100
      vertex 389.822 0 100
    endloop
  endfacet
  facet normal 0 0 1
    outer loop
      vertex 382.044 0 100
      vertex 387.956 0 100
      vertex 382.044 14.8135 100
    endloop
  endfacet
  facet normal 0 0 1
    outer loop
      vertex 354.1 -2.4 100
      vertex 387.956 0 100
      vertex 382.044 0 100
    endloop
  endfacet
  facet normal 0 0 1
    outer loop
      vertex 354.1 -2.4 100
      vertex 382.044 0 100
      vertex 380.178 0 100
    endloop
  endfacet
  facet normal 0 0 1
    outer loop
      vertex 374.267 0 100
      vertex 380.178 0 100
      vertex 374.267 10.8497 100
    endloop
  endfacet
  facet normal 0 0 1
    outer loop
      vertex 354.1 -2.4 100
      vertex 380.178 0 100
      vertex 374.267 0 100
    endloop
  endfacet
  facet normal 0 0 1
    outer loop
      vertex 354.1 -2.4 100
      vertex 374.267 0 100
      vertex 372.4 0 100
    endloop
  endfacet
  facet normal 0 0 1
    outer loop
      vertex 366.489 0 100
      vertex 372.4 0 100
      vertex 366.489 8.09282 100
    endloop
  endfacet
  facet normal 0 0 1
    outer loop
      vertex 354.1 -2.4 100
      vertex 372.4 0 100
      vertex 366.489 0 100
    endloop
  endfacet
  facet normal 0 0 1
    outer loop
      vertex 354.1 -2.4 100
      vertex 366.489 0 100
      vertex 364.622 0 100
    endloop
  endfacet
  facet normal 0 0 1
    outer loop
      vertex 358.711 0 100
      vertex 364.622 0 100
      vertex 358.711 9.20465 100
    endloop
  endfacet
  facet normal 0 0 1
    outer loop
      vertex 354.1 -2.4 100
      vertex 364.622 0 100
      vertex 358.711 0 100
    endloop
  endfacet
  facet normal 0 0 1
    outer loop
      vertex 354.1 -2.4 100
      vertex 358.711 0 100
      vertex 356.844 0 100
    endloop
  endfacet
  facet normal 0 0 1
    outer loop
      vertex 354.1 -2.4 100
      vertex 356.844 0 100
      vertex 354.1 -0.839999 100
    endloop
  endfacet
  facet normal 0 0 1
    outer loop
      vertex 387.956 0 100
      vertex 354.1 -2.4 100
      vertex 420 -2.4 100
    endloop
  endfacet
  facet normal 0 0 -1
    outer loop
      vertex 420 -2.4 0
      vertex 419.067 0 0
      vertex 420 0 0
    endloop
  endfacet
  facet normal 0 0 -1
    outer loop
      vertex 419.067 0 0
      vertex 413.156 0 0
      vertex 419.067 7.01906 0
    endloop
  endfacet
  facet normal 0 0 -1
    outer loop
      vertex 420 -2.4 0
      vertex 413.156 0 0
      vertex 419.067 0 0
    endloop
  endfacet
  facet normal 0 0 -1
    outer loop
      vertex 420 -2.4 0
      vertex 411.289 0 0
      vertex 413.156 0 0
    endloop
  endfacet
  facet normal 0 0 -1
    outer loop
      vertex 411.289 0 0
      vertex 405.378 0 0
      vertex 411.289 8.05429 0
    endloop
  endfacet
  facet normal 0 0 -1
    outer loop
      vertex 420 -2.4 0
      vertex 405.378 0 0
      vertex 411.289 0 0
    endloop
  endfacet
  facet normal 0 0 -1
    outer loop
      vertex 420 -2.4 0
      vertex 403.511 0 0
      vertex 405.378 0 0
    endloop
  endfacet
  facet normal 0 0 -1
    outer loop
      vertex 403.511 0 0
      vertex 397.6 0 0
      vertex 403.511 9.29825 0
    endloop
  endfacet
  facet normal 0 0 -1
    outer loop
      vertex 420 -2.4 0
      vertex 397.6 0 0
      vertex 403.511 0 0
    endloop
  endfacet
  facet normal 0 0 -1
    outer loop
      vertex 420 -2.4 0
      vertex 395.733 0 0
      vertex 397.6 0 0
    endloop
  endfacet
  facet normal 0 0 -1
    outer loop
      vertex 395.733 0 0
      vertex 389.822 0 0
      vertex 395.733 10.4568 0
    endloop
  endfacet
  facet normal 0 0 -1
    outer loop
      vertex 420 -2.4 0
      vertex 389.822 0 0
      vertex 395.733 0 0
    endloop
  endfacet
  facet normal 0 0 -1
    outer loop
      vertex 420 -2.4 0
      vertex 387.956 0 0
      vertex 389.822 0 0
    endloop
  endfacet
  facet normal 0 0 -1
    outer loop
      vertex 387.956 0 0
      vertex 382.044 0 0
      vertex 387.956 11.3464 0
    endloop
  endfacet
  facet normal 0 0 -1
    outer loop
      vertex 420 -2.4 0
      vertex 382.044 0 0
      vertex 387.956 0 0
    endloop
  endfacet
  facet normal 0 0 -1
    outer loop
      vertex 420 -2.4 0
      vertex 380.178 0 0
      vertex 382.044 0 0
    endloop
  endfacet
  facet normal 0 0 -1
    outer loop
      vertex 380.178 0 0
      vertex 374.267 0 0
      vertex 380.178 11.8855 0
    endloop
  endfacet
  facet normal 0 0 -1
    outer loop
      vertex 420 -2.4 0
      vertex 374.267 0 0
      vertex 380.178 0 0
    endloop
  endfacet
  facet normal 0 0 -1
    outer loop
      vertex 420 -2.4 0
      vertex 372.4 0 0
      vertex 374.267 0 0
    endloop
  endfacet
  facet normal 0 0 -1
    outer loop
      vertex 372.4 0 0
      vertex 366.489 0 0
      vertex 372.4 12.0683 0
    endloop
  endfacet
  facet normal 0 0 -1
    outer loop
      vertex 420 -2.4 0
      vertex 366.489 0 0
      vertex 372.4 0 0
    endloop
  endfacet
  facet normal 0 0 -1
    outer loop
      vertex 420 -2.4 0
      vertex 364.622 0 0
      vertex 366.489 0 0
    endloop
  endfacet
  facet normal 0 0 -1
    outer loop
      vertex 364.622 0 0
      vertex 358.711 0 0
      vertex 364.622 11.9341 0
    endloop
  endfacet
  facet normal 0 0 -1
    outer loop
      vertex 420 -2.4 0
      vertex 358.711 0 0
      vertex 364.622 0 0
    endloop
  endfacet
  facet normal 0 0 -1
    outer loop
      vertex 420 -2.4 0
      vertex 356.844 0 0
      vertex 358.711 0 0
    endloop
  endfacet
  facet normal 0 0 -1
    outer loop
      vertex 356.844 0 0
      vertex 350.933 0 0
      vertex 356.844 11.5408 0
    endloop
  endfacet
  facet normal 0 0 -1
    outer loop
      vertex 420 -2.4 0
      vertex 350.933 0 0
      vertex 356.844 0 0
    endloop
  endfacet
  facet normal 0 0 -1
    outer loop
      vertex 420 -2.4 0
      vertex 349.067 0 0
      vertex 350.933 0 0
    endloop
  endfacet
  facet normal 0 0 -1
    outer loop
      vertex 349.067 0 0
      vertex 343.156 0 0
      vertex 349.067 10.9445 0
    endloop
  endfacet
  facet normal 0 0 -1
    outer loop
      vertex 420 -2.4 0
      vertex 343.156 0 0
      vertex 349.067 0 0
    endloop
  endfacet
  facet normal 0 0 -1
    outer loop
      vertex 420 -2.4 0
      vertex 341.289 0 0
      vertex 343.156 0 0
    endloop
  endfacet
  facet normal 0 0 -1
    outer loop
      vertex 341.289 0 0
      vertex 335.378 0 0
      vertex 341.289 10.1876 0
    endloop
  endfacet
  facet normal 0 0 -1
    outer loop
      vertex 280 -2.4 0
      vertex 341.289 0 0
      vertex 420 -2.4 0
    endloop
  endfacet
  facet normal -0 0 -1
    outer loop
      vertex 341.289 0 0
      vertex 280 -2.4 0
      vertex 335.378 0 0
    endloop
  endfacet
  facet normal 0 0 -1
    outer loop
      vertex 333.511 0 0
      vertex 327.6 0 0
      vertex 333.511 9.29625 0
    endloop
  endfacet
  facet normal -0 0 -1
    outer loop
      vertex 335.378 0 0
      vertex 280 -2.4 0
      vertex 333.511 0 0
    endloop
  endfacet
  facet normal -0 0 -1
    outer loop
      vertex 333.511 0 0
      vertex 280 -2.4 0
      vertex 327.6 0 0
    endloop
  endfacet
  facet normal 0 0 -1
    outer loop
      vertex 325.733 0 0
      vertex 319.822 0 0
      vertex 325.733 8.28958 0
    endloop
  endfacet
  facet normal -0 0 -1
    outer loop
      vertex 327.6 0 0
      vertex 280 -2.4 0
      vertex 325.733 0 0
    endloop
  endfacet
  facet normal -0 0 -1
    outer loop
      vertex 325.733 0 0
      vertex 280 -2.4 0
      vertex 319.822 0 0
    endloop
  endfacet
  facet normal 0 0 -1
    outer loop
      vertex 317.956 0 0
      vertex 312.044 0 0
      vertex 317.956 7.19954 0
    endloop
  endfacet
  facet normal -0 0 -1
    outer loop
      vertex 319.822 0 0
      vertex 280 -2.4 0
      vertex 317.956 0 0
    endloop
  endfacet
  facet normal -0 0 -1
    outer loop
      vertex 317.956 0 0
      vertex 280 -2.4 0
      vertex 312.044 0 0
    endloop
  endfacet
  facet normal 0 0 -1
    outer loop
      vertex 310.178 0 0
      vertex 304.267 0 0
      vertex 310.178 6.09978 0
    endloop
  endfacet
  facet normal -0 0 -1
    outer loop
      vertex 312.044 0 0
      vertex 280 -2.4 0
      vertex 310.178 0 0
    endloop
  endfacet
  facet normal -0 0 -1
    outer loop
      vertex 310.178 0 0
      vertex 280 -2.4 0
      vertex 304.267 0 0
    endloop
  endfacet
  facet normal 0 0 -1
    outer loop
      vertex 302.4 0 0
      vertex 296.489 0 0
      vertex 302.4 5.13528 0
    endloop
  endfacet
  facet normal -0 0 -1
    outer loop
      vertex 304.267 0 0
      vertex 280 -2.4 0
      vertex 302.4 0 0
    endloop
  endfacet
  facet normal -0 0 -1
    outer loop
      vertex 302.4 0 0
      vertex 280 -2.4 0
      vertex 296.489 0 0
    endloop
  endfacet
  facet normal 0 0 -1
    outer loop
      vertex 294.622 0 0
      vertex 288.711 0 0
      vertex 294.622 4.53714 0
    endloop
  endfacet
  facet normal -0 0 -1
    outer loop
      vertex 296.489 0 0
      vertex 280 -2.4 0
      vertex 294.622 0 0
    endloop
  endfacet
  facet normal -0 0 -1
    outer loop
      vertex 294.622 0 0
      vertex 280 -2.4 0
      vertex 288.711 0 0
    endloop
  endfacet
  facet normal 0 0 -1
    outer loop
      vertex 286.844 0 0
      vertex 280.933 0 0
      vertex 286.844 4.6022 0
    endloop
  endfacet
  facet normal -0 0 -1
    outer loop
      vertex 288.711 0 0
      vertex 280 -2.4 0
      vertex 286.844 0 0
    endloop
  endfacet
  facet normal -0 0 -1
    outer loop
      vertex 286.844 0 0
      vertex 280 -2.4 0
      vertex 280.933 0 0
    endloop
  endfacet
  facet normal -0 0 -1
    outer loop
      vertex 280.933 0 0
      vertex 280 -2.4 0
      vertex 280 0 0
    endloop
  endfacet
  facet normal -0 0 -1
    outer loop
      vertex 419.067 7.01906 0
      vertex 413.156 0 0
      vertex 413.156 7.01906 0
    endloop
  endfacet
  facet normal -0 0 -1
    outer loop
      vertex 411.289 8.05429 0
      vertex 405.378 0 0
      vertex 405.378 8.05429 0
    endloop
  endfacet
  facet normal -0 0 -1
    outer loop
      vertex 403.511 9.29825 0
      vertex 397.6 0 0
      vertex 397.6 9.29825 0
    endloop
  endfacet
  facet normal -0 0 -1
    outer loop
      vertex 395.733 10.4568 0
      vertex 389.822 0 0
      vertex 389.822 10.4568 0
    endloop
  endfacet
  facet normal -0 0 -1
    outer loop
      vertex 387.956 11.3464 0
      vertex 382.044 0 0
      vertex 382.044 11.3464 0
    endloop
  endfacet
  facet normal -0 0 -1
    outer loop
      vertex 380.178 11.8855 0
      vertex 374.267 0 0
      vertex 374.267 11.8855 0
    endloop
  endfacet
  facet normal -0 0 -1
    outer loop
      vertex 372.4 12.0683 0
      vertex 366.489 0 0
      vertex 366.489 12.0683 0
    endloop
  endfacet
  facet normal -0 0 -1
    outer loop
      vertex 364.622 11.9341 0
      vertex 358.711 0 0
      vertex 358.711 11.9341 0
    endloop
  endfacet
  facet normal -0 0 -1
    outer loop
      vertex 356.844 11.5408 0
      vertex 350.933 0 0
      vertex 350.933 11.5408 0
    endloop
  endfacet
  facet normal -0 0 -1
    outer loop
      vertex 349.067 10.9445 0
      vertex 343.156 0 0
      vertex 343.156 10.9445 0
    endloop
  endfacet
  facet normal -0 0 -1
    outer loop
      vertex 341.289 10.1876 0
      vertex 335.378 0 0
      vertex 335.378 10.1876 0
    endloop
  endfacet
  facet normal -0 0 -1
    outer loop
      vertex 333.511 9.29625 0
      vertex 327.6 0 0
      vertex 327.6 9.29625 0
    endloop
  endfacet
  facet normal -0 0 -1
    outer loop
      vertex 325.733 8.28958 0
      vertex 319.822 0 0
      vertex 319.822 8.28958 0
    endloop
  endfacet
  facet normal -0 0 -1
    outer loop
      vertex 317.956 7.19954 0
      vertex 312.044 0 0
      vertex 312.044 7.19954 0
    endloop
  endfacet
  facet normal -0 0 -1
    outer loop
      vertex 310.178 6.09978 0
      vertex 304.267 0 0
      vertex 304.267 6.09978 0
    endloop
  endfacet
  facet normal -0 0 -1
    outer loop
      vertex 302.4 5.13528 0
      vertex 296.489 0 0
      vertex 296.489 5.13528 0
    endloop
  endfacet
  facet normal -0 0 -1
    outer loop
      vertex 294.622 4.53714 0
      vertex 288.711 0 0
      vertex 288.711 4.53714 0
    endloop
  endfacet
  facet normal -0 0 -1
    outer loop
      vertex 286.844 4.6022 0
      vertex 280.933 0 0
      vertex 280.933 4.6022 0
    endloop
  endfacet
  facet normal 0 0.999658 -0.0261487
    outer loop
      vertex 286.844 4.6022 0
      vertex 280.933 4.64372 1.5873
      vertex 286.844 4.64372 1.5873
    endloop
  endfacet
  facet normal 0 0.999658 -0.0261487
    outer loop
      vertex 280.933 4.64372 1.5873
      vertex 286.844 4.6022 0
      vertex 280.933 4.6022 0
    endloop
  endfacet
  facet normal -1 0 0
    outer loop
      vertex 288.711 14.9291 19.0476
      vertex 288.711 15.0737 22.2222
      vertex 288.711 15.1204 20.6349
    endloop
  endfacet
  facet normal -1 0 0
    outer loop
      vertex 288.711 14.9291 19.0476
      vertex 288.711 14.7914 23.8095
      vertex 288.711 15.0737 22.2222
    endloop
  endfacet
  facet normal -1 0 0
    outer loop
      vertex 288.711 14.5074 17.4603
      vertex 288.711 14.7914 23.8095
      vertex 288.711 14.9291 19.0476
    endloop
  endfacet
  facet normal -1 0 0
    outer loop
      vertex 288.711 14.5074 17.4603
      vertex 288.711 14.286 25.3968
      vertex 288.711 14.7914 23.8095
    endloop
  endfacet
  facet normal -1 0 0
    outer loop
      vertex 288.711 13.873 15.873
      vertex 288.711 14.286 25.3968
      vertex 288.711 14.5074 17.4603
    endloop
  endfacet
  facet normal -1 0 0
    outer loop
      vertex 288.711 13.873 15.873
      vertex 288.711 13.5793 26.9841
      vertex 288.711 14.286 25.3968
    endloop
  endfacet
  facet normal -1 0 0
    outer loop
      vertex 288.711 13.0532 14.2857
      vertex 288.711 13.5793 26.9841
      vertex 288.711 13.873 15.873
    endloop
  endfacet
  facet normal -1 0 0
    outer loop
      vertex 288.711 13.0532 14.2857
      vertex 288.711 12.7014 28.5714
      vertex 288.711 13.5793 26.9841
    endloop
  endfacet
  facet normal -1 0 0
    outer loop
      vertex 288.711 12.0834 12.6984
      vertex 288.711 12.7014 28.5714
      vertex 288.711 13.0532 14.2857
    endloop
  endfacet
  facet normal -1 0 0
    outer loop
      vertex 288.711 12.0834 12.6984
      vertex 288.711 11.6893 30.1587
      vertex 288.711 12.7014 28.5714
    endloop
  endfacet
  facet normal -1 0 0
    outer loop
      vertex 288.711 11.0058 11.1111
      vertex 288.711 11.6893 30.1587
      vertex 288.711 12.0834 12.6984
    endloop
  endfacet
  facet normal -1 0 0
    outer loop
      vertex 288.711 11.0058 11.1111
      vertex 288.711 10.5851 31.746
      vertex 288.711 11.6893 30.1587
    endloop
  endfacet
  facet normal -1 0 0
    outer loop
      vertex 288.711 9.86784 9.5238
      vertex 288.711 10.5851 31.746
      vertex 288.711 11.0058 11.1111
    endloop
  endfacet
  facet normal -1 0 0
    outer loop
      vertex 288.711 9.86784 9.5238
      vertex 288.711 9.43442 33.3333
      vertex 288.711 10.5851 31.746
    endloop
  endfacet
  facet normal -1 0 0
    outer loop
      vertex 288.711 8.71999 7.93649
      vertex 288.711 9.43442 33.3333
      vertex 288.711 9.86784 9.5238
    endloop
  endfacet
  facet normal -1 0 0
    outer loop
      vertex 288.711 8.71999 7.93649
      vertex 288.711 8.28421 34.9206
      vertex 288.711 9.43442 33.3333
    endloop
  endfacet
  facet normal -1 0 0
    outer loop
      vertex 288.711 0 0
      vertex 288.711 8.71999 7.93649
      vertex 288.711 7.61359 6.3492
    endloop
  endfacet
  facet normal -1 -0 0
    outer loop
      vertex 288.711 8.71999 7.93649
      vertex 288.711 0 0
      vertex 288.711 8.28421 34.9206
    endloop
  endfacet
  facet normal -1 0 0
    outer loop
      vertex 288.711 0 0
      vertex 288.711 7.61359 6.3492
      vertex 288.711 6.59865 4.7619
    endloop
  endfacet
  facet normal -1 -0 0
    outer loop
      vertex 288.711 8.28421 34.9206
      vertex 288.711 0 0
      vertex 288.711 7.18097 36.5079
    endloop
  endfacet
  facet normal -1 0 0
    outer loop
      vertex 288.711 0 0
      vertex 288.711 6.59865 4.7619
      vertex 288.711 5.72162 3.17459
    endloop
  endfacet
  facet normal -1 -0 0
    outer loop
      vertex 288.711 7.18097 36.5079
      vertex 288.711 0 0
      vertex 288.711 6.1687 38.0952
    endloop
  endfacet
  facet normal -1 0 0
    outer loop
      vertex 288.711 0 0
      vertex 288.711 5.72162 3.17459
      vertex 288.711 5.02333 1.5873
    endloop
  endfacet
  facet normal -1 -0 0
    outer loop
      vertex 288.711 6.1687 38.0952
      vertex 288.711 0 0
      vertex 288.711 5.28723 39.6825
    endloop
  endfacet
  facet normal -1 0 0
    outer loop
      vertex 288.711 0 0
      vertex 288.711 5.02333 1.5873
      vertex 288.711 4.53714 0
    endloop
  endfacet
  facet normal -1 -0 0
    outer loop
      vertex 288.711 5.28723 39.6825
      vertex 288.711 0 0
      vertex 288.711 4.57065 41.2698
    endloop
  endfacet
  facet normal -1 -0 0
    outer loop
      vertex 288.711 4.57065 41.2698
      vertex 288.711 0 0
      vertex 288.711 4.04608 42.8571
    endloop
  endfacet
  facet normal -1 -0 0
    outer loop
      vertex 288.711 4.04608 42.8571
      vertex 288.711 0 0
      vertex 288.711 3.73274 44.4444
    endloop
  endfacet
  facet normal -1 -0 0
    outer loop
      vertex 288.711 3.73274 44.4444
      vertex 288.711 0 0
      vertex 288.711 3.64139 46.0317
    endloop
  endfacet
  facet normal -1 0 0
    outer loop
      vertex 288.711 16.5086 73.0159
      vertex 288.711 16.4256 76.1905
      vertex 288.711 16.5471 74.6032
    endloop
  endfacet
  facet normal -1 0 0
    outer loop
      vertex 288.711 16.3022 71.4286
      vertex 288.711 16.4256 76.1905
      vertex 288.711 16.5086 73.0159
    endloop
  endfacet
  facet normal -1 0 0
    outer loop
      vertex 288.711 16.3022 71.4286
      vertex 288.711 16.1562 77.7778
      vertex 288.711 16.4256 76.1905
    endloop
  endfacet
  facet normal -1 0 0
    outer loop
      vertex 288.711 15.9257 69.8413
      vertex 288.711 16.1562 77.7778
      vertex 288.711 16.3022 71.4286
    endloop
  endfacet
  facet normal -1 0 0
    outer loop
      vertex 288.711 15.3823 68.254
      vertex 288.711 16.1562 77.7778
      vertex 288.711 15.9257 69.8413
    endloop
  endfacet
  facet normal -1 -0 0
    outer loop
      vertex 288.711 16.1562 77.7778
      vertex 288.711 15.3823 68.254
      vertex 288.711 15.7549 79.3651
    endloop
  endfacet
  facet normal -1 0 0
    outer loop
      vertex 288.711 14.6815 66.6667
      vertex 288.711 15.7549 79.3651
      vertex 288.711 15.3823 68.254
    endloop
  endfacet
  facet normal -1 -0 0
    outer loop
      vertex 288.711 15.7549 79.3651
      vertex 288.711 14.6815 66.6667
      vertex 288.711 15.2407 80.9524
    endloop
  endfacet
  facet normal -1 0 0
    outer loop
      vertex 288.711 13.8386 65.0794
      vertex 288.711 15.2407 80.9524
      vertex 288.711 14.6815 66.6667
    endloop
  endfacet
  facet normal -1 -0 0
    outer loop
      vertex 288.711 15.2407 80.9524
      vertex 288.711 13.8386 65.0794
      vertex 288.711 14.6345 82.5397
    endloop
  endfacet
  facet normal -1 0 0
    outer loop
      vertex 288.711 12.8747 63.4921
      vertex 288.711 14.6345 82.5397
      vertex 288.711 13.8386 65.0794
    endloop
  endfacet
  facet normal -1 -0 0
    outer loop
      vertex 288.711 14.6345 82.5397
      vertex 288.711 12.8747 63.4921
      vertex 288.711 13.9584 84.127
    endloop
  endfacet
  facet normal -1 0 0
    outer loop
      vertex 288.711 11.8165 61.9048
      vertex 288.711 13.9584 84.127
      vertex 288.711 12.8747 63.4921
    endloop
  endfacet
  facet normal -1 -0 0
    outer loop
      vertex 288.711 13.9584 84.127
      vertex 288.711 11.8165 61.9048
      vertex 288.711 13.2345 85.7143
    endloop
  endfacet
  facet normal -1 0 0
    outer loop
      vertex 288.711 10.6951 60.3175
      vertex 288.711 13.2345 85.7143
      vertex 288.711 11.8165 61.9048
    endloop
  endfacet
  facet normal -1 -0 0
    outer loop
      vertex 288.711 13.2345 85.7143
      vertex 288.711 10.6951 60.3175
      vertex 288.711 12.4843 87.3016
    endloop
  endfacet
  facet normal -1 0 0
    outer loop
      vertex 288.711 9.54517 58.7301
      vertex 288.711 12.4843 87.3016
      vertex 288.711 10.6951 60.3175
    endloop
  endfacet
  facet normal -1 0 0
    outer loop
      vertex 288.711 12.4843 87.3016
      vertex 288.711 0 100
      vertex 288.711 11.7279 88.8889
    endloop
  endfacet
  facet normal -1 0 0
    outer loop
      vertex 288.711 11.7279 88.8889
      vertex 288.711 0 100
      vertex 288.711 10.9835 90.4762
    endloop
  endfacet
  facet normal -1 0 0
    outer loop
      vertex 288.711 10.9835 90.4762
      vertex 288.711 0 100
      vertex 288.711 10.2668 92.0635
    endloop
  endfacet
  facet normal -1 -0 0
    outer loop
      vertex 288.711 12.4843 87.3016
      vertex 288.711 9.54517 58.7301
      vertex 288.711 0 100
    endloop
  endfacet
  facet normal -1 0 0
    outer loop
      vertex 288.711 10.2668 92.0635
      vertex 288.711 0 100
      vertex 288.711 9.59081 93.6508
    endloop
  endfacet
  facet normal -1 0 0
    outer loop
      vertex 288.711 0 100
      vertex 288.711 9.54517 58.7301
      vertex 288.711 8.40398 57.1429
    endloop
  endfacet
  facet normal -1 0 0
    outer loop
      vertex 288.711 9.59081 93.6508
      vertex 288.711 0 100
      vertex 288.711 8.96565 95.2381
    endloop
  endfacet
  facet normal -1 0 0
    outer loop
      vertex 288.711 8.96565 95.2381
      vertex 288.711 0 100
      vertex 288.711 8.3985 96.8254
    endloop
  endfacet
  facet normal -1 0 0
    outer loop
      vertex 288.711 8.3985 96.8254
      vertex 288.711 0 100
      vertex 288.711 7.89374 98.4127
    endloop
  endfacet
  facet normal -1 0 0
    outer loop
      vertex 288.711 0 100
      vertex 288.711 8.40398 57.1429
      vertex 288.711 7.3098 55.5555
    endloop
  endfacet
  facet normal -1 0 0
    outer loop
      vertex 288.711 0 100
      vertex 288.711 7.3098 55.5555
      vertex 288.711 6.30054 53.9682
    endloop
  endfacet
  facet normal -1 0 0
    outer loop
      vertex 288.711 0 100
      vertex 288.711 6.30054 53.9682
      vertex 288.711 5.41225 52.381
    endloop
  endfacet
  facet normal -1 0 0
    outer loop
      vertex 288.711 0 100
      vertex 288.711 5.41225 52.381
      vertex 288.711 4.67755 50.7936
    endloop
  endfacet
  facet normal -1 0 0
    outer loop
      vertex 288.711 0 100
      vertex 288.711 4.67755 50.7936
      vertex 288.711 4.12427 49.2063
    endloop
  endfacet
  facet normal -1 0 0
    outer loop
      vertex 288.711 0 100
      vertex 288.711 4.12427 49.2063
      vertex 288.711 3.77405 47.619
    endloop
  endfacet
  facet normal -1 0 0
    outer loop
      vertex 288.711 0 100
      vertex 288.711 3.77405 47.619
      vertex 288.711 3.64139 46.0317
    endloop
  endfacet
  facet normal -1 0 0
    outer loop
      vertex 288.711 0 100
      vertex 288.711 3.64139 46.0317
      vertex 288.711 0 0
    endloop
  endfacet
  facet normal -1 0 0
    outer loop
      vertex 288.711 7.89374 98.4127
      vertex 288.711 0 100
      vertex 288.711 7.45314 100
    endloop
  endfacet
  facet normal 1 0 0
    outer loop
      vertex 294.622 16.4256 76.1905
      vertex 294.622 16.5086 73.0159
      vertex 294.622 16.5471 74.6032
    endloop
  endfacet
  facet normal 1 0 0
    outer loop
      vertex 294.622 16.4256 76.1905
      vertex 294.622 16.3022 71.4286
      vertex 294.622 16.5086 73.0159
    endloop
  endfacet
  facet normal 1 0 0
    outer loop
      vertex 294.622 16.1562 77.7778
      vertex 294.622 16.3022 71.4286
      vertex 294.622 16.4256 76.1905
    endloop
  endfacet
  facet normal 1 0 0
    outer loop
      vertex 294.622 16.1562 77.7778
      vertex 294.622 15.9257 69.8413
      vertex 294.622 16.3022 71.4286
    endloop
  endfacet
  facet normal 1 0 0
    outer loop
      vertex 294.622 15.3823 68.254
      vertex 294.622 16.1562 77.7778
      vertex 294.622 15.7549 79.3651
    endloop
  endfacet
  facet normal 1 0 0
    outer loop
      vertex 294.622 16.1562 77.7778
      vertex 294.622 15.3823 68.254
      vertex 294.622 15.9257 69.8413
    endloop
  endfacet
  facet normal 1 0 0
    outer loop
      vertex 294.622 14.6815 66.6667
      vertex 294.622 15.7549 79.3651
      vertex 294.622 15.2407 80.9524
    endloop
  endfacet
  facet normal 1 0 0
    outer loop
      vertex 294.622 15.7549 79.3651
      vertex 294.622 14.6815 66.6667
      vertex 294.622 15.3823 68.254
    endloop
  endfacet
  facet normal 1 0 0
    outer loop
      vertex 294.622 13.8386 65.0794
      vertex 294.622 15.2407 80.9524
      vertex 294.622 14.6345 82.5397
    endloop
  endfacet
  facet normal 1 0 0
    outer loop
      vertex 294.622 12.8747 63.4921
      vertex 294.622 14.6345 82.5397
      vertex 294.622 13.9584 84.127
    endloop
  endfacet
  facet normal 1 0 0
    outer loop
      vertex 294.622 15.2407 80.9524
      vertex 294.622 13.8386 65.0794
      vertex 294.622 14.6815 66.6667
    endloop
  endfacet
  facet normal 1 0 0
    outer loop
      vertex 294.622 11.8165 61.9048
      vertex 294.622 13.9584 84.127
      vertex 294.622 13.2345 85.7143
    endloop
  endfacet
  facet normal 1 0 0
    outer loop
      vertex 294.622 14.6345 82.5397
      vertex 294.622 12.8747 63.4921
      vertex 294.622 13.8386 65.0794
    endloop
  endfacet
  facet normal 1 0 0
    outer loop
      vertex 294.622 10.6951 60.3175
      vertex 294.622 13.2345 85.7143
      vertex 294.622 12.4843 87.3016
    endloop
  endfacet
  facet normal 1 0 0
    outer loop
      vertex 294.622 13.9584 84.127
      vertex 294.622 11.8165 61.9048
      vertex 294.622 12.8747 63.4921
    endloop
  endfacet
  facet normal 1 0 0
    outer loop
      vertex 294.622 0 100
      vertex 294.622 12.4843 87.3016
      vertex 294.622 11.7279 88.8889
    endloop
  endfacet
  facet normal 1 0 0
    outer loop
      vertex 294.622 0 100
      vertex 294.622 11.7279 88.8889
      vertex 294.622 10.9835 90.4762
    endloop
  endfacet
  facet normal 1 0 0
    outer loop
      vertex 294.622 13.2345 85.7143
      vertex 294.622 10.6951 60.3175
      vertex 294.622 11.8165 61.9048
    endloop
  endfacet
  facet normal 1 0 0
    outer loop
      vertex 294.622 0 100
      vertex 294.622 10.9835 90.4762
      vertex 294.622 10.2668 92.0635
    endloop
  endfacet
  facet normal 1 0 0
    outer loop
      vertex 294.622 0 100
      vertex 294.622 10.2668 92.0635
      vertex 294.622 9.59081 93.6508
    endloop
  endfacet
  facet normal 1 0 -0
    outer loop
      vertex 294.622 9.54517 58.7301
      vertex 294.622 12.4843 87.3016
      vertex 294.622 0 100
    endloop
  endfacet
  facet normal 1 0 0
    outer loop
      vertex 294.622 0 100
      vertex 294.622 9.59081 93.6508
      vertex 294.622 8.96565 95.2381
    endloop
  endfacet
  facet normal 1 0 0
    outer loop
      vertex 294.622 12.4843 87.3016
      vertex 294.622 9.54517 58.7301
      vertex 294.622 10.6951 60.3175
    endloop
  endfacet
  facet normal 1 0 0
    outer loop
      vertex 294.622 0 100
      vertex 294.622 8.96565 95.2381
      vertex 294.622 8.3985 96.8254
    endloop
  endfacet
  facet normal 1 0 0
    outer loop
      vertex 294.622 0 100
      vertex 294.622 8.3985 96.8254
      vertex 294.622 7.89374 98.4127
    endloop
  endfacet
  facet normal 1 -0 0
    outer loop
      vertex 294.622 0 100
      vertex 294.622 7.89374 98.4127
      vertex 294.622 7.45314 100
    endloop
  endfacet
  facet normal 1 0 0
    outer loop
      vertex 294.622 9.54517 58.7301
      vertex 294.622 0 100
      vertex 294.622 8.40398 57.1429
    endloop
  endfacet
  facet normal 1 0 0
    outer loop
      vertex 294.622 8.40398 57.1429
      vertex 294.622 0 100
      vertex 294.622 7.3098 55.5555
    endloop
  endfacet
  facet normal 1 0 0
    outer loop
      vertex 294.622 7.3098 55.5555
      vertex 294.622 0 100
      vertex 294.622 6.30054 53.9682
    endloop
  endfacet
  facet normal 1 0 0
    outer loop
      vertex 294.622 6.30054 53.9682
      vertex 294.622 0 100
      vertex 294.622 5.41225 52.381
    endloop
  endfacet
  facet normal 1 0 0
    outer loop
      vertex 294.622 5.41225 52.381
      vertex 294.622 0 100
      vertex 294.622 4.67755 50.7936
    endloop
  endfacet
  facet normal 1 0 0
    outer loop
      vertex 294.622 4.67755 50.7936
      vertex 294.622 0 100
      vertex 294.622 4.12427 49.2063
    endloop
  endfacet
  facet normal 1 0 0
    outer loop
      vertex 294.622 4.12427 49.2063
      vertex 294.622 0 100
      vertex 294.622 3.77405 47.619
    endloop
  endfacet
  facet normal 1 0 0
    outer loop
      vertex 294.622 3.77405 47.619
      vertex 294.622 0 100
      vertex 294.622 3.64139 46.0317
    endloop
  endfacet
  facet normal 1 0 0
    outer loop
      vertex 294.622 15.0737 22.2222
      vertex 294.622 14.9291 19.0476
      vertex 294.622 15.1204 20.6349
    endloop
  endfacet
  facet normal 1 0 0
    outer loop
      vertex 294.622 14.7914 23.8095
      vertex 294.622 14.9291 19.0476
      vertex 294.622 15.0737 22.2222
    endloop
  endfacet
  facet normal 1 0 0
    outer loop
      vertex 294.622 14.7914 23.8095
      vertex 294.622 14.5074 17.4603
      vertex 294.622 14.9291 19.0476
    endloop
  endfacet
  facet normal 1 0 0
    outer loop
      vertex 294.622 14.286 25.3968
      vertex 294.622 14.5074 17.4603
      vertex 294.622 14.7914 23.8095
    endloop
  endfacet
  facet normal 1 0 0
    outer loop
      vertex 294.622 14.286 25.3968
      vertex 294.622 13.873 15.873
      vertex 294.622 14.5074 17.4603
    endloop
  endfacet
  facet normal 1 0 0
    outer loop
      vertex 294.622 13.5793 26.9841
      vertex 294.622 13.873 15.873
      vertex 294.622 14.286 25.3968
    endloop
  endfacet
  facet normal 1 0 0
    outer loop
      vertex 294.622 13.5793 26.9841
      vertex 294.622 13.0532 14.2857
      vertex 294.622 13.873 15.873
    endloop
  endfacet
  facet normal 1 0 0
    outer loop
      vertex 294.622 12.7014 28.5714
      vertex 294.622 13.0532 14.2857
      vertex 294.622 13.5793 26.9841
    endloop
  endfacet
  facet normal 1 0 0
    outer loop
      vertex 294.622 12.7014 28.5714
      vertex 294.622 12.0834 12.6984
      vertex 294.622 13.0532 14.2857
    endloop
  endfacet
  facet normal 1 0 0
    outer loop
      vertex 294.622 11.6893 30.1587
      vertex 294.622 12.0834 12.6984
      vertex 294.622 12.7014 28.5714
    endloop
  endfacet
  facet normal 1 0 0
    outer loop
      vertex 294.622 11.6893 30.1587
      vertex 294.622 11.0058 11.1111
      vertex 294.622 12.0834 12.6984
    endloop
  endfacet
  facet normal 1 0 0
    outer loop
      vertex 294.622 10.5851 31.746
      vertex 294.622 11.0058 11.1111
      vertex 294.622 11.6893 30.1587
    endloop
  endfacet
  facet normal 1 0 0
    outer loop
      vertex 294.622 10.5851 31.746
      vertex 294.622 9.86784 9.5238
      vertex 294.622 11.0058 11.1111
    endloop
  endfacet
  facet normal 1 0 0
    outer loop
      vertex 294.622 9.43442 33.3333
      vertex 294.622 9.86784 9.5238
      vertex 294.622 10.5851 31.746
    endloop
  endfacet
  facet normal 1 0 0
    outer loop
      vertex 294.622 9.43442 33.3333
      vertex 294.622 8.71999 7.93649
      vertex 294.622 9.86784 9.5238
    endloop
  endfacet
  facet normal 1 0 0
    outer loop
      vertex 294.622 8.28421 34.9206
      vertex 294.622 8.71999 7.93649
      vertex 294.622 9.43442 33.3333
    endloop
  endfacet
  facet normal 1 0 0
    outer loop
      vertex 294.622 0 0
      vertex 294.622 8.71999 7.93649
      vertex 294.622 8.28421 34.9206
    endloop
  endfacet
  facet normal 1 0 0
    outer loop
      vertex 294.622 0 0
      vertex 294.622 8.28421 34.9206
      vertex 294.622 7.18097 36.5079
    endloop
  endfacet
  facet normal 1 0 0
    outer loop
      vertex 294.622 8.71999 7.93649
      vertex 294.622 0 0
      vertex 294.622 7.61359 6.3492
    endloop
  endfacet
  facet normal 1 0 0
    outer loop
      vertex 294.622 0 0
      vertex 294.622 7.18097 36.5079
      vertex 294.622 6.1687 38.0952
    endloop
  endfacet
  facet normal 1 0 0
    outer loop
      vertex 294.622 7.61359 6.3492
      vertex 294.622 0 0
      vertex 294.622 6.59865 4.7619
    endloop
  endfacet
  facet normal 1 0 0
    outer loop
      vertex 294.622 0 0
      vertex 294.622 6.1687 38.0952
      vertex 294.622 5.28723 39.6825
    endloop
  endfacet
  facet normal 1 0 0
    outer loop
      vertex 294.622 6.59865 4.7619
      vertex 294.622 0 0
      vertex 294.622 5.72162 3.17459
    endloop
  endfacet
  facet normal 1 0 0
    outer loop
      vertex 294.622 0 0
      vertex 294.622 5.28723 39.6825
      vertex 294.622 4.57065 41.2698
    endloop
  endfacet
  facet normal 1 0 0
    outer loop
      vertex 294.622 5.72162 3.17459
      vertex 294.622 0 0
      vertex 294.622 5.02333 1.5873
    endloop
  endfacet
  facet normal 1 0 0
    outer loop
      vertex 294.622 0 0
      vertex 294.622 4.57065 41.2698
      vertex 294.622 4.04608 42.8571
    endloop
  endfacet
  facet normal 1 0 0
    outer loop
      vertex 294.622 0 0
      vertex 294.622 4.04608 42.8571
      vertex 294.622 3.73274 44.4444
    endloop
  endfacet
  facet normal 1 0 0
    outer loop
      vertex 294.622 0 0
      vertex 294.622 3.73274 44.4444
      vertex 294.622 3.64139 46.0317
    endloop
  endfacet
  facet normal 1 0 0
    outer loop
      vertex 294.622 0 0
      vertex 294.622 3.64139 46.0317
      vertex 294.622 0 100
    endloop
  endfacet
  facet normal 1 0 0
    outer loop
      vertex 294.622 5.02333 1.5873
      vertex 294.622 0 0
      vertex 294.622 4.53714 0
    endloop
  endfacet
  facet normal 0 0.91534 -0.402682
    outer loop
      vertex 294.622 5.02333 1.5873
      vertex 288.711 5.72162 3.17459
      vertex 294.622 5.72162 3.17459
    endloop
  endfacet
  facet normal 0 0.91534 -0.402682
    outer loop
      vertex 288.711 5.72162 3.17459
      vertex 294.622 5.02333 1.5873
      vertex 288.711 5.02333 1.5873
    endloop
  endfacet
  facet normal 0 0.875281 -0.483615
    outer loop
      vertex 294.622 5.72162 3.17459
      vertex 288.711 6.59865 4.7619
      vertex 294.622 6.59865 4.7619
    endloop
  endfacet
  facet normal 0 0.875281 -0.483615
    outer loop
      vertex 288.711 6.59865 4.7619
      vertex 294.622 5.72162 3.17459
      vertex 288.711 5.72162 3.17459
    endloop
  endfacet
  facet normal 0 0.842496 -0.538703
    outer loop
      vertex 294.622 6.59865 4.7619
      vertex 288.711 7.61359 6.3492
      vertex 294.622 7.61359 6.3492
    endloop
  endfacet
  facet normal 0 0.842496 -0.538703
    outer loop
      vertex 288.711 7.61359 6.3492
      vertex 294.622 6.59865 4.7619
      vertex 288.711 6.59865 4.7619
    endloop
  endfacet
  facet normal 0 0.820372 -0.57183
    outer loop
      vertex 294.622 7.61359 6.3492
      vertex 288.711 8.71999 7.93649
      vertex 294.622 8.71999 7.93649
    endloop
  endfacet
  facet normal 0 0.820372 -0.57183
    outer loop
      vertex 288.711 8.71999 7.93649
      vertex 294.622 7.61359 6.3492
      vertex 288.711 7.61359 6.3492
    endloop
  endfacet
  facet normal 0 0.810325 -0.58598
    outer loop
      vertex 294.622 8.71999 7.93649
      vertex 288.711 9.86784 9.5238
      vertex 294.622 9.86784 9.5238
    endloop
  endfacet
  facet normal 0 0.810325 -0.58598
    outer loop
      vertex 288.711 9.86784 9.5238
      vertex 294.622 8.71999 7.93649
      vertex 288.711 8.71999 7.93649
    endloop
  endfacet
  facet normal 0 0.812721 -0.582653
    outer loop
      vertex 294.622 9.86784 9.5238
      vertex 288.711 11.0058 11.1111
      vertex 294.622 11.0058 11.1111
    endloop
  endfacet
  facet normal 0 0.812721 -0.582653
    outer loop
      vertex 288.711 11.0058 11.1111
      vertex 294.622 9.86784 9.5238
      vertex 288.711 9.86784 9.5238
    endloop
  endfacet
  facet normal 0 0.827354 -0.561681
    outer loop
      vertex 294.622 11.0058 11.1111
      vertex 288.711 12.0834 12.6984
      vertex 294.622 12.0834 12.6984
    endloop
  endfacet
  facet normal 0 0.827354 -0.561681
    outer loop
      vertex 288.711 12.0834 12.6984
      vertex 294.622 11.0058 11.1111
      vertex 288.711 11.0058 11.1111
    endloop
  endfacet
  facet normal 0 0.853334 -0.521365
    outer loop
      vertex 294.622 12.0834 12.6984
      vertex 288.711 13.0532 14.2857
      vertex 294.622 13.0532 14.2857
    endloop
  endfacet
  facet normal 0 0.853334 -0.521365
    outer loop
      vertex 288.711 13.0532 14.2857
      vertex 294.622 12.0834 12.6984
      vertex 288.711 12.0834 12.6984
    endloop
  endfacet
  facet normal 0 0.888496 -0.458885
    outer loop
      vertex 294.622 13.0532 14.2857
      vertex 288.711 13.873 15.873
      vertex 294.622 13.873 15.873
    endloop
  endfacet
  facet normal 0 0.888496 -0.458885
    outer loop
      vertex 288.711 13.873 15.873
      vertex 294.622 13.0532 14.2857
      vertex 288.711 13.0532 14.2857
    endloop
  endfacet
  facet normal 0 0.928582 -0.371128
    outer loop
      vertex 294.622 13.873 15.873
      vertex 288.711 14.5074 17.4603
      vertex 294.622 14.5074 17.4603
    endloop
  endfacet
  facet normal 0 0.928582 -0.371128
    outer loop
      vertex 288.711 14.5074 17.4603
      vertex 294.622 13.873 15.873
      vertex 288.711 13.873 15.873
    endloop
  endfacet
  facet normal 0 0.966474 -0.256764
    outer loop
      vertex 294.622 14.5074 17.4603
      vertex 288.711 14.9291 19.0476
      vertex 294.622 14.9291 19.0476
    endloop
  endfacet
  facet normal 0 0.966474 -0.256764
    outer loop
      vertex 288.711 14.9291 19.0476
      vertex 294.622 14.5074 17.4603
      vertex 288.711 14.5074 17.4603
    endloop
  endfacet
  facet normal 0 0.992816 -0.119653
    outer loop
      vertex 294.622 14.9291 19.0476
      vertex 288.711 15.1204 20.6349
      vertex 294.622 15.1204 20.6349
    endloop
  endfacet
  facet normal 0 0.992816 -0.119653
    outer loop
      vertex 288.711 15.1204 20.6349
      vertex 294.622 14.9291 19.0476
      vertex 288.711 14.9291 19.0476
    endloop
  endfacet
  facet normal 0 0.999567 0.0294083
    outer loop
      vertex 294.622 15.1204 20.6349
      vertex 288.711 15.0737 22.2222
      vertex 294.622 15.0737 22.2222
    endloop
  endfacet
  facet normal 0 0.999567 0.0294083
    outer loop
      vertex 288.711 15.0737 22.2222
      vertex 294.622 15.1204 20.6349
      vertex 288.711 15.1204 20.6349
    endloop
  endfacet
  facet normal 0 0.98455 0.175101
    outer loop
      vertex 294.622 15.0737 22.2222
      vertex 288.711 14.7914 23.8095
      vertex 294.622 14.7914 23.8095
    endloop
  endfacet
  facet normal 0 0.98455 0.175101
    outer loop
      vertex 288.711 14.7914 23.8095
      vertex 294.622 15.0737 22.2222
      vertex 288.711 15.0737 22.2222
    endloop
  endfacet
  facet normal 0 0.952865 0.303394
    outer loop
      vertex 294.622 14.7914 23.8095
      vertex 288.711 14.286 25.3968
      vertex 294.622 14.286 25.3968
    endloop
  endfacet
  facet normal 0 0.952865 0.303394
    outer loop
      vertex 288.711 14.286 25.3968
      vertex 294.622 14.7914 23.8095
      vertex 288.711 14.7914 23.8095
    endloop
  endfacet
  facet normal 0 0.913548 0.406731
    outer loop
      vertex 294.622 14.286 25.3968
      vertex 288.711 13.5793 26.9841
      vertex 294.622 13.5793 26.9841
    endloop
  endfacet
  facet normal 0 0.913548 0.406731
    outer loop
      vertex 288.711 13.5793 26.9841
      vertex 294.622 14.286 25.3968
      vertex 288.711 14.286 25.3968
    endloop
  endfacet
  facet normal 0 0.875076 0.483985
    outer loop
      vertex 294.622 13.5793 26.9841
      vertex 288.711 12.7014 28.5714
      vertex 294.622 12.7014 28.5714
    endloop
  endfacet
  facet normal 0 0.875076 0.483985
    outer loop
      vertex 288.711 12.7014 28.5714
      vertex 294.622 13.5793 26.9841
      vertex 288.711 13.5793 26.9841
    endloop
  endfacet
  facet normal 0 0.84318 0.537631
    outer loop
      vertex 294.622 12.7014 28.5714
      vertex 288.711 11.6893 30.1587
      vertex 294.622 11.6893 30.1587
    endloop
  endfacet
  facet normal 0 0.84318 0.537631
    outer loop
      vertex 288.711 11.6893 30.1587
      vertex 294.622 12.7014 28.5714
      vertex 288.711 12.7014 28.5714
    endloop
  endfacet
  facet normal 0 0.820907 0.571061
    outer loop
      vertex 294.622 11.6893 30.1587
      vertex 288.711 10.5851 31.746
      vertex 294.622 10.5851 31.746
    endloop
  endfacet
  facet normal 0 0.820907 0.571061
    outer loop
      vertex 288.711 10.5851 31.746
      vertex 294.622 11.6893 30.1587
      vertex 288.711 11.6893 30.1587
    endloop
  endfacet
  facet normal 0 0.809638 0.58693
    outer loop
      vertex 294.622 10.5851 31.746
      vertex 288.711 9.43442 33.3333
      vertex 294.622 9.43442 33.3333
    endloop
  endfacet
  facet normal 0 0.809638 0.58693
    outer loop
      vertex 288.711 9.43442 33.3333
      vertex 294.622 10.5851 31.746
      vertex 288.711 10.5851 31.746
    endloop
  endfacet
  facet normal 0 0.809752 0.586773
    outer loop
      vertex 294.622 9.43442 33.3333
      vertex 288.711 8.28421 34.9206
      vertex 294.622 8.28421 34.9206
    endloop
  endfacet
  facet normal 0 0.809752 0.586773
    outer loop
      vertex 288.711 8.28421 34.9206
      vertex 294.622 9.43442 33.3333
      vertex 288.711 9.43442 33.3333
    endloop
  endfacet
  facet normal 0 0.82114 0.570727
    outer loop
      vertex 294.622 8.28421 34.9206
      vertex 288.711 7.18097 36.5079
      vertex 294.622 7.18097 36.5079
    endloop
  endfacet
  facet normal 0 0.82114 0.570727
    outer loop
      vertex 288.711 7.18097 36.5079
      vertex 294.622 8.28421 34.9206
      vertex 288.711 8.28421 34.9206
    endloop
  endfacet
  facet normal 0 0.843139 0.537696
    outer loop
      vertex 294.622 7.18097 36.5079
      vertex 288.711 6.1687 38.0952
      vertex 294.622 6.1687 38.0952
    endloop
  endfacet
  facet normal 0 0.843139 0.537696
    outer loop
      vertex 288.711 6.1687 38.0952
      vertex 294.622 7.18097 36.5079
      vertex 288.711 7.18097 36.5079
    endloop
  endfacet
  facet normal 0 0.874242 0.48549
    outer loop
      vertex 294.622 6.1687 38.0952
      vertex 288.711 5.28723 39.6825
      vertex 294.622 5.28723 39.6825
    endloop
  endfacet
  facet normal 0 0.874242 0.48549
    outer loop
      vertex 288.711 5.28723 39.6825
      vertex 294.622 6.1687 38.0952
      vertex 288.711 6.1687 38.0952
    endloop
  endfacet
  facet normal 0 0.911428 0.41146
    outer loop
      vertex 294.622 5.28723 39.6825
      vertex 288.711 4.57065 41.2698
      vertex 294.622 4.57065 41.2698
    endloop
  endfacet
  facet normal 0 0.911428 0.41146
    outer loop
      vertex 288.711 4.57065 41.2698
      vertex 294.622 5.28723 39.6825
      vertex 288.711 5.28723 39.6825
    endloop
  endfacet
  facet normal 0 0.949493 0.313788
    outer loop
      vertex 294.622 4.57065 41.2698
      vertex 288.711 4.04608 42.8571
      vertex 294.622 4.04608 42.8571
    endloop
  endfacet
  facet normal 0 0.949493 0.313788
    outer loop
      vertex 288.711 4.04608 42.8571
      vertex 294.622 4.57065 41.2698
      vertex 288.711 4.57065 41.2698
    endloop
  endfacet
  facet normal 0 0.981067 0.193667
    outer loop
      vertex 294.622 4.04608 42.8571
      vertex 288.711 3.73274 44.4444
      vertex 294.622 3.73274 44.4444
    endloop
  endfacet
  facet normal 0 0.981067 0.193667
    outer loop
      vertex 288.711 3.73274 44.4444
      vertex 294.622 4.04608 42.8571
      vertex 288.711 4.04608 42.8571
    endloop
  endfacet
  facet normal 0 0.998348 0.0574555
    outer loop
      vertex 294.622 3.73274 44.4444
      vertex 288.711 3.64139 46.0317
      vertex 294.622 3.64139 46.0317
    endloop
  endfacet
  facet normal 0 0.998348 0.0574555
    outer loop
      vertex 288.711 3.64139 46.0317
      vertex 294.622 3.73274 44.4444
      vertex 288.711 3.73274 44.4444
    endloop
  endfacet
  facet normal 0 0.996526 -0.0832855
    outer loop
      vertex 294.622 3.64139 46.0317
      vertex 288.711 3.77405 47.619
      vertex 294.622 3.77405 47.619
    endloop
  endfacet
  facet normal 0 0.996526 -0.0832855
    outer loop
      vertex 288.711 3.77405 47.619
      vertex 294.622 3.64139 46.0317
      vertex 288.711 3.64139 46.0317
    endloop
  endfacet
  facet normal 0 0.976513 -0.215457
    outer loop
      vertex 294.622 3.77405 47.619
      vertex 288.711 4.12427 49.2063
      vertex 294.622 4.12427 49.2063
    endloop
  endfacet
  facet normal 0 0.976513 -0.215457
    outer loop
      vertex 288.711 4.12427 49.2063
      vertex 294.622 3.77405 47.619
      vertex 288.711 3.77405 47.619
    endloop
  endfacet
  facet normal 0 0.94428 -0.329144
    outer loop
      vertex 294.622 4.12427 49.2063
      vertex 288.711 4.67755 50.7936
      vertex 294.622 4.67755 50.7936
    endloop
  endfacet
  facet normal 0 0.94428 -0.329144
    outer loop
      vertex 288.711 4.67755 50.7936
      vertex 294.622 4.12427 49.2063
      vertex 288.711 4.12427 49.2063
    endloop
  endfacet
  facet normal 0 0.907512 -0.420026
    outer loop
      vertex 294.622 4.67755 50.7936
      vertex 288.711 5.41225 52.381
      vertex 294.622 5.41225 52.381
    endloop
  endfacet
  facet normal 0 0.907512 -0.420026
    outer loop
      vertex 288.711 5.41225 52.381
      vertex 294.622 4.67755 50.7936
      vertex 288.711 4.67755 50.7936
    endloop
  endfacet
  facet normal 0 0.872633 -0.488377
    outer loop
      vertex 294.622 5.41225 52.381
      vertex 288.711 6.30054 53.9682
      vertex 294.622 6.30054 53.9682
    endloop
  endfacet
  facet normal 0 0.872633 -0.488377
    outer loop
      vertex 288.711 6.30054 53.9682
      vertex 294.622 5.41225 52.381
      vertex 288.711 5.41225 52.381
    endloop
  endfacet
  facet normal 0 0.843864 -0.536558
    outer loop
      vertex 294.622 6.30054 53.9682
      vertex 288.711 7.3098 55.5555
      vertex 294.622 7.3098 55.5555
    endloop
  endfacet
  facet normal 0 0.843864 -0.536558
    outer loop
      vertex 288.711 7.3098 55.5555
      vertex 294.622 6.30054 53.9682
      vertex 288.711 6.30054 53.9682
    endloop
  endfacet
  facet normal 0 0.823353 -0.56753
    outer loop
      vertex 294.622 7.3098 55.5555
      vertex 288.711 8.40398 57.1429
      vertex 294.622 8.40398 57.1429
    endloop
  endfacet
  facet normal 0 0.823353 -0.56753
    outer loop
      vertex 288.711 8.40398 57.1429
      vertex 294.622 7.3098 55.5555
      vertex 288.711 7.3098 55.5555
    endloop
  endfacet
  facet normal 0 0.811921 -0.583768
    outer loop
      vertex 294.622 8.40398 57.1429
      vertex 288.711 9.54517 58.7301
      vertex 294.622 9.54517 58.7301
    endloop
  endfacet
  facet normal 0 0.811921 -0.583768
    outer loop
      vertex 288.711 9.54517 58.7301
      vertex 294.622 8.40398 57.1429
      vertex 288.711 8.40398 57.1429
    endloop
  endfacet
  facet normal 0 0.809837 -0.586655
    outer loop
      vertex 294.622 9.54517 58.7301
      vertex 288.711 10.6951 60.3175
      vertex 294.622 10.6951 60.3175
    endloop
  endfacet
  facet normal 0 0.809837 -0.586655
    outer loop
      vertex 288.711 10.6951 60.3175
      vertex 294.622 9.54517 58.7301
      vertex 288.711 9.54517 58.7301
    endloop
  endfacet
  facet normal 0 0.816737 -0.57701
    outer loop
      vertex 294.622 10.6951 60.3175
      vertex 288.711 11.8165 61.9048
      vertex 294.622 11.8165 61.9048
    endloop
  endfacet
  facet normal 0 0.816737 -0.57701
    outer loop
      vertex 288.711 11.8165 61.9048
      vertex 294.622 10.6951 60.3175
      vertex 288.711 10.6951 60.3175
    endloop
  endfacet
  facet normal 0 0.83205 -0.5547
    outer loop
      vertex 294.622 11.8165 61.9048
      vertex 288.711 12.8747 63.4921
      vertex 294.622 12.8747 63.4921
    endloop
  endfacet
  facet normal 0 0.83205 -0.5547
    outer loop
      vertex 288.711 12.8747 63.4921
      vertex 294.622 11.8165 61.9048
      vertex 288.711 11.8165 61.9048
    endloop
  endfacet
  facet normal 0 0.854744 -0.51905
    outer loop
      vertex 294.622 12.8747 63.4921
      vertex 288.711 13.8386 65.0794
      vertex 294.622 13.8386 65.0794
    endloop
  endfacet
  facet normal 0 0.854744 -0.51905
    outer loop
      vertex 288.711 13.8386 65.0794
      vertex 294.622 12.8747 63.4921
      vertex 288.711 12.8747 63.4921
    endloop
  endfacet
  facet normal 0 0.883197 -0.469002
    outer loop
      vertex 294.622 13.8386 65.0794
      vertex 288.711 14.6815 66.6667
      vertex 294.622 14.6815 66.6667
    endloop
  endfacet
  facet normal 0 0.883197 -0.469002
    outer loop
      vertex 288.711 14.6815 66.6667
      vertex 294.622 13.8386 65.0794
      vertex 288.711 13.8386 65.0794
    endloop
  endfacet
  facet normal 0 0.914807 -0.403891
    outer loop
      vertex 294.622 14.6815 66.6667
      vertex 288.711 15.3823 68.254
      vertex 294.622 15.3823 68.254
    endloop
  endfacet
  facet normal 0 0.914807 -0.403891
    outer loop
      vertex 288.711 15.3823 68.254
      vertex 294.622 14.6815 66.6667
      vertex 288.711 14.6815 66.6667
    endloop
  endfacet
  facet normal 0 0.946095 -0.323888
    outer loop
      vertex 294.622 15.3823 68.254
      vertex 288.711 15.9257 69.8413
      vertex 294.622 15.9257 69.8413
    endloop
  endfacet
  facet normal 0 0.946095 -0.323888
    outer loop
      vertex 288.711 15.9257 69.8413
      vertex 294.622 15.3823 68.254
      vertex 288.711 15.3823 68.254
    endloop
  endfacet
  facet normal 0 0.973003 -0.230792
    outer loop
      vertex 294.622 15.9257 69.8413
      vertex 288.711 16.3022 71.4286
      vertex 294.622 16.3022 71.4286
    endloop
  endfacet
  facet normal 0 0.973003 -0.230792
    outer loop
      vertex 288.711 16.3022 71.4286
      vertex 294.622 15.9257 69.8413
      vertex 288.711 15.9257 69.8413
    endloop
  endfacet
  facet normal 0 0.991652 -0.128947
    outer loop
      vertex 294.622 16.3022 71.4286
      vertex 288.711 16.5086 73.0159
      vertex 294.622 16.5086 73.0159
    endloop
  endfacet
  facet normal 0 0.991652 -0.128947
    outer loop
      vertex 288.711 16.5086 73.0159
      vertex 294.622 16.3022 71.4286
      vertex 288.711 16.3022 71.4286
    endloop
  endfacet
  facet normal 0 0.999706 -0.0242479
    outer loop
      vertex 294.622 16.5086 73.0159
      vertex 288.711 16.5471 74.6032
      vertex 294.622 16.5471 74.6032
    endloop
  endfacet
  facet normal 0 0.999706 -0.0242479
    outer loop
      vertex 288.711 16.5471 74.6032
      vertex 294.622 16.5086 73.0159
      vertex 288.711 16.5086 73.0159
    endloop
  endfacet
  facet normal 0 0.997083 0.0763218
    outer loop
      vertex 294.622 16.5471 74.6032
      vertex 288.711 16.4256 76.1905
      vertex 294.622 16.4256 76.1905
    endloop
  endfacet
  facet normal 0 0.997083 0.0763218
    outer loop
      vertex 288.711 16.4256 76.1905
      vertex 294.622 16.5471 74.6032
      vertex 288.711 16.5471 74.6032
    endloop
  endfacet
  facet normal 0 0.985901 0.167329
    outer loop
      vertex 294.622 16.4256 76.1905
      vertex 288.711 16.1562 77.7778
      vertex 294.622 16.1562 77.7778
    endloop
  endfacet
  facet normal 0 0.985901 0.167329
    outer loop
      vertex 288.711 16.1562 77.7778
      vertex 294.622 16.4256 76.1905
      vertex 288.711 16.4256 76.1905
    endloop
  endfacet
  facet normal 0 0.969496 0.245107
    outer loop
      vertex 294.622 16.1562 77.7778
      vertex 288.711 15.7549 79.3651
      vertex 294.622 15.7549 79.3651
    endloop
  endfacet
  facet normal 0 0.969496 0.245107
    outer loop
      vertex 288.711 15.7549 79.3651
      vertex 294.622 16.1562 77.7778
      vertex 288.711 16.1562 77.7778
    endloop
  endfacet
  facet normal 0 0.951328 0.308179
    outer loop
      vertex 294.622 15.7549 79.3651
      vertex 288.711 15.2407 80.9524
      vertex 294.622 15.2407 80.9524
    endloop
  endfacet
  facet normal 0 0.951328 0.308179
    outer loop
      vertex 288.711 15.2407 80.9524
      vertex 294.622 15.7549 79.3651
      vertex 288.711 15.7549 79.3651
    endloop
  endfacet
  facet normal 0 0.934191 0.356773
    outer loop
      vertex 294.622 15.2407 80.9524
      vertex 288.711 14.6345 82.5397
      vertex 294.622 14.6345 82.5397
    endloop
  endfacet
  facet normal 0 0.934191 0.356773
    outer loop
      vertex 288.711 14.6345 82.5397
      vertex 294.622 15.2407 80.9524
      vertex 288.711 15.2407 80.9524
    endloop
  endfacet
  facet normal 0 0.920018 0.391876
    outer loop
      vertex 294.622 14.6345 82.5397
      vertex 288.711 13.9584 84.127
      vertex 294.622 13.9584 84.127
    endloop
  endfacet
  facet normal 0 0.920018 0.391876
    outer loop
      vertex 288.711 13.9584 84.127
      vertex 294.622 14.6345 82.5397
      vertex 288.711 14.6345 82.5397
    endloop
  endfacet
  facet normal 0 0.909848 0.414943
    outer loop
      vertex 294.622 13.9584 84.127
      vertex 288.711 13.2345 85.7143
      vertex 294.622 13.2345 85.7143
    endloop
  endfacet
  facet normal 0 0.909848 0.414943
    outer loop
      vertex 288.711 13.2345 85.7143
      vertex 294.622 13.9584 84.127
      vertex 288.711 13.9584 84.127
    endloop
  endfacet
  facet normal 0 0.904107 0.427305
    outer loop
      vertex 294.622 13.2345 85.7143
      vertex 288.711 12.4843 87.3016
      vertex 294.622 12.4843 87.3016
    endloop
  endfacet
  facet normal 0 0.904107 0.427305
    outer loop
      vertex 288.711 12.4843 87.3016
      vertex 294.622 13.2345 85.7143
      vertex 288.711 13.2345 85.7143
    endloop
  endfacet
  facet normal 0 0.902741 0.430185
    outer loop
      vertex 294.622 12.4843 87.3016
      vertex 288.711 11.7279 88.8889
      vertex 294.622 11.7279 88.8889
    endloop
  endfacet
  facet normal 0 0.902741 0.430185
    outer loop
      vertex 288.711 11.7279 88.8889
      vertex 294.622 12.4843 87.3016
      vertex 288.711 12.4843 87.3016
    endloop
  endfacet
  facet normal 0 0.905382 0.424599
    outer loop
      vertex 294.622 11.7279 88.8889
      vertex 288.711 10.9835 90.4762
      vertex 294.622 10.9835 90.4762
    endloop
  endfacet
  facet normal 0 0.905382 0.424599
    outer loop
      vertex 288.711 10.9835 90.4762
      vertex 294.622 11.7279 88.8889
      vertex 288.711 11.7279 88.8889
    endloop
  endfacet
  facet normal 0 0.911402 0.411517
    outer loop
      vertex 294.622 10.9835 90.4762
      vertex 288.711 10.2668 92.0635
      vertex 294.622 10.2668 92.0635
    endloop
  endfacet
  facet normal 0 0.911402 0.411517
    outer loop
      vertex 288.711 10.2668 92.0635
      vertex 294.622 10.9835 90.4762
      vertex 288.711 10.9835 90.4762
    endloop
  endfacet
  facet normal 0 0.920041 0.391822
    outer loop
      vertex 294.622 10.2668 92.0635
      vertex 288.711 9.59081 93.6508
      vertex 294.622 9.59081 93.6508
    endloop
  endfacet
  facet normal 0 0.920041 0.391822
    outer loop
      vertex 288.711 9.59081 93.6508
      vertex 294.622 10.2668 92.0635
      vertex 288.711 10.2668 92.0635
    endloop
  endfacet
  facet normal 0 0.930436 0.366453
    outer loop
      vertex 294.622 9.59081 93.6508
      vertex 288.711 8.96565 95.2381
      vertex 294.622 8.96565 95.2381
    endloop
  endfacet
  facet normal 0 0.930436 0.366453
    outer loop
      vertex 288.711 8.96565 95.2381
      vertex 294.622 9.59081 93.6508
      vertex 288.711 9.59081 93.6508
    endloop
  endfacet
  facet normal 0 0.941694 0.336472
    outer loop
      vertex 294.622 8.96565 95.2381
      vertex 288.711 8.3985 96.8254
      vertex 294.622 8.3985 96.8254
    endloop
  endfacet
  facet normal 0 0.941694 0.336472
    outer loop
      vertex 288.711 8.3985 96.8254
      vertex 294.622 8.96565 95.2381
      vertex 288.711 8.96565 95.2381
    endloop
  endfacet
  facet normal 0 0.952976 0.303046
    outer loop
      vertex 294.622 8.3985 96.8254
      vertex 288.711 7.89374 98.4127
      vertex 294.622 7.89374 98.4127
    endloop
  endfacet
  facet normal 0 0.952976 0.303046
    outer loop
      vertex 288.711 7.89374 98.4127
      vertex 294.622 8.3985 96.8254
      vertex 288.711 8.3985 96.8254
    endloop
  endfacet
  facet normal 0 0.963567 0.267465
    outer loop
      vertex 294.622 7.89374 98.4127
      vertex 288.711 7.45314 100
      vertex 294.622 7.45314 100
    endloop
  endfacet
  facet normal 0 0.963567 0.267465
    outer loop
      vertex 288.711 7.45314 100
      vertex 294.622 7.89374 98.4127
      vertex 288.711 7.89374 98.4127
    endloop
  endfacet
  facet normal 0 0.956152 -0.292869
    outer loop
      vertex 294.622 4.53714 0
      vertex 288.711 5.02333 1.5873
      vertex 294.622 5.02333 1.5873
    endloop
  endfacet
  facet normal 0 0.956152 -0.292869
    outer loop
      vertex 288.711 5.02333 1.5873
      vertex 294.622 4.53714 0
      vertex 288.711 4.53714 0
    endloop
  endfacet
  facet normal -1 0 0
    outer loop
      vertex 296.489 14.6983 15.873
      vertex 296.489 14.9159 19.0476
      vertex 296.489 14.9332 17.4603
    endloop
  endfacet
  facet normal -1 0 0
    outer loop
      vertex 296.489 14.6983 15.873
      vertex 296.489 14.6477 20.6349
      vertex 296.489 14.9159 19.0476
    endloop
  endfacet
  facet normal -1 0 0
    outer loop
      vertex 296.489 14.2212 14.2857
      vertex 296.489 14.6477 20.6349
      vertex 296.489 14.6983 15.873
    endloop
  endfacet
  facet normal -1 0 0
    outer loop
      vertex 296.489 14.2212 14.2857
      vertex 296.489 14.1416 22.2222
      vertex 296.489 14.6477 20.6349
    endloop
  endfacet
  facet normal -1 0 0
    outer loop
      vertex 296.489 13.5232 12.6984
      vertex 296.489 14.1416 22.2222
      vertex 296.489 14.2212 14.2857
    endloop
  endfacet
  facet normal -1 0 0
    outer loop
      vertex 296.489 13.5232 12.6984
      vertex 296.489 13.4209 23.8095
      vertex 296.489 14.1416 22.2222
    endloop
  endfacet
  facet normal -1 0 0
    outer loop
      vertex 296.489 12.6359 11.1111
      vertex 296.489 13.4209 23.8095
      vertex 296.489 13.5232 12.6984
    endloop
  endfacet
  facet normal -1 0 0
    outer loop
      vertex 296.489 12.6359 11.1111
      vertex 296.489 12.5187 25.3968
      vertex 296.489 13.4209 23.8095
    endloop
  endfacet
  facet normal -1 0 0
    outer loop
      vertex 296.489 11.5997 9.5238
      vertex 296.489 12.5187 25.3968
      vertex 296.489 12.6359 11.1111
    endloop
  endfacet
  facet normal -1 0 0
    outer loop
      vertex 296.489 11.5997 9.5238
      vertex 296.489 11.4762 26.9841
      vertex 296.489 12.5187 25.3968
    endloop
  endfacet
  facet normal -1 0 0
    outer loop
      vertex 296.489 10.4622 7.93649
      vertex 296.489 11.4762 26.9841
      vertex 296.489 11.5997 9.5238
    endloop
  endfacet
  facet normal -1 0 0
    outer loop
      vertex 296.489 10.4622 7.93649
      vertex 296.489 10.3403 28.5714
      vertex 296.489 11.4762 26.9841
    endloop
  endfacet
  facet normal -1 0 0
    outer loop
      vertex 296.489 9.27602 6.3492
      vertex 296.489 10.3403 28.5714
      vertex 296.489 10.4622 7.93649
    endloop
  endfacet
  facet normal -1 0 0
    outer loop
      vertex 296.489 9.27602 6.3492
      vertex 296.489 9.16196 30.1587
      vertex 296.489 10.3403 28.5714
    endloop
  endfacet
  facet normal -1 0 0
    outer loop
      vertex 296.489 0 0
      vertex 296.489 9.27602 6.3492
      vertex 296.489 8.09639 4.7619
    endloop
  endfacet
  facet normal -1 -0 0
    outer loop
      vertex 296.489 9.27602 6.3492
      vertex 296.489 0 0
      vertex 296.489 9.16196 30.1587
    endloop
  endfacet
  facet normal -1 0 0
    outer loop
      vertex 296.489 0 0
      vertex 296.489 8.09639 4.7619
      vertex 296.489 6.97862 3.17459
    endloop
  endfacet
  facet normal -1 -0 0
    outer loop
      vertex 296.489 9.16196 30.1587
      vertex 296.489 0 0
      vertex 296.489 7.99382 31.746
    endloop
  endfacet
  facet normal -1 0 0
    outer loop
      vertex 296.489 0 0
      vertex 296.489 6.97862 3.17459
      vertex 296.489 5.97559 1.5873
    endloop
  endfacet
  facet normal -1 -0 0
    outer loop
      vertex 296.489 7.99382 31.746
      vertex 296.489 0 0
      vertex 296.489 6.88763 33.3333
    endloop
  endfacet
  facet normal -1 0 0
    outer loop
      vertex 296.489 0 0
      vertex 296.489 5.97559 1.5873
      vertex 296.489 5.13528 0
    endloop
  endfacet
  facet normal -1 -0 0
    outer loop
      vertex 296.489 6.88763 33.3333
      vertex 296.489 0 0
      vertex 296.489 5.89215 34.9206
    endloop
  endfacet
  facet normal -1 -0 0
    outer loop
      vertex 296.489 5.89215 34.9206
      vertex 296.489 0 0
      vertex 296.489 5.05093 36.5079
    endloop
  endfacet
  facet normal -1 -0 0
    outer loop
      vertex 296.489 5.05093 36.5079
      vertex 296.489 0 0
      vertex 296.489 4.40063 38.0952
    endloop
  endfacet
  facet normal -1 -0 0
    outer loop
      vertex 296.489 4.40063 38.0952
      vertex 296.489 0 0
      vertex 296.489 3.96936 39.6825
    endloop
  endfacet
  facet normal -1 -0 0
    outer loop
      vertex 296.489 3.96936 39.6825
      vertex 296.489 0 0
      vertex 296.489 3.7757 41.2698
    endloop
  endfacet
  facet normal -1 0 0
    outer loop
      vertex 296.489 16.6346 66.6667
      vertex 296.489 16.5848 69.8413
      vertex 296.489 16.7107 68.254
    endloop
  endfacet
  facet normal -1 0 0
    outer loop
      vertex 296.489 16.3513 65.0794
      vertex 296.489 16.5848 69.8413
      vertex 296.489 16.6346 66.6667
    endloop
  endfacet
  facet normal -1 0 0
    outer loop
      vertex 296.489 16.3513 65.0794
      vertex 296.489 16.2693 71.4286
      vertex 296.489 16.5848 69.8413
    endloop
  endfacet
  facet normal -1 0 0
    outer loop
      vertex 296.489 15.8632 63.4921
      vertex 296.489 16.2693 71.4286
      vertex 296.489 16.3513 65.0794
    endloop
  endfacet
  facet normal -1 0 0
    outer loop
      vertex 296.489 15.8632 63.4921
      vertex 296.489 15.7831 73.0159
      vertex 296.489 16.2693 71.4286
    endloop
  endfacet
  facet normal -1 0 0
    outer loop
      vertex 296.489 15.1811 61.9048
      vertex 296.489 15.7831 73.0159
      vertex 296.489 15.8632 63.4921
    endloop
  endfacet
  facet normal -1 0 0
    outer loop
      vertex 296.489 15.1811 61.9048
      vertex 296.489 15.1502 74.6032
      vertex 296.489 15.7831 73.0159
    endloop
  endfacet
  facet normal -1 0 0
    outer loop
      vertex 296.489 14.3236 60.3175
      vertex 296.489 15.1502 74.6032
      vertex 296.489 15.1811 61.9048
    endloop
  endfacet
  facet normal -1 -0 0
    outer loop
      vertex 296.489 15.1502 74.6032
      vertex 296.489 14.3236 60.3175
      vertex 296.489 14.3988 76.1905
    endloop
  endfacet
  facet normal -1 0 0
    outer loop
      vertex 296.489 13.3171 58.7301
      vertex 296.489 14.3988 76.1905
      vertex 296.489 14.3236 60.3175
    endloop
  endfacet
  facet normal -1 -0 0
    outer loop
      vertex 296.489 14.3988 76.1905
      vertex 296.489 13.3171 58.7301
      vertex 296.489 13.5594 77.7778
    endloop
  endfacet
  facet normal -1 0 0
    outer loop
      vertex 296.489 12.1946 57.1429
      vertex 296.489 13.5594 77.7778
      vertex 296.489 13.3171 58.7301
    endloop
  endfacet
  facet normal -1 -0 0
    outer loop
      vertex 296.489 13.5594 77.7778
      vertex 296.489 12.1946 57.1429
      vertex 296.489 12.664 79.3651
    endloop
  endfacet
  facet normal -1 0 0
    outer loop
      vertex 296.489 10.9949 55.5555
      vertex 296.489 12.664 79.3651
      vertex 296.489 12.1946 57.1429
    endloop
  endfacet
  facet normal -1 -0 0
    outer loop
      vertex 296.489 12.664 79.3651
      vertex 296.489 10.9949 55.5555
      vertex 296.489 11.7443 80.9524
    endloop
  endfacet
  facet normal -1 0 0
    outer loop
      vertex 296.489 9.76096 53.9682
      vertex 296.489 11.7443 80.9524
      vertex 296.489 10.9949 55.5555
    endloop
  endfacet
  facet normal -1 -0 0
    outer loop
      vertex 296.489 11.7443 80.9524
      vertex 296.489 9.76096 53.9682
      vertex 296.489 10.8306 82.5397
    endloop
  endfacet
  facet normal -1 0 0
    outer loop
      vertex 296.489 8.53819 52.381
      vertex 296.489 10.8306 82.5397
      vertex 296.489 9.76096 53.9682
    endloop
  endfacet
  facet normal -1 -0 0
    outer loop
      vertex 296.489 10.8306 82.5397
      vertex 296.489 8.53819 52.381
      vertex 296.489 9.95071 84.127
    endloop
  endfacet
  facet normal -1 0 0
    outer loop
      vertex 296.489 7.37285 50.7936
      vertex 296.489 9.95071 84.127
      vertex 296.489 8.53819 52.381
    endloop
  endfacet
  facet normal -1 -0 0
    outer loop
      vertex 296.489 9.95071 84.127
      vertex 296.489 7.37285 50.7936
      vertex 296.489 9.12898 85.7143
    endloop
  endfacet
  facet normal -1 0 0
    outer loop
      vertex 296.489 6.30983 49.2063
      vertex 296.489 9.12898 85.7143
      vertex 296.489 7.37285 50.7936
    endloop
  endfacet
  facet normal -1 -0 0
    outer loop
      vertex 296.489 9.12898 85.7143
      vertex 296.489 6.30983 49.2063
      vertex 296.489 8.38559 87.3016
    endloop
  endfacet
  facet normal -1 0 0
    outer loop
      vertex 296.489 0 100
      vertex 296.489 8.38559 87.3016
      vertex 296.489 6.30983 49.2063
    endloop
  endfacet
  facet normal -1 0 0
    outer loop
      vertex 296.489 8.38559 87.3016
      vertex 296.489 0 100
      vertex 296.489 7.73605 88.8889
    endloop
  endfacet
  facet normal -1 0 0
    outer loop
      vertex 296.489 7.73605 88.8889
      vertex 296.489 0 100
      vertex 296.489 7.19104 90.4762
    endloop
  endfacet
  facet normal -1 0 0
    outer loop
      vertex 296.489 7.19104 90.4762
      vertex 296.489 0 100
      vertex 296.489 6.75633 92.0635
    endloop
  endfacet
  facet normal -1 0 0
    outer loop
      vertex 296.489 6.75633 92.0635
      vertex 296.489 0 100
      vertex 296.489 6.43304 93.6508
    endloop
  endfacet
  facet normal -1 0 0
    outer loop
      vertex 296.489 6.43304 93.6508
      vertex 296.489 0 100
      vertex 296.489 6.21805 95.2381
    endloop
  endfacet
  facet normal -1 0 0
    outer loop
      vertex 296.489 6.21805 95.2381
      vertex 296.489 0 100
      vertex 296.489 6.10446 96.8254
    endloop
  endfacet
  facet normal -1 0 0
    outer loop
      vertex 296.489 0 100
      vertex 296.489 6.30983 49.2063
      vertex 296.489 5.39082 47.619
    endloop
  endfacet
  facet normal -1 0 0
    outer loop
      vertex 296.489 0 100
      vertex 296.489 5.39082 47.619
      vertex 296.489 4.65239 46.0317
    endloop
  endfacet
  facet normal -1 0 0
    outer loop
      vertex 296.489 0 100
      vertex 296.489 4.65239 46.0317
      vertex 296.489 4.12428 44.4444
    endloop
  endfacet
  facet normal -1 0 0
    outer loop
      vertex 296.489 6.10446 96.8254
      vertex 296.489 0 100
      vertex 296.489 6.08243 98.4127
    endloop
  endfacet
  facet normal -1 0 0
    outer loop
      vertex 296.489 0 100
      vertex 296.489 4.12428 44.4444
      vertex 296.489 3.82802 42.8571
    endloop
  endfacet
  facet normal -1 0 0
    outer loop
      vertex 296.489 0 0
      vertex 296.489 3.82802 42.8571
      vertex 296.489 3.7757 41.2698
    endloop
  endfacet
  facet normal -1 0 0
    outer loop
      vertex 296.489 0 100
      vertex 296.489 3.82802 42.8571
      vertex 296.489 0 0
    endloop
  endfacet
  facet normal -1 0 0
    outer loop
      vertex 296.489 6.08243 98.4127
      vertex 296.489 0 100
      vertex 296.489 6.13974 100
    endloop
  endfacet
  facet normal 1 0 0
    outer loop
      vertex 302.4 7.19104 90.4762
      vertex 302.4 4.65239 46.0317
      vertex 302.4 5.39082 47.619
    endloop
  endfacet
  facet normal 1 0 0
    outer loop
      vertex 302.4 6.10446 96.8254
      vertex 302.4 0 100
      vertex 302.4 4.65239 46.0317
    endloop
  endfacet
  facet normal 1 -0 0
    outer loop
      vertex 302.4 0 100
      vertex 302.4 6.08243 98.4127
      vertex 302.4 6.13974 100
    endloop
  endfacet
  facet normal 1 0 0
    outer loop
      vertex 302.4 4.65239 46.0317
      vertex 302.4 0 100
      vertex 302.4 4.12428 44.4444
    endloop
  endfacet
  facet normal 1 0 0
    outer loop
      vertex 302.4 3.82802 42.8571
      vertex 302.4 0 100
      vertex 302.4 3.7757 41.2698
    endloop
  endfacet
  facet normal 1 0 0
    outer loop
      vertex 302.4 4.12428 44.4444
      vertex 302.4 0 100
      vertex 302.4 3.82802 42.8571
    endloop
  endfacet
  facet normal 1 0 0
    outer loop
      vertex 302.4 16.5848 69.8413
      vertex 302.4 16.6346 66.6667
      vertex 302.4 16.7107 68.254
    endloop
  endfacet
  facet normal 1 0 0
    outer loop
      vertex 302.4 16.5848 69.8413
      vertex 302.4 16.3513 65.0794
      vertex 302.4 16.6346 66.6667
    endloop
  endfacet
  facet normal 1 0 0
    outer loop
      vertex 302.4 16.2693 71.4286
      vertex 302.4 16.3513 65.0794
      vertex 302.4 16.5848 69.8413
    endloop
  endfacet
  facet normal 1 0 0
    outer loop
      vertex 302.4 16.2693 71.4286
      vertex 302.4 15.8632 63.4921
      vertex 302.4 16.3513 65.0794
    endloop
  endfacet
  facet normal 1 0 0
    outer loop
      vertex 302.4 15.7831 73.0159
      vertex 302.4 15.8632 63.4921
      vertex 302.4 16.2693 71.4286
    endloop
  endfacet
  facet normal 1 0 0
    outer loop
      vertex 302.4 15.7831 73.0159
      vertex 302.4 15.1811 61.9048
      vertex 302.4 15.8632 63.4921
    endloop
  endfacet
  facet normal 1 0 0
    outer loop
      vertex 302.4 15.1502 74.6032
      vertex 302.4 15.1811 61.9048
      vertex 302.4 15.7831 73.0159
    endloop
  endfacet
  facet normal 1 0 0
    outer loop
      vertex 302.4 14.3236 60.3175
      vertex 302.4 15.1502 74.6032
      vertex 302.4 14.3988 76.1905
    endloop
  endfacet
  facet normal 1 0 0
    outer loop
      vertex 302.4 15.1502 74.6032
      vertex 302.4 14.3236 60.3175
      vertex 302.4 15.1811 61.9048
    endloop
  endfacet
  facet normal 1 0 0
    outer loop
      vertex 302.4 13.3171 58.7301
      vertex 302.4 14.3988 76.1905
      vertex 302.4 13.5594 77.7778
    endloop
  endfacet
  facet normal 1 0 0
    outer loop
      vertex 302.4 14.3988 76.1905
      vertex 302.4 13.3171 58.7301
      vertex 302.4 14.3236 60.3175
    endloop
  endfacet
  facet normal 1 0 0
    outer loop
      vertex 302.4 12.1946 57.1429
      vertex 302.4 13.5594 77.7778
      vertex 302.4 12.664 79.3651
    endloop
  endfacet
  facet normal 1 0 0
    outer loop
      vertex 302.4 13.5594 77.7778
      vertex 302.4 12.1946 57.1429
      vertex 302.4 13.3171 58.7301
    endloop
  endfacet
  facet normal 1 0 0
    outer loop
      vertex 302.4 10.9949 55.5555
      vertex 302.4 12.664 79.3651
      vertex 302.4 11.7443 80.9524
    endloop
  endfacet
  facet normal 1 0 0
    outer loop
      vertex 302.4 12.664 79.3651
      vertex 302.4 10.9949 55.5555
      vertex 302.4 12.1946 57.1429
    endloop
  endfacet
  facet normal 1 0 0
    outer loop
      vertex 302.4 9.76096 53.9682
      vertex 302.4 11.7443 80.9524
      vertex 302.4 10.8306 82.5397
    endloop
  endfacet
  facet normal 1 0 0
    outer loop
      vertex 302.4 8.53819 52.381
      vertex 302.4 10.8306 82.5397
      vertex 302.4 9.95071 84.127
    endloop
  endfacet
  facet normal 1 0 0
    outer loop
      vertex 302.4 11.7443 80.9524
      vertex 302.4 9.76096 53.9682
      vertex 302.4 10.9949 55.5555
    endloop
  endfacet
  facet normal 1 0 0
    outer loop
      vertex 302.4 7.37285 50.7936
      vertex 302.4 9.95071 84.127
      vertex 302.4 9.12898 85.7143
    endloop
  endfacet
  facet normal 1 0 0
    outer loop
      vertex 302.4 10.8306 82.5397
      vertex 302.4 8.53819 52.381
      vertex 302.4 9.76096 53.9682
    endloop
  endfacet
  facet normal 1 0 0
    outer loop
      vertex 302.4 6.30983 49.2063
      vertex 302.4 9.12898 85.7143
      vertex 302.4 8.38559 87.3016
    endloop
  endfacet
  facet normal 1 0 0
    outer loop
      vertex 302.4 5.39082 47.619
      vertex 302.4 8.38559 87.3016
      vertex 302.4 7.73605 88.8889
    endloop
  endfacet
  facet normal 1 0 0
    outer loop
      vertex 302.4 9.95071 84.127
      vertex 302.4 7.37285 50.7936
      vertex 302.4 8.53819 52.381
    endloop
  endfacet
  facet normal 1 0 0
    outer loop
      vertex 302.4 5.39082 47.619
      vertex 302.4 7.73605 88.8889
      vertex 302.4 7.19104 90.4762
    endloop
  endfacet
  facet normal 1 0 0
    outer loop
      vertex 302.4 4.65239 46.0317
      vertex 302.4 7.19104 90.4762
      vertex 302.4 6.75633 92.0635
    endloop
  endfacet
  facet normal 1 0 0
    outer loop
      vertex 302.4 4.65239 46.0317
      vertex 302.4 6.75633 92.0635
      vertex 302.4 6.43304 93.6508
    endloop
  endfacet
  facet normal 1 0 0
    outer loop
      vertex 302.4 9.12898 85.7143
      vertex 302.4 6.30983 49.2063
      vertex 302.4 7.37285 50.7936
    endloop
  endfacet
  facet normal 1 0 0
    outer loop
      vertex 302.4 4.65239 46.0317
      vertex 302.4 6.43304 93.6508
      vertex 302.4 6.21805 95.2381
    endloop
  endfacet
  facet normal 1 0 0
    outer loop
      vertex 302.4 4.65239 46.0317
      vertex 302.4 6.21805 95.2381
      vertex 302.4 6.10446 96.8254
    endloop
  endfacet
  facet normal 1 0 0
    outer loop
      vertex 302.4 0 100
      vertex 302.4 6.10446 96.8254
      vertex 302.4 6.08243 98.4127
    endloop
  endfacet
  facet normal 1 0 0
    outer loop
      vertex 302.4 8.38559 87.3016
      vertex 302.4 5.39082 47.619
      vertex 302.4 6.30983 49.2063
    endloop
  endfacet
  facet normal 1 0 0
    outer loop
      vertex 302.4 14.9159 19.0476
      vertex 302.4 14.6983 15.873
      vertex 302.4 14.9332 17.4603
    endloop
  endfacet
  facet normal 1 0 0
    outer loop
      vertex 302.4 14.6477 20.6349
      vertex 302.4 14.6983 15.873
      vertex 302.4 14.9159 19.0476
    endloop
  endfacet
  facet normal 1 0 0
    outer loop
      vertex 302.4 14.6477 20.6349
      vertex 302.4 14.2212 14.2857
      vertex 302.4 14.6983 15.873
    endloop
  endfacet
  facet normal 1 0 0
    outer loop
      vertex 302.4 14.1416 22.2222
      vertex 302.4 14.2212 14.2857
      vertex 302.4 14.6477 20.6349
    endloop
  endfacet
  facet normal 1 0 0
    outer loop
      vertex 302.4 14.1416 22.2222
      vertex 302.4 13.5232 12.6984
      vertex 302.4 14.2212 14.2857
    endloop
  endfacet
  facet normal 1 0 0
    outer loop
      vertex 302.4 13.4209 23.8095
      vertex 302.4 13.5232 12.6984
      vertex 302.4 14.1416 22.2222
    endloop
  endfacet
  facet normal 1 0 0
    outer loop
      vertex 302.4 13.4209 23.8095
      vertex 302.4 12.6359 11.1111
      vertex 302.4 13.5232 12.6984
    endloop
  endfacet
  facet normal 1 0 0
    outer loop
      vertex 302.4 12.5187 25.3968
      vertex 302.4 12.6359 11.1111
      vertex 302.4 13.4209 23.8095
    endloop
  endfacet
  facet normal 1 0 0
    outer loop
      vertex 302.4 12.5187 25.3968
      vertex 302.4 11.5997 9.5238
      vertex 302.4 12.6359 11.1111
    endloop
  endfacet
  facet normal 1 0 0
    outer loop
      vertex 302.4 11.4762 26.9841
      vertex 302.4 11.5997 9.5238
      vertex 302.4 12.5187 25.3968
    endloop
  endfacet
  facet normal 1 0 0
    outer loop
      vertex 302.4 11.4762 26.9841
      vertex 302.4 10.4622 7.93649
      vertex 302.4 11.5997 9.5238
    endloop
  endfacet
  facet normal 1 0 0
    outer loop
      vertex 302.4 10.3403 28.5714
      vertex 302.4 10.4622 7.93649
      vertex 302.4 11.4762 26.9841
    endloop
  endfacet
  facet normal 1 0 0
    outer loop
      vertex 302.4 10.3403 28.5714
      vertex 302.4 9.27602 6.3492
      vertex 302.4 10.4622 7.93649
    endloop
  endfacet
  facet normal 1 0 0
    outer loop
      vertex 302.4 9.16196 30.1587
      vertex 302.4 9.27602 6.3492
      vertex 302.4 10.3403 28.5714
    endloop
  endfacet
  facet normal 1 0 0
    outer loop
      vertex 302.4 0 0
      vertex 302.4 9.27602 6.3492
      vertex 302.4 9.16196 30.1587
    endloop
  endfacet
  facet normal 1 0 0
    outer loop
      vertex 302.4 0 0
      vertex 302.4 9.16196 30.1587
      vertex 302.4 7.99382 31.746
    endloop
  endfacet
  facet normal 1 0 0
    outer loop
      vertex 302.4 9.27602 6.3492
      vertex 302.4 0 0
      vertex 302.4 8.09639 4.7619
    endloop
  endfacet
  facet normal 1 0 0
    outer loop
      vertex 302.4 0 0
      vertex 302.4 7.99382 31.746
      vertex 302.4 6.88763 33.3333
    endloop
  endfacet
  facet normal 1 0 0
    outer loop
      vertex 302.4 8.09639 4.7619
      vertex 302.4 0 0
      vertex 302.4 6.97862 3.17459
    endloop
  endfacet
  facet normal 1 0 0
    outer loop
      vertex 302.4 0 0
      vertex 302.4 6.88763 33.3333
      vertex 302.4 5.89215 34.9206
    endloop
  endfacet
  facet normal 1 0 0
    outer loop
      vertex 302.4 6.97862 3.17459
      vertex 302.4 0 0
      vertex 302.4 5.97559 1.5873
    endloop
  endfacet
  facet normal 1 0 0
    outer loop
      vertex 302.4 0 0
      vertex 302.4 5.89215 34.9206
      vertex 302.4 5.05093 36.5079
    endloop
  endfacet
  facet normal 1 0 0
    outer loop
      vertex 302.4 0 0
      vertex 302.4 5.05093 36.5079
      vertex 302.4 4.40063 38.0952
    endloop
  endfacet
  facet normal 1 0 0
    outer loop
      vertex 302.4 0 0
      vertex 302.4 4.40063 38.0952
      vertex 302.4 3.96936 39.6825
    endloop
  endfacet
  facet normal 1 0 0
    outer loop
      vertex 302.4 0 0
      vertex 302.4 3.96936 39.6825
      vertex 302.4 3.7757 41.2698
    endloop
  endfacet
  facet normal 1 0 0
    outer loop
      vertex 302.4 0 0
      vertex 302.4 3.7757 41.2698
      vertex 302.4 0 100
    endloop
  endfacet
  facet normal 1 0 0
    outer loop
      vertex 302.4 5.97559 1.5873
      vertex 302.4 0 0
      vertex 302.4 5.13528 0
    endloop
  endfacet
  facet normal 0 0.845361 -0.534195
    outer loop
      vertex 302.4 5.97559 1.5873
      vertex 296.489 6.97862 3.17459
      vertex 302.4 6.97862 3.17459
    endloop
  endfacet
  facet normal 0 0.845361 -0.534195
    outer loop
      vertex 296.489 6.97862 3.17459
      vertex 302.4 5.97559 1.5873
      vertex 296.489 5.97559 1.5873
    endloop
  endfacet
  facet normal 0 0.817619 -0.57576
    outer loop
      vertex 302.4 6.97862 3.17459
      vertex 296.489 8.09639 4.7619
      vertex 302.4 8.09639 4.7619
    endloop
  endfacet
  facet normal 0 0.817619 -0.57576
    outer loop
      vertex 296.489 8.09639 4.7619
      vertex 302.4 6.97862 3.17459
      vertex 296.489 6.97862 3.17459
    endloop
  endfacet
  facet normal 0 0.802625 -0.596485
    outer loop
      vertex 302.4 8.09639 4.7619
      vertex 296.489 9.27602 6.3492
      vertex 302.4 9.27602 6.3492
    endloop
  endfacet
  facet normal 0 0.802625 -0.596485
    outer loop
      vertex 296.489 9.27602 6.3492
      vertex 302.4 8.09639 4.7619
      vertex 296.489 8.09639 4.7619
    endloop
  endfacet
  facet normal 0 0.801037 -0.598614
    outer loop
      vertex 302.4 9.27602 6.3492
      vertex 296.489 10.4622 7.93649
      vertex 302.4 10.4622 7.93649
    endloop
  endfacet
  facet normal 0 0.801037 -0.598614
    outer loop
      vertex 296.489 10.4622 7.93649
      vertex 302.4 9.27602 6.3492
      vertex 296.489 9.27602 6.3492
    endloop
  endfacet
  facet normal 0 0.812835 -0.582495
    outer loop
      vertex 302.4 10.4622 7.93649
      vertex 296.489 11.5997 9.5238
      vertex 302.4 11.5997 9.5238
    endloop
  endfacet
  facet normal 0 0.812835 -0.582495
    outer loop
      vertex 296.489 11.5997 9.5238
      vertex 302.4 10.4622 7.93649
      vertex 296.489 10.4622 7.93649
    endloop
  endfacet
  facet normal 0 0.837368 -0.546639
    outer loop
      vertex 302.4 11.5997 9.5238
      vertex 296.489 12.6359 11.1111
      vertex 302.4 12.6359 11.1111
    endloop
  endfacet
  facet normal 0 0.837368 -0.546639
    outer loop
      vertex 296.489 12.6359 11.1111
      vertex 302.4 11.5997 9.5238
      vertex 296.489 11.5997 9.5238
    endloop
  endfacet
  facet normal 0 0.872878 -0.487938
    outer loop
      vertex 302.4 12.6359 11.1111
      vertex 296.489 13.5232 12.6984
      vertex 302.4 13.5232 12.6984
    endloop
  endfacet
  facet normal 0 0.872878 -0.487938
    outer loop
      vertex 296.489 13.5232 12.6984
      vertex 302.4 12.6359 11.1111
      vertex 296.489 12.6359 11.1111
    endloop
  endfacet
  facet normal 0 0.915403 -0.40254
    outer loop
      vertex 302.4 13.5232 12.6984
      vertex 296.489 14.2212 14.2857
      vertex 302.4 14.2212 14.2857
    endloop
  endfacet
  facet normal 0 0.915403 -0.40254
    outer loop
      vertex 296.489 14.2212 14.2857
      vertex 302.4 13.5232 12.6984
      vertex 296.489 13.5232 12.6984
    endloop
  endfacet
  facet normal 0 0.957675 -0.287852
    outer loop
      vertex 302.4 14.2212 14.2857
      vertex 296.489 14.6983 15.873
      vertex 302.4 14.6983 15.873
    endloop
  endfacet
  facet normal 0 0.957675 -0.287852
    outer loop
      vertex 296.489 14.6983 15.873
      vertex 302.4 14.2212 14.2857
      vertex 296.489 14.2212 14.2857
    endloop
  endfacet
  facet normal 0 0.989227 -0.146393
    outer loop
      vertex 302.4 14.6983 15.873
      vertex 296.489 14.9332 17.4603
      vertex 302.4 14.9332 17.4603
    endloop
  endfacet
  facet normal 0 0.989227 -0.146393
    outer loop
      vertex 296.489 14.9332 17.4603
      vertex 302.4 14.6983 15.873
      vertex 296.489 14.6983 15.873
    endloop
  endfacet
  facet normal 0 0.999941 0.0108984
    outer loop
      vertex 302.4 14.9332 17.4603
      vertex 296.489 14.9159 19.0476
      vertex 302.4 14.9159 19.0476
    endloop
  endfacet
  facet normal 0 0.999941 0.0108984
    outer loop
      vertex 296.489 14.9159 19.0476
      vertex 302.4 14.9332 17.4603
      vertex 296.489 14.9332 17.4603
    endloop
  endfacet
  facet normal 0 0.986024 0.166605
    outer loop
      vertex 302.4 14.9159 19.0476
      vertex 296.489 14.6477 20.6349
      vertex 302.4 14.6477 20.6349
    endloop
  endfacet
  facet normal 0 0.986024 0.166605
    outer loop
      vertex 296.489 14.6477 20.6349
      vertex 302.4 14.9159 19.0476
      vertex 296.489 14.9159 19.0476
    endloop
  endfacet
  facet normal 0 0.952744 0.303776
    outer loop
      vertex 302.4 14.6477 20.6349
      vertex 296.489 14.1416 22.2222
      vertex 302.4 14.1416 22.2222
    endloop
  endfacet
  facet normal 0 0.952744 0.303776
    outer loop
      vertex 296.489 14.1416 22.2222
      vertex 302.4 14.6477 20.6349
      vertex 296.489 14.6477 20.6349
    endloop
  endfacet
  facet normal 0 0.910539 0.413423
    outer loop
      vertex 302.4 14.1416 22.2222
      vertex 296.489 13.4209 23.8095
      vertex 302.4 13.4209 23.8095
    endloop
  endfacet
  facet normal 0 0.910539 0.413423
    outer loop
      vertex 296.489 13.4209 23.8095
      vertex 302.4 14.1416 22.2222
      vertex 296.489 14.1416 22.2222
    endloop
  endfacet
  facet normal 0 0.86938 0.494144
    outer loop
      vertex 302.4 13.4209 23.8095
      vertex 296.489 12.5187 25.3968
      vertex 302.4 12.5187 25.3968
    endloop
  endfacet
  facet normal 0 0.86938 0.494144
    outer loop
      vertex 296.489 12.5187 25.3968
      vertex 302.4 13.4209 23.8095
      vertex 296.489 13.4209 23.8095
    endloop
  endfacet
  facet normal 0 0.835846 0.548964
    outer loop
      vertex 302.4 12.5187 25.3968
      vertex 296.489 11.4762 26.9841
      vertex 302.4 11.4762 26.9841
    endloop
  endfacet
  facet normal 0 0.835846 0.548964
    outer loop
      vertex 296.489 11.4762 26.9841
      vertex 302.4 12.5187 25.3968
      vertex 296.489 12.5187 25.3968
    endloop
  endfacet
  facet normal 0 0.813221 0.581955
    outer loop
      vertex 302.4 11.4762 26.9841
      vertex 296.489 10.3403 28.5714
      vertex 302.4 10.3403 28.5714
    endloop
  endfacet
  facet normal 0 0.813221 0.581955
    outer loop
      vertex 296.489 10.3403 28.5714
      vertex 302.4 11.4762 26.9841
      vertex 296.489 11.4762 26.9841
    endloop
  endfacet
  facet normal 0 0.802937 0.596064
    outer loop
      vertex 302.4 10.3403 28.5714
      vertex 296.489 9.16196 30.1587
      vertex 302.4 9.16196 30.1587
    endloop
  endfacet
  facet normal 0 0.802937 0.596064
    outer loop
      vertex 296.489 9.16196 30.1587
      vertex 302.4 10.3403 28.5714
      vertex 296.489 10.3403 28.5714
    endloop
  endfacet
  facet normal 0 0.805407 0.592722
    outer loop
      vertex 302.4 9.16196 30.1587
      vertex 296.489 7.99382 31.746
      vertex 302.4 7.99382 31.746
    endloop
  endfacet
  facet normal 0 0.805407 0.592722
    outer loop
      vertex 296.489 7.99382 31.746
      vertex 302.4 9.16196 30.1587
      vertex 296.489 9.16196 30.1587
    endloop
  endfacet
  facet normal 0 0.820425 0.571754
    outer loop
      vertex 302.4 7.99382 31.746
      vertex 296.489 6.88763 33.3333
      vertex 302.4 6.88763 33.3333
    endloop
  endfacet
  facet normal 0 0.820425 0.571754
    outer loop
      vertex 296.489 6.88763 33.3333
      vertex 302.4 7.99382 31.746
      vertex 296.489 7.99382 31.746
    endloop
  endfacet
  facet normal 0 0.847178 0.53131
    outer loop
      vertex 302.4 6.88763 33.3333
      vertex 296.489 5.89215 34.9206
      vertex 302.4 5.89215 34.9206
    endloop
  endfacet
  facet normal 0 0.847178 0.53131
    outer loop
      vertex 296.489 5.89215 34.9206
      vertex 302.4 6.88763 33.3333
      vertex 296.489 6.88763 33.3333
    endloop
  endfacet
  facet normal 0 0.883584 0.468272
    outer loop
      vertex 302.4 5.89215 34.9206
      vertex 296.489 5.05093 36.5079
      vertex 302.4 5.05093 36.5079
    endloop
  endfacet
  facet normal 0 0.883584 0.468272
    outer loop
      vertex 296.489 5.05093 36.5079
      vertex 302.4 5.89215 34.9206
      vertex 296.489 5.89215 34.9206
    endloop
  endfacet
  facet normal 0 0.925353 0.379107
    outer loop
      vertex 302.4 5.05093 36.5079
      vertex 296.489 4.40063 38.0952
      vertex 302.4 4.40063 38.0952
    endloop
  endfacet
  facet normal 0 0.925353 0.379107
    outer loop
      vertex 296.489 4.40063 38.0952
      vertex 302.4 5.05093 36.5079
      vertex 296.489 5.05093 36.5079
    endloop
  endfacet
  facet normal 0 0.965015 0.262195
    outer loop
      vertex 302.4 4.40063 38.0952
      vertex 296.489 3.96936 39.6825
      vertex 302.4 3.96936 39.6825
    endloop
  endfacet
  facet normal 0 0.965015 0.262195
    outer loop
      vertex 296.489 3.96936 39.6825
      vertex 302.4 4.40063 38.0952
      vertex 296.489 4.40063 38.0952
    endloop
  endfacet
  facet normal 0 0.992639 0.121108
    outer loop
      vertex 302.4 3.96936 39.6825
      vertex 296.489 3.7757 41.2698
      vertex 302.4 3.7757 41.2698
    endloop
  endfacet
  facet normal 0 0.992639 0.121108
    outer loop
      vertex 296.489 3.7757 41.2698
      vertex 302.4 3.96936 39.6825
      vertex 296.489 3.96936 39.6825
    endloop
  endfacet
  facet normal 0 0.999457 -0.0329437
    outer loop
      vertex 302.4 3.7757 41.2698
      vertex 296.489 3.82802 42.8571
      vertex 302.4 3.82802 42.8571
    endloop
  endfacet
  facet normal 0 0.999457 -0.0329437
    outer loop
      vertex 296.489 3.82802 42.8571
      vertex 302.4 3.7757 41.2698
      vertex 296.489 3.7757 41.2698
    endloop
  endfacet
  facet normal 0 0.983024 -0.183476
    outer loop
      vertex 302.4 3.82802 42.8571
      vertex 296.489 4.12428 44.4444
      vertex 302.4 4.12428 44.4444
    endloop
  endfacet
  facet normal 0 0.983024 -0.183476
    outer loop
      vertex 296.489 4.12428 44.4444
      vertex 302.4 3.82802 42.8571
      vertex 296.489 3.82802 42.8571
    endloop
  endfacet
  facet normal 0 0.948861 -0.315695
    outer loop
      vertex 302.4 4.12428 44.4444
      vertex 296.489 4.65239 46.0317
      vertex 302.4 4.65239 46.0317
    endloop
  endfacet
  facet normal 0 0.948861 -0.315695
    outer loop
      vertex 296.489 4.65239 46.0317
      vertex 302.4 4.12428 44.4444
      vertex 296.489 4.12428 44.4444
    endloop
  endfacet
  facet normal 0 0.906688 -0.421802
    outer loop
      vertex 302.4 4.65239 46.0317
      vertex 296.489 5.39082 47.619
      vertex 302.4 5.39082 47.619
    endloop
  endfacet
  facet normal 0 0.906688 -0.421802
    outer loop
      vertex 296.489 5.39082 47.619
      vertex 302.4 4.65239 46.0317
      vertex 296.489 4.65239 46.0317
    endloop
  endfacet
  facet normal 0 0.865415 -0.501055
    outer loop
      vertex 302.4 5.39082 47.619
      vertex 296.489 6.30983 49.2063
      vertex 302.4 6.30983 49.2063
    endloop
  endfacet
  facet normal 0 0.865415 -0.501055
    outer loop
      vertex 296.489 6.30983 49.2063
      vertex 302.4 5.39082 47.619
      vertex 296.489 5.39082 47.619
    endloop
  endfacet
  facet normal 0 0.830884 -0.556446
    outer loop
      vertex 302.4 6.30983 49.2063
      vertex 296.489 7.37285 50.7936
      vertex 302.4 7.37285 50.7936
    endloop
  endfacet
  facet normal 0 0.830884 -0.556446
    outer loop
      vertex 296.489 7.37285 50.7936
      vertex 302.4 6.30983 49.2063
      vertex 296.489 6.30983 49.2063
    endloop
  endfacet
  facet normal 0 0.806103 -0.591775
    outer loop
      vertex 302.4 7.37285 50.7936
      vertex 296.489 8.53819 52.381
      vertex 302.4 8.53819 52.381
    endloop
  endfacet
  facet normal 0 0.806103 -0.591775
    outer loop
      vertex 296.489 8.53819 52.381
      vertex 302.4 7.37285 50.7936
      vertex 296.489 7.37285 50.7936
    endloop
  endfacet
  facet normal 0 0.792178 -0.61029
    outer loop
      vertex 302.4 8.53819 52.381
      vertex 296.489 9.76096 53.9682
      vertex 302.4 9.76096 53.9682
    endloop
  endfacet
  facet normal 0 0.792178 -0.61029
    outer loop
      vertex 296.489 9.76096 53.9682
      vertex 302.4 8.53819 52.381
      vertex 296.489 8.53819 52.381
    endloop
  endfacet
  facet normal 0 0.789503 -0.613746
    outer loop
      vertex 302.4 9.76096 53.9682
      vertex 296.489 10.9949 55.5555
      vertex 302.4 10.9949 55.5555
    endloop
  endfacet
  facet normal 0 0.789503 -0.613746
    outer loop
      vertex 296.489 10.9949 55.5555
      vertex 302.4 9.76096 53.9682
      vertex 296.489 9.76096 53.9682
    endloop
  endfacet
  facet normal 0 0.797787 -0.602939
    outer loop
      vertex 302.4 10.9949 55.5555
      vertex 296.489 12.1946 57.1429
      vertex 302.4 12.1946 57.1429
    endloop
  endfacet
  facet normal 0 0.797787 -0.602939
    outer loop
      vertex 296.489 12.1946 57.1429
      vertex 302.4 10.9949 55.5555
      vertex 296.489 10.9949 55.5555
    endloop
  endfacet
  facet normal 0 0.816453 -0.577412
    outer loop
      vertex 302.4 12.1946 57.1429
      vertex 296.489 13.3171 58.7301
      vertex 302.4 13.3171 58.7301
    endloop
  endfacet
  facet normal 0 0.816453 -0.577412
    outer loop
      vertex 296.489 13.3171 58.7301
      vertex 302.4 12.1946 57.1429
      vertex 296.489 12.1946 57.1429
    endloop
  endfacet
  facet normal 0 0.844543 -0.535487
    outer loop
      vertex 302.4 13.3171 58.7301
      vertex 296.489 14.3236 60.3175
      vertex 302.4 14.3236 60.3175
    endloop
  endfacet
  facet normal 0 0.844543 -0.535487
    outer loop
      vertex 296.489 14.3236 60.3175
      vertex 302.4 13.3171 58.7301
      vertex 296.489 13.3171 58.7301
    endloop
  endfacet
  facet normal 0 0.879822 -0.475303
    outer loop
      vertex 302.4 14.3236 60.3175
      vertex 296.489 15.1811 61.9048
      vertex 302.4 15.1811 61.9048
    endloop
  endfacet
  facet normal 0 0.879822 -0.475303
    outer loop
      vertex 296.489 15.1811 61.9048
      vertex 302.4 14.3236 60.3175
      vertex 296.489 14.3236 60.3175
    endloop
  endfacet
  facet normal 0 0.918761 -0.394813
    outer loop
      vertex 302.4 15.1811 61.9048
      vertex 296.489 15.8632 63.4921
      vertex 302.4 15.8632 63.4921
    endloop
  endfacet
  facet normal 0 0.918761 -0.394813
    outer loop
      vertex 296.489 15.8632 63.4921
      vertex 302.4 15.1811 61.9048
      vertex 296.489 15.1811 61.9048
    endloop
  endfacet
  facet normal 0 0.95583 -0.293921
    outer loop
      vertex 302.4 15.8632 63.4921
      vertex 296.489 16.3513 65.0794
      vertex 302.4 16.3513 65.0794
    endloop
  endfacet
  facet normal 0 0.95583 -0.293921
    outer loop
      vertex 296.489 16.3513 65.0794
      vertex 302.4 15.8632 63.4921
      vertex 296.489 15.8632 63.4921
    endloop
  endfacet
  facet normal 0 0.984443 -0.175703
    outer loop
      vertex 302.4 16.3513 65.0794
      vertex 296.489 16.6346 66.6667
      vertex 302.4 16.6346 66.6667
    endloop
  endfacet
  facet normal 0 0.984443 -0.175703
    outer loop
      vertex 296.489 16.6346 66.6667
      vertex 302.4 16.3513 65.0794
      vertex 296.489 16.3513 65.0794
    endloop
  endfacet
  facet normal 0 0.998853 -0.047888
    outer loop
      vertex 302.4 16.6346 66.6667
      vertex 296.489 16.7107 68.254
      vertex 302.4 16.7107 68.254
    endloop
  endfacet
  facet normal 0 0.998853 -0.047888
    outer loop
      vertex 296.489 16.7107 68.254
      vertex 302.4 16.6346 66.6667
      vertex 296.489 16.6346 66.6667
    endloop
  endfacet
  facet normal 0 0.996869 0.0790688
    outer loop
      vertex 302.4 16.7107 68.254
      vertex 296.489 16.5848 69.8413
      vertex 302.4 16.5848 69.8413
    endloop
  endfacet
  facet normal 0 0.996869 0.0790688
    outer loop
      vertex 296.489 16.5848 69.8413
      vertex 302.4 16.7107 68.254
      vertex 296.489 16.7107 68.254
    endloop
  endfacet
  facet normal 0 0.980813 0.194951
    outer loop
      vertex 302.4 16.5848 69.8413
      vertex 296.489 16.2693 71.4286
      vertex 302.4 16.2693 71.4286
    endloop
  endfacet
  facet normal 0 0.980813 0.194951
    outer loop
      vertex 296.489 16.2693 71.4286
      vertex 302.4 16.5848 69.8413
      vertex 296.489 16.5848 69.8413
    endloop
  endfacet
  facet normal 0 0.956151 0.292875
    outer loop
      vertex 302.4 16.2693 71.4286
      vertex 296.489 15.7831 73.0159
      vertex 302.4 15.7831 73.0159
    endloop
  endfacet
  facet normal 0 0.956151 0.292875
    outer loop
      vertex 296.489 15.7831 73.0159
      vertex 302.4 16.2693 71.4286
      vertex 296.489 16.2693 71.4286
    endloop
  endfacet
  facet normal 0 0.928884 0.370371
    outer loop
      vertex 302.4 15.7831 73.0159
      vertex 296.489 15.1502 74.6032
      vertex 302.4 15.1502 74.6032
    endloop
  endfacet
  facet normal 0 0.928884 0.370371
    outer loop
      vertex 296.489 15.1502 74.6032
      vertex 302.4 15.7831 73.0159
      vertex 296.489 15.7831 73.0159
    endloop
  endfacet
  facet normal 0 0.903843 0.427864
    outer loop
      vertex 302.4 15.1502 74.6032
      vertex 296.489 14.3988 76.1905
      vertex 302.4 14.3988 76.1905
    endloop
  endfacet
  facet normal 0 0.903843 0.427864
    outer loop
      vertex 296.489 14.3988 76.1905
      vertex 302.4 15.1502 74.6032
      vertex 296.489 15.1502 74.6032
    endloop
  endfacet
  facet normal 0 0.884003 0.467481
    outer loop
      vertex 302.4 14.3988 76.1905
      vertex 296.489 13.5594 77.7778
      vertex 302.4 13.5594 77.7778
    endloop
  endfacet
  facet normal 0 0.884003 0.467481
    outer loop
      vertex 296.489 13.5594 77.7778
      vertex 302.4 14.3988 76.1905
      vertex 296.489 14.3988 76.1905
    endloop
  endfacet
  facet normal 0 0.870978 0.491321
    outer loop
      vertex 302.4 13.5594 77.7778
      vertex 296.489 12.664 79.3651
      vertex 302.4 12.664 79.3651
    endloop
  endfacet
  facet normal 0 0.870978 0.491321
    outer loop
      vertex 296.489 12.664 79.3651
      vertex 302.4 13.5594 77.7778
      vertex 296.489 13.5594 77.7778
    endloop
  endfacet
  facet normal 0 0.865252 0.501337
    outer loop
      vertex 302.4 12.664 79.3651
      vertex 296.489 11.7443 80.9524
      vertex 302.4 11.7443 80.9524
    endloop
  endfacet
  facet normal 0 0.865252 0.501337
    outer loop
      vertex 296.489 11.7443 80.9524
      vertex 302.4 12.664 79.3651
      vertex 296.489 12.664 79.3651
    endloop
  endfacet
  facet normal 0 0.86667 0.498882
    outer loop
      vertex 302.4 11.7443 80.9524
      vertex 296.489 10.8306 82.5397
      vertex 302.4 10.8306 82.5397
    endloop
  endfacet
  facet normal 0 0.86667 0.498882
    outer loop
      vertex 296.489 10.8306 82.5397
      vertex 302.4 11.7443 80.9524
      vertex 296.489 11.7443 80.9524
    endloop
  endfacet
  facet normal 0 0.874611 0.484824
    outer loop
      vertex 302.4 10.8306 82.5397
      vertex 296.489 9.95071 84.127
      vertex 302.4 9.95071 84.127
    endloop
  endfacet
  facet normal 0 0.874611 0.484824
    outer loop
      vertex 296.489 9.95071 84.127
      vertex 302.4 10.8306 82.5397
      vertex 296.489 10.8306 82.5397
    endloop
  endfacet
  facet normal 0 0.888055 0.459737
    outer loop
      vertex 302.4 9.95071 84.127
      vertex 296.489 9.12898 85.7143
      vertex 302.4 9.12898 85.7143
    endloop
  endfacet
  facet normal 0 0.888055 0.459737
    outer loop
      vertex 296.489 9.12898 85.7143
      vertex 302.4 9.95071 84.127
      vertex 296.489 9.95071 84.127
    endloop
  endfacet
  facet normal 0 0.905603 0.424127
    outer loop
      vertex 302.4 9.12898 85.7143
      vertex 296.489 8.38559 87.3016
      vertex 302.4 8.38559 87.3016
    endloop
  endfacet
  facet normal 0 0.905603 0.424127
    outer loop
      vertex 296.489 8.38559 87.3016
      vertex 302.4 9.12898 85.7143
      vertex 296.489 9.12898 85.7143
    endloop
  endfacet
  facet normal 0 0.925508 0.378728
    outer loop
      vertex 302.4 8.38559 87.3016
      vertex 296.489 7.73605 88.8889
      vertex 302.4 7.73605 88.8889
    endloop
  endfacet
  facet normal 0 0.925508 0.378728
    outer loop
      vertex 296.489 7.73605 88.8889
      vertex 302.4 8.38559 87.3016
      vertex 296.489 8.38559 87.3016
    endloop
  endfacet
  facet normal 0 0.945801 0.324747
    outer loop
      vertex 302.4 7.73605 88.8889
      vertex 296.489 7.19104 90.4762
      vertex 302.4 7.19104 90.4762
    endloop
  endfacet
  facet normal 0 0.945801 0.324747
    outer loop
      vertex 296.489 7.19104 90.4762
      vertex 302.4 7.73605 88.8889
      vertex 296.489 7.73605 88.8889
    endloop
  endfacet
  facet normal 0 0.964484 0.264141
    outer loop
      vertex 302.4 7.19104 90.4762
      vertex 296.489 6.75633 92.0635
      vertex 302.4 6.75633 92.0635
    endloop
  endfacet
  facet normal 0 0.964484 0.264141
    outer loop
      vertex 296.489 6.75633 92.0635
      vertex 302.4 7.19104 90.4762
      vertex 296.489 7.19104 90.4762
    endloop
  endfacet
  facet normal 0 0.979882 0.199576
    outer loop
      vertex 302.4 6.75633 92.0635
      vertex 296.489 6.43304 93.6508
      vertex 302.4 6.43304 93.6508
    endloop
  endfacet
  facet normal 0 0.979882 0.199576
    outer loop
      vertex 296.489 6.43304 93.6508
      vertex 302.4 6.75633 92.0635
      vertex 296.489 6.75633 92.0635
    endloop
  endfacet
  facet normal 0 0.990952 0.134218
    outer loop
      vertex 302.4 6.43304 93.6508
      vertex 296.489 6.21805 95.2381
      vertex 302.4 6.21805 95.2381
    endloop
  endfacet
  facet normal 0 0.990952 0.134218
    outer loop
      vertex 296.489 6.21805 95.2381
      vertex 302.4 6.43304 93.6508
      vertex 296.489 6.43304 93.6508
    endloop
  endfacet
  facet normal 0 0.997449 0.0713792
    outer loop
      vertex 302.4 6.21805 95.2381
      vertex 296.489 6.10446 96.8254
      vertex 302.4 6.10446 96.8254
    endloop
  endfacet
  facet normal 0 0.997449 0.0713792
    outer loop
      vertex 296.489 6.10446 96.8254
      vertex 302.4 6.21805 95.2381
      vertex 296.489 6.21805 95.2381
    endloop
  endfacet
  facet normal 0 0.999904 0.0138776
    outer loop
      vertex 302.4 6.10446 96.8254
      vertex 296.489 6.08243 98.4127
      vertex 302.4 6.08243 98.4127
    endloop
  endfacet
  facet normal 0 0.999904 0.0138776
    outer loop
      vertex 296.489 6.08243 98.4127
      vertex 302.4 6.10446 96.8254
      vertex 296.489 6.10446 96.8254
    endloop
  endfacet
  facet normal 0 0.999349 -0.0360818
    outer loop
      vertex 302.4 6.08243 98.4127
      vertex 296.489 6.13974 100
      vertex 302.4 6.13974 100
    endloop
  endfacet
  facet normal 0 0.999349 -0.0360818
    outer loop
      vertex 296.489 6.13974 100
      vertex 302.4 6.08243 98.4127
      vertex 296.489 6.08243 98.4127
    endloop
  endfacet
  facet normal 0 0.883794 -0.467877
    outer loop
      vertex 302.4 5.13528 0
      vertex 296.489 5.97559 1.5873
      vertex 302.4 5.97559 1.5873
    endloop
  endfacet
  facet normal 0 0.883794 -0.467877
    outer loop
      vertex 296.489 5.97559 1.5873
      vertex 302.4 5.13528 0
      vertex 296.489 5.13528 0
    endloop
  endfacet
  facet normal -1 0 0
    outer loop
      vertex 304.267 14.7592 14.2857
      vertex 304.267 14.7018 17.4603
      vertex 304.267 14.8634 15.873
    endloop
  endfacet
  facet normal -1 0 0
    outer loop
      vertex 304.267 14.3933 12.6984
      vertex 304.267 14.7018 17.4603
      vertex 304.267 14.7592 14.2857
    endloop
  endfacet
  facet normal -1 0 0
    outer loop
      vertex 304.267 14.3933 12.6984
      vertex 304.267 14.2835 19.0476
      vertex 304.267 14.7018 17.4603
    endloop
  endfacet
  facet normal -1 0 0
    outer loop
      vertex 304.267 13.782 11.1111
      vertex 304.267 14.2835 19.0476
      vertex 304.267 14.3933 12.6984
    endloop
  endfacet
  facet normal -1 0 0
    outer loop
      vertex 304.267 13.782 11.1111
      vertex 304.267 13.6294 20.6349
      vertex 304.267 14.2835 19.0476
    endloop
  endfacet
  facet normal -1 0 0
    outer loop
      vertex 304.267 12.9539 9.5238
      vertex 304.267 13.6294 20.6349
      vertex 304.267 13.782 11.1111
    endloop
  endfacet
  facet normal -1 0 0
    outer loop
      vertex 304.267 12.9539 9.5238
      vertex 304.267 12.7721 22.2222
      vertex 304.267 13.6294 20.6349
    endloop
  endfacet
  facet normal -1 0 0
    outer loop
      vertex 304.267 11.948 7.93649
      vertex 304.267 12.7721 22.2222
      vertex 304.267 12.9539 9.5238
    endloop
  endfacet
  facet normal -1 0 0
    outer loop
      vertex 304.267 11.948 7.93649
      vertex 304.267 11.7536 23.8095
      vertex 304.267 12.7721 22.2222
    endloop
  endfacet
  facet normal -1 0 0
    outer loop
      vertex 304.267 10.8122 6.3492
      vertex 304.267 11.7536 23.8095
      vertex 304.267 11.948 7.93649
    endloop
  endfacet
  facet normal -1 0 0
    outer loop
      vertex 304.267 10.8122 6.3492
      vertex 304.267 10.6234 25.3968
      vertex 304.267 11.7536 23.8095
    endloop
  endfacet
  facet normal -1 0 0
    outer loop
      vertex 304.267 0 0
      vertex 304.267 10.8122 6.3492
      vertex 304.267 9.60085 4.7619
    endloop
  endfacet
  facet normal -1 -0 0
    outer loop
      vertex 304.267 10.8122 6.3492
      vertex 304.267 0 0
      vertex 304.267 10.6234 25.3968
    endloop
  endfacet
  facet normal -1 0 0
    outer loop
      vertex 304.267 0 0
      vertex 304.267 9.60085 4.7619
      vertex 304.267 8.37225 3.17459
    endloop
  endfacet
  facet normal -1 -0 0
    outer loop
      vertex 304.267 10.6234 25.3968
      vertex 304.267 0 0
      vertex 304.267 9.4362 26.9841
    endloop
  endfacet
  facet normal -1 0 0
    outer loop
      vertex 304.267 0 0
      vertex 304.267 8.37225 3.17459
      vertex 304.267 7.18594 1.5873
    endloop
  endfacet
  facet normal -1 -0 0
    outer loop
      vertex 304.267 9.4362 26.9841
      vertex 304.267 0 0
      vertex 304.267 8.24944 28.5714
    endloop
  endfacet
  facet normal -1 -0 0
    outer loop
      vertex 304.267 8.24944 28.5714
      vertex 304.267 0 0
      vertex 304.267 7.12022 30.1587
    endloop
  endfacet
  facet normal -1 0 0
    outer loop
      vertex 304.267 0 0
      vertex 304.267 7.18594 1.5873
      vertex 304.267 6.09978 0
    endloop
  endfacet
  facet normal -1 -0 0
    outer loop
      vertex 304.267 7.12022 30.1587
      vertex 304.267 0 0
      vertex 304.267 6.10291 31.746
    endloop
  endfacet
  facet normal -1 -0 0
    outer loop
      vertex 304.267 6.10291 31.746
      vertex 304.267 0 0
      vertex 304.267 5.24641 33.3333
    endloop
  endfacet
  facet normal -1 -0 0
    outer loop
      vertex 304.267 5.24641 33.3333
      vertex 304.267 0 0
      vertex 304.267 4.5921 34.9206
    endloop
  endfacet
  facet normal -1 -0 0
    outer loop
      vertex 304.267 4.5921 34.9206
      vertex 304.267 0 0
      vertex 304.267 4.17186 36.5079
    endloop
  endfacet
  facet normal -1 -0 0
    outer loop
      vertex 304.267 4.17186 36.5079
      vertex 304.267 0 0
      vertex 304.267 4.0067 38.0952
    endloop
  endfacet
  facet normal -1 0 0
    outer loop
      vertex 304.267 16.8605 61.9048
      vertex 304.267 16.7874 65.0794
      vertex 304.267 16.9418 63.4921
    endloop
  endfacet
  facet normal -1 0 0
    outer loop
      vertex 304.267 16.5399 60.3175
      vertex 304.267 16.7874 65.0794
      vertex 304.267 16.8605 61.9048
    endloop
  endfacet
  facet normal -1 0 0
    outer loop
      vertex 304.267 16.5399 60.3175
      vertex 304.267 16.4106 66.6667
      vertex 304.267 16.7874 65.0794
    endloop
  endfacet
  facet normal -1 0 0
    outer loop
      vertex 304.267 15.9865 58.7301
      vertex 304.267 16.4106 66.6667
      vertex 304.267 16.5399 60.3175
    endloop
  endfacet
  facet normal -1 0 0
    outer loop
      vertex 304.267 15.9865 58.7301
      vertex 304.267 15.8336 68.254
      vertex 304.267 16.4106 66.6667
    endloop
  endfacet
  facet normal -1 0 0
    outer loop
      vertex 304.267 15.2172 57.1429
      vertex 304.267 15.8336 68.254
      vertex 304.267 15.9865 58.7301
    endloop
  endfacet
  facet normal -1 0 0
    outer loop
      vertex 304.267 15.2172 57.1429
      vertex 304.267 15.0859 69.8413
      vertex 304.267 15.8336 68.254
    endloop
  endfacet
  facet normal -1 0 0
    outer loop
      vertex 304.267 14.2584 55.5555
      vertex 304.267 15.0859 69.8413
      vertex 304.267 15.2172 57.1429
    endloop
  endfacet
  facet normal -1 0 0
    outer loop
      vertex 304.267 14.2584 55.5555
      vertex 304.267 14.2032 71.4286
      vertex 304.267 15.0859 69.8413
    endloop
  endfacet
  facet normal -1 0 0
    outer loop
      vertex 304.267 13.1454 53.9682
      vertex 304.267 14.2032 71.4286
      vertex 304.267 14.2584 55.5555
    endloop
  endfacet
  facet normal -1 -0 0
    outer loop
      vertex 304.267 14.2032 71.4286
      vertex 304.267 13.1454 53.9682
      vertex 304.267 13.2251 73.0159
    endloop
  endfacet
  facet normal -1 0 0
    outer loop
      vertex 304.267 11.9212 52.381
      vertex 304.267 13.2251 73.0159
      vertex 304.267 13.1454 53.9682
    endloop
  endfacet
  facet normal -1 -0 0
    outer loop
      vertex 304.267 13.2251 73.0159
      vertex 304.267 11.9212 52.381
      vertex 304.267 12.1936 74.6032
    endloop
  endfacet
  facet normal -1 0 0
    outer loop
      vertex 304.267 10.6341 50.7936
      vertex 304.267 12.1936 74.6032
      vertex 304.267 11.9212 52.381
    endloop
  endfacet
  facet normal -1 -0 0
    outer loop
      vertex 304.267 12.1936 74.6032
      vertex 304.267 10.6341 50.7936
      vertex 304.267 11.151 76.1905
    endloop
  endfacet
  facet normal -1 0 0
    outer loop
      vertex 304.267 9.33632 49.2063
      vertex 304.267 11.151 76.1905
      vertex 304.267 10.6341 50.7936
    endloop
  endfacet
  facet normal -1 -0 0
    outer loop
      vertex 304.267 11.151 76.1905
      vertex 304.267 9.33632 49.2063
      vertex 304.267 10.138 77.7778
    endloop
  endfacet
  facet normal -1 0 0
    outer loop
      vertex 304.267 8.08118 47.619
      vertex 304.267 10.138 77.7778
      vertex 304.267 9.33632 49.2063
    endloop
  endfacet
  facet normal -1 -0 0
    outer loop
      vertex 304.267 10.138 77.7778
      vertex 304.267 8.08118 47.619
      vertex 304.267 9.19218 79.3651
    endloop
  endfacet
  facet normal -1 0 0
    outer loop
      vertex 304.267 6.92099 46.0317
      vertex 304.267 9.19218 79.3651
      vertex 304.267 8.08118 47.619
    endloop
  endfacet
  facet normal -1 -0 0
    outer loop
      vertex 304.267 9.19218 79.3651
      vertex 304.267 6.92099 46.0317
      vertex 304.267 8.34648 80.9524
    endloop
  endfacet
  facet normal -1 0 0
    outer loop
      vertex 304.267 5.90454 44.4444
      vertex 304.267 8.34648 80.9524
      vertex 304.267 6.92099 46.0317
    endloop
  endfacet
  facet normal -1 -0 0
    outer loop
      vertex 304.267 8.34648 80.9524
      vertex 304.267 5.90454 44.4444
      vertex 304.267 7.62788 82.5397
    endloop
  endfacet
  facet normal -1 0 0
    outer loop
      vertex 304.267 5.07478 42.8571
      vertex 304.267 7.62788 82.5397
      vertex 304.267 5.90454 44.4444
    endloop
  endfacet
  facet normal -1 -0 0
    outer loop
      vertex 304.267 7.62788 82.5397
      vertex 304.267 5.07478 42.8571
      vertex 304.267 7.0567 84.127
    endloop
  endfacet
  facet normal -1 0 0
    outer loop
      vertex 304.267 0 100
      vertex 304.267 7.0567 84.127
      vertex 304.267 5.07478 42.8571
    endloop
  endfacet
  facet normal -1 0 0
    outer loop
      vertex 304.267 7.0567 84.127
      vertex 304.267 0 100
      vertex 304.267 6.64609 85.7143
    endloop
  endfacet
  facet normal -1 0 0
    outer loop
      vertex 304.267 6.64609 85.7143
      vertex 304.267 0 100
      vertex 304.267 6.40186 87.3016
    endloop
  endfacet
  facet normal -1 0 0
    outer loop
      vertex 304.267 0 100
      vertex 304.267 5.07478 42.8571
      vertex 304.267 4.46675 41.2698
    endloop
  endfacet
  facet normal -1 0 0
    outer loop
      vertex 304.267 0 100
      vertex 304.267 4.46675 41.2698
      vertex 304.267 4.1059 39.6825
    endloop
  endfacet
  facet normal -1 0 0
    outer loop
      vertex 304.267 0 100
      vertex 304.267 4.1059 39.6825
      vertex 304.267 4.0067 38.0952
    endloop
  endfacet
  facet normal -1 0 0
    outer loop
      vertex 304.267 0 100
      vertex 304.267 4.0067 38.0952
      vertex 304.267 0 0
    endloop
  endfacet
  facet normal -1 0 0
    outer loop
      vertex 304.267 6.40186 87.3016
      vertex 304.267 0 100
      vertex 304.267 6.32275 88.8889
    endloop
  endfacet
  facet normal -1 0 0
    outer loop
      vertex 304.267 8.5408 98.4127
      vertex 304.267 0 100
      vertex 304.267 9.15866 100
    endloop
  endfacet
  facet normal -1 0 0
    outer loop
      vertex 304.267 7.95383 96.8254
      vertex 304.267 0 100
      vertex 304.267 8.5408 98.4127
    endloop
  endfacet
  facet normal -1 0 0
    outer loop
      vertex 304.267 7.42218 95.2381
      vertex 304.267 0 100
      vertex 304.267 7.95383 96.8254
    endloop
  endfacet
  facet normal -1 0 0
    outer loop
      vertex 304.267 6.97061 93.6508
      vertex 304.267 0 100
      vertex 304.267 7.42218 95.2381
    endloop
  endfacet
  facet normal -1 0 0
    outer loop
      vertex 304.267 6.62299 92.0635
      vertex 304.267 0 100
      vertex 304.267 6.97061 93.6508
    endloop
  endfacet
  facet normal -1 0 0
    outer loop
      vertex 304.267 6.40097 90.4762
      vertex 304.267 0 100
      vertex 304.267 6.62299 92.0635
    endloop
  endfacet
  facet normal -1 0 0
    outer loop
      vertex 304.267 6.32275 88.8889
      vertex 304.267 0 100
      vertex 304.267 6.40097 90.4762
    endloop
  endfacet
  facet normal 1 0 0
    outer loop
      vertex 310.178 7.62788 82.5397
      vertex 310.178 5.07478 42.8571
      vertex 310.178 5.90454 44.4444
    endloop
  endfacet
  facet normal 1 0 0
    outer loop
      vertex 310.178 6.40186 87.3016
      vertex 310.178 2.4 67.0124
      vertex 310.178 5.07478 42.8571
    endloop
  endfacet
  facet normal 1 -0 0
    outer loop
      vertex 310.178 0 67.0124
      vertex 310.178 5.07478 42.8571
      vertex 310.178 2.4 67.0124
    endloop
  endfacet
  facet normal 1 0 0
    outer loop
      vertex 310.178 5.07478 42.8571
      vertex 310.178 0 67.0124
      vertex 310.178 4.46675 41.2698
    endloop
  endfacet
  facet normal 1 0 0
    outer loop
      vertex 310.178 6.40186 87.3016
      vertex 310.178 2.4 87.9876
      vertex 310.178 2.4 67.0124
    endloop
  endfacet
  facet normal 1 0 0
    outer loop
      vertex 310.178 6.40097 90.4762
      vertex 310.178 2.4 87.9876
      vertex 310.178 6.32275 88.8889
    endloop
  endfacet
  facet normal 1 0 0
    outer loop
      vertex 310.178 6.62299 92.0635
      vertex 310.178 2.4 87.9876
      vertex 310.178 6.40097 90.4762
    endloop
  endfacet
  facet normal 1 0 0
    outer loop
      vertex 310.178 0 100
      vertex 310.178 6.62299 92.0635
      vertex 310.178 6.97061 93.6508
    endloop
  endfacet
  facet normal 1 0 0
    outer loop
      vertex 310.178 0 100
      vertex 310.178 6.97061 93.6508
      vertex 310.178 7.42218 95.2381
    endloop
  endfacet
  facet normal 1 0 0
    outer loop
      vertex 310.178 0 100
      vertex 310.178 7.42218 95.2381
      vertex 310.178 7.95383 96.8254
    endloop
  endfacet
  facet normal 1 0 0
    outer loop
      vertex 310.178 0 100
      vertex 310.178 7.95383 96.8254
      vertex 310.178 8.5408 98.4127
    endloop
  endfacet
  facet normal 1 -0 0
    outer loop
      vertex 310.178 0 100
      vertex 310.178 8.5408 98.4127
      vertex 310.178 9.15866 100
    endloop
  endfacet
  facet normal 1 0 0
    outer loop
      vertex 310.178 6.62299 92.0635
      vertex 310.178 0 100
      vertex 310.178 0 87.9876
    endloop
  endfacet
  facet normal 1 0 0
    outer loop
      vertex 310.178 6.62299 92.0635
      vertex 310.178 0 87.9876
      vertex 310.178 2.4 87.9876
    endloop
  endfacet
  facet normal 1 0 0
    outer loop
      vertex 310.178 16.7874 65.0794
      vertex 310.178 16.8605 61.9048
      vertex 310.178 16.9418 63.4921
    endloop
  endfacet
  facet normal 1 0 0
    outer loop
      vertex 310.178 16.7874 65.0794
      vertex 310.178 16.5399 60.3175
      vertex 310.178 16.8605 61.9048
    endloop
  endfacet
  facet normal 1 0 0
    outer loop
      vertex 310.178 16.4106 66.6667
      vertex 310.178 16.5399 60.3175
      vertex 310.178 16.7874 65.0794
    endloop
  endfacet
  facet normal 1 0 0
    outer loop
      vertex 310.178 16.4106 66.6667
      vertex 310.178 15.9865 58.7301
      vertex 310.178 16.5399 60.3175
    endloop
  endfacet
  facet normal 1 0 0
    outer loop
      vertex 310.178 15.8336 68.254
      vertex 310.178 15.9865 58.7301
      vertex 310.178 16.4106 66.6667
    endloop
  endfacet
  facet normal 1 0 0
    outer loop
      vertex 310.178 15.8336 68.254
      vertex 310.178 15.2172 57.1429
      vertex 310.178 15.9865 58.7301
    endloop
  endfacet
  facet normal 1 0 0
    outer loop
      vertex 310.178 15.0859 69.8413
      vertex 310.178 15.2172 57.1429
      vertex 310.178 15.8336 68.254
    endloop
  endfacet
  facet normal 1 0 0
    outer loop
      vertex 310.178 15.0859 69.8413
      vertex 310.178 14.2584 55.5555
      vertex 310.178 15.2172 57.1429
    endloop
  endfacet
  facet normal 1 0 0
    outer loop
      vertex 310.178 14.2032 71.4286
      vertex 310.178 14.2584 55.5555
      vertex 310.178 15.0859 69.8413
    endloop
  endfacet
  facet normal 1 0 0
    outer loop
      vertex 310.178 13.1454 53.9682
      vertex 310.178 14.2032 71.4286
      vertex 310.178 13.2251 73.0159
    endloop
  endfacet
  facet normal 1 0 0
    outer loop
      vertex 310.178 14.2032 71.4286
      vertex 310.178 13.1454 53.9682
      vertex 310.178 14.2584 55.5555
    endloop
  endfacet
  facet normal 1 0 0
    outer loop
      vertex 310.178 11.9212 52.381
      vertex 310.178 13.2251 73.0159
      vertex 310.178 12.1936 74.6032
    endloop
  endfacet
  facet normal 1 0 0
    outer loop
      vertex 310.178 13.2251 73.0159
      vertex 310.178 11.9212 52.381
      vertex 310.178 13.1454 53.9682
    endloop
  endfacet
  facet normal 1 0 0
    outer loop
      vertex 310.178 10.6341 50.7936
      vertex 310.178 12.1936 74.6032
      vertex 310.178 11.151 76.1905
    endloop
  endfacet
  facet normal 1 0 0
    outer loop
      vertex 310.178 12.1936 74.6032
      vertex 310.178 10.6341 50.7936
      vertex 310.178 11.9212 52.381
    endloop
  endfacet
  facet normal 1 0 0
    outer loop
      vertex 310.178 9.33632 49.2063
      vertex 310.178 11.151 76.1905
      vertex 310.178 10.138 77.7778
    endloop
  endfacet
  facet normal 1 0 0
    outer loop
      vertex 310.178 11.151 76.1905
      vertex 310.178 9.33632 49.2063
      vertex 310.178 10.6341 50.7936
    endloop
  endfacet
  facet normal 1 0 0
    outer loop
      vertex 310.178 8.08118 47.619
      vertex 310.178 10.138 77.7778
      vertex 310.178 9.19218 79.3651
    endloop
  endfacet
  facet normal 1 0 0
    outer loop
      vertex 310.178 6.92099 46.0317
      vertex 310.178 9.19218 79.3651
      vertex 310.178 8.34648 80.9524
    endloop
  endfacet
  facet normal 1 0 0
    outer loop
      vertex 310.178 10.138 77.7778
      vertex 310.178 8.08118 47.619
      vertex 310.178 9.33632 49.2063
    endloop
  endfacet
  facet normal 1 0 0
    outer loop
      vertex 310.178 5.90454 44.4444
      vertex 310.178 8.34648 80.9524
      vertex 310.178 7.62788 82.5397
    endloop
  endfacet
  facet normal 1 0 0
    outer loop
      vertex 310.178 5.07478 42.8571
      vertex 310.178 7.62788 82.5397
      vertex 310.178 7.0567 84.127
    endloop
  endfacet
  facet normal 1 0 0
    outer loop
      vertex 310.178 9.19218 79.3651
      vertex 310.178 6.92099 46.0317
      vertex 310.178 8.08118 47.619
    endloop
  endfacet
  facet normal 1 0 0
    outer loop
      vertex 310.178 5.07478 42.8571
      vertex 310.178 7.0567 84.127
      vertex 310.178 6.64609 85.7143
    endloop
  endfacet
  facet normal 1 0 0
    outer loop
      vertex 310.178 5.07478 42.8571
      vertex 310.178 6.64609 85.7143
      vertex 310.178 6.40186 87.3016
    endloop
  endfacet
  facet normal 1 -0 0
    outer loop
      vertex 310.178 2.4 87.9876
      vertex 310.178 6.40186 87.3016
      vertex 310.178 6.32275 88.8889
    endloop
  endfacet
  facet normal 1 0 0
    outer loop
      vertex 310.178 8.34648 80.9524
      vertex 310.178 5.90454 44.4444
      vertex 310.178 6.92099 46.0317
    endloop
  endfacet
  facet normal 1 0 0
    outer loop
      vertex 310.178 14.7018 17.4603
      vertex 310.178 14.7592 14.2857
      vertex 310.178 14.8634 15.873
    endloop
  endfacet
  facet normal 1 0 0
    outer loop
      vertex 310.178 14.7018 17.4603
      vertex 310.178 14.3933 12.6984
      vertex 310.178 14.7592 14.2857
    endloop
  endfacet
  facet normal 1 0 0
    outer loop
      vertex 310.178 14.2835 19.0476
      vertex 310.178 14.3933 12.6984
      vertex 310.178 14.7018 17.4603
    endloop
  endfacet
  facet normal 1 0 0
    outer loop
      vertex 310.178 14.2835 19.0476
      vertex 310.178 13.782 11.1111
      vertex 310.178 14.3933 12.6984
    endloop
  endfacet
  facet normal 1 0 0
    outer loop
      vertex 310.178 13.6294 20.6349
      vertex 310.178 13.782 11.1111
      vertex 310.178 14.2835 19.0476
    endloop
  endfacet
  facet normal 1 0 0
    outer loop
      vertex 310.178 13.6294 20.6349
      vertex 310.178 12.9539 9.5238
      vertex 310.178 13.782 11.1111
    endloop
  endfacet
  facet normal 1 0 0
    outer loop
      vertex 310.178 12.7721 22.2222
      vertex 310.178 12.9539 9.5238
      vertex 310.178 13.6294 20.6349
    endloop
  endfacet
  facet normal 1 0 0
    outer loop
      vertex 310.178 12.7721 22.2222
      vertex 310.178 11.948 7.93649
      vertex 310.178 12.9539 9.5238
    endloop
  endfacet
  facet normal 1 0 0
    outer loop
      vertex 310.178 11.7536 23.8095
      vertex 310.178 11.948 7.93649
      vertex 310.178 12.7721 22.2222
    endloop
  endfacet
  facet normal 1 0 0
    outer loop
      vertex 310.178 11.7536 23.8095
      vertex 310.178 10.8122 6.3492
      vertex 310.178 11.948 7.93649
    endloop
  endfacet
  facet normal 1 0 0
    outer loop
      vertex 310.178 10.6234 25.3968
      vertex 310.178 10.8122 6.3492
      vertex 310.178 11.7536 23.8095
    endloop
  endfacet
  facet normal 1 0 0
    outer loop
      vertex 310.178 0 0
      vertex 310.178 10.8122 6.3492
      vertex 310.178 10.6234 25.3968
    endloop
  endfacet
  facet normal 1 0 0
    outer loop
      vertex 310.178 0 0
      vertex 310.178 10.6234 25.3968
      vertex 310.178 9.4362 26.9841
    endloop
  endfacet
  facet normal 1 0 0
    outer loop
      vertex 310.178 10.8122 6.3492
      vertex 310.178 0 0
      vertex 310.178 9.60085 4.7619
    endloop
  endfacet
  facet normal 1 0 0
    outer loop
      vertex 310.178 0 0
      vertex 310.178 9.4362 26.9841
      vertex 310.178 8.24944 28.5714
    endloop
  endfacet
  facet normal 1 0 0
    outer loop
      vertex 310.178 9.60085 4.7619
      vertex 310.178 0 0
      vertex 310.178 8.37225 3.17459
    endloop
  endfacet
  facet normal 1 0 0
    outer loop
      vertex 310.178 0 0
      vertex 310.178 8.24944 28.5714
      vertex 310.178 7.12022 30.1587
    endloop
  endfacet
  facet normal 1 0 0
    outer loop
      vertex 310.178 0 0
      vertex 310.178 7.12022 30.1587
      vertex 310.178 6.10291 31.746
    endloop
  endfacet
  facet normal 1 0 0
    outer loop
      vertex 310.178 8.37225 3.17459
      vertex 310.178 0 0
      vertex 310.178 7.18594 1.5873
    endloop
  endfacet
  facet normal 1 0 0
    outer loop
      vertex 310.178 0 0
      vertex 310.178 6.10291 31.746
      vertex 310.178 5.24641 33.3333
    endloop
  endfacet
  facet normal 1 0 0
    outer loop
      vertex 310.178 0 0
      vertex 310.178 5.24641 33.3333
      vertex 310.178 4.5921 34.9206
    endloop
  endfacet
  facet normal 1 0 0
    outer loop
      vertex 310.178 0 0
      vertex 310.178 4.5921 34.9206
      vertex 310.178 4.17186 36.5079
    endloop
  endfacet
  facet normal 1 0 0
    outer loop
      vertex 310.178 0 0
      vertex 310.178 4.17186 36.5079
      vertex 310.178 4.0067 38.0952
    endloop
  endfacet
  facet normal 1 0 0
    outer loop
      vertex 310.178 4.46675 41.2698
      vertex 310.178 0 67.0124
      vertex 310.178 4.1059 39.6825
    endloop
  endfacet
  facet normal 1 0 0
    outer loop
      vertex 310.178 4.1059 39.6825
      vertex 310.178 0 67.0124
      vertex 310.178 4.0067 38.0952
    endloop
  endfacet
  facet normal 1 0 0
    outer loop
      vertex 310.178 4.0067 38.0952
      vertex 310.178 0 67.0124
      vertex 310.178 0 0
    endloop
  endfacet
  facet normal 1 0 0
    outer loop
      vertex 310.178 7.18594 1.5873
      vertex 310.178 0 0
      vertex 310.178 6.09978 0
    endloop
  endfacet
  facet normal 0 0.801006 -0.598656
    outer loop
      vertex 310.178 7.18594 1.5873
      vertex 304.267 8.37225 3.17459
      vertex 310.178 8.37225 3.17459
    endloop
  endfacet
  facet normal 0 0.801006 -0.598656
    outer loop
      vertex 304.267 8.37225 3.17459
      vertex 310.178 7.18594 1.5873
      vertex 304.267 7.18594 1.5873
    endloop
  endfacet
  facet normal 0 0.790792 -0.612084
    outer loop
      vertex 310.178 8.37225 3.17459
      vertex 304.267 9.60085 4.7619
      vertex 310.178 9.60085 4.7619
    endloop
  endfacet
  facet normal 0 0.790792 -0.612084
    outer loop
      vertex 304.267 9.60085 4.7619
      vertex 310.178 8.37225 3.17459
      vertex 304.267 8.37225 3.17459
    endloop
  endfacet
  facet normal 0 0.794954 -0.60667
    outer loop
      vertex 310.178 9.60085 4.7619
      vertex 304.267 10.8122 6.3492
      vertex 310.178 10.8122 6.3492
    endloop
  endfacet
  facet normal 0 0.794954 -0.60667
    outer loop
      vertex 304.267 10.8122 6.3492
      vertex 310.178 9.60085 4.7619
      vertex 304.267 9.60085 4.7619
    endloop
  endfacet
  facet normal 0 0.813243 -0.581924
    outer loop
      vertex 310.178 10.8122 6.3492
      vertex 304.267 11.948 7.93649
      vertex 310.178 11.948 7.93649
    endloop
  endfacet
  facet normal 0 0.813243 -0.581924
    outer loop
      vertex 304.267 11.948 7.93649
      vertex 310.178 10.8122 6.3492
      vertex 304.267 10.8122 6.3492
    endloop
  endfacet
  facet normal 0 0.844674 -0.535281
    outer loop
      vertex 310.178 11.948 7.93649
      vertex 304.267 12.9539 9.5238
      vertex 310.178 12.9539 9.5238
    endloop
  endfacet
  facet normal 0 0.844674 -0.535281
    outer loop
      vertex 304.267 12.9539 9.5238
      vertex 310.178 11.948 7.93649
      vertex 304.267 11.948 7.93649
    endloop
  endfacet
  facet normal 0 0.886598 -0.462541
    outer loop
      vertex 310.178 12.9539 9.5238
      vertex 304.267 13.782 11.1111
      vertex 310.178 13.782 11.1111
    endloop
  endfacet
  facet normal 0 0.886598 -0.462541
    outer loop
      vertex 304.267 13.782 11.1111
      vertex 310.178 12.9539 9.5238
      vertex 304.267 12.9539 9.5238
    endloop
  endfacet
  facet normal 0 0.933188 -0.359389
    outer loop
      vertex 310.178 13.782 11.1111
      vertex 304.267 14.3933 12.6984
      vertex 310.178 14.3933 12.6984
    endloop
  endfacet
  facet normal 0 0.933188 -0.359389
    outer loop
      vertex 304.267 14.3933 12.6984
      vertex 310.178 13.782 11.1111
      vertex 304.267 13.782 11.1111
    endloop
  endfacet
  facet normal 0 0.974445 -0.224626
    outer loop
      vertex 310.178 14.3933 12.6984
      vertex 304.267 14.7592 14.2857
      vertex 310.178 14.7592 14.2857
    endloop
  endfacet
  facet normal 0 0.974445 -0.224626
    outer loop
      vertex 304.267 14.7592 14.2857
      vertex 310.178 14.3933 12.6984
      vertex 304.267 14.3933 12.6984
    endloop
  endfacet
  facet normal 0 0.997852 -0.0655051
    outer loop
      vertex 310.178 14.7592 14.2857
      vertex 304.267 14.8634 15.873
      vertex 310.178 14.8634 15.873
    endloop
  endfacet
  facet normal 0 0.997852 -0.0655051
    outer loop
      vertex 304.267 14.8634 15.873
      vertex 310.178 14.7592 14.2857
      vertex 304.267 14.7592 14.2857
    endloop
  endfacet
  facet normal 0 0.994857 0.101285
    outer loop
      vertex 310.178 14.8634 15.873
      vertex 304.267 14.7018 17.4603
      vertex 310.178 14.7018 17.4603
    endloop
  endfacet
  facet normal 0 0.994857 0.101285
    outer loop
      vertex 304.267 14.7018 17.4603
      vertex 310.178 14.8634 15.873
      vertex 304.267 14.8634 15.873
    endloop
  endfacet
  facet normal 0 0.966986 0.254829
    outer loop
      vertex 310.178 14.7018 17.4603
      vertex 304.267 14.2835 19.0476
      vertex 310.178 14.2835 19.0476
    endloop
  endfacet
  facet normal 0 0.966986 0.254829
    outer loop
      vertex 304.267 14.2835 19.0476
      vertex 310.178 14.7018 17.4603
      vertex 304.267 14.7018 17.4603
    endloop
  endfacet
  facet normal 0 0.924574 0.381002
    outer loop
      vertex 310.178 14.2835 19.0476
      vertex 304.267 13.6294 20.6349
      vertex 310.178 13.6294 20.6349
    endloop
  endfacet
  facet normal 0 0.924574 0.381002
    outer loop
      vertex 304.267 13.6294 20.6349
      vertex 310.178 14.2835 19.0476
      vertex 304.267 14.2835 19.0476
    endloop
  endfacet
  facet normal 0 0.879869 0.475217
    outer loop
      vertex 310.178 13.6294 20.6349
      vertex 304.267 12.7721 22.2222
      vertex 310.178 12.7721 22.2222
    endloop
  endfacet
  facet normal 0 0.879869 0.475217
    outer loop
      vertex 304.267 12.7721 22.2222
      vertex 310.178 13.6294 20.6349
      vertex 304.267 13.6294 20.6349
    endloop
  endfacet
  facet normal 0 0.841638 0.540042
    outer loop
      vertex 310.178 12.7721 22.2222
      vertex 304.267 11.7536 23.8095
      vertex 310.178 11.7536 23.8095
    endloop
  endfacet
  facet normal 0 0.841638 0.540042
    outer loop
      vertex 304.267 11.7536 23.8095
      vertex 310.178 12.7721 22.2222
      vertex 304.267 12.7721 22.2222
    endloop
  endfacet
  facet normal 0 0.814603 0.580019
    outer loop
      vertex 310.178 11.7536 23.8095
      vertex 304.267 10.6234 25.3968
      vertex 310.178 10.6234 25.3968
    endloop
  endfacet
  facet normal 0 0.814603 0.580019
    outer loop
      vertex 304.267 10.6234 25.3968
      vertex 310.178 11.7536 23.8095
      vertex 304.267 11.7536 23.8095
    endloop
  endfacet
  facet normal 0 0.800792 0.598942
    outer loop
      vertex 310.178 10.6234 25.3968
      vertex 304.267 9.4362 26.9841
      vertex 310.178 9.4362 26.9841
    endloop
  endfacet
  facet normal 0 0.800792 0.598942
    outer loop
      vertex 304.267 9.4362 26.9841
      vertex 310.178 10.6234 25.3968
      vertex 304.267 10.6234 25.3968
    endloop
  endfacet
  facet normal 0 0.800899 0.5988
    outer loop
      vertex 310.178 9.4362 26.9841
      vertex 304.267 8.24944 28.5714
      vertex 310.178 8.24944 28.5714
    endloop
  endfacet
  facet normal 0 0.800899 0.5988
    outer loop
      vertex 304.267 8.24944 28.5714
      vertex 310.178 9.4362 26.9841
      vertex 304.267 9.4362 26.9841
    endloop
  endfacet
  facet normal 0 0.814841 0.579685
    outer loop
      vertex 310.178 8.24944 28.5714
      vertex 304.267 7.12022 30.1587
      vertex 310.178 7.12022 30.1587
    endloop
  endfacet
  facet normal 0 0.814841 0.579685
    outer loop
      vertex 304.267 7.12022 30.1587
      vertex 310.178 8.24944 28.5714
      vertex 304.267 8.24944 28.5714
    endloop
  endfacet
  facet normal 0 0.841925 0.539595
    outer loop
      vertex 310.178 7.12022 30.1587
      vertex 304.267 6.10291 31.746
      vertex 310.178 6.10291 31.746
    endloop
  endfacet
  facet normal 0 0.841925 0.539595
    outer loop
      vertex 304.267 6.10291 31.746
      vertex 310.178 7.12022 30.1587
      vertex 304.267 7.12022 30.1587
    endloop
  endfacet
  facet normal 0 0.880054 0.474873
    outer loop
      vertex 310.178 6.10291 31.746
      vertex 304.267 5.24641 33.3333
      vertex 310.178 5.24641 33.3333
    endloop
  endfacet
  facet normal 0 0.880054 0.474873
    outer loop
      vertex 304.267 5.24641 33.3333
      vertex 310.178 6.10291 31.746
      vertex 304.267 6.10291 31.746
    endloop
  endfacet
  facet normal 0 0.924531 0.381106
    outer loop
      vertex 310.178 5.24641 33.3333
      vertex 304.267 4.5921 34.9206
      vertex 310.178 4.5921 34.9206
    endloop
  endfacet
  facet normal 0 0.924531 0.381106
    outer loop
      vertex 304.267 4.5921 34.9206
      vertex 310.178 5.24641 33.3333
      vertex 304.267 5.24641 33.3333
    endloop
  endfacet
  facet normal 0 0.966694 0.255934
    outer loop
      vertex 310.178 4.5921 34.9206
      vertex 304.267 4.17186 36.5079
      vertex 310.178 4.17186 36.5079
    endloop
  endfacet
  facet normal 0 0.966694 0.255934
    outer loop
      vertex 304.267 4.17186 36.5079
      vertex 310.178 4.5921 34.9206
      vertex 304.267 4.5921 34.9206
    endloop
  endfacet
  facet normal 0 0.99463 0.103492
    outer loop
      vertex 310.178 4.17186 36.5079
      vertex 304.267 4.0067 38.0952
      vertex 310.178 4.0067 38.0952
    endloop
  endfacet
  facet normal 0 0.99463 0.103492
    outer loop
      vertex 304.267 4.0067 38.0952
      vertex 310.178 4.17186 36.5079
      vertex 304.267 4.17186 36.5079
    endloop
  endfacet
  facet normal 0 0.998053 -0.0623744
    outer loop
      vertex 310.178 4.0067 38.0952
      vertex 304.267 4.1059 39.6825
      vertex 310.178 4.1059 39.6825
    endloop
  endfacet
  facet normal 0 0.998053 -0.0623744
    outer loop
      vertex 304.267 4.1059 39.6825
      vertex 310.178 4.0067 38.0952
      vertex 304.267 4.0067 38.0952
    endloop
  endfacet
  facet normal 0 0.97512 -0.22168
    outer loop
      vertex 310.178 4.1059 39.6825
      vertex 304.267 4.46675 41.2698
      vertex 310.178 4.46675 41.2698
    endloop
  endfacet
  facet normal 0 0.97512 -0.22168
    outer loop
      vertex 304.267 4.46675 41.2698
      vertex 310.178 4.1059 39.6825
      vertex 304.267 4.1059 39.6825
    endloop
  endfacet
  facet normal 0 0.933832 -0.357713
    outer loop
      vertex 310.178 4.46675 41.2698
      vertex 304.267 5.07478 42.8571
      vertex 310.178 5.07478 42.8571
    endloop
  endfacet
  facet normal 0 0.933832 -0.357713
    outer loop
      vertex 304.267 5.07478 42.8571
      vertex 310.178 4.46675 41.2698
      vertex 304.267 4.46675 41.2698
    endloop
  endfacet
  facet normal 0 0.886217 -0.46327
    outer loop
      vertex 310.178 5.07478 42.8571
      vertex 304.267 5.90454 44.4444
      vertex 310.178 5.90454 44.4444
    endloop
  endfacet
  facet normal 0 0.886217 -0.46327
    outer loop
      vertex 304.267 5.90454 44.4444
      vertex 310.178 5.07478 42.8571
      vertex 304.267 5.07478 42.8571
    endloop
  endfacet
  facet normal 0 0.842132 -0.539271
    outer loop
      vertex 310.178 5.90454 44.4444
      vertex 304.267 6.92099 46.0317
      vertex 310.178 6.92099 46.0317
    endloop
  endfacet
  facet normal 0 0.842132 -0.539271
    outer loop
      vertex 304.267 6.92099 46.0317
      vertex 310.178 5.90454 44.4444
      vertex 304.267 5.90454 44.4444
    endloop
  endfacet
  facet normal 0 0.807333 -0.590096
    outer loop
      vertex 310.178 6.92099 46.0317
      vertex 304.267 8.08118 47.619
      vertex 310.178 8.08118 47.619
    endloop
  endfacet
  facet normal 0 0.807333 -0.590096
    outer loop
      vertex 304.267 8.08118 47.619
      vertex 310.178 6.92099 46.0317
      vertex 304.267 6.92099 46.0317
    endloop
  endfacet
  facet normal 0 0.7844 -0.620256
    outer loop
      vertex 310.178 8.08118 47.619
      vertex 304.267 9.33632 49.2063
      vertex 310.178 9.33632 49.2063
    endloop
  endfacet
  facet normal 0 0.7844 -0.620256
    outer loop
      vertex 304.267 9.33632 49.2063
      vertex 310.178 8.08118 47.619
      vertex 304.267 8.08118 47.619
    endloop
  endfacet
  facet normal 0 0.774177 -0.632969
    outer loop
      vertex 310.178 9.33632 49.2063
      vertex 304.267 10.6341 50.7936
      vertex 310.178 10.6341 50.7936
    endloop
  endfacet
  facet normal 0 0.774177 -0.632969
    outer loop
      vertex 304.267 10.6341 50.7936
      vertex 310.178 9.33632 49.2063
      vertex 304.267 9.33632 49.2063
    endloop
  endfacet
  facet normal 0 0.776751 -0.629808
    outer loop
      vertex 310.178 10.6341 50.7936
      vertex 304.267 11.9212 52.381
      vertex 310.178 11.9212 52.381
    endloop
  endfacet
  facet normal 0 0.776751 -0.629808
    outer loop
      vertex 304.267 11.9212 52.381
      vertex 310.178 10.6341 50.7936
      vertex 304.267 10.6341 50.7936
    endloop
  endfacet
  facet normal 0 0.791833 -0.610737
    outer loop
      vertex 310.178 11.9212 52.381
      vertex 304.267 13.1454 53.9682
      vertex 310.178 13.1454 53.9682
    endloop
  endfacet
  facet normal 0 0.791833 -0.610737
    outer loop
      vertex 304.267 13.1454 53.9682
      vertex 310.178 11.9212 52.381
      vertex 304.267 11.9212 52.381
    endloop
  endfacet
  facet normal 0 0.818774 -0.574116
    outer loop
      vertex 310.178 13.1454 53.9682
      vertex 304.267 14.2584 55.5555
      vertex 310.178 14.2584 55.5555
    endloop
  endfacet
  facet normal 0 0.818774 -0.574116
    outer loop
      vertex 304.267 14.2584 55.5555
      vertex 310.178 13.1454 53.9682
      vertex 304.267 13.1454 53.9682
    endloop
  endfacet
  facet normal 0 0.855976 -0.517015
    outer loop
      vertex 310.178 14.2584 55.5555
      vertex 304.267 15.2172 57.1429
      vertex 310.178 15.2172 57.1429
    endloop
  endfacet
  facet normal 0 0.855976 -0.517015
    outer loop
      vertex 304.267 15.2172 57.1429
      vertex 310.178 14.2584 55.5555
      vertex 304.267 14.2584 55.5555
    endloop
  endfacet
  facet normal 0 0.89987 -0.436158
    outer loop
      vertex 310.178 15.2172 57.1429
      vertex 304.267 15.9865 58.7301
      vertex 310.178 15.9865 58.7301
    endloop
  endfacet
  facet normal 0 0.89987 -0.436158
    outer loop
      vertex 304.267 15.9865 58.7301
      vertex 310.178 15.2172 57.1429
      vertex 304.267 15.2172 57.1429
    endloop
  endfacet
  facet normal 0 0.944264 -0.32919
    outer loop
      vertex 310.178 15.9865 58.7301
      vertex 304.267 16.5399 60.3175
      vertex 310.178 16.5399 60.3175
    endloop
  endfacet
  facet normal 0 0.944264 -0.32919
    outer loop
      vertex 304.267 16.5399 60.3175
      vertex 310.178 15.9865 58.7301
      vertex 304.267 15.9865 58.7301
    endloop
  endfacet
  facet normal 0 0.980206 -0.19798
    outer loop
      vertex 310.178 16.5399 60.3175
      vertex 304.267 16.8605 61.9048
      vertex 310.178 16.8605 61.9048
    endloop
  endfacet
  facet normal 0 0.980206 -0.19798
    outer loop
      vertex 304.267 16.8605 61.9048
      vertex 310.178 16.5399 60.3175
      vertex 304.267 16.5399 60.3175
    endloop
  endfacet
  facet normal 0 0.998691 -0.051152
    outer loop
      vertex 310.178 16.8605 61.9048
      vertex 304.267 16.9418 63.4921
      vertex 310.178 16.9418 63.4921
    endloop
  endfacet
  facet normal 0 0.998691 -0.051152
    outer loop
      vertex 304.267 16.9418 63.4921
      vertex 310.178 16.8605 61.9048
      vertex 304.267 16.8605 61.9048
    endloop
  endfacet
  facet normal 0 0.995302 0.0968151
    outer loop
      vertex 310.178 16.9418 63.4921
      vertex 304.267 16.7874 65.0794
      vertex 310.178 16.7874 65.0794
    endloop
  endfacet
  facet normal 0 0.995302 0.0968151
    outer loop
      vertex 304.267 16.7874 65.0794
      vertex 310.178 16.9418 63.4921
      vertex 304.267 16.9418 63.4921
    endloop
  endfacet
  facet normal 0 0.972962 0.230966
    outer loop
      vertex 310.178 16.7874 65.0794
      vertex 304.267 16.4106 66.6667
      vertex 310.178 16.4106 66.6667
    endloop
  endfacet
  facet normal 0 0.972962 0.230966
    outer loop
      vertex 304.267 16.4106 66.6667
      vertex 310.178 16.7874 65.0794
      vertex 304.267 16.7874 65.0794
    endloop
  endfacet
  facet normal 0 0.939831 0.341638
    outer loop
      vertex 310.178 16.4106 66.6667
      vertex 304.267 15.8336 68.254
      vertex 310.178 15.8336 68.254
    endloop
  endfacet
  facet normal 0 0.939831 0.341638
    outer loop
      vertex 304.267 15.8336 68.254
      vertex 310.178 16.4106 66.6667
      vertex 304.267 16.4106 66.6667
    endloop
  endfacet
  facet normal 0 0.904657 0.42614
    outer loop
      vertex 310.178 15.8336 68.254
      vertex 304.267 15.0859 69.8413
      vertex 310.178 15.0859 69.8413
    endloop
  endfacet
  facet normal 0 0.904657 0.42614
    outer loop
      vertex 304.267 15.0859 69.8413
      vertex 310.178 15.8336 68.254
      vertex 304.267 15.8336 68.254
    endloop
  endfacet
  facet normal 0 0.873955 0.486008
    outer loop
      vertex 310.178 15.0859 69.8413
      vertex 304.267 14.2032 71.4286
      vertex 310.178 14.2032 71.4286
    endloop
  endfacet
  facet normal 0 0.873955 0.486008
    outer loop
      vertex 304.267 14.2032 71.4286
      vertex 310.178 15.0859 69.8413
      vertex 304.267 15.0859 69.8413
    endloop
  endfacet
  facet normal 0 0.851347 0.524603
    outer loop
      vertex 310.178 14.2032 71.4286
      vertex 304.267 13.2251 73.0159
      vertex 310.178 13.2251 73.0159
    endloop
  endfacet
  facet normal 0 0.851347 0.524603
    outer loop
      vertex 304.267 13.2251 73.0159
      vertex 310.178 14.2032 71.4286
      vertex 304.267 14.2032 71.4286
    endloop
  endfacet
  facet normal 0 0.838503 0.544897
    outer loop
      vertex 310.178 13.2251 73.0159
      vertex 304.267 12.1936 74.6032
      vertex 310.178 12.1936 74.6032
    endloop
  endfacet
  facet normal 0 0.838503 0.544897
    outer loop
      vertex 304.267 12.1936 74.6032
      vertex 310.178 13.2251 73.0159
      vertex 304.267 13.2251 73.0159
    endloop
  endfacet
  facet normal 0 0.835822 0.549
    outer loop
      vertex 310.178 12.1936 74.6032
      vertex 304.267 11.151 76.1905
      vertex 310.178 11.151 76.1905
    endloop
  endfacet
  facet normal 0 0.835822 0.549
    outer loop
      vertex 304.267 11.151 76.1905
      vertex 310.178 12.1936 74.6032
      vertex 304.267 12.1936 74.6032
    endloop
  endfacet
  facet normal 0 0.842963 0.537971
    outer loop
      vertex 310.178 11.151 76.1905
      vertex 304.267 10.138 77.7778
      vertex 310.178 10.138 77.7778
    endloop
  endfacet
  facet normal 0 0.842963 0.537971
    outer loop
      vertex 304.267 10.138 77.7778
      vertex 310.178 11.151 76.1905
      vertex 304.267 11.151 76.1905
    endloop
  endfacet
  facet normal 0 0.859055 0.511883
    outer loop
      vertex 310.178 10.138 77.7778
      vertex 304.267 9.19218 79.3651
      vertex 310.178 9.19218 79.3651
    endloop
  endfacet
  facet normal 0 0.859055 0.511883
    outer loop
      vertex 304.267 9.19218 79.3651
      vertex 310.178 10.138 77.7778
      vertex 304.267 10.138 77.7778
    endloop
  endfacet
  facet normal 0 0.882551 0.470216
    outer loop
      vertex 310.178 9.19218 79.3651
      vertex 304.267 8.34648 80.9524
      vertex 310.178 8.34648 80.9524
    endloop
  endfacet
  facet normal 0 0.882551 0.470216
    outer loop
      vertex 304.267 8.34648 80.9524
      vertex 310.178 9.19218 79.3651
      vertex 304.267 9.19218 79.3651
    endloop
  endfacet
  facet normal 0 0.910992 0.412423
    outer loop
      vertex 310.178 8.34648 80.9524
      vertex 304.267 7.62788 82.5397
      vertex 310.178 7.62788 82.5397
    endloop
  endfacet
  facet normal 0 0.910992 0.412423
    outer loop
      vertex 304.267 7.62788 82.5397
      vertex 310.178 8.34648 80.9524
      vertex 304.267 8.34648 80.9524
    endloop
  endfacet
  facet normal 0 0.940934 0.338589
    outer loop
      vertex 310.178 7.62788 82.5397
      vertex 304.267 7.0567 84.127
      vertex 310.178 7.0567 84.127
    endloop
  endfacet
  facet normal 0 0.940934 0.338589
    outer loop
      vertex 304.267 7.0567 84.127
      vertex 310.178 7.62788 82.5397
      vertex 304.267 7.62788 82.5397
    endloop
  endfacet
  facet normal 0 0.968132 0.250441
    outer loop
      vertex 310.178 7.0567 84.127
      vertex 304.267 6.64609 85.7143
      vertex 310.178 6.64609 85.7143
    endloop
  endfacet
  facet normal 0 0.968132 0.250441
    outer loop
      vertex 304.267 6.64609 85.7143
      vertex 310.178 7.0567 84.127
      vertex 304.267 7.0567 84.127
    endloop
  endfacet
  facet normal 0 0.988369 0.152075
    outer loop
      vertex 310.178 6.64609 85.7143
      vertex 304.267 6.40186 87.3016
      vertex 310.178 6.40186 87.3016
    endloop
  endfacet
  facet normal 0 0.988369 0.152075
    outer loop
      vertex 304.267 6.40186 87.3016
      vertex 310.178 6.64609 85.7143
      vertex 304.267 6.64609 85.7143
    endloop
  endfacet
  facet normal 0 0.99876 0.0497776
    outer loop
      vertex 310.178 6.40186 87.3016
      vertex 304.267 6.32275 88.8889
      vertex 310.178 6.32275 88.8889
    endloop
  endfacet
  facet normal 0 0.99876 0.0497776
    outer loop
      vertex 304.267 6.32275 88.8889
      vertex 310.178 6.40186 87.3016
      vertex 304.267 6.40186 87.3016
    endloop
  endfacet
  facet normal 0 0.998788 -0.0492189
    outer loop
      vertex 310.178 6.32275 88.8889
      vertex 304.267 6.40097 90.4762
      vertex 310.178 6.40097 90.4762
    endloop
  endfacet
  facet normal 0 0.998788 -0.0492189
    outer loop
      vertex 304.267 6.40097 90.4762
      vertex 310.178 6.32275 88.8889
      vertex 304.267 6.32275 88.8889
    endloop
  endfacet
  facet normal 0 0.990359 -0.138524
    outer loop
      vertex 310.178 6.40097 90.4762
      vertex 304.267 6.62299 92.0635
      vertex 310.178 6.62299 92.0635
    endloop
  endfacet
  facet normal 0 0.990359 -0.138524
    outer loop
      vertex 304.267 6.62299 92.0635
      vertex 310.178 6.40097 90.4762
      vertex 304.267 6.40097 90.4762
    endloop
  endfacet
  facet normal 0 0.976849 -0.213931
    outer loop
      vertex 310.178 6.62299 92.0635
      vertex 304.267 6.97061 93.6508
      vertex 310.178 6.97061 93.6508
    endloop
  endfacet
  facet normal 0 0.976849 -0.213931
    outer loop
      vertex 304.267 6.97061 93.6508
      vertex 310.178 6.62299 92.0635
      vertex 304.267 6.62299 92.0635
    endloop
  endfacet
  facet normal 0 0.961835 -0.273632
    outer loop
      vertex 310.178 6.97061 93.6508
      vertex 304.267 7.42218 95.2381
      vertex 310.178 7.42218 95.2381
    endloop
  endfacet
  facet normal 0 0.961835 -0.273632
    outer loop
      vertex 304.267 7.42218 95.2381
      vertex 310.178 6.97061 93.6508
      vertex 304.267 6.97061 93.6508
    endloop
  endfacet
  facet normal 0 0.948225 -0.317598
    outer loop
      vertex 310.178 7.42218 95.2381
      vertex 304.267 7.95383 96.8254
      vertex 310.178 7.95383 96.8254
    endloop
  endfacet
  facet normal 0 0.948225 -0.317598
    outer loop
      vertex 304.267 7.95383 96.8254
      vertex 310.178 7.42218 95.2381
      vertex 304.267 7.42218 95.2381
    endloop
  endfacet
  facet normal 0 0.937925 -0.346837
    outer loop
      vertex 310.178 7.95383 96.8254
      vertex 304.267 8.5408 98.4127
      vertex 310.178 8.5408 98.4127
    endloop
  endfacet
  facet normal 0 0.937925 -0.346837
    outer loop
      vertex 304.267 8.5408 98.4127
      vertex 310.178 7.95383 96.8254
      vertex 304.267 7.95383 96.8254
    endloop
  endfacet
  facet normal 0 0.93189 -0.36274
    outer loop
      vertex 310.178 8.5408 98.4127
      vertex 304.267 9.15866 100
      vertex 310.178 9.15866 100
    endloop
  endfacet
  facet normal 0 0.93189 -0.36274
    outer loop
      vertex 304.267 9.15866 100
      vertex 310.178 8.5408 98.4127
      vertex 304.267 8.5408 98.4127
    endloop
  endfacet
  facet normal 0 0.82528 -0.564724
    outer loop
      vertex 310.178 6.09978 0
      vertex 304.267 7.18594 1.5873
      vertex 310.178 7.18594 1.5873
    endloop
  endfacet
  facet normal 0 0.82528 -0.564724
    outer loop
      vertex 304.267 7.18594 1.5873
      vertex 310.178 6.09978 0
      vertex 304.267 6.09978 0
    endloop
  endfacet
  facet normal -1 0 0
    outer loop
      vertex 312.044 2.4 65.9145
      vertex 312.044 17.1991 58.7301
      vertex 312.044 16.9463 57.1429
    endloop
  endfacet
  facet normal -1 0 0
    outer loop
      vertex 312.044 17.1991 58.7301
      vertex 312.044 2.4 65.9145
      vertex 312.044 17.1868 60.3175
    endloop
  endfacet
  facet normal -1 0 0
    outer loop
      vertex 312.044 2.4 65.9145
      vertex 312.044 16.9463 57.1429
      vertex 312.044 16.4341 55.5555
    endloop
  endfacet
  facet normal -1 0 0
    outer loop
      vertex 312.044 17.1868 60.3175
      vertex 312.044 2.4 65.9145
      vertex 312.044 16.9161 61.9048
    endloop
  endfacet
  facet normal -1 0 0
    outer loop
      vertex 312.044 16.9161 61.9048
      vertex 312.044 2.4 65.9145
      vertex 312.044 16.405 63.4921
    endloop
  endfacet
  facet normal -1 0 0
    outer loop
      vertex 312.044 2.4 65.9145
      vertex 312.044 16.4341 55.5555
      vertex 312.044 15.6805 53.9682
    endloop
  endfacet
  facet normal -1 0 0
    outer loop
      vertex 312.044 16.405 63.4921
      vertex 312.044 2.4 65.9145
      vertex 312.044 15.6821 65.0794
    endloop
  endfacet
  facet normal -1 0 0
    outer loop
      vertex 312.044 2.4 65.9145
      vertex 312.044 15.6805 53.9682
      vertex 312.044 14.7149 52.381
    endloop
  endfacet
  facet normal -1 0 0
    outer loop
      vertex 312.044 15.6821 65.0794
      vertex 312.044 2.4 65.9145
      vertex 312.044 14.7852 66.6667
    endloop
  endfacet
  facet normal -1 0 0
    outer loop
      vertex 312.044 2.4 65.9145
      vertex 312.044 14.7149 52.381
      vertex 312.044 13.5768 50.7936
    endloop
  endfacet
  facet normal -1 -0 0
    outer loop
      vertex 312.044 14.7852 66.6667
      vertex 312.044 2.4 65.9145
      vertex 312.044 13.7588 68.254
    endloop
  endfacet
  facet normal -1 0 0
    outer loop
      vertex 312.044 2.4 65.9145
      vertex 312.044 13.5768 50.7936
      vertex 312.044 12.3148 49.2063
    endloop
  endfacet
  facet normal -1 -0 0
    outer loop
      vertex 312.044 13.7588 68.254
      vertex 312.044 2.4 65.9145
      vertex 312.044 12.6523 69.8413
    endloop
  endfacet
  facet normal -1 0 0
    outer loop
      vertex 312.044 2.4 65.9145
      vertex 312.044 12.3148 49.2063
      vertex 312.044 10.9833 47.619
    endloop
  endfacet
  facet normal -1 -0 0
    outer loop
      vertex 312.044 12.6523 69.8413
      vertex 312.044 2.4 65.9145
      vertex 312.044 11.5173 71.4286
    endloop
  endfacet
  facet normal -1 0 0
    outer loop
      vertex 312.044 2.4 65.9145
      vertex 312.044 10.9833 47.619
      vertex 312.044 9.64091 46.0317
    endloop
  endfacet
  facet normal -1 -0 0
    outer loop
      vertex 312.044 11.5173 71.4286
      vertex 312.044 2.4 65.9145
      vertex 312.044 10.4053 73.0159
    endloop
  endfacet
  facet normal -1 -0 0
    outer loop
      vertex 312.044 10.4053 73.0159
      vertex 312.044 2.4 65.9145
      vertex 312.044 9.36533 74.6032
    endloop
  endfacet
  facet normal -1 0 0
    outer loop
      vertex 312.044 0 65.9145
      vertex 312.044 9.64091 46.0317
      vertex 312.044 8.34718 44.4444
    endloop
  endfacet
  facet normal -1 -0 0
    outer loop
      vertex 312.044 9.36533 74.6032
      vertex 312.044 2.4 65.9145
      vertex 312.044 8.44154 76.1905
    endloop
  endfacet
  facet normal -1 0 0
    outer loop
      vertex 312.044 0 65.9145
      vertex 312.044 8.34718 44.4444
      vertex 312.044 7.15982 42.8571
    endloop
  endfacet
  facet normal -1 -0 0
    outer loop
      vertex 312.044 8.44154 76.1905
      vertex 312.044 2.4 65.9145
      vertex 312.044 7.67163 77.7778
    endloop
  endfacet
  facet normal -1 -0 0
    outer loop
      vertex 312.044 7.67163 77.7778
      vertex 312.044 2.4 65.9145
      vertex 312.044 7.08507 79.3651
    endloop
  endfacet
  facet normal -1 -0 0
    outer loop
      vertex 312.044 7.08507 79.3651
      vertex 312.044 2.4 65.9145
      vertex 312.044 6.70218 80.9524
    endloop
  endfacet
  facet normal -1 0 0
    outer loop
      vertex 312.044 0 65.9145
      vertex 312.044 7.15982 42.8571
      vertex 312.044 6.13188 41.2698
    endloop
  endfacet
  facet normal -1 0 0
    outer loop
      vertex 312.044 0 100
      vertex 312.044 13.047 98.4127
      vertex 312.044 12.1796 96.8254
    endloop
  endfacet
  facet normal -1 0 0
    outer loop
      vertex 312.044 0 100
      vertex 312.044 12.1796 96.8254
      vertex 312.044 11.2694 95.2381
    endloop
  endfacet
  facet normal -1 0 0
    outer loop
      vertex 312.044 0 100
      vertex 312.044 11.2694 95.2381
      vertex 312.044 10.3481 93.6508
    endloop
  endfacet
  facet normal -1 0 0
    outer loop
      vertex 312.044 0 100
      vertex 312.044 10.3481 93.6508
      vertex 312.044 9.45102 92.0635
    endloop
  endfacet
  facet normal -1 0 0
    outer loop
      vertex 312.044 0 65.9145
      vertex 312.044 6.13188 41.2698
      vertex 312.044 5.30916 39.6825
    endloop
  endfacet
  facet normal -1 0 0
    outer loop
      vertex 312.044 0 65.9145
      vertex 312.044 5.30916 39.6825
      vertex 312.044 4.72784 38.0952
    endloop
  endfacet
  facet normal -1 0 0
    outer loop
      vertex 312.044 2.4 89.0855
      vertex 312.044 6.70218 80.9524
      vertex 312.044 2.4 65.9145
    endloop
  endfacet
  facet normal -1 0 0
    outer loop
      vertex 312.044 0 65.9145
      vertex 312.044 4.72784 38.0952
      vertex 312.044 4.41273 36.5079
    endloop
  endfacet
  facet normal -1 0 0
    outer loop
      vertex 312.044 0 65.9145
      vertex 312.044 4.41273 36.5079
      vertex 312.044 4.37584 34.9206
    endloop
  endfacet
  facet normal -1 0 0
    outer loop
      vertex 312.044 6.70218 80.9524
      vertex 312.044 2.4 89.0855
      vertex 312.044 6.53351 82.5397
    endloop
  endfacet
  facet normal -1 0 0
    outer loop
      vertex 312.044 6.53351 82.5397
      vertex 312.044 2.4 89.0855
      vertex 312.044 6.57973 84.127
    endloop
  endfacet
  facet normal -1 0 0
    outer loop
      vertex 312.044 6.57973 84.127
      vertex 312.044 2.4 89.0855
      vertex 312.044 6.83202 85.7143
    endloop
  endfacet
  facet normal -1 0 0
    outer loop
      vertex 312.044 2.4 89.0855
      vertex 312.044 7.27292 87.3016
      vertex 312.044 6.83202 85.7143
    endloop
  endfacet
  facet normal -1 0 0
    outer loop
      vertex 312.044 2.4 89.0855
      vertex 312.044 7.87755 88.8889
      vertex 312.044 7.27292 87.3016
    endloop
  endfacet
  facet normal -1 0 0
    outer loop
      vertex 312.044 2.4 89.0855
      vertex 312.044 8.61519 90.4762
      vertex 312.044 7.87755 88.8889
    endloop
  endfacet
  facet normal -1 0 0
    outer loop
      vertex 312.044 2.4 89.0855
      vertex 312.044 9.45102 92.0635
      vertex 312.044 8.61519 90.4762
    endloop
  endfacet
  facet normal -1 0 0
    outer loop
      vertex 312.044 0 100
      vertex 312.044 9.45102 92.0635
      vertex 312.044 2.4 89.0855
    endloop
  endfacet
  facet normal -1 0 0
    outer loop
      vertex 312.044 0 100
      vertex 312.044 2.4 89.0855
      vertex 312.044 0 89.0855
    endloop
  endfacet
  facet normal -1 0 0
    outer loop
      vertex 312.044 13.047 98.4127
      vertex 312.044 0 100
      vertex 312.044 13.845 100
    endloop
  endfacet
  facet normal -1 0 0
    outer loop
      vertex 312.044 14.8186 12.6984
      vertex 312.044 14.6272 15.873
      vertex 312.044 14.8607 14.2857
    endloop
  endfacet
  facet normal -1 0 0
    outer loop
      vertex 312.044 14.501 11.1111
      vertex 312.044 14.6272 15.873
      vertex 312.044 14.8186 12.6984
    endloop
  endfacet
  facet normal -1 0 0
    outer loop
      vertex 312.044 14.501 11.1111
      vertex 312.044 14.1317 17.4603
      vertex 312.044 14.6272 15.873
    endloop
  endfacet
  facet normal -1 0 0
    outer loop
      vertex 312.044 13.922 9.5238
      vertex 312.044 14.1317 17.4603
      vertex 312.044 14.501 11.1111
    endloop
  endfacet
  facet normal -1 0 0
    outer loop
      vertex 312.044 13.922 9.5238
      vertex 312.044 13.4012 19.0476
      vertex 312.044 14.1317 17.4603
    endloop
  endfacet
  facet normal -1 0 0
    outer loop
      vertex 312.044 13.109 7.93649
      vertex 312.044 13.4012 19.0476
      vertex 312.044 13.922 9.5238
    endloop
  endfacet
  facet normal -1 0 0
    outer loop
      vertex 312.044 13.109 7.93649
      vertex 312.044 12.4742 20.6349
      vertex 312.044 13.4012 19.0476
    endloop
  endfacet
  facet normal -1 0 0
    outer loop
      vertex 312.044 12.101 6.3492
      vertex 312.044 12.4742 20.6349
      vertex 312.044 13.109 7.93649
    endloop
  endfacet
  facet normal -1 0 0
    outer loop
      vertex 312.044 12.101 6.3492
      vertex 312.044 11.3992 22.2222
      vertex 312.044 12.4742 20.6349
    endloop
  endfacet
  facet normal -1 0 0
    outer loop
      vertex 312.044 0 0
      vertex 312.044 12.101 6.3492
      vertex 312.044 10.9473 4.7619
    endloop
  endfacet
  facet normal -1 -0 0
    outer loop
      vertex 312.044 12.101 6.3492
      vertex 312.044 0 0
      vertex 312.044 11.3992 22.2222
    endloop
  endfacet
  facet normal -1 0 0
    outer loop
      vertex 312.044 0 0
      vertex 312.044 10.9473 4.7619
      vertex 312.044 9.70457 3.17459
    endloop
  endfacet
  facet normal -1 -0 0
    outer loop
      vertex 312.044 11.3992 22.2222
      vertex 312.044 0 0
      vertex 312.044 10.232 23.8095
    endloop
  endfacet
  facet normal -1 0 0
    outer loop
      vertex 312.044 0 0
      vertex 312.044 9.70457 3.17459
      vertex 312.044 8.43427 1.5873
    endloop
  endfacet
  facet normal -1 -0 0
    outer loop
      vertex 312.044 10.232 23.8095
      vertex 312.044 0 0
      vertex 312.044 9.03291 25.3968
    endloop
  endfacet
  facet normal -1 0 0
    outer loop
      vertex 312.044 0 0
      vertex 312.044 8.43427 1.5873
      vertex 312.044 7.19954 0
    endloop
  endfacet
  facet normal -1 -0 0
    outer loop
      vertex 312.044 9.03291 25.3968
      vertex 312.044 0 0
      vertex 312.044 7.86403 26.9841
    endloop
  endfacet
  facet normal -1 -0 0
    outer loop
      vertex 312.044 7.86403 26.9841
      vertex 312.044 0 0
      vertex 312.044 6.78577 28.5714
    endloop
  endfacet
  facet normal -1 -0 0
    outer loop
      vertex 312.044 6.78577 28.5714
      vertex 312.044 0 0
      vertex 312.044 5.8541 30.1587
    endloop
  endfacet
  facet normal -1 -0 0
    outer loop
      vertex 312.044 5.8541 30.1587
      vertex 312.044 0 0
      vertex 312.044 5.11774 31.746
    endloop
  endfacet
  facet normal -1 -0 0
    outer loop
      vertex 312.044 5.11774 31.746
      vertex 312.044 0 0
      vertex 312.044 4.61578 33.3333
    endloop
  endfacet
  facet normal -1 -0 0
    outer loop
      vertex 312.044 4.61578 33.3333
      vertex 312.044 0 0
      vertex 312.044 4.37584 34.9206
    endloop
  endfacet
  facet normal -1 0 0
    outer loop
      vertex 312.044 0 65.9145
      vertex 312.044 4.37584 34.9206
      vertex 312.044 0 0
    endloop
  endfacet
  facet normal -1 0 0
    outer loop
      vertex 312.044 9.64091 46.0317
      vertex 312.044 0 65.9145
      vertex 312.044 2.4 65.9145
    endloop
  endfacet
  facet normal 1 -0 0
    outer loop
      vertex 317.956 0 100
      vertex 317.956 13.047 98.4127
      vertex 317.956 13.845 100
    endloop
  endfacet
  facet normal 1 0 0
    outer loop
      vertex 317.956 13.047 98.4127
      vertex 317.956 0 100
      vertex 317.956 12.1796 96.8254
    endloop
  endfacet
  facet normal 1 0 0
    outer loop
      vertex 317.956 12.1796 96.8254
      vertex 317.956 0 100
      vertex 317.956 11.2694 95.2381
    endloop
  endfacet
  facet normal 1 0 0
    outer loop
      vertex 317.956 11.2694 95.2381
      vertex 317.956 0 100
      vertex 317.956 10.3481 93.6508
    endloop
  endfacet
  facet normal 1 0 0
    outer loop
      vertex 317.956 7.67163 77.7778
      vertex 317.956 5.30916 39.6825
      vertex 317.956 6.13188 41.2698
    endloop
  endfacet
  facet normal 1 0 0
    outer loop
      vertex 317.956 6.70218 80.9524
      vertex 317.956 2.4 65.9145
      vertex 317.956 5.30916 39.6825
    endloop
  endfacet
  facet normal 1 0 0
    outer loop
      vertex 317.956 2.4 89.0855
      vertex 317.956 6.53351 82.5397
      vertex 317.956 6.57973 84.127
    endloop
  endfacet
  facet normal 1 -0 0
    outer loop
      vertex 317.956 0 65.9145
      vertex 317.956 5.30916 39.6825
      vertex 317.956 2.4 65.9145
    endloop
  endfacet
  facet normal 1 0 0
    outer loop
      vertex 317.956 5.30916 39.6825
      vertex 317.956 0 65.9145
      vertex 317.956 4.72784 38.0952
    endloop
  endfacet
  facet normal 1 0 0
    outer loop
      vertex 317.956 6.70218 80.9524
      vertex 317.956 2.4 89.0855
      vertex 317.956 2.4 65.9145
    endloop
  endfacet
  facet normal 1 0 0
    outer loop
      vertex 317.956 6.83202 85.7143
      vertex 317.956 2.4 89.0855
      vertex 317.956 6.57973 84.127
    endloop
  endfacet
  facet normal 1 0 0
    outer loop
      vertex 317.956 7.27292 87.3016
      vertex 317.956 2.4 89.0855
      vertex 317.956 6.83202 85.7143
    endloop
  endfacet
  facet normal 1 0 0
    outer loop
      vertex 317.956 7.87755 88.8889
      vertex 317.956 2.4 89.0855
      vertex 317.956 7.27292 87.3016
    endloop
  endfacet
  facet normal 1 0 0
    outer loop
      vertex 317.956 8.61519 90.4762
      vertex 317.956 2.4 89.0855
      vertex 317.956 7.87755 88.8889
    endloop
  endfacet
  facet normal 1 0 0
    outer loop
      vertex 317.956 9.45102 92.0635
      vertex 317.956 2.4 89.0855
      vertex 317.956 8.61519 90.4762
    endloop
  endfacet
  facet normal 1 0 0
    outer loop
      vertex 317.956 10.3481 93.6508
      vertex 317.956 0 100
      vertex 317.956 9.45102 92.0635
    endloop
  endfacet
  facet normal 1 0 0
    outer loop
      vertex 317.956 9.45102 92.0635
      vertex 317.956 0 100
      vertex 317.956 2.4 89.0855
    endloop
  endfacet
  facet normal 1 0 0
    outer loop
      vertex 317.956 2.4 89.0855
      vertex 317.956 0 100
      vertex 317.956 0 89.0855
    endloop
  endfacet
  facet normal 1 0 0
    outer loop
      vertex 317.956 17.1868 60.3175
      vertex 317.956 16.9463 57.1429
      vertex 317.956 17.1991 58.7301
    endloop
  endfacet
  facet normal 1 0 0
    outer loop
      vertex 317.956 16.9161 61.9048
      vertex 317.956 16.9463 57.1429
      vertex 317.956 17.1868 60.3175
    endloop
  endfacet
  facet normal 1 0 0
    outer loop
      vertex 317.956 16.9161 61.9048
      vertex 317.956 16.4341 55.5555
      vertex 317.956 16.9463 57.1429
    endloop
  endfacet
  facet normal 1 0 0
    outer loop
      vertex 317.956 16.405 63.4921
      vertex 317.956 16.4341 55.5555
      vertex 317.956 16.9161 61.9048
    endloop
  endfacet
  facet normal 1 0 0
    outer loop
      vertex 317.956 15.6805 53.9682
      vertex 317.956 16.405 63.4921
      vertex 317.956 15.6821 65.0794
    endloop
  endfacet
  facet normal 1 0 0
    outer loop
      vertex 317.956 16.405 63.4921
      vertex 317.956 15.6805 53.9682
      vertex 317.956 16.4341 55.5555
    endloop
  endfacet
  facet normal 1 0 0
    outer loop
      vertex 317.956 14.7149 52.381
      vertex 317.956 15.6821 65.0794
      vertex 317.956 14.7852 66.6667
    endloop
  endfacet
  facet normal 1 0 0
    outer loop
      vertex 317.956 15.6821 65.0794
      vertex 317.956 14.7149 52.381
      vertex 317.956 15.6805 53.9682
    endloop
  endfacet
  facet normal 1 0 0
    outer loop
      vertex 317.956 13.5768 50.7936
      vertex 317.956 14.7852 66.6667
      vertex 317.956 13.7588 68.254
    endloop
  endfacet
  facet normal 1 0 0
    outer loop
      vertex 317.956 14.7852 66.6667
      vertex 317.956 13.5768 50.7936
      vertex 317.956 14.7149 52.381
    endloop
  endfacet
  facet normal 1 0 0
    outer loop
      vertex 317.956 12.3148 49.2063
      vertex 317.956 13.7588 68.254
      vertex 317.956 12.6523 69.8413
    endloop
  endfacet
  facet normal 1 0 0
    outer loop
      vertex 317.956 13.7588 68.254
      vertex 317.956 12.3148 49.2063
      vertex 317.956 13.5768 50.7936
    endloop
  endfacet
  facet normal 1 0 0
    outer loop
      vertex 317.956 10.9833 47.619
      vertex 317.956 12.6523 69.8413
      vertex 317.956 11.5173 71.4286
    endloop
  endfacet
  facet normal 1 0 0
    outer loop
      vertex 317.956 12.6523 69.8413
      vertex 317.956 10.9833 47.619
      vertex 317.956 12.3148 49.2063
    endloop
  endfacet
  facet normal 1 0 0
    outer loop
      vertex 317.956 9.64091 46.0317
      vertex 317.956 11.5173 71.4286
      vertex 317.956 10.4053 73.0159
    endloop
  endfacet
  facet normal 1 0 0
    outer loop
      vertex 317.956 11.5173 71.4286
      vertex 317.956 9.64091 46.0317
      vertex 317.956 10.9833 47.619
    endloop
  endfacet
  facet normal 1 0 0
    outer loop
      vertex 317.956 8.34718 44.4444
      vertex 317.956 10.4053 73.0159
      vertex 317.956 9.36533 74.6032
    endloop
  endfacet
  facet normal 1 0 0
    outer loop
      vertex 317.956 7.15982 42.8571
      vertex 317.956 9.36533 74.6032
      vertex 317.956 8.44154 76.1905
    endloop
  endfacet
  facet normal 1 0 0
    outer loop
      vertex 317.956 10.4053 73.0159
      vertex 317.956 8.34718 44.4444
      vertex 317.956 9.64091 46.0317
    endloop
  endfacet
  facet normal 1 0 0
    outer loop
      vertex 317.956 6.13188 41.2698
      vertex 317.956 8.44154 76.1905
      vertex 317.956 7.67163 77.7778
    endloop
  endfacet
  facet normal 1 0 0
    outer loop
      vertex 317.956 9.36533 74.6032
      vertex 317.956 7.15982 42.8571
      vertex 317.956 8.34718 44.4444
    endloop
  endfacet
  facet normal 1 0 0
    outer loop
      vertex 317.956 5.30916 39.6825
      vertex 317.956 7.67163 77.7778
      vertex 317.956 7.08507 79.3651
    endloop
  endfacet
  facet normal 1 0 0
    outer loop
      vertex 317.956 5.30916 39.6825
      vertex 317.956 7.08507 79.3651
      vertex 317.956 6.70218 80.9524
    endloop
  endfacet
  facet normal 1 0 0
    outer loop
      vertex 317.956 2.4 89.0855
      vertex 317.956 6.70218 80.9524
      vertex 317.956 6.53351 82.5397
    endloop
  endfacet
  facet normal 1 0 0
    outer loop
      vertex 317.956 8.44154 76.1905
      vertex 317.956 6.13188 41.2698
      vertex 317.956 7.15982 42.8571
    endloop
  endfacet
  facet normal 1 0 0
    outer loop
      vertex 317.956 14.6272 15.873
      vertex 317.956 14.8186 12.6984
      vertex 317.956 14.8607 14.2857
    endloop
  endfacet
  facet normal 1 0 0
    outer loop
      vertex 317.956 14.6272 15.873
      vertex 317.956 14.501 11.1111
      vertex 317.956 14.8186 12.6984
    endloop
  endfacet
  facet normal 1 0 0
    outer loop
      vertex 317.956 14.1317 17.4603
      vertex 317.956 14.501 11.1111
      vertex 317.956 14.6272 15.873
    endloop
  endfacet
  facet normal 1 0 0
    outer loop
      vertex 317.956 14.1317 17.4603
      vertex 317.956 13.922 9.5238
      vertex 317.956 14.501 11.1111
    endloop
  endfacet
  facet normal 1 0 0
    outer loop
      vertex 317.956 13.4012 19.0476
      vertex 317.956 13.922 9.5238
      vertex 317.956 14.1317 17.4603
    endloop
  endfacet
  facet normal 1 0 0
    outer loop
      vertex 317.956 13.4012 19.0476
      vertex 317.956 13.109 7.93649
      vertex 317.956 13.922 9.5238
    endloop
  endfacet
  facet normal 1 0 0
    outer loop
      vertex 317.956 12.4742 20.6349
      vertex 317.956 13.109 7.93649
      vertex 317.956 13.4012 19.0476
    endloop
  endfacet
  facet normal 1 0 0
    outer loop
      vertex 317.956 12.4742 20.6349
      vertex 317.956 12.101 6.3492
      vertex 317.956 13.109 7.93649
    endloop
  endfacet
  facet normal 1 0 0
    outer loop
      vertex 317.956 11.3992 22.2222
      vertex 317.956 12.101 6.3492
      vertex 317.956 12.4742 20.6349
    endloop
  endfacet
  facet normal 1 0 0
    outer loop
      vertex 317.956 0 0
      vertex 317.956 12.101 6.3492
      vertex 317.956 11.3992 22.2222
    endloop
  endfacet
  facet normal 1 0 0
    outer loop
      vertex 317.956 0 0
      vertex 317.956 11.3992 22.2222
      vertex 317.956 10.232 23.8095
    endloop
  endfacet
  facet normal 1 0 0
    outer loop
      vertex 317.956 12.101 6.3492
      vertex 317.956 0 0
      vertex 317.956 10.9473 4.7619
    endloop
  endfacet
  facet normal 1 0 0
    outer loop
      vertex 317.956 0 0
      vertex 317.956 10.232 23.8095
      vertex 317.956 9.03291 25.3968
    endloop
  endfacet
  facet normal 1 0 0
    outer loop
      vertex 317.956 10.9473 4.7619
      vertex 317.956 0 0
      vertex 317.956 9.70457 3.17459
    endloop
  endfacet
  facet normal 1 0 0
    outer loop
      vertex 317.956 0 0
      vertex 317.956 9.03291 25.3968
      vertex 317.956 7.86403 26.9841
    endloop
  endfacet
  facet normal 1 0 0
    outer loop
      vertex 317.956 9.70457 3.17459
      vertex 317.956 0 0
      vertex 317.956 8.43427 1.5873
    endloop
  endfacet
  facet normal 1 0 0
    outer loop
      vertex 317.956 0 0
      vertex 317.956 7.86403 26.9841
      vertex 317.956 6.78577 28.5714
    endloop
  endfacet
  facet normal 1 0 0
    outer loop
      vertex 317.956 0 0
      vertex 317.956 6.78577 28.5714
      vertex 317.956 5.8541 30.1587
    endloop
  endfacet
  facet normal 1 0 0
    outer loop
      vertex 317.956 0 0
      vertex 317.956 5.8541 30.1587
      vertex 317.956 5.11774 31.746
    endloop
  endfacet
  facet normal 1 0 0
    outer loop
      vertex 317.956 0 0
      vertex 317.956 5.11774 31.746
      vertex 317.956 4.61578 33.3333
    endloop
  endfacet
  facet normal 1 0 0
    outer loop
      vertex 317.956 0 0
      vertex 317.956 4.61578 33.3333
      vertex 317.956 4.37584 34.9206
    endloop
  endfacet
  facet normal 1 0 0
    outer loop
      vertex 317.956 4.72784 38.0952
      vertex 317.956 0 65.9145
      vertex 317.956 4.41273 36.5079
    endloop
  endfacet
  facet normal 1 0 0
    outer loop
      vertex 317.956 4.41273 36.5079
      vertex 317.956 0 65.9145
      vertex 317.956 4.37584 34.9206
    endloop
  endfacet
  facet normal 1 0 0
    outer loop
      vertex 317.956 0 0
      vertex 317.956 4.37584 34.9206
      vertex 317.956 0 65.9145
    endloop
  endfacet
  facet normal 1 0 0
    outer loop
      vertex 317.956 8.43427 1.5873
      vertex 317.956 0 0
      vertex 317.956 7.19954 0
    endloop
  endfacet
  facet normal 0 0.780757 -0.624835
    outer loop
      vertex 317.956 8.43427 1.5873
      vertex 312.044 9.70457 3.17459
      vertex 317.956 9.70457 3.17459
    endloop
  endfacet
  facet normal 0 0.780757 -0.624835
    outer loop
      vertex 312.044 9.70457 3.17459
      vertex 317.956 8.43427 1.5873
      vertex 312.044 8.43427 1.5873
    endloop
  endfacet
  facet normal 0 0.787388 -0.616458
    outer loop
      vertex 317.956 9.70457 3.17459
      vertex 312.044 10.9473 4.7619
      vertex 317.956 10.9473 4.7619
    endloop
  endfacet
  facet normal 0 0.787388 -0.616458
    outer loop
      vertex 312.044 10.9473 4.7619
      vertex 317.956 9.70457 3.17459
      vertex 312.044 9.70457 3.17459
    endloop
  endfacet
  facet normal 0 0.808906 -0.587938
    outer loop
      vertex 317.956 10.9473 4.7619
      vertex 312.044 12.101 6.3492
      vertex 317.956 12.101 6.3492
    endloop
  endfacet
  facet normal 0 0.808906 -0.587938
    outer loop
      vertex 312.044 12.101 6.3492
      vertex 317.956 10.9473 4.7619
      vertex 312.044 10.9473 4.7619
    endloop
  endfacet
  facet normal 0 0.844165 -0.536083
    outer loop
      vertex 317.956 12.101 6.3492
      vertex 312.044 13.109 7.93649
      vertex 317.956 13.109 7.93649
    endloop
  endfacet
  facet normal 0 0.844165 -0.536083
    outer loop
      vertex 312.044 13.109 7.93649
      vertex 317.956 12.101 6.3492
      vertex 312.044 12.101 6.3492
    endloop
  endfacet
  facet normal 0 0.890046 -0.45587
    outer loop
      vertex 317.956 13.109 7.93649
      vertex 312.044 13.922 9.5238
      vertex 317.956 13.922 9.5238
    endloop
  endfacet
  facet normal 0 0.890046 -0.45587
    outer loop
      vertex 312.044 13.922 9.5238
      vertex 317.956 13.109 7.93649
      vertex 312.044 13.109 7.93649
    endloop
  endfacet
  facet normal 0 0.939451 -0.342684
    outer loop
      vertex 317.956 13.922 9.5238
      vertex 312.044 14.501 11.1111
      vertex 317.956 14.501 11.1111
    endloop
  endfacet
  facet normal 0 0.939451 -0.342684
    outer loop
      vertex 312.044 14.501 11.1111
      vertex 317.956 13.922 9.5238
      vertex 312.044 13.922 9.5238
    endloop
  endfacet
  facet normal 0 0.980564 -0.196199
    outer loop
      vertex 317.956 14.501 11.1111
      vertex 312.044 14.8186 12.6984
      vertex 317.956 14.8186 12.6984
    endloop
  endfacet
  facet normal 0 0.980564 -0.196199
    outer loop
      vertex 312.044 14.8186 12.6984
      vertex 317.956 14.501 11.1111
      vertex 312.044 14.501 11.1111
    endloop
  endfacet
  facet normal 0 0.999648 -0.0265137
    outer loop
      vertex 317.956 14.8186 12.6984
      vertex 312.044 14.8607 14.2857
      vertex 317.956 14.8607 14.2857
    endloop
  endfacet
  facet normal 0 0.999648 -0.0265137
    outer loop
      vertex 312.044 14.8607 14.2857
      vertex 317.956 14.8186 12.6984
      vertex 312.044 14.8186 12.6984
    endloop
  endfacet
  facet normal 0 0.989353 0.145539
    outer loop
      vertex 317.956 14.8607 14.2857
      vertex 312.044 14.6272 15.873
      vertex 317.956 14.6272 15.873
    endloop
  endfacet
  facet normal 0 0.989353 0.145539
    outer loop
      vertex 312.044 14.6272 15.873
      vertex 317.956 14.8607 14.2857
      vertex 312.044 14.8607 14.2857
    endloop
  endfacet
  facet normal 0 0.954571 0.297984
    outer loop
      vertex 317.956 14.6272 15.873
      vertex 312.044 14.1317 17.4603
      vertex 317.956 14.1317 17.4603
    endloop
  endfacet
  facet normal 0 0.954571 0.297984
    outer loop
      vertex 312.044 14.1317 17.4603
      vertex 317.956 14.6272 15.873
      vertex 312.044 14.6272 15.873
    endloop
  endfacet
  facet normal 0 0.908416 0.418067
    outer loop
      vertex 317.956 14.1317 17.4603
      vertex 312.044 13.4012 19.0476
      vertex 317.956 13.4012 19.0476
    endloop
  endfacet
  facet normal 0 0.908416 0.418067
    outer loop
      vertex 312.044 13.4012 19.0476
      vertex 317.956 14.1317 17.4603
      vertex 312.044 14.1317 17.4603
    endloop
  endfacet
  facet normal 0 0.863524 0.504307
    outer loop
      vertex 317.956 13.4012 19.0476
      vertex 312.044 12.4742 20.6349
      vertex 317.956 12.4742 20.6349
    endloop
  endfacet
  facet normal 0 0.863524 0.504307
    outer loop
      vertex 312.044 12.4742 20.6349
      vertex 317.956 13.4012 19.0476
      vertex 312.044 13.4012 19.0476
    endloop
  endfacet
  facet normal 0 0.827984 0.560752
    outer loop
      vertex 317.956 12.4742 20.6349
      vertex 312.044 11.3992 22.2222
      vertex 317.956 11.3992 22.2222
    endloop
  endfacet
  facet normal 0 0.827984 0.560752
    outer loop
      vertex 312.044 11.3992 22.2222
      vertex 317.956 12.4742 20.6349
      vertex 312.044 12.4742 20.6349
    endloop
  endfacet
  facet normal 0 0.805635 0.592413
    outer loop
      vertex 317.956 11.3992 22.2222
      vertex 312.044 10.232 23.8095
      vertex 317.956 10.232 23.8095
    endloop
  endfacet
  facet normal 0 0.805635 0.592413
    outer loop
      vertex 312.044 10.232 23.8095
      vertex 317.956 11.3992 22.2222
      vertex 312.044 11.3992 22.2222
    endloop
  endfacet
  facet normal 0 0.797916 0.602768
    outer loop
      vertex 317.956 10.232 23.8095
      vertex 312.044 9.03291 25.3968
      vertex 317.956 9.03291 25.3968
    endloop
  endfacet
  facet normal 0 0.797916 0.602768
    outer loop
      vertex 312.044 9.03291 25.3968
      vertex 317.956 10.232 23.8095
      vertex 312.044 10.232 23.8095
    endloop
  endfacet
  facet normal 0 0.805228 0.592966
    outer loop
      vertex 317.956 9.03291 25.3968
      vertex 312.044 7.86403 26.9841
      vertex 317.956 7.86403 26.9841
    endloop
  endfacet
  facet normal 0 0.805228 0.592966
    outer loop
      vertex 312.044 7.86403 26.9841
      vertex 317.956 9.03291 25.3968
      vertex 312.044 9.03291 25.3968
    endloop
  endfacet
  facet normal 0 0.827194 0.561917
    outer loop
      vertex 317.956 7.86403 26.9841
      vertex 312.044 6.78577 28.5714
      vertex 317.956 6.78577 28.5714
    endloop
  endfacet
  facet normal 0 0.827194 0.561917
    outer loop
      vertex 312.044 6.78577 28.5714
      vertex 317.956 7.86403 26.9841
      vertex 312.044 7.86403 26.9841
    endloop
  endfacet
  facet normal 0 0.862417 0.506198
    outer loop
      vertex 317.956 6.78577 28.5714
      vertex 312.044 5.8541 30.1587
      vertex 317.956 5.8541 30.1587
    endloop
  endfacet
  facet normal 0 0.862417 0.506198
    outer loop
      vertex 312.044 5.8541 30.1587
      vertex 317.956 6.78577 28.5714
      vertex 312.044 6.78577 28.5714
    endloop
  endfacet
  facet normal 0 0.90714 0.420829
    outer loop
      vertex 317.956 5.8541 30.1587
      vertex 312.044 5.11774 31.746
      vertex 317.956 5.11774 31.746
    endloop
  endfacet
  facet normal 0 0.90714 0.420829
    outer loop
      vertex 312.044 5.11774 31.746
      vertex 317.956 5.8541 30.1587
      vertex 312.044 5.8541 30.1587
    endloop
  endfacet
  facet normal 0 0.953461 0.301518
    outer loop
      vertex 317.956 5.11774 31.746
      vertex 312.044 4.61578 33.3333
      vertex 317.956 4.61578 33.3333
    endloop
  endfacet
  facet normal 0 0.953461 0.301518
    outer loop
      vertex 312.044 4.61578 33.3333
      vertex 317.956 5.11774 31.746
      vertex 312.044 5.11774 31.746
    endloop
  endfacet
  facet normal 0 0.988767 0.149464
    outer loop
      vertex 317.956 4.61578 33.3333
      vertex 312.044 4.37584 34.9206
      vertex 317.956 4.37584 34.9206
    endloop
  endfacet
  facet normal 0 0.988767 0.149464
    outer loop
      vertex 312.044 4.37584 34.9206
      vertex 317.956 4.61578 33.3333
      vertex 312.044 4.61578 33.3333
    endloop
  endfacet
  facet normal 0 0.99973 -0.0232344
    outer loop
      vertex 317.956 4.37584 34.9206
      vertex 312.044 4.41273 36.5079
      vertex 317.956 4.41273 36.5079
    endloop
  endfacet
  facet normal 0 0.99973 -0.0232344
    outer loop
      vertex 312.044 4.41273 36.5079
      vertex 317.956 4.37584 34.9206
      vertex 312.044 4.37584 34.9206
    endloop
  endfacet
  facet normal 0 0.980859 -0.19472
    outer loop
      vertex 317.956 4.41273 36.5079
      vertex 312.044 4.72784 38.0952
      vertex 317.956 4.72784 38.0952
    endloop
  endfacet
  facet normal 0 0.980859 -0.19472
    outer loop
      vertex 312.044 4.72784 38.0952
      vertex 317.956 4.41273 36.5079
      vertex 312.044 4.41273 36.5079
    endloop
  endfacet
  facet normal 0 0.939008 -0.343895
    outer loop
      vertex 317.956 4.72784 38.0952
      vertex 312.044 5.30916 39.6825
      vertex 317.956 5.30916 39.6825
    endloop
  endfacet
  facet normal 0 0.939008 -0.343895
    outer loop
      vertex 312.044 5.30916 39.6825
      vertex 317.956 4.72784 38.0952
      vertex 312.044 4.72784 38.0952
    endloop
  endfacet
  facet normal 0 0.887829 -0.460174
    outer loop
      vertex 317.956 5.30916 39.6825
      vertex 312.044 6.13188 41.2698
      vertex 317.956 6.13188 41.2698
    endloop
  endfacet
  facet normal 0 0.887829 -0.460174
    outer loop
      vertex 312.044 6.13188 41.2698
      vertex 317.956 5.30916 39.6825
      vertex 312.044 5.30916 39.6825
    endloop
  endfacet
  facet normal 0 0.839362 -0.543573
    outer loop
      vertex 317.956 6.13188 41.2698
      vertex 312.044 7.15982 42.8571
      vertex 317.956 7.15982 42.8571
    endloop
  endfacet
  facet normal 0 0.839362 -0.543573
    outer loop
      vertex 312.044 7.15982 42.8571
      vertex 317.956 6.13188 41.2698
      vertex 312.044 6.13188 41.2698
    endloop
  endfacet
  facet normal 0 0.800754 -0.598994
    outer loop
      vertex 317.956 7.15982 42.8571
      vertex 312.044 8.34718 44.4444
      vertex 317.956 8.34718 44.4444
    endloop
  endfacet
  facet normal 0 0.800754 -0.598994
    outer loop
      vertex 312.044 8.34718 44.4444
      vertex 317.956 7.15982 42.8571
      vertex 312.044 7.15982 42.8571
    endloop
  endfacet
  facet normal 0 0.775145 -0.631783
    outer loop
      vertex 317.956 8.34718 44.4444
      vertex 312.044 9.64091 46.0317
      vertex 317.956 9.64091 46.0317
    endloop
  endfacet
  facet normal 0 0.775145 -0.631783
    outer loop
      vertex 312.044 9.64091 46.0317
      vertex 317.956 8.34718 44.4444
      vertex 312.044 8.34718 44.4444
    endloop
  endfacet
  facet normal 0 0.763555 -0.645743
    outer loop
      vertex 317.956 9.64091 46.0317
      vertex 312.044 10.9833 47.619
      vertex 317.956 10.9833 47.619
    endloop
  endfacet
  facet normal 0 0.763555 -0.645743
    outer loop
      vertex 312.044 10.9833 47.619
      vertex 317.956 9.64091 46.0317
      vertex 312.044 9.64091 46.0317
    endloop
  endfacet
  facet normal 0 0.76614 -0.642674
    outer loop
      vertex 317.956 10.9833 47.619
      vertex 312.044 12.3148 49.2063
      vertex 317.956 12.3148 49.2063
    endloop
  endfacet
  facet normal 0 0.76614 -0.642674
    outer loop
      vertex 312.044 12.3148 49.2063
      vertex 317.956 10.9833 47.619
      vertex 312.044 10.9833 47.619
    endloop
  endfacet
  facet normal 0 0.782751 -0.622335
    outer loop
      vertex 317.956 12.3148 49.2063
      vertex 312.044 13.5768 50.7936
      vertex 317.956 13.5768 50.7936
    endloop
  endfacet
  facet normal 0 0.782751 -0.622335
    outer loop
      vertex 312.044 13.5768 50.7936
      vertex 317.956 12.3148 49.2063
      vertex 312.044 12.3148 49.2063
    endloop
  endfacet
  facet normal 0 0.812705 -0.582676
    outer loop
      vertex 317.956 13.5768 50.7936
      vertex 312.044 14.7149 52.381
      vertex 317.956 14.7149 52.381
    endloop
  endfacet
  facet normal 0 0.812705 -0.582676
    outer loop
      vertex 312.044 14.7149 52.381
      vertex 317.956 13.5768 50.7936
      vertex 312.044 13.5768 50.7936
    endloop
  endfacet
  facet normal 0 0.854323 -0.519742
    outer loop
      vertex 317.956 14.7149 52.381
      vertex 312.044 15.6805 53.9682
      vertex 317.956 15.6805 53.9682
    endloop
  endfacet
  facet normal 0 0.854323 -0.519742
    outer loop
      vertex 312.044 15.6805 53.9682
      vertex 317.956 14.7149 52.381
      vertex 312.044 14.7149 52.381
    endloop
  endfacet
  facet normal 0 0.903359 -0.428886
    outer loop
      vertex 317.956 15.6805 53.9682
      vertex 312.044 16.4341 55.5555
      vertex 317.956 16.4341 55.5555
    endloop
  endfacet
  facet normal 0 0.903359 -0.428886
    outer loop
      vertex 312.044 16.4341 55.5555
      vertex 317.956 15.6805 53.9682
      vertex 312.044 15.6805 53.9682
    endloop
  endfacet
  facet normal 0 0.951685 -0.307076
    outer loop
      vertex 317.956 16.4341 55.5555
      vertex 312.044 16.9463 57.1429
      vertex 317.956 16.9463 57.1429
    endloop
  endfacet
  facet normal 0 0.951685 -0.307076
    outer loop
      vertex 312.044 16.9463 57.1429
      vertex 317.956 16.4341 55.5555
      vertex 312.044 16.4341 55.5555
    endloop
  endfacet
  facet normal 0 0.987552 -0.157292
    outer loop
      vertex 317.956 16.9463 57.1429
      vertex 312.044 17.1991 58.7301
      vertex 317.956 17.1991 58.7301
    endloop
  endfacet
  facet normal 0 0.987552 -0.157292
    outer loop
      vertex 312.044 17.1991 58.7301
      vertex 317.956 16.9463 57.1429
      vertex 312.044 16.9463 57.1429
    endloop
  endfacet
  facet normal 0 0.99997 0.00774829
    outer loop
      vertex 317.956 17.1991 58.7301
      vertex 312.044 17.1868 60.3175
      vertex 317.956 17.1868 60.3175
    endloop
  endfacet
  facet normal 0 0.99997 0.00774829
    outer loop
      vertex 312.044 17.1868 60.3175
      vertex 317.956 17.1991 58.7301
      vertex 312.044 17.1991 58.7301
    endloop
  endfacet
  facet normal 0 0.985768 0.168114
    outer loop
      vertex 317.956 17.1868 60.3175
      vertex 312.044 16.9161 61.9048
      vertex 317.956 16.9161 61.9048
    endloop
  endfacet
  facet normal 0 0.985768 0.168114
    outer loop
      vertex 312.044 16.9161 61.9048
      vertex 317.956 17.1868 60.3175
      vertex 312.044 17.1868 60.3175
    endloop
  endfacet
  facet normal 0 0.951872 0.306496
    outer loop
      vertex 317.956 16.9161 61.9048
      vertex 312.044 16.405 63.4921
      vertex 317.956 16.405 63.4921
    endloop
  endfacet
  facet normal 0 0.951872 0.306496
    outer loop
      vertex 312.044 16.405 63.4921
      vertex 317.956 16.9161 61.9048
      vertex 312.044 16.9161 61.9048
    endloop
  endfacet
  facet normal 0 0.910064 0.414468
    outer loop
      vertex 317.956 16.405 63.4921
      vertex 312.044 15.6821 65.0794
      vertex 317.956 15.6821 65.0794
    endloop
  endfacet
  facet normal 0 0.910064 0.414468
    outer loop
      vertex 312.044 15.6821 65.0794
      vertex 317.956 16.405 63.4921
      vertex 312.044 16.405 63.4921
    endloop
  endfacet
  facet normal 0 0.870626 0.491945
    outer loop
      vertex 317.956 15.6821 65.0794
      vertex 312.044 14.7852 66.6667
      vertex 317.956 14.7852 66.6667
    endloop
  endfacet
  facet normal 0 0.870626 0.491945
    outer loop
      vertex 312.044 14.7852 66.6667
      vertex 317.956 15.6821 65.0794
      vertex 312.044 15.6821 65.0794
    endloop
  endfacet
  facet normal 0 0.839733 0.542999
    outer loop
      vertex 317.956 14.7852 66.6667
      vertex 312.044 13.7588 68.254
      vertex 317.956 13.7588 68.254
    endloop
  endfacet
  facet normal 0 0.839733 0.542999
    outer loop
      vertex 312.044 13.7588 68.254
      vertex 317.956 14.7852 66.6667
      vertex 312.044 14.7852 66.6667
    endloop
  endfacet
  facet normal 0 0.82035 0.571862
    outer loop
      vertex 317.956 13.7588 68.254
      vertex 312.044 12.6523 69.8413
      vertex 317.956 12.6523 69.8413
    endloop
  endfacet
  facet normal 0 0.82035 0.571862
    outer loop
      vertex 312.044 12.6523 69.8413
      vertex 317.956 13.7588 68.254
      vertex 312.044 13.7588 68.254
    endloop
  endfacet
  facet normal 0 0.813439 0.58165
    outer loop
      vertex 317.956 12.6523 69.8413
      vertex 312.044 11.5173 71.4286
      vertex 317.956 11.5173 71.4286
    endloop
  endfacet
  facet normal 0 0.813439 0.58165
    outer loop
      vertex 312.044 11.5173 71.4286
      vertex 317.956 12.6523 69.8413
      vertex 312.044 12.6523 69.8413
    endloop
  endfacet
  facet normal 0 0.819016 0.573771
    outer loop
      vertex 317.956 11.5173 71.4286
      vertex 312.044 10.4053 73.0159
      vertex 317.956 10.4053 73.0159
    endloop
  endfacet
  facet normal 0 0.819016 0.573771
    outer loop
      vertex 312.044 10.4053 73.0159
      vertex 317.956 11.5173 71.4286
      vertex 312.044 11.5173 71.4286
    endloop
  endfacet
  facet normal 0 0.836458 0.548032
    outer loop
      vertex 317.956 10.4053 73.0159
      vertex 312.044 9.36533 74.6032
      vertex 317.956 9.36533 74.6032
    endloop
  endfacet
  facet normal 0 0.836458 0.548032
    outer loop
      vertex 312.044 9.36533 74.6032
      vertex 317.956 10.4053 73.0159
      vertex 312.044 10.4053 73.0159
    endloop
  endfacet
  facet normal 0 0.864284 0.503003
    outer loop
      vertex 317.956 9.36533 74.6032
      vertex 312.044 8.44154 76.1905
      vertex 317.956 8.44154 76.1905
    endloop
  endfacet
  facet normal 0 0.864284 0.503003
    outer loop
      vertex 312.044 8.44154 76.1905
      vertex 317.956 9.36533 74.6032
      vertex 312.044 9.36533 74.6032
    endloop
  endfacet
  facet normal 0 0.899745 0.436416
    outer loop
      vertex 317.956 8.44154 76.1905
      vertex 312.044 7.67163 77.7778
      vertex 317.956 7.67163 77.7778
    endloop
  endfacet
  facet normal 0 0.899745 0.436416
    outer loop
      vertex 312.044 7.67163 77.7778
      vertex 317.956 8.44154 76.1905
      vertex 312.044 8.44154 76.1905
    endloop
  endfacet
  facet normal 0 0.938004 0.346624
    outer loop
      vertex 317.956 7.67163 77.7778
      vertex 312.044 7.08507 79.3651
      vertex 317.956 7.08507 79.3651
    endloop
  endfacet
  facet normal 0 0.938004 0.346624
    outer loop
      vertex 312.044 7.08507 79.3651
      vertex 317.956 7.67163 77.7778
      vertex 312.044 7.67163 77.7778
    endloop
  endfacet
  facet normal 0 0.972117 0.234495
    outer loop
      vertex 317.956 7.08507 79.3651
      vertex 312.044 6.70218 80.9524
      vertex 317.956 6.70218 80.9524
    endloop
  endfacet
  facet normal 0 0.972117 0.234495
    outer loop
      vertex 312.044 6.70218 80.9524
      vertex 317.956 7.08507 79.3651
      vertex 312.044 7.08507 79.3651
    endloop
  endfacet
  facet normal 0 0.994402 0.105667
    outer loop
      vertex 317.956 6.70218 80.9524
      vertex 312.044 6.53351 82.5397
      vertex 317.956 6.53351 82.5397
    endloop
  endfacet
  facet normal 0 0.994402 0.105667
    outer loop
      vertex 312.044 6.53351 82.5397
      vertex 317.956 6.70218 80.9524
      vertex 312.044 6.70218 80.9524
    endloop
  endfacet
  facet normal 0 0.999576 -0.0291063
    outer loop
      vertex 317.956 6.53351 82.5397
      vertex 312.044 6.57973 84.127
      vertex 317.956 6.57973 84.127
    endloop
  endfacet
  facet normal 0 0.999576 -0.0291063
    outer loop
      vertex 312.044 6.57973 84.127
      vertex 317.956 6.53351 82.5397
      vertex 312.044 6.53351 82.5397
    endloop
  endfacet
  facet normal 0 0.987603 -0.156972
    outer loop
      vertex 317.956 6.57973 84.127
      vertex 312.044 6.83202 85.7143
      vertex 317.956 6.83202 85.7143
    endloop
  endfacet
  facet normal 0 0.987603 -0.156972
    outer loop
      vertex 312.044 6.83202 85.7143
      vertex 317.956 6.57973 84.127
      vertex 312.044 6.57973 84.127
    endloop
  endfacet
  facet normal 0 0.963521 -0.267634
    outer loop
      vertex 317.956 6.83202 85.7143
      vertex 312.044 7.27292 87.3016
      vertex 317.956 7.27292 87.3016
    endloop
  endfacet
  facet normal 0 0.963521 -0.267634
    outer loop
      vertex 312.044 7.27292 87.3016
      vertex 317.956 6.83202 85.7143
      vertex 312.044 6.83202 85.7143
    endloop
  endfacet
  facet normal 0 0.934499 -0.355967
    outer loop
      vertex 317.956 7.27292 87.3016
      vertex 312.044 7.87755 88.8889
      vertex 317.956 7.87755 88.8889
    endloop
  endfacet
  facet normal 0 0.934499 -0.355967
    outer loop
      vertex 312.044 7.87755 88.8889
      vertex 317.956 7.27292 87.3016
      vertex 312.044 7.27292 87.3016
    endloop
  endfacet
  facet normal 0 0.906861 -0.421431
    outer loop
      vertex 317.956 7.87755 88.8889
      vertex 312.044 8.61519 90.4762
      vertex 317.956 8.61519 90.4762
    endloop
  endfacet
  facet normal 0 0.906861 -0.421431
    outer loop
      vertex 312.044 8.61519 90.4762
      vertex 317.956 7.87755 88.8889
      vertex 312.044 7.87755 88.8889
    endloop
  endfacet
  facet normal 0 0.884824 -0.465925
    outer loop
      vertex 317.956 8.61519 90.4762
      vertex 312.044 9.45102 92.0635
      vertex 317.956 9.45102 92.0635
    endloop
  endfacet
  facet normal 0 0.884824 -0.465925
    outer loop
      vertex 312.044 9.45102 92.0635
      vertex 317.956 8.61519 90.4762
      vertex 312.044 8.61519 90.4762
    endloop
  endfacet
  facet normal 0 0.870584 -0.49202
    outer loop
      vertex 317.956 9.45102 92.0635
      vertex 312.044 10.3481 93.6508
      vertex 317.956 10.3481 93.6508
    endloop
  endfacet
  facet normal 0 0.870584 -0.49202
    outer loop
      vertex 312.044 10.3481 93.6508
      vertex 317.956 9.45102 92.0635
      vertex 312.044 9.45102 92.0635
    endloop
  endfacet
  facet normal 0 0.864874 -0.50199
    outer loop
      vertex 317.956 10.3481 93.6508
      vertex 312.044 11.2694 95.2381
      vertex 317.956 11.2694 95.2381
    endloop
  endfacet
  facet normal 0 0.864874 -0.50199
    outer loop
      vertex 312.044 11.2694 95.2381
      vertex 317.956 10.3481 93.6508
      vertex 312.044 10.3481 93.6508
    endloop
  endfacet
  facet normal 0 0.867496 -0.497445
    outer loop
      vertex 317.956 11.2694 95.2381
      vertex 312.044 12.1796 96.8254
      vertex 317.956 12.1796 96.8254
    endloop
  endfacet
  facet normal 0 0.867496 -0.497445
    outer loop
      vertex 312.044 12.1796 96.8254
      vertex 317.956 11.2694 95.2381
      vertex 312.044 11.2694 95.2381
    endloop
  endfacet
  facet normal 0 0.877523 -0.479534
    outer loop
      vertex 317.956 12.1796 96.8254
      vertex 312.044 13.047 98.4127
      vertex 317.956 13.047 98.4127
    endloop
  endfacet
  facet normal 0 0.877523 -0.479534
    outer loop
      vertex 312.044 13.047 98.4127
      vertex 317.956 12.1796 96.8254
      vertex 312.044 12.1796 96.8254
    endloop
  endfacet
  facet normal 0 0.893446 -0.449171
    outer loop
      vertex 317.956 13.047 98.4127
      vertex 312.044 13.845 100
      vertex 317.956 13.845 100
    endloop
  endfacet
  facet normal 0 0.893446 -0.449171
    outer loop
      vertex 312.044 13.845 100
      vertex 317.956 13.047 98.4127
      vertex 312.044 13.047 98.4127
    endloop
  endfacet
  facet normal 0 0.789313 -0.613991
    outer loop
      vertex 317.956 7.19954 0
      vertex 312.044 8.43427 1.5873
      vertex 317.956 8.43427 1.5873
    endloop
  endfacet
  facet normal 0 0.789313 -0.613991
    outer loop
      vertex 312.044 8.43427 1.5873
      vertex 317.956 7.19954 0
      vertex 312.044 7.19954 0
    endloop
  endfacet
  facet normal -1 0 0
    outer loop
      vertex 319.822 17.4709 55.5555
      vertex 319.822 17.2458 58.7301
      vertex 319.822 17.498 57.1429
    endloop
  endfacet
  facet normal -1 0 0
    outer loop
      vertex 319.822 17.1607 53.9682
      vertex 319.822 17.2458 58.7301
      vertex 319.822 17.4709 55.5555
    endloop
  endfacet
  facet normal -1 0 0
    outer loop
      vertex 319.822 17.1607 53.9682
      vertex 319.822 16.7314 60.3175
      vertex 319.822 17.2458 58.7301
    endloop
  endfacet
  facet normal -1 0 0
    outer loop
      vertex 319.822 16.5778 52.381
      vertex 319.822 16.7314 60.3175
      vertex 319.822 17.1607 53.9682
    endloop
  endfacet
  facet normal -1 0 0
    outer loop
      vertex 319.822 16.5778 52.381
      vertex 319.822 15.9844 61.9048
      vertex 319.822 16.7314 60.3175
    endloop
  endfacet
  facet normal -1 0 0
    outer loop
      vertex 319.822 15.746 50.7936
      vertex 319.822 15.9844 61.9048
      vertex 319.822 16.5778 52.381
    endloop
  endfacet
  facet normal -1 0 0
    outer loop
      vertex 319.822 2.4 67.0124
      vertex 319.822 15.9844 61.9048
      vertex 319.822 15.746 50.7936
    endloop
  endfacet
  facet normal -1 0 0
    outer loop
      vertex 319.822 2.4 67.0124
      vertex 319.822 15.746 50.7936
      vertex 319.822 14.7015 49.2063
    endloop
  endfacet
  facet normal -1 0 0
    outer loop
      vertex 319.822 15.9844 61.9048
      vertex 319.822 2.4 67.0124
      vertex 319.822 15.0453 63.4921
    endloop
  endfacet
  facet normal -1 0 0
    outer loop
      vertex 319.822 2.4 67.0124
      vertex 319.822 14.7015 49.2063
      vertex 319.822 13.4915 47.619
    endloop
  endfacet
  facet normal -1 0 0
    outer loop
      vertex 319.822 15.0453 63.4921
      vertex 319.822 2.4 67.0124
      vertex 319.822 13.9632 65.0794
    endloop
  endfacet
  facet normal -1 0 0
    outer loop
      vertex 319.822 2.4 67.0124
      vertex 319.822 13.4915 47.619
      vertex 319.822 12.1717 46.0317
    endloop
  endfacet
  facet normal -1 0 0
    outer loop
      vertex 319.822 13.9632 65.0794
      vertex 319.822 2.4 67.0124
      vertex 319.822 12.7933 66.6667
    endloop
  endfacet
  facet normal -1 0 0
    outer loop
      vertex 319.822 2.4 67.0124
      vertex 319.822 12.1717 46.0317
      vertex 319.822 10.8035 44.4444
    endloop
  endfacet
  facet normal -1 0 0
    outer loop
      vertex 319.822 12.7933 66.6667
      vertex 319.822 2.4 67.0124
      vertex 319.822 11.5941 68.254
    endloop
  endfacet
  facet normal -1 0 0
    outer loop
      vertex 319.822 0 67.0124
      vertex 319.822 10.8035 44.4444
      vertex 319.822 9.45114 42.8571
    endloop
  endfacet
  facet normal -1 -0 0
    outer loop
      vertex 319.822 11.5941 68.254
      vertex 319.822 2.4 67.0124
      vertex 319.822 10.4245 69.8413
    endloop
  endfacet
  facet normal -1 -0 0
    outer loop
      vertex 319.822 10.4245 69.8413
      vertex 319.822 2.4 67.0124
      vertex 319.822 9.34081 71.4286
    endloop
  endfacet
  facet normal -1 0 0
    outer loop
      vertex 319.822 0 67.0124
      vertex 319.822 9.45114 42.8571
      vertex 319.822 8.1783 41.2698
    endloop
  endfacet
  facet normal -1 -0 0
    outer loop
      vertex 319.822 9.34081 71.4286
      vertex 319.822 2.4 67.0124
      vertex 319.822 8.39421 73.0159
    endloop
  endfacet
  facet normal -1 -0 0
    outer loop
      vertex 319.822 8.39421 73.0159
      vertex 319.822 2.4 67.0124
      vertex 319.822 7.62823 74.6032
    endloop
  endfacet
  facet normal -1 0 0
    outer loop
      vertex 319.822 0 67.0124
      vertex 319.822 8.1783 41.2698
      vertex 319.822 7.04489 39.6825
    endloop
  endfacet
  facet normal -1 -0 0
    outer loop
      vertex 319.822 7.62823 74.6032
      vertex 319.822 2.4 67.0124
      vertex 319.822 7.07689 76.1905
    endloop
  endfacet
  facet normal -1 -0 0
    outer loop
      vertex 319.822 7.07689 76.1905
      vertex 319.822 2.4 67.0124
      vertex 319.822 6.76318 77.7778
    endloop
  endfacet
  facet normal -1 0 0
    outer loop
      vertex 319.822 0 67.0124
      vertex 319.822 7.04489 39.6825
      vertex 319.822 6.10402 38.0952
    endloop
  endfacet
  facet normal -1 0 0
    outer loop
      vertex 319.822 0 100
      vertex 319.822 16.2724 98.4127
      vertex 319.822 15.6383 96.8254
    endloop
  endfacet
  facet normal -1 0 0
    outer loop
      vertex 319.822 0 100
      vertex 319.822 15.6383 96.8254
      vertex 319.822 14.8426 95.2381
    endloop
  endfacet
  facet normal -1 0 0
    outer loop
      vertex 319.822 0 100
      vertex 319.822 14.8426 95.2381
      vertex 319.822 13.9138 93.6508
    endloop
  endfacet
  facet normal -1 0 0
    outer loop
      vertex 319.822 0 100
      vertex 319.822 13.9138 93.6508
      vertex 319.822 12.8887 92.0635
    endloop
  endfacet
  facet normal -1 0 0
    outer loop
      vertex 319.822 0 100
      vertex 319.822 12.8887 92.0635
      vertex 319.822 11.8105 90.4762
    endloop
  endfacet
  facet normal -1 0 0
    outer loop
      vertex 319.822 2.4 87.9876
      vertex 319.822 11.8105 90.4762
      vertex 319.822 10.7266 88.8889
    endloop
  endfacet
  facet normal -1 0 0
    outer loop
      vertex 319.822 2.4 87.9876
      vertex 319.822 10.7266 88.8889
      vertex 319.822 9.68651 87.3016
    endloop
  endfacet
  facet normal -1 0 0
    outer loop
      vertex 319.822 2.4 87.9876
      vertex 319.822 9.68651 87.3016
      vertex 319.822 8.73897 85.7143
    endloop
  endfacet
  facet normal -1 0 0
    outer loop
      vertex 319.822 0 67.0124
      vertex 319.822 6.10402 38.0952
      vertex 319.822 5.3992 36.5079
    endloop
  endfacet
  facet normal -1 0 0
    outer loop
      vertex 319.822 0 67.0124
      vertex 319.822 5.3992 36.5079
      vertex 319.822 4.96207 34.9206
    endloop
  endfacet
  facet normal -1 0 0
    outer loop
      vertex 319.822 0 67.0124
      vertex 319.822 4.96207 34.9206
      vertex 319.822 4.81068 33.3333
    endloop
  endfacet
  facet normal -1 0 0
    outer loop
      vertex 319.822 2.4 87.9876
      vertex 319.822 6.76318 77.7778
      vertex 319.822 2.4 67.0124
    endloop
  endfacet
  facet normal -1 0 0
    outer loop
      vertex 319.822 6.76318 77.7778
      vertex 319.822 2.4 87.9876
      vertex 319.822 6.6983 79.3651
    endloop
  endfacet
  facet normal -1 0 0
    outer loop
      vertex 319.822 6.6983 79.3651
      vertex 319.822 2.4 87.9876
      vertex 319.822 6.88138 80.9524
    endloop
  endfacet
  facet normal -1 0 0
    outer loop
      vertex 319.822 6.88138 80.9524
      vertex 319.822 2.4 87.9876
      vertex 319.822 7.29973 82.5397
    endloop
  endfacet
  facet normal -1 0 0
    outer loop
      vertex 319.822 2.4 87.9876
      vertex 319.822 7.92989 84.127
      vertex 319.822 7.29973 82.5397
    endloop
  endfacet
  facet normal -1 0 0
    outer loop
      vertex 319.822 2.4 87.9876
      vertex 319.822 8.73897 85.7143
      vertex 319.822 7.92989 84.127
    endloop
  endfacet
  facet normal -1 -0 0
    outer loop
      vertex 319.822 11.8105 90.4762
      vertex 319.822 2.4 87.9876
      vertex 319.822 0 100
    endloop
  endfacet
  facet normal -1 0 0
    outer loop
      vertex 319.822 0 100
      vertex 319.822 2.4 87.9876
      vertex 319.822 0 87.9876
    endloop
  endfacet
  facet normal -1 0 0
    outer loop
      vertex 319.822 16.2724 98.4127
      vertex 319.822 0 100
      vertex 319.822 16.7261 100
    endloop
  endfacet
  facet normal -1 0 0
    outer loop
      vertex 319.822 14.9435 11.1111
      vertex 319.822 14.7651 14.2857
      vertex 319.822 14.9969 12.6984
    endloop
  endfacet
  facet normal -1 0 0
    outer loop
      vertex 319.822 14.6044 9.5238
      vertex 319.822 14.7651 14.2857
      vertex 319.822 14.9435 11.1111
    endloop
  endfacet
  facet normal -1 0 0
    outer loop
      vertex 319.822 14.6044 9.5238
      vertex 319.822 14.2631 15.873
      vertex 319.822 14.7651 14.2857
    endloop
  endfacet
  facet normal -1 0 0
    outer loop
      vertex 319.822 13.9945 7.93649
      vertex 319.822 14.2631 15.873
      vertex 319.822 14.6044 9.5238
    endloop
  endfacet
  facet normal -1 0 0
    outer loop
      vertex 319.822 13.9945 7.93649
      vertex 319.822 13.5203 17.4603
      vertex 319.822 14.2631 15.873
    endloop
  endfacet
  facet normal -1 0 0
    outer loop
      vertex 319.822 13.1425 6.3492
      vertex 319.822 13.5203 17.4603
      vertex 319.822 13.9945 7.93649
    endloop
  endfacet
  facet normal -1 0 0
    outer loop
      vertex 319.822 13.1425 6.3492
      vertex 319.822 12.5786 19.0476
      vertex 319.822 13.5203 17.4603
    endloop
  endfacet
  facet normal -1 0 0
    outer loop
      vertex 319.822 12.0902 4.7619
      vertex 319.822 12.5786 19.0476
      vertex 319.822 13.1425 6.3492
    endloop
  endfacet
  facet normal -1 0 0
    outer loop
      vertex 319.822 0 0
      vertex 319.822 12.5786 19.0476
      vertex 319.822 12.0902 4.7619
    endloop
  endfacet
  facet normal -1 0 0
    outer loop
      vertex 319.822 0 0
      vertex 319.822 12.0902 4.7619
      vertex 319.822 10.8897 3.17459
    endloop
  endfacet
  facet normal -1 -0 0
    outer loop
      vertex 319.822 12.5786 19.0476
      vertex 319.822 0 0
      vertex 319.822 11.4902 20.6349
    endloop
  endfacet
  facet normal -1 0 0
    outer loop
      vertex 319.822 0 0
      vertex 319.822 10.8897 3.17459
      vertex 319.822 9.60117 1.5873
    endloop
  endfacet
  facet normal -1 -0 0
    outer loop
      vertex 319.822 11.4902 20.6349
      vertex 319.822 0 0
      vertex 319.822 10.315 22.2222
    endloop
  endfacet
  facet normal -1 0 0
    outer loop
      vertex 319.822 0 0
      vertex 319.822 9.60117 1.5873
      vertex 319.822 8.28958 0
    endloop
  endfacet
  facet normal -1 -0 0
    outer loop
      vertex 319.822 10.315 22.2222
      vertex 319.822 0 0
      vertex 319.822 9.11749 23.8095
    endloop
  endfacet
  facet normal -1 -0 0
    outer loop
      vertex 319.822 9.11749 23.8095
      vertex 319.822 0 0
      vertex 319.822 7.96332 25.3968
    endloop
  endfacet
  facet normal -1 -0 0
    outer loop
      vertex 319.822 7.96332 25.3968
      vertex 319.822 0 0
      vertex 319.822 6.91589 26.9841
    endloop
  endfacet
  facet normal -1 -0 0
    outer loop
      vertex 319.822 6.91589 26.9841
      vertex 319.822 0 0
      vertex 319.822 6.03316 28.5714
    endloop
  endfacet
  facet normal -1 -0 0
    outer loop
      vertex 319.822 6.03316 28.5714
      vertex 319.822 0 0
      vertex 319.822 5.36458 30.1587
    endloop
  endfacet
  facet normal -1 -0 0
    outer loop
      vertex 319.822 5.36458 30.1587
      vertex 319.822 0 0
      vertex 319.822 4.94859 31.746
    endloop
  endfacet
  facet normal -1 0 0
    outer loop
      vertex 319.822 0 0
      vertex 319.822 4.81068 33.3333
      vertex 319.822 4.94859 31.746
    endloop
  endfacet
  facet normal -1 0 0
    outer loop
      vertex 319.822 0 67.0124
      vertex 319.822 4.81068 33.3333
      vertex 319.822 0 0
    endloop
  endfacet
  facet normal -1 0 0
    outer loop
      vertex 319.822 10.8035 44.4444
      vertex 319.822 0 67.0124
      vertex 319.822 2.4 67.0124
    endloop
  endfacet
  facet normal 1 -0 0
    outer loop
      vertex 325.733 0 100
      vertex 325.733 16.2724 98.4127
      vertex 325.733 16.7261 100
    endloop
  endfacet
  facet normal 1 0 0
    outer loop
      vertex 325.733 16.2724 98.4127
      vertex 325.733 0 100
      vertex 325.733 15.6383 96.8254
    endloop
  endfacet
  facet normal 1 0 0
    outer loop
      vertex 325.733 15.6383 96.8254
      vertex 325.733 0 100
      vertex 325.733 14.8426 95.2381
    endloop
  endfacet
  facet normal 1 0 0
    outer loop
      vertex 325.733 14.8426 95.2381
      vertex 325.733 0 100
      vertex 325.733 13.9138 93.6508
    endloop
  endfacet
  facet normal 1 0 0
    outer loop
      vertex 325.733 13.9138 93.6508
      vertex 325.733 0 100
      vertex 325.733 12.8887 92.0635
    endloop
  endfacet
  facet normal 1 0 0
    outer loop
      vertex 325.733 12.8887 92.0635
      vertex 325.733 0 100
      vertex 325.733 11.8105 90.4762
    endloop
  endfacet
  facet normal 1 0 0
    outer loop
      vertex 325.733 11.8105 90.4762
      vertex 325.733 0 100
      vertex 325.733 10.7266 88.8889
    endloop
  endfacet
  facet normal 1 0 0
    outer loop
      vertex 325.733 10.7266 88.8889
      vertex 325.733 0 100
      vertex 325.733 9.68651 87.3016
    endloop
  endfacet
  facet normal 1 0 0
    outer loop
      vertex 325.733 7.07689 76.1905
      vertex 325.733 5.3992 36.5079
      vertex 325.733 6.10402 38.0952
    endloop
  endfacet
  facet normal 1 0 0
    outer loop
      vertex 325.733 6.76318 77.7778
      vertex 325.733 4.96207 34.9206
      vertex 325.733 5.3992 36.5079
    endloop
  endfacet
  facet normal 1 0 0
    outer loop
      vertex 325.733 6.76318 77.7778
      vertex 325.733 0 100
      vertex 325.733 4.96207 34.9206
    endloop
  endfacet
  facet normal 1 0 0
    outer loop
      vertex 325.733 4.96207 34.9206
      vertex 325.733 0 100
      vertex 325.733 4.81068 33.3333
    endloop
  endfacet
  facet normal 1 0 0
    outer loop
      vertex 325.733 6.88138 80.9524
      vertex 325.733 0 100
      vertex 325.733 6.6983 79.3651
    endloop
  endfacet
  facet normal 1 0 0
    outer loop
      vertex 325.733 7.29973 82.5397
      vertex 325.733 0 100
      vertex 325.733 6.88138 80.9524
    endloop
  endfacet
  facet normal 1 0 0
    outer loop
      vertex 325.733 7.92989 84.127
      vertex 325.733 0 100
      vertex 325.733 7.29973 82.5397
    endloop
  endfacet
  facet normal 1 0 0
    outer loop
      vertex 325.733 8.73897 85.7143
      vertex 325.733 0 100
      vertex 325.733 7.92989 84.127
    endloop
  endfacet
  facet normal 1 0 0
    outer loop
      vertex 325.733 9.68651 87.3016
      vertex 325.733 0 100
      vertex 325.733 8.73897 85.7143
    endloop
  endfacet
  facet normal 1 0 0
    outer loop
      vertex 325.733 17.2458 58.7301
      vertex 325.733 17.4709 55.5555
      vertex 325.733 17.498 57.1429
    endloop
  endfacet
  facet normal 1 0 0
    outer loop
      vertex 325.733 17.2458 58.7301
      vertex 325.733 17.1607 53.9682
      vertex 325.733 17.4709 55.5555
    endloop
  endfacet
  facet normal 1 0 0
    outer loop
      vertex 325.733 16.7314 60.3175
      vertex 325.733 17.1607 53.9682
      vertex 325.733 17.2458 58.7301
    endloop
  endfacet
  facet normal 1 0 0
    outer loop
      vertex 325.733 16.7314 60.3175
      vertex 325.733 16.5778 52.381
      vertex 325.733 17.1607 53.9682
    endloop
  endfacet
  facet normal 1 0 0
    outer loop
      vertex 325.733 15.9844 61.9048
      vertex 325.733 16.5778 52.381
      vertex 325.733 16.7314 60.3175
    endloop
  endfacet
  facet normal 1 0 0
    outer loop
      vertex 325.733 15.9844 61.9048
      vertex 325.733 15.746 50.7936
      vertex 325.733 16.5778 52.381
    endloop
  endfacet
  facet normal 1 0 0
    outer loop
      vertex 325.733 15.0453 63.4921
      vertex 325.733 15.746 50.7936
      vertex 325.733 15.9844 61.9048
    endloop
  endfacet
  facet normal 1 0 0
    outer loop
      vertex 325.733 15.0453 63.4921
      vertex 325.733 14.7015 49.2063
      vertex 325.733 15.746 50.7936
    endloop
  endfacet
  facet normal 1 0 0
    outer loop
      vertex 325.733 13.9632 65.0794
      vertex 325.733 14.7015 49.2063
      vertex 325.733 15.0453 63.4921
    endloop
  endfacet
  facet normal 1 0 0
    outer loop
      vertex 325.733 13.9632 65.0794
      vertex 325.733 13.4915 47.619
      vertex 325.733 14.7015 49.2063
    endloop
  endfacet
  facet normal 1 0 0
    outer loop
      vertex 325.733 12.7933 66.6667
      vertex 325.733 13.4915 47.619
      vertex 325.733 13.9632 65.0794
    endloop
  endfacet
  facet normal 1 0 0
    outer loop
      vertex 325.733 12.7933 66.6667
      vertex 325.733 12.1717 46.0317
      vertex 325.733 13.4915 47.619
    endloop
  endfacet
  facet normal 1 0 0
    outer loop
      vertex 325.733 11.5941 68.254
      vertex 325.733 12.1717 46.0317
      vertex 325.733 12.7933 66.6667
    endloop
  endfacet
  facet normal 1 0 0
    outer loop
      vertex 325.733 11.5941 68.254
      vertex 325.733 10.8035 44.4444
      vertex 325.733 12.1717 46.0317
    endloop
  endfacet
  facet normal 1 0 0
    outer loop
      vertex 325.733 10.4245 69.8413
      vertex 325.733 10.8035 44.4444
      vertex 325.733 11.5941 68.254
    endloop
  endfacet
  facet normal 1 0 0
    outer loop
      vertex 325.733 10.4245 69.8413
      vertex 325.733 9.45114 42.8571
      vertex 325.733 10.8035 44.4444
    endloop
  endfacet
  facet normal 1 0 0
    outer loop
      vertex 325.733 9.34081 71.4286
      vertex 325.733 9.45114 42.8571
      vertex 325.733 10.4245 69.8413
    endloop
  endfacet
  facet normal 1 0 0
    outer loop
      vertex 325.733 8.1783 41.2698
      vertex 325.733 9.34081 71.4286
      vertex 325.733 8.39421 73.0159
    endloop
  endfacet
  facet normal 1 0 0
    outer loop
      vertex 325.733 9.34081 71.4286
      vertex 325.733 8.1783 41.2698
      vertex 325.733 9.45114 42.8571
    endloop
  endfacet
  facet normal 1 0 0
    outer loop
      vertex 325.733 7.04489 39.6825
      vertex 325.733 8.39421 73.0159
      vertex 325.733 7.62823 74.6032
    endloop
  endfacet
  facet normal 1 0 0
    outer loop
      vertex 325.733 6.10402 38.0952
      vertex 325.733 7.62823 74.6032
      vertex 325.733 7.07689 76.1905
    endloop
  endfacet
  facet normal 1 0 0
    outer loop
      vertex 325.733 8.39421 73.0159
      vertex 325.733 7.04489 39.6825
      vertex 325.733 8.1783 41.2698
    endloop
  endfacet
  facet normal 1 0 0
    outer loop
      vertex 325.733 5.3992 36.5079
      vertex 325.733 7.07689 76.1905
      vertex 325.733 6.76318 77.7778
    endloop
  endfacet
  facet normal 1 0 0
    outer loop
      vertex 325.733 0 100
      vertex 325.733 6.76318 77.7778
      vertex 325.733 6.6983 79.3651
    endloop
  endfacet
  facet normal 1 0 0
    outer loop
      vertex 325.733 7.62823 74.6032
      vertex 325.733 6.10402 38.0952
      vertex 325.733 7.04489 39.6825
    endloop
  endfacet
  facet normal 1 0 0
    outer loop
      vertex 325.733 14.7651 14.2857
      vertex 325.733 14.9435 11.1111
      vertex 325.733 14.9969 12.6984
    endloop
  endfacet
  facet normal 1 0 0
    outer loop
      vertex 325.733 14.7651 14.2857
      vertex 325.733 14.6044 9.5238
      vertex 325.733 14.9435 11.1111
    endloop
  endfacet
  facet normal 1 0 0
    outer loop
      vertex 325.733 14.2631 15.873
      vertex 325.733 14.6044 9.5238
      vertex 325.733 14.7651 14.2857
    endloop
  endfacet
  facet normal 1 0 0
    outer loop
      vertex 325.733 14.2631 15.873
      vertex 325.733 13.9945 7.93649
      vertex 325.733 14.6044 9.5238
    endloop
  endfacet
  facet normal 1 0 0
    outer loop
      vertex 325.733 13.5203 17.4603
      vertex 325.733 13.9945 7.93649
      vertex 325.733 14.2631 15.873
    endloop
  endfacet
  facet normal 1 0 0
    outer loop
      vertex 325.733 13.5203 17.4603
      vertex 325.733 13.1425 6.3492
      vertex 325.733 13.9945 7.93649
    endloop
  endfacet
  facet normal 1 0 0
    outer loop
      vertex 325.733 12.5786 19.0476
      vertex 325.733 13.1425 6.3492
      vertex 325.733 13.5203 17.4603
    endloop
  endfacet
  facet normal 1 0 0
    outer loop
      vertex 325.733 12.5786 19.0476
      vertex 325.733 12.0902 4.7619
      vertex 325.733 13.1425 6.3492
    endloop
  endfacet
  facet normal 1 0 0
    outer loop
      vertex 325.733 0 0
      vertex 325.733 12.5786 19.0476
      vertex 325.733 11.4902 20.6349
    endloop
  endfacet
  facet normal 1 0 0
    outer loop
      vertex 325.733 12.5786 19.0476
      vertex 325.733 0 0
      vertex 325.733 12.0902 4.7619
    endloop
  endfacet
  facet normal 1 0 0
    outer loop
      vertex 325.733 0 0
      vertex 325.733 11.4902 20.6349
      vertex 325.733 10.315 22.2222
    endloop
  endfacet
  facet normal 1 0 0
    outer loop
      vertex 325.733 12.0902 4.7619
      vertex 325.733 0 0
      vertex 325.733 10.8897 3.17459
    endloop
  endfacet
  facet normal 1 0 0
    outer loop
      vertex 325.733 0 0
      vertex 325.733 10.315 22.2222
      vertex 325.733 9.11749 23.8095
    endloop
  endfacet
  facet normal 1 0 0
    outer loop
      vertex 325.733 10.8897 3.17459
      vertex 325.733 0 0
      vertex 325.733 9.60117 1.5873
    endloop
  endfacet
  facet normal 1 0 0
    outer loop
      vertex 325.733 0 0
      vertex 325.733 9.11749 23.8095
      vertex 325.733 7.96332 25.3968
    endloop
  endfacet
  facet normal 1 0 0
    outer loop
      vertex 325.733 0 0
      vertex 325.733 7.96332 25.3968
      vertex 325.733 6.91589 26.9841
    endloop
  endfacet
  facet normal 1 0 0
    outer loop
      vertex 325.733 0 0
      vertex 325.733 6.91589 26.9841
      vertex 325.733 6.03316 28.5714
    endloop
  endfacet
  facet normal 1 0 0
    outer loop
      vertex 325.733 0 0
      vertex 325.733 6.03316 28.5714
      vertex 325.733 5.36458 30.1587
    endloop
  endfacet
  facet normal 1 0 0
    outer loop
      vertex 325.733 0 0
      vertex 325.733 5.36458 30.1587
      vertex 325.733 4.94859 31.746
    endloop
  endfacet
  facet normal 1 0 0
    outer loop
      vertex 325.733 9.60117 1.5873
      vertex 325.733 0 0
      vertex 325.733 8.28958 0
    endloop
  endfacet
  facet normal 1 0 0
    outer loop
      vertex 325.733 4.81068 33.3333
      vertex 325.733 0 0
      vertex 325.733 4.94859 31.746
    endloop
  endfacet
  facet normal 1 0 0
    outer loop
      vertex 325.733 0 0
      vertex 325.733 4.81068 33.3333
      vertex 325.733 0 100
    endloop
  endfacet
  facet normal 0 0.776388 -0.630256
    outer loop
      vertex 325.733 9.60117 1.5873
      vertex 319.822 10.8897 3.17459
      vertex 325.733 10.8897 3.17459
    endloop
  endfacet
  facet normal 0 0.776388 -0.630256
    outer loop
      vertex 319.822 10.8897 3.17459
      vertex 325.733 9.60117 1.5873
      vertex 319.822 9.60117 1.5873
    endloop
  endfacet
  facet normal 0 0.797577 -0.603217
    outer loop
      vertex 325.733 10.8897 3.17459
      vertex 319.822 12.0902 4.7619
      vertex 325.733 12.0902 4.7619
    endloop
  endfacet
  facet normal 0 0.797577 -0.603217
    outer loop
      vertex 319.822 12.0902 4.7619
      vertex 325.733 10.8897 3.17459
      vertex 319.822 10.8897 3.17459
    endloop
  endfacet
  facet normal 0 0.833477 -0.552554
    outer loop
      vertex 325.733 12.0902 4.7619
      vertex 319.822 13.1425 6.3492
      vertex 325.733 13.1425 6.3492
    endloop
  endfacet
  facet normal 0 0.833477 -0.552554
    outer loop
      vertex 319.822 13.1425 6.3492
      vertex 325.733 12.0902 4.7619
      vertex 319.822 12.0902 4.7619
    endloop
  endfacet
  facet normal 0 0.881095 -0.47294
    outer loop
      vertex 325.733 13.1425 6.3492
      vertex 319.822 13.9945 7.93649
      vertex 325.733 13.9945 7.93649
    endloop
  endfacet
  facet normal 0 0.881095 -0.47294
    outer loop
      vertex 319.822 13.9945 7.93649
      vertex 325.733 13.1425 6.3492
      vertex 319.822 13.1425 6.3492
    endloop
  endfacet
  facet normal 0 0.933465 -0.35867
    outer loop
      vertex 325.733 13.9945 7.93649
      vertex 319.822 14.6044 9.5238
      vertex 325.733 14.6044 9.5238
    endloop
  endfacet
  facet normal 0 0.933465 -0.35867
    outer loop
      vertex 319.822 14.6044 9.5238
      vertex 325.733 13.9945 7.93649
      vertex 319.822 13.9945 7.93649
    endloop
  endfacet
  facet normal 0 0.977933 -0.208919
    outer loop
      vertex 325.733 14.6044 9.5238
      vertex 319.822 14.9435 11.1111
      vertex 325.733 14.9435 11.1111
    endloop
  endfacet
  facet normal 0 0.977933 -0.208919
    outer loop
      vertex 319.822 14.9435 11.1111
      vertex 325.733 14.6044 9.5238
      vertex 319.822 14.6044 9.5238
    endloop
  endfacet
  facet normal 0 0.999435 -0.033623
    outer loop
      vertex 325.733 14.9435 11.1111
      vertex 319.822 14.9969 12.6984
      vertex 325.733 14.9969 12.6984
    endloop
  endfacet
  facet normal 0 0.999435 -0.033623
    outer loop
      vertex 319.822 14.9969 12.6984
      vertex 325.733 14.9435 11.1111
      vertex 319.822 14.9435 11.1111
    endloop
  endfacet
  facet normal 0 0.989505 0.144501
    outer loop
      vertex 325.733 14.9969 12.6984
      vertex 319.822 14.7651 14.2857
      vertex 325.733 14.7651 14.2857
    endloop
  endfacet
  facet normal 0 0.989505 0.144501
    outer loop
      vertex 319.822 14.7651 14.2857
      vertex 325.733 14.9969 12.6984
      vertex 319.822 14.9969 12.6984
    endloop
  endfacet
  facet normal 0 0.953454 0.30154
    outer loop
      vertex 325.733 14.7651 14.2857
      vertex 319.822 14.2631 15.873
      vertex 325.733 14.2631 15.873
    endloop
  endfacet
  facet normal 0 0.953454 0.30154
    outer loop
      vertex 319.822 14.2631 15.873
      vertex 325.733 14.7651 14.2857
      vertex 319.822 14.7651 14.2857
    endloop
  endfacet
  facet normal 0 0.905732 0.42385
    outer loop
      vertex 325.733 14.2631 15.873
      vertex 319.822 13.5203 17.4603
      vertex 325.733 13.5203 17.4603
    endloop
  endfacet
  facet normal 0 0.905732 0.42385
    outer loop
      vertex 319.822 13.5203 17.4603
      vertex 325.733 14.2631 15.873
      vertex 319.822 14.2631 15.873
    endloop
  endfacet
  facet normal 0 0.860035 0.510235
    outer loop
      vertex 325.733 13.5203 17.4603
      vertex 319.822 12.5786 19.0476
      vertex 325.733 12.5786 19.0476
    endloop
  endfacet
  facet normal 0 0.860035 0.510235
    outer loop
      vertex 319.822 12.5786 19.0476
      vertex 325.733 13.5203 17.4603
      vertex 319.822 13.5203 17.4603
    endloop
  endfacet
  facet normal 0 0.824737 0.565516
    outer loop
      vertex 325.733 12.5786 19.0476
      vertex 319.822 11.4902 20.6349
      vertex 325.733 11.4902 20.6349
    endloop
  endfacet
  facet normal 0 0.824737 0.565516
    outer loop
      vertex 319.822 11.4902 20.6349
      vertex 325.733 12.5786 19.0476
      vertex 319.822 12.5786 19.0476
    endloop
  endfacet
  facet normal 0 0.803697 0.595039
    outer loop
      vertex 325.733 11.4902 20.6349
      vertex 319.822 10.315 22.2222
      vertex 325.733 10.315 22.2222
    endloop
  endfacet
  facet normal 0 0.803697 0.595039
    outer loop
      vertex 319.822 10.315 22.2222
      vertex 325.733 11.4902 20.6349
      vertex 319.822 11.4902 20.6349
    endloop
  endfacet
  facet normal 0 0.798299 0.602262
    outer loop
      vertex 325.733 10.315 22.2222
      vertex 319.822 9.11749 23.8095
      vertex 325.733 9.11749 23.8095
    endloop
  endfacet
  facet normal 0 0.798299 0.602262
    outer loop
      vertex 319.822 9.11749 23.8095
      vertex 325.733 10.315 22.2222
      vertex 319.822 10.315 22.2222
    endloop
  endfacet
  facet normal 0 0.808792 0.588095
    outer loop
      vertex 325.733 9.11749 23.8095
      vertex 319.822 7.96332 25.3968
      vertex 325.733 7.96332 25.3968
    endloop
  endfacet
  facet normal 0 0.808792 0.588095
    outer loop
      vertex 319.822 7.96332 25.3968
      vertex 325.733 9.11749 23.8095
      vertex 319.822 9.11749 23.8095
    endloop
  endfacet
  facet normal 0 0.834655 0.550773
    outer loop
      vertex 325.733 7.96332 25.3968
      vertex 319.822 6.91589 26.9841
      vertex 325.733 6.91589 26.9841
    endloop
  endfacet
  facet normal 0 0.834655 0.550773
    outer loop
      vertex 319.822 6.91589 26.9841
      vertex 325.733 7.96332 25.3968
      vertex 319.822 7.96332 25.3968
    endloop
  endfacet
  facet normal 0 0.873948 0.48602
    outer loop
      vertex 325.733 6.91589 26.9841
      vertex 319.822 6.03316 28.5714
      vertex 325.733 6.03316 28.5714
    endloop
  endfacet
  facet normal 0 0.873948 0.48602
    outer loop
      vertex 319.822 6.03316 28.5714
      vertex 325.733 6.91589 26.9841
      vertex 319.822 6.91589 26.9841
    endloop
  endfacet
  facet normal 0 0.921585 0.388177
    outer loop
      vertex 325.733 6.03316 28.5714
      vertex 319.822 5.36458 30.1587
      vertex 325.733 5.36458 30.1587
    endloop
  endfacet
  facet normal 0 0.921585 0.388177
    outer loop
      vertex 319.822 5.36458 30.1587
      vertex 325.733 6.03316 28.5714
      vertex 319.822 6.03316 28.5714
    endloop
  endfacet
  facet normal 0 0.967332 0.253513
    outer loop
      vertex 325.733 5.36458 30.1587
      vertex 319.822 4.94859 31.746
      vertex 325.733 4.94859 31.746
    endloop
  endfacet
  facet normal 0 0.967332 0.253513
    outer loop
      vertex 319.822 4.94859 31.746
      vertex 325.733 5.36458 30.1587
      vertex 319.822 5.36458 30.1587
    endloop
  endfacet
  facet normal 0 0.996247 0.0865573
    outer loop
      vertex 325.733 4.94859 31.746
      vertex 319.822 4.81068 33.3333
      vertex 325.733 4.81068 33.3333
    endloop
  endfacet
  facet normal 0 0.996247 0.0865573
    outer loop
      vertex 319.822 4.81068 33.3333
      vertex 325.733 4.94859 31.746
      vertex 319.822 4.94859 31.746
    endloop
  endfacet
  facet normal 0 0.995483 -0.0949449
    outer loop
      vertex 325.733 4.81068 33.3333
      vertex 319.822 4.96207 34.9206
      vertex 325.733 4.96207 34.9206
    endloop
  endfacet
  facet normal 0 0.995483 -0.0949449
    outer loop
      vertex 319.822 4.96207 34.9206
      vertex 325.733 4.81068 33.3333
      vertex 319.822 4.81068 33.3333
    endloop
  endfacet
  facet normal 0 0.964109 -0.265508
    outer loop
      vertex 325.733 4.96207 34.9206
      vertex 319.822 5.3992 36.5079
      vertex 325.733 5.3992 36.5079
    endloop
  endfacet
  facet normal 0 0.964109 -0.265508
    outer loop
      vertex 319.822 5.3992 36.5079
      vertex 325.733 4.96207 34.9206
      vertex 319.822 4.96207 34.9206
    endloop
  endfacet
  facet normal 0 0.91395 -0.405828
    outer loop
      vertex 325.733 5.3992 36.5079
      vertex 319.822 6.10402 38.0952
      vertex 325.733 6.10402 38.0952
    endloop
  endfacet
  facet normal 0 0.91395 -0.405828
    outer loop
      vertex 319.822 6.10402 38.0952
      vertex 325.733 5.3992 36.5079
      vertex 319.822 5.3992 36.5079
    endloop
  endfacet
  facet normal 0 0.860233 -0.509902
    outer loop
      vertex 325.733 6.10402 38.0952
      vertex 319.822 7.04489 39.6825
      vertex 325.733 7.04489 39.6825
    endloop
  endfacet
  facet normal 0 0.860233 -0.509902
    outer loop
      vertex 319.822 7.04489 39.6825
      vertex 325.733 6.10402 38.0952
      vertex 319.822 6.10402 38.0952
    endloop
  endfacet
  facet normal 0 0.813825 -0.581111
    outer loop
      vertex 325.733 7.04489 39.6825
      vertex 319.822 8.1783 41.2698
      vertex 325.733 8.1783 41.2698
    endloop
  endfacet
  facet normal 0 0.813825 -0.581111
    outer loop
      vertex 319.822 8.1783 41.2698
      vertex 325.733 7.04489 39.6825
      vertex 319.822 7.04489 39.6825
    endloop
  endfacet
  facet normal 0 0.780149 -0.625594
    outer loop
      vertex 325.733 8.1783 41.2698
      vertex 319.822 9.45114 42.8571
      vertex 325.733 9.45114 42.8571
    endloop
  endfacet
  facet normal 0 0.780149 -0.625594
    outer loop
      vertex 319.822 9.45114 42.8571
      vertex 325.733 8.1783 41.2698
      vertex 319.822 8.1783 41.2698
    endloop
  endfacet
  facet normal 0 0.761192 -0.648526
    outer loop
      vertex 325.733 9.45114 42.8571
      vertex 319.822 10.8035 44.4444
      vertex 325.733 10.8035 44.4444
    endloop
  endfacet
  facet normal 0 0.761192 -0.648526
    outer loop
      vertex 319.822 10.8035 44.4444
      vertex 325.733 9.45114 42.8571
      vertex 319.822 9.45114 42.8571
    endloop
  endfacet
  facet normal 0 0.757448 -0.652895
    outer loop
      vertex 325.733 10.8035 44.4444
      vertex 319.822 12.1717 46.0317
      vertex 325.733 12.1717 46.0317
    endloop
  endfacet
  facet normal 0 0.757448 -0.652895
    outer loop
      vertex 319.822 12.1717 46.0317
      vertex 325.733 10.8035 44.4444
      vertex 319.822 10.8035 44.4444
    endloop
  endfacet
  facet normal 0 0.768924 -0.639341
    outer loop
      vertex 325.733 12.1717 46.0317
      vertex 319.822 13.4915 47.619
      vertex 325.733 13.4915 47.619
    endloop
  endfacet
  facet normal 0 0.768924 -0.639341
    outer loop
      vertex 319.822 13.4915 47.619
      vertex 325.733 12.1717 46.0317
      vertex 319.822 12.1717 46.0317
    endloop
  endfacet
  facet normal 0 0.79528 -0.606242
    outer loop
      vertex 325.733 13.4915 47.619
      vertex 319.822 14.7015 49.2063
      vertex 325.733 14.7015 49.2063
    endloop
  endfacet
  facet normal 0 0.79528 -0.606242
    outer loop
      vertex 319.822 14.7015 49.2063
      vertex 325.733 13.4915 47.619
      vertex 319.822 13.4915 47.619
    endloop
  endfacet
  facet normal 0 0.835363 -0.549699
    outer loop
      vertex 325.733 14.7015 49.2063
      vertex 319.822 15.746 50.7936
      vertex 325.733 15.746 50.7936
    endloop
  endfacet
  facet normal 0 0.835363 -0.549699
    outer loop
      vertex 319.822 15.746 50.7936
      vertex 325.733 14.7015 49.2063
      vertex 319.822 14.7015 49.2063
    endloop
  endfacet
  facet normal 0 0.885762 -0.46414
    outer loop
      vertex 325.733 15.746 50.7936
      vertex 319.822 16.5778 52.381
      vertex 325.733 16.5778 52.381
    endloop
  endfacet
  facet normal 0 0.885762 -0.46414
    outer loop
      vertex 319.822 16.5778 52.381
      vertex 325.733 15.746 50.7936
      vertex 319.822 15.746 50.7936
    endloop
  endfacet
  facet normal 0 0.938699 -0.344738
    outer loop
      vertex 325.733 16.5778 52.381
      vertex 319.822 17.1607 53.9682
      vertex 325.733 17.1607 53.9682
    endloop
  endfacet
  facet normal 0 0.938699 -0.344738
    outer loop
      vertex 319.822 17.1607 53.9682
      vertex 325.733 16.5778 52.381
      vertex 319.822 16.5778 52.381
    endloop
  endfacet
  facet normal 0 0.981434 -0.191798
    outer loop
      vertex 325.733 17.1607 53.9682
      vertex 319.822 17.4709 55.5555
      vertex 325.733 17.4709 55.5555
    endloop
  endfacet
  facet normal 0 0.981434 -0.191798
    outer loop
      vertex 319.822 17.4709 55.5555
      vertex 325.733 17.1607 53.9682
      vertex 319.822 17.1607 53.9682
    endloop
  endfacet
  facet normal 0 0.999854 -0.0170695
    outer loop
      vertex 325.733 17.4709 55.5555
      vertex 319.822 17.498 57.1429
      vertex 325.733 17.498 57.1429
    endloop
  endfacet
  facet normal 0 0.999854 -0.0170695
    outer loop
      vertex 319.822 17.498 57.1429
      vertex 325.733 17.4709 55.5555
      vertex 319.822 17.4709 55.5555
    endloop
  endfacet
  facet normal 0 0.98761 0.156927
    outer loop
      vertex 325.733 17.498 57.1429
      vertex 319.822 17.2458 58.7301
      vertex 325.733 17.2458 58.7301
    endloop
  endfacet
  facet normal 0 0.98761 0.156927
    outer loop
      vertex 319.822 17.2458 58.7301
      vertex 325.733 17.498 57.1429
      vertex 319.822 17.498 57.1429
    endloop
  endfacet
  facet normal 0 0.951299 0.30827
    outer loop
      vertex 325.733 17.2458 58.7301
      vertex 319.822 16.7314 60.3175
      vertex 325.733 16.7314 60.3175
    endloop
  endfacet
  facet normal 0 0.951299 0.30827
    outer loop
      vertex 319.822 16.7314 60.3175
      vertex 325.733 17.2458 58.7301
      vertex 319.822 17.2458 58.7301
    endloop
  endfacet
  facet normal 0 0.904811 0.425814
    outer loop
      vertex 325.733 16.7314 60.3175
      vertex 319.822 15.9844 61.9048
      vertex 325.733 15.9844 61.9048
    endloop
  endfacet
  facet normal 0 0.904811 0.425814
    outer loop
      vertex 319.822 15.9844 61.9048
      vertex 325.733 16.7314 60.3175
      vertex 319.822 16.7314 60.3175
    endloop
  endfacet
  facet normal 0 0.860653 0.509191
    outer loop
      vertex 325.733 15.9844 61.9048
      vertex 319.822 15.0453 63.4921
      vertex 325.733 15.0453 63.4921
    endloop
  endfacet
  facet normal 0 0.860653 0.509191
    outer loop
      vertex 319.822 15.0453 63.4921
      vertex 325.733 15.9844 61.9048
      vertex 319.822 15.9844 61.9048
    endloop
  endfacet
  facet normal 0 0.826264 0.563284
    outer loop
      vertex 325.733 15.0453 63.4921
      vertex 319.822 13.9632 65.0794
      vertex 325.733 13.9632 65.0794
    endloop
  endfacet
  facet normal 0 0.826264 0.563284
    outer loop
      vertex 319.822 13.9632 65.0794
      vertex 325.733 15.0453 63.4921
      vertex 319.822 15.0453 63.4921
    endloop
  endfacet
  facet normal 0 0.804981 0.593301
    outer loop
      vertex 325.733 13.9632 65.0794
      vertex 319.822 12.7933 66.6667
      vertex 325.733 12.7933 66.6667
    endloop
  endfacet
  facet normal 0 0.804981 0.593301
    outer loop
      vertex 319.822 12.7933 66.6667
      vertex 325.733 13.9632 65.0794
      vertex 319.822 13.9632 65.0794
    endloop
  endfacet
  facet normal 0 0.79789 0.602803
    outer loop
      vertex 325.733 12.7933 66.6667
      vertex 319.822 11.5941 68.254
      vertex 325.733 11.5941 68.254
    endloop
  endfacet
  facet normal 0 0.79789 0.602803
    outer loop
      vertex 319.822 11.5941 68.254
      vertex 325.733 12.7933 66.6667
      vertex 319.822 12.7933 66.6667
    endloop
  endfacet
  facet normal 0 0.805053 0.593202
    outer loop
      vertex 325.733 11.5941 68.254
      vertex 319.822 10.4245 69.8413
      vertex 325.733 10.4245 69.8413
    endloop
  endfacet
  facet normal 0 0.805053 0.593202
    outer loop
      vertex 319.822 10.4245 69.8413
      vertex 325.733 11.5941 68.254
      vertex 319.822 11.5941 68.254
    endloop
  endfacet
  facet normal 0 0.825878 0.563848
    outer loop
      vertex 325.733 10.4245 69.8413
      vertex 319.822 9.34081 71.4286
      vertex 325.733 9.34081 71.4286
    endloop
  endfacet
  facet normal 0 0.825878 0.563848
    outer loop
      vertex 319.822 9.34081 71.4286
      vertex 325.733 10.4245 69.8413
      vertex 319.822 10.4245 69.8413
    endloop
  endfacet
  facet normal 0 0.85887 0.512194
    outer loop
      vertex 325.733 9.34081 71.4286
      vertex 319.822 8.39421 73.0159
      vertex 325.733 8.39421 73.0159
    endloop
  endfacet
  facet normal 0 0.85887 0.512194
    outer loop
      vertex 319.822 8.39421 73.0159
      vertex 325.733 9.34081 71.4286
      vertex 319.822 9.34081 71.4286
    endloop
  endfacet
  facet normal 0 0.900619 0.43461
    outer loop
      vertex 325.733 8.39421 73.0159
      vertex 319.822 7.62823 74.6032
      vertex 325.733 7.62823 74.6032
    endloop
  endfacet
  facet normal 0 0.900619 0.43461
    outer loop
      vertex 319.822 7.62823 74.6032
      vertex 325.733 8.39421 73.0159
      vertex 319.822 8.39421 73.0159
    endloop
  endfacet
  facet normal 0 0.944638 0.328115
    outer loop
      vertex 325.733 7.62823 74.6032
      vertex 319.822 7.07689 76.1905
      vertex 325.733 7.07689 76.1905
    endloop
  endfacet
  facet normal 0 0.944638 0.328115
    outer loop
      vertex 319.822 7.07689 76.1905
      vertex 325.733 7.62823 74.6032
      vertex 319.822 7.62823 74.6032
    endloop
  endfacet
  facet normal 0 0.981024 0.193887
    outer loop
      vertex 325.733 7.07689 76.1905
      vertex 319.822 6.76318 77.7778
      vertex 325.733 6.76318 77.7778
    endloop
  endfacet
  facet normal 0 0.981024 0.193887
    outer loop
      vertex 319.822 6.76318 77.7778
      vertex 325.733 7.07689 76.1905
      vertex 319.822 7.07689 76.1905
    endloop
  endfacet
  facet normal 0 0.999166 0.0408403
    outer loop
      vertex 325.733 6.76318 77.7778
      vertex 319.822 6.6983 79.3651
      vertex 325.733 6.6983 79.3651
    endloop
  endfacet
  facet normal 0 0.999166 0.0408403
    outer loop
      vertex 319.822 6.6983 79.3651
      vertex 325.733 6.76318 77.7778
      vertex 319.822 6.76318 77.7778
    endloop
  endfacet
  facet normal 0 0.993414 -0.114581
    outer loop
      vertex 325.733 6.6983 79.3651
      vertex 319.822 6.88138 80.9524
      vertex 325.733 6.88138 80.9524
    endloop
  endfacet
  facet normal 0 0.993414 -0.114581
    outer loop
      vertex 319.822 6.88138 80.9524
      vertex 325.733 6.6983 79.3651
      vertex 319.822 6.6983 79.3651
    endloop
  endfacet
  facet normal 0 0.966979 -0.254858
    outer loop
      vertex 325.733 6.88138 80.9524
      vertex 319.822 7.29973 82.5397
      vertex 325.733 7.29973 82.5397
    endloop
  endfacet
  facet normal 0 0.966979 -0.254858
    outer loop
      vertex 319.822 7.29973 82.5397
      vertex 325.733 6.88138 80.9524
      vertex 319.822 6.88138 80.9524
    endloop
  endfacet
  facet normal 0 0.929435 -0.368987
    outer loop
      vertex 325.733 7.29973 82.5397
      vertex 319.822 7.92989 84.127
      vertex 325.733 7.92989 84.127
    endloop
  endfacet
  facet normal 0 0.929435 -0.368987
    outer loop
      vertex 319.822 7.92989 84.127
      vertex 325.733 7.29973 82.5397
      vertex 319.822 7.29973 82.5397
    endloop
  endfacet
  facet normal 0 0.890936 -0.454129
    outer loop
      vertex 325.733 7.92989 84.127
      vertex 319.822 8.73897 85.7143
      vertex 325.733 8.73897 85.7143
    endloop
  endfacet
  facet normal 0 0.890936 -0.454129
    outer loop
      vertex 319.822 8.73897 85.7143
      vertex 325.733 7.92989 84.127
      vertex 319.822 7.92989 84.127
    endloop
  endfacet
  facet normal 0 0.858646 -0.512569
    outer loop
      vertex 325.733 8.73897 85.7143
      vertex 319.822 9.68651 87.3016
      vertex 325.733 9.68651 87.3016
    endloop
  endfacet
  facet normal 0 0.858646 -0.512569
    outer loop
      vertex 319.822 9.68651 87.3016
      vertex 325.733 8.73897 85.7143
      vertex 319.822 8.73897 85.7143
    endloop
  endfacet
  facet normal 0 0.836429 -0.548076
    outer loop
      vertex 325.733 9.68651 87.3016
      vertex 319.822 10.7266 88.8889
      vertex 325.733 10.7266 88.8889
    endloop
  endfacet
  facet normal 0 0.836429 -0.548076
    outer loop
      vertex 319.822 10.7266 88.8889
      vertex 325.733 9.68651 87.3016
      vertex 319.822 9.68651 87.3016
    endloop
  endfacet
  facet normal 0 0.825828 -0.563923
    outer loop
      vertex 325.733 10.7266 88.8889
      vertex 319.822 11.8105 90.4762
      vertex 325.733 11.8105 90.4762
    endloop
  endfacet
  facet normal 0 0.825828 -0.563923
    outer loop
      vertex 319.822 11.8105 90.4762
      vertex 325.733 10.7266 88.8889
      vertex 319.822 10.7266 88.8889
    endloop
  endfacet
  facet normal 0 0.827208 -0.561895
    outer loop
      vertex 325.733 11.8105 90.4762
      vertex 319.822 12.8887 92.0635
      vertex 325.733 12.8887 92.0635
    endloop
  endfacet
  facet normal 0 0.827208 -0.561895
    outer loop
      vertex 319.822 12.8887 92.0635
      vertex 325.733 11.8105 90.4762
      vertex 319.822 11.8105 90.4762
    endloop
  endfacet
  facet normal 0 0.840047 -0.542514
    outer loop
      vertex 325.733 12.8887 92.0635
      vertex 319.822 13.9138 93.6508
      vertex 325.733 13.9138 93.6508
    endloop
  endfacet
  facet normal 0 0.840047 -0.542514
    outer loop
      vertex 319.822 13.9138 93.6508
      vertex 325.733 12.8887 92.0635
      vertex 319.822 12.8887 92.0635
    endloop
  endfacet
  facet normal 0 0.863098 -0.505037
    outer loop
      vertex 325.733 13.9138 93.6508
      vertex 319.822 14.8426 95.2381
      vertex 325.733 14.8426 95.2381
    endloop
  endfacet
  facet normal 0 0.863098 -0.505037
    outer loop
      vertex 319.822 14.8426 95.2381
      vertex 325.733 13.9138 93.6508
      vertex 319.822 13.9138 93.6508
    endloop
  endfacet
  facet normal 0 0.893965 -0.448137
    outer loop
      vertex 325.733 14.8426 95.2381
      vertex 319.822 15.6383 96.8254
      vertex 325.733 15.6383 96.8254
    endloop
  endfacet
  facet normal 0 0.893965 -0.448137
    outer loop
      vertex 319.822 15.6383 96.8254
      vertex 325.733 14.8426 95.2381
      vertex 319.822 14.8426 95.2381
    endloop
  endfacet
  facet normal 0 0.928642 -0.370977
    outer loop
      vertex 325.733 15.6383 96.8254
      vertex 319.822 16.2724 98.4127
      vertex 325.733 16.2724 98.4127
    endloop
  endfacet
  facet normal 0 0.928642 -0.370977
    outer loop
      vertex 319.822 16.2724 98.4127
      vertex 325.733 15.6383 96.8254
      vertex 319.822 15.6383 96.8254
    endloop
  endfacet
  facet normal 0 0.961494 -0.274825
    outer loop
      vertex 325.733 16.2724 98.4127
      vertex 319.822 16.7261 100
      vertex 325.733 16.7261 100
    endloop
  endfacet
  facet normal 0 0.961494 -0.274825
    outer loop
      vertex 319.822 16.7261 100
      vertex 325.733 16.2724 98.4127
      vertex 319.822 16.2724 98.4127
    endloop
  endfacet
  facet normal 0 0.77088 -0.63698
    outer loop
      vertex 325.733 8.28958 0
      vertex 319.822 9.60117 1.5873
      vertex 325.733 9.60117 1.5873
    endloop
  endfacet
  facet normal 0 0.77088 -0.63698
    outer loop
      vertex 319.822 9.60117 1.5873
      vertex 325.733 8.28958 0
      vertex 319.822 8.28958 0
    endloop
  endfacet
  facet normal -1 0 0
    outer loop
      vertex 327.6 15.1344 9.5238
      vertex 327.6 15.1167 12.6984
      vertex 327.6 15.2733 11.1111
    endloop
  endfacet
  facet normal -1 0 0
    outer loop
      vertex 327.6 14.7032 7.93649
      vertex 327.6 15.1167 12.6984
      vertex 327.6 15.1344 9.5238
    endloop
  endfacet
  facet normal -1 0 0
    outer loop
      vertex 327.6 14.7032 7.93649
      vertex 327.6 14.6773 14.2857
      vertex 327.6 15.1167 12.6984
    endloop
  endfacet
  facet normal -1 0 0
    outer loop
      vertex 327.6 13.9983 6.3492
      vertex 327.6 14.6773 14.2857
      vertex 327.6 14.7032 7.93649
    endloop
  endfacet
  facet normal -1 0 0
    outer loop
      vertex 327.6 13.9983 6.3492
      vertex 327.6 13.9833 15.873
      vertex 327.6 14.6773 14.2857
    endloop
  endfacet
  facet normal -1 0 0
    outer loop
      vertex 327.6 13.0535 4.7619
      vertex 327.6 13.9833 15.873
      vertex 327.6 13.9983 6.3492
    endloop
  endfacet
  facet normal -1 -0 0
    outer loop
      vertex 327.6 13.9833 15.873
      vertex 327.6 13.0535 4.7619
      vertex 327.6 13.0764 17.4603
    endloop
  endfacet
  facet normal -1 0 0
    outer loop
      vertex 327.6 0 0
      vertex 327.6 13.0764 17.4603
      vertex 327.6 13.0535 4.7619
    endloop
  endfacet
  facet normal -1 0 0
    outer loop
      vertex 327.6 0 0
      vertex 327.6 13.0535 4.7619
      vertex 327.6 11.9156 3.17459
    endloop
  endfacet
  facet normal -1 -0 0
    outer loop
      vertex 327.6 13.0764 17.4603
      vertex 327.6 0 0
      vertex 327.6 12.0097 19.0476
    endloop
  endfacet
  facet normal -1 0 0
    outer loop
      vertex 327.6 0 0
      vertex 327.6 11.9156 3.17459
      vertex 327.6 10.6416 1.5873
    endloop
  endfacet
  facet normal -1 -0 0
    outer loop
      vertex 327.6 12.0097 19.0476
      vertex 327.6 0 0
      vertex 327.6 10.8452 20.6349
    endloop
  endfacet
  facet normal -1 0 0
    outer loop
      vertex 327.6 0 0
      vertex 327.6 10.6416 1.5873
      vertex 327.6 9.29625 0
    endloop
  endfacet
  facet normal -1 -0 0
    outer loop
      vertex 327.6 10.8452 20.6349
      vertex 327.6 0 0
      vertex 327.6 9.64978 22.2222
    endloop
  endfacet
  facet normal -1 -0 0
    outer loop
      vertex 327.6 9.64978 22.2222
      vertex 327.6 0 0
      vertex 327.6 8.49219 23.8095
    endloop
  endfacet
  facet normal -1 -0 0
    outer loop
      vertex 327.6 8.49219 23.8095
      vertex 327.6 0 0
      vertex 327.6 7.439 25.3968
    endloop
  endfacet
  facet normal -1 -0 0
    outer loop
      vertex 327.6 7.439 25.3968
      vertex 327.6 0 0
      vertex 327.6 6.55124 26.9841
    endloop
  endfacet
  facet normal -1 -0 0
    outer loop
      vertex 327.6 6.55124 26.9841
      vertex 327.6 0 0
      vertex 327.6 5.88101 28.5714
    endloop
  endfacet
  facet normal -1 -0 0
    outer loop
      vertex 327.6 5.46875 30.1587
      vertex 327.6 0 0
      vertex 327.6 5.34105 31.746
    endloop
  endfacet
  facet normal -1 -0 0
    outer loop
      vertex 327.6 5.88101 28.5714
      vertex 327.6 0 0
      vertex 327.6 5.46875 30.1587
    endloop
  endfacet
  facet normal -1 0 0
    outer loop
      vertex 327.6 17.5749 52.381
      vertex 327.6 17.6919 55.5555
      vertex 327.6 17.7802 53.9682
    endloop
  endfacet
  facet normal -1 0 0
    outer loop
      vertex 327.6 17.5749 52.381
      vertex 327.6 17.3186 57.1429
      vertex 327.6 17.6919 55.5555
    endloop
  endfacet
  facet normal -1 0 0
    outer loop
      vertex 327.6 17.0821 50.7936
      vertex 327.6 17.3186 57.1429
      vertex 327.6 17.5749 52.381
    endloop
  endfacet
  facet normal -1 0 0
    outer loop
      vertex 327.6 17.0821 50.7936
      vertex 327.6 16.6832 58.7301
      vertex 327.6 17.3186 57.1429
    endloop
  endfacet
  facet normal -1 0 0
    outer loop
      vertex 327.6 16.323 49.2063
      vertex 327.6 16.6832 58.7301
      vertex 327.6 17.0821 50.7936
    endloop
  endfacet
  facet normal -1 0 0
    outer loop
      vertex 327.6 16.323 49.2063
      vertex 327.6 15.8218 60.3175
      vertex 327.6 16.6832 58.7301
    endloop
  endfacet
  facet normal -1 0 0
    outer loop
      vertex 327.6 15.3324 47.619
      vertex 327.6 15.8218 60.3175
      vertex 327.6 16.323 49.2063
    endloop
  endfacet
  facet normal -1 0 0
    outer loop
      vertex 327.6 15.3324 47.619
      vertex 327.6 14.781 61.9048
      vertex 327.6 15.8218 60.3175
    endloop
  endfacet
  facet normal -1 0 0
    outer loop
      vertex 327.6 14.1572 46.0317
      vertex 327.6 14.781 61.9048
      vertex 327.6 15.3324 47.619
    endloop
  endfacet
  facet normal -1 0 0
    outer loop
      vertex 327.6 14.1572 46.0317
      vertex 327.6 13.6162 63.4921
      vertex 327.6 14.781 61.9048
    endloop
  endfacet
  facet normal -1 0 0
    outer loop
      vertex 327.6 12.8543 44.4444
      vertex 327.6 13.6162 63.4921
      vertex 327.6 14.1572 46.0317
    endloop
  endfacet
  facet normal -1 0 0
    outer loop
      vertex 327.6 12.8543 44.4444
      vertex 327.6 12.3879 65.0794
      vertex 327.6 13.6162 63.4921
    endloop
  endfacet
  facet normal -1 0 0
    outer loop
      vertex 327.6 11.4873 42.8571
      vertex 327.6 12.3879 65.0794
      vertex 327.6 12.8543 44.4444
    endloop
  endfacet
  facet normal -1 0 0
    outer loop
      vertex 327.6 11.4873 42.8571
      vertex 327.6 11.1591 66.6667
      vertex 327.6 12.3879 65.0794
    endloop
  endfacet
  facet normal -1 0 0
    outer loop
      vertex 327.6 10.1234 41.2698
      vertex 327.6 11.1591 66.6667
      vertex 327.6 11.4873 42.8571
    endloop
  endfacet
  facet normal -1 0 0
    outer loop
      vertex 327.6 10.1234 41.2698
      vertex 327.6 9.99174 68.254
      vertex 327.6 11.1591 66.6667
    endloop
  endfacet
  facet normal -1 0 0
    outer loop
      vertex 327.6 8.82965 39.6825
      vertex 327.6 9.99174 68.254
      vertex 327.6 10.1234 41.2698
    endloop
  endfacet
  facet normal -1 -0 0
    outer loop
      vertex 327.6 9.99174 68.254
      vertex 327.6 8.82965 39.6825
      vertex 327.6 8.94365 69.8413
    endloop
  endfacet
  facet normal -1 0 0
    outer loop
      vertex 327.6 7.66988 38.0952
      vertex 327.6 8.94365 69.8413
      vertex 327.6 8.82965 39.6825
    endloop
  endfacet
  facet normal -1 -0 0
    outer loop
      vertex 327.6 8.94365 69.8413
      vertex 327.6 7.66988 38.0952
      vertex 327.6 8.06577 71.4286
    endloop
  endfacet
  facet normal -1 0 0
    outer loop
      vertex 327.6 6.70081 36.5079
      vertex 327.6 8.06577 71.4286
      vertex 327.6 7.66988 38.0952
    endloop
  endfacet
  facet normal -1 -0 0
    outer loop
      vertex 327.6 8.06577 71.4286
      vertex 327.6 6.70081 36.5079
      vertex 327.6 7.39966 73.0159
    endloop
  endfacet
  facet normal -1 0 0
    outer loop
      vertex 327.6 5.96921 34.9206
      vertex 327.6 7.39966 73.0159
      vertex 327.6 6.70081 36.5079
    endloop
  endfacet
  facet normal -1 -0 0
    outer loop
      vertex 327.6 7.39966 73.0159
      vertex 327.6 5.96921 34.9206
      vertex 327.6 6.97565 74.6032
    endloop
  endfacet
  facet normal -1 0 0
    outer loop
      vertex 327.6 0 100
      vertex 327.6 17.2407 98.4127
      vertex 327.6 16.9997 96.8254
    endloop
  endfacet
  facet normal -1 0 0
    outer loop
      vertex 327.6 0 100
      vertex 327.6 16.9997 96.8254
      vertex 327.6 16.5367 95.2381
    endloop
  endfacet
  facet normal -1 0 0
    outer loop
      vertex 327.6 0 100
      vertex 327.6 16.5367 95.2381
      vertex 327.6 15.8679 93.6508
    endloop
  endfacet
  facet normal -1 0 0
    outer loop
      vertex 327.6 0 100
      vertex 327.6 15.8679 93.6508
      vertex 327.6 15.0205 92.0635
    endloop
  endfacet
  facet normal -1 0 0
    outer loop
      vertex 327.6 0 100
      vertex 327.6 15.0205 92.0635
      vertex 327.6 14.0307 90.4762
    endloop
  endfacet
  facet normal -1 0 0
    outer loop
      vertex 327.6 0 100
      vertex 327.6 14.0307 90.4762
      vertex 327.6 12.9431 88.8889
    endloop
  endfacet
  facet normal -1 0 0
    outer loop
      vertex 327.6 0 100
      vertex 327.6 12.9431 88.8889
      vertex 327.6 11.8077 87.3016
    endloop
  endfacet
  facet normal -1 0 0
    outer loop
      vertex 327.6 0 100
      vertex 327.6 11.8077 87.3016
      vertex 327.6 10.6781 85.7143
    endloop
  endfacet
  facet normal -1 0 0
    outer loop
      vertex 327.6 0 100
      vertex 327.6 10.6781 85.7143
      vertex 327.6 9.6091 84.127
    endloop
  endfacet
  facet normal -1 0 0
    outer loop
      vertex 327.6 0 100
      vertex 327.6 9.6091 84.127
      vertex 327.6 8.65337 82.5397
    endloop
  endfacet
  facet normal -1 0 0
    outer loop
      vertex 327.6 0 100
      vertex 327.6 8.65337 82.5397
      vertex 327.6 7.85924 80.9524
    endloop
  endfacet
  facet normal -1 0 0
    outer loop
      vertex 327.6 5.50932 33.3333
      vertex 327.6 6.97565 74.6032
      vertex 327.6 5.96921 34.9206
    endloop
  endfacet
  facet normal -1 0 0
    outer loop
      vertex 327.6 0 100
      vertex 327.6 6.97565 74.6032
      vertex 327.6 5.50932 33.3333
    endloop
  endfacet
  facet normal -1 0 0
    outer loop
      vertex 327.6 0 100
      vertex 327.6 5.50932 33.3333
      vertex 327.6 5.34105 31.746
    endloop
  endfacet
  facet normal -1 0 0
    outer loop
      vertex 327.6 0 100
      vertex 327.6 5.34105 31.746
      vertex 327.6 0 0
    endloop
  endfacet
  facet normal -1 0 0
    outer loop
      vertex 327.6 6.97565 74.6032
      vertex 327.6 0 100
      vertex 327.6 6.81151 76.1905
    endloop
  endfacet
  facet normal -1 0 0
    outer loop
      vertex 327.6 17.2407 98.4127
      vertex 327.6 0 100
      vertex 327.6 17.2545 100
    endloop
  endfacet
  facet normal -1 0 0
    outer loop
      vertex 327.6 7.26805 79.3651
      vertex 327.6 0 100
      vertex 327.6 7.85924 80.9524
    endloop
  endfacet
  facet normal -1 0 0
    outer loop
      vertex 327.6 6.91182 77.7778
      vertex 327.6 0 100
      vertex 327.6 7.26805 79.3651
    endloop
  endfacet
  facet normal -1 0 0
    outer loop
      vertex 327.6 6.81151 76.1905
      vertex 327.6 0 100
      vertex 327.6 6.91182 77.7778
    endloop
  endfacet
  facet normal 1 -0 0
    outer loop
      vertex 333.511 0 100
      vertex 333.511 17.2407 98.4127
      vertex 333.511 17.2545 100
    endloop
  endfacet
  facet normal 1 0 0
    outer loop
      vertex 333.511 17.2407 98.4127
      vertex 333.511 0 100
      vertex 333.511 16.9997 96.8254
    endloop
  endfacet
  facet normal 1 0 0
    outer loop
      vertex 333.511 16.9997 96.8254
      vertex 333.511 0 100
      vertex 333.511 16.5367 95.2381
    endloop
  endfacet
  facet normal 1 0 0
    outer loop
      vertex 333.511 16.5367 95.2381
      vertex 333.511 0 100
      vertex 333.511 15.8679 93.6508
    endloop
  endfacet
  facet normal 1 0 0
    outer loop
      vertex 333.511 15.8679 93.6508
      vertex 333.511 0 100
      vertex 333.511 15.0205 92.0635
    endloop
  endfacet
  facet normal 1 0 0
    outer loop
      vertex 333.511 15.0205 92.0635
      vertex 333.511 0 100
      vertex 333.511 14.0307 90.4762
    endloop
  endfacet
  facet normal 1 0 0
    outer loop
      vertex 333.511 14.0307 90.4762
      vertex 333.511 0 100
      vertex 333.511 12.9431 88.8889
    endloop
  endfacet
  facet normal 1 0 0
    outer loop
      vertex 333.511 12.9431 88.8889
      vertex 333.511 0 100
      vertex 333.511 11.8077 87.3016
    endloop
  endfacet
  facet normal 1 0 0
    outer loop
      vertex 333.511 11.8077 87.3016
      vertex 333.511 0 100
      vertex 333.511 10.6781 85.7143
    endloop
  endfacet
  facet normal 1 0 0
    outer loop
      vertex 333.511 10.6781 85.7143
      vertex 333.511 0 100
      vertex 333.511 9.6091 84.127
    endloop
  endfacet
  facet normal 1 0 0
    outer loop
      vertex 333.511 9.6091 84.127
      vertex 333.511 0 100
      vertex 333.511 8.65337 82.5397
    endloop
  endfacet
  facet normal 1 0 0
    outer loop
      vertex 333.511 7.39966 73.0159
      vertex 333.511 5.96921 34.9206
      vertex 333.511 6.70081 36.5079
    endloop
  endfacet
  facet normal 1 0 0
    outer loop
      vertex 333.511 6.97565 74.6032
      vertex 333.511 5.50932 33.3333
      vertex 333.511 5.96921 34.9206
    endloop
  endfacet
  facet normal 1 0 0
    outer loop
      vertex 333.511 6.97565 74.6032
      vertex 333.511 0 100
      vertex 333.511 5.50932 33.3333
    endloop
  endfacet
  facet normal 1 0 0
    outer loop
      vertex 333.511 5.50932 33.3333
      vertex 333.511 0 100
      vertex 333.511 5.34105 31.746
    endloop
  endfacet
  facet normal 1 0 0
    outer loop
      vertex 333.511 6.91182 77.7778
      vertex 333.511 0 100
      vertex 333.511 6.81151 76.1905
    endloop
  endfacet
  facet normal 1 0 0
    outer loop
      vertex 333.511 7.26805 79.3651
      vertex 333.511 0 100
      vertex 333.511 6.91182 77.7778
    endloop
  endfacet
  facet normal 1 0 0
    outer loop
      vertex 333.511 7.85924 80.9524
      vertex 333.511 0 100
      vertex 333.511 7.26805 79.3651
    endloop
  endfacet
  facet normal 1 0 0
    outer loop
      vertex 333.511 8.65337 82.5397
      vertex 333.511 0 100
      vertex 333.511 7.85924 80.9524
    endloop
  endfacet
  facet normal 1 0 0
    outer loop
      vertex 333.511 17.6919 55.5555
      vertex 333.511 17.5749 52.381
      vertex 333.511 17.7802 53.9682
    endloop
  endfacet
  facet normal 1 0 0
    outer loop
      vertex 333.511 17.3186 57.1429
      vertex 333.511 17.5749 52.381
      vertex 333.511 17.6919 55.5555
    endloop
  endfacet
  facet normal 1 0 0
    outer loop
      vertex 333.511 17.3186 57.1429
      vertex 333.511 17.0821 50.7936
      vertex 333.511 17.5749 52.381
    endloop
  endfacet
  facet normal 1 0 0
    outer loop
      vertex 333.511 16.6832 58.7301
      vertex 333.511 17.0821 50.7936
      vertex 333.511 17.3186 57.1429
    endloop
  endfacet
  facet normal 1 0 0
    outer loop
      vertex 333.511 16.6832 58.7301
      vertex 333.511 16.323 49.2063
      vertex 333.511 17.0821 50.7936
    endloop
  endfacet
  facet normal 1 0 0
    outer loop
      vertex 333.511 15.8218 60.3175
      vertex 333.511 16.323 49.2063
      vertex 333.511 16.6832 58.7301
    endloop
  endfacet
  facet normal 1 0 0
    outer loop
      vertex 333.511 15.8218 60.3175
      vertex 333.511 15.3324 47.619
      vertex 333.511 16.323 49.2063
    endloop
  endfacet
  facet normal 1 0 0
    outer loop
      vertex 333.511 14.781 61.9048
      vertex 333.511 15.3324 47.619
      vertex 333.511 15.8218 60.3175
    endloop
  endfacet
  facet normal 1 0 0
    outer loop
      vertex 333.511 14.781 61.9048
      vertex 333.511 14.1572 46.0317
      vertex 333.511 15.3324 47.619
    endloop
  endfacet
  facet normal 1 0 0
    outer loop
      vertex 333.511 13.6162 63.4921
      vertex 333.511 14.1572 46.0317
      vertex 333.511 14.781 61.9048
    endloop
  endfacet
  facet normal 1 0 0
    outer loop
      vertex 333.511 13.6162 63.4921
      vertex 333.511 12.8543 44.4444
      vertex 333.511 14.1572 46.0317
    endloop
  endfacet
  facet normal 1 0 0
    outer loop
      vertex 333.511 12.3879 65.0794
      vertex 333.511 12.8543 44.4444
      vertex 333.511 13.6162 63.4921
    endloop
  endfacet
  facet normal 1 0 0
    outer loop
      vertex 333.511 12.3879 65.0794
      vertex 333.511 11.4873 42.8571
      vertex 333.511 12.8543 44.4444
    endloop
  endfacet
  facet normal 1 0 0
    outer loop
      vertex 333.511 11.1591 66.6667
      vertex 333.511 11.4873 42.8571
      vertex 333.511 12.3879 65.0794
    endloop
  endfacet
  facet normal 1 0 0
    outer loop
      vertex 333.511 11.1591 66.6667
      vertex 333.511 10.1234 41.2698
      vertex 333.511 11.4873 42.8571
    endloop
  endfacet
  facet normal 1 0 0
    outer loop
      vertex 333.511 9.99174 68.254
      vertex 333.511 10.1234 41.2698
      vertex 333.511 11.1591 66.6667
    endloop
  endfacet
  facet normal 1 0 0
    outer loop
      vertex 333.511 8.82965 39.6825
      vertex 333.511 9.99174 68.254
      vertex 333.511 8.94365 69.8413
    endloop
  endfacet
  facet normal 1 0 0
    outer loop
      vertex 333.511 9.99174 68.254
      vertex 333.511 8.82965 39.6825
      vertex 333.511 10.1234 41.2698
    endloop
  endfacet
  facet normal 1 0 0
    outer loop
      vertex 333.511 7.66988 38.0952
      vertex 333.511 8.94365 69.8413
      vertex 333.511 8.06577 71.4286
    endloop
  endfacet
  facet normal 1 0 0
    outer loop
      vertex 333.511 8.94365 69.8413
      vertex 333.511 7.66988 38.0952
      vertex 333.511 8.82965 39.6825
    endloop
  endfacet
  facet normal 1 0 0
    outer loop
      vertex 333.511 6.70081 36.5079
      vertex 333.511 8.06577 71.4286
      vertex 333.511 7.39966 73.0159
    endloop
  endfacet
  facet normal 1 0 0
    outer loop
      vertex 333.511 5.96921 34.9206
      vertex 333.511 7.39966 73.0159
      vertex 333.511 6.97565 74.6032
    endloop
  endfacet
  facet normal 1 0 0
    outer loop
      vertex 333.511 0 100
      vertex 333.511 6.97565 74.6032
      vertex 333.511 6.81151 76.1905
    endloop
  endfacet
  facet normal 1 0 0
    outer loop
      vertex 333.511 8.06577 71.4286
      vertex 333.511 6.70081 36.5079
      vertex 333.511 7.66988 38.0952
    endloop
  endfacet
  facet normal 1 0 0
    outer loop
      vertex 333.511 15.1167 12.6984
      vertex 333.511 15.1344 9.5238
      vertex 333.511 15.2733 11.1111
    endloop
  endfacet
  facet normal 1 0 0
    outer loop
      vertex 333.511 15.1167 12.6984
      vertex 333.511 14.7032 7.93649
      vertex 333.511 15.1344 9.5238
    endloop
  endfacet
  facet normal 1 0 0
    outer loop
      vertex 333.511 14.6773 14.2857
      vertex 333.511 14.7032 7.93649
      vertex 333.511 15.1167 12.6984
    endloop
  endfacet
  facet normal 1 0 0
    outer loop
      vertex 333.511 14.6773 14.2857
      vertex 333.511 13.9983 6.3492
      vertex 333.511 14.7032 7.93649
    endloop
  endfacet
  facet normal 1 0 0
    outer loop
      vertex 333.511 13.9833 15.873
      vertex 333.511 13.9983 6.3492
      vertex 333.511 14.6773 14.2857
    endloop
  endfacet
  facet normal 1 0 0
    outer loop
      vertex 333.511 13.0535 4.7619
      vertex 333.511 13.9833 15.873
      vertex 333.511 13.0764 17.4603
    endloop
  endfacet
  facet normal 1 0 0
    outer loop
      vertex 333.511 13.9833 15.873
      vertex 333.511 13.0535 4.7619
      vertex 333.511 13.9983 6.3492
    endloop
  endfacet
  facet normal 1 0 0
    outer loop
      vertex 333.511 0 0
      vertex 333.511 13.0764 17.4603
      vertex 333.511 12.0097 19.0476
    endloop
  endfacet
  facet normal 1 0 0
    outer loop
      vertex 333.511 13.0764 17.4603
      vertex 333.511 0 0
      vertex 333.511 13.0535 4.7619
    endloop
  endfacet
  facet normal 1 0 0
    outer loop
      vertex 333.511 0 0
      vertex 333.511 12.0097 19.0476
      vertex 333.511 10.8452 20.6349
    endloop
  endfacet
  facet normal 1 0 0
    outer loop
      vertex 333.511 13.0535 4.7619
      vertex 333.511 0 0
      vertex 333.511 11.9156 3.17459
    endloop
  endfacet
  facet normal 1 0 0
    outer loop
      vertex 333.511 0 0
      vertex 333.511 10.8452 20.6349
      vertex 333.511 9.64978 22.2222
    endloop
  endfacet
  facet normal 1 0 0
    outer loop
      vertex 333.511 11.9156 3.17459
      vertex 333.511 0 0
      vertex 333.511 10.6416 1.5873
    endloop
  endfacet
  facet normal 1 0 0
    outer loop
      vertex 333.511 0 0
      vertex 333.511 9.64978 22.2222
      vertex 333.511 8.49219 23.8095
    endloop
  endfacet
  facet normal 1 0 0
    outer loop
      vertex 333.511 0 0
      vertex 333.511 8.49219 23.8095
      vertex 333.511 7.439 25.3968
    endloop
  endfacet
  facet normal 1 0 0
    outer loop
      vertex 333.511 0 0
      vertex 333.511 7.439 25.3968
      vertex 333.511 6.55124 26.9841
    endloop
  endfacet
  facet normal 1 0 0
    outer loop
      vertex 333.511 0 0
      vertex 333.511 6.55124 26.9841
      vertex 333.511 5.88101 28.5714
    endloop
  endfacet
  facet normal 1 0 0
    outer loop
      vertex 333.511 0 0
      vertex 333.511 5.88101 28.5714
      vertex 333.511 5.46875 30.1587
    endloop
  endfacet
  facet normal 1 0 0
    outer loop
      vertex 333.511 10.6416 1.5873
      vertex 333.511 0 0
      vertex 333.511 9.29625 0
    endloop
  endfacet
  facet normal 1 0 0
    outer loop
      vertex 333.511 5.34105 31.746
      vertex 333.511 0 0
      vertex 333.511 5.46875 30.1587
    endloop
  endfacet
  facet normal 1 0 0
    outer loop
      vertex 333.511 0 0
      vertex 333.511 5.34105 31.746
      vertex 333.511 0 100
    endloop
  endfacet
  facet normal 0 0.779869 -0.625943
    outer loop
      vertex 333.511 10.6416 1.5873
      vertex 327.6 11.9156 3.17459
      vertex 333.511 11.9156 3.17459
    endloop
  endfacet
  facet normal 0 0.779869 -0.625943
    outer loop
      vertex 327.6 11.9156 3.17459
      vertex 333.511 10.6416 1.5873
      vertex 327.6 10.6416 1.5873
    endloop
  endfacet
  facet normal 0 0.812738 -0.58263
    outer loop
      vertex 333.511 11.9156 3.17459
      vertex 327.6 13.0535 4.7619
      vertex 333.511 13.0535 4.7619
    endloop
  endfacet
  facet normal 0 0.812738 -0.58263
    outer loop
      vertex 327.6 13.0535 4.7619
      vertex 333.511 11.9156 3.17459
      vertex 327.6 11.9156 3.17459
    endloop
  endfacet
  facet normal 0 0.859298 -0.511475
    outer loop
      vertex 333.511 13.0535 4.7619
      vertex 327.6 13.9983 6.3492
      vertex 333.511 13.9983 6.3492
    endloop
  endfacet
  facet normal 0 0.859298 -0.511475
    outer loop
      vertex 327.6 13.9983 6.3492
      vertex 333.511 13.0535 4.7619
      vertex 327.6 13.0535 4.7619
    endloop
  endfacet
  facet normal 0 0.913932 -0.405868
    outer loop
      vertex 333.511 13.9983 6.3492
      vertex 327.6 14.7032 7.93649
      vertex 333.511 14.7032 7.93649
    endloop
  endfacet
  facet normal 0 0.913932 -0.405868
    outer loop
      vertex 327.6 14.7032 7.93649
      vertex 333.511 13.9983 6.3492
      vertex 327.6 13.9983 6.3492
    endloop
  endfacet
  facet normal 0 0.965026 -0.262154
    outer loop
      vertex 333.511 14.7032 7.93649
      vertex 327.6 15.1344 9.5238
      vertex 333.511 15.1344 9.5238
    endloop
  endfacet
  facet normal 0 0.965026 -0.262154
    outer loop
      vertex 327.6 15.1344 9.5238
      vertex 333.511 14.7032 7.93649
      vertex 327.6 14.7032 7.93649
    endloop
  endfacet
  facet normal 0 0.996193 -0.087174
    outer loop
      vertex 333.511 15.1344 9.5238
      vertex 327.6 15.2733 11.1111
      vertex 333.511 15.2733 11.1111
    endloop
  endfacet
  facet normal 0 0.996193 -0.087174
    outer loop
      vertex 327.6 15.2733 11.1111
      vertex 333.511 15.1344 9.5238
      vertex 327.6 15.1344 9.5238
    endloop
  endfacet
  facet normal 0 0.995169 0.0981814
    outer loop
      vertex 333.511 15.2733 11.1111
      vertex 327.6 15.1167 12.6984
      vertex 333.511 15.1167 12.6984
    endloop
  endfacet
  facet normal 0 0.995169 0.0981814
    outer loop
      vertex 327.6 15.1167 12.6984
      vertex 333.511 15.2733 11.1111
      vertex 327.6 15.2733 11.1111
    endloop
  endfacet
  facet normal 0 0.963755 0.266789
    outer loop
      vertex 333.511 15.1167 12.6984
      vertex 327.6 14.6773 14.2857
      vertex 333.511 14.6773 14.2857
    endloop
  endfacet
  facet normal 0 0.963755 0.266789
    outer loop
      vertex 327.6 14.6773 14.2857
      vertex 333.511 15.1167 12.6984
      vertex 327.6 15.1167 12.6984
    endloop
  endfacet
  facet normal 0 0.916251 0.400604
    outer loop
      vertex 333.511 14.6773 14.2857
      vertex 327.6 13.9833 15.873
      vertex 333.511 13.9833 15.873
    endloop
  endfacet
  facet normal 0 0.916251 0.400604
    outer loop
      vertex 327.6 13.9833 15.873
      vertex 333.511 14.6773 14.2857
      vertex 327.6 14.6773 14.2857
    endloop
  endfacet
  facet normal 0 0.868273 0.496086
    outer loop
      vertex 333.511 13.9833 15.873
      vertex 327.6 13.0764 17.4603
      vertex 333.511 13.0764 17.4603
    endloop
  endfacet
  facet normal 0 0.868273 0.496086
    outer loop
      vertex 327.6 13.0764 17.4603
      vertex 333.511 13.9833 15.873
      vertex 327.6 13.9833 15.873
    endloop
  endfacet
  facet normal 0 0.829993 0.557773
    outer loop
      vertex 333.511 13.0764 17.4603
      vertex 327.6 12.0097 19.0476
      vertex 333.511 12.0097 19.0476
    endloop
  endfacet
  facet normal 0 0.829993 0.557773
    outer loop
      vertex 327.6 12.0097 19.0476
      vertex 333.511 13.0764 17.4603
      vertex 327.6 13.0764 17.4603
    endloop
  endfacet
  facet normal 0 0.806289 0.591522
    outer loop
      vertex 333.511 12.0097 19.0476
      vertex 327.6 10.8452 20.6349
      vertex 333.511 10.8452 20.6349
    endloop
  endfacet
  facet normal 0 0.806289 0.591522
    outer loop
      vertex 327.6 10.8452 20.6349
      vertex 333.511 12.0097 19.0476
      vertex 327.6 12.0097 19.0476
    endloop
  endfacet
  facet normal 0 0.798804 0.601591
    outer loop
      vertex 333.511 10.8452 20.6349
      vertex 327.6 9.64978 22.2222
      vertex 333.511 9.64978 22.2222
    endloop
  endfacet
  facet normal 0 0.798804 0.601591
    outer loop
      vertex 327.6 9.64978 22.2222
      vertex 333.511 10.8452 20.6349
      vertex 327.6 10.8452 20.6349
    endloop
  endfacet
  facet normal 0 0.807963 0.589233
    outer loop
      vertex 333.511 9.64978 22.2222
      vertex 327.6 8.49219 23.8095
      vertex 333.511 8.49219 23.8095
    endloop
  endfacet
  facet normal 0 0.807963 0.589233
    outer loop
      vertex 327.6 8.49219 23.8095
      vertex 333.511 9.64978 22.2222
      vertex 327.6 9.64978 22.2222
    endloop
  endfacet
  facet normal 0 0.833262 0.552878
    outer loop
      vertex 333.511 8.49219 23.8095
      vertex 327.6 7.439 25.3968
      vertex 333.511 7.439 25.3968
    endloop
  endfacet
  facet normal 0 0.833262 0.552878
    outer loop
      vertex 327.6 7.439 25.3968
      vertex 333.511 8.49219 23.8095
      vertex 327.6 8.49219 23.8095
    endloop
  endfacet
  facet normal 0 0.87277 0.488131
    outer loop
      vertex 333.511 7.439 25.3968
      vertex 327.6 6.55124 26.9841
      vertex 333.511 6.55124 26.9841
    endloop
  endfacet
  facet normal 0 0.87277 0.488131
    outer loop
      vertex 327.6 6.55124 26.9841
      vertex 333.511 7.439 25.3968
      vertex 327.6 7.439 25.3968
    endloop
  endfacet
  facet normal 0 0.921242 0.38899
    outer loop
      vertex 333.511 6.55124 26.9841
      vertex 327.6 5.88101 28.5714
      vertex 333.511 5.88101 28.5714
    endloop
  endfacet
  facet normal 0 0.921242 0.38899
    outer loop
      vertex 327.6 5.88101 28.5714
      vertex 333.511 6.55124 26.9841
      vertex 327.6 6.55124 26.9841
    endloop
  endfacet
  facet normal 0 0.967888 0.251384
    outer loop
      vertex 333.511 5.88101 28.5714
      vertex 327.6 5.46875 30.1587
      vertex 333.511 5.46875 30.1587
    endloop
  endfacet
  facet normal 0 0.967888 0.251384
    outer loop
      vertex 327.6 5.46875 30.1587
      vertex 333.511 5.88101 28.5714
      vertex 327.6 5.88101 28.5714
    endloop
  endfacet
  facet normal 0 0.996779 0.080192
    outer loop
      vertex 333.511 5.46875 30.1587
      vertex 327.6 5.34105 31.746
      vertex 333.511 5.34105 31.746
    endloop
  endfacet
  facet normal 0 0.996779 0.080192
    outer loop
      vertex 327.6 5.34105 31.746
      vertex 333.511 5.46875 30.1587
      vertex 327.6 5.46875 30.1587
    endloop
  endfacet
  facet normal 0 0.994428 -0.10542
    outer loop
      vertex 333.511 5.34105 31.746
      vertex 327.6 5.50932 33.3333
      vertex 333.511 5.50932 33.3333
    endloop
  endfacet
  facet normal 0 0.994428 -0.10542
    outer loop
      vertex 327.6 5.50932 33.3333
      vertex 333.511 5.34105 31.746
      vertex 327.6 5.34105 31.746
    endloop
  endfacet
  facet normal 0 0.960498 -0.278286
    outer loop
      vertex 333.511 5.50932 33.3333
      vertex 327.6 5.96921 34.9206
      vertex 333.511 5.96921 34.9206
    endloop
  endfacet
  facet normal 0 0.960498 -0.278286
    outer loop
      vertex 327.6 5.96921 34.9206
      vertex 333.511 5.50932 33.3333
      vertex 327.6 5.50932 33.3333
    endloop
  endfacet
  facet normal 0 0.908177 -0.418586
    outer loop
      vertex 333.511 5.96921 34.9206
      vertex 327.6 6.70081 36.5079
      vertex 333.511 6.70081 36.5079
    endloop
  endfacet
  facet normal 0 0.908177 -0.418586
    outer loop
      vertex 327.6 6.70081 36.5079
      vertex 333.511 5.96921 34.9206
      vertex 327.6 5.96921 34.9206
    endloop
  endfacet
  facet normal 0 0.853508 -0.521079
    outer loop
      vertex 333.511 6.70081 36.5079
      vertex 327.6 7.66988 38.0952
      vertex 333.511 7.66988 38.0952
    endloop
  endfacet
  facet normal 0 0.853508 -0.521079
    outer loop
      vertex 327.6 7.66988 38.0952
      vertex 333.511 6.70081 36.5079
      vertex 327.6 6.70081 36.5079
    endloop
  endfacet
  facet normal 0 0.807435 -0.589957
    outer loop
      vertex 333.511 7.66988 38.0952
      vertex 327.6 8.82965 39.6825
      vertex 333.511 8.82965 39.6825
    endloop
  endfacet
  facet normal 0 0.807435 -0.589957
    outer loop
      vertex 327.6 8.82965 39.6825
      vertex 333.511 7.66988 38.0952
      vertex 327.6 7.66988 38.0952
    endloop
  endfacet
  facet normal 0 0.775141 -0.631789
    outer loop
      vertex 333.511 8.82965 39.6825
      vertex 327.6 10.1234 41.2698
      vertex 333.511 10.1234 41.2698
    endloop
  endfacet
  facet normal 0 0.775141 -0.631789
    outer loop
      vertex 327.6 10.1234 41.2698
      vertex 333.511 8.82965 39.6825
      vertex 327.6 8.82965 39.6825
    endloop
  endfacet
  facet normal 0 0.758463 -0.651716
    outer loop
      vertex 333.511 10.1234 41.2698
      vertex 327.6 11.4873 42.8571
      vertex 333.511 11.4873 42.8571
    endloop
  endfacet
  facet normal 0 0.758463 -0.651716
    outer loop
      vertex 327.6 11.4873 42.8571
      vertex 333.511 10.1234 41.2698
      vertex 327.6 10.1234 41.2698
    endloop
  endfacet
  facet normal 0 0.757731 -0.652567
    outer loop
      vertex 333.511 11.4873 42.8571
      vertex 327.6 12.8543 44.4444
      vertex 333.511 12.8543 44.4444
    endloop
  endfacet
  facet normal 0 0.757731 -0.652567
    outer loop
      vertex 327.6 12.8543 44.4444
      vertex 333.511 11.4873 42.8571
      vertex 327.6 11.4873 42.8571
    endloop
  endfacet
  facet normal 0 0.772954 -0.634462
    outer loop
      vertex 333.511 12.8543 44.4444
      vertex 327.6 14.1572 46.0317
      vertex 333.511 14.1572 46.0317
    endloop
  endfacet
  facet normal 0 0.772954 -0.634462
    outer loop
      vertex 327.6 14.1572 46.0317
      vertex 333.511 12.8543 44.4444
      vertex 327.6 12.8543 44.4444
    endloop
  endfacet
  facet normal 0 0.803697 -0.595039
    outer loop
      vertex 333.511 14.1572 46.0317
      vertex 327.6 15.3324 47.619
      vertex 333.511 15.3324 47.619
    endloop
  endfacet
  facet normal 0 0.803697 -0.595039
    outer loop
      vertex 327.6 15.3324 47.619
      vertex 333.511 14.1572 46.0317
      vertex 327.6 14.1572 46.0317
    endloop
  endfacet
  facet normal 0 0.848349 -0.529437
    outer loop
      vertex 333.511 15.3324 47.619
      vertex 327.6 16.323 49.2063
      vertex 333.511 16.323 49.2063
    endloop
  endfacet
  facet normal 0 0.848349 -0.529437
    outer loop
      vertex 327.6 16.323 49.2063
      vertex 333.511 15.3324 47.619
      vertex 327.6 15.3324 47.619
    endloop
  endfacet
  facet normal 0 0.902144 -0.431435
    outer loop
      vertex 333.511 16.323 49.2063
      vertex 327.6 17.0821 50.7936
      vertex 333.511 17.0821 50.7936
    endloop
  endfacet
  facet normal 0 0.902144 -0.431435
    outer loop
      vertex 327.6 17.0821 50.7936
      vertex 333.511 16.323 49.2063
      vertex 327.6 16.323 49.2063
    endloop
  endfacet
  facet normal 0 0.955037 -0.296486
    outer loop
      vertex 333.511 17.0821 50.7936
      vertex 327.6 17.5749 52.381
      vertex 333.511 17.5749 52.381
    endloop
  endfacet
  facet normal 0 0.955037 -0.296486
    outer loop
      vertex 327.6 17.5749 52.381
      vertex 333.511 17.0821 50.7936
      vertex 327.6 17.0821 50.7936
    endloop
  endfacet
  facet normal 0 0.991738 -0.128279
    outer loop
      vertex 333.511 17.5749 52.381
      vertex 327.6 17.7802 53.9682
      vertex 333.511 17.7802 53.9682
    endloop
  endfacet
  facet normal 0 0.991738 -0.128279
    outer loop
      vertex 327.6 17.7802 53.9682
      vertex 333.511 17.5749 52.381
      vertex 327.6 17.5749 52.381
    endloop
  endfacet
  facet normal 0 0.998456 0.0555432
    outer loop
      vertex 333.511 17.7802 53.9682
      vertex 327.6 17.6919 55.5555
      vertex 333.511 17.6919 55.5555
    endloop
  endfacet
  facet normal 0 0.998456 0.0555432
    outer loop
      vertex 327.6 17.6919 55.5555
      vertex 333.511 17.7802 53.9682
      vertex 327.6 17.7802 53.9682
    endloop
  endfacet
  facet normal 0 0.973445 0.22892
    outer loop
      vertex 333.511 17.6919 55.5555
      vertex 327.6 17.3186 57.1429
      vertex 333.511 17.3186 57.1429
    endloop
  endfacet
  facet normal 0 0.973445 0.22892
    outer loop
      vertex 327.6 17.3186 57.1429
      vertex 333.511 17.6919 55.5555
      vertex 327.6 17.6919 55.5555
    endloop
  endfacet
  facet normal 0 0.928372 0.371653
    outer loop
      vertex 333.511 17.3186 57.1429
      vertex 327.6 16.6832 58.7301
      vertex 333.511 16.6832 58.7301
    endloop
  endfacet
  facet normal 0 0.928372 0.371653
    outer loop
      vertex 327.6 16.6832 58.7301
      vertex 333.511 17.3186 57.1429
      vertex 327.6 17.3186 57.1429
    endloop
  endfacet
  facet normal 0 0.87893 0.47695
    outer loop
      vertex 333.511 16.6832 58.7301
      vertex 327.6 15.8218 60.3175
      vertex 333.511 15.8218 60.3175
    endloop
  endfacet
  facet normal 0 0.87893 0.47695
    outer loop
      vertex 327.6 15.8218 60.3175
      vertex 333.511 16.6832 58.7301
      vertex 327.6 16.6832 58.7301
    endloop
  endfacet
  facet normal 0 0.836257 0.548338
    outer loop
      vertex 333.511 15.8218 60.3175
      vertex 327.6 14.781 61.9048
      vertex 333.511 14.781 61.9048
    endloop
  endfacet
  facet normal 0 0.836257 0.548338
    outer loop
      vertex 327.6 14.781 61.9048
      vertex 333.511 15.8218 60.3175
      vertex 327.6 15.8218 60.3175
    endloop
  endfacet
  facet normal 0 0.806216 0.591621
    outer loop
      vertex 333.511 14.781 61.9048
      vertex 327.6 13.6162 63.4921
      vertex 333.511 13.6162 63.4921
    endloop
  endfacet
  facet normal 0 0.806216 0.591621
    outer loop
      vertex 327.6 13.6162 63.4921
      vertex 333.511 14.781 61.9048
      vertex 327.6 14.781 61.9048
    endloop
  endfacet
  facet normal 0 0.790863 0.611993
    outer loop
      vertex 333.511 13.6162 63.4921
      vertex 327.6 12.3879 65.0794
      vertex 333.511 12.3879 65.0794
    endloop
  endfacet
  facet normal 0 0.790863 0.611993
    outer loop
      vertex 327.6 12.3879 65.0794
      vertex 333.511 13.6162 63.4921
      vertex 327.6 13.6162 63.4921
    endloop
  endfacet
  facet normal 0 0.790742 0.612149
    outer loop
      vertex 333.511 12.3879 65.0794
      vertex 327.6 11.1591 66.6667
      vertex 333.511 11.1591 66.6667
    endloop
  endfacet
  facet normal 0 0.790742 0.612149
    outer loop
      vertex 327.6 11.1591 66.6667
      vertex 333.511 12.3879 65.0794
      vertex 327.6 12.3879 65.0794
    endloop
  endfacet
  facet normal 0 0.805596 0.592465
    outer loop
      vertex 333.511 11.1591 66.6667
      vertex 327.6 9.99174 68.254
      vertex 333.511 9.99174 68.254
    endloop
  endfacet
  facet normal 0 0.805596 0.592465
    outer loop
      vertex 327.6 9.99174 68.254
      vertex 333.511 11.1591 66.6667
      vertex 327.6 11.1591 66.6667
    endloop
  endfacet
  facet normal 0 0.834495 0.551015
    outer loop
      vertex 333.511 9.99174 68.254
      vertex 327.6 8.94365 69.8413
      vertex 333.511 8.94365 69.8413
    endloop
  endfacet
  facet normal 0 0.834495 0.551015
    outer loop
      vertex 327.6 8.94365 69.8413
      vertex 333.511 9.99174 68.254
      vertex 327.6 9.99174 68.254
    endloop
  endfacet
  facet normal 0 0.875081 0.483977
    outer loop
      vertex 333.511 8.94365 69.8413
      vertex 327.6 8.06577 71.4286
      vertex 333.511 8.06577 71.4286
    endloop
  endfacet
  facet normal 0 0.875081 0.483977
    outer loop
      vertex 327.6 8.06577 71.4286
      vertex 333.511 8.94365 69.8413
      vertex 327.6 8.94365 69.8413
    endloop
  endfacet
  facet normal 0 0.922097 0.386958
    outer loop
      vertex 333.511 8.06577 71.4286
      vertex 327.6 7.39966 73.0159
      vertex 333.511 7.39966 73.0159
    endloop
  endfacet
  facet normal 0 0.922097 0.386958
    outer loop
      vertex 327.6 7.39966 73.0159
      vertex 333.511 8.06577 71.4286
      vertex 327.6 8.06577 71.4286
    endloop
  endfacet
  facet normal 0 0.966124 0.258077
    outer loop
      vertex 333.511 7.39966 73.0159
      vertex 327.6 6.97565 74.6032
      vertex 333.511 6.97565 74.6032
    endloop
  endfacet
  facet normal 0 0.966124 0.258077
    outer loop
      vertex 327.6 6.97565 74.6032
      vertex 333.511 7.39966 73.0159
      vertex 327.6 7.39966 73.0159
    endloop
  endfacet
  facet normal 0 0.994696 0.10286
    outer loop
      vertex 333.511 6.97565 74.6032
      vertex 327.6 6.81151 76.1905
      vertex 333.511 6.81151 76.1905
    endloop
  endfacet
  facet normal 0 0.994696 0.10286
    outer loop
      vertex 327.6 6.81151 76.1905
      vertex 333.511 6.97565 74.6032
      vertex 327.6 6.97565 74.6032
    endloop
  endfacet
  facet normal 0 0.998009 -0.0630695
    outer loop
      vertex 333.511 6.81151 76.1905
      vertex 327.6 6.91182 77.7778
      vertex 333.511 6.91182 77.7778
    endloop
  endfacet
  facet normal 0 0.998009 -0.0630695
    outer loop
      vertex 327.6 6.91182 77.7778
      vertex 333.511 6.81151 76.1905
      vertex 327.6 6.81151 76.1905
    endloop
  endfacet
  facet normal 0 0.97573 -0.218978
    outer loop
      vertex 333.511 6.91182 77.7778
      vertex 327.6 7.26805 79.3651
      vertex 333.511 7.26805 79.3651
    endloop
  endfacet
  facet normal 0 0.97573 -0.218978
    outer loop
      vertex 327.6 7.26805 79.3651
      vertex 333.511 6.91182 77.7778
      vertex 327.6 6.91182 77.7778
    endloop
  endfacet
  facet normal 0 0.937112 -0.349028
    outer loop
      vertex 333.511 7.26805 79.3651
      vertex 327.6 7.85924 80.9524
      vertex 333.511 7.85924 80.9524
    endloop
  endfacet
  facet normal 0 0.937112 -0.349028
    outer loop
      vertex 327.6 7.85924 80.9524
      vertex 333.511 7.26805 79.3651
      vertex 327.6 7.26805 79.3651
    endloop
  endfacet
  facet normal 0 0.894319 -0.44743
    outer loop
      vertex 333.511 7.85924 80.9524
      vertex 327.6 8.65337 82.5397
      vertex 333.511 8.65337 82.5397
    endloop
  endfacet
  facet normal 0 0.894319 -0.44743
    outer loop
      vertex 327.6 8.65337 82.5397
      vertex 333.511 7.85924 80.9524
      vertex 327.6 7.85924 80.9524
    endloop
  endfacet
  facet normal 0 0.856694 -0.515825
    outer loop
      vertex 333.511 8.65337 82.5397
      vertex 327.6 9.6091 84.127
      vertex 333.511 9.6091 84.127
    endloop
  endfacet
  facet normal 0 0.856694 -0.515825
    outer loop
      vertex 327.6 9.6091 84.127
      vertex 333.511 8.65337 82.5397
      vertex 327.6 8.65337 82.5397
    endloop
  endfacet
  facet normal 0 0.829436 -0.558601
    outer loop
      vertex 333.511 9.6091 84.127
      vertex 327.6 10.6781 85.7143
      vertex 333.511 10.6781 85.7143
    endloop
  endfacet
  facet normal 0 0.829436 -0.558601
    outer loop
      vertex 327.6 10.6781 85.7143
      vertex 333.511 9.6091 84.127
      vertex 327.6 9.6091 84.127
    endloop
  endfacet
  facet normal 0 0.814748 -0.579815
    outer loop
      vertex 333.511 10.6781 85.7143
      vertex 327.6 11.8077 87.3016
      vertex 333.511 11.8077 87.3016
    endloop
  endfacet
  facet normal 0 0.814748 -0.579815
    outer loop
      vertex 327.6 11.8077 87.3016
      vertex 333.511 10.6781 85.7143
      vertex 327.6 10.6781 85.7143
    endloop
  endfacet
  facet normal 0 0.813342 -0.581786
    outer loop
      vertex 333.511 11.8077 87.3016
      vertex 327.6 12.9431 88.8889
      vertex 333.511 12.9431 88.8889
    endloop
  endfacet
  facet normal 0 0.813342 -0.581786
    outer loop
      vertex 327.6 12.9431 88.8889
      vertex 333.511 11.8077 87.3016
      vertex 327.6 11.8077 87.3016
    endloop
  endfacet
  facet normal 0 0.824931 -0.565233
    outer loop
      vertex 333.511 12.9431 88.8889
      vertex 327.6 14.0307 90.4762
      vertex 333.511 14.0307 90.4762
    endloop
  endfacet
  facet normal 0 0.824931 -0.565233
    outer loop
      vertex 327.6 14.0307 90.4762
      vertex 333.511 12.9431 88.8889
      vertex 327.6 12.9431 88.8889
    endloop
  endfacet
  facet normal 0 0.848541 -0.529129
    outer loop
      vertex 333.511 14.0307 90.4762
      vertex 327.6 15.0205 92.0635
      vertex 333.511 15.0205 92.0635
    endloop
  endfacet
  facet normal 0 0.848541 -0.529129
    outer loop
      vertex 327.6 15.0205 92.0635
      vertex 333.511 14.0307 90.4762
      vertex 327.6 14.0307 90.4762
    endloop
  endfacet
  facet normal 0 0.882159 -0.470952
    outer loop
      vertex 333.511 15.0205 92.0635
      vertex 327.6 15.8679 93.6508
      vertex 333.511 15.8679 93.6508
    endloop
  endfacet
  facet normal 0 0.882159 -0.470952
    outer loop
      vertex 327.6 15.8679 93.6508
      vertex 333.511 15.0205 92.0635
      vertex 327.6 15.0205 92.0635
    endloop
  endfacet
  facet normal 0 0.921539 -0.388285
    outer loop
      vertex 333.511 15.8679 93.6508
      vertex 327.6 16.5367 95.2381
      vertex 333.511 16.5367 95.2381
    endloop
  endfacet
  facet normal 0 0.921539 -0.388285
    outer loop
      vertex 327.6 16.5367 95.2381
      vertex 333.511 15.8679 93.6508
      vertex 327.6 15.8679 93.6508
    endloop
  endfacet
  facet normal 0 0.959994 -0.280021
    outer loop
      vertex 333.511 16.5367 95.2381
      vertex 327.6 16.9997 96.8254
      vertex 333.511 16.9997 96.8254
    endloop
  endfacet
  facet normal 0 0.959994 -0.280021
    outer loop
      vertex 327.6 16.9997 96.8254
      vertex 333.511 16.5367 95.2381
      vertex 327.6 16.5367 95.2381
    endloop
  endfacet
  facet normal 0 0.988669 -0.15011
    outer loop
      vertex 333.511 16.9997 96.8254
      vertex 327.6 17.2407 98.4127
      vertex 333.511 17.2407 98.4127
    endloop
  endfacet
  facet normal 0 0.988669 -0.15011
    outer loop
      vertex 327.6 17.2407 98.4127
      vertex 333.511 16.9997 96.8254
      vertex 327.6 16.9997 96.8254
    endloop
  endfacet
  facet normal 0 0.999962 -0.00869368
    outer loop
      vertex 333.511 17.2407 98.4127
      vertex 327.6 17.2545 100
      vertex 333.511 17.2545 100
    endloop
  endfacet
  facet normal 0 0.999962 -0.00869368
    outer loop
      vertex 327.6 17.2545 100
      vertex 333.511 17.2407 98.4127
      vertex 327.6 17.2407 98.4127
    endloop
  endfacet
  facet normal 0 0.762853 -0.646572
    outer loop
      vertex 333.511 9.29625 0
      vertex 327.6 10.6416 1.5873
      vertex 333.511 10.6416 1.5873
    endloop
  endfacet
  facet normal 0 0.762853 -0.646572
    outer loop
      vertex 327.6 10.6416 1.5873
      vertex 333.511 9.29625 0
      vertex 327.6 9.29625 0
    endloop
  endfacet
  facet normal -1 0 0
    outer loop
      vertex 335.378 15.329 7.93649
      vertex 335.378 15.6175 11.1111
      vertex 335.378 15.6253 9.5238
    endloop
  endfacet
  facet normal -1 0 0
    outer loop
      vertex 335.378 15.329 7.93649
      vertex 335.378 15.3116 12.6984
      vertex 335.378 15.6175 11.1111
    endloop
  endfacet
  facet normal -1 0 0
    outer loop
      vertex 335.378 14.7391 6.3492
      vertex 335.378 15.3116 12.6984
      vertex 335.378 15.329 7.93649
    endloop
  endfacet
  facet normal -1 0 0
    outer loop
      vertex 335.378 14.7391 6.3492
      vertex 335.378 14.7304 14.2857
      vertex 335.378 15.3116 12.6984
    endloop
  endfacet
  facet normal -1 0 0
    outer loop
      vertex 335.378 13.8825 4.7619
      vertex 335.378 14.7304 14.2857
      vertex 335.378 14.7391 6.3492
    endloop
  endfacet
  facet normal -1 -0 0
    outer loop
      vertex 335.378 14.7304 14.2857
      vertex 335.378 13.8825 4.7619
      vertex 335.378 13.9115 15.873
    endloop
  endfacet
  facet normal -1 0 0
    outer loop
      vertex 335.378 0 0
      vertex 335.378 13.9115 15.873
      vertex 335.378 13.8825 4.7619
    endloop
  endfacet
  facet normal -1 0 0
    outer loop
      vertex 335.378 0 0
      vertex 335.378 13.8825 4.7619
      vertex 335.378 12.8007 3.17459
    endloop
  endfacet
  facet normal -1 -0 0
    outer loop
      vertex 335.378 13.9115 15.873
      vertex 335.378 0 0
      vertex 335.378 12.9056 17.4603
    endloop
  endfacet
  facet normal -1 0 0
    outer loop
      vertex 335.378 0 0
      vertex 335.378 12.8007 3.17459
      vertex 335.378 11.5478 1.5873
    endloop
  endfacet
  facet normal -1 -0 0
    outer loop
      vertex 335.378 12.9056 17.4603
      vertex 335.378 0 0
      vertex 335.378 11.7737 19.0476
    endloop
  endfacet
  facet normal -1 0 0
    outer loop
      vertex 335.378 0 0
      vertex 335.378 11.5478 1.5873
      vertex 335.378 10.1876 0
    endloop
  endfacet
  facet normal -1 -0 0
    outer loop
      vertex 335.378 11.7737 19.0476
      vertex 335.378 0 0
      vertex 335.378 10.5833 20.6349
    endloop
  endfacet
  facet normal -1 -0 0
    outer loop
      vertex 335.378 10.5833 20.6349
      vertex 335.378 0 0
      vertex 335.378 9.40549 22.2222
    endloop
  endfacet
  facet normal -1 -0 0
    outer loop
      vertex 335.378 9.40549 22.2222
      vertex 335.378 0 0
      vertex 335.378 8.31 23.8095
    endloop
  endfacet
  facet normal -1 -0 0
    outer loop
      vertex 335.378 8.31 23.8095
      vertex 335.378 0 0
      vertex 335.378 7.36206 25.3968
    endloop
  endfacet
  facet normal -1 -0 0
    outer loop
      vertex 335.378 7.36206 25.3968
      vertex 335.378 0 0
      vertex 335.378 6.61853 26.9841
    endloop
  endfacet
  facet normal -1 -0 0
    outer loop
      vertex 335.378 6.12483 28.5714
      vertex 335.378 0 0
      vertex 335.378 5.91249 30.1587
    endloop
  endfacet
  facet normal -1 -0 0
    outer loop
      vertex 335.378 6.61853 26.9841
      vertex 335.378 0 0
      vertex 335.378 6.12483 28.5714
    endloop
  endfacet
  facet normal -1 0 0
    outer loop
      vertex 335.378 17.7532 50.7936
      vertex 335.378 17.8854 53.9682
      vertex 335.378 17.9669 52.381
    endloop
  endfacet
  facet normal -1 0 0
    outer loop
      vertex 335.378 17.7532 50.7936
      vertex 335.378 17.5166 55.5555
      vertex 335.378 17.8854 53.9682
    endloop
  endfacet
  facet normal -1 0 0
    outer loop
      vertex 335.378 17.2514 49.2063
      vertex 335.378 17.5166 55.5555
      vertex 335.378 17.7532 50.7936
    endloop
  endfacet
  facet normal -1 0 0
    outer loop
      vertex 335.378 17.2514 49.2063
      vertex 335.378 16.8832 57.1429
      vertex 335.378 17.5166 55.5555
    endloop
  endfacet
  facet normal -1 0 0
    outer loop
      vertex 335.378 16.4839 47.619
      vertex 335.378 16.8832 57.1429
      vertex 335.378 17.2514 49.2063
    endloop
  endfacet
  facet normal -1 0 0
    outer loop
      vertex 335.378 16.4839 47.619
      vertex 335.378 16.0213 58.7301
      vertex 335.378 16.8832 57.1429
    endloop
  endfacet
  facet normal -1 0 0
    outer loop
      vertex 335.378 15.4875 46.0317
      vertex 335.378 16.0213 58.7301
      vertex 335.378 16.4839 47.619
    endloop
  endfacet
  facet normal -1 0 0
    outer loop
      vertex 335.378 15.4875 46.0317
      vertex 335.378 14.9778 60.3175
      vertex 335.378 16.0213 58.7301
    endloop
  endfacet
  facet normal -1 0 0
    outer loop
      vertex 335.378 14.3112 44.4444
      vertex 335.378 14.9778 60.3175
      vertex 335.378 15.4875 46.0317
    endloop
  endfacet
  facet normal -1 0 0
    outer loop
      vertex 335.378 14.3112 44.4444
      vertex 335.378 13.8084 61.9048
      vertex 335.378 14.9778 60.3175
    endloop
  endfacet
  facet normal -1 0 0
    outer loop
      vertex 335.378 13.0137 42.8571
      vertex 335.378 13.8084 61.9048
      vertex 335.378 14.3112 44.4444
    endloop
  endfacet
  facet normal -1 0 0
    outer loop
      vertex 335.378 13.0137 42.8571
      vertex 335.378 12.5739 63.4921
      vertex 335.378 13.8084 61.9048
    endloop
  endfacet
  facet normal -1 0 0
    outer loop
      vertex 335.378 11.6606 41.2698
      vertex 335.378 12.5739 63.4921
      vertex 335.378 13.0137 42.8571
    endloop
  endfacet
  facet normal -1 0 0
    outer loop
      vertex 335.378 11.6606 41.2698
      vertex 335.378 11.3373 65.0794
      vertex 335.378 12.5739 63.4921
    endloop
  endfacet
  facet normal -1 0 0
    outer loop
      vertex 335.378 10.3208 39.6825
      vertex 335.378 11.3373 65.0794
      vertex 335.378 11.6606 41.2698
    endloop
  endfacet
  facet normal -1 0 0
    outer loop
      vertex 335.378 10.3208 39.6825
      vertex 335.378 10.1606 66.6667
      vertex 335.378 11.3373 65.0794
    endloop
  endfacet
  facet normal -1 0 0
    outer loop
      vertex 335.378 9.06281 38.0952
      vertex 335.378 10.1606 66.6667
      vertex 335.378 10.3208 39.6825
    endloop
  endfacet
  facet normal -1 -0 0
    outer loop
      vertex 335.378 10.1606 66.6667
      vertex 335.378 9.06281 38.0952
      vertex 335.378 9.10097 68.254
    endloop
  endfacet
  facet normal -1 0 0
    outer loop
      vertex 335.378 7.9507 36.5079
      vertex 335.378 9.10097 68.254
      vertex 335.378 9.06281 38.0952
    endloop
  endfacet
  facet normal -1 -0 0
    outer loop
      vertex 335.378 9.10097 68.254
      vertex 335.378 7.9507 36.5079
      vertex 335.378 8.20882 69.8413
    endloop
  endfacet
  facet normal -1 0 0
    outer loop
      vertex 335.378 7.04099 34.9206
      vertex 335.378 8.20882 69.8413
      vertex 335.378 7.9507 36.5079
    endloop
  endfacet
  facet normal -1 -0 0
    outer loop
      vertex 335.378 8.20882 69.8413
      vertex 335.378 7.04099 34.9206
      vertex 335.378 7.52478 71.4286
    endloop
  endfacet
  facet normal -1 0 0
    outer loop
      vertex 335.378 6.3792 33.3333
      vertex 335.378 7.52478 71.4286
      vertex 335.378 7.04099 34.9206
    endloop
  endfacet
  facet normal -1 -0 0
    outer loop
      vertex 335.378 7.52478 71.4286
      vertex 335.378 6.3792 33.3333
      vertex 335.378 7.07811 73.0159
    endloop
  endfacet
  facet normal -1 0 0
    outer loop
      vertex 335.378 5.99744 31.746
      vertex 335.378 7.07811 73.0159
      vertex 335.378 6.3792 33.3333
    endloop
  endfacet
  facet normal -1 0 0
    outer loop
      vertex 335.378 0 100
      vertex 335.378 17.4487 98.4127
      vertex 335.378 17.1919 96.8254
    endloop
  endfacet
  facet normal -1 0 0
    outer loop
      vertex 335.378 0 100
      vertex 335.378 17.1919 96.8254
      vertex 335.378 16.7828 95.2381
    endloop
  endfacet
  facet normal -1 0 0
    outer loop
      vertex 335.378 0 100
      vertex 335.378 16.7828 95.2381
      vertex 335.378 16.214 93.6508
    endloop
  endfacet
  facet normal -1 0 0
    outer loop
      vertex 335.378 0 100
      vertex 335.378 16.214 93.6508
      vertex 335.378 15.4903 92.0635
    endloop
  endfacet
  facet normal -1 0 0
    outer loop
      vertex 335.378 0 100
      vertex 335.378 15.4903 92.0635
      vertex 335.378 14.628 90.4762
    endloop
  endfacet
  facet normal -1 0 0
    outer loop
      vertex 335.378 0 100
      vertex 335.378 14.628 90.4762
      vertex 335.378 13.6538 88.8889
    endloop
  endfacet
  facet normal -1 0 0
    outer loop
      vertex 335.378 0 100
      vertex 335.378 13.6538 88.8889
      vertex 335.378 12.6034 87.3016
    endloop
  endfacet
  facet normal -1 0 0
    outer loop
      vertex 335.378 0 100
      vertex 335.378 12.6034 87.3016
      vertex 335.378 11.5193 85.7143
    endloop
  endfacet
  facet normal -1 0 0
    outer loop
      vertex 335.378 0 100
      vertex 335.378 11.5193 85.7143
      vertex 335.378 10.4487 84.127
    endloop
  endfacet
  facet normal -1 0 0
    outer loop
      vertex 335.378 0 100
      vertex 335.378 10.4487 84.127
      vertex 335.378 9.44118 82.5397
    endloop
  endfacet
  facet normal -1 0 0
    outer loop
      vertex 335.378 0 100
      vertex 335.378 9.44118 82.5397
      vertex 335.378 8.54533 80.9524
    endloop
  endfacet
  facet normal -1 0 0
    outer loop
      vertex 335.378 0 100
      vertex 335.378 7.07811 73.0159
      vertex 335.378 5.99744 31.746
    endloop
  endfacet
  facet normal -1 0 0
    outer loop
      vertex 335.378 0 0
      vertex 335.378 5.99744 31.746
      vertex 335.378 5.91249 30.1587
    endloop
  endfacet
  facet normal -1 -0 0
    outer loop
      vertex 335.378 5.99744 31.746
      vertex 335.378 0 0
      vertex 335.378 0 100
    endloop
  endfacet
  facet normal -1 0 0
    outer loop
      vertex 335.378 7.07811 73.0159
      vertex 335.378 0 100
      vertex 335.378 6.88553 74.6032
    endloop
  endfacet
  facet normal -1 0 0
    outer loop
      vertex 335.378 17.4487 98.4127
      vertex 335.378 0 100
      vertex 335.378 17.573 100
    endloop
  endfacet
  facet normal -1 0 0
    outer loop
      vertex 335.378 7.80669 79.3651
      vertex 335.378 0 100
      vertex 335.378 8.54533 80.9524
    endloop
  endfacet
  facet normal -1 0 0
    outer loop
      vertex 335.378 7.26476 77.7778
      vertex 335.378 0 100
      vertex 335.378 7.80669 79.3651
    endloop
  endfacet
  facet normal -1 0 0
    outer loop
      vertex 335.378 6.95074 76.1905
      vertex 335.378 0 100
      vertex 335.378 7.26476 77.7778
    endloop
  endfacet
  facet normal -1 0 0
    outer loop
      vertex 335.378 6.88553 74.6032
      vertex 335.378 0 100
      vertex 335.378 6.95074 76.1905
    endloop
  endfacet
  facet normal 1 -0 0
    outer loop
      vertex 341.289 0 100
      vertex 341.289 17.4487 98.4127
      vertex 341.289 17.573 100
    endloop
  endfacet
  facet normal 1 0 0
    outer loop
      vertex 341.289 17.4487 98.4127
      vertex 341.289 0 100
      vertex 341.289 17.1919 96.8254
    endloop
  endfacet
  facet normal 1 0 0
    outer loop
      vertex 341.289 17.1919 96.8254
      vertex 341.289 0 100
      vertex 341.289 16.7828 95.2381
    endloop
  endfacet
  facet normal 1 0 0
    outer loop
      vertex 341.289 16.7828 95.2381
      vertex 341.289 0 100
      vertex 341.289 16.214 93.6508
    endloop
  endfacet
  facet normal 1 0 0
    outer loop
      vertex 341.289 16.214 93.6508
      vertex 341.289 0 100
      vertex 341.289 15.4903 92.0635
    endloop
  endfacet
  facet normal 1 0 0
    outer loop
      vertex 341.289 15.4903 92.0635
      vertex 341.289 0 100
      vertex 341.289 14.628 90.4762
    endloop
  endfacet
  facet normal 1 0 0
    outer loop
      vertex 341.289 14.628 90.4762
      vertex 341.289 0 100
      vertex 341.289 13.6538 88.8889
    endloop
  endfacet
  facet normal 1 0 0
    outer loop
      vertex 341.289 13.6538 88.8889
      vertex 341.289 0 100
      vertex 341.289 12.6034 87.3016
    endloop
  endfacet
  facet normal 1 0 0
    outer loop
      vertex 341.289 12.6034 87.3016
      vertex 341.289 0 100
      vertex 341.289 11.5193 85.7143
    endloop
  endfacet
  facet normal 1 0 0
    outer loop
      vertex 341.289 11.5193 85.7143
      vertex 341.289 0 100
      vertex 341.289 10.4487 84.127
    endloop
  endfacet
  facet normal 1 0 0
    outer loop
      vertex 341.289 10.4487 84.127
      vertex 341.289 0 100
      vertex 341.289 9.44118 82.5397
    endloop
  endfacet
  facet normal 1 0 0
    outer loop
      vertex 341.289 7.07811 73.0159
      vertex 341.289 5.99744 31.746
      vertex 341.289 6.3792 33.3333
    endloop
  endfacet
  facet normal 1 0 0
    outer loop
      vertex 341.289 7.07811 73.0159
      vertex 341.289 0 100
      vertex 341.289 5.99744 31.746
    endloop
  endfacet
  facet normal 1 0 0
    outer loop
      vertex 341.289 0 0
      vertex 341.289 5.99744 31.746
      vertex 341.289 0 100
    endloop
  endfacet
  facet normal 1 0 0
    outer loop
      vertex 341.289 6.95074 76.1905
      vertex 341.289 0 100
      vertex 341.289 6.88553 74.6032
    endloop
  endfacet
  facet normal 1 0 0
    outer loop
      vertex 341.289 7.26476 77.7778
      vertex 341.289 0 100
      vertex 341.289 6.95074 76.1905
    endloop
  endfacet
  facet normal 1 0 0
    outer loop
      vertex 341.289 7.80669 79.3651
      vertex 341.289 0 100
      vertex 341.289 7.26476 77.7778
    endloop
  endfacet
  facet normal 1 0 0
    outer loop
      vertex 341.289 8.54533 80.9524
      vertex 341.289 0 100
      vertex 341.289 7.80669 79.3651
    endloop
  endfacet
  facet normal 1 0 0
    outer loop
      vertex 341.289 9.44118 82.5397
      vertex 341.289 0 100
      vertex 341.289 8.54533 80.9524
    endloop
  endfacet
  facet normal 1 0 0
    outer loop
      vertex 341.289 17.8854 53.9682
      vertex 341.289 17.7532 50.7936
      vertex 341.289 17.9669 52.381
    endloop
  endfacet
  facet normal 1 0 0
    outer loop
      vertex 341.289 17.5166 55.5555
      vertex 341.289 17.7532 50.7936
      vertex 341.289 17.8854 53.9682
    endloop
  endfacet
  facet normal 1 0 0
    outer loop
      vertex 341.289 17.5166 55.5555
      vertex 341.289 17.2514 49.2063
      vertex 341.289 17.7532 50.7936
    endloop
  endfacet
  facet normal 1 0 0
    outer loop
      vertex 341.289 16.8832 57.1429
      vertex 341.289 17.2514 49.2063
      vertex 341.289 17.5166 55.5555
    endloop
  endfacet
  facet normal 1 0 0
    outer loop
      vertex 341.289 16.8832 57.1429
      vertex 341.289 16.4839 47.619
      vertex 341.289 17.2514 49.2063
    endloop
  endfacet
  facet normal 1 0 0
    outer loop
      vertex 341.289 16.0213 58.7301
      vertex 341.289 16.4839 47.619
      vertex 341.289 16.8832 57.1429
    endloop
  endfacet
  facet normal 1 0 0
    outer loop
      vertex 341.289 16.0213 58.7301
      vertex 341.289 15.4875 46.0317
      vertex 341.289 16.4839 47.619
    endloop
  endfacet
  facet normal 1 0 0
    outer loop
      vertex 341.289 14.9778 60.3175
      vertex 341.289 15.4875 46.0317
      vertex 341.289 16.0213 58.7301
    endloop
  endfacet
  facet normal 1 0 0
    outer loop
      vertex 341.289 14.9778 60.3175
      vertex 341.289 14.3112 44.4444
      vertex 341.289 15.4875 46.0317
    endloop
  endfacet
  facet normal 1 0 0
    outer loop
      vertex 341.289 13.8084 61.9048
      vertex 341.289 14.3112 44.4444
      vertex 341.289 14.9778 60.3175
    endloop
  endfacet
  facet normal 1 0 0
    outer loop
      vertex 341.289 13.8084 61.9048
      vertex 341.289 13.0137 42.8571
      vertex 341.289 14.3112 44.4444
    endloop
  endfacet
  facet normal 1 0 0
    outer loop
      vertex 341.289 12.5739 63.4921
      vertex 341.289 13.0137 42.8571
      vertex 341.289 13.8084 61.9048
    endloop
  endfacet
  facet normal 1 0 0
    outer loop
      vertex 341.289 12.5739 63.4921
      vertex 341.289 11.6606 41.2698
      vertex 341.289 13.0137 42.8571
    endloop
  endfacet
  facet normal 1 0 0
    outer loop
      vertex 341.289 11.3373 65.0794
      vertex 341.289 11.6606 41.2698
      vertex 341.289 12.5739 63.4921
    endloop
  endfacet
  facet normal 1 0 0
    outer loop
      vertex 341.289 11.3373 65.0794
      vertex 341.289 10.3208 39.6825
      vertex 341.289 11.6606 41.2698
    endloop
  endfacet
  facet normal 1 0 0
    outer loop
      vertex 341.289 10.1606 66.6667
      vertex 341.289 10.3208 39.6825
      vertex 341.289 11.3373 65.0794
    endloop
  endfacet
  facet normal 1 0 0
    outer loop
      vertex 341.289 9.06281 38.0952
      vertex 341.289 10.1606 66.6667
      vertex 341.289 9.10097 68.254
    endloop
  endfacet
  facet normal 1 0 0
    outer loop
      vertex 341.289 10.1606 66.6667
      vertex 341.289 9.06281 38.0952
      vertex 341.289 10.3208 39.6825
    endloop
  endfacet
  facet normal 1 0 0
    outer loop
      vertex 341.289 7.9507 36.5079
      vertex 341.289 9.10097 68.254
      vertex 341.289 8.20882 69.8413
    endloop
  endfacet
  facet normal 1 0 0
    outer loop
      vertex 341.289 9.10097 68.254
      vertex 341.289 7.9507 36.5079
      vertex 341.289 9.06281 38.0952
    endloop
  endfacet
  facet normal 1 0 0
    outer loop
      vertex 341.289 7.04099 34.9206
      vertex 341.289 8.20882 69.8413
      vertex 341.289 7.52478 71.4286
    endloop
  endfacet
  facet normal 1 0 0
    outer loop
      vertex 341.289 6.3792 33.3333
      vertex 341.289 7.52478 71.4286
      vertex 341.289 7.07811 73.0159
    endloop
  endfacet
  facet normal 1 0 0
    outer loop
      vertex 341.289 8.20882 69.8413
      vertex 341.289 7.04099 34.9206
      vertex 341.289 7.9507 36.5079
    endloop
  endfacet
  facet normal 1 0 0
    outer loop
      vertex 341.289 0 100
      vertex 341.289 7.07811 73.0159
      vertex 341.289 6.88553 74.6032
    endloop
  endfacet
  facet normal 1 0 0
    outer loop
      vertex 341.289 7.52478 71.4286
      vertex 341.289 6.3792 33.3333
      vertex 341.289 7.04099 34.9206
    endloop
  endfacet
  facet normal 1 0 0
    outer loop
      vertex 341.289 15.6175 11.1111
      vertex 341.289 15.329 7.93649
      vertex 341.289 15.6253 9.5238
    endloop
  endfacet
  facet normal 1 0 0
    outer loop
      vertex 341.289 15.3116 12.6984
      vertex 341.289 15.329 7.93649
      vertex 341.289 15.6175 11.1111
    endloop
  endfacet
  facet normal 1 0 0
    outer loop
      vertex 341.289 15.3116 12.6984
      vertex 341.289 14.7391 6.3492
      vertex 341.289 15.329 7.93649
    endloop
  endfacet
  facet normal 1 0 0
    outer loop
      vertex 341.289 14.7304 14.2857
      vertex 341.289 14.7391 6.3492
      vertex 341.289 15.3116 12.6984
    endloop
  endfacet
  facet normal 1 0 0
    outer loop
      vertex 341.289 13.8825 4.7619
      vertex 341.289 14.7304 14.2857
      vertex 341.289 13.9115 15.873
    endloop
  endfacet
  facet normal 1 0 0
    outer loop
      vertex 341.289 14.7304 14.2857
      vertex 341.289 13.8825 4.7619
      vertex 341.289 14.7391 6.3492
    endloop
  endfacet
  facet normal 1 0 0
    outer loop
      vertex 341.289 0 0
      vertex 341.289 13.9115 15.873
      vertex 341.289 12.9056 17.4603
    endloop
  endfacet
  facet normal 1 0 0
    outer loop
      vertex 341.289 13.9115 15.873
      vertex 341.289 0 0
      vertex 341.289 13.8825 4.7619
    endloop
  endfacet
  facet normal 1 0 0
    outer loop
      vertex 341.289 0 0
      vertex 341.289 12.9056 17.4603
      vertex 341.289 11.7737 19.0476
    endloop
  endfacet
  facet normal 1 0 0
    outer loop
      vertex 341.289 13.8825 4.7619
      vertex 341.289 0 0
      vertex 341.289 12.8007 3.17459
    endloop
  endfacet
  facet normal 1 0 0
    outer loop
      vertex 341.289 0 0
      vertex 341.289 11.7737 19.0476
      vertex 341.289 10.5833 20.6349
    endloop
  endfacet
  facet normal 1 0 0
    outer loop
      vertex 341.289 12.8007 3.17459
      vertex 341.289 0 0
      vertex 341.289 11.5478 1.5873
    endloop
  endfacet
  facet normal 1 0 0
    outer loop
      vertex 341.289 0 0
      vertex 341.289 10.5833 20.6349
      vertex 341.289 9.40549 22.2222
    endloop
  endfacet
  facet normal 1 0 0
    outer loop
      vertex 341.289 0 0
      vertex 341.289 9.40549 22.2222
      vertex 341.289 8.31 23.8095
    endloop
  endfacet
  facet normal 1 0 0
    outer loop
      vertex 341.289 0 0
      vertex 341.289 8.31 23.8095
      vertex 341.289 7.36206 25.3968
    endloop
  endfacet
  facet normal 1 0 0
    outer loop
      vertex 341.289 0 0
      vertex 341.289 7.36206 25.3968
      vertex 341.289 6.61853 26.9841
    endloop
  endfacet
  facet normal 1 0 0
    outer loop
      vertex 341.289 0 0
      vertex 341.289 6.61853 26.9841
      vertex 341.289 6.12483 28.5714
    endloop
  endfacet
  facet normal 1 0 0
    outer loop
      vertex 341.289 11.5478 1.5873
      vertex 341.289 0 0
      vertex 341.289 10.1876 0
    endloop
  endfacet
  facet normal 1 0 0
    outer loop
      vertex 341.289 5.91249 30.1587
      vertex 341.289 0 0
      vertex 341.289 6.12483 28.5714
    endloop
  endfacet
  facet normal 1 0 0
    outer loop
      vertex 341.289 5.99744 31.746
      vertex 341.289 0 0
      vertex 341.289 5.91249 30.1587
    endloop
  endfacet
  facet normal 0 0.784937 -0.619576
    outer loop
      vertex 341.289 11.5478 1.5873
      vertex 335.378 12.8007 3.17459
      vertex 341.289 12.8007 3.17459
    endloop
  endfacet
  facet normal 0 0.784937 -0.619576
    outer loop
      vertex 335.378 12.8007 3.17459
      vertex 341.289 11.5478 1.5873
      vertex 335.378 11.5478 1.5873
    endloop
  endfacet
  facet normal 0 0.826338 -0.563174
    outer loop
      vertex 341.289 12.8007 3.17459
      vertex 335.378 13.8825 4.7619
      vertex 341.289 13.8825 4.7619
    endloop
  endfacet
  facet normal 0 0.826338 -0.563174
    outer loop
      vertex 335.378 13.8825 4.7619
      vertex 341.289 12.8007 3.17459
      vertex 335.378 12.8007 3.17459
    endloop
  endfacet
  facet normal 0 0.880031 -0.474916
    outer loop
      vertex 341.289 13.8825 4.7619
      vertex 335.378 14.7391 6.3492
      vertex 341.289 14.7391 6.3492
    endloop
  endfacet
  facet normal 0 0.880031 -0.474916
    outer loop
      vertex 335.378 14.7391 6.3492
      vertex 341.289 13.8825 4.7619
      vertex 335.378 13.8825 4.7619
    endloop
  endfacet
  facet normal 0 0.937361 -0.34836
    outer loop
      vertex 341.289 14.7391 6.3492
      vertex 335.378 15.329 7.93649
      vertex 341.289 15.329 7.93649
    endloop
  endfacet
  facet normal 0 0.937361 -0.34836
    outer loop
      vertex 335.378 15.329 7.93649
      vertex 341.289 14.7391 6.3492
      vertex 335.378 14.7391 6.3492
    endloop
  endfacet
  facet normal 0 0.98302 -0.183498
    outer loop
      vertex 341.289 15.329 7.93649
      vertex 335.378 15.6253 9.5238
      vertex 341.289 15.6253 9.5238
    endloop
  endfacet
  facet normal 0 0.98302 -0.183498
    outer loop
      vertex 335.378 15.6253 9.5238
      vertex 341.289 15.329 7.93649
      vertex 335.378 15.329 7.93649
    endloop
  endfacet
  facet normal 0 0.999988 0.00491395
    outer loop
      vertex 341.289 15.6253 9.5238
      vertex 335.378 15.6175 11.1111
      vertex 341.289 15.6175 11.1111
    endloop
  endfacet
  facet normal 0 0.999988 0.00491395
    outer loop
      vertex 335.378 15.6175 11.1111
      vertex 341.289 15.6253 9.5238
      vertex 335.378 15.6253 9.5238
    endloop
  endfacet
  facet normal 0 0.981932 0.189235
    outer loop
      vertex 341.289 15.6175 11.1111
      vertex 335.378 15.3116 12.6984
      vertex 341.289 15.3116 12.6984
    endloop
  endfacet
  facet normal 0 0.981932 0.189235
    outer loop
      vertex 335.378 15.3116 12.6984
      vertex 341.289 15.6175 11.1111
      vertex 335.378 15.6175 11.1111
    endloop
  endfacet
  facet normal 0 0.939031 0.343832
    outer loop
      vertex 341.289 15.3116 12.6984
      vertex 335.378 14.7304 14.2857
      vertex 341.289 14.7304 14.2857
    endloop
  endfacet
  facet normal 0 0.939031 0.343832
    outer loop
      vertex 335.378 14.7304 14.2857
      vertex 341.289 15.3116 12.6984
      vertex 335.378 15.3116 12.6984
    endloop
  endfacet
  facet normal 0 0.888701 0.458487
    outer loop
      vertex 341.289 14.7304 14.2857
      vertex 335.378 13.9115 15.873
      vertex 341.289 13.9115 15.873
    endloop
  endfacet
  facet normal 0 0.888701 0.458487
    outer loop
      vertex 335.378 13.9115 15.873
      vertex 341.289 14.7304 14.2857
      vertex 335.378 14.7304 14.2857
    endloop
  endfacet
  facet normal 0 0.844672 0.535284
    outer loop
      vertex 341.289 13.9115 15.873
      vertex 335.378 12.9056 17.4603
      vertex 341.289 12.9056 17.4603
    endloop
  endfacet
  facet normal 0 0.844672 0.535284
    outer loop
      vertex 335.378 12.9056 17.4603
      vertex 341.289 13.9115 15.873
      vertex 335.378 13.9115 15.873
    endloop
  endfacet
  facet normal 0 0.814191 0.580598
    outer loop
      vertex 341.289 12.9056 17.4603
      vertex 335.378 11.7737 19.0476
      vertex 341.289 11.7737 19.0476
    endloop
  endfacet
  facet normal 0 0.814191 0.580598
    outer loop
      vertex 335.378 11.7737 19.0476
      vertex 341.289 12.9056 17.4603
      vertex 335.378 12.9056 17.4603
    endloop
  endfacet
  facet normal 0 0.800018 0.599976
    outer loop
      vertex 341.289 11.7737 19.0476
      vertex 335.378 10.5833 20.6349
      vertex 341.289 10.5833 20.6349
    endloop
  endfacet
  facet normal 0 0.800018 0.599976
    outer loop
      vertex 335.378 10.5833 20.6349
      vertex 341.289 11.7737 19.0476
      vertex 335.378 11.7737 19.0476
    endloop
  endfacet
  facet normal 0 0.803065 0.595891
    outer loop
      vertex 341.289 10.5833 20.6349
      vertex 335.378 9.40549 22.2222
      vertex 341.289 9.40549 22.2222
    endloop
  endfacet
  facet normal 0 0.803065 0.595891
    outer loop
      vertex 335.378 9.40549 22.2222
      vertex 341.289 10.5833 20.6349
      vertex 335.378 10.5833 20.6349
    endloop
  endfacet
  facet normal 0 0.823019 0.568014
    outer loop
      vertex 341.289 9.40549 22.2222
      vertex 335.378 8.31 23.8095
      vertex 341.289 8.31 23.8095
    endloop
  endfacet
  facet normal 0 0.823019 0.568014
    outer loop
      vertex 335.378 8.31 23.8095
      vertex 341.289 9.40549 22.2222
      vertex 335.378 9.40549 22.2222
    endloop
  endfacet
  facet normal 0 0.858551 0.512729
    outer loop
      vertex 341.289 8.31 23.8095
      vertex 335.378 7.36206 25.3968
      vertex 341.289 7.36206 25.3968
    endloop
  endfacet
  facet normal 0 0.858551 0.512729
    outer loop
      vertex 335.378 7.36206 25.3968
      vertex 341.289 8.31 23.8095
      vertex 335.378 8.31 23.8095
    endloop
  endfacet
  facet normal 0 0.905572 0.424192
    outer loop
      vertex 341.289 7.36206 25.3968
      vertex 335.378 6.61853 26.9841
      vertex 341.289 6.61853 26.9841
    endloop
  endfacet
  facet normal 0 0.905572 0.424192
    outer loop
      vertex 335.378 6.61853 26.9841
      vertex 341.289 7.36206 25.3968
      vertex 335.378 7.36206 25.3968
    endloop
  endfacet
  facet normal 0 0.954878 0.296997
    outer loop
      vertex 341.289 6.61853 26.9841
      vertex 335.378 6.12483 28.5714
      vertex 341.289 6.12483 28.5714
    endloop
  endfacet
  facet normal 0 0.954878 0.296997
    outer loop
      vertex 335.378 6.12483 28.5714
      vertex 341.289 6.61853 26.9841
      vertex 335.378 6.61853 26.9841
    endloop
  endfacet
  facet normal 0 0.991171 0.132593
    outer loop
      vertex 341.289 6.12483 28.5714
      vertex 335.378 5.91249 30.1587
      vertex 341.289 5.91249 30.1587
    endloop
  endfacet
  facet normal 0 0.991171 0.132593
    outer loop
      vertex 335.378 5.91249 30.1587
      vertex 341.289 6.12483 28.5714
      vertex 335.378 6.12483 28.5714
    endloop
  endfacet
  facet normal 0 0.998571 -0.0534421
    outer loop
      vertex 341.289 5.91249 30.1587
      vertex 335.378 5.99744 31.746
      vertex 341.289 5.99744 31.746
    endloop
  endfacet
  facet normal 0 0.998571 -0.0534421
    outer loop
      vertex 335.378 5.99744 31.746
      vertex 341.289 5.91249 30.1587
      vertex 335.378 5.91249 30.1587
    endloop
  endfacet
  facet normal 0 0.972275 -0.233841
    outer loop
      vertex 341.289 5.99744 31.746
      vertex 335.378 6.3792 33.3333
      vertex 341.289 6.3792 33.3333
    endloop
  endfacet
  facet normal 0 0.972275 -0.233841
    outer loop
      vertex 335.378 6.3792 33.3333
      vertex 341.289 5.99744 31.746
      vertex 335.378 5.99744 31.746
    endloop
  endfacet
  facet normal 0 0.922991 -0.384821
    outer loop
      vertex 341.289 6.3792 33.3333
      vertex 335.378 7.04099 34.9206
      vertex 341.289 7.04099 34.9206
    endloop
  endfacet
  facet normal 0 0.922991 -0.384821
    outer loop
      vertex 335.378 7.04099 34.9206
      vertex 341.289 6.3792 33.3333
      vertex 335.378 6.3792 33.3333
    endloop
  endfacet
  facet normal 0 0.867611 -0.497243
    outer loop
      vertex 341.289 7.04099 34.9206
      vertex 335.378 7.9507 36.5079
      vertex 341.289 7.9507 36.5079
    endloop
  endfacet
  facet normal 0 0.867611 -0.497243
    outer loop
      vertex 335.378 7.9507 36.5079
      vertex 341.289 7.04099 34.9206
      vertex 335.378 7.04099 34.9206
    endloop
  endfacet
  facet normal 0 0.818989 -0.573809
    outer loop
      vertex 341.289 7.9507 36.5079
      vertex 335.378 9.06281 38.0952
      vertex 341.289 9.06281 38.0952
    endloop
  endfacet
  facet normal 0 0.818989 -0.573809
    outer loop
      vertex 335.378 9.06281 38.0952
      vertex 341.289 7.9507 36.5079
      vertex 335.378 7.9507 36.5079
    endloop
  endfacet
  facet normal 0 0.783715 -0.621121
    outer loop
      vertex 341.289 9.06281 38.0952
      vertex 335.378 10.3208 39.6825
      vertex 341.289 10.3208 39.6825
    endloop
  endfacet
  facet normal 0 0.783715 -0.621121
    outer loop
      vertex 335.378 10.3208 39.6825
      vertex 341.289 9.06281 38.0952
      vertex 335.378 9.06281 38.0952
    endloop
  endfacet
  facet normal 0 0.764169 -0.645016
    outer loop
      vertex 341.289 10.3208 39.6825
      vertex 335.378 11.6606 41.2698
      vertex 341.289 11.6606 41.2698
    endloop
  endfacet
  facet normal 0 0.764169 -0.645016
    outer loop
      vertex 335.378 11.6606 41.2698
      vertex 341.289 10.3208 39.6825
      vertex 335.378 10.3208 39.6825
    endloop
  endfacet
  facet normal 0 0.761017 -0.648732
    outer loop
      vertex 341.289 11.6606 41.2698
      vertex 335.378 13.0137 42.8571
      vertex 341.289 13.0137 42.8571
    endloop
  endfacet
  facet normal 0 0.761017 -0.648732
    outer loop
      vertex 335.378 13.0137 42.8571
      vertex 341.289 11.6606 41.2698
      vertex 335.378 11.6606 41.2698
    endloop
  endfacet
  facet normal 0 0.774244 -0.632887
    outer loop
      vertex 341.289 13.0137 42.8571
      vertex 335.378 14.3112 44.4444
      vertex 341.289 14.3112 44.4444
    endloop
  endfacet
  facet normal 0 0.774244 -0.632887
    outer loop
      vertex 335.378 14.3112 44.4444
      vertex 341.289 13.0137 42.8571
      vertex 335.378 13.0137 42.8571
    endloop
  endfacet
  facet normal 0 0.803431 -0.595398
    outer loop
      vertex 341.289 14.3112 44.4444
      vertex 335.378 15.4875 46.0317
      vertex 341.289 15.4875 46.0317
    endloop
  endfacet
  facet normal 0 0.803431 -0.595398
    outer loop
      vertex 335.378 15.4875 46.0317
      vertex 341.289 14.3112 44.4444
      vertex 335.378 14.3112 44.4444
    endloop
  endfacet
  facet normal 0 0.846956 -0.531662
    outer loop
      vertex 341.289 15.4875 46.0317
      vertex 335.378 16.4839 47.619
      vertex 341.289 16.4839 47.619
    endloop
  endfacet
  facet normal 0 0.846956 -0.531662
    outer loop
      vertex 335.378 16.4839 47.619
      vertex 341.289 15.4875 46.0317
      vertex 335.378 15.4875 46.0317
    endloop
  endfacet
  facet normal 0 0.900281 -0.435309
    outer loop
      vertex 341.289 16.4839 47.619
      vertex 335.378 17.2514 49.2063
      vertex 341.289 17.2514 49.2063
    endloop
  endfacet
  facet normal 0 0.900281 -0.435309
    outer loop
      vertex 335.378 17.2514 49.2063
      vertex 341.289 16.4839 47.619
      vertex 335.378 16.4839 47.619
    endloop
  endfacet
  facet normal 0 0.953488 -0.30143
    outer loop
      vertex 341.289 17.2514 49.2063
      vertex 335.378 17.7532 50.7936
      vertex 341.289 17.7532 50.7936
    endloop
  endfacet
  facet normal 0 0.953488 -0.30143
    outer loop
      vertex 335.378 17.7532 50.7936
      vertex 341.289 17.2514 49.2063
      vertex 335.378 17.2514 49.2063
    endloop
  endfacet
  facet normal 0 0.99106 -0.133419
    outer loop
      vertex 341.289 17.7532 50.7936
      vertex 335.378 17.9669 52.381
      vertex 341.289 17.9669 52.381
    endloop
  endfacet
  facet normal 0 0.99106 -0.133419
    outer loop
      vertex 335.378 17.9669 52.381
      vertex 341.289 17.7532 50.7936
      vertex 335.378 17.7532 50.7936
    endloop
  endfacet
  facet normal 0 0.998684 0.0512807
    outer loop
      vertex 341.289 17.9669 52.381
      vertex 335.378 17.8854 53.9682
      vertex 341.289 17.8854 53.9682
    endloop
  endfacet
  facet normal 0 0.998684 0.0512807
    outer loop
      vertex 335.378 17.8854 53.9682
      vertex 341.289 17.9669 52.381
      vertex 335.378 17.9669 52.381
    endloop
  endfacet
  facet normal 0 0.974054 0.226316
    outer loop
      vertex 341.289 17.8854 53.9682
      vertex 335.378 17.5166 55.5555
      vertex 341.289 17.5166 55.5555
    endloop
  endfacet
  facet normal 0 0.974054 0.226316
    outer loop
      vertex 335.378 17.5166 55.5555
      vertex 341.289 17.8854 53.9682
      vertex 335.378 17.8854 53.9682
    endloop
  endfacet
  facet normal 0 0.928791 0.370604
    outer loop
      vertex 341.289 17.5166 55.5555
      vertex 335.378 16.8832 57.1429
      vertex 341.289 16.8832 57.1429
    endloop
  endfacet
  facet normal 0 0.928791 0.370604
    outer loop
      vertex 335.378 16.8832 57.1429
      vertex 341.289 17.5166 55.5555
      vertex 335.378 17.5166 55.5555
    endloop
  endfacet
  facet normal 0 0.878789 0.47721
    outer loop
      vertex 341.289 16.8832 57.1429
      vertex 335.378 16.0213 58.7301
      vertex 341.289 16.0213 58.7301
    endloop
  endfacet
  facet normal 0 0.878789 0.47721
    outer loop
      vertex 335.378 16.0213 58.7301
      vertex 341.289 16.8832 57.1429
      vertex 335.378 16.8832 57.1429
    endloop
  endfacet
  facet normal 0 0.835621 0.549307
    outer loop
      vertex 341.289 16.0213 58.7301
      vertex 335.378 14.9778 60.3175
      vertex 341.289 14.9778 60.3175
    endloop
  endfacet
  facet normal 0 0.835621 0.549307
    outer loop
      vertex 335.378 14.9778 60.3175
      vertex 341.289 16.0213 58.7301
      vertex 335.378 16.0213 58.7301
    endloop
  endfacet
  facet normal 0 0.805102 0.593137
    outer loop
      vertex 341.289 14.9778 60.3175
      vertex 335.378 13.8084 61.9048
      vertex 341.289 13.8084 61.9048
    endloop
  endfacet
  facet normal 0 0.805102 0.593137
    outer loop
      vertex 335.378 13.8084 61.9048
      vertex 341.289 14.9778 60.3175
      vertex 335.378 14.9778 60.3175
    endloop
  endfacet
  facet normal 0 0.789368 0.61392
    outer loop
      vertex 341.289 13.8084 61.9048
      vertex 335.378 12.5739 63.4921
      vertex 341.289 12.5739 63.4921
    endloop
  endfacet
  facet normal 0 0.789368 0.61392
    outer loop
      vertex 335.378 12.5739 63.4921
      vertex 341.289 13.8084 61.9048
      vertex 335.378 13.8084 61.9048
    endloop
  endfacet
  facet normal 0 0.788862 0.61457
    outer loop
      vertex 341.289 12.5739 63.4921
      vertex 335.378 11.3373 65.0794
      vertex 341.289 11.3373 65.0794
    endloop
  endfacet
  facet normal 0 0.788862 0.61457
    outer loop
      vertex 335.378 11.3373 65.0794
      vertex 341.289 12.5739 63.4921
      vertex 335.378 12.5739 63.4921
    endloop
  endfacet
  facet normal 0 0.803334 0.595529
    outer loop
      vertex 341.289 11.3373 65.0794
      vertex 335.378 10.1606 66.6667
      vertex 341.289 10.1606 66.6667
    endloop
  endfacet
  facet normal 0 0.803334 0.595529
    outer loop
      vertex 335.378 10.1606 66.6667
      vertex 341.289 11.3373 65.0794
      vertex 335.378 11.3373 65.0794
    endloop
  endfacet
  facet normal 0 0.831704 0.555219
    outer loop
      vertex 341.289 10.1606 66.6667
      vertex 335.378 9.10097 68.254
      vertex 341.289 9.10097 68.254
    endloop
  endfacet
  facet normal 0 0.831704 0.555219
    outer loop
      vertex 335.378 9.10097 68.254
      vertex 341.289 10.1606 66.6667
      vertex 335.378 10.1606 66.6667
    endloop
  endfacet
  facet normal 0 0.871741 0.489967
    outer loop
      vertex 341.289 9.10097 68.254
      vertex 335.378 8.20882 69.8413
      vertex 341.289 8.20882 69.8413
    endloop
  endfacet
  facet normal 0 0.871741 0.489967
    outer loop
      vertex 335.378 8.20882 69.8413
      vertex 341.289 9.10097 68.254
      vertex 335.378 9.10097 68.254
    endloop
  endfacet
  facet normal 0 0.918354 0.395761
    outer loop
      vertex 341.289 8.20882 69.8413
      vertex 335.378 7.52478 71.4286
      vertex 341.289 7.52478 71.4286
    endloop
  endfacet
  facet normal 0 0.918354 0.395761
    outer loop
      vertex 335.378 7.52478 71.4286
      vertex 341.289 8.20882 69.8413
      vertex 335.378 8.20882 69.8413
    endloop
  endfacet
  facet normal 0 0.962613 0.270882
    outer loop
      vertex 341.289 7.52478 71.4286
      vertex 335.378 7.07811 73.0159
      vertex 341.289 7.07811 73.0159
    endloop
  endfacet
  facet normal 0 0.962613 0.270882
    outer loop
      vertex 335.378 7.07811 73.0159
      vertex 341.289 7.52478 71.4286
      vertex 335.378 7.52478 71.4286
    endloop
  endfacet
  facet normal 0 0.99272 0.120442
    outer loop
      vertex 341.289 7.07811 73.0159
      vertex 335.378 6.88553 74.6032
      vertex 341.289 6.88553 74.6032
    endloop
  endfacet
  facet normal 0 0.99272 0.120442
    outer loop
      vertex 335.378 6.88553 74.6032
      vertex 341.289 7.07811 73.0159
      vertex 335.378 7.07811 73.0159
    endloop
  endfacet
  facet normal 0 0.999157 -0.0410477
    outer loop
      vertex 341.289 6.88553 74.6032
      vertex 335.378 6.95074 76.1905
      vertex 341.289 6.95074 76.1905
    endloop
  endfacet
  facet normal 0 0.999157 -0.0410477
    outer loop
      vertex 335.378 6.95074 76.1905
      vertex 341.289 6.88553 74.6032
      vertex 335.378 6.88553 74.6032
    endloop
  endfacet
  facet normal 0 0.980987 -0.194071
    outer loop
      vertex 341.289 6.95074 76.1905
      vertex 335.378 7.26476 77.7778
      vertex 341.289 7.26476 77.7778
    endloop
  endfacet
  facet normal 0 0.980987 -0.194071
    outer loop
      vertex 335.378 7.26476 77.7778
      vertex 341.289 6.95074 76.1905
      vertex 335.378 6.95074 76.1905
    endloop
  endfacet
  facet normal 0 0.946364 -0.323104
    outer loop
      vertex 341.289 7.26476 77.7778
      vertex 335.378 7.80669 79.3651
      vertex 341.289 7.80669 79.3651
    endloop
  endfacet
  facet normal 0 0.946364 -0.323104
    outer loop
      vertex 335.378 7.80669 79.3651
      vertex 341.289 7.26476 77.7778
      vertex 335.378 7.26476 77.7778
    endloop
  endfacet
  facet normal 0 0.906642 -0.4219
    outer loop
      vertex 341.289 7.80669 79.3651
      vertex 335.378 8.54533 80.9524
      vertex 341.289 8.54533 80.9524
    endloop
  endfacet
  facet normal 0 0.906642 -0.4219
    outer loop
      vertex 335.378 8.54533 80.9524
      vertex 341.289 7.80669 79.3651
      vertex 335.378 7.80669 79.3651
    endloop
  endfacet
  facet normal 0 0.870873 -0.491508
    outer loop
      vertex 341.289 8.54533 80.9524
      vertex 335.378 9.44118 82.5397
      vertex 341.289 9.44118 82.5397
    endloop
  endfacet
  facet normal 0 0.870873 -0.491508
    outer loop
      vertex 335.378 9.44118 82.5397
      vertex 341.289 8.54533 80.9524
      vertex 335.378 8.54533 80.9524
    endloop
  endfacet
  facet normal 0 0.844282 -0.535898
    outer loop
      vertex 341.289 9.44118 82.5397
      vertex 335.378 10.4487 84.127
      vertex 341.289 10.4487 84.127
    endloop
  endfacet
  facet normal 0 0.844282 -0.535898
    outer loop
      vertex 335.378 10.4487 84.127
      vertex 341.289 9.44118 82.5397
      vertex 335.378 9.44118 82.5397
    endloop
  endfacet
  facet normal 0 0.829049 -0.559176
    outer loop
      vertex 341.289 10.4487 84.127
      vertex 335.378 11.5193 85.7143
      vertex 341.289 11.5193 85.7143
    endloop
  endfacet
  facet normal 0 0.829049 -0.559176
    outer loop
      vertex 335.378 11.5193 85.7143
      vertex 341.289 10.4487 84.127
      vertex 335.378 10.4487 84.127
    endloop
  endfacet
  facet normal 0 0.825779 -0.563994
    outer loop
      vertex 341.289 11.5193 85.7143
      vertex 335.378 12.6034 87.3016
      vertex 341.289 12.6034 87.3016
    endloop
  endfacet
  facet normal 0 0.825779 -0.563994
    outer loop
      vertex 335.378 12.6034 87.3016
      vertex 341.289 11.5193 85.7143
      vertex 335.378 11.5193 85.7143
    endloop
  endfacet
  facet normal 0 0.833937 -0.55186
    outer loop
      vertex 341.289 12.6034 87.3016
      vertex 335.378 13.6538 88.8889
      vertex 341.289 13.6538 88.8889
    endloop
  endfacet
  facet normal 0 0.833937 -0.55186
    outer loop
      vertex 335.378 13.6538 88.8889
      vertex 341.289 12.6034 87.3016
      vertex 335.378 12.6034 87.3016
    endloop
  endfacet
  facet normal 0 0.852281 -0.523084
    outer loop
      vertex 341.289 13.6538 88.8889
      vertex 335.378 14.628 90.4762
      vertex 341.289 14.628 90.4762
    endloop
  endfacet
  facet normal 0 0.852281 -0.523084
    outer loop
      vertex 335.378 14.628 90.4762
      vertex 341.289 13.6538 88.8889
      vertex 335.378 13.6538 88.8889
    endloop
  endfacet
  facet normal 0 0.878709 -0.477358
    outer loop
      vertex 341.289 14.628 90.4762
      vertex 335.378 15.4903 92.0635
      vertex 341.289 15.4903 92.0635
    endloop
  endfacet
  facet normal 0 0.878709 -0.477358
    outer loop
      vertex 335.378 15.4903 92.0635
      vertex 341.289 14.628 90.4762
      vertex 335.378 14.628 90.4762
    endloop
  endfacet
  facet normal 0 0.909891 -0.414848
    outer loop
      vertex 341.289 15.4903 92.0635
      vertex 335.378 16.214 93.6508
      vertex 341.289 16.214 93.6508
    endloop
  endfacet
  facet normal 0 0.909891 -0.414848
    outer loop
      vertex 335.378 16.214 93.6508
      vertex 341.289 15.4903 92.0635
      vertex 335.378 15.4903 92.0635
    endloop
  endfacet
  facet normal 0 0.941383 -0.337339
    outer loop
      vertex 341.289 16.214 93.6508
      vertex 335.378 16.7828 95.2381
      vertex 341.289 16.7828 95.2381
    endloop
  endfacet
  facet normal 0 0.941383 -0.337339
    outer loop
      vertex 335.378 16.7828 95.2381
      vertex 341.289 16.214 93.6508
      vertex 335.378 16.214 93.6508
    endloop
  endfacet
  facet normal 0 0.968355 -0.249577
    outer loop
      vertex 341.289 16.7828 95.2381
      vertex 335.378 17.1919 96.8254
      vertex 341.289 17.1919 96.8254
    endloop
  endfacet
  facet normal 0 0.968355 -0.249577
    outer loop
      vertex 335.378 17.1919 96.8254
      vertex 341.289 16.7828 95.2381
      vertex 335.378 16.7828 95.2381
    endloop
  endfacet
  facet normal 0 0.987164 -0.159708
    outer loop
      vertex 341.289 17.1919 96.8254
      vertex 335.378 17.4487 98.4127
      vertex 341.289 17.4487 98.4127
    endloop
  endfacet
  facet normal 0 0.987164 -0.159708
    outer loop
      vertex 335.378 17.4487 98.4127
      vertex 341.289 17.1919 96.8254
      vertex 335.378 17.1919 96.8254
    endloop
  endfacet
  facet normal 0 0.996948 -0.0780701
    outer loop
      vertex 341.289 17.4487 98.4127
      vertex 335.378 17.573 100
      vertex 341.289 17.573 100
    endloop
  endfacet
  facet normal 0 0.996948 -0.0780701
    outer loop
      vertex 335.378 17.573 100
      vertex 341.289 17.4487 98.4127
      vertex 335.378 17.4487 98.4127
    endloop
  endfacet
  facet normal 0 0.759338 -0.650697
    outer loop
      vertex 341.289 10.1876 0
      vertex 335.378 11.5478 1.5873
      vertex 341.289 11.5478 1.5873
    endloop
  endfacet
  facet normal 0 0.759338 -0.650697
    outer loop
      vertex 335.378 11.5478 1.5873
      vertex 341.289 10.1876 0
      vertex 335.378 10.1876 0
    endloop
  endfacet
  facet normal -1 0 0
    outer loop
      vertex 343.156 15.93 7.93649
      vertex 343.156 16.0448 11.1111
      vertex 343.156 16.1429 9.5238
    endloop
  endfacet
  facet normal -1 0 0
    outer loop
      vertex 343.156 15.93 7.93649
      vertex 343.156 15.6482 12.6984
      vertex 343.156 16.0448 11.1111
    endloop
  endfacet
  facet normal -1 0 0
    outer loop
      vertex 343.156 15.4112 6.3492
      vertex 343.156 15.6482 12.6984
      vertex 343.156 15.93 7.93649
    endloop
  endfacet
  facet normal -1 0 0
    outer loop
      vertex 343.156 15.4112 6.3492
      vertex 343.156 14.9821 14.2857
      vertex 343.156 15.6482 12.6984
    endloop
  endfacet
  facet normal -1 0 0
    outer loop
      vertex 343.156 14.6085 4.7619
      vertex 343.156 14.9821 14.2857
      vertex 343.156 15.4112 6.3492
    endloop
  endfacet
  facet normal -1 0 0
    outer loop
      vertex 343.156 14.6085 4.7619
      vertex 343.156 14.0904 15.873
      vertex 343.156 14.9821 14.2857
    endloop
  endfacet
  facet normal -1 0 0
    outer loop
      vertex 343.156 13.56 3.17459
      vertex 343.156 14.0904 15.873
      vertex 343.156 14.6085 4.7619
    endloop
  endfacet
  facet normal -1 0 0
    outer loop
      vertex 343.156 0 0
      vertex 343.156 14.0904 15.873
      vertex 343.156 13.56 3.17459
    endloop
  endfacet
  facet normal -1 0 0
    outer loop
      vertex 343.156 0 0
      vertex 343.156 13.56 3.17459
      vertex 343.156 12.3177 1.5873
    endloop
  endfacet
  facet normal -1 -0 0
    outer loop
      vertex 343.156 14.0904 15.873
      vertex 343.156 0 0
      vertex 343.156 13.0296 17.4603
    endloop
  endfacet
  facet normal -1 0 0
    outer loop
      vertex 343.156 0 0
      vertex 343.156 12.3177 1.5873
      vertex 343.156 10.9445 0
    endloop
  endfacet
  facet normal -1 -0 0
    outer loop
      vertex 343.156 13.0296 17.4603
      vertex 343.156 0 0
      vertex 343.156 11.8651 19.0476
    endloop
  endfacet
  facet normal -1 -0 0
    outer loop
      vertex 343.156 11.8651 19.0476
      vertex 343.156 0 0
      vertex 343.156 10.6679 20.6349
    endloop
  endfacet
  facet normal -1 -0 0
    outer loop
      vertex 343.156 10.6679 20.6349
      vertex 343.156 0 0
      vertex 343.156 9.51038 22.2222
    endloop
  endfacet
  facet normal -1 -0 0
    outer loop
      vertex 343.156 9.51038 22.2222
      vertex 343.156 0 0
      vertex 343.156 8.46217 23.8095
    endloop
  endfacet
  facet normal -1 -0 0
    outer loop
      vertex 343.156 8.46217 23.8095
      vertex 343.156 0 0
      vertex 343.156 7.5864 25.3968
    endloop
  endfacet
  facet normal -1 -0 0
    outer loop
      vertex 343.156 7.5864 25.3968
      vertex 343.156 0 0
      vertex 343.156 6.93597 26.9841
    endloop
  endfacet
  facet normal -1 -0 0
    outer loop
      vertex 343.156 6.55086 28.5714
      vertex 343.156 0 0
      vertex 343.156 6.45575 30.1587
    endloop
  endfacet
  facet normal -1 -0 0
    outer loop
      vertex 343.156 6.93597 26.9841
      vertex 343.156 0 0
      vertex 343.156 6.55086 28.5714
    endloop
  endfacet
  facet normal -1 0 0
    outer loop
      vertex 343.156 17.9824 50.7936
      vertex 343.156 17.7889 53.9682
      vertex 343.156 18.028 52.381
    endloop
  endfacet
  facet normal -1 0 0
    outer loop
      vertex 343.156 17.6501 49.2063
      vertex 343.156 17.7889 53.9682
      vertex 343.156 17.9824 50.7936
    endloop
  endfacet
  facet normal -1 0 0
    outer loop
      vertex 343.156 17.6501 49.2063
      vertex 343.156 17.2814 55.5555
      vertex 343.156 17.7889 53.9682
    endloop
  endfacet
  facet normal -1 0 0
    outer loop
      vertex 343.156 17.0447 47.619
      vertex 343.156 17.2814 55.5555
      vertex 343.156 17.6501 49.2063
    endloop
  endfacet
  facet normal -1 0 0
    outer loop
      vertex 343.156 17.0447 47.619
      vertex 343.156 16.5352 57.1429
      vertex 343.156 17.2814 55.5555
    endloop
  endfacet
  facet normal -1 0 0
    outer loop
      vertex 343.156 16.194 46.0317
      vertex 343.156 16.5352 57.1429
      vertex 343.156 17.0447 47.619
    endloop
  endfacet
  facet normal -1 0 0
    outer loop
      vertex 343.156 16.194 46.0317
      vertex 343.156 15.5916 58.7301
      vertex 343.156 16.5352 57.1429
    endloop
  endfacet
  facet normal -1 0 0
    outer loop
      vertex 343.156 15.1394 44.4444
      vertex 343.156 15.5916 58.7301
      vertex 343.156 16.194 46.0317
    endloop
  endfacet
  facet normal -1 0 0
    outer loop
      vertex 343.156 15.1394 44.4444
      vertex 343.156 14.5008 60.3175
      vertex 343.156 15.5916 58.7301
    endloop
  endfacet
  facet normal -1 0 0
    outer loop
      vertex 343.156 13.934 42.8571
      vertex 343.156 14.5008 60.3175
      vertex 343.156 15.1394 44.4444
    endloop
  endfacet
  facet normal -1 0 0
    outer loop
      vertex 343.156 13.934 42.8571
      vertex 343.156 13.319 61.9048
      vertex 343.156 14.5008 60.3175
    endloop
  endfacet
  facet normal -1 0 0
    outer loop
      vertex 343.156 12.6392 41.2698
      vertex 343.156 13.319 61.9048
      vertex 343.156 13.934 42.8571
    endloop
  endfacet
  facet normal -1 0 0
    outer loop
      vertex 343.156 12.6392 41.2698
      vertex 343.156 12.1051 63.4921
      vertex 343.156 13.319 61.9048
    endloop
  endfacet
  facet normal -1 0 0
    outer loop
      vertex 343.156 11.322 39.6825
      vertex 343.156 12.1051 63.4921
      vertex 343.156 12.6392 41.2698
    endloop
  endfacet
  facet normal -1 0 0
    outer loop
      vertex 343.156 11.322 39.6825
      vertex 343.156 10.9179 65.0794
      vertex 343.156 12.1051 63.4921
    endloop
  endfacet
  facet normal -1 0 0
    outer loop
      vertex 343.156 10.0511 38.0952
      vertex 343.156 10.9179 65.0794
      vertex 343.156 11.322 39.6825
    endloop
  endfacet
  facet normal -1 0 0
    outer loop
      vertex 343.156 10.0511 38.0952
      vertex 343.156 9.81279 66.6667
      vertex 343.156 10.9179 65.0794
    endloop
  endfacet
  facet normal -1 0 0
    outer loop
      vertex 343.156 8.89346 36.5079
      vertex 343.156 9.81279 66.6667
      vertex 343.156 10.0511 38.0952
    endloop
  endfacet
  facet normal -1 0 0
    outer loop
      vertex 343.156 8.89346 36.5079
      vertex 343.156 8.83913 68.254
      vertex 343.156 9.81279 66.6667
    endloop
  endfacet
  facet normal -1 0 0
    outer loop
      vertex 343.156 7.90982 34.9206
      vertex 343.156 8.83913 68.254
      vertex 343.156 8.89346 36.5079
    endloop
  endfacet
  facet normal -1 -0 0
    outer loop
      vertex 343.156 8.83913 68.254
      vertex 343.156 7.90982 34.9206
      vertex 343.156 8.0378 69.8413
    endloop
  endfacet
  facet normal -1 0 0
    outer loop
      vertex 343.156 7.15186 33.3333
      vertex 343.156 8.0378 69.8413
      vertex 343.156 7.90982 34.9206
    endloop
  endfacet
  facet normal -1 -0 0
    outer loop
      vertex 343.156 8.0378 69.8413
      vertex 343.156 7.15186 33.3333
      vertex 343.156 7.43962 71.4286
    endloop
  endfacet
  facet normal -1 0 0
    outer loop
      vertex 343.156 6.65894 31.746
      vertex 343.156 7.43962 71.4286
      vertex 343.156 7.15186 33.3333
    endloop
  endfacet
  facet normal -1 -0 0
    outer loop
      vertex 343.156 7.43962 71.4286
      vertex 343.156 6.65894 31.746
      vertex 343.156 7.06422 73.0159
    endloop
  endfacet
  facet normal -1 0 0
    outer loop
      vertex 343.156 0 100
      vertex 343.156 7.06422 73.0159
      vertex 343.156 6.65894 31.746
    endloop
  endfacet
  facet normal -1 0 0
    outer loop
      vertex 343.156 0 100
      vertex 343.156 16.4461 98.4127
      vertex 343.156 16.0688 96.8254
    endloop
  endfacet
  facet normal -1 0 0
    outer loop
      vertex 343.156 0 100
      vertex 343.156 16.0688 96.8254
      vertex 343.156 15.5963 95.2381
    endloop
  endfacet
  facet normal -1 0 0
    outer loop
      vertex 343.156 0 100
      vertex 343.156 15.5963 95.2381
      vertex 343.156 15.0247 93.6508
    endloop
  endfacet
  facet normal -1 0 0
    outer loop
      vertex 343.156 0 100
      vertex 343.156 15.0247 93.6508
      vertex 343.156 14.3552 92.0635
    endloop
  endfacet
  facet normal -1 0 0
    outer loop
      vertex 343.156 0 100
      vertex 343.156 14.3552 92.0635
      vertex 343.156 13.5958 90.4762
    endloop
  endfacet
  facet normal -1 0 0
    outer loop
      vertex 343.156 0 100
      vertex 343.156 13.5958 90.4762
      vertex 343.156 12.7613 88.8889
    endloop
  endfacet
  facet normal -1 0 0
    outer loop
      vertex 343.156 0 100
      vertex 343.156 12.7613 88.8889
      vertex 343.156 11.8737 87.3016
    endloop
  endfacet
  facet normal -1 0 0
    outer loop
      vertex 343.156 0 100
      vertex 343.156 11.8737 87.3016
      vertex 343.156 10.9616 85.7143
    endloop
  endfacet
  facet normal -1 0 0
    outer loop
      vertex 343.156 0 100
      vertex 343.156 10.9616 85.7143
      vertex 343.156 10.0586 84.127
    endloop
  endfacet
  facet normal -1 0 0
    outer loop
      vertex 343.156 0 100
      vertex 343.156 10.0586 84.127
      vertex 343.156 9.20222 82.5397
    endloop
  endfacet
  facet normal -1 0 0
    outer loop
      vertex 343.156 0 100
      vertex 343.156 9.20222 82.5397
      vertex 343.156 8.43156 80.9524
    endloop
  endfacet
  facet normal -1 0 0
    outer loop
      vertex 343.156 0 100
      vertex 343.156 6.65894 31.746
      vertex 343.156 6.45575 30.1587
    endloop
  endfacet
  facet normal -1 0 0
    outer loop
      vertex 343.156 0 100
      vertex 343.156 6.45575 30.1587
      vertex 343.156 0 0
    endloop
  endfacet
  facet normal -1 0 0
    outer loop
      vertex 343.156 7.06422 73.0159
      vertex 343.156 0 100
      vertex 343.156 6.91962 74.6032
    endloop
  endfacet
  facet normal -1 0 0
    outer loop
      vertex 343.156 16.4461 98.4127
      vertex 343.156 0 100
      vertex 343.156 16.7357 100
    endloop
  endfacet
  facet normal -1 0 0
    outer loop
      vertex 343.156 7.78514 79.3651
      vertex 343.156 0 100
      vertex 343.156 8.43156 80.9524
    endloop
  endfacet
  facet normal -1 0 0
    outer loop
      vertex 343.156 7.29861 77.7778
      vertex 343.156 0 100
      vertex 343.156 7.78514 79.3651
    endloop
  endfacet
  facet normal -1 0 0
    outer loop
      vertex 343.156 7.0024 76.1905
      vertex 343.156 0 100
      vertex 343.156 7.29861 77.7778
    endloop
  endfacet
  facet normal -1 0 0
    outer loop
      vertex 343.156 6.91962 74.6032
      vertex 343.156 0 100
      vertex 343.156 7.0024 76.1905
    endloop
  endfacet
  facet normal 1 -0 0
    outer loop
      vertex 349.067 0 100
      vertex 349.067 16.4461 98.4127
      vertex 349.067 16.7357 100
    endloop
  endfacet
  facet normal 1 0 0
    outer loop
      vertex 349.067 16.4461 98.4127
      vertex 349.067 0 100
      vertex 349.067 16.0688 96.8254
    endloop
  endfacet
  facet normal 1 0 0
    outer loop
      vertex 349.067 16.0688 96.8254
      vertex 349.067 0 100
      vertex 349.067 15.5963 95.2381
    endloop
  endfacet
  facet normal 1 0 0
    outer loop
      vertex 349.067 15.5963 95.2381
      vertex 349.067 0 100
      vertex 349.067 15.0247 93.6508
    endloop
  endfacet
  facet normal 1 0 0
    outer loop
      vertex 349.067 15.0247 93.6508
      vertex 349.067 0 100
      vertex 349.067 14.3552 92.0635
    endloop
  endfacet
  facet normal 1 0 0
    outer loop
      vertex 349.067 14.3552 92.0635
      vertex 349.067 0 100
      vertex 349.067 13.5958 90.4762
    endloop
  endfacet
  facet normal 1 0 0
    outer loop
      vertex 349.067 13.5958 90.4762
      vertex 349.067 0 100
      vertex 349.067 12.7613 88.8889
    endloop
  endfacet
  facet normal 1 0 0
    outer loop
      vertex 349.067 12.7613 88.8889
      vertex 349.067 0 100
      vertex 349.067 11.8737 87.3016
    endloop
  endfacet
  facet normal 1 0 0
    outer loop
      vertex 349.067 11.8737 87.3016
      vertex 349.067 0 100
      vertex 349.067 10.9616 85.7143
    endloop
  endfacet
  facet normal 1 0 0
    outer loop
      vertex 349.067 10.9616 85.7143
      vertex 349.067 0 100
      vertex 349.067 10.0586 84.127
    endloop
  endfacet
  facet normal 1 0 0
    outer loop
      vertex 349.067 10.0586 84.127
      vertex 349.067 0 100
      vertex 349.067 9.20222 82.5397
    endloop
  endfacet
  facet normal 1 0 0
    outer loop
      vertex 349.067 7.06422 73.0159
      vertex 349.067 6.45575 30.1587
      vertex 349.067 6.65894 31.746
    endloop
  endfacet
  facet normal 1 0 0
    outer loop
      vertex 349.067 7.06422 73.0159
      vertex 349.067 0 100
      vertex 349.067 6.45575 30.1587
    endloop
  endfacet
  facet normal 1 0 0
    outer loop
      vertex 349.067 7.0024 76.1905
      vertex 349.067 0 100
      vertex 349.067 6.91962 74.6032
    endloop
  endfacet
  facet normal 1 0 0
    outer loop
      vertex 349.067 7.29861 77.7778
      vertex 349.067 0 100
      vertex 349.067 7.0024 76.1905
    endloop
  endfacet
  facet normal 1 0 0
    outer loop
      vertex 349.067 7.78514 79.3651
      vertex 349.067 0 100
      vertex 349.067 7.29861 77.7778
    endloop
  endfacet
  facet normal 1 0 0
    outer loop
      vertex 349.067 8.43156 80.9524
      vertex 349.067 0 100
      vertex 349.067 7.78514 79.3651
    endloop
  endfacet
  facet normal 1 0 0
    outer loop
      vertex 349.067 9.20222 82.5397
      vertex 349.067 0 100
      vertex 349.067 8.43156 80.9524
    endloop
  endfacet
  facet normal 1 0 0
    outer loop
      vertex 349.067 17.7889 53.9682
      vertex 349.067 17.9824 50.7936
      vertex 349.067 18.028 52.381
    endloop
  endfacet
  facet normal 1 0 0
    outer loop
      vertex 349.067 17.7889 53.9682
      vertex 349.067 17.6501 49.2063
      vertex 349.067 17.9824 50.7936
    endloop
  endfacet
  facet normal 1 0 0
    outer loop
      vertex 349.067 17.2814 55.5555
      vertex 349.067 17.6501 49.2063
      vertex 349.067 17.7889 53.9682
    endloop
  endfacet
  facet normal 1 0 0
    outer loop
      vertex 349.067 17.2814 55.5555
      vertex 349.067 17.0447 47.619
      vertex 349.067 17.6501 49.2063
    endloop
  endfacet
  facet normal 1 0 0
    outer loop
      vertex 349.067 16.5352 57.1429
      vertex 349.067 17.0447 47.619
      vertex 349.067 17.2814 55.5555
    endloop
  endfacet
  facet normal 1 0 0
    outer loop
      vertex 349.067 16.5352 57.1429
      vertex 349.067 16.194 46.0317
      vertex 349.067 17.0447 47.619
    endloop
  endfacet
  facet normal 1 0 0
    outer loop
      vertex 349.067 15.5916 58.7301
      vertex 349.067 16.194 46.0317
      vertex 349.067 16.5352 57.1429
    endloop
  endfacet
  facet normal 1 0 0
    outer loop
      vertex 349.067 15.5916 58.7301
      vertex 349.067 15.1394 44.4444
      vertex 349.067 16.194 46.0317
    endloop
  endfacet
  facet normal 1 0 0
    outer loop
      vertex 349.067 14.5008 60.3175
      vertex 349.067 15.1394 44.4444
      vertex 349.067 15.5916 58.7301
    endloop
  endfacet
  facet normal 1 0 0
    outer loop
      vertex 349.067 14.5008 60.3175
      vertex 349.067 13.934 42.8571
      vertex 349.067 15.1394 44.4444
    endloop
  endfacet
  facet normal 1 0 0
    outer loop
      vertex 349.067 13.319 61.9048
      vertex 349.067 13.934 42.8571
      vertex 349.067 14.5008 60.3175
    endloop
  endfacet
  facet normal 1 0 0
    outer loop
      vertex 349.067 13.319 61.9048
      vertex 349.067 12.6392 41.2698
      vertex 349.067 13.934 42.8571
    endloop
  endfacet
  facet normal 1 0 0
    outer loop
      vertex 349.067 12.1051 63.4921
      vertex 349.067 12.6392 41.2698
      vertex 349.067 13.319 61.9048
    endloop
  endfacet
  facet normal 1 0 0
    outer loop
      vertex 349.067 12.1051 63.4921
      vertex 349.067 11.322 39.6825
      vertex 349.067 12.6392 41.2698
    endloop
  endfacet
  facet normal 1 0 0
    outer loop
      vertex 349.067 10.9179 65.0794
      vertex 349.067 11.322 39.6825
      vertex 349.067 12.1051 63.4921
    endloop
  endfacet
  facet normal 1 0 0
    outer loop
      vertex 349.067 10.9179 65.0794
      vertex 349.067 10.0511 38.0952
      vertex 349.067 11.322 39.6825
    endloop
  endfacet
  facet normal 1 0 0
    outer loop
      vertex 349.067 9.81279 66.6667
      vertex 349.067 10.0511 38.0952
      vertex 349.067 10.9179 65.0794
    endloop
  endfacet
  facet normal 1 0 0
    outer loop
      vertex 349.067 9.81279 66.6667
      vertex 349.067 8.89346 36.5079
      vertex 349.067 10.0511 38.0952
    endloop
  endfacet
  facet normal 1 0 0
    outer loop
      vertex 349.067 8.83913 68.254
      vertex 349.067 8.89346 36.5079
      vertex 349.067 9.81279 66.6667
    endloop
  endfacet
  facet normal 1 0 0
    outer loop
      vertex 349.067 7.90982 34.9206
      vertex 349.067 8.83913 68.254
      vertex 349.067 8.0378 69.8413
    endloop
  endfacet
  facet normal 1 0 0
    outer loop
      vertex 349.067 8.83913 68.254
      vertex 349.067 7.90982 34.9206
      vertex 349.067 8.89346 36.5079
    endloop
  endfacet
  facet normal 1 0 0
    outer loop
      vertex 349.067 7.15186 33.3333
      vertex 349.067 8.0378 69.8413
      vertex 349.067 7.43962 71.4286
    endloop
  endfacet
  facet normal 1 0 0
    outer loop
      vertex 349.067 8.0378 69.8413
      vertex 349.067 7.15186 33.3333
      vertex 349.067 7.90982 34.9206
    endloop
  endfacet
  facet normal 1 0 0
    outer loop
      vertex 349.067 6.65894 31.746
      vertex 349.067 7.43962 71.4286
      vertex 349.067 7.06422 73.0159
    endloop
  endfacet
  facet normal 1 0 0
    outer loop
      vertex 349.067 0 100
      vertex 349.067 7.06422 73.0159
      vertex 349.067 6.91962 74.6032
    endloop
  endfacet
  facet normal 1 0 0
    outer loop
      vertex 349.067 7.43962 71.4286
      vertex 349.067 6.65894 31.746
      vertex 349.067 7.15186 33.3333
    endloop
  endfacet
  facet normal 1 0 0
    outer loop
      vertex 349.067 16.0448 11.1111
      vertex 349.067 15.93 7.93649
      vertex 349.067 16.1429 9.5238
    endloop
  endfacet
  facet normal 1 0 0
    outer loop
      vertex 349.067 15.6482 12.6984
      vertex 349.067 15.93 7.93649
      vertex 349.067 16.0448 11.1111
    endloop
  endfacet
  facet normal 1 0 0
    outer loop
      vertex 349.067 15.6482 12.6984
      vertex 349.067 15.4112 6.3492
      vertex 349.067 15.93 7.93649
    endloop
  endfacet
  facet normal 1 0 0
    outer loop
      vertex 349.067 14.9821 14.2857
      vertex 349.067 15.4112 6.3492
      vertex 349.067 15.6482 12.6984
    endloop
  endfacet
  facet normal 1 0 0
    outer loop
      vertex 349.067 14.9821 14.2857
      vertex 349.067 14.6085 4.7619
      vertex 349.067 15.4112 6.3492
    endloop
  endfacet
  facet normal 1 0 0
    outer loop
      vertex 349.067 14.0904 15.873
      vertex 349.067 14.6085 4.7619
      vertex 349.067 14.9821 14.2857
    endloop
  endfacet
  facet normal 1 0 0
    outer loop
      vertex 349.067 14.0904 15.873
      vertex 349.067 13.56 3.17459
      vertex 349.067 14.6085 4.7619
    endloop
  endfacet
  facet normal 1 0 0
    outer loop
      vertex 349.067 0 0
      vertex 349.067 14.0904 15.873
      vertex 349.067 13.0296 17.4603
    endloop
  endfacet
  facet normal 1 0 0
    outer loop
      vertex 349.067 14.0904 15.873
      vertex 349.067 0 0
      vertex 349.067 13.56 3.17459
    endloop
  endfacet
  facet normal 1 0 0
    outer loop
      vertex 349.067 0 0
      vertex 349.067 13.0296 17.4603
      vertex 349.067 11.8651 19.0476
    endloop
  endfacet
  facet normal 1 0 0
    outer loop
      vertex 349.067 13.56 3.17459
      vertex 349.067 0 0
      vertex 349.067 12.3177 1.5873
    endloop
  endfacet
  facet normal 1 0 0
    outer loop
      vertex 349.067 0 0
      vertex 349.067 11.8651 19.0476
      vertex 349.067 10.6679 20.6349
    endloop
  endfacet
  facet normal 1 0 0
    outer loop
      vertex 349.067 0 0
      vertex 349.067 10.6679 20.6349
      vertex 349.067 9.51038 22.2222
    endloop
  endfacet
  facet normal 1 0 0
    outer loop
      vertex 349.067 0 0
      vertex 349.067 9.51038 22.2222
      vertex 349.067 8.46217 23.8095
    endloop
  endfacet
  facet normal 1 0 0
    outer loop
      vertex 349.067 0 0
      vertex 349.067 8.46217 23.8095
      vertex 349.067 7.5864 25.3968
    endloop
  endfacet
  facet normal 1 0 0
    outer loop
      vertex 349.067 0 0
      vertex 349.067 7.5864 25.3968
      vertex 349.067 6.93597 26.9841
    endloop
  endfacet
  facet normal 1 0 0
    outer loop
      vertex 349.067 0 0
      vertex 349.067 6.93597 26.9841
      vertex 349.067 6.55086 28.5714
    endloop
  endfacet
  facet normal 1 0 0
    outer loop
      vertex 349.067 0 0
      vertex 349.067 6.45575 30.1587
      vertex 349.067 0 100
    endloop
  endfacet
  facet normal 1 0 0
    outer loop
      vertex 349.067 12.3177 1.5873
      vertex 349.067 0 0
      vertex 349.067 10.9445 0
    endloop
  endfacet
  facet normal 1 0 0
    outer loop
      vertex 349.067 6.45575 30.1587
      vertex 349.067 0 0
      vertex 349.067 6.55086 28.5714
    endloop
  endfacet
  facet normal 0 0.787487 -0.616331
    outer loop
      vertex 349.067 12.3177 1.5873
      vertex 343.156 13.56 3.17459
      vertex 349.067 13.56 3.17459
    endloop
  endfacet
  facet normal 0 0.787487 -0.616331
    outer loop
      vertex 343.156 13.56 3.17459
      vertex 349.067 12.3177 1.5873
      vertex 343.156 12.3177 1.5873
    endloop
  endfacet
  facet normal 0 0.834398 -0.551163
    outer loop
      vertex 349.067 13.56 3.17459
      vertex 343.156 14.6085 4.7619
      vertex 349.067 14.6085 4.7619
    endloop
  endfacet
  facet normal 0 0.834398 -0.551163
    outer loop
      vertex 343.156 14.6085 4.7619
      vertex 349.067 13.56 3.17459
      vertex 343.156 13.56 3.17459
    endloop
  endfacet
  facet normal 0 0.892383 -0.451279
    outer loop
      vertex 349.067 14.6085 4.7619
      vertex 343.156 15.4112 6.3492
      vertex 349.067 15.4112 6.3492
    endloop
  endfacet
  facet normal 0 0.892383 -0.451279
    outer loop
      vertex 343.156 15.4112 6.3492
      vertex 349.067 14.6085 4.7619
      vertex 343.156 14.6085 4.7619
    endloop
  endfacet
  facet normal 0 0.950517 -0.310673
    outer loop
      vertex 349.067 15.4112 6.3492
      vertex 343.156 15.93 7.93649
      vertex 349.067 15.93 7.93649
    endloop
  endfacet
  facet normal 0 0.950517 -0.310673
    outer loop
      vertex 343.156 15.93 7.93649
      vertex 349.067 15.4112 6.3492
      vertex 343.156 15.4112 6.3492
    endloop
  endfacet
  facet normal 0 0.991125 -0.132936
    outer loop
      vertex 349.067 15.93 7.93649
      vertex 343.156 16.1429 9.5238
      vertex 349.067 16.1429 9.5238
    endloop
  endfacet
  facet normal 0 0.991125 -0.132936
    outer loop
      vertex 343.156 16.1429 9.5238
      vertex 349.067 15.93 7.93649
      vertex 343.156 15.93 7.93649
    endloop
  endfacet
  facet normal 0 0.998096 0.0616854
    outer loop
      vertex 349.067 16.1429 9.5238
      vertex 343.156 16.0448 11.1111
      vertex 349.067 16.0448 11.1111
    endloop
  endfacet
  facet normal 0 0.998096 0.0616854
    outer loop
      vertex 343.156 16.0448 11.1111
      vertex 349.067 16.1429 9.5238
      vertex 343.156 16.1429 9.5238
    endloop
  endfacet
  facet normal 0 0.970175 0.242406
    outer loop
      vertex 349.067 16.0448 11.1111
      vertex 343.156 15.6482 12.6984
      vertex 349.067 15.6482 12.6984
    endloop
  endfacet
  facet normal 0 0.970175 0.242406
    outer loop
      vertex 343.156 15.6482 12.6984
      vertex 349.067 16.0448 11.1111
      vertex 343.156 16.0448 11.1111
    endloop
  endfacet
  facet normal 0 0.922099 0.386953
    outer loop
      vertex 349.067 15.6482 12.6984
      vertex 343.156 14.9821 14.2857
      vertex 349.067 14.9821 14.2857
    endloop
  endfacet
  facet normal 0 0.922099 0.386953
    outer loop
      vertex 343.156 14.9821 14.2857
      vertex 349.067 15.6482 12.6984
      vertex 343.156 15.6482 12.6984
    endloop
  endfacet
  facet normal 0 0.871847 0.489779
    outer loop
      vertex 349.067 14.9821 14.2857
      vertex 343.156 14.0904 15.873
      vertex 349.067 14.0904 15.873
    endloop
  endfacet
  facet normal 0 0.871847 0.489779
    outer loop
      vertex 343.156 14.0904 15.873
      vertex 349.067 14.9821 14.2857
      vertex 343.156 14.9821 14.2857
    endloop
  endfacet
  facet normal 0 0.831421 0.555643
    outer loop
      vertex 349.067 14.0904 15.873
      vertex 343.156 13.0296 17.4603
      vertex 349.067 13.0296 17.4603
    endloop
  endfacet
  facet normal 0 0.831421 0.555643
    outer loop
      vertex 343.156 13.0296 17.4603
      vertex 349.067 14.0904 15.873
      vertex 343.156 14.0904 15.873
    endloop
  endfacet
  facet normal 0 0.806289 0.591522
    outer loop
      vertex 349.067 13.0296 17.4603
      vertex 343.156 11.8651 19.0476
      vertex 349.067 11.8651 19.0476
    endloop
  endfacet
  facet normal 0 0.806289 0.591522
    outer loop
      vertex 343.156 11.8651 19.0476
      vertex 349.067 13.0296 17.4603
      vertex 343.156 13.0296 17.4603
    endloop
  endfacet
  facet normal 0 0.798373 0.602163
    outer loop
      vertex 349.067 11.8651 19.0476
      vertex 343.156 10.6679 20.6349
      vertex 349.067 10.6679 20.6349
    endloop
  endfacet
  facet normal 0 0.798373 0.602163
    outer loop
      vertex 343.156 10.6679 20.6349
      vertex 349.067 11.8651 19.0476
      vertex 343.156 11.8651 19.0476
    endloop
  endfacet
  facet normal 0 0.80798 0.58921
    outer loop
      vertex 349.067 10.6679 20.6349
      vertex 343.156 9.51038 22.2222
      vertex 349.067 9.51038 22.2222
    endloop
  endfacet
  facet normal 0 0.80798 0.58921
    outer loop
      vertex 343.156 9.51038 22.2222
      vertex 349.067 10.6679 20.6349
      vertex 343.156 10.6679 20.6349
    endloop
  endfacet
  facet normal 0 0.834466 0.551059
    outer loop
      vertex 349.067 9.51038 22.2222
      vertex 343.156 8.46217 23.8095
      vertex 349.067 8.46217 23.8095
    endloop
  endfacet
  facet normal 0 0.834466 0.551059
    outer loop
      vertex 343.156 8.46217 23.8095
      vertex 349.067 9.51038 22.2222
      vertex 343.156 9.51038 22.2222
    endloop
  endfacet
  facet normal 0 0.875573 0.483085
    outer loop
      vertex 349.067 8.46217 23.8095
      vertex 343.156 7.5864 25.3968
      vertex 349.067 7.5864 25.3968
    endloop
  endfacet
  facet normal 0 0.875573 0.483085
    outer loop
      vertex 343.156 7.5864 25.3968
      vertex 349.067 8.46217 23.8095
      vertex 343.156 8.46217 23.8095
    endloop
  endfacet
  facet normal 0 0.925326 0.379172
    outer loop
      vertex 349.067 7.5864 25.3968
      vertex 343.156 6.93597 26.9841
      vertex 349.067 6.93597 26.9841
    endloop
  endfacet
  facet normal 0 0.925326 0.379172
    outer loop
      vertex 343.156 6.93597 26.9841
      vertex 349.067 7.5864 25.3968
      vertex 343.156 7.5864 25.3968
    endloop
  endfacet
  facet normal 0 0.971807 0.235779
    outer loop
      vertex 349.067 6.93597 26.9841
      vertex 343.156 6.55086 28.5714
      vertex 349.067 6.55086 28.5714
    endloop
  endfacet
  facet normal 0 0.971807 0.235779
    outer loop
      vertex 343.156 6.55086 28.5714
      vertex 349.067 6.93597 26.9841
      vertex 343.156 6.93597 26.9841
    endloop
  endfacet
  facet normal 0 0.99821 0.0598121
    outer loop
      vertex 349.067 6.55086 28.5714
      vertex 343.156 6.45575 30.1587
      vertex 349.067 6.45575 30.1587
    endloop
  endfacet
  facet normal 0 0.99821 0.0598121
    outer loop
      vertex 343.156 6.45575 30.1587
      vertex 349.067 6.55086 28.5714
      vertex 343.156 6.55086 28.5714
    endloop
  endfacet
  facet normal 0 0.991906 -0.126974
    outer loop
      vertex 349.067 6.45575 30.1587
      vertex 343.156 6.65894 31.746
      vertex 349.067 6.65894 31.746
    endloop
  endfacet
  facet normal 0 0.991906 -0.126974
    outer loop
      vertex 343.156 6.65894 31.746
      vertex 349.067 6.45575 30.1587
      vertex 343.156 6.45575 30.1587
    endloop
  endfacet
  facet normal 0 0.955011 -0.296569
    outer loop
      vertex 349.067 6.65894 31.746
      vertex 343.156 7.15186 33.3333
      vertex 349.067 7.15186 33.3333
    endloop
  endfacet
  facet normal 0 0.955011 -0.296569
    outer loop
      vertex 343.156 7.15186 33.3333
      vertex 349.067 6.65894 31.746
      vertex 343.156 6.65894 31.746
    endloop
  endfacet
  facet normal 0 0.902396 -0.430908
    outer loop
      vertex 349.067 7.15186 33.3333
      vertex 343.156 7.90982 34.9206
      vertex 349.067 7.90982 34.9206
    endloop
  endfacet
  facet normal 0 0.902396 -0.430908
    outer loop
      vertex 343.156 7.90982 34.9206
      vertex 349.067 7.15186 33.3333
      vertex 343.156 7.15186 33.3333
    endloop
  endfacet
  facet normal 0 0.850019 -0.526752
    outer loop
      vertex 349.067 7.90982 34.9206
      vertex 343.156 8.89346 36.5079
      vertex 349.067 8.89346 36.5079
    endloop
  endfacet
  facet normal 0 0.850019 -0.526752
    outer loop
      vertex 343.156 8.89346 36.5079
      vertex 349.067 7.90982 34.9206
      vertex 343.156 7.90982 34.9206
    endloop
  endfacet
  facet normal 0 0.807951 -0.58925
    outer loop
      vertex 349.067 8.89346 36.5079
      vertex 343.156 10.0511 38.0952
      vertex 349.067 10.0511 38.0952
    endloop
  endfacet
  facet normal 0 0.807951 -0.58925
    outer loop
      vertex 343.156 10.0511 38.0952
      vertex 349.067 8.89346 36.5079
      vertex 343.156 8.89346 36.5079
    endloop
  endfacet
  facet normal 0 0.780614 -0.625013
    outer loop
      vertex 349.067 10.0511 38.0952
      vertex 343.156 11.322 39.6825
      vertex 349.067 11.322 39.6825
    endloop
  endfacet
  facet normal 0 0.780614 -0.625013
    outer loop
      vertex 343.156 11.322 39.6825
      vertex 349.067 10.0511 38.0952
      vertex 343.156 10.0511 38.0952
    endloop
  endfacet
  facet normal 0 0.769543 -0.638595
    outer loop
      vertex 349.067 11.322 39.6825
      vertex 343.156 12.6392 41.2698
      vertex 349.067 12.6392 41.2698
    endloop
  endfacet
  facet normal 0 0.769543 -0.638595
    outer loop
      vertex 343.156 12.6392 41.2698
      vertex 349.067 11.322 39.6825
      vertex 343.156 11.322 39.6825
    endloop
  endfacet
  facet normal 0 0.77489 -0.632097
    outer loop
      vertex 349.067 12.6392 41.2698
      vertex 343.156 13.934 42.8571
      vertex 349.067 13.934 42.8571
    endloop
  endfacet
  facet normal 0 0.77489 -0.632097
    outer loop
      vertex 343.156 13.934 42.8571
      vertex 349.067 12.6392 41.2698
      vertex 343.156 12.6392 41.2698
    endloop
  endfacet
  facet normal 0 0.796391 -0.604782
    outer loop
      vertex 349.067 13.934 42.8571
      vertex 343.156 15.1394 44.4444
      vertex 349.067 15.1394 44.4444
    endloop
  endfacet
  facet normal 0 0.796391 -0.604782
    outer loop
      vertex 343.156 15.1394 44.4444
      vertex 349.067 13.934 42.8571
      vertex 343.156 13.934 42.8571
    endloop
  endfacet
  facet normal 0 0.832921 -0.553392
    outer loop
      vertex 349.067 15.1394 44.4444
      vertex 343.156 16.194 46.0317
      vertex 349.067 16.194 46.0317
    endloop
  endfacet
  facet normal 0 0.832921 -0.553392
    outer loop
      vertex 343.156 16.194 46.0317
      vertex 349.067 15.1394 44.4444
      vertex 343.156 15.1394 44.4444
    endloop
  endfacet
  facet normal 0 0.881397 -0.472377
    outer loop
      vertex 349.067 16.194 46.0317
      vertex 343.156 17.0447 47.619
      vertex 349.067 17.0447 47.619
    endloop
  endfacet
  facet normal 0 0.881397 -0.472377
    outer loop
      vertex 343.156 17.0447 47.619
      vertex 349.067 16.194 46.0317
      vertex 343.156 16.194 46.0317
    endloop
  endfacet
  facet normal 0 0.934348 -0.356362
    outer loop
      vertex 349.067 17.0447 47.619
      vertex 343.156 17.6501 49.2063
      vertex 349.067 17.6501 49.2063
    endloop
  endfacet
  facet normal 0 0.934348 -0.356362
    outer loop
      vertex 343.156 17.6501 49.2063
      vertex 349.067 17.0447 47.619
      vertex 343.156 17.0447 47.619
    endloop
  endfacet
  facet normal 0 0.978781 -0.204907
    outer loop
      vertex 349.067 17.6501 49.2063
      vertex 343.156 17.9824 50.7936
      vertex 349.067 17.9824 50.7936
    endloop
  endfacet
  facet normal 0 0.978781 -0.204907
    outer loop
      vertex 343.156 17.9824 50.7936
      vertex 349.067 17.6501 49.2063
      vertex 343.156 17.6501 49.2063
    endloop
  endfacet
  facet normal 0 0.999588 -0.0287144
    outer loop
      vertex 349.067 17.9824 50.7936
      vertex 343.156 18.028 52.381
      vertex 349.067 18.028 52.381
    endloop
  endfacet
  facet normal 0 0.999588 -0.0287144
    outer loop
      vertex 343.156 18.028 52.381
      vertex 349.067 17.9824 50.7936
      vertex 343.156 17.9824 50.7936
    endloop
  endfacet
  facet normal 0 0.988843 0.148962
    outer loop
      vertex 349.067 18.028 52.381
      vertex 343.156 17.7889 53.9682
      vertex 349.067 17.7889 53.9682
    endloop
  endfacet
  facet normal 0 0.988843 0.148962
    outer loop
      vertex 343.156 17.7889 53.9682
      vertex 349.067 18.028 52.381
      vertex 343.156 18.028 52.381
    endloop
  endfacet
  facet normal 0 0.9525 0.304538
    outer loop
      vertex 349.067 17.7889 53.9682
      vertex 343.156 17.2814 55.5555
      vertex 349.067 17.2814 55.5555
    endloop
  endfacet
  facet normal 0 0.9525 0.304538
    outer loop
      vertex 343.156 17.2814 55.5555
      vertex 349.067 17.7889 53.9682
      vertex 343.156 17.7889 53.9682
    endloop
  endfacet
  facet normal 0 0.904997 0.425418
    outer loop
      vertex 349.067 17.2814 55.5555
      vertex 343.156 16.5352 57.1429
      vertex 349.067 16.5352 57.1429
    endloop
  endfacet
  facet normal 0 0.904997 0.425418
    outer loop
      vertex 343.156 16.5352 57.1429
      vertex 349.067 17.2814 55.5555
      vertex 343.156 17.2814 55.5555
    endloop
  endfacet
  facet normal 0 0.859569 0.511019
    outer loop
      vertex 349.067 16.5352 57.1429
      vertex 343.156 15.5916 58.7301
      vertex 349.067 15.5916 58.7301
    endloop
  endfacet
  facet normal 0 0.859569 0.511019
    outer loop
      vertex 343.156 15.5916 58.7301
      vertex 349.067 16.5352 57.1429
      vertex 343.156 16.5352 57.1429
    endloop
  endfacet
  facet normal 0 0.824172 0.566339
    outer loop
      vertex 349.067 15.5916 58.7301
      vertex 343.156 14.5008 60.3175
      vertex 349.067 14.5008 60.3175
    endloop
  endfacet
  facet normal 0 0.824172 0.566339
    outer loop
      vertex 343.156 14.5008 60.3175
      vertex 349.067 15.5916 58.7301
      vertex 343.156 15.5916 58.7301
    endloop
  endfacet
  facet normal 0 0.802099 0.597191
    outer loop
      vertex 349.067 14.5008 60.3175
      vertex 343.156 13.319 61.9048
      vertex 349.067 13.319 61.9048
    endloop
  endfacet
  facet normal 0 0.802099 0.597191
    outer loop
      vertex 343.156 13.319 61.9048
      vertex 349.067 14.5008 60.3175
      vertex 343.156 14.5008 60.3175
    endloop
  endfacet
  facet normal 0 0.794338 0.607476
    outer loop
      vertex 349.067 13.319 61.9048
      vertex 343.156 12.1051 63.4921
      vertex 349.067 12.1051 63.4921
    endloop
  endfacet
  facet normal 0 0.794338 0.607476
    outer loop
      vertex 343.156 12.1051 63.4921
      vertex 349.067 13.319 61.9048
      vertex 343.156 13.319 61.9048
    endloop
  endfacet
  facet normal 0 0.800792 0.598942
    outer loop
      vertex 349.067 12.1051 63.4921
      vertex 343.156 10.9179 65.0794
      vertex 349.067 10.9179 65.0794
    endloop
  endfacet
  facet normal 0 0.800792 0.598942
    outer loop
      vertex 343.156 10.9179 65.0794
      vertex 349.067 12.1051 63.4921
      vertex 343.156 12.1051 63.4921
    endloop
  endfacet
  facet normal 0 0.820687 0.571378
    outer loop
      vertex 349.067 10.9179 65.0794
      vertex 343.156 9.81279 66.6667
      vertex 349.067 9.81279 66.6667
    endloop
  endfacet
  facet normal 0 0.820687 0.571378
    outer loop
      vertex 343.156 9.81279 66.6667
      vertex 349.067 10.9179 65.0794
      vertex 343.156 10.9179 65.0794
    endloop
  endfacet
  facet normal 0 0.85241 0.522874
    outer loop
      vertex 349.067 9.81279 66.6667
      vertex 343.156 8.83913 68.254
      vertex 349.067 8.83913 68.254
    endloop
  endfacet
  facet normal 0 0.85241 0.522874
    outer loop
      vertex 343.156 8.83913 68.254
      vertex 349.067 9.81279 66.6667
      vertex 343.156 9.81279 66.6667
    endloop
  endfacet
  facet normal 0 0.892693 0.450666
    outer loop
      vertex 349.067 8.83913 68.254
      vertex 343.156 8.0378 69.8413
      vertex 349.067 8.0378 69.8413
    endloop
  endfacet
  facet normal 0 0.892693 0.450666
    outer loop
      vertex 343.156 8.0378 69.8413
      vertex 349.067 8.83913 68.254
      vertex 343.156 8.83913 68.254
    endloop
  endfacet
  facet normal 0 0.935758 0.352644
    outer loop
      vertex 349.067 8.0378 69.8413
      vertex 343.156 7.43962 71.4286
      vertex 349.067 7.43962 71.4286
    endloop
  endfacet
  facet normal 0 0.935758 0.352644
    outer loop
      vertex 343.156 7.43962 71.4286
      vertex 349.067 8.0378 69.8413
      vertex 343.156 8.0378 69.8413
    endloop
  endfacet
  facet normal 0 0.973154 0.230153
    outer loop
      vertex 349.067 7.43962 71.4286
      vertex 343.156 7.06422 73.0159
      vertex 349.067 7.06422 73.0159
    endloop
  endfacet
  facet normal 0 0.973154 0.230153
    outer loop
      vertex 343.156 7.06422 73.0159
      vertex 349.067 7.43962 71.4286
      vertex 343.156 7.43962 71.4286
    endloop
  endfacet
  facet normal 0 0.995876 0.0907224
    outer loop
      vertex 349.067 7.06422 73.0159
      vertex 343.156 6.91962 74.6032
      vertex 349.067 6.91962 74.6032
    endloop
  endfacet
  facet normal 0 0.995876 0.0907224
    outer loop
      vertex 343.156 6.91962 74.6032
      vertex 349.067 7.06422 73.0159
      vertex 343.156 7.06422 73.0159
    endloop
  endfacet
  facet normal 0 0.998643 -0.0520807
    outer loop
      vertex 349.067 6.91962 74.6032
      vertex 343.156 7.0024 76.1905
      vertex 349.067 7.0024 76.1905
    endloop
  endfacet
  facet normal 0 0.998643 -0.0520807
    outer loop
      vertex 343.156 7.0024 76.1905
      vertex 349.067 6.91962 74.6032
      vertex 343.156 6.91962 74.6032
    endloop
  endfacet
  facet normal 0 0.98303 -0.183446
    outer loop
      vertex 349.067 7.0024 76.1905
      vertex 343.156 7.29861 77.7778
      vertex 349.067 7.29861 77.7778
    endloop
  endfacet
  facet normal 0 0.98303 -0.183446
    outer loop
      vertex 343.156 7.29861 77.7778
      vertex 349.067 7.0024 76.1905
      vertex 343.156 7.0024 76.1905
    endloop
  endfacet
  facet normal 0 0.956095 -0.293057
    outer loop
      vertex 349.067 7.29861 77.7778
      vertex 343.156 7.78514 79.3651
      vertex 349.067 7.78514 79.3651
    endloop
  endfacet
  facet normal 0 0.956095 -0.293057
    outer loop
      vertex 343.156 7.78514 79.3651
      vertex 349.067 7.29861 77.7778
      vertex 343.156 7.29861 77.7778
    endloop
  endfacet
  facet normal 0 0.926145 -0.377168
    outer loop
      vertex 349.067 7.78514 79.3651
      vertex 343.156 8.43156 80.9524
      vertex 349.067 8.43156 80.9524
    endloop
  endfacet
  facet normal 0 0.926145 -0.377168
    outer loop
      vertex 343.156 8.43156 80.9524
      vertex 349.067 7.78514 79.3651
      vertex 343.156 7.78514 79.3651
    endloop
  endfacet
  facet normal 0 0.899578 -0.43676
    outer loop
      vertex 349.067 8.43156 80.9524
      vertex 343.156 9.20222 82.5397
      vertex 349.067 9.20222 82.5397
    endloop
  endfacet
  facet normal 0 0.899578 -0.43676
    outer loop
      vertex 343.156 9.20222 82.5397
      vertex 349.067 8.43156 80.9524
      vertex 343.156 8.43156 80.9524
    endloop
  endfacet
  facet normal 0 0.880082 -0.474822
    outer loop
      vertex 349.067 9.20222 82.5397
      vertex 343.156 10.0586 84.127
      vertex 349.067 10.0586 84.127
    endloop
  endfacet
  facet normal 0 0.880082 -0.474822
    outer loop
      vertex 343.156 10.0586 84.127
      vertex 349.067 9.20222 82.5397
      vertex 343.156 9.20222 82.5397
    endloop
  endfacet
  facet normal 0 0.869192 -0.494475
    outer loop
      vertex 349.067 10.0586 84.127
      vertex 343.156 10.9616 85.7143
      vertex 349.067 10.9616 85.7143
    endloop
  endfacet
  facet normal 0 0.869192 -0.494475
    outer loop
      vertex 343.156 10.9616 85.7143
      vertex 349.067 10.0586 84.127
      vertex 343.156 10.0586 84.127
    endloop
  endfacet
  facet normal 0 0.867047 -0.498226
    outer loop
      vertex 349.067 10.9616 85.7143
      vertex 343.156 11.8737 87.3016
      vertex 349.067 11.8737 87.3016
    endloop
  endfacet
  facet normal 0 0.867047 -0.498226
    outer loop
      vertex 343.156 11.8737 87.3016
      vertex 349.067 10.9616 85.7143
      vertex 343.156 10.9616 85.7143
    endloop
  endfacet
  facet normal 0 0.872808 -0.488064
    outer loop
      vertex 349.067 11.8737 87.3016
      vertex 343.156 12.7613 88.8889
      vertex 349.067 12.7613 88.8889
    endloop
  endfacet
  facet normal 0 0.872808 -0.488064
    outer loop
      vertex 343.156 12.7613 88.8889
      vertex 349.067 11.8737 87.3016
      vertex 343.156 11.8737 87.3016
    endloop
  endfacet
  facet normal 0 0.88513 -0.465344
    outer loop
      vertex 349.067 12.7613 88.8889
      vertex 343.156 13.5958 90.4762
      vertex 349.067 13.5958 90.4762
    endloop
  endfacet
  facet normal 0 0.88513 -0.465344
    outer loop
      vertex 343.156 13.5958 90.4762
      vertex 349.067 12.7613 88.8889
      vertex 343.156 12.7613 88.8889
    endloop
  endfacet
  facet normal 0 0.902077 -0.431574
    outer loop
      vertex 349.067 13.5958 90.4762
      vertex 343.156 14.3552 92.0635
      vertex 349.067 14.3552 92.0635
    endloop
  endfacet
  facet normal 0 0.902077 -0.431574
    outer loop
      vertex 343.156 14.3552 92.0635
      vertex 349.067 13.5958 90.4762
      vertex 343.156 13.5958 90.4762
    endloop
  endfacet
  facet normal 0 0.921394 -0.38863
    outer loop
      vertex 349.067 14.3552 92.0635
      vertex 343.156 15.0247 93.6508
      vertex 349.067 15.0247 93.6508
    endloop
  endfacet
  facet normal 0 0.921394 -0.38863
    outer loop
      vertex 343.156 15.0247 93.6508
      vertex 349.067 14.3552 92.0635
      vertex 343.156 14.3552 92.0635
    endloop
  endfacet
  facet normal 0 0.940855 -0.33881
    outer loop
      vertex 349.067 15.0247 93.6508
      vertex 343.156 15.5963 95.2381
      vertex 349.067 15.5963 95.2381
    endloop
  endfacet
  facet normal 0 0.940855 -0.33881
    outer loop
      vertex 343.156 15.5963 95.2381
      vertex 349.067 15.0247 93.6508
      vertex 343.156 15.0247 93.6508
    endloop
  endfacet
  facet normal 0 0.958437 -0.285303
    outer loop
      vertex 349.067 15.5963 95.2381
      vertex 343.156 16.0688 96.8254
      vertex 349.067 16.0688 96.8254
    endloop
  endfacet
  facet normal 0 0.958437 -0.285303
    outer loop
      vertex 343.156 16.0688 96.8254
      vertex 349.067 15.5963 95.2381
      vertex 343.156 15.5963 95.2381
    endloop
  endfacet
  facet normal 0 0.972893 -0.231256
    outer loop
      vertex 349.067 16.0688 96.8254
      vertex 343.156 16.4461 98.4127
      vertex 349.067 16.4461 98.4127
    endloop
  endfacet
  facet normal 0 0.972893 -0.231256
    outer loop
      vertex 343.156 16.4461 98.4127
      vertex 349.067 16.0688 96.8254
      vertex 343.156 16.0688 96.8254
    endloop
  endfacet
  facet normal 0 0.983761 -0.179485
    outer loop
      vertex 349.067 16.4461 98.4127
      vertex 343.156 16.7357 100
      vertex 349.067 16.7357 100
    endloop
  endfacet
  facet normal 0 0.983761 -0.179485
    outer loop
      vertex 343.156 16.7357 100
      vertex 349.067 16.4461 98.4127
      vertex 343.156 16.4461 98.4127
    endloop
  endfacet
  facet normal 0 0.756269 -0.654261
    outer loop
      vertex 349.067 10.9445 0
      vertex 343.156 12.3177 1.5873
      vertex 349.067 12.3177 1.5873
    endloop
  endfacet
  facet normal 0 0.756269 -0.654261
    outer loop
      vertex 343.156 12.3177 1.5873
      vertex 349.067 10.9445 0
      vertex 343.156 10.9445 0
    endloop
  endfacet
  facet normal -1 0 0
    outer loop
      vertex 350.933 16.5163 7.93649
      vertex 350.933 16.5659 11.1111
      vertex 350.933 16.6991 9.5238
    endloop
  endfacet
  facet normal -1 0 0
    outer loop
      vertex 350.933 16.5163 7.93649
      vertex 350.933 16.1318 12.6984
      vertex 350.933 16.5659 11.1111
    endloop
  endfacet
  facet normal -1 0 0
    outer loop
      vertex 350.933 16.0199 6.3492
      vertex 350.933 16.1318 12.6984
      vertex 350.933 16.5163 7.93649
    endloop
  endfacet
  facet normal -1 0 0
    outer loop
      vertex 350.933 16.0199 6.3492
      vertex 350.933 15.429 14.2857
      vertex 350.933 16.1318 12.6984
    endloop
  endfacet
  facet normal -1 0 0
    outer loop
      vertex 350.933 15.2303 4.7619
      vertex 350.933 15.429 14.2857
      vertex 350.933 16.0199 6.3492
    endloop
  endfacet
  facet normal -1 0 0
    outer loop
      vertex 350.933 15.2303 4.7619
      vertex 350.933 14.5043 15.873
      vertex 350.933 15.429 14.2857
    endloop
  endfacet
  facet normal -1 0 0
    outer loop
      vertex 350.933 14.1842 3.17459
      vertex 350.933 14.5043 15.873
      vertex 350.933 15.2303 4.7619
    endloop
  endfacet
  facet normal -1 0 0
    outer loop
      vertex 350.933 0 0
      vertex 350.933 14.5043 15.873
      vertex 350.933 14.1842 3.17459
    endloop
  endfacet
  facet normal -1 0 0
    outer loop
      vertex 350.933 0 0
      vertex 350.933 14.1842 3.17459
      vertex 350.933 12.9333 1.5873
    endloop
  endfacet
  facet normal -1 -0 0
    outer loop
      vertex 350.933 14.5043 15.873
      vertex 350.933 0 0
      vertex 350.933 13.4167 17.4603
    endloop
  endfacet
  facet normal -1 0 0
    outer loop
      vertex 350.933 0 0
      vertex 350.933 12.9333 1.5873
      vertex 350.933 11.5408 0
    endloop
  endfacet
  facet normal -1 -0 0
    outer loop
      vertex 350.933 13.4167 17.4603
      vertex 350.933 0 0
      vertex 350.933 12.2337 19.0476
    endloop
  endfacet
  facet normal -1 -0 0
    outer loop
      vertex 350.933 12.2337 19.0476
      vertex 350.933 0 0
      vertex 350.933 11.0277 20.6349
    endloop
  endfacet
  facet normal -1 -0 0
    outer loop
      vertex 350.933 11.0277 20.6349
      vertex 350.933 0 0
      vertex 350.933 9.87131 22.2222
    endloop
  endfacet
  facet normal -1 -0 0
    outer loop
      vertex 350.933 9.87131 22.2222
      vertex 350.933 0 0
      vertex 350.933 8.83376 23.8095
    endloop
  endfacet
  facet normal -1 -0 0
    outer loop
      vertex 350.933 8.83376 23.8095
      vertex 350.933 0 0
      vertex 350.933 7.97661 25.3968
    endloop
  endfacet
  facet normal -1 -0 0
    outer loop
      vertex 350.933 7.97661 25.3968
      vertex 350.933 0 0
      vertex 350.933 7.35048 26.9841
    endloop
  endfacet
  facet normal -1 -0 0
    outer loop
      vertex 350.933 6.99223 28.5714
      vertex 350.933 0 0
      vertex 350.933 6.9231 30.1587
    endloop
  endfacet
  facet normal -1 -0 0
    outer loop
      vertex 350.933 7.35048 26.9841
      vertex 350.933 0 0
      vertex 350.933 6.99223 28.5714
    endloop
  endfacet
  facet normal -1 0 0
    outer loop
      vertex 350.933 17.9353 50.7936
      vertex 350.933 17.6805 53.9682
      vertex 350.933 17.9405 52.381
    endloop
  endfacet
  facet normal -1 0 0
    outer loop
      vertex 350.933 17.6598 49.2063
      vertex 350.933 17.6805 53.9682
      vertex 350.933 17.9353 50.7936
    endloop
  endfacet
  facet normal -1 0 0
    outer loop
      vertex 350.933 17.6598 49.2063
      vertex 350.933 17.1736 55.5555
      vertex 350.933 17.6805 53.9682
    endloop
  endfacet
  facet normal -1 0 0
    outer loop
      vertex 350.933 17.1229 47.619
      vertex 350.933 17.1736 55.5555
      vertex 350.933 17.6598 49.2063
    endloop
  endfacet
  facet normal -1 0 0
    outer loop
      vertex 350.933 16.3477 46.0317
      vertex 350.933 17.1736 55.5555
      vertex 350.933 17.1229 47.619
    endloop
  endfacet
  facet normal -1 -0 0
    outer loop
      vertex 350.933 17.1736 55.5555
      vertex 350.933 16.3477 46.0317
      vertex 350.933 16.4497 57.1429
    endloop
  endfacet
  facet normal -1 0 0
    outer loop
      vertex 350.933 15.3704 44.4444
      vertex 350.933 16.4497 57.1429
      vertex 350.933 16.3477 46.0317
    endloop
  endfacet
  facet normal -1 -0 0
    outer loop
      vertex 350.933 16.4497 57.1429
      vertex 350.933 15.3704 44.4444
      vertex 350.933 15.5484 58.7301
    endloop
  endfacet
  facet normal -1 0 0
    outer loop
      vertex 350.933 14.2388 42.8571
      vertex 350.933 15.5484 58.7301
      vertex 350.933 15.3704 44.4444
    endloop
  endfacet
  facet normal -1 -0 0
    outer loop
      vertex 350.933 15.5484 58.7301
      vertex 350.933 14.2388 42.8571
      vertex 350.933 14.5163 60.3175
    endloop
  endfacet
  facet normal -1 0 0
    outer loop
      vertex 350.933 13.0101 41.2698
      vertex 350.933 14.5163 60.3175
      vertex 350.933 14.2388 42.8571
    endloop
  endfacet
  facet normal -1 -0 0
    outer loop
      vertex 350.933 14.5163 60.3175
      vertex 350.933 13.0101 41.2698
      vertex 350.933 13.4044 61.9048
    endloop
  endfacet
  facet normal -1 0 0
    outer loop
      vertex 350.933 13.0101 41.2698
      vertex 350.933 12.2651 63.4921
      vertex 350.933 13.4044 61.9048
    endloop
  endfacet
  facet normal -1 0 0
    outer loop
      vertex 350.933 11.7476 39.6825
      vertex 350.933 12.2651 63.4921
      vertex 350.933 13.0101 41.2698
    endloop
  endfacet
  facet normal -1 0 0
    outer loop
      vertex 350.933 11.7476 39.6825
      vertex 350.933 11.1492 65.0794
      vertex 350.933 12.2651 63.4921
    endloop
  endfacet
  facet normal -1 0 0
    outer loop
      vertex 350.933 10.5178 38.0952
      vertex 350.933 11.1492 65.0794
      vertex 350.933 11.7476 39.6825
    endloop
  endfacet
  facet normal -1 0 0
    outer loop
      vertex 350.933 10.5178 38.0952
      vertex 350.933 10.1036 66.6667
      vertex 350.933 11.1492 65.0794
    endloop
  endfacet
  facet normal -1 0 0
    outer loop
      vertex 350.933 9.38623 36.5079
      vertex 350.933 10.1036 66.6667
      vertex 350.933 10.5178 38.0952
    endloop
  endfacet
  facet normal -1 0 0
    outer loop
      vertex 350.933 9.38623 36.5079
      vertex 350.933 9.16919 68.254
      vertex 350.933 10.1036 66.6667
    endloop
  endfacet
  facet normal -1 0 0
    outer loop
      vertex 350.933 8.41394 34.9206
      vertex 350.933 9.16919 68.254
      vertex 350.933 9.38623 36.5079
    endloop
  endfacet
  facet normal -1 0 0
    outer loop
      vertex 350.933 8.41394 34.9206
      vertex 350.933 8.3788 69.8413
      vertex 350.933 9.16919 68.254
    endloop
  endfacet
  facet normal -1 0 0
    outer loop
      vertex 350.933 7.65387 33.3333
      vertex 350.933 8.3788 69.8413
      vertex 350.933 8.41394 34.9206
    endloop
  endfacet
  facet normal -1 -0 0
    outer loop
      vertex 350.933 8.3788 69.8413
      vertex 350.933 7.65387 33.3333
      vertex 350.933 7.75635 71.4286
    endloop
  endfacet
  facet normal -1 0 0
    outer loop
      vertex 350.933 7.14766 31.746
      vertex 350.933 7.75635 71.4286
      vertex 350.933 7.65387 33.3333
    endloop
  endfacet
  facet normal -1 -0 0
    outer loop
      vertex 350.933 7.75635 71.4286
      vertex 350.933 7.14766 31.746
      vertex 350.933 7.31616 73.0159
    endloop
  endfacet
  facet normal -1 0 0
    outer loop
      vertex 350.933 7.14766 31.746
      vertex 350.933 7.06302 74.6032
      vertex 350.933 7.31616 73.0159
    endloop
  endfacet
  facet normal -1 0 0
    outer loop
      vertex 350.933 0 100
      vertex 350.933 7.06302 74.6032
      vertex 350.933 7.14766 31.746
    endloop
  endfacet
  facet normal -1 0 0
    outer loop
      vertex 350.933 0 100
      vertex 350.933 7.14766 31.746
      vertex 350.933 6.9231 30.1587
    endloop
  endfacet
  facet normal -1 0 0
    outer loop
      vertex 350.933 0 100
      vertex 350.933 13.077 98.4127
      vertex 350.933 12.8411 96.8254
    endloop
  endfacet
  facet normal -1 0 0
    outer loop
      vertex 350.933 0 100
      vertex 350.933 12.8411 96.8254
      vertex 350.933 12.5237 95.2381
    endloop
  endfacet
  facet normal -1 0 0
    outer loop
      vertex 350.933 0 100
      vertex 350.933 12.5237 95.2381
      vertex 350.933 12.129 93.6508
    endloop
  endfacet
  facet normal -1 0 0
    outer loop
      vertex 350.933 0 100
      vertex 350.933 12.129 93.6508
      vertex 350.933 11.6638 92.0635
    endloop
  endfacet
  facet normal -1 0 0
    outer loop
      vertex 350.933 0 100
      vertex 350.933 11.6638 92.0635
      vertex 350.933 11.1381 90.4762
    endloop
  endfacet
  facet normal -1 0 0
    outer loop
      vertex 350.933 0 100
      vertex 350.933 11.1381 90.4762
      vertex 350.933 10.5652 88.8889
    endloop
  endfacet
  facet normal -1 0 0
    outer loop
      vertex 350.933 0 100
      vertex 350.933 10.5652 88.8889
      vertex 350.933 9.96268 87.3016
    endloop
  endfacet
  facet normal -1 0 0
    outer loop
      vertex 350.933 0 100
      vertex 350.933 9.96268 87.3016
      vertex 350.933 9.35156 85.7143
    endloop
  endfacet
  facet normal -1 0 0
    outer loop
      vertex 350.933 0 100
      vertex 350.933 9.35156 85.7143
      vertex 350.933 8.75645 84.127
    endloop
  endfacet
  facet normal -1 0 0
    outer loop
      vertex 350.933 0 100
      vertex 350.933 8.75645 84.127
      vertex 350.933 8.2045 82.5397
    endloop
  endfacet
  facet normal -1 0 0
    outer loop
      vertex 350.933 0 100
      vertex 350.933 8.2045 82.5397
      vertex 350.933 7.72435 80.9524
    endloop
  endfacet
  facet normal -1 0 0
    outer loop
      vertex 350.933 0 100
      vertex 350.933 6.9231 30.1587
      vertex 350.933 0 0
    endloop
  endfacet
  facet normal -1 0 0
    outer loop
      vertex 350.933 7.06302 74.6032
      vertex 350.933 0 100
      vertex 350.933 6.99268 76.1905
    endloop
  endfacet
  facet normal -1 0 0
    outer loop
      vertex 350.933 13.077 98.4127
      vertex 350.933 0 100
      vertex 350.933 13.2293 100
    endloop
  endfacet
  facet normal -1 0 0
    outer loop
      vertex 350.933 7.34474 79.3651
      vertex 350.933 0 100
      vertex 350.933 7.72435 80.9524
    endloop
  endfacet
  facet normal -1 0 0
    outer loop
      vertex 350.933 7.09288 77.7778
      vertex 350.933 0 100
      vertex 350.933 7.34474 79.3651
    endloop
  endfacet
  facet normal -1 0 0
    outer loop
      vertex 350.933 6.99268 76.1905
      vertex 350.933 0 100
      vertex 350.933 7.09288 77.7778
    endloop
  endfacet
  facet normal 1 -0 0
    outer loop
      vertex 356.844 0 100
      vertex 356.844 13.077 98.4127
      vertex 356.844 13.2293 100
    endloop
  endfacet
  facet normal 1 0 0
    outer loop
      vertex 356.844 13.077 98.4127
      vertex 356.844 0 100
      vertex 356.844 12.8411 96.8254
    endloop
  endfacet
  facet normal 1 0 0
    outer loop
      vertex 356.844 12.8411 96.8254
      vertex 356.844 0 100
      vertex 356.844 12.5237 95.2381
    endloop
  endfacet
  facet normal 1 0 0
    outer loop
      vertex 356.844 12.5237 95.2381
      vertex 356.844 0 100
      vertex 356.844 12.129 93.6508
    endloop
  endfacet
  facet normal 1 0 0
    outer loop
      vertex 356.844 12.129 93.6508
      vertex 356.844 0 100
      vertex 356.844 11.6638 92.0635
    endloop
  endfacet
  facet normal 1 0 0
    outer loop
      vertex 356.844 11.6638 92.0635
      vertex 356.844 0 100
      vertex 356.844 11.1381 90.4762
    endloop
  endfacet
  facet normal 1 0 0
    outer loop
      vertex 356.844 11.1381 90.4762
      vertex 356.844 0 100
      vertex 356.844 10.5652 88.8889
    endloop
  endfacet
  facet normal 1 0 0
    outer loop
      vertex 356.844 10.5652 88.8889
      vertex 356.844 0 100
      vertex 356.844 9.96268 87.3016
    endloop
  endfacet
  facet normal 1 0 0
    outer loop
      vertex 356.844 9.96268 87.3016
      vertex 356.844 0 100
      vertex 356.844 9.35156 85.7143
    endloop
  endfacet
  facet normal 1 0 0
    outer loop
      vertex 356.844 9.35156 85.7143
      vertex 356.844 0 100
      vertex 356.844 8.75645 84.127
    endloop
  endfacet
  facet normal 1 0 0
    outer loop
      vertex 356.844 8.75645 84.127
      vertex 356.844 0 100
      vertex 356.844 8.2045 82.5397
    endloop
  endfacet
  facet normal 1 0 0
    outer loop
      vertex 356.844 7.14766 31.746
      vertex 356.844 0 100
      vertex 356.844 6.9231 30.1587
    endloop
  endfacet
  facet normal 1 0 0
    outer loop
      vertex 356.844 7.09288 77.7778
      vertex 356.844 0 100
      vertex 356.844 6.99268 76.1905
    endloop
  endfacet
  facet normal 1 0 0
    outer loop
      vertex 356.844 7.34474 79.3651
      vertex 356.844 0 100
      vertex 356.844 7.09288 77.7778
    endloop
  endfacet
  facet normal 1 0 0
    outer loop
      vertex 356.844 7.72435 80.9524
      vertex 356.844 0 100
      vertex 356.844 7.34474 79.3651
    endloop
  endfacet
  facet normal 1 0 0
    outer loop
      vertex 356.844 8.2045 82.5397
      vertex 356.844 0 100
      vertex 356.844 7.72435 80.9524
    endloop
  endfacet
  facet normal 1 0 0
    outer loop
      vertex 356.844 17.6805 53.9682
      vertex 356.844 17.9353 50.7936
      vertex 356.844 17.9405 52.381
    endloop
  endfacet
  facet normal 1 0 0
    outer loop
      vertex 356.844 17.6805 53.9682
      vertex 356.844 17.6598 49.2063
      vertex 356.844 17.9353 50.7936
    endloop
  endfacet
  facet normal 1 0 0
    outer loop
      vertex 356.844 17.1736 55.5555
      vertex 356.844 17.6598 49.2063
      vertex 356.844 17.6805 53.9682
    endloop
  endfacet
  facet normal 1 0 0
    outer loop
      vertex 356.844 17.1736 55.5555
      vertex 356.844 17.1229 47.619
      vertex 356.844 17.6598 49.2063
    endloop
  endfacet
  facet normal 1 0 0
    outer loop
      vertex 356.844 16.3477 46.0317
      vertex 356.844 17.1736 55.5555
      vertex 356.844 16.4497 57.1429
    endloop
  endfacet
  facet normal 1 0 0
    outer loop
      vertex 356.844 17.1736 55.5555
      vertex 356.844 16.3477 46.0317
      vertex 356.844 17.1229 47.619
    endloop
  endfacet
  facet normal 1 0 0
    outer loop
      vertex 356.844 15.3704 44.4444
      vertex 356.844 16.4497 57.1429
      vertex 356.844 15.5484 58.7301
    endloop
  endfacet
  facet normal 1 0 0
    outer loop
      vertex 356.844 16.4497 57.1429
      vertex 356.844 15.3704 44.4444
      vertex 356.844 16.3477 46.0317
    endloop
  endfacet
  facet normal 1 0 0
    outer loop
      vertex 356.844 14.2388 42.8571
      vertex 356.844 15.5484 58.7301
      vertex 356.844 14.5163 60.3175
    endloop
  endfacet
  facet normal 1 0 0
    outer loop
      vertex 356.844 15.5484 58.7301
      vertex 356.844 14.2388 42.8571
      vertex 356.844 15.3704 44.4444
    endloop
  endfacet
  facet normal 1 0 0
    outer loop
      vertex 356.844 13.0101 41.2698
      vertex 356.844 14.5163 60.3175
      vertex 356.844 13.4044 61.9048
    endloop
  endfacet
  facet normal 1 0 0
    outer loop
      vertex 356.844 14.5163 60.3175
      vertex 356.844 13.0101 41.2698
      vertex 356.844 14.2388 42.8571
    endloop
  endfacet
  facet normal 1 0 0
    outer loop
      vertex 356.844 12.2651 63.4921
      vertex 356.844 13.0101 41.2698
      vertex 356.844 13.4044 61.9048
    endloop
  endfacet
  facet normal 1 0 0
    outer loop
      vertex 356.844 12.2651 63.4921
      vertex 356.844 11.7476 39.6825
      vertex 356.844 13.0101 41.2698
    endloop
  endfacet
  facet normal 1 0 0
    outer loop
      vertex 356.844 11.1492 65.0794
      vertex 356.844 11.7476 39.6825
      vertex 356.844 12.2651 63.4921
    endloop
  endfacet
  facet normal 1 0 0
    outer loop
      vertex 356.844 11.1492 65.0794
      vertex 356.844 10.5178 38.0952
      vertex 356.844 11.7476 39.6825
    endloop
  endfacet
  facet normal 1 0 0
    outer loop
      vertex 356.844 10.1036 66.6667
      vertex 356.844 10.5178 38.0952
      vertex 356.844 11.1492 65.0794
    endloop
  endfacet
  facet normal 1 0 0
    outer loop
      vertex 356.844 10.1036 66.6667
      vertex 356.844 9.38623 36.5079
      vertex 356.844 10.5178 38.0952
    endloop
  endfacet
  facet normal 1 0 0
    outer loop
      vertex 356.844 9.16919 68.254
      vertex 356.844 9.38623 36.5079
      vertex 356.844 10.1036 66.6667
    endloop
  endfacet
  facet normal 1 0 0
    outer loop
      vertex 356.844 9.16919 68.254
      vertex 356.844 8.41394 34.9206
      vertex 356.844 9.38623 36.5079
    endloop
  endfacet
  facet normal 1 0 0
    outer loop
      vertex 356.844 8.3788 69.8413
      vertex 356.844 8.41394 34.9206
      vertex 356.844 9.16919 68.254
    endloop
  endfacet
  facet normal 1 0 0
    outer loop
      vertex 356.844 7.65387 33.3333
      vertex 356.844 8.3788 69.8413
      vertex 356.844 7.75635 71.4286
    endloop
  endfacet
  facet normal 1 0 0
    outer loop
      vertex 356.844 8.3788 69.8413
      vertex 356.844 7.65387 33.3333
      vertex 356.844 8.41394 34.9206
    endloop
  endfacet
  facet normal 1 0 0
    outer loop
      vertex 356.844 7.14766 31.746
      vertex 356.844 7.75635 71.4286
      vertex 356.844 7.31616 73.0159
    endloop
  endfacet
  facet normal 1 0 0
    outer loop
      vertex 356.844 7.75635 71.4286
      vertex 356.844 7.14766 31.746
      vertex 356.844 7.65387 33.3333
    endloop
  endfacet
  facet normal 1 0 0
    outer loop
      vertex 356.844 7.06302 74.6032
      vertex 356.844 7.14766 31.746
      vertex 356.844 7.31616 73.0159
    endloop
  endfacet
  facet normal 1 0 0
    outer loop
      vertex 356.844 0 100
      vertex 356.844 7.06302 74.6032
      vertex 356.844 6.99268 76.1905
    endloop
  endfacet
  facet normal 1 0 0
    outer loop
      vertex 356.844 0 100
      vertex 356.844 7.14766 31.746
      vertex 356.844 7.06302 74.6032
    endloop
  endfacet
  facet normal 1 0 0
    outer loop
      vertex 356.844 16.5659 11.1111
      vertex 356.844 16.5163 7.93649
      vertex 356.844 16.6991 9.5238
    endloop
  endfacet
  facet normal 1 0 0
    outer loop
      vertex 356.844 16.1318 12.6984
      vertex 356.844 16.5163 7.93649
      vertex 356.844 16.5659 11.1111
    endloop
  endfacet
  facet normal 1 0 0
    outer loop
      vertex 356.844 16.1318 12.6984
      vertex 356.844 16.0199 6.3492
      vertex 356.844 16.5163 7.93649
    endloop
  endfacet
  facet normal 1 0 0
    outer loop
      vertex 356.844 15.429 14.2857
      vertex 356.844 16.0199 6.3492
      vertex 356.844 16.1318 12.6984
    endloop
  endfacet
  facet normal 1 0 0
    outer loop
      vertex 356.844 15.429 14.2857
      vertex 356.844 15.2303 4.7619
      vertex 356.844 16.0199 6.3492
    endloop
  endfacet
  facet normal 1 0 0
    outer loop
      vertex 356.844 14.5043 15.873
      vertex 356.844 15.2303 4.7619
      vertex 356.844 15.429 14.2857
    endloop
  endfacet
  facet normal 1 0 0
    outer loop
      vertex 356.844 14.5043 15.873
      vertex 356.844 14.1842 3.17459
      vertex 356.844 15.2303 4.7619
    endloop
  endfacet
  facet normal 1 0 0
    outer loop
      vertex 356.844 0 0
      vertex 356.844 14.5043 15.873
      vertex 356.844 13.4167 17.4603
    endloop
  endfacet
  facet normal 1 0 0
    outer loop
      vertex 356.844 14.5043 15.873
      vertex 356.844 0 0
      vertex 356.844 14.1842 3.17459
    endloop
  endfacet
  facet normal 1 0 0
    outer loop
      vertex 356.844 0 0
      vertex 356.844 13.4167 17.4603
      vertex 356.844 12.2337 19.0476
    endloop
  endfacet
  facet normal 1 0 0
    outer loop
      vertex 356.844 14.1842 3.17459
      vertex 356.844 0 0
      vertex 356.844 12.9333 1.5873
    endloop
  endfacet
  facet normal 1 0 0
    outer loop
      vertex 356.844 0 0
      vertex 356.844 12.2337 19.0476
      vertex 356.844 11.0277 20.6349
    endloop
  endfacet
  facet normal 1 0 0
    outer loop
      vertex 356.844 0 0
      vertex 356.844 11.0277 20.6349
      vertex 356.844 9.87131 22.2222
    endloop
  endfacet
  facet normal 1 0 0
    outer loop
      vertex 356.844 0 0
      vertex 356.844 9.87131 22.2222
      vertex 356.844 8.83376 23.8095
    endloop
  endfacet
  facet normal 1 0 0
    outer loop
      vertex 356.844 0 0
      vertex 356.844 8.83376 23.8095
      vertex 356.844 7.97661 25.3968
    endloop
  endfacet
  facet normal 1 0 0
    outer loop
      vertex 356.844 0 0
      vertex 356.844 7.97661 25.3968
      vertex 356.844 7.35048 26.9841
    endloop
  endfacet
  facet normal 1 0 0
    outer loop
      vertex 356.844 0 0
      vertex 356.844 7.35048 26.9841
      vertex 356.844 6.99223 28.5714
    endloop
  endfacet
  facet normal 1 0 0
    outer loop
      vertex 356.844 0 0
      vertex 356.844 6.9231 30.1587
      vertex 356.844 0 100
    endloop
  endfacet
  facet normal 1 0 0
    outer loop
      vertex 356.844 12.9333 1.5873
      vertex 356.844 0 0
      vertex 356.844 11.5408 0
    endloop
  endfacet
  facet normal 1 0 0
    outer loop
      vertex 356.844 6.9231 30.1587
      vertex 356.844 0 0
      vertex 356.844 6.99223 28.5714
    endloop
  endfacet
  facet normal 0 0.785418 -0.618966
    outer loop
      vertex 356.844 12.9333 1.5873
      vertex 350.933 14.1842 3.17459
      vertex 356.844 14.1842 3.17459
    endloop
  endfacet
  facet normal 0 0.785418 -0.618966
    outer loop
      vertex 350.933 14.1842 3.17459
      vertex 356.844 12.9333 1.5873
      vertex 350.933 12.9333 1.5873
    endloop
  endfacet
  facet normal 0 0.834978 -0.550283
    outer loop
      vertex 356.844 14.1842 3.17459
      vertex 350.933 15.2303 4.7619
      vertex 356.844 15.2303 4.7619
    endloop
  endfacet
  facet normal 0 0.834978 -0.550283
    outer loop
      vertex 350.933 15.2303 4.7619
      vertex 356.844 14.1842 3.17459
      vertex 350.933 14.1842 3.17459
    endloop
  endfacet
  facet normal 0 0.895339 -0.445385
    outer loop
      vertex 356.844 15.2303 4.7619
      vertex 350.933 16.0199 6.3492
      vertex 356.844 16.0199 6.3492
    endloop
  endfacet
  facet normal 0 0.895339 -0.445385
    outer loop
      vertex 350.933 16.0199 6.3492
      vertex 356.844 15.2303 4.7619
      vertex 350.933 15.2303 4.7619
    endloop
  endfacet
  facet normal 0 0.954416 -0.298479
    outer loop
      vertex 356.844 16.0199 6.3492
      vertex 350.933 16.5163 7.93649
      vertex 356.844 16.5163 7.93649
    endloop
  endfacet
  facet normal 0 0.954416 -0.298479
    outer loop
      vertex 350.933 16.5163 7.93649
      vertex 356.844 16.0199 6.3492
      vertex 350.933 16.0199 6.3492
    endloop
  endfacet
  facet normal 0 0.993434 -0.114407
    outer loop
      vertex 356.844 16.5163 7.93649
      vertex 350.933 16.6991 9.5238
      vertex 356.844 16.6991 9.5238
    endloop
  endfacet
  facet normal 0 0.993434 -0.114407
    outer loop
      vertex 350.933 16.6991 9.5238
      vertex 356.844 16.5163 7.93649
      vertex 350.933 16.5163 7.93649
    endloop
  endfacet
  facet normal 0 0.996498 0.0836222
    outer loop
      vertex 356.844 16.6991 9.5238
      vertex 350.933 16.5659 11.1111
      vertex 356.844 16.5659 11.1111
    endloop
  endfacet
  facet normal 0 0.996498 0.0836222
    outer loop
      vertex 350.933 16.5659 11.1111
      vertex 356.844 16.6991 9.5238
      vertex 350.933 16.6991 9.5238
    endloop
  endfacet
  facet normal 0 0.964578 0.263796
    outer loop
      vertex 356.844 16.5659 11.1111
      vertex 350.933 16.1318 12.6984
      vertex 356.844 16.1318 12.6984
    endloop
  endfacet
  facet normal 0 0.964578 0.263796
    outer loop
      vertex 350.933 16.1318 12.6984
      vertex 356.844 16.5659 11.1111
      vertex 350.933 16.5659 11.1111
    endloop
  endfacet
  facet normal 0 0.914381 0.404855
    outer loop
      vertex 356.844 16.1318 12.6984
      vertex 350.933 15.429 14.2857
      vertex 356.844 15.429 14.2857
    endloop
  endfacet
  facet normal 0 0.914381 0.404855
    outer loop
      vertex 350.933 15.429 14.2857
      vertex 356.844 16.1318 12.6984
      vertex 350.933 16.1318 12.6984
    endloop
  endfacet
  facet normal 0 0.864069 0.503373
    outer loop
      vertex 356.844 15.429 14.2857
      vertex 350.933 14.5043 15.873
      vertex 356.844 14.5043 15.873
    endloop
  endfacet
  facet normal 0 0.864069 0.503373
    outer loop
      vertex 350.933 14.5043 15.873
      vertex 356.844 15.429 14.2857
      vertex 350.933 15.429 14.2857
    endloop
  endfacet
  facet normal 0 0.824931 0.565233
    outer loop
      vertex 356.844 14.5043 15.873
      vertex 350.933 13.4167 17.4603
      vertex 356.844 13.4167 17.4603
    endloop
  endfacet
  facet normal 0 0.824931 0.565233
    outer loop
      vertex 350.933 13.4167 17.4603
      vertex 356.844 14.5043 15.873
      vertex 350.933 14.5043 15.873
    endloop
  endfacet
  facet normal 0 0.801809 0.597581
    outer loop
      vertex 356.844 13.4167 17.4603
      vertex 350.933 12.2337 19.0476
      vertex 356.844 12.2337 19.0476
    endloop
  endfacet
  facet normal 0 0.801809 0.597581
    outer loop
      vertex 350.933 12.2337 19.0476
      vertex 356.844 13.4167 17.4603
      vertex 350.933 13.4167 17.4603
    endloop
  endfacet
  facet normal 0 0.796246 0.604973
    outer loop
      vertex 356.844 12.2337 19.0476
      vertex 350.933 11.0277 20.6349
      vertex 356.844 11.0277 20.6349
    endloop
  endfacet
  facet normal 0 0.796246 0.604973
    outer loop
      vertex 350.933 11.0277 20.6349
      vertex 356.844 12.2337 19.0476
      vertex 350.933 12.2337 19.0476
    endloop
  endfacet
  facet normal 0 0.808254 0.588834
    outer loop
      vertex 356.844 11.0277 20.6349
      vertex 350.933 9.87131 22.2222
      vertex 356.844 9.87131 22.2222
    endloop
  endfacet
  facet normal 0 0.808254 0.588834
    outer loop
      vertex 350.933 9.87131 22.2222
      vertex 356.844 11.0277 20.6349
      vertex 350.933 11.0277 20.6349
    endloop
  endfacet
  facet normal 0 0.837042 0.547139
    outer loop
      vertex 356.844 9.87131 22.2222
      vertex 350.933 8.83376 23.8095
      vertex 356.844 8.83376 23.8095
    endloop
  endfacet
  facet normal 0 0.837042 0.547139
    outer loop
      vertex 350.933 8.83376 23.8095
      vertex 356.844 9.87131 22.2222
      vertex 350.933 9.87131 22.2222
    endloop
  endfacet
  facet normal 0 0.879904 0.475152
    outer loop
      vertex 356.844 8.83376 23.8095
      vertex 350.933 7.97661 25.3968
      vertex 356.844 7.97661 25.3968
    endloop
  endfacet
  facet normal 0 0.879904 0.475152
    outer loop
      vertex 350.933 7.97661 25.3968
      vertex 356.844 8.83376 23.8095
      vertex 350.933 8.83376 23.8095
    endloop
  endfacet
  facet normal 0 0.930242 0.366946
    outer loop
      vertex 356.844 7.97661 25.3968
      vertex 350.933 7.35048 26.9841
      vertex 356.844 7.35048 26.9841
    endloop
  endfacet
  facet normal 0 0.930242 0.366946
    outer loop
      vertex 350.933 7.35048 26.9841
      vertex 356.844 7.97661 25.3968
      vertex 350.933 7.97661 25.3968
    endloop
  endfacet
  facet normal 0 0.975464 0.22016
    outer loop
      vertex 356.844 7.35048 26.9841
      vertex 350.933 6.99223 28.5714
      vertex 356.844 6.99223 28.5714
    endloop
  endfacet
  facet normal 0 0.975464 0.22016
    outer loop
      vertex 350.933 6.99223 28.5714
      vertex 356.844 7.35048 26.9841
      vertex 350.933 7.35048 26.9841
    endloop
  endfacet
  facet normal 0 0.999053 0.0435107
    outer loop
      vertex 356.844 6.99223 28.5714
      vertex 350.933 6.9231 30.1587
      vertex 356.844 6.9231 30.1587
    endloop
  endfacet
  facet normal 0 0.999053 0.0435107
    outer loop
      vertex 350.933 6.9231 30.1587
      vertex 356.844 6.99223 28.5714
      vertex 350.933 6.99223 28.5714
    endloop
  endfacet
  facet normal 0 0.99014 -0.140078
    outer loop
      vertex 356.844 6.9231 30.1587
      vertex 350.933 7.14766 31.746
      vertex 356.844 7.14766 31.746
    endloop
  endfacet
  facet normal 0 0.99014 -0.140078
    outer loop
      vertex 350.933 7.14766 31.746
      vertex 356.844 6.9231 30.1587
      vertex 350.933 6.9231 30.1587
    endloop
  endfacet
  facet normal 0 0.952724 -0.303836
    outer loop
      vertex 356.844 7.14766 31.746
      vertex 350.933 7.65387 33.3333
      vertex 356.844 7.65387 33.3333
    endloop
  endfacet
  facet normal 0 0.952724 -0.303836
    outer loop
      vertex 350.933 7.65387 33.3333
      vertex 356.844 7.14766 31.746
      vertex 350.933 7.14766 31.746
    endloop
  endfacet
  facet normal 0 0.901929 -0.431884
    outer loop
      vertex 356.844 7.65387 33.3333
      vertex 350.933 8.41394 34.9206
      vertex 356.844 8.41394 34.9206
    endloop
  endfacet
  facet normal 0 0.901929 -0.431884
    outer loop
      vertex 350.933 8.41394 34.9206
      vertex 356.844 7.65387 33.3333
      vertex 350.933 7.65387 33.3333
    endloop
  endfacet
  facet normal 0 0.852738 -0.522339
    outer loop
      vertex 356.844 8.41394 34.9206
      vertex 350.933 9.38623 36.5079
      vertex 356.844 9.38623 36.5079
    endloop
  endfacet
  facet normal 0 0.852738 -0.522339
    outer loop
      vertex 350.933 9.38623 36.5079
      vertex 356.844 8.41394 34.9206
      vertex 350.933 8.41394 34.9206
    endloop
  endfacet
  facet normal 0 0.814271 -0.580485
    outer loop
      vertex 356.844 9.38623 36.5079
      vertex 350.933 10.5178 38.0952
      vertex 356.844 10.5178 38.0952
    endloop
  endfacet
  facet normal 0 0.814271 -0.580485
    outer loop
      vertex 350.933 10.5178 38.0952
      vertex 356.844 9.38623 36.5079
      vertex 350.933 9.38623 36.5079
    endloop
  endfacet
  facet normal 0 0.790501 -0.61246
    outer loop
      vertex 356.844 10.5178 38.0952
      vertex 350.933 11.7476 39.6825
      vertex 356.844 11.7476 39.6825
    endloop
  endfacet
  facet normal 0 0.790501 -0.61246
    outer loop
      vertex 350.933 11.7476 39.6825
      vertex 356.844 10.5178 38.0952
      vertex 350.933 10.5178 38.0952
    endloop
  endfacet
  facet normal 0 0.782631 -0.622486
    outer loop
      vertex 356.844 11.7476 39.6825
      vertex 350.933 13.0101 41.2698
      vertex 356.844 13.0101 41.2698
    endloop
  endfacet
  facet normal 0 0.782631 -0.622486
    outer loop
      vertex 350.933 13.0101 41.2698
      vertex 356.844 11.7476 39.6825
      vertex 350.933 11.7476 39.6825
    endloop
  endfacet
  facet normal 0 0.790766 -0.612118
    outer loop
      vertex 356.844 13.0101 41.2698
      vertex 350.933 14.2388 42.8571
      vertex 356.844 14.2388 42.8571
    endloop
  endfacet
  facet normal 0 0.790766 -0.612118
    outer loop
      vertex 350.933 14.2388 42.8571
      vertex 356.844 13.0101 41.2698
      vertex 350.933 13.0101 41.2698
    endloop
  endfacet
  facet normal 0 0.814263 -0.580496
    outer loop
      vertex 356.844 14.2388 42.8571
      vertex 350.933 15.3704 44.4444
      vertex 356.844 15.3704 44.4444
    endloop
  endfacet
  facet normal 0 0.814263 -0.580496
    outer loop
      vertex 350.933 15.3704 44.4444
      vertex 356.844 14.2388 42.8571
      vertex 350.933 14.2388 42.8571
    endloop
  endfacet
  facet normal 0 0.851539 -0.524292
    outer loop
      vertex 356.844 15.3704 44.4444
      vertex 350.933 16.3477 46.0317
      vertex 356.844 16.3477 46.0317
    endloop
  endfacet
  facet normal 0 0.851539 -0.524292
    outer loop
      vertex 350.933 16.3477 46.0317
      vertex 356.844 15.3704 44.4444
      vertex 350.933 15.3704 44.4444
    endloop
  endfacet
  facet normal 0 0.898566 -0.438838
    outer loop
      vertex 356.844 16.3477 46.0317
      vertex 350.933 17.1229 47.619
      vertex 356.844 17.1229 47.619
    endloop
  endfacet
  facet normal 0 0.898566 -0.438838
    outer loop
      vertex 350.933 17.1229 47.619
      vertex 356.844 16.3477 46.0317
      vertex 350.933 16.3477 46.0317
    endloop
  endfacet
  facet normal 0 0.947278 -0.320414
    outer loop
      vertex 356.844 17.1229 47.619
      vertex 350.933 17.6598 49.2063
      vertex 356.844 17.6598 49.2063
    endloop
  endfacet
  facet normal 0 0.947278 -0.320414
    outer loop
      vertex 350.933 17.6598 49.2063
      vertex 356.844 17.1229 47.619
      vertex 350.933 17.1229 47.619
    endloop
  endfacet
  facet normal 0 0.98527 -0.171008
    outer loop
      vertex 356.844 17.6598 49.2063
      vertex 350.933 17.9353 50.7936
      vertex 356.844 17.9353 50.7936
    endloop
  endfacet
  facet normal 0 0.98527 -0.171008
    outer loop
      vertex 350.933 17.9353 50.7936
      vertex 356.844 17.6598 49.2063
      vertex 350.933 17.6598 49.2063
    endloop
  endfacet
  facet normal 0 0.999995 -0.00327578
    outer loop
      vertex 356.844 17.9353 50.7936
      vertex 350.933 17.9405 52.381
      vertex 356.844 17.9405 52.381
    endloop
  endfacet
  facet normal 0 0.999995 -0.00327578
    outer loop
      vertex 350.933 17.9405 52.381
      vertex 356.844 17.9353 50.7936
      vertex 350.933 17.9353 50.7936
    endloop
  endfacet
  facet normal 0 0.986847 0.161656
    outer loop
      vertex 356.844 17.9405 52.381
      vertex 350.933 17.6805 53.9682
      vertex 356.844 17.6805 53.9682
    endloop
  endfacet
  facet normal 0 0.986847 0.161656
    outer loop
      vertex 350.933 17.6805 53.9682
      vertex 356.844 17.9405 52.381
      vertex 350.933 17.9405 52.381
    endloop
  endfacet
  facet normal 0 0.952604 0.304212
    outer loop
      vertex 356.844 17.6805 53.9682
      vertex 350.933 17.1736 55.5555
      vertex 356.844 17.1736 55.5555
    endloop
  endfacet
  facet normal 0 0.952604 0.304212
    outer loop
      vertex 350.933 17.1736 55.5555
      vertex 356.844 17.6805 53.9682
      vertex 350.933 17.6805 53.9682
    endloop
  endfacet
  facet normal 0 0.909857 0.414921
    outer loop
      vertex 356.844 17.1736 55.5555
      vertex 350.933 16.4497 57.1429
      vertex 356.844 16.4497 57.1429
    endloop
  endfacet
  facet normal 0 0.909857 0.414921
    outer loop
      vertex 350.933 16.4497 57.1429
      vertex 356.844 17.1736 55.5555
      vertex 350.933 17.1736 55.5555
    endloop
  endfacet
  facet normal 0 0.869578 0.493795
    outer loop
      vertex 356.844 16.4497 57.1429
      vertex 350.933 15.5484 58.7301
      vertex 356.844 15.5484 58.7301
    endloop
  endfacet
  facet normal 0 0.869578 0.493795
    outer loop
      vertex 350.933 15.5484 58.7301
      vertex 356.844 16.4497 57.1429
      vertex 350.933 16.4497 57.1429
    endloop
  endfacet
  facet normal 0 0.838374 0.545096
    outer loop
      vertex 356.844 15.5484 58.7301
      vertex 350.933 14.5163 60.3175
      vertex 356.844 14.5163 60.3175
    endloop
  endfacet
  facet normal 0 0.838374 0.545096
    outer loop
      vertex 350.933 14.5163 60.3175
      vertex 356.844 15.5484 58.7301
      vertex 350.933 15.5484 58.7301
    endloop
  endfacet
  facet normal 0 0.81904 0.573736
    outer loop
      vertex 356.844 14.5163 60.3175
      vertex 350.933 13.4044 61.9048
      vertex 356.844 13.4044 61.9048
    endloop
  endfacet
  facet normal 0 0.81904 0.573736
    outer loop
      vertex 350.933 13.4044 61.9048
      vertex 356.844 14.5163 60.3175
      vertex 350.933 14.5163 60.3175
    endloop
  endfacet
  facet normal 0 0.812396 0.583105
    outer loop
      vertex 356.844 13.4044 61.9048
      vertex 350.933 12.2651 63.4921
      vertex 356.844 12.2651 63.4921
    endloop
  endfacet
  facet normal 0 0.812396 0.583105
    outer loop
      vertex 350.933 12.2651 63.4921
      vertex 356.844 13.4044 61.9048
      vertex 350.933 13.4044 61.9048
    endloop
  endfacet
  facet normal 0 0.81807 0.575118
    outer loop
      vertex 356.844 12.2651 63.4921
      vertex 350.933 11.1492 65.0794
      vertex 356.844 11.1492 65.0794
    endloop
  endfacet
  facet normal 0 0.81807 0.575118
    outer loop
      vertex 350.933 11.1492 65.0794
      vertex 356.844 12.2651 63.4921
      vertex 350.933 12.2651 63.4921
    endloop
  endfacet
  facet normal 0 0.835097 0.550102
    outer loop
      vertex 356.844 11.1492 65.0794
      vertex 350.933 10.1036 66.6667
      vertex 356.844 10.1036 66.6667
    endloop
  endfacet
  facet normal 0 0.835097 0.550102
    outer loop
      vertex 350.933 10.1036 66.6667
      vertex 356.844 11.1492 65.0794
      vertex 350.933 11.1492 65.0794
    endloop
  endfacet
  facet normal 0 0.861767 0.507304
    outer loop
      vertex 356.844 10.1036 66.6667
      vertex 350.933 9.16919 68.254
      vertex 356.844 9.16919 68.254
    endloop
  endfacet
  facet normal 0 0.861767 0.507304
    outer loop
      vertex 350.933 9.16919 68.254
      vertex 356.844 10.1036 66.6667
      vertex 350.933 10.1036 66.6667
    endloop
  endfacet
  facet normal 0 0.895161 0.445742
    outer loop
      vertex 356.844 9.16919 68.254
      vertex 350.933 8.3788 69.8413
      vertex 356.844 8.3788 69.8413
    endloop
  endfacet
  facet normal 0 0.895161 0.445742
    outer loop
      vertex 350.933 8.3788 69.8413
      vertex 356.844 9.16919 68.254
      vertex 350.933 9.16919 68.254
    endloop
  endfacet
  facet normal 0 0.930977 0.365077
    outer loop
      vertex 356.844 8.3788 69.8413
      vertex 350.933 7.75635 71.4286
      vertex 356.844 7.75635 71.4286
    endloop
  endfacet
  facet normal 0 0.930977 0.365077
    outer loop
      vertex 350.933 7.75635 71.4286
      vertex 356.844 8.3788 69.8413
      vertex 350.933 8.3788 69.8413
    endloop
  endfacet
  facet normal 0 0.963632 0.267234
    outer loop
      vertex 356.844 7.75635 71.4286
      vertex 350.933 7.31616 73.0159
      vertex 356.844 7.31616 73.0159
    endloop
  endfacet
  facet normal 0 0.963632 0.267234
    outer loop
      vertex 350.933 7.31616 73.0159
      vertex 356.844 7.75635 71.4286
      vertex 350.933 7.75635 71.4286
    endloop
  endfacet
  facet normal 0 0.987521 0.157488
    outer loop
      vertex 356.844 7.31616 73.0159
      vertex 350.933 7.06302 74.6032
      vertex 356.844 7.06302 74.6032
    endloop
  endfacet
  facet normal 0 0.987521 0.157488
    outer loop
      vertex 350.933 7.06302 74.6032
      vertex 356.844 7.31616 73.0159
      vertex 350.933 7.31616 73.0159
    endloop
  endfacet
  facet normal 0 0.99902 0.0442708
    outer loop
      vertex 356.844 7.06302 74.6032
      vertex 350.933 6.99268 76.1905
      vertex 356.844 6.99268 76.1905
    endloop
  endfacet
  facet normal 0 0.99902 0.0442708
    outer loop
      vertex 350.933 6.99268 76.1905
      vertex 356.844 7.06302 74.6032
      vertex 350.933 7.06302 74.6032
    endloop
  endfacet
  facet normal 0 0.998013 -0.0630007
    outer loop
      vertex 356.844 6.99268 76.1905
      vertex 350.933 7.09288 77.7778
      vertex 356.844 7.09288 77.7778
    endloop
  endfacet
  facet normal 0 0.998013 -0.0630007
    outer loop
      vertex 350.933 7.09288 77.7778
      vertex 356.844 6.99268 76.1905
      vertex 350.933 6.99268 76.1905
    endloop
  endfacet
  facet normal 0 0.987644 -0.156711
    outer loop
      vertex 356.844 7.09288 77.7778
      vertex 350.933 7.34474 79.3651
      vertex 356.844 7.34474 79.3651
    endloop
  endfacet
  facet normal 0 0.987644 -0.156711
    outer loop
      vertex 350.933 7.34474 79.3651
      vertex 356.844 7.09288 77.7778
      vertex 350.933 7.09288 77.7778
    endloop
  endfacet
  facet normal 0 0.972574 -0.232595
    outer loop
      vertex 356.844 7.34474 79.3651
      vertex 350.933 7.72435 80.9524
      vertex 356.844 7.72435 80.9524
    endloop
  endfacet
  facet normal 0 0.972574 -0.232595
    outer loop
      vertex 350.933 7.72435 80.9524
      vertex 356.844 7.34474 79.3651
      vertex 350.933 7.34474 79.3651
    endloop
  endfacet
  facet normal 0 0.957167 -0.289538
    outer loop
      vertex 356.844 7.72435 80.9524
      vertex 350.933 8.2045 82.5397
      vertex 356.844 8.2045 82.5397
    endloop
  endfacet
  facet normal 0 0.957167 -0.289538
    outer loop
      vertex 350.933 8.2045 82.5397
      vertex 356.844 7.72435 80.9524
      vertex 350.933 7.72435 80.9524
    endloop
  endfacet
  facet normal 0 0.944525 -0.328439
    outer loop
      vertex 356.844 8.2045 82.5397
      vertex 350.933 8.75645 84.127
      vertex 356.844 8.75645 84.127
    endloop
  endfacet
  facet normal 0 0.944525 -0.328439
    outer loop
      vertex 350.933 8.75645 84.127
      vertex 356.844 8.2045 82.5397
      vertex 350.933 8.2045 82.5397
    endloop
  endfacet
  facet normal 0 0.936354 -0.351058
    outer loop
      vertex 356.844 8.75645 84.127
      vertex 350.933 9.35156 85.7143
      vertex 356.844 9.35156 85.7143
    endloop
  endfacet
  facet normal 0 0.936354 -0.351058
    outer loop
      vertex 350.933 9.35156 85.7143
      vertex 356.844 8.75645 84.127
      vertex 350.933 8.75645 84.127
    endloop
  endfacet
  facet normal 0 0.933223 -0.359297
    outer loop
      vertex 356.844 9.35156 85.7143
      vertex 350.933 9.96268 87.3016
      vertex 356.844 9.96268 87.3016
    endloop
  endfacet
  facet normal 0 0.933223 -0.359297
    outer loop
      vertex 350.933 9.96268 87.3016
      vertex 356.844 9.35156 85.7143
      vertex 350.933 9.35156 85.7143
    endloop
  endfacet
  facet normal 0 0.934911 -0.354881
    outer loop
      vertex 356.844 9.96268 87.3016
      vertex 350.933 10.5652 88.8889
      vertex 356.844 10.5652 88.8889
    endloop
  endfacet
  facet normal 0 0.934911 -0.354881
    outer loop
      vertex 350.933 10.5652 88.8889
      vertex 356.844 9.96268 87.3016
      vertex 350.933 9.96268 87.3016
    endloop
  endfacet
  facet normal 0 0.940609 -0.339492
    outer loop
      vertex 356.844 10.5652 88.8889
      vertex 350.933 11.1381 90.4762
      vertex 356.844 11.1381 90.4762
    endloop
  endfacet
  facet normal 0 0.940609 -0.339492
    outer loop
      vertex 350.933 11.1381 90.4762
      vertex 356.844 10.5652 88.8889
      vertex 350.933 10.5652 88.8889
    endloop
  endfacet
  facet normal 0 0.949292 -0.314397
    outer loop
      vertex 356.844 11.1381 90.4762
      vertex 350.933 11.6638 92.0635
      vertex 356.844 11.6638 92.0635
    endloop
  endfacet
  facet normal 0 0.949292 -0.314397
    outer loop
      vertex 350.933 11.6638 92.0635
      vertex 356.844 11.1381 90.4762
      vertex 350.933 11.1381 90.4762
    endloop
  endfacet
  facet normal 0 0.959636 -0.281246
    outer loop
      vertex 356.844 11.6638 92.0635
      vertex 350.933 12.129 93.6508
      vertex 356.844 12.129 93.6508
    endloop
  endfacet
  facet normal 0 0.959636 -0.281246
    outer loop
      vertex 350.933 12.129 93.6508
      vertex 356.844 11.6638 92.0635
      vertex 350.933 11.6638 92.0635
    endloop
  endfacet
  facet normal 0 0.970447 -0.241313
    outer loop
      vertex 356.844 12.129 93.6508
      vertex 350.933 12.5237 95.2381
      vertex 356.844 12.5237 95.2381
    endloop
  endfacet
  facet normal 0 0.970447 -0.241313
    outer loop
      vertex 350.933 12.5237 95.2381
      vertex 356.844 12.129 93.6508
      vertex 350.933 12.129 93.6508
    endloop
  endfacet
  facet normal 0 0.980588 -0.19608
    outer loop
      vertex 356.844 12.5237 95.2381
      vertex 350.933 12.8411 96.8254
      vertex 356.844 12.8411 96.8254
    endloop
  endfacet
  facet normal 0 0.980588 -0.19608
    outer loop
      vertex 350.933 12.8411 96.8254
      vertex 356.844 12.5237 95.2381
      vertex 350.933 12.5237 95.2381
    endloop
  endfacet
  facet normal 0 0.989136 -0.147003
    outer loop
      vertex 356.844 12.8411 96.8254
      vertex 350.933 13.077 98.4127
      vertex 356.844 13.077 98.4127
    endloop
  endfacet
  facet normal 0 0.989136 -0.147003
    outer loop
      vertex 350.933 13.077 98.4127
      vertex 356.844 12.8411 96.8254
      vertex 350.933 12.8411 96.8254
    endloop
  endfacet
  facet normal 0 0.995428 -0.0955105
    outer loop
      vertex 356.844 13.077 98.4127
      vertex 350.933 13.2293 100
      vertex 356.844 13.2293 100
    endloop
  endfacet
  facet normal 0 0.995428 -0.0955105
    outer loop
      vertex 350.933 13.2293 100
      vertex 356.844 13.077 98.4127
      vertex 350.933 13.077 98.4127
    endloop
  endfacet
  facet normal 0 0.751728 -0.659473
    outer loop
      vertex 356.844 11.5408 0
      vertex 350.933 12.9333 1.5873
      vertex 356.844 12.9333 1.5873
    endloop
  endfacet
  facet normal 0 0.751728 -0.659473
    outer loop
      vertex 350.933 12.9333 1.5873
      vertex 356.844 11.5408 0
      vertex 350.933 11.5408 0
    endloop
  endfacet
  facet normal -1 0 0
    outer loop
      vertex 358.711 17.0509 7.93649
      vertex 358.711 17.1424 11.1111
      vertex 358.711 17.2569 9.5238
    endloop
  endfacet
  facet normal -1 0 0
    outer loop
      vertex 358.711 17.0509 7.93649
      vertex 358.711 16.7218 12.6984
      vertex 358.711 17.1424 11.1111
    endloop
  endfacet
  facet normal -1 0 0
    outer loop
      vertex 358.711 16.5278 6.3492
      vertex 358.711 16.7218 12.6984
      vertex 358.711 17.0509 7.93649
    endloop
  endfacet
  facet normal -1 0 0
    outer loop
      vertex 358.711 16.5278 6.3492
      vertex 358.711 16.0268 14.2857
      vertex 358.711 16.7218 12.6984
    endloop
  endfacet
  facet normal -1 0 0
    outer loop
      vertex 358.711 15.7091 4.7619
      vertex 358.711 16.0268 14.2857
      vertex 358.711 16.5278 6.3492
    endloop
  endfacet
  facet normal -1 0 0
    outer loop
      vertex 358.711 15.7091 4.7619
      vertex 358.711 15.1037 15.873
      vertex 358.711 16.0268 14.2857
    endloop
  endfacet
  facet normal -1 0 0
    outer loop
      vertex 358.711 14.6332 3.17459
      vertex 358.711 15.1037 15.873
      vertex 358.711 15.7091 4.7619
    endloop
  endfacet
  facet normal -1 0 0
    outer loop
      vertex 358.711 0 0
      vertex 358.711 15.1037 15.873
      vertex 358.711 14.6332 3.17459
    endloop
  endfacet
  facet normal -1 0 0
    outer loop
      vertex 358.711 0 0
      vertex 358.711 14.6332 3.17459
      vertex 358.711 13.3532 1.5873
    endloop
  endfacet
  facet normal -1 -0 0
    outer loop
      vertex 358.711 15.1037 15.873
      vertex 358.711 0 0
      vertex 358.711 14.0114 17.4603
    endloop
  endfacet
  facet normal -1 0 0
    outer loop
      vertex 358.711 0 0
      vertex 358.711 13.3532 1.5873
      vertex 358.711 11.9341 0
    endloop
  endfacet
  facet normal -1 -0 0
    outer loop
      vertex 358.711 14.0114 17.4603
      vertex 358.711 0 0
      vertex 358.711 12.8172 19.0476
    endloop
  endfacet
  facet normal -1 -0 0
    outer loop
      vertex 358.711 12.8172 19.0476
      vertex 358.711 0 0
      vertex 358.711 11.5932 20.6349
    endloop
  endfacet
  facet normal -1 -0 0
    outer loop
      vertex 358.711 11.5932 20.6349
      vertex 358.711 0 0
      vertex 358.711 10.4119 22.2222
    endloop
  endfacet
  facet normal -1 -0 0
    outer loop
      vertex 358.711 10.4119 22.2222
      vertex 358.711 0 0
      vertex 358.711 9.3423 23.8095
    endloop
  endfacet
  facet normal -1 -0 0
    outer loop
      vertex 358.711 9.3423 23.8095
      vertex 358.711 0 0
      vertex 358.711 8.44559 25.3968
    endloop
  endfacet
  facet normal -1 -0 0
    outer loop
      vertex 358.711 8.44559 25.3968
      vertex 358.711 0 0
      vertex 358.711 7.77222 26.9841
    endloop
  endfacet
  facet normal -1 0 0
    outer loop
      vertex 358.711 7.43071 76.1905
      vertex 358.711 0 100
      vertex 358.711 7.26811 77.7778
    endloop
  endfacet
  facet normal -1 -0 0
    outer loop
      vertex 358.711 7.35898 28.5714
      vertex 358.711 0 0
      vertex 358.711 7.22726 30.1587
    endloop
  endfacet
  facet normal -1 -0 0
    outer loop
      vertex 358.711 7.77222 26.9841
      vertex 358.711 0 0
      vertex 358.711 7.35898 28.5714
    endloop
  endfacet
  facet normal -1 0 0
    outer loop
      vertex 358.711 17.667 50.7936
      vertex 358.711 17.5998 53.9682
      vertex 358.711 17.7535 52.381
    endloop
  endfacet
  facet normal -1 0 0
    outer loop
      vertex 358.711 17.337 49.2063
      vertex 358.711 17.5998 53.9682
      vertex 358.711 17.667 50.7936
    endloop
  endfacet
  facet normal -1 0 0
    outer loop
      vertex 358.711 17.337 49.2063
      vertex 358.711 17.2207 55.5555
      vertex 358.711 17.5998 53.9682
    endloop
  endfacet
  facet normal -1 0 0
    outer loop
      vertex 358.711 16.7726 47.619
      vertex 358.711 17.2207 55.5555
      vertex 358.711 17.337 49.2063
    endloop
  endfacet
  facet normal -1 0 0
    outer loop
      vertex 358.711 16.7726 47.619
      vertex 358.711 16.6412 57.1429
      vertex 358.711 17.2207 55.5555
    endloop
  endfacet
  facet normal -1 0 0
    outer loop
      vertex 358.711 15.9955 46.0317
      vertex 358.711 16.6412 57.1429
      vertex 358.711 16.7726 47.619
    endloop
  endfacet
  facet normal -1 0 0
    outer loop
      vertex 358.711 15.9955 46.0317
      vertex 358.711 15.8944 58.7301
      vertex 358.711 16.6412 57.1429
    endloop
  endfacet
  facet normal -1 0 0
    outer loop
      vertex 358.711 15.0397 44.4444
      vertex 358.711 15.8944 58.7301
      vertex 358.711 15.9955 46.0317
    endloop
  endfacet
  facet normal -1 0 0
    outer loop
      vertex 358.711 15.0397 44.4444
      vertex 358.711 15.019 60.3175
      vertex 358.711 15.8944 58.7301
    endloop
  endfacet
  facet normal -1 0 0
    outer loop
      vertex 358.711 13.9495 42.8571
      vertex 358.711 15.019 60.3175
      vertex 358.711 15.0397 44.4444
    endloop
  endfacet
  facet normal -1 -0 0
    outer loop
      vertex 358.711 15.019 60.3175
      vertex 358.711 13.9495 42.8571
      vertex 358.711 14.0574 61.9048
    endloop
  endfacet
  facet normal -1 0 0
    outer loop
      vertex 358.711 12.7783 41.2698
      vertex 358.711 14.0574 61.9048
      vertex 358.711 13.9495 42.8571
    endloop
  endfacet
  facet normal -1 -0 0
    outer loop
      vertex 358.711 14.0574 61.9048
      vertex 358.711 12.7783 41.2698
      vertex 358.711 13.0528 63.4921
    endloop
  endfacet
  facet normal -1 0 0
    outer loop
      vertex 358.711 11.5854 39.6825
      vertex 358.711 13.0528 63.4921
      vertex 358.711 12.7783 41.2698
    endloop
  endfacet
  facet normal -1 -0 0
    outer loop
      vertex 358.711 13.0528 63.4921
      vertex 358.711 11.5854 39.6825
      vertex 358.711 12.0469 65.0794
    endloop
  endfacet
  facet normal -1 0 0
    outer loop
      vertex 358.711 10.4331 38.0952
      vertex 358.711 12.0469 65.0794
      vertex 358.711 11.5854 39.6825
    endloop
  endfacet
  facet normal -1 -0 0
    outer loop
      vertex 358.711 12.0469 65.0794
      vertex 358.711 10.4331 38.0952
      vertex 358.711 11.078 66.6667
    endloop
  endfacet
  facet normal -1 0 0
    outer loop
      vertex 358.711 9.38307 36.5079
      vertex 358.711 11.078 66.6667
      vertex 358.711 10.4331 38.0952
    endloop
  endfacet
  facet normal -1 -0 0
    outer loop
      vertex 358.711 11.078 66.6667
      vertex 358.711 9.38307 36.5079
      vertex 358.711 10.1796 68.254
    endloop
  endfacet
  facet normal -1 0 0
    outer loop
      vertex 358.711 9.38307 36.5079
      vertex 358.711 9.3783 69.8413
      vertex 358.711 10.1796 68.254
    endloop
  endfacet
  facet normal -1 0 0
    outer loop
      vertex 358.711 8.49297 34.9206
      vertex 358.711 9.3783 69.8413
      vertex 358.711 9.38307 36.5079
    endloop
  endfacet
  facet normal -1 -0 0
    outer loop
      vertex 358.711 9.3783 69.8413
      vertex 358.711 8.49297 34.9206
      vertex 358.711 8.69403 71.4286
    endloop
  endfacet
  facet normal -1 0 0
    outer loop
      vertex 358.711 7.81288 33.3333
      vertex 358.711 8.69403 71.4286
      vertex 358.711 8.49297 34.9206
    endloop
  endfacet
  facet normal -1 -0 0
    outer loop
      vertex 358.711 8.69403 71.4286
      vertex 358.711 7.81288 33.3333
      vertex 358.711 8.13907 73.0159
    endloop
  endfacet
  facet normal -1 0 0
    outer loop
      vertex 358.711 7.81288 33.3333
      vertex 358.711 7.71852 74.6032
      vertex 358.711 8.13907 73.0159
    endloop
  endfacet
  facet normal -1 0 0
    outer loop
      vertex 358.711 7.38225 31.746
      vertex 358.711 7.71852 74.6032
      vertex 358.711 7.81288 33.3333
    endloop
  endfacet
  facet normal -1 -0 0
    outer loop
      vertex 358.711 7.71852 74.6032
      vertex 358.711 7.38225 31.746
      vertex 358.711 7.43071 76.1905
    endloop
  endfacet
  facet normal -1 0 0
    outer loop
      vertex 358.711 0 100
      vertex 358.711 7.38225 31.746
      vertex 358.711 0 0
    endloop
  endfacet
  facet normal -1 0 0
    outer loop
      vertex 358.711 0 0
      vertex 358.711 7.38225 31.746
      vertex 358.711 7.22726 30.1587
    endloop
  endfacet
  facet normal -1 0 0
    outer loop
      vertex 358.711 7.38225 31.746
      vertex 358.711 0 100
      vertex 358.711 7.43071 76.1905
    endloop
  endfacet
  facet normal -1 0 0
    outer loop
      vertex 358.711 0 100
      vertex 358.711 9.20769 98.4127
      vertex 358.711 9.16266 96.8254
    endloop
  endfacet
  facet normal -1 0 0
    outer loop
      vertex 358.711 0 100
      vertex 358.711 9.16266 96.8254
      vertex 358.711 9.06935 95.2381
    endloop
  endfacet
  facet normal -1 0 0
    outer loop
      vertex 358.711 0 100
      vertex 358.711 9.06935 95.2381
      vertex 358.711 8.93001 93.6508
    endloop
  endfacet
  facet normal -1 0 0
    outer loop
      vertex 358.711 0 100
      vertex 358.711 8.93001 93.6508
      vertex 358.711 8.74939 92.0635
    endloop
  endfacet
  facet normal -1 0 0
    outer loop
      vertex 358.711 0 100
      vertex 358.711 8.74939 92.0635
      vertex 358.711 8.5349 90.4762
    endloop
  endfacet
  facet normal -1 0 0
    outer loop
      vertex 358.711 0 100
      vertex 358.711 8.5349 90.4762
      vertex 358.711 8.29654 88.8889
    endloop
  endfacet
  facet normal -1 0 0
    outer loop
      vertex 358.711 0 100
      vertex 358.711 8.29654 88.8889
      vertex 358.711 8.04698 87.3016
    endloop
  endfacet
  facet normal -1 0 0
    outer loop
      vertex 358.711 0 100
      vertex 358.711 8.04698 87.3016
      vertex 358.711 7.80125 85.7143
    endloop
  endfacet
  facet normal -1 0 0
    outer loop
      vertex 358.711 0 100
      vertex 358.711 7.80125 85.7143
      vertex 358.711 7.57652 84.127
    endloop
  endfacet
  facet normal -1 0 0
    outer loop
      vertex 358.711 0 100
      vertex 358.711 7.57652 84.127
      vertex 358.711 7.39145 82.5397
    endloop
  endfacet
  facet normal -1 0 0
    outer loop
      vertex 358.711 7.26811 77.7778
      vertex 358.711 0 100
      vertex 358.711 7.21838 79.3651
    endloop
  endfacet
  facet normal -1 0 0
    outer loop
      vertex 358.711 7.21838 79.3651
      vertex 358.711 0 100
      vertex 358.711 7.26558 80.9524
    endloop
  endfacet
  facet normal -1 0 0
    outer loop
      vertex 358.711 9.20769 98.4127
      vertex 358.711 0 100
      vertex 358.711 9.20465 100
    endloop
  endfacet
  facet normal -1 0 0
    outer loop
      vertex 358.711 7.26558 80.9524
      vertex 358.711 0 100
      vertex 358.711 7.39145 82.5397
    endloop
  endfacet
  facet normal 1 -0 0
    outer loop
      vertex 364.622 0 100
      vertex 364.622 9.20769 98.4127
      vertex 364.622 9.20465 100
    endloop
  endfacet
  facet normal 1 0 0
    outer loop
      vertex 364.622 9.20769 98.4127
      vertex 364.622 0 100
      vertex 364.622 9.16266 96.8254
    endloop
  endfacet
  facet normal 1 0 0
    outer loop
      vertex 364.622 9.16266 96.8254
      vertex 364.622 0 100
      vertex 364.622 9.06935 95.2381
    endloop
  endfacet
  facet normal 1 0 0
    outer loop
      vertex 364.622 9.06935 95.2381
      vertex 364.622 0 100
      vertex 364.622 8.93001 93.6508
    endloop
  endfacet
  facet normal 1 0 0
    outer loop
      vertex 364.622 8.93001 93.6508
      vertex 364.622 0 100
      vertex 364.622 8.74939 92.0635
    endloop
  endfacet
  facet normal 1 0 0
    outer loop
      vertex 364.622 8.74939 92.0635
      vertex 364.622 0 100
      vertex 364.622 8.5349 90.4762
    endloop
  endfacet
  facet normal 1 0 0
    outer loop
      vertex 364.622 8.5349 90.4762
      vertex 364.622 0 100
      vertex 364.622 8.29654 88.8889
    endloop
  endfacet
  facet normal 1 0 0
    outer loop
      vertex 364.622 8.29654 88.8889
      vertex 364.622 0 100
      vertex 364.622 8.04698 87.3016
    endloop
  endfacet
  facet normal 1 0 0
    outer loop
      vertex 364.622 8.04698 87.3016
      vertex 364.622 0 100
      vertex 364.622 7.80125 85.7143
    endloop
  endfacet
  facet normal 1 0 0
    outer loop
      vertex 364.622 7.80125 85.7143
      vertex 364.622 0 100
      vertex 364.622 7.57652 84.127
    endloop
  endfacet
  facet normal 1 0 0
    outer loop
      vertex 364.622 7.26558 80.9524
      vertex 364.622 0 100
      vertex 364.622 7.21838 79.3651
    endloop
  endfacet
  facet normal 1 0 0
    outer loop
      vertex 364.622 7.39145 82.5397
      vertex 364.622 0 100
      vertex 364.622 7.26558 80.9524
    endloop
  endfacet
  facet normal 1 0 0
    outer loop
      vertex 364.622 7.57652 84.127
      vertex 364.622 0 100
      vertex 364.622 7.39145 82.5397
    endloop
  endfacet
  facet normal 1 0 0
    outer loop
      vertex 364.622 17.5998 53.9682
      vertex 364.622 17.667 50.7936
      vertex 364.622 17.7535 52.381
    endloop
  endfacet
  facet normal 1 0 0
    outer loop
      vertex 364.622 17.5998 53.9682
      vertex 364.622 17.337 49.2063
      vertex 364.622 17.667 50.7936
    endloop
  endfacet
  facet normal 1 0 0
    outer loop
      vertex 364.622 17.2207 55.5555
      vertex 364.622 17.337 49.2063
      vertex 364.622 17.5998 53.9682
    endloop
  endfacet
  facet normal 1 0 0
    outer loop
      vertex 364.622 17.2207 55.5555
      vertex 364.622 16.7726 47.619
      vertex 364.622 17.337 49.2063
    endloop
  endfacet
  facet normal 1 0 0
    outer loop
      vertex 364.622 16.6412 57.1429
      vertex 364.622 16.7726 47.619
      vertex 364.622 17.2207 55.5555
    endloop
  endfacet
  facet normal 1 0 0
    outer loop
      vertex 364.622 16.6412 57.1429
      vertex 364.622 15.9955 46.0317
      vertex 364.622 16.7726 47.619
    endloop
  endfacet
  facet normal 1 0 0
    outer loop
      vertex 364.622 15.8944 58.7301
      vertex 364.622 15.9955 46.0317
      vertex 364.622 16.6412 57.1429
    endloop
  endfacet
  facet normal 1 0 0
    outer loop
      vertex 364.622 15.8944 58.7301
      vertex 364.622 15.0397 44.4444
      vertex 364.622 15.9955 46.0317
    endloop
  endfacet
  facet normal 1 0 0
    outer loop
      vertex 364.622 15.019 60.3175
      vertex 364.622 15.0397 44.4444
      vertex 364.622 15.8944 58.7301
    endloop
  endfacet
  facet normal 1 0 0
    outer loop
      vertex 364.622 13.9495 42.8571
      vertex 364.622 15.019 60.3175
      vertex 364.622 14.0574 61.9048
    endloop
  endfacet
  facet normal 1 0 0
    outer loop
      vertex 364.622 15.019 60.3175
      vertex 364.622 13.9495 42.8571
      vertex 364.622 15.0397 44.4444
    endloop
  endfacet
  facet normal 1 0 0
    outer loop
      vertex 364.622 12.7783 41.2698
      vertex 364.622 14.0574 61.9048
      vertex 364.622 13.0528 63.4921
    endloop
  endfacet
  facet normal 1 0 0
    outer loop
      vertex 364.622 14.0574 61.9048
      vertex 364.622 12.7783 41.2698
      vertex 364.622 13.9495 42.8571
    endloop
  endfacet
  facet normal 1 0 0
    outer loop
      vertex 364.622 11.5854 39.6825
      vertex 364.622 13.0528 63.4921
      vertex 364.622 12.0469 65.0794
    endloop
  endfacet
  facet normal 1 0 0
    outer loop
      vertex 364.622 13.0528 63.4921
      vertex 364.622 11.5854 39.6825
      vertex 364.622 12.7783 41.2698
    endloop
  endfacet
  facet normal 1 0 0
    outer loop
      vertex 364.622 10.4331 38.0952
      vertex 364.622 12.0469 65.0794
      vertex 364.622 11.078 66.6667
    endloop
  endfacet
  facet normal 1 0 0
    outer loop
      vertex 364.622 12.0469 65.0794
      vertex 364.622 10.4331 38.0952
      vertex 364.622 11.5854 39.6825
    endloop
  endfacet
  facet normal 1 0 0
    outer loop
      vertex 364.622 9.38307 36.5079
      vertex 364.622 11.078 66.6667
      vertex 364.622 10.1796 68.254
    endloop
  endfacet
  facet normal 1 0 0
    outer loop
      vertex 364.622 11.078 66.6667
      vertex 364.622 9.38307 36.5079
      vertex 364.622 10.4331 38.0952
    endloop
  endfacet
  facet normal 1 0 0
    outer loop
      vertex 364.622 9.3783 69.8413
      vertex 364.622 9.38307 36.5079
      vertex 364.622 10.1796 68.254
    endloop
  endfacet
  facet normal 1 0 0
    outer loop
      vertex 364.622 8.49297 34.9206
      vertex 364.622 9.3783 69.8413
      vertex 364.622 8.69403 71.4286
    endloop
  endfacet
  facet normal 1 0 0
    outer loop
      vertex 364.622 9.3783 69.8413
      vertex 364.622 8.49297 34.9206
      vertex 364.622 9.38307 36.5079
    endloop
  endfacet
  facet normal 1 0 0
    outer loop
      vertex 364.622 7.81288 33.3333
      vertex 364.622 8.69403 71.4286
      vertex 364.622 8.13907 73.0159
    endloop
  endfacet
  facet normal 1 0 0
    outer loop
      vertex 364.622 8.69403 71.4286
      vertex 364.622 7.81288 33.3333
      vertex 364.622 8.49297 34.9206
    endloop
  endfacet
  facet normal 1 0 0
    outer loop
      vertex 364.622 7.71852 74.6032
      vertex 364.622 7.81288 33.3333
      vertex 364.622 8.13907 73.0159
    endloop
  endfacet
  facet normal 1 0 0
    outer loop
      vertex 364.622 7.38225 31.746
      vertex 364.622 7.71852 74.6032
      vertex 364.622 7.43071 76.1905
    endloop
  endfacet
  facet normal 1 0 0
    outer loop
      vertex 364.622 7.71852 74.6032
      vertex 364.622 7.38225 31.746
      vertex 364.622 7.81288 33.3333
    endloop
  endfacet
  facet normal 1 0 0
    outer loop
      vertex 364.622 0 100
      vertex 364.622 7.43071 76.1905
      vertex 364.622 7.26811 77.7778
    endloop
  endfacet
  facet normal 1 0 0
    outer loop
      vertex 364.622 7.43071 76.1905
      vertex 364.622 0 100
      vertex 364.622 7.38225 31.746
    endloop
  endfacet
  facet normal 1 0 0
    outer loop
      vertex 364.622 0 100
      vertex 364.622 7.26811 77.7778
      vertex 364.622 7.21838 79.3651
    endloop
  endfacet
  facet normal 1 0 0
    outer loop
      vertex 364.622 17.1424 11.1111
      vertex 364.622 17.0509 7.93649
      vertex 364.622 17.2569 9.5238
    endloop
  endfacet
  facet normal 1 0 0
    outer loop
      vertex 364.622 16.7218 12.6984
      vertex 364.622 17.0509 7.93649
      vertex 364.622 17.1424 11.1111
    endloop
  endfacet
  facet normal 1 0 0
    outer loop
      vertex 364.622 16.7218 12.6984
      vertex 364.622 16.5278 6.3492
      vertex 364.622 17.0509 7.93649
    endloop
  endfacet
  facet normal 1 0 0
    outer loop
      vertex 364.622 16.0268 14.2857
      vertex 364.622 16.5278 6.3492
      vertex 364.622 16.7218 12.6984
    endloop
  endfacet
  facet normal 1 0 0
    outer loop
      vertex 364.622 16.0268 14.2857
      vertex 364.622 15.7091 4.7619
      vertex 364.622 16.5278 6.3492
    endloop
  endfacet
  facet normal 1 0 0
    outer loop
      vertex 364.622 15.1037 15.873
      vertex 364.622 15.7091 4.7619
      vertex 364.622 16.0268 14.2857
    endloop
  endfacet
  facet normal 1 0 0
    outer loop
      vertex 364.622 15.1037 15.873
      vertex 364.622 14.6332 3.17459
      vertex 364.622 15.7091 4.7619
    endloop
  endfacet
  facet normal 1 0 0
    outer loop
      vertex 364.622 0 0
      vertex 364.622 15.1037 15.873
      vertex 364.622 14.0114 17.4603
    endloop
  endfacet
  facet normal 1 0 0
    outer loop
      vertex 364.622 15.1037 15.873
      vertex 364.622 0 0
      vertex 364.622 14.6332 3.17459
    endloop
  endfacet
  facet normal 1 0 0
    outer loop
      vertex 364.622 0 0
      vertex 364.622 14.0114 17.4603
      vertex 364.622 12.8172 19.0476
    endloop
  endfacet
  facet normal 1 0 0
    outer loop
      vertex 364.622 14.6332 3.17459
      vertex 364.622 0 0
      vertex 364.622 13.3532 1.5873
    endloop
  endfacet
  facet normal 1 0 0
    outer loop
      vertex 364.622 0 0
      vertex 364.622 12.8172 19.0476
      vertex 364.622 11.5932 20.6349
    endloop
  endfacet
  facet normal 1 0 0
    outer loop
      vertex 364.622 0 0
      vertex 364.622 11.5932 20.6349
      vertex 364.622 10.4119 22.2222
    endloop
  endfacet
  facet normal 1 0 0
    outer loop
      vertex 364.622 0 0
      vertex 364.622 10.4119 22.2222
      vertex 364.622 9.3423 23.8095
    endloop
  endfacet
  facet normal 1 0 0
    outer loop
      vertex 364.622 0 0
      vertex 364.622 9.3423 23.8095
      vertex 364.622 8.44559 25.3968
    endloop
  endfacet
  facet normal 1 0 0
    outer loop
      vertex 364.622 0 0
      vertex 364.622 8.44559 25.3968
      vertex 364.622 7.77222 26.9841
    endloop
  endfacet
  facet normal 1 0 0
    outer loop
      vertex 364.622 0 0
      vertex 364.622 7.77222 26.9841
      vertex 364.622 7.35898 28.5714
    endloop
  endfacet
  facet normal 1 0 0
    outer loop
      vertex 364.622 0 0
      vertex 364.622 7.38225 31.746
      vertex 364.622 0 100
    endloop
  endfacet
  facet normal 1 0 0
    outer loop
      vertex 364.622 7.38225 31.746
      vertex 364.622 0 0
      vertex 364.622 7.22726 30.1587
    endloop
  endfacet
  facet normal 1 0 0
    outer loop
      vertex 364.622 13.3532 1.5873
      vertex 364.622 0 0
      vertex 364.622 11.9341 0
    endloop
  endfacet
  facet normal 1 0 0
    outer loop
      vertex 364.622 7.22726 30.1587
      vertex 364.622 0 0
      vertex 364.622 7.35898 28.5714
    endloop
  endfacet
  facet normal 0 0.77843 -0.627731
    outer loop
      vertex 364.622 13.3532 1.5873
      vertex 358.711 14.6332 3.17459
      vertex 364.622 14.6332 3.17459
    endloop
  endfacet
  facet normal 0 0.77843 -0.627731
    outer loop
      vertex 358.711 14.6332 3.17459
      vertex 364.622 13.3532 1.5873
      vertex 358.711 13.3532 1.5873
    endloop
  endfacet
  facet normal 0 0.827767 -0.561072
    outer loop
      vertex 364.622 14.6332 3.17459
      vertex 358.711 15.7091 4.7619
      vertex 364.622 15.7091 4.7619
    endloop
  endfacet
  facet normal 0 0.827767 -0.561072
    outer loop
      vertex 358.711 15.7091 4.7619
      vertex 364.622 14.6332 3.17459
      vertex 358.711 14.6332 3.17459
    endloop
  endfacet
  facet normal 0 0.888747 -0.458399
    outer loop
      vertex 364.622 15.7091 4.7619
      vertex 358.711 16.5278 6.3492
      vertex 364.622 16.5278 6.3492
    endloop
  endfacet
  facet normal 0 0.888747 -0.458399
    outer loop
      vertex 358.711 16.5278 6.3492
      vertex 364.622 15.7091 4.7619
      vertex 358.711 15.7091 4.7619
    endloop
  endfacet
  facet normal 0 0.949754 -0.312997
    outer loop
      vertex 364.622 16.5278 6.3492
      vertex 358.711 17.0509 7.93649
      vertex 364.622 17.0509 7.93649
    endloop
  endfacet
  facet normal 0 0.949754 -0.312997
    outer loop
      vertex 358.711 17.0509 7.93649
      vertex 364.622 16.5278 6.3492
      vertex 358.711 16.5278 6.3492
    endloop
  endfacet
  facet normal 0 0.991684 -0.1287
    outer loop
      vertex 364.622 17.0509 7.93649
      vertex 358.711 17.2569 9.5238
      vertex 364.622 17.2569 9.5238
    endloop
  endfacet
  facet normal 0 0.991684 -0.1287
    outer loop
      vertex 358.711 17.2569 9.5238
      vertex 364.622 17.0509 7.93649
      vertex 358.711 17.0509 7.93649
    endloop
  endfacet
  facet normal 0 0.997408 0.0719481
    outer loop
      vertex 364.622 17.2569 9.5238
      vertex 358.711 17.1424 11.1111
      vertex 364.622 17.1424 11.1111
    endloop
  endfacet
  facet normal 0 0.997408 0.0719481
    outer loop
      vertex 358.711 17.1424 11.1111
      vertex 364.622 17.2569 9.5238
      vertex 358.711 17.2569 9.5238
    endloop
  endfacet
  facet normal 0 0.96664 0.256139
    outer loop
      vertex 364.622 17.1424 11.1111
      vertex 358.711 16.7218 12.6984
      vertex 364.622 16.7218 12.6984
    endloop
  endfacet
  facet normal 0 0.96664 0.256139
    outer loop
      vertex 358.711 16.7218 12.6984
      vertex 364.622 17.1424 11.1111
      vertex 358.711 17.1424 11.1111
    endloop
  endfacet
  facet normal 0 0.916039 0.401088
    outer loop
      vertex 364.622 16.7218 12.6984
      vertex 358.711 16.0268 14.2857
      vertex 364.622 16.0268 14.2857
    endloop
  endfacet
  facet normal 0 0.916039 0.401088
    outer loop
      vertex 358.711 16.0268 14.2857
      vertex 364.622 16.7218 12.6984
      vertex 358.711 16.7218 12.6984
    endloop
  endfacet
  facet normal 0 0.864448 0.502723
    outer loop
      vertex 364.622 16.0268 14.2857
      vertex 358.711 15.1037 15.873
      vertex 364.622 15.1037 15.873
    endloop
  endfacet
  facet normal 0 0.864448 0.502723
    outer loop
      vertex 358.711 15.1037 15.873
      vertex 364.622 16.0268 14.2857
      vertex 358.711 16.0268 14.2857
    endloop
  endfacet
  facet normal 0 0.823792 0.566892
    outer loop
      vertex 364.622 15.1037 15.873
      vertex 358.711 14.0114 17.4603
      vertex 364.622 14.0114 17.4603
    endloop
  endfacet
  facet normal 0 0.823792 0.566892
    outer loop
      vertex 358.711 14.0114 17.4603
      vertex 364.622 15.1037 15.873
      vertex 358.711 15.1037 15.873
    endloop
  endfacet
  facet normal 0 0.799099 0.6012
    outer loop
      vertex 364.622 14.0114 17.4603
      vertex 358.711 12.8172 19.0476
      vertex 364.622 12.8172 19.0476
    endloop
  endfacet
  facet normal 0 0.799099 0.6012
    outer loop
      vertex 358.711 12.8172 19.0476
      vertex 364.622 14.0114 17.4603
      vertex 358.711 14.0114 17.4603
    endloop
  endfacet
  facet normal 0 0.7919 0.610651
    outer loop
      vertex 364.622 12.8172 19.0476
      vertex 358.711 11.5932 20.6349
      vertex 364.622 11.5932 20.6349
    endloop
  endfacet
  facet normal 0 0.7919 0.610651
    outer loop
      vertex 358.711 11.5932 20.6349
      vertex 364.622 12.8172 19.0476
      vertex 358.711 12.8172 19.0476
    endloop
  endfacet
  facet normal 0 0.80222 0.597028
    outer loop
      vertex 364.622 11.5932 20.6349
      vertex 358.711 10.4119 22.2222
      vertex 364.622 10.4119 22.2222
    endloop
  endfacet
  facet normal 0 0.80222 0.597028
    outer loop
      vertex 358.711 10.4119 22.2222
      vertex 364.622 11.5932 20.6349
      vertex 358.711 11.5932 20.6349
    endloop
  endfacet
  facet normal 0 0.829291 0.558817
    outer loop
      vertex 364.622 10.4119 22.2222
      vertex 358.711 9.3423 23.8095
      vertex 364.622 9.3423 23.8095
    endloop
  endfacet
  facet normal 0 0.829291 0.558817
    outer loop
      vertex 358.711 9.3423 23.8095
      vertex 364.622 10.4119 22.2222
      vertex 358.711 10.4119 22.2222
    endloop
  endfacet
  facet normal 0 0.870671 0.491866
    outer loop
      vertex 364.622 9.3423 23.8095
      vertex 358.711 8.44559 25.3968
      vertex 364.622 8.44559 25.3968
    endloop
  endfacet
  facet normal 0 0.870671 0.491866
    outer loop
      vertex 358.711 8.44559 25.3968
      vertex 364.622 9.3423 23.8095
      vertex 358.711 9.3423 23.8095
    endloop
  endfacet
  facet normal 0 0.920588 0.390535
    outer loop
      vertex 364.622 8.44559 25.3968
      vertex 358.711 7.77222 26.9841
      vertex 364.622 7.77222 26.9841
    endloop
  endfacet
  facet normal 0 0.920588 0.390535
    outer loop
      vertex 358.711 7.77222 26.9841
      vertex 364.622 8.44559 25.3968
      vertex 358.711 8.44559 25.3968
    endloop
  endfacet
  facet normal 0 0.967742 0.251943
    outer loop
      vertex 364.622 7.77222 26.9841
      vertex 358.711 7.35898 28.5714
      vertex 364.622 7.35898 28.5714
    endloop
  endfacet
  facet normal 0 0.967742 0.251943
    outer loop
      vertex 358.711 7.35898 28.5714
      vertex 364.622 7.77222 26.9841
      vertex 358.711 7.77222 26.9841
    endloop
  endfacet
  facet normal 0 0.996575 0.0826994
    outer loop
      vertex 364.622 7.35898 28.5714
      vertex 358.711 7.22726 30.1587
      vertex 364.622 7.22726 30.1587
    endloop
  endfacet
  facet normal 0 0.996575 0.0826994
    outer loop
      vertex 358.711 7.22726 30.1587
      vertex 364.622 7.35898 28.5714
      vertex 358.711 7.35898 28.5714
    endloop
  endfacet
  facet normal 0 0.995267 -0.0971816
    outer loop
      vertex 364.622 7.22726 30.1587
      vertex 358.711 7.38225 31.746
      vertex 364.622 7.38225 31.746
    endloop
  endfacet
  facet normal 0 0.995267 -0.0971816
    outer loop
      vertex 358.711 7.38225 31.746
      vertex 364.622 7.22726 30.1587
      vertex 358.711 7.22726 30.1587
    endloop
  endfacet
  facet normal 0 0.965113 -0.261833
    outer loop
      vertex 364.622 7.38225 31.746
      vertex 358.711 7.81288 33.3333
      vertex 364.622 7.81288 33.3333
    endloop
  endfacet
  facet normal 0 0.965113 -0.261833
    outer loop
      vertex 358.711 7.81288 33.3333
      vertex 364.622 7.38225 31.746
      vertex 358.711 7.38225 31.746
    endloop
  endfacet
  facet normal 0 0.919183 -0.393831
    outer loop
      vertex 364.622 7.81288 33.3333
      vertex 358.711 8.49297 34.9206
      vertex 364.622 8.49297 34.9206
    endloop
  endfacet
  facet normal 0 0.919183 -0.393831
    outer loop
      vertex 358.711 8.49297 34.9206
      vertex 364.622 7.81288 33.3333
      vertex 358.711 7.81288 33.3333
    endloop
  endfacet
  facet normal 0 0.872222 -0.48911
    outer loop
      vertex 364.622 8.49297 34.9206
      vertex 358.711 9.38307 36.5079
      vertex 364.622 9.38307 36.5079
    endloop
  endfacet
  facet normal 0 0.872222 -0.48911
    outer loop
      vertex 358.711 9.38307 36.5079
      vertex 364.622 8.49297 34.9206
      vertex 358.711 8.49297 34.9206
    endloop
  endfacet
  facet normal 0 0.834026 -0.551725
    outer loop
      vertex 364.622 9.38307 36.5079
      vertex 358.711 10.4331 38.0952
      vertex 364.622 10.4331 38.0952
    endloop
  endfacet
  facet normal 0 0.834026 -0.551725
    outer loop
      vertex 358.711 10.4331 38.0952
      vertex 364.622 9.38307 36.5079
      vertex 358.711 9.38307 36.5079
    endloop
  endfacet
  facet normal 0 0.809245 -0.587471
    outer loop
      vertex 364.622 10.4331 38.0952
      vertex 358.711 11.5854 39.6825
      vertex 364.622 11.5854 39.6825
    endloop
  endfacet
  facet normal 0 0.809245 -0.587471
    outer loop
      vertex 358.711 11.5854 39.6825
      vertex 364.622 10.4331 38.0952
      vertex 358.711 10.4331 38.0952
    endloop
  endfacet
  facet normal 0 0.799413 -0.600781
    outer loop
      vertex 364.622 11.5854 39.6825
      vertex 358.711 12.7783 41.2698
      vertex 364.622 12.7783 41.2698
    endloop
  endfacet
  facet normal 0 0.799413 -0.600781
    outer loop
      vertex 358.711 12.7783 41.2698
      vertex 364.622 11.5854 39.6825
      vertex 358.711 11.5854 39.6825
    endloop
  endfacet
  facet normal 0 0.804666 -0.593728
    outer loop
      vertex 364.622 12.7783 41.2698
      vertex 358.711 13.9495 42.8571
      vertex 364.622 13.9495 42.8571
    endloop
  endfacet
  facet normal 0 0.804666 -0.593728
    outer loop
      vertex 358.711 13.9495 42.8571
      vertex 364.622 12.7783 41.2698
      vertex 358.711 12.7783 41.2698
    endloop
  endfacet
  facet normal 0 0.824301 -0.566152
    outer loop
      vertex 364.622 13.9495 42.8571
      vertex 358.711 15.0397 44.4444
      vertex 364.622 15.0397 44.4444
    endloop
  endfacet
  facet normal 0 0.824301 -0.566152
    outer loop
      vertex 358.711 15.0397 44.4444
      vertex 364.622 13.9495 42.8571
      vertex 358.711 13.9495 42.8571
    endloop
  endfacet
  facet normal 0 0.856678 -0.515852
    outer loop
      vertex 364.622 15.0397 44.4444
      vertex 358.711 15.9955 46.0317
      vertex 364.622 15.9955 46.0317
    endloop
  endfacet
  facet normal 0 0.856678 -0.515852
    outer loop
      vertex 358.711 15.9955 46.0317
      vertex 364.622 15.0397 44.4444
      vertex 358.711 15.0397 44.4444
    endloop
  endfacet
  facet normal 0 0.898142 -0.439706
    outer loop
      vertex 364.622 15.9955 46.0317
      vertex 358.711 16.7726 47.619
      vertex 364.622 16.7726 47.619
    endloop
  endfacet
  facet normal 0 0.898142 -0.439706
    outer loop
      vertex 358.711 16.7726 47.619
      vertex 364.622 15.9955 46.0317
      vertex 358.711 15.9955 46.0317
    endloop
  endfacet
  facet normal 0 0.94221 -0.335024
    outer loop
      vertex 364.622 16.7726 47.619
      vertex 358.711 17.337 49.2063
      vertex 364.622 17.337 49.2063
    endloop
  endfacet
  facet normal 0 0.94221 -0.335024
    outer loop
      vertex 358.711 17.337 49.2063
      vertex 364.622 16.7726 47.619
      vertex 358.711 16.7726 47.619
    endloop
  endfacet
  facet normal 0 0.979065 -0.203548
    outer loop
      vertex 364.622 17.337 49.2063
      vertex 358.711 17.667 50.7936
      vertex 364.622 17.667 50.7936
    endloop
  endfacet
  facet normal 0 0.979065 -0.203548
    outer loop
      vertex 358.711 17.667 50.7936
      vertex 364.622 17.337 49.2063
      vertex 358.711 17.337 49.2063
    endloop
  endfacet
  facet normal 0 0.998519 -0.0544109
    outer loop
      vertex 364.622 17.667 50.7936
      vertex 358.711 17.7535 52.381
      vertex 364.622 17.7535 52.381
    endloop
  endfacet
  facet normal 0 0.998519 -0.0544109
    outer loop
      vertex 358.711 17.7535 52.381
      vertex 364.622 17.667 50.7936
      vertex 358.711 17.667 50.7936
    endloop
  endfacet
  facet normal 0 0.995344 0.0963863
    outer loop
      vertex 364.622 17.7535 52.381
      vertex 358.711 17.5998 53.9682
      vertex 364.622 17.5998 53.9682
    endloop
  endfacet
  facet normal 0 0.995344 0.0963863
    outer loop
      vertex 358.711 17.5998 53.9682
      vertex 364.622 17.7535 52.381
      vertex 358.711 17.7535 52.381
    endloop
  endfacet
  facet normal 0 0.972644 0.2323
    outer loop
      vertex 364.622 17.5998 53.9682
      vertex 358.711 17.2207 55.5555
      vertex 364.622 17.2207 55.5555
    endloop
  endfacet
  facet normal 0 0.972644 0.2323
    outer loop
      vertex 358.711 17.2207 55.5555
      vertex 364.622 17.5998 53.9682
      vertex 358.711 17.5998 53.9682
    endloop
  endfacet
  facet normal 0 0.939362 0.342926
    outer loop
      vertex 364.622 17.2207 55.5555
      vertex 358.711 16.6412 57.1429
      vertex 364.622 16.6412 57.1429
    endloop
  endfacet
  facet normal 0 0.939362 0.342926
    outer loop
      vertex 358.711 16.6412 57.1429
      vertex 364.622 17.2207 55.5555
      vertex 358.711 17.2207 55.5555
    endloop
  endfacet
  facet normal 0 0.904845 0.425742
    outer loop
      vertex 364.622 16.6412 57.1429
      vertex 358.711 15.8944 58.7301
      vertex 364.622 15.8944 58.7301
    endloop
  endfacet
  facet normal 0 0.904845 0.425742
    outer loop
      vertex 358.711 15.8944 58.7301
      vertex 364.622 16.6412 57.1429
      vertex 358.711 16.6412 57.1429
    endloop
  endfacet
  facet normal 0 0.875673 0.482905
    outer loop
      vertex 364.622 15.8944 58.7301
      vertex 358.711 15.019 60.3175
      vertex 364.622 15.019 60.3175
    endloop
  endfacet
  facet normal 0 0.875673 0.482905
    outer loop
      vertex 358.711 15.019 60.3175
      vertex 364.622 15.8944 58.7301
      vertex 358.711 15.8944 58.7301
    endloop
  endfacet
  facet normal 0 0.855293 0.518144
    outer loop
      vertex 364.622 15.019 60.3175
      vertex 358.711 14.0574 61.9048
      vertex 364.622 14.0574 61.9048
    endloop
  endfacet
  facet normal 0 0.855293 0.518144
    outer loop
      vertex 358.711 14.0574 61.9048
      vertex 364.622 15.019 60.3175
      vertex 358.711 15.019 60.3175
    endloop
  endfacet
  facet normal 0 0.844985 0.53479
    outer loop
      vertex 364.622 14.0574 61.9048
      vertex 358.711 13.0528 63.4921
      vertex 364.622 13.0528 63.4921
    endloop
  endfacet
  facet normal 0 0.844985 0.53479
    outer loop
      vertex 358.711 13.0528 63.4921
      vertex 364.622 14.0574 61.9048
      vertex 358.711 14.0574 61.9048
    endloop
  endfacet
  facet normal 0 0.844672 0.535284
    outer loop
      vertex 364.622 13.0528 63.4921
      vertex 358.711 12.0469 65.0794
      vertex 364.622 12.0469 65.0794
    endloop
  endfacet
  facet normal 0 0.844672 0.535284
    outer loop
      vertex 358.711 12.0469 65.0794
      vertex 364.622 13.0528 63.4921
      vertex 358.711 13.0528 63.4921
    endloop
  endfacet
  facet normal 0 0.853549 0.521013
    outer loop
      vertex 364.622 12.0469 65.0794
      vertex 358.711 11.078 66.6667
      vertex 364.622 11.078 66.6667
    endloop
  endfacet
  facet normal 0 0.853549 0.521013
    outer loop
      vertex 358.711 11.078 66.6667
      vertex 364.622 12.0469 65.0794
      vertex 358.711 12.0469 65.0794
    endloop
  endfacet
  facet normal 0 0.870274 0.492568
    outer loop
      vertex 364.622 11.078 66.6667
      vertex 358.711 10.1796 68.254
      vertex 364.622 10.1796 68.254
    endloop
  endfacet
  facet normal 0 0.870274 0.492568
    outer loop
      vertex 358.711 10.1796 68.254
      vertex 364.622 11.078 66.6667
      vertex 358.711 11.078 66.6667
    endloop
  endfacet
  facet normal 0 0.8927 0.450652
    outer loop
      vertex 364.622 10.1796 68.254
      vertex 358.711 9.3783 69.8413
      vertex 364.622 9.3783 69.8413
    endloop
  endfacet
  facet normal 0 0.8927 0.450652
    outer loop
      vertex 358.711 9.3783 69.8413
      vertex 364.622 10.1796 68.254
      vertex 358.711 10.1796 68.254
    endloop
  endfacet
  facet normal 0 0.918305 0.395873
    outer loop
      vertex 364.622 9.3783 69.8413
      vertex 358.711 8.69403 71.4286
      vertex 364.622 8.69403 71.4286
    endloop
  endfacet
  facet normal 0 0.918305 0.395873
    outer loop
      vertex 358.711 8.69403 71.4286
      vertex 364.622 9.3783 69.8413
      vertex 358.711 9.3783 69.8413
    endloop
  endfacet
  facet normal 0 0.943969 0.330035
    outer loop
      vertex 364.622 8.69403 71.4286
      vertex 358.711 8.13907 73.0159
      vertex 364.622 8.13907 73.0159
    endloop
  endfacet
  facet normal 0 0.943969 0.330035
    outer loop
      vertex 358.711 8.13907 73.0159
      vertex 364.622 8.69403 71.4286
      vertex 358.711 8.69403 71.4286
    endloop
  endfacet
  facet normal 0 0.966648 0.25611
    outer loop
      vertex 364.622 8.13907 73.0159
      vertex 358.711 7.71852 74.6032
      vertex 364.622 7.71852 74.6032
    endloop
  endfacet
  facet normal 0 0.966648 0.25611
    outer loop
      vertex 358.711 7.71852 74.6032
      vertex 364.622 8.13907 73.0159
      vertex 358.711 8.13907 73.0159
    endloop
  endfacet
  facet normal 0 0.983956 0.178411
    outer loop
      vertex 364.622 7.71852 74.6032
      vertex 358.711 7.43071 76.1905
      vertex 364.622 7.43071 76.1905
    endloop
  endfacet
  facet normal 0 0.983956 0.178411
    outer loop
      vertex 358.711 7.43071 76.1905
      vertex 364.622 7.71852 74.6032
      vertex 358.711 7.71852 74.6032
    endloop
  endfacet
  facet normal 0 0.994794 0.101905
    outer loop
      vertex 364.622 7.43071 76.1905
      vertex 358.711 7.26811 77.7778
      vertex 364.622 7.26811 77.7778
    endloop
  endfacet
  facet normal 0 0.994794 0.101905
    outer loop
      vertex 358.711 7.26811 77.7778
      vertex 364.622 7.43071 76.1905
      vertex 358.711 7.43071 76.1905
    endloop
  endfacet
  facet normal 0 0.99951 0.0313146
    outer loop
      vertex 364.622 7.26811 77.7778
      vertex 358.711 7.21838 79.3651
      vertex 364.622 7.21838 79.3651
    endloop
  endfacet
  facet normal 0 0.99951 0.0313146
    outer loop
      vertex 358.711 7.21838 79.3651
      vertex 364.622 7.26811 77.7778
      vertex 358.711 7.26811 77.7778
    endloop
  endfacet
  facet normal 0 0.999558 -0.0297229
    outer loop
      vertex 364.622 7.21838 79.3651
      vertex 358.711 7.26558 80.9524
      vertex 364.622 7.26558 80.9524
    endloop
  endfacet
  facet normal 0 0.999558 -0.0297229
    outer loop
      vertex 358.711 7.26558 80.9524
      vertex 364.622 7.21838 79.3651
      vertex 358.711 7.21838 79.3651
    endloop
  endfacet
  facet normal 0 0.996871 -0.07905
    outer loop
      vertex 364.622 7.26558 80.9524
      vertex 358.711 7.39145 82.5397
      vertex 364.622 7.39145 82.5397
    endloop
  endfacet
  facet normal 0 0.996871 -0.07905
    outer loop
      vertex 358.711 7.39145 82.5397
      vertex 364.622 7.26558 80.9524
      vertex 358.711 7.26558 80.9524
    endloop
  endfacet
  facet normal 0 0.993271 -0.11581
    outer loop
      vertex 364.622 7.39145 82.5397
      vertex 358.711 7.57652 84.127
      vertex 364.622 7.57652 84.127
    endloop
  endfacet
  facet normal 0 0.993271 -0.11581
    outer loop
      vertex 358.711 7.57652 84.127
      vertex 364.622 7.39145 82.5397
      vertex 358.711 7.39145 82.5397
    endloop
  endfacet
  facet normal 0 0.990126 -0.140182
    outer loop
      vertex 364.622 7.57652 84.127
      vertex 358.711 7.80125 85.7143
      vertex 364.622 7.80125 85.7143
    endloop
  endfacet
  facet normal 0 0.990126 -0.140182
    outer loop
      vertex 358.711 7.80125 85.7143
      vertex 364.622 7.57652 84.127
      vertex 358.711 7.57652 84.127
    endloop
  endfacet
  facet normal 0 0.988228 -0.152988
    outer loop
      vertex 364.622 7.80125 85.7143
      vertex 358.711 8.04698 87.3016
      vertex 364.622 8.04698 87.3016
    endloop
  endfacet
  facet normal 0 0.988228 -0.152988
    outer loop
      vertex 358.711 8.04698 87.3016
      vertex 364.622 7.80125 85.7143
      vertex 358.711 7.80125 85.7143
    endloop
  endfacet
  facet normal 0 0.987865 -0.155315
    outer loop
      vertex 364.622 8.04698 87.3016
      vertex 358.711 8.29654 88.8889
      vertex 364.622 8.29654 88.8889
    endloop
  endfacet
  facet normal 0 0.987865 -0.155315
    outer loop
      vertex 358.711 8.29654 88.8889
      vertex 364.622 8.04698 87.3016
      vertex 358.711 8.04698 87.3016
    endloop
  endfacet
  facet normal 0 0.988912 -0.148502
    outer loop
      vertex 364.622 8.29654 88.8889
      vertex 358.711 8.5349 90.4762
      vertex 364.622 8.5349 90.4762
    endloop
  endfacet
  facet normal 0 0.988912 -0.148502
    outer loop
      vertex 358.711 8.5349 90.4762
      vertex 364.622 8.29654 88.8889
      vertex 358.711 8.29654 88.8889
    endloop
  endfacet
  facet normal 0 0.990993 -0.133912
    outer loop
      vertex 364.622 8.5349 90.4762
      vertex 358.711 8.74939 92.0635
      vertex 364.622 8.74939 92.0635
    endloop
  endfacet
  facet normal 0 0.990993 -0.133912
    outer loop
      vertex 358.711 8.74939 92.0635
      vertex 364.622 8.5349 90.4762
      vertex 358.711 8.5349 90.4762
    endloop
  endfacet
  facet normal 0 0.993588 -0.113061
    outer loop
      vertex 364.622 8.74939 92.0635
      vertex 358.711 8.93001 93.6508
      vertex 364.622 8.93001 93.6508
    endloop
  endfacet
  facet normal 0 0.993588 -0.113061
    outer loop
      vertex 358.711 8.93001 93.6508
      vertex 364.622 8.74939 92.0635
      vertex 358.711 8.74939 92.0635
    endloop
  endfacet
  facet normal 0 0.996169 -0.087448
    outer loop
      vertex 364.622 8.93001 93.6508
      vertex 358.711 9.06935 95.2381
      vertex 364.622 9.06935 95.2381
    endloop
  endfacet
  facet normal 0 0.996169 -0.087448
    outer loop
      vertex 358.711 9.06935 95.2381
      vertex 364.622 8.93001 93.6508
      vertex 358.711 8.93001 93.6508
    endloop
  endfacet
  facet normal 0 0.998277 -0.058684
    outer loop
      vertex 364.622 9.06935 95.2381
      vertex 358.711 9.16266 96.8254
      vertex 364.622 9.16266 96.8254
    endloop
  endfacet
  facet normal 0 0.998277 -0.058684
    outer loop
      vertex 358.711 9.16266 96.8254
      vertex 364.622 9.06935 95.2381
      vertex 358.711 9.06935 95.2381
    endloop
  endfacet
  facet normal 0 0.999598 -0.0283575
    outer loop
      vertex 364.622 9.16266 96.8254
      vertex 358.711 9.20769 98.4127
      vertex 364.622 9.20769 98.4127
    endloop
  endfacet
  facet normal 0 0.999598 -0.0283575
    outer loop
      vertex 358.711 9.20769 98.4127
      vertex 364.622 9.16266 96.8254
      vertex 358.711 9.16266 96.8254
    endloop
  endfacet
  facet normal 0 0.999998 0.0019152
    outer loop
      vertex 364.622 9.20769 98.4127
      vertex 358.711 9.20465 100
      vertex 364.622 9.20465 100
    endloop
  endfacet
  facet normal 0 0.999998 0.0019152
    outer loop
      vertex 358.711 9.20465 100
      vertex 364.622 9.20769 98.4127
      vertex 358.711 9.20769 98.4127
    endloop
  endfacet
  facet normal 0 0.745502 -0.666504
    outer loop
      vertex 364.622 11.9341 0
      vertex 358.711 13.3532 1.5873
      vertex 364.622 13.3532 1.5873
    endloop
  endfacet
  facet normal 0 0.745502 -0.666504
    outer loop
      vertex 358.711 13.3532 1.5873
      vertex 364.622 11.9341 0
      vertex 358.711 11.9341 0
    endloop
  endfacet
  facet normal -1 0 0
    outer loop
      vertex 366.489 17.457 7.93649
      vertex 366.489 17.6982 11.1111
      vertex 366.489 17.7392 9.5238
    endloop
  endfacet
  facet normal -1 0 0
    outer loop
      vertex 366.489 17.457 7.93649
      vertex 366.489 17.3441 12.6984
      vertex 366.489 17.6982 11.1111
    endloop
  endfacet
  facet normal -1 0 0
    outer loop
      vertex 366.489 16.8596 6.3492
      vertex 366.489 17.3441 12.6984
      vertex 366.489 17.457 7.93649
    endloop
  endfacet
  facet normal -1 0 0
    outer loop
      vertex 366.489 16.8596 6.3492
      vertex 366.489 16.7045 14.2857
      vertex 366.489 17.3441 12.6984
    endloop
  endfacet
  facet normal -1 0 0
    outer loop
      vertex 366.489 15.9728 4.7619
      vertex 366.489 16.7045 14.2857
      vertex 366.489 16.8596 6.3492
    endloop
  endfacet
  facet normal -1 0 0
    outer loop
      vertex 366.489 15.9728 4.7619
      vertex 366.489 15.8221 15.873
      vertex 366.489 16.7045 14.2857
    endloop
  endfacet
  facet normal -1 0 0
    outer loop
      vertex 366.489 14.839 3.17459
      vertex 366.489 15.8221 15.873
      vertex 366.489 15.9728 4.7619
    endloop
  endfacet
  facet normal -1 0 0
    outer loop
      vertex 366.489 14.839 3.17459
      vertex 366.489 14.7524 17.4603
      vertex 366.489 15.8221 15.873
    endloop
  endfacet
  facet normal -1 0 0
    outer loop
      vertex 366.489 0 0
      vertex 366.489 14.7524 17.4603
      vertex 366.489 14.839 3.17459
    endloop
  endfacet
  facet normal -1 0 0
    outer loop
      vertex 366.489 0 0
      vertex 366.489 14.839 3.17459
      vertex 366.489 13.5149 1.5873
    endloop
  endfacet
  facet normal -1 -0 0
    outer loop
      vertex 366.489 14.7524 17.4603
      vertex 366.489 0 0
      vertex 366.489 13.5604 19.0476
    endloop
  endfacet
  facet normal -1 0 0
    outer loop
      vertex 366.489 0 0
      vertex 366.489 13.5149 1.5873
      vertex 366.489 12.0683 0
    endloop
  endfacet
  facet normal -1 -0 0
    outer loop
      vertex 366.489 13.5604 19.0476
      vertex 366.489 0 0
      vertex 366.489 12.3165 20.6349
    endloop
  endfacet
  facet normal -1 -0 0
    outer loop
      vertex 366.489 12.3165 20.6349
      vertex 366.489 0 0
      vertex 366.489 11.0922 22.2222
    endloop
  endfacet
  facet normal -1 -0 0
    outer loop
      vertex 366.489 11.0922 22.2222
      vertex 366.489 0 0
      vertex 366.489 9.95639 23.8095
    endloop
  endfacet
  facet normal -1 -0 0
    outer loop
      vertex 366.489 9.95639 23.8095
      vertex 366.489 0 0
      vertex 366.489 8.97124 25.3968
    endloop
  endfacet
  facet normal -1 -0 0
    outer loop
      vertex 366.489 8.97124 25.3968
      vertex 366.489 0 0
      vertex 366.489 8.1889 26.9841
    endloop
  endfacet
  facet normal -1 -0 0
    outer loop
      vertex 366.489 8.1889 26.9841
      vertex 366.489 0 0
      vertex 366.489 7.64888 28.5714
    endloop
  endfacet
  facet normal -1 -0 0
    outer loop
      vertex 366.489 7.64888 28.5714
      vertex 366.489 0 0
      vertex 366.489 7.37614 30.1587
    endloop
  endfacet
  facet normal -1 0 0
    outer loop
      vertex 366.489 17.3758 52.381
      vertex 366.489 17.287 55.5555
      vertex 366.489 17.4316 53.9682
    endloop
  endfacet
  facet normal -1 0 0
    outer loop
      vertex 366.489 17.1115 50.7936
      vertex 366.489 17.287 55.5555
      vertex 366.489 17.3758 52.381
    endloop
  endfacet
  facet normal -1 0 0
    outer loop
      vertex 366.489 17.1115 50.7936
      vertex 366.489 16.9589 57.1429
      vertex 366.489 17.287 55.5555
    endloop
  endfacet
  facet normal -1 0 0
    outer loop
      vertex 366.489 16.6405 49.2063
      vertex 366.489 16.9589 57.1429
      vertex 366.489 17.1115 50.7936
    endloop
  endfacet
  facet normal -1 0 0
    outer loop
      vertex 366.489 15.9752 47.619
      vertex 366.489 16.9589 57.1429
      vertex 366.489 16.6405 49.2063
    endloop
  endfacet
  facet normal -1 -0 0
    outer loop
      vertex 366.489 16.9589 57.1429
      vertex 366.489 15.9752 47.619
      vertex 366.489 16.4712 58.7301
    endloop
  endfacet
  facet normal -1 0 0
    outer loop
      vertex 366.489 15.1388 46.0317
      vertex 366.489 16.4712 58.7301
      vertex 366.489 15.9752 47.619
    endloop
  endfacet
  facet normal -1 -0 0
    outer loop
      vertex 366.489 16.4712 58.7301
      vertex 366.489 15.1388 46.0317
      vertex 366.489 15.8527 60.3175
    endloop
  endfacet
  facet normal -1 0 0
    outer loop
      vertex 366.489 14.1648 44.4444
      vertex 366.489 15.8527 60.3175
      vertex 366.489 15.1388 46.0317
    endloop
  endfacet
  facet normal -1 -0 0
    outer loop
      vertex 366.489 15.8527 60.3175
      vertex 366.489 14.1648 44.4444
      vertex 366.489 15.1356 61.9048
    endloop
  endfacet
  facet normal -1 0 0
    outer loop
      vertex 366.489 13.0958 42.8571
      vertex 366.489 15.1356 61.9048
      vertex 366.489 14.1648 44.4444
    endloop
  endfacet
  facet normal -1 -0 0
    outer loop
      vertex 366.489 15.1356 61.9048
      vertex 366.489 13.0958 42.8571
      vertex 366.489 14.3533 63.4921
    endloop
  endfacet
  facet normal -1 0 0
    outer loop
      vertex 366.489 11.9816 41.2698
      vertex 366.489 14.3533 63.4921
      vertex 366.489 13.0958 42.8571
    endloop
  endfacet
  facet normal -1 -0 0
    outer loop
      vertex 366.489 14.3533 63.4921
      vertex 366.489 11.9816 41.2698
      vertex 366.489 13.5384 65.0794
    endloop
  endfacet
  facet normal -1 -0 0
    outer loop
      vertex 366.489 13.5384 65.0794
      vertex 366.489 11.9816 41.2698
      vertex 366.489 12.7215 66.6667
    endloop
  endfacet
  facet normal -1 0 0
    outer loop
      vertex 366.489 10.8771 39.6825
      vertex 366.489 12.7215 66.6667
      vertex 366.489 11.9816 41.2698
    endloop
  endfacet
  facet normal -1 -0 0
    outer loop
      vertex 366.489 12.7215 66.6667
      vertex 366.489 10.8771 39.6825
      vertex 366.489 11.9294 68.254
    endloop
  endfacet
  facet normal -1 0 0
    outer loop
      vertex 366.489 9.83907 38.0952
      vertex 366.489 11.9294 68.254
      vertex 366.489 10.8771 39.6825
    endloop
  endfacet
  facet normal -1 -0 0
    outer loop
      vertex 366.489 11.9294 68.254
      vertex 366.489 9.83907 38.0952
      vertex 366.489 11.1845 69.8413
    endloop
  endfacet
  facet normal -1 0 0
    outer loop
      vertex 366.489 8.92311 36.5079
      vertex 366.489 11.1845 69.8413
      vertex 366.489 9.83907 38.0952
    endloop
  endfacet
  facet normal -1 -0 0
    outer loop
      vertex 366.489 11.1845 69.8413
      vertex 366.489 8.92311 36.5079
      vertex 366.489 10.5043 71.4286
    endloop
  endfacet
  facet normal -1 -0 0
    outer loop
      vertex 366.489 10.5043 71.4286
      vertex 366.489 8.92311 36.5079
      vertex 366.489 9.90088 73.0159
    endloop
  endfacet
  facet normal -1 0 0
    outer loop
      vertex 366.489 8.18057 34.9206
      vertex 366.489 9.90088 73.0159
      vertex 366.489 8.92311 36.5079
    endloop
  endfacet
  facet normal -1 -0 0
    outer loop
      vertex 366.489 9.90088 73.0159
      vertex 366.489 8.18057 34.9206
      vertex 366.489 9.38129 74.6032
    endloop
  endfacet
  facet normal -1 -0 0
    outer loop
      vertex 366.489 9.38129 74.6032
      vertex 366.489 8.18057 34.9206
      vertex 366.489 8.9478 76.1905
    endloop
  endfacet
  facet normal -1 0 0
    outer loop
      vertex 366.489 7.65518 33.3333
      vertex 366.489 8.9478 76.1905
      vertex 366.489 8.18057 34.9206
    endloop
  endfacet
  facet normal -1 -0 0
    outer loop
      vertex 366.489 8.9478 76.1905
      vertex 366.489 7.65518 33.3333
      vertex 366.489 8.59853 77.7778
    endloop
  endfacet
  facet normal -1 0 0
    outer loop
      vertex 366.489 0 100
      vertex 366.489 8.59853 77.7778
      vertex 366.489 7.65518 33.3333
    endloop
  endfacet
  facet normal -1 0 0
    outer loop
      vertex 366.489 8.59853 77.7778
      vertex 366.489 0 100
      vertex 366.489 8.32822 79.3651
    endloop
  endfacet
  facet normal -1 0 0
    outer loop
      vertex 366.489 8.12909 80.9524
      vertex 366.489 0 100
      vertex 366.489 7.99162 82.5397
    endloop
  endfacet
  facet normal -1 0 0
    outer loop
      vertex 366.489 7.99162 82.5397
      vertex 366.489 0 100
      vertex 366.489 7.90543 84.127
    endloop
  endfacet
  facet normal -1 0 0
    outer loop
      vertex 366.489 7.90543 84.127
      vertex 366.489 0 100
      vertex 366.489 7.85995 85.7143
    endloop
  endfacet
  facet normal -1 0 0
    outer loop
      vertex 366.489 8.32822 79.3651
      vertex 366.489 0 100
      vertex 366.489 8.12909 80.9524
    endloop
  endfacet
  facet normal -1 0 0
    outer loop
      vertex 366.489 0 100
      vertex 366.489 7.65518 33.3333
      vertex 366.489 7.3802 31.746
    endloop
  endfacet
  facet normal -1 0 0
    outer loop
      vertex 366.489 7.85995 85.7143
      vertex 366.489 0 100
      vertex 366.489 7.84518 87.3016
    endloop
  endfacet
  facet normal -1 0 0
    outer loop
      vertex 366.489 0 0
      vertex 366.489 7.3802 31.746
      vertex 366.489 7.37614 30.1587
    endloop
  endfacet
  facet normal -1 0 0
    outer loop
      vertex 366.489 0 100
      vertex 366.489 7.3802 31.746
      vertex 366.489 0 0
    endloop
  endfacet
  facet normal -1 0 0
    outer loop
      vertex 366.489 7.84518 87.3016
      vertex 366.489 0 100
      vertex 366.489 7.8521 88.8889
    endloop
  endfacet
  facet normal -1 0 0
    outer loop
      vertex 366.489 7.8521 88.8889
      vertex 366.489 0 100
      vertex 366.489 7.87306 90.4762
    endloop
  endfacet
  facet normal -1 0 0
    outer loop
      vertex 366.489 7.87306 90.4762
      vertex 366.489 0 100
      vertex 366.489 7.90218 92.0635
    endloop
  endfacet
  facet normal -1 0 0
    outer loop
      vertex 366.489 7.90218 92.0635
      vertex 366.489 0 100
      vertex 366.489 7.93536 93.6508
    endloop
  endfacet
  facet normal -1 0 0
    outer loop
      vertex 366.489 7.93536 93.6508
      vertex 366.489 0 100
      vertex 366.489 7.97046 95.2381
    endloop
  endfacet
  facet normal -1 0 0
    outer loop
      vertex 366.489 7.97046 95.2381
      vertex 366.489 0 100
      vertex 366.489 8.00716 96.8254
    endloop
  endfacet
  facet normal -1 0 0
    outer loop
      vertex 366.489 8.00716 96.8254
      vertex 366.489 0 100
      vertex 366.489 8.04695 98.4127
    endloop
  endfacet
  facet normal -1 0 0
    outer loop
      vertex 366.489 8.04695 98.4127
      vertex 366.489 0 100
      vertex 366.489 8.09282 100
    endloop
  endfacet
  facet normal 1 0 0
    outer loop
      vertex 372.4 8.32822 79.3651
      vertex 372.4 7.3802 31.746
      vertex 372.4 7.65518 33.3333
    endloop
  endfacet
  facet normal 1 0 0
    outer loop
      vertex 372.4 0 100
      vertex 372.4 7.84518 87.3016
      vertex 372.4 7.8521 88.8889
    endloop
  endfacet
  facet normal 1 0 0
    outer loop
      vertex 372.4 0 0
      vertex 372.4 7.3802 31.746
      vertex 372.4 0 100
    endloop
  endfacet
  facet normal 1 0 0
    outer loop
      vertex 372.4 7.85995 85.7143
      vertex 372.4 0 100
      vertex 372.4 7.3802 31.746
    endloop
  endfacet
  facet normal 1 0 0
    outer loop
      vertex 372.4 7.87306 90.4762
      vertex 372.4 0 100
      vertex 372.4 7.8521 88.8889
    endloop
  endfacet
  facet normal 1 0 0
    outer loop
      vertex 372.4 7.90218 92.0635
      vertex 372.4 0 100
      vertex 372.4 7.87306 90.4762
    endloop
  endfacet
  facet normal 1 0 0
    outer loop
      vertex 372.4 7.93536 93.6508
      vertex 372.4 0 100
      vertex 372.4 7.90218 92.0635
    endloop
  endfacet
  facet normal 1 0 0
    outer loop
      vertex 372.4 7.97046 95.2381
      vertex 372.4 0 100
      vertex 372.4 7.93536 93.6508
    endloop
  endfacet
  facet normal 1 0 0
    outer loop
      vertex 372.4 8.00716 96.8254
      vertex 372.4 0 100
      vertex 372.4 7.97046 95.2381
    endloop
  endfacet
  facet normal 1 0 0
    outer loop
      vertex 372.4 8.04695 98.4127
      vertex 372.4 0 100
      vertex 372.4 8.00716 96.8254
    endloop
  endfacet
  facet normal 1 -0 0
    outer loop
      vertex 372.4 0 100
      vertex 372.4 8.04695 98.4127
      vertex 372.4 8.09282 100
    endloop
  endfacet
  facet normal 1 0 0
    outer loop
      vertex 372.4 17.287 55.5555
      vertex 372.4 17.3758 52.381
      vertex 372.4 17.4316 53.9682
    endloop
  endfacet
  facet normal 1 0 0
    outer loop
      vertex 372.4 17.287 55.5555
      vertex 372.4 17.1115 50.7936
      vertex 372.4 17.3758 52.381
    endloop
  endfacet
  facet normal 1 0 0
    outer loop
      vertex 372.4 16.9589 57.1429
      vertex 372.4 17.1115 50.7936
      vertex 372.4 17.287 55.5555
    endloop
  endfacet
  facet normal 1 0 0
    outer loop
      vertex 372.4 16.9589 57.1429
      vertex 372.4 16.6405 49.2063
      vertex 372.4 17.1115 50.7936
    endloop
  endfacet
  facet normal 1 0 0
    outer loop
      vertex 372.4 15.9752 47.619
      vertex 372.4 16.9589 57.1429
      vertex 372.4 16.4712 58.7301
    endloop
  endfacet
  facet normal 1 0 0
    outer loop
      vertex 372.4 16.9589 57.1429
      vertex 372.4 15.9752 47.619
      vertex 372.4 16.6405 49.2063
    endloop
  endfacet
  facet normal 1 0 0
    outer loop
      vertex 372.4 15.1388 46.0317
      vertex 372.4 16.4712 58.7301
      vertex 372.4 15.8527 60.3175
    endloop
  endfacet
  facet normal 1 0 0
    outer loop
      vertex 372.4 16.4712 58.7301
      vertex 372.4 15.1388 46.0317
      vertex 372.4 15.9752 47.619
    endloop
  endfacet
  facet normal 1 0 0
    outer loop
      vertex 372.4 14.1648 44.4444
      vertex 372.4 15.8527 60.3175
      vertex 372.4 15.1356 61.9048
    endloop
  endfacet
  facet normal 1 0 0
    outer loop
      vertex 372.4 13.0958 42.8571
      vertex 372.4 15.1356 61.9048
      vertex 372.4 14.3533 63.4921
    endloop
  endfacet
  facet normal 1 0 0
    outer loop
      vertex 372.4 15.8527 60.3175
      vertex 372.4 14.1648 44.4444
      vertex 372.4 15.1388 46.0317
    endloop
  endfacet
  facet normal 1 0 0
    outer loop
      vertex 372.4 11.9816 41.2698
      vertex 372.4 14.3533 63.4921
      vertex 372.4 13.5384 65.0794
    endloop
  endfacet
  facet normal 1 0 0
    outer loop
      vertex 372.4 15.1356 61.9048
      vertex 372.4 13.0958 42.8571
      vertex 372.4 14.1648 44.4444
    endloop
  endfacet
  facet normal 1 0 0
    outer loop
      vertex 372.4 11.9816 41.2698
      vertex 372.4 13.5384 65.0794
      vertex 372.4 12.7215 66.6667
    endloop
  endfacet
  facet normal 1 0 0
    outer loop
      vertex 372.4 14.3533 63.4921
      vertex 372.4 11.9816 41.2698
      vertex 372.4 13.0958 42.8571
    endloop
  endfacet
  facet normal 1 0 0
    outer loop
      vertex 372.4 10.8771 39.6825
      vertex 372.4 12.7215 66.6667
      vertex 372.4 11.9294 68.254
    endloop
  endfacet
  facet normal 1 0 0
    outer loop
      vertex 372.4 9.83907 38.0952
      vertex 372.4 11.9294 68.254
      vertex 372.4 11.1845 69.8413
    endloop
  endfacet
  facet normal 1 0 0
    outer loop
      vertex 372.4 12.7215 66.6667
      vertex 372.4 10.8771 39.6825
      vertex 372.4 11.9816 41.2698
    endloop
  endfacet
  facet normal 1 0 0
    outer loop
      vertex 372.4 8.92311 36.5079
      vertex 372.4 11.1845 69.8413
      vertex 372.4 10.5043 71.4286
    endloop
  endfacet
  facet normal 1 0 0
    outer loop
      vertex 372.4 8.92311 36.5079
      vertex 372.4 10.5043 71.4286
      vertex 372.4 9.90088 73.0159
    endloop
  endfacet
  facet normal 1 0 0
    outer loop
      vertex 372.4 11.9294 68.254
      vertex 372.4 9.83907 38.0952
      vertex 372.4 10.8771 39.6825
    endloop
  endfacet
  facet normal 1 0 0
    outer loop
      vertex 372.4 8.18057 34.9206
      vertex 372.4 9.90088 73.0159
      vertex 372.4 9.38129 74.6032
    endloop
  endfacet
  facet normal 1 0 0
    outer loop
      vertex 372.4 8.18057 34.9206
      vertex 372.4 9.38129 74.6032
      vertex 372.4 8.9478 76.1905
    endloop
  endfacet
  facet normal 1 0 0
    outer loop
      vertex 372.4 11.1845 69.8413
      vertex 372.4 8.92311 36.5079
      vertex 372.4 9.83907 38.0952
    endloop
  endfacet
  facet normal 1 0 0
    outer loop
      vertex 372.4 7.65518 33.3333
      vertex 372.4 8.9478 76.1905
      vertex 372.4 8.59853 77.7778
    endloop
  endfacet
  facet normal 1 0 0
    outer loop
      vertex 372.4 7.65518 33.3333
      vertex 372.4 8.59853 77.7778
      vertex 372.4 8.32822 79.3651
    endloop
  endfacet
  facet normal 1 0 0
    outer loop
      vertex 372.4 9.90088 73.0159
      vertex 372.4 8.18057 34.9206
      vertex 372.4 8.92311 36.5079
    endloop
  endfacet
  facet normal 1 0 0
    outer loop
      vertex 372.4 7.3802 31.746
      vertex 372.4 8.32822 79.3651
      vertex 372.4 8.12909 80.9524
    endloop
  endfacet
  facet normal 1 0 0
    outer loop
      vertex 372.4 7.3802 31.746
      vertex 372.4 8.12909 80.9524
      vertex 372.4 7.99162 82.5397
    endloop
  endfacet
  facet normal 1 0 0
    outer loop
      vertex 372.4 7.3802 31.746
      vertex 372.4 7.99162 82.5397
      vertex 372.4 7.90543 84.127
    endloop
  endfacet
  facet normal 1 0 0
    outer loop
      vertex 372.4 7.3802 31.746
      vertex 372.4 7.90543 84.127
      vertex 372.4 7.85995 85.7143
    endloop
  endfacet
  facet normal 1 0 0
    outer loop
      vertex 372.4 0 100
      vertex 372.4 7.85995 85.7143
      vertex 372.4 7.84518 87.3016
    endloop
  endfacet
  facet normal 1 0 0
    outer loop
      vertex 372.4 8.9478 76.1905
      vertex 372.4 7.65518 33.3333
      vertex 372.4 8.18057 34.9206
    endloop
  endfacet
  facet normal 1 0 0
    outer loop
      vertex 372.4 17.6982 11.1111
      vertex 372.4 17.457 7.93649
      vertex 372.4 17.7392 9.5238
    endloop
  endfacet
  facet normal 1 0 0
    outer loop
      vertex 372.4 17.3441 12.6984
      vertex 372.4 17.457 7.93649
      vertex 372.4 17.6982 11.1111
    endloop
  endfacet
  facet normal 1 0 0
    outer loop
      vertex 372.4 17.3441 12.6984
      vertex 372.4 16.8596 6.3492
      vertex 372.4 17.457 7.93649
    endloop
  endfacet
  facet normal 1 0 0
    outer loop
      vertex 372.4 16.7045 14.2857
      vertex 372.4 16.8596 6.3492
      vertex 372.4 17.3441 12.6984
    endloop
  endfacet
  facet normal 1 0 0
    outer loop
      vertex 372.4 16.7045 14.2857
      vertex 372.4 15.9728 4.7619
      vertex 372.4 16.8596 6.3492
    endloop
  endfacet
  facet normal 1 0 0
    outer loop
      vertex 372.4 15.8221 15.873
      vertex 372.4 15.9728 4.7619
      vertex 372.4 16.7045 14.2857
    endloop
  endfacet
  facet normal 1 0 0
    outer loop
      vertex 372.4 15.8221 15.873
      vertex 372.4 14.839 3.17459
      vertex 372.4 15.9728 4.7619
    endloop
  endfacet
  facet normal 1 0 0
    outer loop
      vertex 372.4 14.7524 17.4603
      vertex 372.4 14.839 3.17459
      vertex 372.4 15.8221 15.873
    endloop
  endfacet
  facet normal 1 0 0
    outer loop
      vertex 372.4 0 0
      vertex 372.4 14.7524 17.4603
      vertex 372.4 13.5604 19.0476
    endloop
  endfacet
  facet normal 1 0 0
    outer loop
      vertex 372.4 14.7524 17.4603
      vertex 372.4 0 0
      vertex 372.4 14.839 3.17459
    endloop
  endfacet
  facet normal 1 0 0
    outer loop
      vertex 372.4 0 0
      vertex 372.4 13.5604 19.0476
      vertex 372.4 12.3165 20.6349
    endloop
  endfacet
  facet normal 1 0 0
    outer loop
      vertex 372.4 14.839 3.17459
      vertex 372.4 0 0
      vertex 372.4 13.5149 1.5873
    endloop
  endfacet
  facet normal 1 0 0
    outer loop
      vertex 372.4 0 0
      vertex 372.4 12.3165 20.6349
      vertex 372.4 11.0922 22.2222
    endloop
  endfacet
  facet normal 1 0 0
    outer loop
      vertex 372.4 0 0
      vertex 372.4 11.0922 22.2222
      vertex 372.4 9.95639 23.8095
    endloop
  endfacet
  facet normal 1 0 0
    outer loop
      vertex 372.4 0 0
      vertex 372.4 9.95639 23.8095
      vertex 372.4 8.97124 25.3968
    endloop
  endfacet
  facet normal 1 0 0
    outer loop
      vertex 372.4 0 0
      vertex 372.4 8.97124 25.3968
      vertex 372.4 8.1889 26.9841
    endloop
  endfacet
  facet normal 1 0 0
    outer loop
      vertex 372.4 0 0
      vertex 372.4 8.1889 26.9841
      vertex 372.4 7.64888 28.5714
    endloop
  endfacet
  facet normal 1 0 0
    outer loop
      vertex 372.4 0 0
      vertex 372.4 7.64888 28.5714
      vertex 372.4 7.37614 30.1587
    endloop
  endfacet
  facet normal 1 0 0
    outer loop
      vertex 372.4 13.5149 1.5873
      vertex 372.4 0 0
      vertex 372.4 12.0683 0
    endloop
  endfacet
  facet normal 1 0 0
    outer loop
      vertex 372.4 7.3802 31.746
      vertex 372.4 0 0
      vertex 372.4 7.37614 30.1587
    endloop
  endfacet
  facet normal 0 0.767898 -0.640572
    outer loop
      vertex 372.4 13.5149 1.5873
      vertex 366.489 14.839 3.17459
      vertex 372.4 14.839 3.17459
    endloop
  endfacet
  facet normal 0 0.767898 -0.640572
    outer loop
      vertex 366.489 14.839 3.17459
      vertex 372.4 13.5149 1.5873
      vertex 366.489 13.5149 1.5873
    endloop
  endfacet
  facet normal 0 0.813732 -0.581241
    outer loop
      vertex 372.4 14.839 3.17459
      vertex 366.489 15.9728 4.7619
      vertex 372.4 15.9728 4.7619
    endloop
  endfacet
  facet normal 0 0.813732 -0.581241
    outer loop
      vertex 366.489 15.9728 4.7619
      vertex 372.4 14.839 3.17459
      vertex 366.489 14.839 3.17459
    endloop
  endfacet
  facet normal 0 0.872995 -0.487729
    outer loop
      vertex 372.4 15.9728 4.7619
      vertex 366.489 16.8596 6.3492
      vertex 372.4 16.8596 6.3492
    endloop
  endfacet
  facet normal 0 0.872995 -0.487729
    outer loop
      vertex 366.489 16.8596 6.3492
      vertex 372.4 15.9728 4.7619
      vertex 366.489 15.9728 4.7619
    endloop
  endfacet
  facet normal 0 0.935909 -0.352243
    outer loop
      vertex 372.4 16.8596 6.3492
      vertex 366.489 17.457 7.93649
      vertex 372.4 17.457 7.93649
    endloop
  endfacet
  facet normal 0 0.935909 -0.352243
    outer loop
      vertex 366.489 17.457 7.93649
      vertex 372.4 16.8596 6.3492
      vertex 366.489 16.8596 6.3492
    endloop
  endfacet
  facet normal 0 0.984561 -0.17504
    outer loop
      vertex 372.4 17.457 7.93649
      vertex 366.489 17.7392 9.5238
      vertex 372.4 17.7392 9.5238
    endloop
  endfacet
  facet normal 0 0.984561 -0.17504
    outer loop
      vertex 366.489 17.7392 9.5238
      vertex 372.4 17.457 7.93649
      vertex 366.489 17.457 7.93649
    endloop
  endfacet
  facet normal 0 0.999667 0.0258214
    outer loop
      vertex 372.4 17.7392 9.5238
      vertex 366.489 17.6982 11.1111
      vertex 372.4 17.6982 11.1111
    endloop
  endfacet
  facet normal 0 0.999667 0.0258214
    outer loop
      vertex 366.489 17.6982 11.1111
      vertex 372.4 17.7392 9.5238
      vertex 366.489 17.7392 9.5238
    endloop
  endfacet
  facet normal 0 0.976009 0.217731
    outer loop
      vertex 372.4 17.6982 11.1111
      vertex 366.489 17.3441 12.6984
      vertex 372.4 17.3441 12.6984
    endloop
  endfacet
  facet normal 0 0.976009 0.217731
    outer loop
      vertex 366.489 17.3441 12.6984
      vertex 372.4 17.6982 11.1111
      vertex 366.489 17.6982 11.1111
    endloop
  endfacet
  facet normal 0 0.927531 0.373747
    outer loop
      vertex 372.4 17.3441 12.6984
      vertex 366.489 16.7045 14.2857
      vertex 372.4 16.7045 14.2857
    endloop
  endfacet
  facet normal 0 0.927531 0.373747
    outer loop
      vertex 366.489 16.7045 14.2857
      vertex 372.4 17.3441 12.6984
      vertex 366.489 17.3441 12.6984
    endloop
  endfacet
  facet normal 0 0.874025 0.485881
    outer loop
      vertex 372.4 16.7045 14.2857
      vertex 366.489 15.8221 15.873
      vertex 372.4 15.8221 15.873
    endloop
  endfacet
  facet normal 0 0.874025 0.485881
    outer loop
      vertex 366.489 15.8221 15.873
      vertex 372.4 16.7045 14.2857
      vertex 366.489 16.7045 14.2857
    endloop
  endfacet
  facet normal 0 0.829267 0.558853
    outer loop
      vertex 372.4 15.8221 15.873
      vertex 366.489 14.7524 17.4603
      vertex 372.4 14.7524 17.4603
    endloop
  endfacet
  facet normal 0 0.829267 0.558853
    outer loop
      vertex 366.489 14.7524 17.4603
      vertex 372.4 15.8221 15.873
      vertex 366.489 15.8221 15.873
    endloop
  endfacet
  facet normal 0 0.799631 0.600492
    outer loop
      vertex 372.4 14.7524 17.4603
      vertex 366.489 13.5604 19.0476
      vertex 372.4 13.5604 19.0476
    endloop
  endfacet
  facet normal 0 0.799631 0.600492
    outer loop
      vertex 366.489 13.5604 19.0476
      vertex 372.4 14.7524 17.4603
      vertex 366.489 14.7524 17.4603
    endloop
  endfacet
  facet normal 0 0.787104 0.61682
    outer loop
      vertex 372.4 13.5604 19.0476
      vertex 366.489 12.3165 20.6349
      vertex 372.4 12.3165 20.6349
    endloop
  endfacet
  facet normal 0 0.787104 0.61682
    outer loop
      vertex 366.489 12.3165 20.6349
      vertex 372.4 13.5604 19.0476
      vertex 366.489 13.5604 19.0476
    endloop
  endfacet
  facet normal 0 0.791828 0.610744
    outer loop
      vertex 372.4 12.3165 20.6349
      vertex 366.489 11.0922 22.2222
      vertex 372.4 11.0922 22.2222
    endloop
  endfacet
  facet normal 0 0.791828 0.610744
    outer loop
      vertex 366.489 11.0922 22.2222
      vertex 372.4 12.3165 20.6349
      vertex 366.489 12.3165 20.6349
    endloop
  endfacet
  facet normal 0 0.813243 0.581925
    outer loop
      vertex 372.4 11.0922 22.2222
      vertex 366.489 9.95639 23.8095
      vertex 372.4 9.95639 23.8095
    endloop
  endfacet
  facet normal 0 0.813243 0.581925
    outer loop
      vertex 366.489 9.95639 23.8095
      vertex 372.4 11.0922 22.2222
      vertex 366.489 11.0922 22.2222
    endloop
  endfacet
  facet normal 0 0.849657 0.527336
    outer loop
      vertex 372.4 9.95639 23.8095
      vertex 366.489 8.97124 25.3968
      vertex 372.4 8.97124 25.3968
    endloop
  endfacet
  facet normal 0 0.849657 0.527336
    outer loop
      vertex 366.489 8.97124 25.3968
      vertex 372.4 9.95639 23.8095
      vertex 366.489 9.95639 23.8095
    endloop
  endfacet
  facet normal 0 0.896969 0.442093
    outer loop
      vertex 372.4 8.97124 25.3968
      vertex 366.489 8.1889 26.9841
      vertex 372.4 8.1889 26.9841
    endloop
  endfacet
  facet normal 0 0.896969 0.442093
    outer loop
      vertex 366.489 8.1889 26.9841
      vertex 372.4 8.97124 25.3968
      vertex 366.489 8.97124 25.3968
    endloop
  endfacet
  facet normal 0 0.946711 0.322083
    outer loop
      vertex 372.4 8.1889 26.9841
      vertex 366.489 7.64888 28.5714
      vertex 372.4 7.64888 28.5714
    endloop
  endfacet
  facet normal 0 0.946711 0.322083
    outer loop
      vertex 366.489 7.64888 28.5714
      vertex 372.4 8.1889 26.9841
      vertex 366.489 8.1889 26.9841
    endloop
  endfacet
  facet normal 0 0.985557 0.169345
    outer loop
      vertex 372.4 7.64888 28.5714
      vertex 366.489 7.37614 30.1587
      vertex 372.4 7.37614 30.1587
    endloop
  endfacet
  facet normal 0 0.985557 0.169345
    outer loop
      vertex 366.489 7.37614 30.1587
      vertex 372.4 7.64888 28.5714
      vertex 366.489 7.64888 28.5714
    endloop
  endfacet
  facet normal 0 0.999997 -0.00255779
    outer loop
      vertex 372.4 7.37614 30.1587
      vertex 366.489 7.3802 31.746
      vertex 372.4 7.3802 31.746
    endloop
  endfacet
  facet normal 0 0.999997 -0.00255779
    outer loop
      vertex 366.489 7.3802 31.746
      vertex 372.4 7.37614 30.1587
      vertex 366.489 7.37614 30.1587
    endloop
  endfacet
  facet normal 0 0.985324 -0.170695
    outer loop
      vertex 372.4 7.3802 31.746
      vertex 366.489 7.65518 33.3333
      vertex 372.4 7.65518 33.3333
    endloop
  endfacet
  facet normal 0 0.985324 -0.170695
    outer loop
      vertex 366.489 7.65518 33.3333
      vertex 372.4 7.3802 31.746
      vertex 366.489 7.3802 31.746
    endloop
  endfacet
  facet normal 0 0.949347 -0.31423
    outer loop
      vertex 372.4 7.65518 33.3333
      vertex 366.489 8.18057 34.9206
      vertex 372.4 8.18057 34.9206
    endloop
  endfacet
  facet normal 0 0.949347 -0.31423
    outer loop
      vertex 366.489 8.18057 34.9206
      vertex 372.4 7.65518 33.3333
      vertex 366.489 7.65518 33.3333
    endloop
  endfacet
  facet normal 0 0.905789 -0.423729
    outer loop
      vertex 372.4 8.18057 34.9206
      vertex 366.489 8.92311 36.5079
      vertex 372.4 8.92311 36.5079
    endloop
  endfacet
  facet normal 0 0.905789 -0.423729
    outer loop
      vertex 366.489 8.92311 36.5079
      vertex 372.4 8.18057 34.9206
      vertex 366.489 8.18057 34.9206
    endloop
  endfacet
  facet normal 0 0.866136 -0.499808
    outer loop
      vertex 372.4 8.92311 36.5079
      vertex 366.489 9.83907 38.0952
      vertex 372.4 9.83907 38.0952
    endloop
  endfacet
  facet normal 0 0.866136 -0.499808
    outer loop
      vertex 366.489 9.83907 38.0952
      vertex 372.4 8.92311 36.5079
      vertex 366.489 8.92311 36.5079
    endloop
  endfacet
  facet normal 0 0.836926 -0.547316
    outer loop
      vertex 372.4 9.83907 38.0952
      vertex 366.489 10.8771 39.6825
      vertex 372.4 10.8771 39.6825
    endloop
  endfacet
  facet normal 0 0.836926 -0.547316
    outer loop
      vertex 366.489 10.8771 39.6825
      vertex 372.4 9.83907 38.0952
      vertex 366.489 9.83907 38.0952
    endloop
  endfacet
  facet normal 0 0.820835 -0.571166
    outer loop
      vertex 372.4 10.8771 39.6825
      vertex 366.489 11.9816 41.2698
      vertex 372.4 11.9816 41.2698
    endloop
  endfacet
  facet normal 0 0.820835 -0.571166
    outer loop
      vertex 366.489 11.9816 41.2698
      vertex 372.4 10.8771 39.6825
      vertex 366.489 10.8771 39.6825
    endloop
  endfacet
  facet normal 0 0.818483 -0.574531
    outer loop
      vertex 372.4 11.9816 41.2698
      vertex 366.489 13.0958 42.8571
      vertex 372.4 13.0958 42.8571
    endloop
  endfacet
  facet normal 0 0.818483 -0.574531
    outer loop
      vertex 366.489 13.0958 42.8571
      vertex 372.4 11.9816 41.2698
      vertex 366.489 11.9816 41.2698
    endloop
  endfacet
  facet normal 0 0.829436 -0.558601
    outer loop
      vertex 372.4 13.0958 42.8571
      vertex 366.489 14.1648 44.4444
      vertex 372.4 14.1648 44.4444
    endloop
  endfacet
  facet normal 0 0.829436 -0.558601
    outer loop
      vertex 366.489 14.1648 44.4444
      vertex 372.4 13.0958 42.8571
      vertex 366.489 13.0958 42.8571
    endloop
  endfacet
  facet normal 0 0.852329 -0.523006
    outer loop
      vertex 372.4 14.1648 44.4444
      vertex 366.489 15.1388 46.0317
      vertex 372.4 15.1388 46.0317
    endloop
  endfacet
  facet normal 0 0.852329 -0.523006
    outer loop
      vertex 366.489 15.1388 46.0317
      vertex 372.4 14.1648 44.4444
      vertex 366.489 14.1648 44.4444
    endloop
  endfacet
  facet normal 0 0.884693 -0.466174
    outer loop
      vertex 372.4 15.1388 46.0317
      vertex 366.489 15.9752 47.619
      vertex 372.4 15.9752 47.619
    endloop
  endfacet
  facet normal 0 0.884693 -0.466174
    outer loop
      vertex 366.489 15.9752 47.619
      vertex 372.4 15.1388 46.0317
      vertex 366.489 15.1388 46.0317
    endloop
  endfacet
  facet normal 0 0.922265 -0.386558
    outer loop
      vertex 372.4 15.9752 47.619
      vertex 366.489 16.6405 49.2063
      vertex 372.4 16.6405 49.2063
    endloop
  endfacet
  facet normal 0 0.922265 -0.386558
    outer loop
      vertex 366.489 16.6405 49.2063
      vertex 372.4 15.9752 47.619
      vertex 366.489 15.9752 47.619
    endloop
  endfacet
  facet normal 0 0.958685 -0.284471
    outer loop
      vertex 372.4 16.6405 49.2063
      vertex 366.489 17.1115 50.7936
      vertex 372.4 17.1115 50.7936
    endloop
  endfacet
  facet normal 0 0.958685 -0.284471
    outer loop
      vertex 366.489 17.1115 50.7936
      vertex 372.4 16.6405 49.2063
      vertex 366.489 16.6405 49.2063
    endloop
  endfacet
  facet normal 0 0.986421 -0.164238
    outer loop
      vertex 372.4 17.1115 50.7936
      vertex 366.489 17.3758 52.381
      vertex 372.4 17.3758 52.381
    endloop
  endfacet
  facet normal 0 0.986421 -0.164238
    outer loop
      vertex 366.489 17.3758 52.381
      vertex 372.4 17.1115 50.7936
      vertex 366.489 17.1115 50.7936
    endloop
  endfacet
  facet normal 0 0.999383 -0.0351345
    outer loop
      vertex 372.4 17.3758 52.381
      vertex 366.489 17.4316 53.9682
      vertex 372.4 17.4316 53.9682
    endloop
  endfacet
  facet normal 0 0.999383 -0.0351345
    outer loop
      vertex 366.489 17.4316 53.9682
      vertex 372.4 17.3758 52.381
      vertex 366.489 17.3758 52.381
    endloop
  endfacet
  facet normal 0 0.995876 0.0907224
    outer loop
      vertex 372.4 17.4316 53.9682
      vertex 366.489 17.287 55.5555
      vertex 372.4 17.287 55.5555
    endloop
  endfacet
  facet normal 0 0.995876 0.0907224
    outer loop
      vertex 366.489 17.287 55.5555
      vertex 372.4 17.4316 53.9682
      vertex 366.489 17.4316 53.9682
    endloop
  endfacet
  facet normal 0 0.9793 0.202412
    outer loop
      vertex 372.4 17.287 55.5555
      vertex 366.489 16.9589 57.1429
      vertex 372.4 16.9589 57.1429
    endloop
  endfacet
  facet normal 0 0.9793 0.202412
    outer loop
      vertex 366.489 16.9589 57.1429
      vertex 372.4 17.287 55.5555
      vertex 366.489 17.287 55.5555
    endloop
  endfacet
  facet normal 0 0.955892 0.293718
    outer loop
      vertex 372.4 16.9589 57.1429
      vertex 366.489 16.4712 58.7301
      vertex 372.4 16.4712 58.7301
    endloop
  endfacet
  facet normal 0 0.955892 0.293718
    outer loop
      vertex 366.489 16.4712 58.7301
      vertex 372.4 16.9589 57.1429
      vertex 366.489 16.9589 57.1429
    endloop
  endfacet
  facet normal 0 0.931771 0.363047
    outer loop
      vertex 372.4 16.4712 58.7301
      vertex 366.489 15.8527 60.3175
      vertex 372.4 15.8527 60.3175
    endloop
  endfacet
  facet normal 0 0.931771 0.363047
    outer loop
      vertex 366.489 15.8527 60.3175
      vertex 372.4 16.4712 58.7301
      vertex 366.489 16.4712 58.7301
    endloop
  endfacet
  facet normal 0 0.911316 0.411708
    outer loop
      vertex 372.4 15.8527 60.3175
      vertex 366.489 15.1356 61.9048
      vertex 372.4 15.1356 61.9048
    endloop
  endfacet
  facet normal 0 0.911316 0.411708
    outer loop
      vertex 366.489 15.1356 61.9048
      vertex 372.4 15.8527 60.3175
      vertex 366.489 15.8527 60.3175
    endloop
  endfacet
  facet normal 0 0.896978 0.442075
    outer loop
      vertex 372.4 15.1356 61.9048
      vertex 366.489 14.3533 63.4921
      vertex 372.4 14.3533 63.4921
    endloop
  endfacet
  facet normal 0 0.896978 0.442075
    outer loop
      vertex 366.489 14.3533 63.4921
      vertex 372.4 15.1356 61.9048
      vertex 366.489 15.1356 61.9048
    endloop
  endfacet
  facet normal 0 0.889613 0.456716
    outer loop
      vertex 372.4 14.3533 63.4921
      vertex 366.489 13.5384 65.0794
      vertex 372.4 13.5384 65.0794
    endloop
  endfacet
  facet normal 0 0.889613 0.456716
    outer loop
      vertex 366.489 13.5384 65.0794
      vertex 372.4 14.3533 63.4921
      vertex 366.489 14.3533 63.4921
    endloop
  endfacet
  facet normal 0 0.889157 0.457602
    outer loop
      vertex 372.4 13.5384 65.0794
      vertex 366.489 12.7215 66.6667
      vertex 372.4 12.7215 66.6667
    endloop
  endfacet
  facet normal 0 0.889157 0.457602
    outer loop
      vertex 366.489 12.7215 66.6667
      vertex 372.4 13.5384 65.0794
      vertex 366.489 13.5384 65.0794
    endloop
  endfacet
  facet normal 0 0.894776 0.446514
    outer loop
      vertex 372.4 12.7215 66.6667
      vertex 366.489 11.9294 68.254
      vertex 372.4 11.9294 68.254
    endloop
  endfacet
  facet normal 0 0.894776 0.446514
    outer loop
      vertex 366.489 11.9294 68.254
      vertex 372.4 12.7215 66.6667
      vertex 366.489 12.7215 66.6667
    endloop
  endfacet
  facet normal 0 0.905272 0.424833
    outer loop
      vertex 372.4 11.9294 68.254
      vertex 366.489 11.1845 69.8413
      vertex 372.4 11.1845 69.8413
    endloop
  endfacet
  facet normal 0 0.905272 0.424833
    outer loop
      vertex 366.489 11.1845 69.8413
      vertex 372.4 11.9294 68.254
      vertex 366.489 11.9294 68.254
    endloop
  endfacet
  facet normal 0 0.91916 0.393884
    outer loop
      vertex 372.4 11.1845 69.8413
      vertex 366.489 10.5043 71.4286
      vertex 372.4 10.5043 71.4286
    endloop
  endfacet
  facet normal 0 0.91916 0.393884
    outer loop
      vertex 366.489 10.5043 71.4286
      vertex 372.4 11.1845 69.8413
      vertex 366.489 11.1845 69.8413
    endloop
  endfacet
  facet normal 0 0.934735 0.355344
    outer loop
      vertex 372.4 10.5043 71.4286
      vertex 366.489 9.90088 73.0159
      vertex 372.4 9.90088 73.0159
    endloop
  endfacet
  facet normal 0 0.934735 0.355344
    outer loop
      vertex 366.489 9.90088 73.0159
      vertex 372.4 10.5043 71.4286
      vertex 366.489 10.5043 71.4286
    endloop
  endfacet
  facet normal 0 0.950378 0.311099
    outer loop
      vertex 372.4 9.90088 73.0159
      vertex 366.489 9.38129 74.6032
      vertex 372.4 9.38129 74.6032
    endloop
  endfacet
  facet normal 0 0.950378 0.311099
    outer loop
      vertex 366.489 9.38129 74.6032
      vertex 372.4 9.90088 73.0159
      vertex 366.489 9.90088 73.0159
    endloop
  endfacet
  facet normal 0 0.964673 0.263451
    outer loop
      vertex 372.4 9.38129 74.6032
      vertex 366.489 8.9478 76.1905
      vertex 372.4 8.9478 76.1905
    endloop
  endfacet
  facet normal 0 0.964673 0.263451
    outer loop
      vertex 366.489 8.9478 76.1905
      vertex 372.4 9.38129 74.6032
      vertex 366.489 9.38129 74.6032
    endloop
  endfacet
  facet normal 0 0.976636 0.214899
    outer loop
      vertex 372.4 8.9478 76.1905
      vertex 366.489 8.59853 77.7778
      vertex 372.4 8.59853 77.7778
    endloop
  endfacet
  facet normal 0 0.976636 0.214899
    outer loop
      vertex 366.489 8.59853 77.7778
      vertex 372.4 8.9478 76.1905
      vertex 366.489 8.9478 76.1905
    endloop
  endfacet
  facet normal 0 0.985808 0.167879
    outer loop
      vertex 372.4 8.59853 77.7778
      vertex 366.489 8.32822 79.3651
      vertex 372.4 8.32822 79.3651
    endloop
  endfacet
  facet normal 0 0.985808 0.167879
    outer loop
      vertex 366.489 8.32822 79.3651
      vertex 372.4 8.59853 77.7778
      vertex 366.489 8.59853 77.7778
    endloop
  endfacet
  facet normal 0 0.992223 0.124476
    outer loop
      vertex 372.4 8.32822 79.3651
      vertex 366.489 8.12909 80.9524
      vertex 372.4 8.12909 80.9524
    endloop
  endfacet
  facet normal 0 0.992223 0.124476
    outer loop
      vertex 366.489 8.12909 80.9524
      vertex 372.4 8.32822 79.3651
      vertex 366.489 8.32822 79.3651
    endloop
  endfacet
  facet normal 0 0.996271 0.0862832
    outer loop
      vertex 372.4 8.12909 80.9524
      vertex 366.489 7.99162 82.5397
      vertex 372.4 7.99162 82.5397
    endloop
  endfacet
  facet normal 0 0.996271 0.0862832
    outer loop
      vertex 366.489 7.99162 82.5397
      vertex 372.4 8.12909 80.9524
      vertex 366.489 8.12909 80.9524
    endloop
  endfacet
  facet normal 0 0.998529 0.0542199
    outer loop
      vertex 372.4 7.99162 82.5397
      vertex 366.489 7.90543 84.127
      vertex 372.4 7.90543 84.127
    endloop
  endfacet
  facet normal 0 0.998529 0.0542199
    outer loop
      vertex 366.489 7.90543 84.127
      vertex 372.4 7.99162 82.5397
      vertex 366.489 7.99162 82.5397
    endloop
  endfacet
  facet normal 0 0.99959 0.0286407
    outer loop
      vertex 372.4 7.90543 84.127
      vertex 366.489 7.85995 85.7143
      vertex 372.4 7.85995 85.7143
    endloop
  endfacet
  facet normal 0 0.99959 0.0286407
    outer loop
      vertex 366.489 7.85995 85.7143
      vertex 372.4 7.90543 84.127
      vertex 366.489 7.90543 84.127
    endloop
  endfacet
  facet normal 0 0.999957 0.00930471
    outer loop
      vertex 372.4 7.85995 85.7143
      vertex 366.489 7.84518 87.3016
      vertex 372.4 7.84518 87.3016
    endloop
  endfacet
  facet normal 0 0.999957 0.00930471
    outer loop
      vertex 366.489 7.84518 87.3016
      vertex 372.4 7.85995 85.7143
      vertex 366.489 7.85995 85.7143
    endloop
  endfacet
  facet normal 0 0.99999 -0.00435956
    outer loop
      vertex 372.4 7.84518 87.3016
      vertex 366.489 7.8521 88.8889
      vertex 372.4 7.8521 88.8889
    endloop
  endfacet
  facet normal 0 0.99999 -0.00435956
    outer loop
      vertex 366.489 7.8521 88.8889
      vertex 372.4 7.84518 87.3016
      vertex 366.489 7.84518 87.3016
    endloop
  endfacet
  facet normal 0 0.999913 -0.0132037
    outer loop
      vertex 372.4 7.8521 88.8889
      vertex 366.489 7.87306 90.4762
      vertex 372.4 7.87306 90.4762
    endloop
  endfacet
  facet normal 0 0.999913 -0.0132037
    outer loop
      vertex 366.489 7.87306 90.4762
      vertex 372.4 7.8521 88.8889
      vertex 366.489 7.8521 88.8889
    endloop
  endfacet
  facet normal 0 0.999832 -0.0183425
    outer loop
      vertex 372.4 7.87306 90.4762
      vertex 366.489 7.90218 92.0635
      vertex 372.4 7.90218 92.0635
    endloop
  endfacet
  facet normal 0 0.999832 -0.0183425
    outer loop
      vertex 366.489 7.90218 92.0635
      vertex 372.4 7.87306 90.4762
      vertex 366.489 7.87306 90.4762
    endloop
  endfacet
  facet normal 0 0.999782 -0.0208989
    outer loop
      vertex 372.4 7.90218 92.0635
      vertex 366.489 7.93536 93.6508
      vertex 372.4 7.93536 93.6508
    endloop
  endfacet
  facet normal 0 0.999782 -0.0208989
    outer loop
      vertex 366.489 7.93536 93.6508
      vertex 372.4 7.90218 92.0635
      vertex 366.489 7.90218 92.0635
    endloop
  endfacet
  facet normal 0 0.999756 -0.0221076
    outer loop
      vertex 372.4 7.93536 93.6508
      vertex 366.489 7.97046 95.2381
      vertex 372.4 7.97046 95.2381
    endloop
  endfacet
  facet normal 0 0.999756 -0.0221076
    outer loop
      vertex 366.489 7.97046 95.2381
      vertex 372.4 7.93536 93.6508
      vertex 366.489 7.93536 93.6508
    endloop
  endfacet
  facet normal 0 0.999733 -0.0231148
    outer loop
      vertex 372.4 7.97046 95.2381
      vertex 366.489 8.00716 96.8254
      vertex 372.4 8.00716 96.8254
    endloop
  endfacet
  facet normal 0 0.999733 -0.0231148
    outer loop
      vertex 366.489 8.00716 96.8254
      vertex 372.4 7.97046 95.2381
      vertex 366.489 7.97046 95.2381
    endloop
  endfacet
  facet normal 0 0.999686 -0.0250599
    outer loop
      vertex 372.4 8.00716 96.8254
      vertex 366.489 8.04695 98.4127
      vertex 372.4 8.04695 98.4127
    endloop
  endfacet
  facet normal 0 0.999686 -0.0250599
    outer loop
      vertex 366.489 8.04695 98.4127
      vertex 372.4 8.00716 96.8254
      vertex 366.489 8.00716 96.8254
    endloop
  endfacet
  facet normal 0 0.999583 -0.0288861
    outer loop
      vertex 372.4 8.04695 98.4127
      vertex 366.489 8.09282 100
      vertex 372.4 8.09282 100
    endloop
  endfacet
  facet normal 0 0.999583 -0.0288861
    outer loop
      vertex 366.489 8.09282 100
      vertex 372.4 8.04695 98.4127
      vertex 366.489 8.04695 98.4127
    endloop
  endfacet
  facet normal 0 0.739105 -0.67359
    outer loop
      vertex 372.4 12.0683 0
      vertex 366.489 13.5149 1.5873
      vertex 372.4 13.5149 1.5873
    endloop
  endfacet
  facet normal 0 0.739105 -0.67359
    outer loop
      vertex 366.489 13.5149 1.5873
      vertex 372.4 12.0683 0
      vertex 366.489 12.0683 0
    endloop
  endfacet
  facet normal -1 0 0
    outer loop
      vertex 374.267 18.0376 9.5238
      vertex 374.267 17.8979 12.6984
      vertex 374.267 18.1269 11.1111
    endloop
  endfacet
  facet normal -1 0 0
    outer loop
      vertex 374.267 17.628 7.93649
      vertex 374.267 17.8979 12.6984
      vertex 374.267 18.0376 9.5238
    endloop
  endfacet
  facet normal -1 0 0
    outer loop
      vertex 374.267 17.628 7.93649
      vertex 374.267 17.3703 14.2857
      vertex 374.267 17.8979 12.6984
    endloop
  endfacet
  facet normal -1 0 0
    outer loop
      vertex 374.267 16.9136 6.3492
      vertex 374.267 17.3703 14.2857
      vertex 374.267 17.628 7.93649
    endloop
  endfacet
  facet normal -1 0 0
    outer loop
      vertex 374.267 16.9136 6.3492
      vertex 374.267 16.5798 15.873
      vertex 374.267 17.3703 14.2857
    endloop
  endfacet
  facet normal -1 0 0
    outer loop
      vertex 374.267 15.9274 4.7619
      vertex 374.267 16.5798 15.873
      vertex 374.267 16.9136 6.3492
    endloop
  endfacet
  facet normal -1 0 0
    outer loop
      vertex 374.267 15.9274 4.7619
      vertex 374.267 15.5756 17.4603
      vertex 374.267 16.5798 15.873
    endloop
  endfacet
  facet normal -1 0 0
    outer loop
      vertex 374.267 14.718 3.17459
      vertex 374.267 15.5756 17.4603
      vertex 374.267 15.9274 4.7619
    endloop
  endfacet
  facet normal -1 0 0
    outer loop
      vertex 374.267 0 0
      vertex 374.267 15.5756 17.4603
      vertex 374.267 14.718 3.17459
    endloop
  endfacet
  facet normal -1 0 0
    outer loop
      vertex 374.267 0 0
      vertex 374.267 14.718 3.17459
      vertex 374.267 13.347 1.5873
    endloop
  endfacet
  facet normal -1 -0 0
    outer loop
      vertex 374.267 15.5756 17.4603
      vertex 374.267 0 0
      vertex 374.267 14.4173 19.0476
    endloop
  endfacet
  facet normal -1 -0 0
    outer loop
      vertex 374.267 14.4173 19.0476
      vertex 374.267 0 0
      vertex 374.267 13.1715 20.6349
    endloop
  endfacet
  facet normal -1 0 0
    outer loop
      vertex 374.267 0 0
      vertex 374.267 13.347 1.5873
      vertex 374.267 11.8855 0
    endloop
  endfacet
  facet normal -1 -0 0
    outer loop
      vertex 374.267 13.1715 20.6349
      vertex 374.267 0 0
      vertex 374.267 11.9076 22.2222
    endloop
  endfacet
  facet normal -1 -0 0
    outer loop
      vertex 374.267 11.9076 22.2222
      vertex 374.267 0 0
      vertex 374.267 10.6938 23.8095
    endloop
  endfacet
  facet normal -1 -0 0
    outer loop
      vertex 374.267 10.6938 23.8095
      vertex 374.267 0 0
      vertex 374.267 9.59363 25.3968
    endloop
  endfacet
  facet normal -1 -0 0
    outer loop
      vertex 374.267 9.59363 25.3968
      vertex 374.267 0 0
      vertex 374.267 8.66205 26.9841
    endloop
  endfacet
  facet normal -1 -0 0
    outer loop
      vertex 374.267 8.66205 26.9841
      vertex 374.267 0 0
      vertex 374.267 7.94318 28.5714
    endloop
  endfacet
  facet normal -1 -0 0
    outer loop
      vertex 374.267 7.46805 30.1587
      vertex 374.267 0 0
      vertex 374.267 7.25352 31.746
    endloop
  endfacet
  facet normal -1 -0 0
    outer loop
      vertex 374.267 7.94318 28.5714
      vertex 374.267 0 0
      vertex 374.267 7.46805 30.1587
    endloop
  endfacet
  facet normal -1 0 0
    outer loop
      vertex 374.267 17.0827 55.5555
      vertex 374.267 16.9305 58.7301
      vertex 374.267 17.0795 57.1429
    endloop
  endfacet
  facet normal -1 0 0
    outer loop
      vertex 374.267 16.9261 53.9682
      vertex 374.267 16.9305 58.7301
      vertex 374.267 17.0827 55.5555
    endloop
  endfacet
  facet normal -1 0 0
    outer loop
      vertex 374.267 16.6022 52.381
      vertex 374.267 16.9305 58.7301
      vertex 374.267 16.9261 53.9682
    endloop
  endfacet
  facet normal -1 0 0
    outer loop
      vertex 374.267 16.1107 50.7936
      vertex 374.267 16.9305 58.7301
      vertex 374.267 16.6022 52.381
    endloop
  endfacet
  facet normal -1 -0 0
    outer loop
      vertex 374.267 16.9305 58.7301
      vertex 374.267 16.1107 50.7936
      vertex 374.267 16.6543 60.3175
    endloop
  endfacet
  facet normal -1 0 0
    outer loop
      vertex 374.267 15.46 49.2063
      vertex 374.267 16.6543 60.3175
      vertex 374.267 16.1107 50.7936
    endloop
  endfacet
  facet normal -1 -0 0
    outer loop
      vertex 374.267 16.6543 60.3175
      vertex 374.267 15.46 49.2063
      vertex 374.267 16.2728 61.9048
    endloop
  endfacet
  facet normal -1 0 0
    outer loop
      vertex 374.267 14.6669 47.619
      vertex 374.267 16.2728 61.9048
      vertex 374.267 15.46 49.2063
    endloop
  endfacet
  facet normal -1 -0 0
    outer loop
      vertex 374.267 16.2728 61.9048
      vertex 374.267 14.6669 47.619
      vertex 374.267 15.8097 63.4921
    endloop
  endfacet
  facet normal -1 0 0
    outer loop
      vertex 374.267 13.7571 46.0317
      vertex 374.267 15.8097 63.4921
      vertex 374.267 14.6669 47.619
    endloop
  endfacet
  facet normal -1 -0 0
    outer loop
      vertex 374.267 15.8097 63.4921
      vertex 374.267 13.7571 46.0317
      vertex 374.267 15.2893 65.0794
    endloop
  endfacet
  facet normal -1 0 0
    outer loop
      vertex 374.267 12.7646 44.4444
      vertex 374.267 15.2893 65.0794
      vertex 374.267 13.7571 46.0317
    endloop
  endfacet
  facet normal -1 -0 0
    outer loop
      vertex 374.267 15.2893 65.0794
      vertex 374.267 12.7646 44.4444
      vertex 374.267 14.7347 66.6667
    endloop
  endfacet
  facet normal -1 0 0
    outer loop
      vertex 374.267 11.7304 42.8571
      vertex 374.267 14.7347 66.6667
      vertex 374.267 12.7646 44.4444
    endloop
  endfacet
  facet normal -1 -0 0
    outer loop
      vertex 374.267 14.7347 66.6667
      vertex 374.267 11.7304 42.8571
      vertex 374.267 14.1674 68.254
    endloop
  endfacet
  facet normal -1 0 0
    outer loop
      vertex 374.267 10.7005 41.2698
      vertex 374.267 14.1674 68.254
      vertex 374.267 11.7304 42.8571
    endloop
  endfacet
  facet normal -1 -0 0
    outer loop
      vertex 374.267 14.1674 68.254
      vertex 374.267 10.7005 41.2698
      vertex 374.267 13.606 69.8413
    endloop
  endfacet
  facet normal -1 0 0
    outer loop
      vertex 374.267 9.72437 39.6825
      vertex 374.267 13.606 69.8413
      vertex 374.267 10.7005 41.2698
    endloop
  endfacet
  facet normal -1 -0 0
    outer loop
      vertex 374.267 13.606 69.8413
      vertex 374.267 9.72437 39.6825
      vertex 374.267 13.0663 71.4286
    endloop
  endfacet
  facet normal -1 -0 0
    outer loop
      vertex 374.267 13.0663 71.4286
      vertex 374.267 9.72437 39.6825
      vertex 374.267 12.5607 73.0159
    endloop
  endfacet
  facet normal -1 0 0
    outer loop
      vertex 374.267 8.85181 38.0952
      vertex 374.267 12.5607 73.0159
      vertex 374.267 9.72437 39.6825
    endloop
  endfacet
  facet normal -1 -0 0
    outer loop
      vertex 374.267 12.5607 73.0159
      vertex 374.267 8.85181 38.0952
      vertex 374.267 12.0982 74.6032
    endloop
  endfacet
  facet normal -1 -0 0
    outer loop
      vertex 374.267 12.0982 74.6032
      vertex 374.267 8.85181 38.0952
      vertex 374.267 11.6847 76.1905
    endloop
  endfacet
  facet normal -1 0 0
    outer loop
      vertex 374.267 8.13034 36.5079
      vertex 374.267 11.6847 76.1905
      vertex 374.267 8.85181 38.0952
    endloop
  endfacet
  facet normal -1 0 0
    outer loop
      vertex 374.267 0 100
      vertex 374.267 11.6847 76.1905
      vertex 374.267 8.13034 36.5079
    endloop
  endfacet
  facet normal -1 0 0
    outer loop
      vertex 374.267 11.6847 76.1905
      vertex 374.267 0 100
      vertex 374.267 11.3235 77.7778
    endloop
  endfacet
  facet normal -1 0 0
    outer loop
      vertex 374.267 11.0154 79.3651
      vertex 374.267 0 100
      vertex 374.267 10.7595 80.9524
    endloop
  endfacet
  facet normal -1 0 0
    outer loop
      vertex 374.267 10.7595 80.9524
      vertex 374.267 0 100
      vertex 374.267 10.5537 82.5397
    endloop
  endfacet
  facet normal -1 0 0
    outer loop
      vertex 374.267 10.395 84.127
      vertex 374.267 0 100
      vertex 374.267 10.2803 85.7143
    endloop
  endfacet
  facet normal -1 0 0
    outer loop
      vertex 374.267 10.2061 87.3016
      vertex 374.267 0 100
      vertex 374.267 10.1698 88.8889
    endloop
  endfacet
  facet normal -1 0 0
    outer loop
      vertex 374.267 10.2803 85.7143
      vertex 374.267 0 100
      vertex 374.267 10.2061 87.3016
    endloop
  endfacet
  facet normal -1 0 0
    outer loop
      vertex 374.267 10.5537 82.5397
      vertex 374.267 0 100
      vertex 374.267 10.395 84.127
    endloop
  endfacet
  facet normal -1 0 0
    outer loop
      vertex 374.267 10.1698 88.8889
      vertex 374.267 0 100
      vertex 374.267 10.1688 90.4762
    endloop
  endfacet
  facet normal -1 0 0
    outer loop
      vertex 374.267 11.3235 77.7778
      vertex 374.267 0 100
      vertex 374.267 11.0154 79.3651
    endloop
  endfacet
  facet normal -1 0 0
    outer loop
      vertex 374.267 0 100
      vertex 374.267 8.13034 36.5079
      vertex 374.267 7.60231 34.9206
    endloop
  endfacet
  facet normal -1 0 0
    outer loop
      vertex 374.267 10.1688 90.4762
      vertex 374.267 0 100
      vertex 374.267 10.2016 92.0635
    endloop
  endfacet
  facet normal -1 0 0
    outer loop
      vertex 374.267 0 100
      vertex 374.267 7.60231 34.9206
      vertex 374.267 7.30208 33.3333
    endloop
  endfacet
  facet normal -1 0 0
    outer loop
      vertex 374.267 0 0
      vertex 374.267 7.30208 33.3333
      vertex 374.267 7.25352 31.746
    endloop
  endfacet
  facet normal -1 0 0
    outer loop
      vertex 374.267 0 100
      vertex 374.267 7.30208 33.3333
      vertex 374.267 0 0
    endloop
  endfacet
  facet normal -1 0 0
    outer loop
      vertex 374.267 10.2016 92.0635
      vertex 374.267 0 100
      vertex 374.267 10.2669 93.6508
    endloop
  endfacet
  facet normal -1 0 0
    outer loop
      vertex 374.267 10.2669 93.6508
      vertex 374.267 0 100
      vertex 374.267 10.3643 95.2381
    endloop
  endfacet
  facet normal -1 0 0
    outer loop
      vertex 374.267 10.3643 95.2381
      vertex 374.267 0 100
      vertex 374.267 10.4938 96.8254
    endloop
  endfacet
  facet normal -1 0 0
    outer loop
      vertex 374.267 10.6555 98.4127
      vertex 374.267 0 100
      vertex 374.267 10.8497 100
    endloop
  endfacet
  facet normal -1 0 0
    outer loop
      vertex 374.267 10.4938 96.8254
      vertex 374.267 0 100
      vertex 374.267 10.6555 98.4127
    endloop
  endfacet
  facet normal 1 0 0
    outer loop
      vertex 380.178 12.5607 73.0159
      vertex 380.178 8.85181 38.0952
      vertex 380.178 9.72437 39.6825
    endloop
  endfacet
  facet normal 1 0 0
    outer loop
      vertex 380.178 2.4 87.9876
      vertex 380.178 10.1688 90.4762
      vertex 380.178 10.2016 92.0635
    endloop
  endfacet
  facet normal 1 0 0
    outer loop
      vertex 380.178 10.1698 88.8889
      vertex 380.178 2.4 67.0124
      vertex 380.178 8.85181 38.0952
    endloop
  endfacet
  facet normal 1 -0 0
    outer loop
      vertex 380.178 0 67.0124
      vertex 380.178 8.85181 38.0952
      vertex 380.178 2.4 67.0124
    endloop
  endfacet
  facet normal 1 0 0
    outer loop
      vertex 380.178 2.4 87.9876
      vertex 380.178 10.2016 92.0635
      vertex 380.178 10.2669 93.6508
    endloop
  endfacet
  facet normal 1 0 0
    outer loop
      vertex 380.178 8.85181 38.0952
      vertex 380.178 0 67.0124
      vertex 380.178 8.13034 36.5079
    endloop
  endfacet
  facet normal 1 0 0
    outer loop
      vertex 380.178 8.13034 36.5079
      vertex 380.178 0 67.0124
      vertex 380.178 7.60231 34.9206
    endloop
  endfacet
  facet normal 1 0 0
    outer loop
      vertex 380.178 10.1698 88.8889
      vertex 380.178 2.4 87.9876
      vertex 380.178 2.4 67.0124
    endloop
  endfacet
  facet normal 1 0 0
    outer loop
      vertex 380.178 0 100
      vertex 380.178 10.2669 93.6508
      vertex 380.178 10.3643 95.2381
    endloop
  endfacet
  facet normal 1 0 0
    outer loop
      vertex 380.178 0 100
      vertex 380.178 10.3643 95.2381
      vertex 380.178 10.4938 96.8254
    endloop
  endfacet
  facet normal 1 0 0
    outer loop
      vertex 380.178 0 100
      vertex 380.178 10.4938 96.8254
      vertex 380.178 10.6555 98.4127
    endloop
  endfacet
  facet normal 1 -0 0
    outer loop
      vertex 380.178 0 100
      vertex 380.178 10.6555 98.4127
      vertex 380.178 10.8497 100
    endloop
  endfacet
  facet normal 1 0 0
    outer loop
      vertex 380.178 10.2669 93.6508
      vertex 380.178 0 100
      vertex 380.178 2.4 87.9876
    endloop
  endfacet
  facet normal 1 0 0
    outer loop
      vertex 380.178 2.4 87.9876
      vertex 380.178 0 100
      vertex 380.178 0 87.9876
    endloop
  endfacet
  facet normal 1 0 0
    outer loop
      vertex 380.178 16.9305 58.7301
      vertex 380.178 17.0827 55.5555
      vertex 380.178 17.0795 57.1429
    endloop
  endfacet
  facet normal 1 0 0
    outer loop
      vertex 380.178 16.9305 58.7301
      vertex 380.178 16.9261 53.9682
      vertex 380.178 17.0827 55.5555
    endloop
  endfacet
  facet normal 1 0 0
    outer loop
      vertex 380.178 16.1107 50.7936
      vertex 380.178 16.9305 58.7301
      vertex 380.178 16.6543 60.3175
    endloop
  endfacet
  facet normal 1 0 0
    outer loop
      vertex 380.178 16.9305 58.7301
      vertex 380.178 16.6022 52.381
      vertex 380.178 16.9261 53.9682
    endloop
  endfacet
  facet normal 1 0 0
    outer loop
      vertex 380.178 15.46 49.2063
      vertex 380.178 16.6543 60.3175
      vertex 380.178 16.2728 61.9048
    endloop
  endfacet
  facet normal 1 0 0
    outer loop
      vertex 380.178 16.9305 58.7301
      vertex 380.178 16.1107 50.7936
      vertex 380.178 16.6022 52.381
    endloop
  endfacet
  facet normal 1 0 0
    outer loop
      vertex 380.178 14.6669 47.619
      vertex 380.178 16.2728 61.9048
      vertex 380.178 15.8097 63.4921
    endloop
  endfacet
  facet normal 1 0 0
    outer loop
      vertex 380.178 16.6543 60.3175
      vertex 380.178 15.46 49.2063
      vertex 380.178 16.1107 50.7936
    endloop
  endfacet
  facet normal 1 0 0
    outer loop
      vertex 380.178 13.7571 46.0317
      vertex 380.178 15.8097 63.4921
      vertex 380.178 15.2893 65.0794
    endloop
  endfacet
  facet normal 1 0 0
    outer loop
      vertex 380.178 12.7646 44.4444
      vertex 380.178 15.2893 65.0794
      vertex 380.178 14.7347 66.6667
    endloop
  endfacet
  facet normal 1 0 0
    outer loop
      vertex 380.178 16.2728 61.9048
      vertex 380.178 14.6669 47.619
      vertex 380.178 15.46 49.2063
    endloop
  endfacet
  facet normal 1 0 0
    outer loop
      vertex 380.178 11.7304 42.8571
      vertex 380.178 14.7347 66.6667
      vertex 380.178 14.1674 68.254
    endloop
  endfacet
  facet normal 1 0 0
    outer loop
      vertex 380.178 15.8097 63.4921
      vertex 380.178 13.7571 46.0317
      vertex 380.178 14.6669 47.619
    endloop
  endfacet
  facet normal 1 0 0
    outer loop
      vertex 380.178 10.7005 41.2698
      vertex 380.178 14.1674 68.254
      vertex 380.178 13.606 69.8413
    endloop
  endfacet
  facet normal 1 0 0
    outer loop
      vertex 380.178 9.72437 39.6825
      vertex 380.178 13.606 69.8413
      vertex 380.178 13.0663 71.4286
    endloop
  endfacet
  facet normal 1 0 0
    outer loop
      vertex 380.178 15.2893 65.0794
      vertex 380.178 12.7646 44.4444
      vertex 380.178 13.7571 46.0317
    endloop
  endfacet
  facet normal 1 0 0
    outer loop
      vertex 380.178 9.72437 39.6825
      vertex 380.178 13.0663 71.4286
      vertex 380.178 12.5607 73.0159
    endloop
  endfacet
  facet normal 1 0 0
    outer loop
      vertex 380.178 8.85181 38.0952
      vertex 380.178 12.5607 73.0159
      vertex 380.178 12.0982 74.6032
    endloop
  endfacet
  facet normal 1 0 0
    outer loop
      vertex 380.178 14.7347 66.6667
      vertex 380.178 11.7304 42.8571
      vertex 380.178 12.7646 44.4444
    endloop
  endfacet
  facet normal 1 0 0
    outer loop
      vertex 380.178 8.85181 38.0952
      vertex 380.178 12.0982 74.6032
      vertex 380.178 11.6847 76.1905
    endloop
  endfacet
  facet normal 1 0 0
    outer loop
      vertex 380.178 8.85181 38.0952
      vertex 380.178 11.6847 76.1905
      vertex 380.178 11.3235 77.7778
    endloop
  endfacet
  facet normal 1 0 0
    outer loop
      vertex 380.178 8.85181 38.0952
      vertex 380.178 11.3235 77.7778
      vertex 380.178 11.0154 79.3651
    endloop
  endfacet
  facet normal 1 0 0
    outer loop
      vertex 380.178 8.85181 38.0952
      vertex 380.178 11.0154 79.3651
      vertex 380.178 10.7595 80.9524
    endloop
  endfacet
  facet normal 1 0 0
    outer loop
      vertex 380.178 14.1674 68.254
      vertex 380.178 10.7005 41.2698
      vertex 380.178 11.7304 42.8571
    endloop
  endfacet
  facet normal 1 0 0
    outer loop
      vertex 380.178 8.85181 38.0952
      vertex 380.178 10.7595 80.9524
      vertex 380.178 10.5537 82.5397
    endloop
  endfacet
  facet normal 1 0 0
    outer loop
      vertex 380.178 8.85181 38.0952
      vertex 380.178 10.5537 82.5397
      vertex 380.178 10.395 84.127
    endloop
  endfacet
  facet normal 1 0 0
    outer loop
      vertex 380.178 8.85181 38.0952
      vertex 380.178 10.395 84.127
      vertex 380.178 10.2803 85.7143
    endloop
  endfacet
  facet normal 1 0 0
    outer loop
      vertex 380.178 8.85181 38.0952
      vertex 380.178 10.2803 85.7143
      vertex 380.178 10.2061 87.3016
    endloop
  endfacet
  facet normal 1 0 0
    outer loop
      vertex 380.178 8.85181 38.0952
      vertex 380.178 10.2061 87.3016
      vertex 380.178 10.1698 88.8889
    endloop
  endfacet
  facet normal 1 0 0
    outer loop
      vertex 380.178 13.606 69.8413
      vertex 380.178 9.72437 39.6825
      vertex 380.178 10.7005 41.2698
    endloop
  endfacet
  facet normal 1 0 0
    outer loop
      vertex 380.178 2.4 87.9876
      vertex 380.178 10.1698 88.8889
      vertex 380.178 10.1688 90.4762
    endloop
  endfacet
  facet normal 1 0 0
    outer loop
      vertex 380.178 17.8979 12.6984
      vertex 380.178 18.0376 9.5238
      vertex 380.178 18.1269 11.1111
    endloop
  endfacet
  facet normal 1 0 0
    outer loop
      vertex 380.178 17.8979 12.6984
      vertex 380.178 17.628 7.93649
      vertex 380.178 18.0376 9.5238
    endloop
  endfacet
  facet normal 1 0 0
    outer loop
      vertex 380.178 17.3703 14.2857
      vertex 380.178 17.628 7.93649
      vertex 380.178 17.8979 12.6984
    endloop
  endfacet
  facet normal 1 0 0
    outer loop
      vertex 380.178 17.3703 14.2857
      vertex 380.178 16.9136 6.3492
      vertex 380.178 17.628 7.93649
    endloop
  endfacet
  facet normal 1 0 0
    outer loop
      vertex 380.178 16.5798 15.873
      vertex 380.178 16.9136 6.3492
      vertex 380.178 17.3703 14.2857
    endloop
  endfacet
  facet normal 1 0 0
    outer loop
      vertex 380.178 16.5798 15.873
      vertex 380.178 15.9274 4.7619
      vertex 380.178 16.9136 6.3492
    endloop
  endfacet
  facet normal 1 0 0
    outer loop
      vertex 380.178 15.5756 17.4603
      vertex 380.178 15.9274 4.7619
      vertex 380.178 16.5798 15.873
    endloop
  endfacet
  facet normal 1 0 0
    outer loop
      vertex 380.178 15.5756 17.4603
      vertex 380.178 14.718 3.17459
      vertex 380.178 15.9274 4.7619
    endloop
  endfacet
  facet normal 1 0 0
    outer loop
      vertex 380.178 0 0
      vertex 380.178 15.5756 17.4603
      vertex 380.178 14.4173 19.0476
    endloop
  endfacet
  facet normal 1 0 0
    outer loop
      vertex 380.178 15.5756 17.4603
      vertex 380.178 0 0
      vertex 380.178 14.718 3.17459
    endloop
  endfacet
  facet normal 1 0 0
    outer loop
      vertex 380.178 0 0
      vertex 380.178 14.4173 19.0476
      vertex 380.178 13.1715 20.6349
    endloop
  endfacet
  facet normal 1 0 0
    outer loop
      vertex 380.178 0 0
      vertex 380.178 13.1715 20.6349
      vertex 380.178 11.9076 22.2222
    endloop
  endfacet
  facet normal 1 0 0
    outer loop
      vertex 380.178 14.718 3.17459
      vertex 380.178 0 0
      vertex 380.178 13.347 1.5873
    endloop
  endfacet
  facet normal 1 0 0
    outer loop
      vertex 380.178 0 0
      vertex 380.178 11.9076 22.2222
      vertex 380.178 10.6938 23.8095
    endloop
  endfacet
  facet normal 1 0 0
    outer loop
      vertex 380.178 0 0
      vertex 380.178 10.6938 23.8095
      vertex 380.178 9.59363 25.3968
    endloop
  endfacet
  facet normal 1 0 0
    outer loop
      vertex 380.178 0 0
      vertex 380.178 9.59363 25.3968
      vertex 380.178 8.66205 26.9841
    endloop
  endfacet
  facet normal 1 0 0
    outer loop
      vertex 380.178 0 0
      vertex 380.178 8.66205 26.9841
      vertex 380.178 7.94318 28.5714
    endloop
  endfacet
  facet normal 1 0 0
    outer loop
      vertex 380.178 0 0
      vertex 380.178 7.94318 28.5714
      vertex 380.178 7.46805 30.1587
    endloop
  endfacet
  facet normal 1 0 0
    outer loop
      vertex 380.178 7.60231 34.9206
      vertex 380.178 0 67.0124
      vertex 380.178 7.30208 33.3333
    endloop
  endfacet
  facet normal 1 0 0
    outer loop
      vertex 380.178 7.30208 33.3333
      vertex 380.178 0 67.0124
      vertex 380.178 7.25352 31.746
    endloop
  endfacet
  facet normal 1 0 0
    outer loop
      vertex 380.178 0 0
      vertex 380.178 7.25352 31.746
      vertex 380.178 0 67.0124
    endloop
  endfacet
  facet normal 1 0 0
    outer loop
      vertex 380.178 7.25352 31.746
      vertex 380.178 0 0
      vertex 380.178 7.46805 30.1587
    endloop
  endfacet
  facet normal 1 0 0
    outer loop
      vertex 380.178 13.347 1.5873
      vertex 380.178 0 0
      vertex 380.178 11.8855 0
    endloop
  endfacet
  facet normal 0 0.756786 -0.653663
    outer loop
      vertex 380.178 13.347 1.5873
      vertex 374.267 14.718 3.17459
      vertex 380.178 14.718 3.17459
    endloop
  endfacet
  facet normal 0 0.756786 -0.653663
    outer loop
      vertex 374.267 14.718 3.17459
      vertex 380.178 13.347 1.5873
      vertex 374.267 13.347 1.5873
    endloop
  endfacet
  facet normal 0 0.795427 -0.60605
    outer loop
      vertex 380.178 14.718 3.17459
      vertex 374.267 15.9274 4.7619
      vertex 380.178 15.9274 4.7619
    endloop
  endfacet
  facet normal 0 0.795427 -0.60605
    outer loop
      vertex 374.267 15.9274 4.7619
      vertex 380.178 14.718 3.17459
      vertex 374.267 14.718 3.17459
    endloop
  endfacet
  facet normal 0 0.849405 -0.527741
    outer loop
      vertex 380.178 15.9274 4.7619
      vertex 374.267 16.9136 6.3492
      vertex 380.178 16.9136 6.3492
    endloop
  endfacet
  facet normal 0 0.849405 -0.527741
    outer loop
      vertex 374.267 16.9136 6.3492
      vertex 380.178 15.9274 4.7619
      vertex 374.267 15.9274 4.7619
    endloop
  endfacet
  facet normal 0 0.911896 -0.410422
    outer loop
      vertex 380.178 16.9136 6.3492
      vertex 374.267 17.628 7.93649
      vertex 380.178 17.628 7.93649
    endloop
  endfacet
  facet normal 0 0.911896 -0.410422
    outer loop
      vertex 374.267 17.628 7.93649
      vertex 380.178 16.9136 6.3492
      vertex 374.267 16.9136 6.3492
    endloop
  endfacet
  facet normal 0 0.968282 -0.249862
    outer loop
      vertex 380.178 17.628 7.93649
      vertex 374.267 18.0376 9.5238
      vertex 380.178 18.0376 9.5238
    endloop
  endfacet
  facet normal 0 0.968282 -0.249862
    outer loop
      vertex 374.267 18.0376 9.5238
      vertex 380.178 17.628 7.93649
      vertex 374.267 17.628 7.93649
    endloop
  endfacet
  facet normal 0 0.998421 -0.0561702
    outer loop
      vertex 380.178 18.0376 9.5238
      vertex 374.267 18.1269 11.1111
      vertex 380.178 18.1269 11.1111
    endloop
  endfacet
  facet normal 0 0.998421 -0.0561702
    outer loop
      vertex 374.267 18.1269 11.1111
      vertex 380.178 18.0376 9.5238
      vertex 374.267 18.0376 9.5238
    endloop
  endfacet
  facet normal 0 0.989753 0.142792
    outer loop
      vertex 380.178 18.1269 11.1111
      vertex 374.267 17.8979 12.6984
      vertex 380.178 17.8979 12.6984
    endloop
  endfacet
  facet normal 0 0.989753 0.142792
    outer loop
      vertex 374.267 17.8979 12.6984
      vertex 380.178 18.1269 11.1111
      vertex 374.267 18.1269 11.1111
    endloop
  endfacet
  facet normal 0 0.948952 0.315421
    outer loop
      vertex 380.178 17.8979 12.6984
      vertex 374.267 17.3703 14.2857
      vertex 380.178 17.3703 14.2857
    endloop
  endfacet
  facet normal 0 0.948952 0.315421
    outer loop
      vertex 374.267 17.3703 14.2857
      vertex 380.178 17.8979 12.6984
      vertex 374.267 17.8979 12.6984
    endloop
  endfacet
  facet normal 0 0.895137 0.445792
    outer loop
      vertex 380.178 17.3703 14.2857
      vertex 374.267 16.5798 15.873
      vertex 380.178 16.5798 15.873
    endloop
  endfacet
  facet normal 0 0.895137 0.445792
    outer loop
      vertex 374.267 16.5798 15.873
      vertex 380.178 17.3703 14.2857
      vertex 374.267 17.3703 14.2857
    endloop
  endfacet
  facet normal 0 0.845081 0.534638
    outer loop
      vertex 380.178 16.5798 15.873
      vertex 374.267 15.5756 17.4603
      vertex 380.178 15.5756 17.4603
    endloop
  endfacet
  facet normal 0 0.845081 0.534638
    outer loop
      vertex 374.267 15.5756 17.4603
      vertex 380.178 16.5798 15.873
      vertex 374.267 16.5798 15.873
    endloop
  endfacet
  facet normal 0 0.807791 0.589469
    outer loop
      vertex 380.178 15.5756 17.4603
      vertex 374.267 14.4173 19.0476
      vertex 380.178 14.4173 19.0476
    endloop
  endfacet
  facet normal 0 0.807791 0.589469
    outer loop
      vertex 374.267 14.4173 19.0476
      vertex 380.178 15.5756 17.4603
      vertex 374.267 15.5756 17.4603
    endloop
  endfacet
  facet normal 0 0.786647 0.617403
    outer loop
      vertex 380.178 14.4173 19.0476
      vertex 374.267 13.1715 20.6349
      vertex 380.178 13.1715 20.6349
    endloop
  endfacet
  facet normal 0 0.786647 0.617403
    outer loop
      vertex 374.267 13.1715 20.6349
      vertex 380.178 14.4173 19.0476
      vertex 374.267 14.4173 19.0476
    endloop
  endfacet
  facet normal 0 0.782295 0.622908
    outer loop
      vertex 380.178 13.1715 20.6349
      vertex 374.267 11.9076 22.2222
      vertex 380.178 11.9076 22.2222
    endloop
  endfacet
  facet normal 0 0.782295 0.622908
    outer loop
      vertex 374.267 11.9076 22.2222
      vertex 380.178 13.1715 20.6349
      vertex 374.267 13.1715 20.6349
    endloop
  endfacet
  facet normal 0 0.794362 0.607445
    outer loop
      vertex 380.178 11.9076 22.2222
      vertex 374.267 10.6938 23.8095
      vertex 380.178 10.6938 23.8095
    endloop
  endfacet
  facet normal 0 0.794362 0.607445
    outer loop
      vertex 374.267 10.6938 23.8095
      vertex 380.178 11.9076 22.2222
      vertex 374.267 11.9076 22.2222
    endloop
  endfacet
  facet normal 0 0.821884 0.569654
    outer loop
      vertex 380.178 10.6938 23.8095
      vertex 374.267 9.59363 25.3968
      vertex 380.178 9.59363 25.3968
    endloop
  endfacet
  facet normal 0 0.821884 0.569654
    outer loop
      vertex 374.267 9.59363 25.3968
      vertex 380.178 10.6938 23.8095
      vertex 374.267 10.6938 23.8095
    endloop
  endfacet
  facet normal 0 0.862439 0.506162
    outer loop
      vertex 380.178 9.59363 25.3968
      vertex 374.267 8.66205 26.9841
      vertex 380.178 8.66205 26.9841
    endloop
  endfacet
  facet normal 0 0.862439 0.506162
    outer loop
      vertex 374.267 8.66205 26.9841
      vertex 380.178 9.59363 25.3968
      vertex 374.267 9.59363 25.3968
    endloop
  endfacet
  facet normal 0 0.910934 0.412552
    outer loop
      vertex 380.178 8.66205 26.9841
      vertex 374.267 7.94318 28.5714
      vertex 380.178 7.94318 28.5714
    endloop
  endfacet
  facet normal 0 0.910934 0.412552
    outer loop
      vertex 374.267 7.94318 28.5714
      vertex 380.178 8.66205 26.9841
      vertex 374.267 8.66205 26.9841
    endloop
  endfacet
  facet normal 0 0.958002 0.286761
    outer loop
      vertex 380.178 7.94318 28.5714
      vertex 374.267 7.46805 30.1587
      vertex 380.178 7.46805 30.1587
    endloop
  endfacet
  facet normal 0 0.958002 0.286761
    outer loop
      vertex 374.267 7.46805 30.1587
      vertex 380.178 7.94318 28.5714
      vertex 374.267 7.94318 28.5714
    endloop
  endfacet
  facet normal 0 0.99099 0.133936
    outer loop
      vertex 380.178 7.46805 30.1587
      vertex 374.267 7.25352 31.746
      vertex 380.178 7.25352 31.746
    endloop
  endfacet
  facet normal 0 0.99099 0.133936
    outer loop
      vertex 374.267 7.25352 31.746
      vertex 380.178 7.46805 30.1587
      vertex 374.267 7.46805 30.1587
    endloop
  endfacet
  facet normal 0 0.999532 -0.0305785
    outer loop
      vertex 380.178 7.25352 31.746
      vertex 374.267 7.30208 33.3333
      vertex 380.178 7.30208 33.3333
    endloop
  endfacet
  facet normal 0 0.999532 -0.0305785
    outer loop
      vertex 374.267 7.30208 33.3333
      vertex 380.178 7.25352 31.746
      vertex 374.267 7.25352 31.746
    endloop
  endfacet
  facet normal 0 0.982578 -0.18585
    outer loop
      vertex 380.178 7.30208 33.3333
      vertex 374.267 7.60231 34.9206
      vertex 380.178 7.60231 34.9206
    endloop
  endfacet
  facet normal 0 0.982578 -0.18585
    outer loop
      vertex 374.267 7.60231 34.9206
      vertex 380.178 7.30208 33.3333
      vertex 374.267 7.30208 33.3333
    endloop
  endfacet
  facet normal 0 0.948875 -0.315652
    outer loop
      vertex 380.178 7.60231 34.9206
      vertex 374.267 8.13034 36.5079
      vertex 380.178 8.13034 36.5079
    endloop
  endfacet
  facet normal 0 0.948875 -0.315652
    outer loop
      vertex 374.267 8.13034 36.5079
      vertex 380.178 7.60231 34.9206
      vertex 374.267 7.60231 34.9206
    endloop
  endfacet
  facet normal 0 0.910373 -0.413789
    outer loop
      vertex 380.178 8.13034 36.5079
      vertex 374.267 8.85181 38.0952
      vertex 380.178 8.85181 38.0952
    endloop
  endfacet
  facet normal 0 0.910373 -0.413789
    outer loop
      vertex 374.267 8.85181 38.0952
      vertex 380.178 8.13034 36.5079
      vertex 374.267 8.13034 36.5079
    endloop
  endfacet
  facet normal 0 0.876322 -0.481726
    outer loop
      vertex 380.178 8.85181 38.0952
      vertex 374.267 9.72437 39.6825
      vertex 380.178 9.72437 39.6825
    endloop
  endfacet
  facet normal 0 0.876322 -0.481726
    outer loop
      vertex 374.267 9.72437 39.6825
      vertex 380.178 8.85181 38.0952
      vertex 374.267 8.85181 38.0952
    endloop
  endfacet
  facet normal 0 0.851819 -0.523837
    outer loop
      vertex 380.178 9.72437 39.6825
      vertex 374.267 10.7005 41.2698
      vertex 380.178 10.7005 41.2698
    endloop
  endfacet
  facet normal 0 0.851819 -0.523837
    outer loop
      vertex 374.267 10.7005 41.2698
      vertex 380.178 9.72437 39.6825
      vertex 374.267 9.72437 39.6825
    endloop
  endfacet
  facet normal 0 0.838889 -0.544303
    outer loop
      vertex 380.178 10.7005 41.2698
      vertex 374.267 11.7304 42.8571
      vertex 380.178 11.7304 42.8571
    endloop
  endfacet
  facet normal 0 0.838889 -0.544303
    outer loop
      vertex 374.267 11.7304 42.8571
      vertex 380.178 10.7005 41.2698
      vertex 374.267 10.7005 41.2698
    endloop
  endfacet
  facet normal 0 0.837851 -0.545899
    outer loop
      vertex 380.178 11.7304 42.8571
      vertex 374.267 12.7646 44.4444
      vertex 380.178 12.7646 44.4444
    endloop
  endfacet
  facet normal 0 0.837851 -0.545899
    outer loop
      vertex 374.267 12.7646 44.4444
      vertex 380.178 11.7304 42.8571
      vertex 374.267 11.7304 42.8571
    endloop
  endfacet
  facet normal 0 0.847893 -0.530167
    outer loop
      vertex 380.178 12.7646 44.4444
      vertex 374.267 13.7571 46.0317
      vertex 380.178 13.7571 46.0317
    endloop
  endfacet
  facet normal 0 0.847893 -0.530167
    outer loop
      vertex 374.267 13.7571 46.0317
      vertex 380.178 12.7646 44.4444
      vertex 374.267 12.7646 44.4444
    endloop
  endfacet
  facet normal 0 0.86759 -0.49728
    outer loop
      vertex 380.178 13.7571 46.0317
      vertex 374.267 14.6669 47.619
      vertex 380.178 14.6669 47.619
    endloop
  endfacet
  facet normal 0 0.86759 -0.49728
    outer loop
      vertex 374.267 14.6669 47.619
      vertex 380.178 13.7571 46.0317
      vertex 374.267 13.7571 46.0317
    endloop
  endfacet
  facet normal 0 0.894551 -0.446966
    outer loop
      vertex 380.178 14.6669 47.619
      vertex 374.267 15.46 49.2063
      vertex 380.178 15.46 49.2063
    endloop
  endfacet
  facet normal 0 0.894551 -0.446966
    outer loop
      vertex 374.267 15.46 49.2063
      vertex 380.178 14.6669 47.619
      vertex 374.267 14.6669 47.619
    endloop
  endfacet
  facet normal 0 0.925271 -0.379307
    outer loop
      vertex 380.178 15.46 49.2063
      vertex 374.267 16.1107 50.7936
      vertex 380.178 16.1107 50.7936
    endloop
  endfacet
  facet normal 0 0.925271 -0.379307
    outer loop
      vertex 374.267 16.1107 50.7936
      vertex 380.178 15.46 49.2063
      vertex 374.267 15.46 49.2063
    endloop
  endfacet
  facet normal 0 0.955258 -0.295773
    outer loop
      vertex 380.178 16.1107 50.7936
      vertex 374.267 16.6022 52.381
      vertex 380.178 16.6022 52.381
    endloop
  endfacet
  facet normal 0 0.955258 -0.295773
    outer loop
      vertex 374.267 16.6022 52.381
      vertex 380.178 16.1107 50.7936
      vertex 374.267 16.1107 50.7936
    endloop
  endfacet
  facet normal 0 0.979806 -0.199949
    outer loop
      vertex 380.178 16.6022 52.381
      vertex 374.267 16.9261 53.9682
      vertex 380.178 16.9261 53.9682
    endloop
  endfacet
  facet normal 0 0.979806 -0.199949
    outer loop
      vertex 374.267 16.9261 53.9682
      vertex 380.178 16.6022 52.381
      vertex 374.267 16.6022 52.381
    endloop
  endfacet
  facet normal 0 0.995169 -0.0981814
    outer loop
      vertex 380.178 16.9261 53.9682
      vertex 374.267 17.0827 55.5555
      vertex 380.178 17.0827 55.5555
    endloop
  endfacet
  facet normal 0 0.995169 -0.0981814
    outer loop
      vertex 374.267 17.0827 55.5555
      vertex 380.178 16.9261 53.9682
      vertex 374.267 16.9261 53.9682
    endloop
  endfacet
  facet normal 0 0.999998 0.00201587
    outer loop
      vertex 380.178 17.0827 55.5555
      vertex 374.267 17.0795 57.1429
      vertex 380.178 17.0795 57.1429
    endloop
  endfacet
  facet normal 0 0.999998 0.00201587
    outer loop
      vertex 374.267 17.0795 57.1429
      vertex 380.178 17.0827 55.5555
      vertex 374.267 17.0827 55.5555
    endloop
  endfacet
  facet normal 0 0.995623 0.0934651
    outer loop
      vertex 380.178 17.0795 57.1429
      vertex 374.267 16.9305 58.7301
      vertex 380.178 16.9305 58.7301
    endloop
  endfacet
  facet normal 0 0.995623 0.0934651
    outer loop
      vertex 374.267 16.9305 58.7301
      vertex 380.178 17.0795 57.1429
      vertex 374.267 17.0795 57.1429
    endloop
  endfacet
  facet normal 0 0.985198 0.17142
    outer loop
      vertex 380.178 16.9305 58.7301
      vertex 374.267 16.6543 60.3175
      vertex 380.178 16.6543 60.3175
    endloop
  endfacet
  facet normal 0 0.985198 0.17142
    outer loop
      vertex 374.267 16.6543 60.3175
      vertex 380.178 16.9305 58.7301
      vertex 374.267 16.9305 58.7301
    endloop
  endfacet
  facet normal 0 0.972311 0.23369
    outer loop
      vertex 380.178 16.6543 60.3175
      vertex 374.267 16.2728 61.9048
      vertex 380.178 16.2728 61.9048
    endloop
  endfacet
  facet normal 0 0.972311 0.23369
    outer loop
      vertex 374.267 16.2728 61.9048
      vertex 380.178 16.6543 60.3175
      vertex 374.267 16.6543 60.3175
    endloop
  endfacet
  facet normal 0 0.959978 0.280077
    outer loop
      vertex 380.178 16.2728 61.9048
      vertex 374.267 15.8097 63.4921
      vertex 380.178 15.8097 63.4921
    endloop
  endfacet
  facet normal 0 0.959978 0.280077
    outer loop
      vertex 374.267 15.8097 63.4921
      vertex 380.178 16.2728 61.9048
      vertex 374.267 16.2728 61.9048
    endloop
  endfacet
  facet normal 0 0.950234 0.311536
    outer loop
      vertex 380.178 15.8097 63.4921
      vertex 374.267 15.2893 65.0794
      vertex 380.178 15.2893 65.0794
    endloop
  endfacet
  facet normal 0 0.950234 0.311536
    outer loop
      vertex 374.267 15.2893 65.0794
      vertex 380.178 15.8097 63.4921
      vertex 374.267 15.8097 63.4921
    endloop
  endfacet
  facet normal 0 0.944035 0.329844
    outer loop
      vertex 380.178 15.2893 65.0794
      vertex 374.267 14.7347 66.6667
      vertex 380.178 14.7347 66.6667
    endloop
  endfacet
  facet normal 0 0.944035 0.329844
    outer loop
      vertex 374.267 14.7347 66.6667
      vertex 380.178 15.2893 65.0794
      vertex 374.267 15.2893 65.0794
    endloop
  endfacet
  facet normal 0 0.941665 0.336551
    outer loop
      vertex 380.178 14.7347 66.6667
      vertex 374.267 14.1674 68.254
      vertex 380.178 14.1674 68.254
    endloop
  endfacet
  facet normal 0 0.941665 0.336551
    outer loop
      vertex 374.267 14.1674 68.254
      vertex 380.178 14.7347 66.6667
      vertex 374.267 14.7347 66.6667
    endloop
  endfacet
  facet normal 0 0.942771 0.333441
    outer loop
      vertex 380.178 14.1674 68.254
      vertex 374.267 13.606 69.8413
      vertex 380.178 13.606 69.8413
    endloop
  endfacet
  facet normal 0 0.942771 0.333441
    outer loop
      vertex 374.267 13.606 69.8413
      vertex 380.178 14.1674 68.254
      vertex 374.267 14.1674 68.254
    endloop
  endfacet
  facet normal 0 0.946769 0.321912
    outer loop
      vertex 380.178 13.606 69.8413
      vertex 374.267 13.0663 71.4286
      vertex 380.178 13.0663 71.4286
    endloop
  endfacet
  facet normal 0 0.946769 0.321912
    outer loop
      vertex 374.267 13.0663 71.4286
      vertex 380.178 13.606 69.8413
      vertex 374.267 13.606 69.8413
    endloop
  endfacet
  facet normal 0 0.95283 0.303503
    outer loop
      vertex 380.178 13.0663 71.4286
      vertex 374.267 12.5607 73.0159
      vertex 380.178 12.5607 73.0159
    endloop
  endfacet
  facet normal 0 0.95283 0.303503
    outer loop
      vertex 374.267 12.5607 73.0159
      vertex 380.178 13.0663 71.4286
      vertex 374.267 13.0663 71.4286
    endloop
  endfacet
  facet normal 0 0.960075 0.279742
    outer loop
      vertex 380.178 12.5607 73.0159
      vertex 374.267 12.0982 74.6032
      vertex 380.178 12.0982 74.6032
    endloop
  endfacet
  facet normal 0 0.960075 0.279742
    outer loop
      vertex 374.267 12.0982 74.6032
      vertex 380.178 12.5607 73.0159
      vertex 374.267 12.5607 73.0159
    endloop
  endfacet
  facet normal 0 0.967703 0.252092
    outer loop
      vertex 380.178 12.0982 74.6032
      vertex 374.267 11.6847 76.1905
      vertex 380.178 11.6847 76.1905
    endloop
  endfacet
  facet normal 0 0.967703 0.252092
    outer loop
      vertex 374.267 11.6847 76.1905
      vertex 380.178 12.0982 74.6032
      vertex 374.267 12.0982 74.6032
    endloop
  endfacet
  facet normal 0 0.975073 0.221884
    outer loop
      vertex 380.178 11.6847 76.1905
      vertex 374.267 11.3235 77.7778
      vertex 380.178 11.3235 77.7778
    endloop
  endfacet
  facet normal 0 0.975073 0.221884
    outer loop
      vertex 374.267 11.3235 77.7778
      vertex 380.178 11.6847 76.1905
      vertex 374.267 11.6847 76.1905
    endloop
  endfacet
  facet normal 0 0.981678 0.190547
    outer loop
      vertex 380.178 11.3235 77.7778
      vertex 374.267 11.0154 79.3651
      vertex 380.178 11.0154 79.3651
    endloop
  endfacet
  facet normal 0 0.981678 0.190547
    outer loop
      vertex 374.267 11.0154 79.3651
      vertex 380.178 11.3235 77.7778
      vertex 374.267 11.3235 77.7778
    endloop
  endfacet
  facet normal 0 0.987252 0.159162
    outer loop
      vertex 380.178 11.0154 79.3651
      vertex 374.267 10.7595 80.9524
      vertex 380.178 10.7595 80.9524
    endloop
  endfacet
  facet normal 0 0.987252 0.159162
    outer loop
      vertex 374.267 10.7595 80.9524
      vertex 380.178 11.0154 79.3651
      vertex 374.267 11.0154 79.3651
    endloop
  endfacet
  facet normal 0 0.991699 0.128578
    outer loop
      vertex 380.178 10.7595 80.9524
      vertex 374.267 10.5537 82.5397
      vertex 380.178 10.5537 82.5397
    endloop
  endfacet
  facet normal 0 0.991699 0.128578
    outer loop
      vertex 374.267 10.5537 82.5397
      vertex 380.178 10.7595 80.9524
      vertex 374.267 10.7595 80.9524
    endloop
  endfacet
  facet normal 0 0.995039 0.0994851
    outer loop
      vertex 380.178 10.5537 82.5397
      vertex 374.267 10.395 84.127
      vertex 380.178 10.395 84.127
    endloop
  endfacet
  facet normal 0 0.995039 0.0994851
    outer loop
      vertex 374.267 10.395 84.127
      vertex 380.178 10.5537 82.5397
      vertex 374.267 10.5537 82.5397
    endloop
  endfacet
  facet normal 0 0.997399 0.0720731
    outer loop
      vertex 380.178 10.395 84.127
      vertex 374.267 10.2803 85.7143
      vertex 380.178 10.2803 85.7143
    endloop
  endfacet
  facet normal 0 0.997399 0.0720731
    outer loop
      vertex 374.267 10.2803 85.7143
      vertex 380.178 10.395 84.127
      vertex 374.267 10.395 84.127
    endloop
  endfacet
  facet normal 0 0.998909 0.0466951
    outer loop
      vertex 380.178 10.2803 85.7143
      vertex 374.267 10.2061 87.3016
      vertex 380.178 10.2061 87.3016
    endloop
  endfacet
  facet normal 0 0.998909 0.0466951
    outer loop
      vertex 374.267 10.2061 87.3016
      vertex 380.178 10.2803 85.7143
      vertex 374.267 10.2803 85.7143
    endloop
  endfacet
  facet normal 0 0.999739 0.022863
    outer loop
      vertex 380.178 10.2061 87.3016
      vertex 374.267 10.1698 88.8889
      vertex 380.178 10.1698 88.8889
    endloop
  endfacet
  facet normal 0 0.999739 0.022863
    outer loop
      vertex 374.267 10.1698 88.8889
      vertex 380.178 10.2061 87.3016
      vertex 374.267 10.2061 87.3016
    endloop
  endfacet
  facet normal 0 1 0.000630001
    outer loop
      vertex 380.178 10.1698 88.8889
      vertex 374.267 10.1688 90.4762
      vertex 380.178 10.1688 90.4762
    endloop
  endfacet
  facet normal 0 1 0.000630001
    outer loop
      vertex 374.267 10.1688 90.4762
      vertex 380.178 10.1698 88.8889
      vertex 374.267 10.1698 88.8889
    endloop
  endfacet
  facet normal 0 0.999787 -0.0206596
    outer loop
      vertex 380.178 10.1688 90.4762
      vertex 374.267 10.2016 92.0635
      vertex 380.178 10.2016 92.0635
    endloop
  endfacet
  facet normal 0 0.999787 -0.0206596
    outer loop
      vertex 374.267 10.2016 92.0635
      vertex 380.178 10.1688 90.4762
      vertex 374.267 10.1688 90.4762
    endloop
  endfacet
  facet normal 0 0.999155 -0.0411043
    outer loop
      vertex 380.178 10.2016 92.0635
      vertex 374.267 10.2669 93.6508
      vertex 380.178 10.2669 93.6508
    endloop
  endfacet
  facet normal 0 0.999155 -0.0411043
    outer loop
      vertex 374.267 10.2669 93.6508
      vertex 380.178 10.2016 92.0635
      vertex 374.267 10.2016 92.0635
    endloop
  endfacet
  facet normal 0 0.998123 -0.0612469
    outer loop
      vertex 380.178 10.2669 93.6508
      vertex 374.267 10.3643 95.2381
      vertex 380.178 10.3643 95.2381
    endloop
  endfacet
  facet normal 0 0.998123 -0.0612469
    outer loop
      vertex 374.267 10.3643 95.2381
      vertex 380.178 10.2669 93.6508
      vertex 374.267 10.2669 93.6508
    endloop
  endfacet
  facet normal 0 0.996688 -0.0813149
    outer loop
      vertex 380.178 10.3643 95.2381
      vertex 374.267 10.4938 96.8254
      vertex 380.178 10.4938 96.8254
    endloop
  endfacet
  facet normal 0 0.996688 -0.0813149
    outer loop
      vertex 374.267 10.4938 96.8254
      vertex 380.178 10.3643 95.2381
      vertex 374.267 10.3643 95.2381
    endloop
  endfacet
  facet normal 0 0.994851 -0.101347
    outer loop
      vertex 380.178 10.4938 96.8254
      vertex 374.267 10.6555 98.4127
      vertex 380.178 10.6555 98.4127
    endloop
  endfacet
  facet normal 0 0.994851 -0.101347
    outer loop
      vertex 374.267 10.6555 98.4127
      vertex 380.178 10.4938 96.8254
      vertex 374.267 10.4938 96.8254
    endloop
  endfacet
  facet normal 0 0.992599 -0.121441
    outer loop
      vertex 380.178 10.6555 98.4127
      vertex 374.267 10.8497 100
      vertex 380.178 10.8497 100
    endloop
  endfacet
  facet normal 0 0.992599 -0.121441
    outer loop
      vertex 374.267 10.8497 100
      vertex 380.178 10.6555 98.4127
      vertex 374.267 10.6555 98.4127
    endloop
  endfacet
  facet normal 0 0.735658 -0.677354
    outer loop
      vertex 380.178 11.8855 0
      vertex 374.267 13.347 1.5873
      vertex 380.178 13.347 1.5873
    endloop
  endfacet
  facet normal 0 0.735658 -0.677354
    outer loop
      vertex 374.267 13.347 1.5873
      vertex 380.178 11.8855 0
      vertex 374.267 11.8855 0
    endloop
  endfacet
  facet normal -1 0 0
    outer loop
      vertex 382.044 18.021 9.5238
      vertex 382.044 18.2554 12.6984
      vertex 382.044 18.2961 11.1111
    endloop
  endfacet
  facet normal -1 0 0
    outer loop
      vertex 382.044 18.021 9.5238
      vertex 382.044 17.9072 14.2857
      vertex 382.044 18.2554 12.6984
    endloop
  endfacet
  facet normal -1 0 0
    outer loop
      vertex 382.044 17.4389 7.93649
      vertex 382.044 17.9072 14.2857
      vertex 382.044 18.021 9.5238
    endloop
  endfacet
  facet normal -1 0 0
    outer loop
      vertex 382.044 17.4389 7.93649
      vertex 382.044 17.2762 15.873
      vertex 382.044 17.9072 14.2857
    endloop
  endfacet
  facet normal -1 0 0
    outer loop
      vertex 382.044 16.576 6.3492
      vertex 382.044 17.2762 15.873
      vertex 382.044 17.4389 7.93649
    endloop
  endfacet
  facet normal -1 0 0
    outer loop
      vertex 382.044 16.576 6.3492
      vertex 382.044 16.4017 17.4603
      vertex 382.044 17.2762 15.873
    endloop
  endfacet
  facet normal -1 0 0
    outer loop
      vertex 382.044 15.4743 4.7619
      vertex 382.044 16.4017 17.4603
      vertex 382.044 16.576 6.3492
    endloop
  endfacet
  facet normal -1 0 0
    outer loop
      vertex 382.044 15.4743 4.7619
      vertex 382.044 15.3348 19.0476
      vertex 382.044 16.4017 17.4603
    endloop
  endfacet
  facet normal -1 0 0
    outer loop
      vertex 382.044 14.1898 3.17459
      vertex 382.044 15.3348 19.0476
      vertex 382.044 15.4743 4.7619
    endloop
  endfacet
  facet normal -1 0 0
    outer loop
      vertex 382.044 0 0
      vertex 382.044 15.3348 19.0476
      vertex 382.044 14.1898 3.17459
    endloop
  endfacet
  facet normal -1 -0 0
    outer loop
      vertex 382.044 15.3348 19.0476
      vertex 382.044 0 0
      vertex 382.044 14.1352 20.6349
    endloop
  endfacet
  facet normal -1 0 0
    outer loop
      vertex 382.044 0 0
      vertex 382.044 14.1898 3.17459
      vertex 382.044 12.7892 1.5873
    endloop
  endfacet
  facet normal -1 -0 0
    outer loop
      vertex 382.044 14.1352 20.6349
      vertex 382.044 0 0
      vertex 382.044 12.8679 22.2222
    endloop
  endfacet
  facet normal -1 0 0
    outer loop
      vertex 382.044 0 0
      vertex 382.044 12.7892 1.5873
      vertex 382.044 11.3464 0
    endloop
  endfacet
  facet normal -1 -0 0
    outer loop
      vertex 382.044 12.8679 22.2222
      vertex 382.044 0 0
      vertex 382.044 11.5989 23.8095
    endloop
  endfacet
  facet normal -1 -0 0
    outer loop
      vertex 382.044 11.5989 23.8095
      vertex 382.044 0 0
      vertex 382.044 10.3918 25.3968
    endloop
  endfacet
  facet normal -1 -0 0
    outer loop
      vertex 382.044 10.3918 25.3968
      vertex 382.044 0 0
      vertex 382.044 9.30437 26.9841
    endloop
  endfacet
  facet normal -1 -0 0
    outer loop
      vertex 382.044 9.30437 26.9841
      vertex 382.044 0 0
      vertex 382.044 8.38574 28.5714
    endloop
  endfacet
  facet normal -1 -0 0
    outer loop
      vertex 382.044 8.38574 28.5714
      vertex 382.044 0 0
      vertex 382.044 7.67412 30.1587
    endloop
  endfacet
  facet normal -1 -0 0
    outer loop
      vertex 382.044 7.67412 30.1587
      vertex 382.044 0 0
      vertex 382.044 7.19533 31.746
    endloop
  endfacet
  facet normal -1 -0 0
    outer loop
      vertex 382.044 7.19533 31.746
      vertex 382.044 0 0
      vertex 382.044 6.96223 33.3333
    endloop
  endfacet
  facet normal -1 0 0
    outer loop
      vertex 382.044 0 65.9145
      vertex 382.044 6.96223 33.3333
      vertex 382.044 0 0
    endloop
  endfacet
  facet normal -1 0 0
    outer loop
      vertex 382.044 6.96223 33.3333
      vertex 382.044 0 65.9145
      vertex 382.044 2.4 65.9145
    endloop
  endfacet
  facet normal -1 0 0
    outer loop
      vertex 382.044 2.4 65.9145
      vertex 382.044 16.8661 61.9048
      vertex 382.044 16.8694 60.3175
    endloop
  endfacet
  facet normal -1 0 0
    outer loop
      vertex 382.044 2.4 65.9145
      vertex 382.044 16.8694 60.3175
      vertex 382.044 16.7725 58.7301
    endloop
  endfacet
  facet normal -1 0 0
    outer loop
      vertex 382.044 16.8661 61.9048
      vertex 382.044 2.4 65.9145
      vertex 382.044 16.7775 63.4921
    endloop
  endfacet
  facet normal -1 0 0
    outer loop
      vertex 382.044 2.4 65.9145
      vertex 382.044 16.7725 58.7301
      vertex 382.044 16.5631 57.1429
    endloop
  endfacet
  facet normal -1 0 0
    outer loop
      vertex 382.044 16.7775 63.4921
      vertex 382.044 2.4 65.9145
      vertex 382.044 16.6194 65.0794
    endloop
  endfacet
  facet normal -1 0 0
    outer loop
      vertex 382.044 2.4 65.9145
      vertex 382.044 16.5631 57.1429
      vertex 382.044 16.2323 55.5555
    endloop
  endfacet
  facet normal -1 0 0
    outer loop
      vertex 382.044 16.6194 65.0794
      vertex 382.044 2.4 65.9145
      vertex 382.044 16.4083 66.6667
    endloop
  endfacet
  facet normal -1 -0 0
    outer loop
      vertex 382.044 16.4083 66.6667
      vertex 382.044 2.4 65.9145
      vertex 382.044 16.1601 68.254
    endloop
  endfacet
  facet normal -1 0 0
    outer loop
      vertex 382.044 2.4 65.9145
      vertex 382.044 16.2323 55.5555
      vertex 382.044 15.7758 53.9682
    endloop
  endfacet
  facet normal -1 -0 0
    outer loop
      vertex 382.044 16.1601 68.254
      vertex 382.044 2.4 65.9145
      vertex 382.044 15.8896 69.8413
    endloop
  endfacet
  facet normal -1 -0 0
    outer loop
      vertex 382.044 15.8896 69.8413
      vertex 382.044 2.4 65.9145
      vertex 382.044 15.6101 71.4286
    endloop
  endfacet
  facet normal -1 0 0
    outer loop
      vertex 382.044 2.4 65.9145
      vertex 382.044 15.7758 53.9682
      vertex 382.044 15.1946 52.381
    endloop
  endfacet
  facet normal -1 -0 0
    outer loop
      vertex 382.044 15.6101 71.4286
      vertex 382.044 2.4 65.9145
      vertex 382.044 15.3331 73.0159
    endloop
  endfacet
  facet normal -1 -0 0
    outer loop
      vertex 382.044 15.3331 73.0159
      vertex 382.044 2.4 65.9145
      vertex 382.044 15.0682 74.6032
    endloop
  endfacet
  facet normal -1 -0 0
    outer loop
      vertex 382.044 15.0682 74.6032
      vertex 382.044 2.4 65.9145
      vertex 382.044 14.8231 76.1905
    endloop
  endfacet
  facet normal -1 0 0
    outer loop
      vertex 382.044 2.4 65.9145
      vertex 382.044 15.1946 52.381
      vertex 382.044 14.4962 50.7936
    endloop
  endfacet
  facet normal -1 -0 0
    outer loop
      vertex 382.044 14.8231 76.1905
      vertex 382.044 2.4 65.9145
      vertex 382.044 14.6035 77.7778
    endloop
  endfacet
  facet normal -1 -0 0
    outer loop
      vertex 382.044 14.6035 77.7778
      vertex 382.044 2.4 65.9145
      vertex 382.044 14.4136 79.3651
    endloop
  endfacet
  facet normal -1 0 0
    outer loop
      vertex 382.044 2.4 89.0855
      vertex 382.044 14.4136 79.3651
      vertex 382.044 2.4 65.9145
    endloop
  endfacet
  facet normal -1 0 0
    outer loop
      vertex 382.044 14.4136 79.3651
      vertex 382.044 2.4 89.0855
      vertex 382.044 14.2564 80.9524
    endloop
  endfacet
  facet normal -1 0 0
    outer loop
      vertex 382.044 14.2564 80.9524
      vertex 382.044 2.4 89.0855
      vertex 382.044 14.1333 82.5397
    endloop
  endfacet
  facet normal -1 0 0
    outer loop
      vertex 382.044 14.1333 82.5397
      vertex 382.044 2.4 89.0855
      vertex 382.044 14.0452 84.127
    endloop
  endfacet
  facet normal -1 0 0
    outer loop
      vertex 382.044 2.4 65.9145
      vertex 382.044 14.4962 50.7936
      vertex 382.044 13.6948 49.2063
    endloop
  endfacet
  facet normal -1 0 0
    outer loop
      vertex 382.044 2.4 65.9145
      vertex 382.044 13.6948 49.2063
      vertex 382.044 12.8115 47.619
    endloop
  endfacet
  facet normal -1 0 0
    outer loop
      vertex 382.044 14.0452 84.127
      vertex 382.044 2.4 89.0855
      vertex 382.044 13.9919 85.7143
    endloop
  endfacet
  facet normal -1 0 0
    outer loop
      vertex 382.044 2.4 65.9145
      vertex 382.044 12.8115 47.619
      vertex 382.044 11.874 46.0317
    endloop
  endfacet
  facet normal -1 0 0
    outer loop
      vertex 382.044 13.9919 85.7143
      vertex 382.044 2.4 89.0855
      vertex 382.044 13.9729 87.3016
    endloop
  endfacet
  facet normal -1 0 0
    outer loop
      vertex 382.044 13.9729 87.3016
      vertex 382.044 2.4 89.0855
      vertex 382.044 13.9868 88.8889
    endloop
  endfacet
  facet normal -1 0 0
    outer loop
      vertex 382.044 2.4 65.9145
      vertex 382.044 11.874 46.0317
      vertex 382.044 10.916 44.4444
    endloop
  endfacet
  facet normal -1 0 0
    outer loop
      vertex 382.044 13.9868 88.8889
      vertex 382.044 2.4 89.0855
      vertex 382.044 14.0322 90.4762
    endloop
  endfacet
  facet normal -1 0 0
    outer loop
      vertex 382.044 2.4 65.9145
      vertex 382.044 10.916 44.4444
      vertex 382.044 9.97574 42.8571
    endloop
  endfacet
  facet normal -1 -0 0
    outer loop
      vertex 382.044 14.0322 90.4762
      vertex 382.044 2.4 89.0855
      vertex 382.044 14.1069 92.0635
    endloop
  endfacet
  facet normal -1 0 0
    outer loop
      vertex 382.044 2.4 65.9145
      vertex 382.044 9.97574 42.8571
      vertex 382.044 9.09462 41.2698
    endloop
  endfacet
  facet normal -1 -0 0
    outer loop
      vertex 382.044 14.1069 92.0635
      vertex 382.044 2.4 89.0855
      vertex 382.044 14.2085 93.6508
    endloop
  endfacet
  facet normal -1 0 0
    outer loop
      vertex 382.044 2.4 65.9145
      vertex 382.044 9.09462 41.2698
      vertex 382.044 8.315 39.6825
    endloop
  endfacet
  facet normal -1 -0 0
    outer loop
      vertex 382.044 14.2085 93.6508
      vertex 382.044 2.4 89.0855
      vertex 382.044 14.334 95.2381
    endloop
  endfacet
  facet normal -1 0 0
    outer loop
      vertex 382.044 2.4 65.9145
      vertex 382.044 8.315 39.6825
      vertex 382.044 7.67798 38.0952
    endloop
  endfacet
  facet normal -1 0 0
    outer loop
      vertex 382.044 0 100
      vertex 382.044 14.334 95.2381
      vertex 382.044 2.4 89.0855
    endloop
  endfacet
  facet normal -1 0 0
    outer loop
      vertex 382.044 2.4 65.9145
      vertex 382.044 7.67798 38.0952
      vertex 382.044 7.22087 36.5079
    endloop
  endfacet
  facet normal -1 0 0
    outer loop
      vertex 382.044 2.4 65.9145
      vertex 382.044 7.22087 36.5079
      vertex 382.044 6.97476 34.9206
    endloop
  endfacet
  facet normal -1 0 0
    outer loop
      vertex 382.044 2.4 65.9145
      vertex 382.044 6.97476 34.9206
      vertex 382.044 6.96223 33.3333
    endloop
  endfacet
  facet normal -1 0 0
    outer loop
      vertex 382.044 14.334 95.2381
      vertex 382.044 0 100
      vertex 382.044 14.4796 96.8254
    endloop
  endfacet
  facet normal -1 0 0
    outer loop
      vertex 382.044 14.4796 96.8254
      vertex 382.044 0 100
      vertex 382.044 14.6411 98.4127
    endloop
  endfacet
  facet normal -1 0 0
    outer loop
      vertex 382.044 0 100
      vertex 382.044 2.4 89.0855
      vertex 382.044 0 89.0855
    endloop
  endfacet
  facet normal -1 0 0
    outer loop
      vertex 382.044 14.6411 98.4127
      vertex 382.044 0 100
      vertex 382.044 14.8135 100
    endloop
  endfacet
  facet normal 1 0 0
    outer loop
      vertex 387.956 16.4083 66.6667
      vertex 387.956 12.8115 47.619
      vertex 387.956 13.6948 49.2063
    endloop
  endfacet
  facet normal 1 0 0
    outer loop
      vertex 387.956 2.4 89.0855
      vertex 387.956 13.9729 87.3016
      vertex 387.956 13.9868 88.8889
    endloop
  endfacet
  facet normal 1 0 0
    outer loop
      vertex 387.956 13.9919 85.7143
      vertex 387.956 2.4 65.9145
      vertex 387.956 12.8115 47.619
    endloop
  endfacet
  facet normal 1 -0 0
    outer loop
      vertex 387.956 2.4 89.0855
      vertex 387.956 13.9868 88.8889
      vertex 387.956 14.0322 90.4762
    endloop
  endfacet
  facet normal 1 0 0
    outer loop
      vertex 387.956 2.4 89.0855
      vertex 387.956 14.0322 90.4762
      vertex 387.956 14.1069 92.0635
    endloop
  endfacet
  facet normal 1 0 0
    outer loop
      vertex 387.956 12.8115 47.619
      vertex 387.956 2.4 65.9145
      vertex 387.956 11.874 46.0317
    endloop
  endfacet
  facet normal 1 0 0
    outer loop
      vertex 387.956 2.4 89.0855
      vertex 387.956 14.1069 92.0635
      vertex 387.956 14.2085 93.6508
    endloop
  endfacet
  facet normal 1 -0 0
    outer loop
      vertex 387.956 0 65.9145
      vertex 387.956 11.874 46.0317
      vertex 387.956 2.4 65.9145
    endloop
  endfacet
  facet normal 1 0 0
    outer loop
      vertex 387.956 2.4 89.0855
      vertex 387.956 14.2085 93.6508
      vertex 387.956 14.334 95.2381
    endloop
  endfacet
  facet normal 1 0 0
    outer loop
      vertex 387.956 11.874 46.0317
      vertex 387.956 0 65.9145
      vertex 387.956 10.916 44.4444
    endloop
  endfacet
  facet normal 1 0 0
    outer loop
      vertex 387.956 0 100
      vertex 387.956 14.334 95.2381
      vertex 387.956 14.4796 96.8254
    endloop
  endfacet
  facet normal 1 0 0
    outer loop
      vertex 387.956 10.916 44.4444
      vertex 387.956 0 65.9145
      vertex 387.956 9.97574 42.8571
    endloop
  endfacet
  facet normal 1 0 0
    outer loop
      vertex 387.956 0 100
      vertex 387.956 14.4796 96.8254
      vertex 387.956 14.6411 98.4127
    endloop
  endfacet
  facet normal 1 0 0
    outer loop
      vertex 387.956 9.97574 42.8571
      vertex 387.956 0 65.9145
      vertex 387.956 9.09462 41.2698
    endloop
  endfacet
  facet normal 1 -0 0
    outer loop
      vertex 387.956 0 100
      vertex 387.956 14.6411 98.4127
      vertex 387.956 14.8135 100
    endloop
  endfacet
  facet normal 1 0 0
    outer loop
      vertex 387.956 9.09462 41.2698
      vertex 387.956 0 65.9145
      vertex 387.956 8.315 39.6825
    endloop
  endfacet
  facet normal 1 0 0
    outer loop
      vertex 387.956 8.315 39.6825
      vertex 387.956 0 65.9145
      vertex 387.956 7.67798 38.0952
    endloop
  endfacet
  facet normal 1 0 0
    outer loop
      vertex 387.956 7.67798 38.0952
      vertex 387.956 0 65.9145
      vertex 387.956 7.22087 36.5079
    endloop
  endfacet
  facet normal 1 0 0
    outer loop
      vertex 387.956 13.9919 85.7143
      vertex 387.956 2.4 89.0855
      vertex 387.956 2.4 65.9145
    endloop
  endfacet
  facet normal 1 0 0
    outer loop
      vertex 387.956 14.334 95.2381
      vertex 387.956 0 100
      vertex 387.956 2.4 89.0855
    endloop
  endfacet
  facet normal 1 0 0
    outer loop
      vertex 387.956 2.4 89.0855
      vertex 387.956 0 100
      vertex 387.956 0 89.0855
    endloop
  endfacet
  facet normal 1 0 0
    outer loop
      vertex 387.956 16.7775 63.4921
      vertex 387.956 16.8694 60.3175
      vertex 387.956 16.8661 61.9048
    endloop
  endfacet
  facet normal 1 0 0
    outer loop
      vertex 387.956 16.7775 63.4921
      vertex 387.956 16.7725 58.7301
      vertex 387.956 16.8694 60.3175
    endloop
  endfacet
  facet normal 1 0 0
    outer loop
      vertex 387.956 14.4962 50.7936
      vertex 387.956 16.7775 63.4921
      vertex 387.956 16.6194 65.0794
    endloop
  endfacet
  facet normal 1 0 0
    outer loop
      vertex 387.956 16.7775 63.4921
      vertex 387.956 16.5631 57.1429
      vertex 387.956 16.7725 58.7301
    endloop
  endfacet
  facet normal 1 0 0
    outer loop
      vertex 387.956 13.6948 49.2063
      vertex 387.956 16.6194 65.0794
      vertex 387.956 16.4083 66.6667
    endloop
  endfacet
  facet normal 1 0 0
    outer loop
      vertex 387.956 16.7775 63.4921
      vertex 387.956 16.2323 55.5555
      vertex 387.956 16.5631 57.1429
    endloop
  endfacet
  facet normal 1 0 0
    outer loop
      vertex 387.956 12.8115 47.619
      vertex 387.956 16.4083 66.6667
      vertex 387.956 16.1601 68.254
    endloop
  endfacet
  facet normal 1 0 0
    outer loop
      vertex 387.956 12.8115 47.619
      vertex 387.956 16.1601 68.254
      vertex 387.956 15.8896 69.8413
    endloop
  endfacet
  facet normal 1 0 0
    outer loop
      vertex 387.956 16.7775 63.4921
      vertex 387.956 15.7758 53.9682
      vertex 387.956 16.2323 55.5555
    endloop
  endfacet
  facet normal 1 0 0
    outer loop
      vertex 387.956 12.8115 47.619
      vertex 387.956 15.8896 69.8413
      vertex 387.956 15.6101 71.4286
    endloop
  endfacet
  facet normal 1 0 0
    outer loop
      vertex 387.956 12.8115 47.619
      vertex 387.956 15.6101 71.4286
      vertex 387.956 15.3331 73.0159
    endloop
  endfacet
  facet normal 1 0 0
    outer loop
      vertex 387.956 16.7775 63.4921
      vertex 387.956 15.1946 52.381
      vertex 387.956 15.7758 53.9682
    endloop
  endfacet
  facet normal 1 0 0
    outer loop
      vertex 387.956 12.8115 47.619
      vertex 387.956 15.3331 73.0159
      vertex 387.956 15.0682 74.6032
    endloop
  endfacet
  facet normal 1 0 0
    outer loop
      vertex 387.956 12.8115 47.619
      vertex 387.956 15.0682 74.6032
      vertex 387.956 14.8231 76.1905
    endloop
  endfacet
  facet normal 1 0 0
    outer loop
      vertex 387.956 12.8115 47.619
      vertex 387.956 14.8231 76.1905
      vertex 387.956 14.6035 77.7778
    endloop
  endfacet
  facet normal 1 0 0
    outer loop
      vertex 387.956 16.7775 63.4921
      vertex 387.956 14.4962 50.7936
      vertex 387.956 15.1946 52.381
    endloop
  endfacet
  facet normal 1 0 0
    outer loop
      vertex 387.956 12.8115 47.619
      vertex 387.956 14.6035 77.7778
      vertex 387.956 14.4136 79.3651
    endloop
  endfacet
  facet normal 1 0 0
    outer loop
      vertex 387.956 12.8115 47.619
      vertex 387.956 14.4136 79.3651
      vertex 387.956 14.2564 80.9524
    endloop
  endfacet
  facet normal 1 0 0
    outer loop
      vertex 387.956 12.8115 47.619
      vertex 387.956 14.2564 80.9524
      vertex 387.956 14.1333 82.5397
    endloop
  endfacet
  facet normal 1 0 0
    outer loop
      vertex 387.956 12.8115 47.619
      vertex 387.956 14.1333 82.5397
      vertex 387.956 14.0452 84.127
    endloop
  endfacet
  facet normal 1 0 0
    outer loop
      vertex 387.956 12.8115 47.619
      vertex 387.956 14.0452 84.127
      vertex 387.956 13.9919 85.7143
    endloop
  endfacet
  facet normal 1 0 0
    outer loop
      vertex 387.956 16.6194 65.0794
      vertex 387.956 13.6948 49.2063
      vertex 387.956 14.4962 50.7936
    endloop
  endfacet
  facet normal 1 0 0
    outer loop
      vertex 387.956 2.4 89.0855
      vertex 387.956 13.9919 85.7143
      vertex 387.956 13.9729 87.3016
    endloop
  endfacet
  facet normal 1 0 0
    outer loop
      vertex 387.956 18.2554 12.6984
      vertex 387.956 18.021 9.5238
      vertex 387.956 18.2961 11.1111
    endloop
  endfacet
  facet normal 1 0 0
    outer loop
      vertex 387.956 17.9072 14.2857
      vertex 387.956 18.021 9.5238
      vertex 387.956 18.2554 12.6984
    endloop
  endfacet
  facet normal 1 0 0
    outer loop
      vertex 387.956 17.9072 14.2857
      vertex 387.956 17.4389 7.93649
      vertex 387.956 18.021 9.5238
    endloop
  endfacet
  facet normal 1 0 0
    outer loop
      vertex 387.956 17.2762 15.873
      vertex 387.956 17.4389 7.93649
      vertex 387.956 17.9072 14.2857
    endloop
  endfacet
  facet normal 1 0 0
    outer loop
      vertex 387.956 17.2762 15.873
      vertex 387.956 16.576 6.3492
      vertex 387.956 17.4389 7.93649
    endloop
  endfacet
  facet normal 1 0 0
    outer loop
      vertex 387.956 16.4017 17.4603
      vertex 387.956 16.576 6.3492
      vertex 387.956 17.2762 15.873
    endloop
  endfacet
  facet normal 1 0 0
    outer loop
      vertex 387.956 16.4017 17.4603
      vertex 387.956 15.4743 4.7619
      vertex 387.956 16.576 6.3492
    endloop
  endfacet
  facet normal 1 0 0
    outer loop
      vertex 387.956 15.3348 19.0476
      vertex 387.956 15.4743 4.7619
      vertex 387.956 16.4017 17.4603
    endloop
  endfacet
  facet normal 1 0 0
    outer loop
      vertex 387.956 15.3348 19.0476
      vertex 387.956 14.1898 3.17459
      vertex 387.956 15.4743 4.7619
    endloop
  endfacet
  facet normal 1 0 0
    outer loop
      vertex 387.956 0 0
      vertex 387.956 15.3348 19.0476
      vertex 387.956 14.1352 20.6349
    endloop
  endfacet
  facet normal 1 0 0
    outer loop
      vertex 387.956 0 0
      vertex 387.956 14.1352 20.6349
      vertex 387.956 12.8679 22.2222
    endloop
  endfacet
  facet normal 1 0 0
    outer loop
      vertex 387.956 15.3348 19.0476
      vertex 387.956 0 0
      vertex 387.956 14.1898 3.17459
    endloop
  endfacet
  facet normal 1 0 0
    outer loop
      vertex 387.956 0 0
      vertex 387.956 12.8679 22.2222
      vertex 387.956 11.5989 23.8095
    endloop
  endfacet
  facet normal 1 0 0
    outer loop
      vertex 387.956 14.1898 3.17459
      vertex 387.956 0 0
      vertex 387.956 12.7892 1.5873
    endloop
  endfacet
  facet normal 1 0 0
    outer loop
      vertex 387.956 0 0
      vertex 387.956 11.5989 23.8095
      vertex 387.956 10.3918 25.3968
    endloop
  endfacet
  facet normal 1 0 0
    outer loop
      vertex 387.956 0 0
      vertex 387.956 10.3918 25.3968
      vertex 387.956 9.30437 26.9841
    endloop
  endfacet
  facet normal 1 0 0
    outer loop
      vertex 387.956 0 0
      vertex 387.956 9.30437 26.9841
      vertex 387.956 8.38574 28.5714
    endloop
  endfacet
  facet normal 1 0 0
    outer loop
      vertex 387.956 0 0
      vertex 387.956 8.38574 28.5714
      vertex 387.956 7.67412 30.1587
    endloop
  endfacet
  facet normal 1 0 0
    outer loop
      vertex 387.956 0 0
      vertex 387.956 7.67412 30.1587
      vertex 387.956 7.19533 31.746
    endloop
  endfacet
  facet normal 1 0 0
    outer loop
      vertex 387.956 0 0
      vertex 387.956 7.19533 31.746
      vertex 387.956 6.96223 33.3333
    endloop
  endfacet
  facet normal 1 0 0
    outer loop
      vertex 387.956 7.22087 36.5079
      vertex 387.956 0 65.9145
      vertex 387.956 6.97476 34.9206
    endloop
  endfacet
  facet normal 1 0 0
    outer loop
      vertex 387.956 6.97476 34.9206
      vertex 387.956 0 65.9145
      vertex 387.956 6.96223 33.3333
    endloop
  endfacet
  facet normal 1 0 0
    outer loop
      vertex 387.956 6.96223 33.3333
      vertex 387.956 0 65.9145
      vertex 387.956 0 0
    endloop
  endfacet
  facet normal 1 0 0
    outer loop
      vertex 387.956 12.7892 1.5873
      vertex 387.956 0 0
      vertex 387.956 11.3464 0
    endloop
  endfacet
  facet normal 0 0.749826 -0.661635
    outer loop
      vertex 387.956 12.7892 1.5873
      vertex 382.044 14.1898 3.17459
      vertex 387.956 14.1898 3.17459
    endloop
  endfacet
  facet normal 0 0.749826 -0.661635
    outer loop
      vertex 382.044 14.1898 3.17459
      vertex 387.956 12.7892 1.5873
      vertex 382.044 12.7892 1.5873
    endloop
  endfacet
  facet normal 0 0.777356 -0.629061
    outer loop
      vertex 387.956 14.1898 3.17459
      vertex 382.044 15.4743 4.7619
      vertex 387.956 15.4743 4.7619
    endloop
  endfacet
  facet normal 0 0.777356 -0.629061
    outer loop
      vertex 382.044 15.4743 4.7619
      vertex 387.956 14.1898 3.17459
      vertex 382.044 14.1898 3.17459
    endloop
  endfacet
  facet normal 0 0.821513 -0.570189
    outer loop
      vertex 387.956 15.4743 4.7619
      vertex 382.044 16.576 6.3492
      vertex 387.956 16.576 6.3492
    endloop
  endfacet
  facet normal 0 0.821513 -0.570189
    outer loop
      vertex 382.044 16.576 6.3492
      vertex 387.956 15.4743 4.7619
      vertex 382.044 15.4743 4.7619
    endloop
  endfacet
  facet normal 0 0.878568 -0.477617
    outer loop
      vertex 387.956 16.576 6.3492
      vertex 382.044 17.4389 7.93649
      vertex 387.956 17.4389 7.93649
    endloop
  endfacet
  facet normal 0 0.878568 -0.477617
    outer loop
      vertex 382.044 17.4389 7.93649
      vertex 387.956 16.576 6.3492
      vertex 382.044 16.576 6.3492
    endloop
  endfacet
  facet normal 0 0.93886 -0.3443
    outer loop
      vertex 387.956 17.4389 7.93649
      vertex 382.044 18.021 9.5238
      vertex 387.956 18.021 9.5238
    endloop
  endfacet
  facet normal 0 0.93886 -0.3443
    outer loop
      vertex 382.044 18.021 9.5238
      vertex 387.956 17.4389 7.93649
      vertex 382.044 17.4389 7.93649
    endloop
  endfacet
  facet normal 0 0.985311 -0.170767
    outer loop
      vertex 387.956 18.021 9.5238
      vertex 382.044 18.2961 11.1111
      vertex 387.956 18.2961 11.1111
    endloop
  endfacet
  facet normal 0 0.985311 -0.170767
    outer loop
      vertex 382.044 18.2961 11.1111
      vertex 387.956 18.021 9.5238
      vertex 382.044 18.021 9.5238
    endloop
  endfacet
  facet normal 0 0.999671 0.0256326
    outer loop
      vertex 387.956 18.2961 11.1111
      vertex 382.044 18.2554 12.6984
      vertex 387.956 18.2554 12.6984
    endloop
  endfacet
  facet normal 0 0.999671 0.0256326
    outer loop
      vertex 382.044 18.2554 12.6984
      vertex 387.956 18.2961 11.1111
      vertex 382.044 18.2961 11.1111
    endloop
  endfacet
  facet normal 0 0.976774 0.214271
    outer loop
      vertex 387.956 18.2554 12.6984
      vertex 382.044 17.9072 14.2857
      vertex 387.956 17.9072 14.2857
    endloop
  endfacet
  facet normal 0 0.976774 0.214271
    outer loop
      vertex 382.044 17.9072 14.2857
      vertex 387.956 18.2554 12.6984
      vertex 382.044 18.2554 12.6984
    endloop
  endfacet
  facet normal 0 0.929266 0.369411
    outer loop
      vertex 387.956 17.9072 14.2857
      vertex 382.044 17.2762 15.873
      vertex 387.956 17.2762 15.873
    endloop
  endfacet
  facet normal 0 0.929266 0.369411
    outer loop
      vertex 382.044 17.2762 15.873
      vertex 387.956 17.9072 14.2857
      vertex 382.044 17.9072 14.2857
    endloop
  endfacet
  facet normal 0 0.87587 0.482548
    outer loop
      vertex 387.956 17.2762 15.873
      vertex 382.044 16.4017 17.4603
      vertex 387.956 16.4017 17.4603
    endloop
  endfacet
  facet normal 0 0.87587 0.482548
    outer loop
      vertex 382.044 16.4017 17.4603
      vertex 387.956 17.2762 15.873
      vertex 382.044 17.2762 15.873
    endloop
  endfacet
  facet normal 0 0.829945 0.557845
    outer loop
      vertex 387.956 16.4017 17.4603
      vertex 382.044 15.3348 19.0476
      vertex 387.956 15.3348 19.0476
    endloop
  endfacet
  facet normal 0 0.829945 0.557845
    outer loop
      vertex 382.044 15.3348 19.0476
      vertex 387.956 16.4017 17.4603
      vertex 382.044 16.4017 17.4603
    endloop
  endfacet
  facet normal 0 0.797793 0.602931
    outer loop
      vertex 387.956 15.3348 19.0476
      vertex 382.044 14.1352 20.6349
      vertex 387.956 14.1352 20.6349
    endloop
  endfacet
  facet normal 0 0.797793 0.602931
    outer loop
      vertex 382.044 14.1352 20.6349
      vertex 387.956 15.3348 19.0476
      vertex 382.044 15.3348 19.0476
    endloop
  endfacet
  facet normal 0 0.781478 0.623932
    outer loop
      vertex 387.956 14.1352 20.6349
      vertex 382.044 12.8679 22.2222
      vertex 387.956 12.8679 22.2222
    endloop
  endfacet
  facet normal 0 0.781478 0.623932
    outer loop
      vertex 382.044 12.8679 22.2222
      vertex 387.956 14.1352 20.6349
      vertex 382.044 14.1352 20.6349
    endloop
  endfacet
  facet normal 0 0.78107 0.624443
    outer loop
      vertex 387.956 12.8679 22.2222
      vertex 382.044 11.5989 23.8095
      vertex 387.956 11.5989 23.8095
    endloop
  endfacet
  facet normal 0 0.78107 0.624443
    outer loop
      vertex 382.044 11.5989 23.8095
      vertex 387.956 12.8679 22.2222
      vertex 382.044 12.8679 22.2222
    endloop
  endfacet
  facet normal 0 0.79598 0.605322
    outer loop
      vertex 387.956 11.5989 23.8095
      vertex 382.044 10.3918 25.3968
      vertex 387.956 10.3918 25.3968
    endloop
  endfacet
  facet normal 0 0.79598 0.605322
    outer loop
      vertex 382.044 10.3918 25.3968
      vertex 387.956 11.5989 23.8095
      vertex 382.044 11.5989 23.8095
    endloop
  endfacet
  facet normal 0 0.824972 0.565173
    outer loop
      vertex 387.956 10.3918 25.3968
      vertex 382.044 9.30437 26.9841
      vertex 387.956 9.30437 26.9841
    endloop
  endfacet
  facet normal 0 0.824972 0.565173
    outer loop
      vertex 382.044 9.30437 26.9841
      vertex 387.956 10.3918 25.3968
      vertex 382.044 10.3918 25.3968
    endloop
  endfacet
  facet normal 0 0.865505 0.5009
    outer loop
      vertex 387.956 9.30437 26.9841
      vertex 382.044 8.38574 28.5714
      vertex 387.956 8.38574 28.5714
    endloop
  endfacet
  facet normal 0 0.865505 0.5009
    outer loop
      vertex 382.044 8.38574 28.5714
      vertex 387.956 9.30437 26.9841
      vertex 382.044 9.30437 26.9841
    endloop
  endfacet
  facet normal 0 0.912494 0.40909
    outer loop
      vertex 387.956 8.38574 28.5714
      vertex 382.044 7.67412 30.1587
      vertex 387.956 7.67412 30.1587
    endloop
  endfacet
  facet normal 0 0.912494 0.40909
    outer loop
      vertex 382.044 7.67412 30.1587
      vertex 387.956 8.38574 28.5714
      vertex 382.044 8.38574 28.5714
    endloop
  endfacet
  facet normal 0 0.957394 0.288786
    outer loop
      vertex 387.956 7.67412 30.1587
      vertex 382.044 7.19533 31.746
      vertex 387.956 7.19533 31.746
    endloop
  endfacet
  facet normal 0 0.957394 0.288786
    outer loop
      vertex 382.044 7.19533 31.746
      vertex 387.956 7.67412 30.1587
      vertex 382.044 7.67412 30.1587
    endloop
  endfacet
  facet normal 0 0.989388 0.145295
    outer loop
      vertex 387.956 7.19533 31.746
      vertex 382.044 6.96223 33.3333
      vertex 387.956 6.96223 33.3333
    endloop
  endfacet
  facet normal 0 0.989388 0.145295
    outer loop
      vertex 382.044 6.96223 33.3333
      vertex 387.956 7.19533 31.746
      vertex 382.044 7.19533 31.746
    endloop
  endfacet
  facet normal 0 0.999969 -0.00789366
    outer loop
      vertex 387.956 6.96223 33.3333
      vertex 382.044 6.97476 34.9206
      vertex 387.956 6.97476 34.9206
    endloop
  endfacet
  facet normal 0 0.999969 -0.00789366
    outer loop
      vertex 382.044 6.97476 34.9206
      vertex 387.956 6.96223 33.3333
      vertex 382.044 6.96223 33.3333
    endloop
  endfacet
  facet normal 0 0.988192 -0.153219
    outer loop
      vertex 387.956 6.97476 34.9206
      vertex 382.044 7.22087 36.5079
      vertex 387.956 7.22087 36.5079
    endloop
  endfacet
  facet normal 0 0.988192 -0.153219
    outer loop
      vertex 382.044 7.22087 36.5079
      vertex 387.956 6.97476 34.9206
      vertex 382.044 6.97476 34.9206
    endloop
  endfacet
  facet normal 0 0.960947 -0.276733
    outer loop
      vertex 387.956 7.22087 36.5079
      vertex 382.044 7.67798 38.0952
      vertex 387.956 7.67798 38.0952
    endloop
  endfacet
  facet normal 0 0.960947 -0.276733
    outer loop
      vertex 382.044 7.67798 38.0952
      vertex 387.956 7.22087 36.5079
      vertex 382.044 7.22087 36.5079
    endloop
  endfacet
  facet normal 0 0.928053 -0.372449
    outer loop
      vertex 387.956 7.67798 38.0952
      vertex 382.044 8.315 39.6825
      vertex 387.956 8.315 39.6825
    endloop
  endfacet
  facet normal 0 0.928053 -0.372449
    outer loop
      vertex 382.044 8.315 39.6825
      vertex 387.956 7.67798 38.0952
      vertex 382.044 7.67798 38.0952
    endloop
  endfacet
  facet normal 0 0.897578 -0.440855
    outer loop
      vertex 387.956 8.315 39.6825
      vertex 382.044 9.09462 41.2698
      vertex 387.956 9.09462 41.2698
    endloop
  endfacet
  facet normal 0 0.897578 -0.440855
    outer loop
      vertex 382.044 9.09462 41.2698
      vertex 387.956 8.315 39.6825
      vertex 382.044 8.315 39.6825
    endloop
  endfacet
  facet normal 0 0.874324 -0.485343
    outer loop
      vertex 387.956 9.09462 41.2698
      vertex 382.044 9.97574 42.8571
      vertex 387.956 9.97574 42.8571
    endloop
  endfacet
  facet normal 0 0.874324 -0.485343
    outer loop
      vertex 382.044 9.97574 42.8571
      vertex 387.956 9.09462 41.2698
      vertex 382.044 9.09462 41.2698
    endloop
  endfacet
  facet normal 0 0.860378 -0.509657
    outer loop
      vertex 387.956 9.97574 42.8571
      vertex 382.044 10.916 44.4444
      vertex 387.956 10.916 44.4444
    endloop
  endfacet
  facet normal 0 0.860378 -0.509657
    outer loop
      vertex 382.044 10.916 44.4444
      vertex 387.956 9.97574 42.8571
      vertex 382.044 9.97574 42.8571
    endloop
  endfacet
  facet normal 0 0.856153 -0.516723
    outer loop
      vertex 387.956 10.916 44.4444
      vertex 382.044 11.874 46.0317
      vertex 387.956 11.874 46.0317
    endloop
  endfacet
  facet normal 0 0.856153 -0.516723
    outer loop
      vertex 382.044 11.874 46.0317
      vertex 387.956 10.916 44.4444
      vertex 382.044 10.916 44.4444
    endloop
  endfacet
  facet normal 0 0.861033 -0.508548
    outer loop
      vertex 387.956 11.874 46.0317
      vertex 382.044 12.8115 47.619
      vertex 387.956 12.8115 47.619
    endloop
  endfacet
  facet normal 0 0.861033 -0.508548
    outer loop
      vertex 382.044 12.8115 47.619
      vertex 387.956 11.874 46.0317
      vertex 382.044 11.874 46.0317
    endloop
  endfacet
  facet normal 0 0.873814 -0.48626
    outer loop
      vertex 387.956 12.8115 47.619
      vertex 382.044 13.6948 49.2063
      vertex 387.956 13.6948 49.2063
    endloop
  endfacet
  facet normal 0 0.873814 -0.48626
    outer loop
      vertex 382.044 13.6948 49.2063
      vertex 387.956 12.8115 47.619
      vertex 382.044 12.8115 47.619
    endloop
  endfacet
  facet normal 0 0.892677 -0.450697
    outer loop
      vertex 387.956 13.6948 49.2063
      vertex 382.044 14.4962 50.7936
      vertex 387.956 14.4962 50.7936
    endloop
  endfacet
  facet normal 0 0.892677 -0.450697
    outer loop
      vertex 382.044 14.4962 50.7936
      vertex 387.956 13.6948 49.2063
      vertex 382.044 13.6948 49.2063
    endloop
  endfacet
  facet normal 0 0.915327 -0.402712
    outer loop
      vertex 387.956 14.4962 50.7936
      vertex 382.044 15.1946 52.381
      vertex 387.956 15.1946 52.381
    endloop
  endfacet
  facet normal 0 0.915327 -0.402712
    outer loop
      vertex 382.044 15.1946 52.381
      vertex 387.956 14.4962 50.7936
      vertex 382.044 14.4962 50.7936
    endloop
  endfacet
  facet normal 0 0.939024 -0.343851
    outer loop
      vertex 387.956 15.1946 52.381
      vertex 382.044 15.7758 53.9682
      vertex 387.956 15.7758 53.9682
    endloop
  endfacet
  facet normal 0 0.939024 -0.343851
    outer loop
      vertex 382.044 15.7758 53.9682
      vertex 387.956 15.1946 52.381
      vertex 382.044 15.1946 52.381
    endloop
  endfacet
  facet normal 0 0.961045 -0.276392
    outer loop
      vertex 387.956 15.7758 53.9682
      vertex 382.044 16.2323 55.5555
      vertex 387.956 16.2323 55.5555
    endloop
  endfacet
  facet normal 0 0.961045 -0.276392
    outer loop
      vertex 382.044 16.2323 55.5555
      vertex 387.956 15.7758 53.9682
      vertex 382.044 15.7758 53.9682
    endloop
  endfacet
  facet normal 0 0.978969 -0.204008
    outer loop
      vertex 387.956 16.2323 55.5555
      vertex 382.044 16.5631 57.1429
      vertex 387.956 16.5631 57.1429
    endloop
  endfacet
  facet normal 0 0.978969 -0.204008
    outer loop
      vertex 382.044 16.5631 57.1429
      vertex 387.956 16.2323 55.5555
      vertex 382.044 16.2323 55.5555
    endloop
  endfacet
  facet normal 0 0.991409 -0.130797
    outer loop
      vertex 387.956 16.5631 57.1429
      vertex 382.044 16.7725 58.7301
      vertex 387.956 16.7725 58.7301
    endloop
  endfacet
  facet normal 0 0.991409 -0.130797
    outer loop
      vertex 382.044 16.7725 58.7301
      vertex 387.956 16.5631 57.1429
      vertex 382.044 16.5631 57.1429
    endloop
  endfacet
  facet normal 0 0.998142 -0.0609298
    outer loop
      vertex 387.956 16.7725 58.7301
      vertex 382.044 16.8694 60.3175
      vertex 387.956 16.8694 60.3175
    endloop
  endfacet
  facet normal 0 0.998142 -0.0609298
    outer loop
      vertex 382.044 16.8694 60.3175
      vertex 387.956 16.7725 58.7301
      vertex 382.044 16.7725 58.7301
    endloop
  endfacet
  facet normal 0 0.999998 0.002079
    outer loop
      vertex 387.956 16.8694 60.3175
      vertex 382.044 16.8661 61.9048
      vertex 387.956 16.8661 61.9048
    endloop
  endfacet
  facet normal 0 0.999998 0.002079
    outer loop
      vertex 382.044 16.8661 61.9048
      vertex 387.956 16.8694 60.3175
      vertex 382.044 16.8694 60.3175
    endloop
  endfacet
  facet normal 0 0.998446 0.0557313
    outer loop
      vertex 387.956 16.8661 61.9048
      vertex 382.044 16.7775 63.4921
      vertex 387.956 16.7775 63.4921
    endloop
  endfacet
  facet normal 0 0.998446 0.0557313
    outer loop
      vertex 382.044 16.7775 63.4921
      vertex 387.956 16.8661 61.9048
      vertex 382.044 16.8661 61.9048
    endloop
  endfacet
  facet normal 0 0.995076 0.0991127
    outer loop
      vertex 387.956 16.7775 63.4921
      vertex 382.044 16.6194 65.0794
      vertex 387.956 16.6194 65.0794
    endloop
  endfacet
  facet normal 0 0.995076 0.0991127
    outer loop
      vertex 382.044 16.6194 65.0794
      vertex 387.956 16.7775 63.4921
      vertex 382.044 16.7775 63.4921
    endloop
  endfacet
  facet normal 0 0.991272 0.131832
    outer loop
      vertex 387.956 16.6194 65.0794
      vertex 382.044 16.4083 66.6667
      vertex 387.956 16.4083 66.6667
    endloop
  endfacet
  facet normal 0 0.991272 0.131832
    outer loop
      vertex 382.044 16.4083 66.6667
      vertex 387.956 16.6194 65.0794
      vertex 382.044 16.6194 65.0794
    endloop
  endfacet
  facet normal 0 0.987995 0.154489
    outer loop
      vertex 387.956 16.4083 66.6667
      vertex 382.044 16.1601 68.254
      vertex 387.956 16.1601 68.254
    endloop
  endfacet
  facet normal 0 0.987995 0.154489
    outer loop
      vertex 382.044 16.1601 68.254
      vertex 387.956 16.4083 66.6667
      vertex 382.044 16.4083 66.6667
    endloop
  endfacet
  facet normal 0 0.985788 0.167993
    outer loop
      vertex 387.956 16.1601 68.254
      vertex 382.044 15.8896 69.8413
      vertex 387.956 15.8896 69.8413
    endloop
  endfacet
  facet normal 0 0.985788 0.167993
    outer loop
      vertex 382.044 15.8896 69.8413
      vertex 387.956 16.1601 68.254
      vertex 382.044 16.1601 68.254
    endloop
  endfacet
  facet normal 0 0.984848 0.173417
    outer loop
      vertex 387.956 15.8896 69.8413
      vertex 382.044 15.6101 71.4286
      vertex 387.956 15.6101 71.4286
    endloop
  endfacet
  facet normal 0 0.984848 0.173417
    outer loop
      vertex 382.044 15.6101 71.4286
      vertex 387.956 15.8896 69.8413
      vertex 382.044 15.8896 69.8413
    endloop
  endfacet
  facet normal 0 0.985112 0.171912
    outer loop
      vertex 387.956 15.6101 71.4286
      vertex 382.044 15.3331 73.0159
      vertex 387.956 15.3331 73.0159
    endloop
  endfacet
  facet normal 0 0.985112 0.171912
    outer loop
      vertex 382.044 15.3331 73.0159
      vertex 387.956 15.6101 71.4286
      vertex 382.044 15.6101 71.4286
    endloop
  endfacet
  facet normal 0 0.986359 0.164611
    outer loop
      vertex 387.956 15.3331 73.0159
      vertex 382.044 15.0682 74.6032
      vertex 387.956 15.0682 74.6032
    endloop
  endfacet
  facet normal 0 0.986359 0.164611
    outer loop
      vertex 382.044 15.0682 74.6032
      vertex 387.956 15.3331 73.0159
      vertex 382.044 15.3331 73.0159
    endloop
  endfacet
  facet normal 0 0.988287 0.152605
    outer loop
      vertex 387.956 15.0682 74.6032
      vertex 382.044 14.8231 76.1905
      vertex 387.956 14.8231 76.1905
    endloop
  endfacet
  facet normal 0 0.988287 0.152605
    outer loop
      vertex 382.044 14.8231 76.1905
      vertex 387.956 15.0682 74.6032
      vertex 382.044 15.0682 74.6032
    endloop
  endfacet
  facet normal 0 0.990565 0.137043
    outer loop
      vertex 387.956 14.8231 76.1905
      vertex 382.044 14.6035 77.7778
      vertex 387.956 14.6035 77.7778
    endloop
  endfacet
  facet normal 0 0.990565 0.137043
    outer loop
      vertex 382.044 14.6035 77.7778
      vertex 387.956 14.8231 76.1905
      vertex 382.044 14.8231 76.1905
    endloop
  endfacet
  facet normal 0 0.992919 0.11879
    outer loop
      vertex 387.956 14.6035 77.7778
      vertex 382.044 14.4136 79.3651
      vertex 387.956 14.4136 79.3651
    endloop
  endfacet
  facet normal 0 0.992919 0.11879
    outer loop
      vertex 382.044 14.4136 79.3651
      vertex 387.956 14.6035 77.7778
      vertex 382.044 14.6035 77.7778
    endloop
  endfacet
  facet normal 0 0.995132 0.098554
    outer loop
      vertex 387.956 14.4136 79.3651
      vertex 382.044 14.2564 80.9524
      vertex 387.956 14.2564 80.9524
    endloop
  endfacet
  facet normal 0 0.995132 0.098554
    outer loop
      vertex 382.044 14.2564 80.9524
      vertex 387.956 14.4136 79.3651
      vertex 382.044 14.4136 79.3651
    endloop
  endfacet
  facet normal 0 0.997006 0.0773209
    outer loop
      vertex 387.956 14.2564 80.9524
      vertex 382.044 14.1333 82.5397
      vertex 387.956 14.1333 82.5397
    endloop
  endfacet
  facet normal 0 0.997006 0.0773209
    outer loop
      vertex 382.044 14.1333 82.5397
      vertex 387.956 14.2564 80.9524
      vertex 382.044 14.2564 80.9524
    endloop
  endfacet
  facet normal 0 0.998463 0.0554178
    outer loop
      vertex 387.956 14.1333 82.5397
      vertex 382.044 14.0452 84.127
      vertex 387.956 14.0452 84.127
    endloop
  endfacet
  facet normal 0 0.998463 0.0554178
    outer loop
      vertex 382.044 14.0452 84.127
      vertex 387.956 14.1333 82.5397
      vertex 382.044 14.1333 82.5397
    endloop
  endfacet
  facet normal 0 0.999437 0.0335601
    outer loop
      vertex 387.956 14.0452 84.127
      vertex 382.044 13.9919 85.7143
      vertex 387.956 13.9919 85.7143
    endloop
  endfacet
  facet normal 0 0.999437 0.0335601
    outer loop
      vertex 382.044 13.9919 85.7143
      vertex 387.956 14.0452 84.127
      vertex 382.044 14.0452 84.127
    endloop
  endfacet
  facet normal 0 0.999928 0.0119692
    outer loop
      vertex 387.956 13.9919 85.7143
      vertex 382.044 13.9729 87.3016
      vertex 387.956 13.9729 87.3016
    endloop
  endfacet
  facet normal 0 0.999928 0.0119692
    outer loop
      vertex 382.044 13.9729 87.3016
      vertex 387.956 13.9919 85.7143
      vertex 382.044 13.9919 85.7143
    endloop
  endfacet
  facet normal 0 0.999962 -0.00875667
    outer loop
      vertex 387.956 13.9729 87.3016
      vertex 382.044 13.9868 88.8889
      vertex 387.956 13.9868 88.8889
    endloop
  endfacet
  facet normal 0 0.999962 -0.00875667
    outer loop
      vertex 382.044 13.9868 88.8889
      vertex 387.956 13.9729 87.3016
      vertex 382.044 13.9729 87.3016
    endloop
  endfacet
  facet normal 0 0.999591 -0.0285903
    outer loop
      vertex 387.956 13.9868 88.8889
      vertex 382.044 14.0322 90.4762
      vertex 387.956 14.0322 90.4762
    endloop
  endfacet
  facet normal 0 0.999591 -0.0285903
    outer loop
      vertex 382.044 14.0322 90.4762
      vertex 387.956 13.9868 88.8889
      vertex 382.044 13.9868 88.8889
    endloop
  endfacet
  facet normal 0 0.998894 -0.047009
    outer loop
      vertex 387.956 14.0322 90.4762
      vertex 382.044 14.1069 92.0635
      vertex 387.956 14.1069 92.0635
    endloop
  endfacet
  facet normal 0 0.998894 -0.047009
    outer loop
      vertex 382.044 14.1069 92.0635
      vertex 387.956 14.0322 90.4762
      vertex 382.044 14.0322 90.4762
    endloop
  endfacet
  facet normal 0 0.997958 -0.0638773
    outer loop
      vertex 387.956 14.1069 92.0635
      vertex 382.044 14.2085 93.6508
      vertex 387.956 14.2085 93.6508
    endloop
  endfacet
  facet normal 0 0.997958 -0.0638773
    outer loop
      vertex 382.044 14.2085 93.6508
      vertex 387.956 14.1069 92.0635
      vertex 382.044 14.1069 92.0635
    endloop
  endfacet
  facet normal 0 0.996889 -0.0788191
    outer loop
      vertex 387.956 14.2085 93.6508
      vertex 382.044 14.334 95.2381
      vertex 387.956 14.334 95.2381
    endloop
  endfacet
  facet normal 0 0.996889 -0.0788191
    outer loop
      vertex 382.044 14.334 95.2381
      vertex 387.956 14.2085 93.6508
      vertex 382.044 14.2085 93.6508
    endloop
  endfacet
  facet normal 0 0.995819 -0.0913446
    outer loop
      vertex 387.956 14.334 95.2381
      vertex 382.044 14.4796 96.8254
      vertex 387.956 14.4796 96.8254
    endloop
  endfacet
  facet normal 0 0.995819 -0.0913446
    outer loop
      vertex 382.044 14.4796 96.8254
      vertex 387.956 14.334 95.2381
      vertex 382.044 14.334 95.2381
    endloop
  endfacet
  facet normal 0 0.994864 -0.101223
    outer loop
      vertex 387.956 14.4796 96.8254
      vertex 382.044 14.6411 98.4127
      vertex 387.956 14.6411 98.4127
    endloop
  endfacet
  facet normal 0 0.994864 -0.101223
    outer loop
      vertex 382.044 14.6411 98.4127
      vertex 387.956 14.4796 96.8254
      vertex 382.044 14.4796 96.8254
    endloop
  endfacet
  facet normal 0 0.994153 -0.107977
    outer loop
      vertex 387.956 14.6411 98.4127
      vertex 382.044 14.8135 100
      vertex 387.956 14.8135 100
    endloop
  endfacet
  facet normal 0 0.994153 -0.107977
    outer loop
      vertex 382.044 14.8135 100
      vertex 387.956 14.6411 98.4127
      vertex 382.044 14.6411 98.4127
    endloop
  endfacet
  facet normal 0 0.739986 -0.672622
    outer loop
      vertex 387.956 11.3464 0
      vertex 382.044 12.7892 1.5873
      vertex 387.956 12.7892 1.5873
    endloop
  endfacet
  facet normal 0 0.739986 -0.672622
    outer loop
      vertex 382.044 12.7892 1.5873
      vertex 387.956 11.3464 0
      vertex 382.044 11.3464 0
    endloop
  endfacet
  facet normal -1 0 0
    outer loop
      vertex 389.822 18.0528 11.1111
      vertex 389.822 18.1638 14.2857
      vertex 389.822 18.2606 12.6984
    endloop
  endfacet
  facet normal -1 0 0
    outer loop
      vertex 389.822 18.0528 11.1111
      vertex 389.822 17.7726 15.873
      vertex 389.822 18.1638 14.2857
    endloop
  endfacet
  facet normal -1 0 0
    outer loop
      vertex 389.822 17.5462 9.5238
      vertex 389.822 17.7726 15.873
      vertex 389.822 18.0528 11.1111
    endloop
  endfacet
  facet normal -1 0 0
    outer loop
      vertex 389.822 17.5462 9.5238
      vertex 389.822 17.1127 17.4603
      vertex 389.822 17.7726 15.873
    endloop
  endfacet
  facet normal -1 0 0
    outer loop
      vertex 389.822 16.7634 7.93649
      vertex 389.822 17.1127 17.4603
      vertex 389.822 17.5462 9.5238
    endloop
  endfacet
  facet normal -1 0 0
    outer loop
      vertex 389.822 16.7634 7.93649
      vertex 389.822 16.2227 19.0476
      vertex 389.822 17.1127 17.4603
    endloop
  endfacet
  facet normal -1 0 0
    outer loop
      vertex 389.822 15.7423 6.3492
      vertex 389.822 16.2227 19.0476
      vertex 389.822 16.7634 7.93649
    endloop
  endfacet
  facet normal -1 0 0
    outer loop
      vertex 389.822 15.7423 6.3492
      vertex 389.822 15.1519 20.6349
      vertex 389.822 16.2227 19.0476
    endloop
  endfacet
  facet normal -1 0 0
    outer loop
      vertex 389.822 14.5347 4.7619
      vertex 389.822 15.1519 20.6349
      vertex 389.822 15.7423 6.3492
    endloop
  endfacet
  facet normal -1 0 0
    outer loop
      vertex 389.822 14.5347 4.7619
      vertex 389.822 13.957 22.2222
      vertex 389.822 15.1519 20.6349
    endloop
  endfacet
  facet normal -1 0 0
    outer loop
      vertex 389.822 0 0
      vertex 389.822 14.5347 4.7619
      vertex 389.822 13.2035 3.17459
    endloop
  endfacet
  facet normal -1 -0 0
    outer loop
      vertex 389.822 14.5347 4.7619
      vertex 389.822 0 0
      vertex 389.822 13.957 22.2222
    endloop
  endfacet
  facet normal -1 0 0
    outer loop
      vertex 389.822 0 0
      vertex 389.822 13.2035 3.17459
      vertex 389.822 11.8195 1.5873
    endloop
  endfacet
  facet normal -1 -0 0
    outer loop
      vertex 389.822 13.957 22.2222
      vertex 389.822 0 0
      vertex 389.822 12.6988 23.8095
    endloop
  endfacet
  facet normal -1 0 0
    outer loop
      vertex 389.822 0 0
      vertex 389.822 11.8195 1.5873
      vertex 389.822 10.4568 0
    endloop
  endfacet
  facet normal -1 -0 0
    outer loop
      vertex 389.822 12.6988 23.8095
      vertex 389.822 0 0
      vertex 389.822 11.4386 25.3968
    endloop
  endfacet
  facet normal -1 -0 0
    outer loop
      vertex 389.822 11.4386 25.3968
      vertex 389.822 0 0
      vertex 389.822 10.2348 26.9841
    endloop
  endfacet
  facet normal -1 -0 0
    outer loop
      vertex 389.822 10.2348 26.9841
      vertex 389.822 0 0
      vertex 389.822 9.14018 28.5714
    endloop
  endfacet
  facet normal -1 -0 0
    outer loop
      vertex 389.822 9.14018 28.5714
      vertex 389.822 0 0
      vertex 389.822 8.19948 30.1587
    endloop
  endfacet
  facet normal -1 -0 0
    outer loop
      vertex 389.822 8.19948 30.1587
      vertex 389.822 0 0
      vertex 389.822 7.4473 31.746
    endloop
  endfacet
  facet normal -1 -0 0
    outer loop
      vertex 389.822 7.4473 31.746
      vertex 389.822 0 0
      vertex 389.822 6.90726 33.3333
    endloop
  endfacet
  facet normal -1 0 0
    outer loop
      vertex 389.822 0 0
      vertex 389.822 6.50104 36.5079
      vertex 389.822 6.59151 34.9206
    endloop
  endfacet
  facet normal -1 -0 0
    outer loop
      vertex 389.822 6.90726 33.3333
      vertex 389.822 0 0
      vertex 389.822 6.59151 34.9206
    endloop
  endfacet
  facet normal -1 -0 0
    outer loop
      vertex 389.822 6.50104 36.5079
      vertex 389.822 0 0
      vertex 389.822 0 67.0124
    endloop
  endfacet
  facet normal -1 0 0
    outer loop
      vertex 389.822 6.50104 36.5079
      vertex 389.822 0 67.0124
      vertex 389.822 2.4 67.0124
    endloop
  endfacet
  facet normal -1 0 0
    outer loop
      vertex 389.822 2.4 67.0124
      vertex 389.822 16.9025 71.4286
      vertex 389.822 16.9047 69.8413
    endloop
  endfacet
  facet normal -1 0 0
    outer loop
      vertex 389.822 2.4 67.0124
      vertex 389.822 16.9047 69.8413
      vertex 389.822 16.8761 68.254
    endloop
  endfacet
  facet normal -1 -0 0
    outer loop
      vertex 389.822 16.9025 71.4286
      vertex 389.822 2.4 67.0124
      vertex 389.822 16.8781 73.0159
    endloop
  endfacet
  facet normal -1 0 0
    outer loop
      vertex 389.822 2.4 67.0124
      vertex 389.822 16.8761 68.254
      vertex 389.822 16.8073 66.6667
    endloop
  endfacet
  facet normal -1 -0 0
    outer loop
      vertex 389.822 16.8781 73.0159
      vertex 389.822 2.4 67.0124
      vertex 389.822 16.8391 74.6032
    endloop
  endfacet
  facet normal -1 -0 0
    outer loop
      vertex 389.822 16.8391 74.6032
      vertex 389.822 2.4 67.0124
      vertex 389.822 16.792 76.1905
    endloop
  endfacet
  facet normal -1 -0 0
    outer loop
      vertex 389.822 16.792 76.1905
      vertex 389.822 2.4 67.0124
      vertex 389.822 16.742 77.7778
    endloop
  endfacet
  facet normal -1 0 0
    outer loop
      vertex 389.822 2.4 67.0124
      vertex 389.822 16.8073 66.6667
      vertex 389.822 16.6884 65.0794
    endloop
  endfacet
  facet normal -1 0 0
    outer loop
      vertex 389.822 2.4 87.9876
      vertex 389.822 16.742 77.7778
      vertex 389.822 2.4 67.0124
    endloop
  endfacet
  facet normal -1 0 0
    outer loop
      vertex 389.822 16.742 77.7778
      vertex 389.822 2.4 87.9876
      vertex 389.822 16.6933 79.3651
    endloop
  endfacet
  facet normal -1 0 0
    outer loop
      vertex 389.822 16.6933 79.3651
      vertex 389.822 2.4 87.9876
      vertex 389.822 16.6485 80.9524
    endloop
  endfacet
  facet normal -1 0 0
    outer loop
      vertex 389.822 16.6485 80.9524
      vertex 389.822 2.4 87.9876
      vertex 389.822 16.6096 82.5397
    endloop
  endfacet
  facet normal -1 0 0
    outer loop
      vertex 389.822 16.6096 82.5397
      vertex 389.822 2.4 87.9876
      vertex 389.822 16.5771 84.127
    endloop
  endfacet
  facet normal -1 0 0
    outer loop
      vertex 389.822 16.5771 84.127
      vertex 389.822 2.4 87.9876
      vertex 389.822 16.5508 85.7143
    endloop
  endfacet
  facet normal -1 0 0
    outer loop
      vertex 389.822 2.4 67.0124
      vertex 389.822 16.6884 65.0794
      vertex 389.822 16.5095 63.4921
    endloop
  endfacet
  facet normal -1 0 0
    outer loop
      vertex 389.822 16.5508 85.7143
      vertex 389.822 2.4 87.9876
      vertex 389.822 16.5293 87.3016
    endloop
  endfacet
  facet normal -1 0 0
    outer loop
      vertex 389.822 16.5293 87.3016
      vertex 389.822 2.4 87.9876
      vertex 389.822 16.5106 88.8889
    endloop
  endfacet
  facet normal -1 -0 0
    outer loop
      vertex 389.822 16.4916 90.4762
      vertex 389.822 2.4 87.9876
      vertex 389.822 16.4688 92.0635
    endloop
  endfacet
  facet normal -1 -0 0
    outer loop
      vertex 389.822 16.4688 92.0635
      vertex 389.822 2.4 87.9876
      vertex 389.822 16.4377 93.6508
    endloop
  endfacet
  facet normal -1 -0 0
    outer loop
      vertex 389.822 16.4377 93.6508
      vertex 389.822 2.4 87.9876
      vertex 389.822 16.3936 95.2381
    endloop
  endfacet
  facet normal -1 0 0
    outer loop
      vertex 389.822 2.4 67.0124
      vertex 389.822 16.5095 63.4921
      vertex 389.822 16.2613 61.9048
    endloop
  endfacet
  facet normal -1 0 0
    outer loop
      vertex 389.822 0 100
      vertex 389.822 16.3936 95.2381
      vertex 389.822 2.4 87.9876
    endloop
  endfacet
  facet normal -1 0 0
    outer loop
      vertex 389.822 16.3936 95.2381
      vertex 389.822 0 100
      vertex 389.822 16.3312 96.8254
    endloop
  endfacet
  facet normal -1 0 0
    outer loop
      vertex 389.822 2.4 67.0124
      vertex 389.822 16.2613 61.9048
      vertex 389.822 15.9357 60.3175
    endloop
  endfacet
  facet normal -1 0 0
    outer loop
      vertex 389.822 2.4 67.0124
      vertex 389.822 15.9357 60.3175
      vertex 389.822 15.5264 58.7301
    endloop
  endfacet
  facet normal -1 0 0
    outer loop
      vertex 389.822 2.4 67.0124
      vertex 389.822 15.5264 58.7301
      vertex 389.822 15.0296 57.1429
    endloop
  endfacet
  facet normal -1 0 0
    outer loop
      vertex 389.822 2.4 67.0124
      vertex 389.822 15.0296 57.1429
      vertex 389.822 14.4452 55.5555
    endloop
  endfacet
  facet normal -1 0 0
    outer loop
      vertex 389.822 2.4 67.0124
      vertex 389.822 14.4452 55.5555
      vertex 389.822 13.777 53.9682
    endloop
  endfacet
  facet normal -1 0 0
    outer loop
      vertex 389.822 2.4 67.0124
      vertex 389.822 13.777 53.9682
      vertex 389.822 13.0333 52.381
    endloop
  endfacet
  facet normal -1 0 0
    outer loop
      vertex 389.822 2.4 67.0124
      vertex 389.822 13.0333 52.381
      vertex 389.822 12.2278 50.7936
    endloop
  endfacet
  facet normal -1 0 0
    outer loop
      vertex 389.822 2.4 67.0124
      vertex 389.822 12.2278 50.7936
      vertex 389.822 11.3789 49.2063
    endloop
  endfacet
  facet normal -1 0 0
    outer loop
      vertex 389.822 2.4 67.0124
      vertex 389.822 11.3789 49.2063
      vertex 389.822 10.5104 47.619
    endloop
  endfacet
  facet normal -1 0 0
    outer loop
      vertex 389.822 2.4 67.0124
      vertex 389.822 10.5104 47.619
      vertex 389.822 9.65022 46.0317
    endloop
  endfacet
  facet normal -1 0 0
    outer loop
      vertex 389.822 2.4 67.0124
      vertex 389.822 9.65022 46.0317
      vertex 389.822 8.82999 44.4444
    endloop
  endfacet
  facet normal -1 0 0
    outer loop
      vertex 389.822 2.4 67.0124
      vertex 389.822 8.82999 44.4444
      vertex 389.822 8.0836 42.8571
    endloop
  endfacet
  facet normal -1 0 0
    outer loop
      vertex 389.822 2.4 67.0124
      vertex 389.822 8.0836 42.8571
      vertex 389.822 7.44571 41.2698
    endloop
  endfacet
  facet normal -1 0 0
    outer loop
      vertex 389.822 2.4 67.0124
      vertex 389.822 7.44571 41.2698
      vertex 389.822 6.94987 39.6825
    endloop
  endfacet
  facet normal -1 0 0
    outer loop
      vertex 389.822 2.4 67.0124
      vertex 389.822 6.94987 39.6825
      vertex 389.822 6.62656 38.0952
    endloop
  endfacet
  facet normal -1 0 0
    outer loop
      vertex 389.822 2.4 67.0124
      vertex 389.822 6.62656 38.0952
      vertex 389.822 6.50104 36.5079
    endloop
  endfacet
  facet normal -1 -0 0
    outer loop
      vertex 389.822 16.5106 88.8889
      vertex 389.822 2.4 87.9876
      vertex 389.822 16.4916 90.4762
    endloop
  endfacet
  facet normal -1 0 0
    outer loop
      vertex 389.822 16.3312 96.8254
      vertex 389.822 0 100
      vertex 389.822 16.2447 98.4127
    endloop
  endfacet
  facet normal -1 0 0
    outer loop
      vertex 389.822 0 100
      vertex 389.822 2.4 87.9876
      vertex 389.822 0 87.9876
    endloop
  endfacet
  facet normal -1 0 0
    outer loop
      vertex 389.822 16.2447 98.4127
      vertex 389.822 0 100
      vertex 389.822 16.1285 100
    endloop
  endfacet
  facet normal 1 0 0
    outer loop
      vertex 395.733 0 100
      vertex 395.733 16.9025 71.4286
      vertex 395.733 16.8781 73.0159
    endloop
  endfacet
  facet normal 1 0 0
    outer loop
      vertex 395.733 16.9025 71.4286
      vertex 395.733 0 100
      vertex 395.733 16.9047 69.8413
    endloop
  endfacet
  facet normal 1 0 0
    outer loop
      vertex 395.733 0 100
      vertex 395.733 16.8781 73.0159
      vertex 395.733 16.8391 74.6032
    endloop
  endfacet
  facet normal 1 0 0
    outer loop
      vertex 395.733 16.9047 69.8413
      vertex 395.733 0 100
      vertex 395.733 16.8761 68.254
    endloop
  endfacet
  facet normal 1 0 0
    outer loop
      vertex 395.733 0 100
      vertex 395.733 16.8391 74.6032
      vertex 395.733 16.792 76.1905
    endloop
  endfacet
  facet normal 1 0 0
    outer loop
      vertex 395.733 0 100
      vertex 395.733 16.792 76.1905
      vertex 395.733 16.742 77.7778
    endloop
  endfacet
  facet normal 1 0 0
    outer loop
      vertex 395.733 0 100
      vertex 395.733 16.742 77.7778
      vertex 395.733 16.6933 79.3651
    endloop
  endfacet
  facet normal 1 0 0
    outer loop
      vertex 395.733 16.8761 68.254
      vertex 395.733 0 100
      vertex 395.733 16.8073 66.6667
    endloop
  endfacet
  facet normal 1 0 0
    outer loop
      vertex 395.733 0 100
      vertex 395.733 16.6933 79.3651
      vertex 395.733 16.6485 80.9524
    endloop
  endfacet
  facet normal 1 0 0
    outer loop
      vertex 395.733 0 100
      vertex 395.733 16.6485 80.9524
      vertex 395.733 16.6096 82.5397
    endloop
  endfacet
  facet normal 1 0 0
    outer loop
      vertex 395.733 0 100
      vertex 395.733 16.6096 82.5397
      vertex 395.733 16.5771 84.127
    endloop
  endfacet
  facet normal 1 0 0
    outer loop
      vertex 395.733 0 100
      vertex 395.733 16.5771 84.127
      vertex 395.733 16.5508 85.7143
    endloop
  endfacet
  facet normal 1 0 0
    outer loop
      vertex 395.733 0 100
      vertex 395.733 16.5508 85.7143
      vertex 395.733 16.5293 87.3016
    endloop
  endfacet
  facet normal 1 0 0
    outer loop
      vertex 395.733 0 100
      vertex 395.733 16.5293 87.3016
      vertex 395.733 16.5106 88.8889
    endloop
  endfacet
  facet normal 1 0 0
    outer loop
      vertex 395.733 16.8073 66.6667
      vertex 395.733 0 100
      vertex 395.733 16.6884 65.0794
    endloop
  endfacet
  facet normal 1 0 0
    outer loop
      vertex 395.733 0 100
      vertex 395.733 16.5106 88.8889
      vertex 395.733 16.4916 90.4762
    endloop
  endfacet
  facet normal 1 0 0
    outer loop
      vertex 395.733 0 100
      vertex 395.733 16.4916 90.4762
      vertex 395.733 16.4688 92.0635
    endloop
  endfacet
  facet normal 1 0 0
    outer loop
      vertex 395.733 0 100
      vertex 395.733 16.4688 92.0635
      vertex 395.733 16.4377 93.6508
    endloop
  endfacet
  facet normal 1 0 0
    outer loop
      vertex 395.733 0 100
      vertex 395.733 16.4377 93.6508
      vertex 395.733 16.3936 95.2381
    endloop
  endfacet
  facet normal 1 0 0
    outer loop
      vertex 395.733 0 100
      vertex 395.733 16.3936 95.2381
      vertex 395.733 16.3312 96.8254
    endloop
  endfacet
  facet normal 1 0 0
    outer loop
      vertex 395.733 16.6884 65.0794
      vertex 395.733 0 100
      vertex 395.733 16.5095 63.4921
    endloop
  endfacet
  facet normal 1 0 0
    outer loop
      vertex 395.733 0 100
      vertex 395.733 16.3312 96.8254
      vertex 395.733 16.2447 98.4127
    endloop
  endfacet
  facet normal 1 -0 0
    outer loop
      vertex 395.733 0 100
      vertex 395.733 16.2447 98.4127
      vertex 395.733 16.1285 100
    endloop
  endfacet
  facet normal 1 0 0
    outer loop
      vertex 395.733 16.5095 63.4921
      vertex 395.733 0 100
      vertex 395.733 16.2613 61.9048
    endloop
  endfacet
  facet normal 1 0 0
    outer loop
      vertex 395.733 16.2613 61.9048
      vertex 395.733 0 100
      vertex 395.733 15.9357 60.3175
    endloop
  endfacet
  facet normal 1 0 0
    outer loop
      vertex 395.733 15.9357 60.3175
      vertex 395.733 0 100
      vertex 395.733 15.5264 58.7301
    endloop
  endfacet
  facet normal 1 0 0
    outer loop
      vertex 395.733 15.5264 58.7301
      vertex 395.733 0 100
      vertex 395.733 15.0296 57.1429
    endloop
  endfacet
  facet normal 1 0 0
    outer loop
      vertex 395.733 15.0296 57.1429
      vertex 395.733 0 100
      vertex 395.733 14.4452 55.5555
    endloop
  endfacet
  facet normal 1 0 0
    outer loop
      vertex 395.733 14.4452 55.5555
      vertex 395.733 0 100
      vertex 395.733 13.777 53.9682
    endloop
  endfacet
  facet normal 1 0 0
    outer loop
      vertex 395.733 13.777 53.9682
      vertex 395.733 0 100
      vertex 395.733 13.0333 52.381
    endloop
  endfacet
  facet normal 1 0 0
    outer loop
      vertex 395.733 13.0333 52.381
      vertex 395.733 0 100
      vertex 395.733 12.2278 50.7936
    endloop
  endfacet
  facet normal 1 0 0
    outer loop
      vertex 395.733 12.2278 50.7936
      vertex 395.733 0 100
      vertex 395.733 11.3789 49.2063
    endloop
  endfacet
  facet normal 1 0 0
    outer loop
      vertex 395.733 11.3789 49.2063
      vertex 395.733 0 100
      vertex 395.733 10.5104 47.619
    endloop
  endfacet
  facet normal 1 0 0
    outer loop
      vertex 395.733 10.5104 47.619
      vertex 395.733 0 100
      vertex 395.733 9.65022 46.0317
    endloop
  endfacet
  facet normal 1 0 0
    outer loop
      vertex 395.733 9.65022 46.0317
      vertex 395.733 0 100
      vertex 395.733 8.82999 44.4444
    endloop
  endfacet
  facet normal 1 0 0
    outer loop
      vertex 395.733 8.82999 44.4444
      vertex 395.733 0 100
      vertex 395.733 8.0836 42.8571
    endloop
  endfacet
  facet normal 1 0 0
    outer loop
      vertex 395.733 8.0836 42.8571
      vertex 395.733 0 100
      vertex 395.733 7.44571 41.2698
    endloop
  endfacet
  facet normal 1 0 0
    outer loop
      vertex 395.733 7.44571 41.2698
      vertex 395.733 0 100
      vertex 395.733 6.94987 39.6825
    endloop
  endfacet
  facet normal 1 0 0
    outer loop
      vertex 395.733 6.62656 38.0952
      vertex 395.733 0 100
      vertex 395.733 6.50104 36.5079
    endloop
  endfacet
  facet normal 1 0 0
    outer loop
      vertex 395.733 6.94987 39.6825
      vertex 395.733 0 100
      vertex 395.733 6.62656 38.0952
    endloop
  endfacet
  facet normal 1 0 0
    outer loop
      vertex 395.733 18.1638 14.2857
      vertex 395.733 18.0528 11.1111
      vertex 395.733 18.2606 12.6984
    endloop
  endfacet
  facet normal 1 0 0
    outer loop
      vertex 395.733 17.7726 15.873
      vertex 395.733 18.0528 11.1111
      vertex 395.733 18.1638 14.2857
    endloop
  endfacet
  facet normal 1 0 0
    outer loop
      vertex 395.733 17.7726 15.873
      vertex 395.733 17.5462 9.5238
      vertex 395.733 18.0528 11.1111
    endloop
  endfacet
  facet normal 1 0 0
    outer loop
      vertex 395.733 17.1127 17.4603
      vertex 395.733 17.5462 9.5238
      vertex 395.733 17.7726 15.873
    endloop
  endfacet
  facet normal 1 0 0
    outer loop
      vertex 395.733 17.1127 17.4603
      vertex 395.733 16.7634 7.93649
      vertex 395.733 17.5462 9.5238
    endloop
  endfacet
  facet normal 1 0 0
    outer loop
      vertex 395.733 16.2227 19.0476
      vertex 395.733 16.7634 7.93649
      vertex 395.733 17.1127 17.4603
    endloop
  endfacet
  facet normal 1 0 0
    outer loop
      vertex 395.733 16.2227 19.0476
      vertex 395.733 15.7423 6.3492
      vertex 395.733 16.7634 7.93649
    endloop
  endfacet
  facet normal 1 0 0
    outer loop
      vertex 395.733 15.1519 20.6349
      vertex 395.733 15.7423 6.3492
      vertex 395.733 16.2227 19.0476
    endloop
  endfacet
  facet normal 1 0 0
    outer loop
      vertex 395.733 15.1519 20.6349
      vertex 395.733 14.5347 4.7619
      vertex 395.733 15.7423 6.3492
    endloop
  endfacet
  facet normal 1 0 0
    outer loop
      vertex 395.733 13.957 22.2222
      vertex 395.733 14.5347 4.7619
      vertex 395.733 15.1519 20.6349
    endloop
  endfacet
  facet normal 1 0 0
    outer loop
      vertex 395.733 0 0
      vertex 395.733 14.5347 4.7619
      vertex 395.733 13.957 22.2222
    endloop
  endfacet
  facet normal 1 0 0
    outer loop
      vertex 395.733 0 0
      vertex 395.733 13.957 22.2222
      vertex 395.733 12.6988 23.8095
    endloop
  endfacet
  facet normal 1 0 0
    outer loop
      vertex 395.733 14.5347 4.7619
      vertex 395.733 0 0
      vertex 395.733 13.2035 3.17459
    endloop
  endfacet
  facet normal 1 0 0
    outer loop
      vertex 395.733 0 0
      vertex 395.733 12.6988 23.8095
      vertex 395.733 11.4386 25.3968
    endloop
  endfacet
  facet normal 1 0 0
    outer loop
      vertex 395.733 13.2035 3.17459
      vertex 395.733 0 0
      vertex 395.733 11.8195 1.5873
    endloop
  endfacet
  facet normal 1 0 0
    outer loop
      vertex 395.733 0 0
      vertex 395.733 11.4386 25.3968
      vertex 395.733 10.2348 26.9841
    endloop
  endfacet
  facet normal 1 0 0
    outer loop
      vertex 395.733 0 0
      vertex 395.733 10.2348 26.9841
      vertex 395.733 9.14018 28.5714
    endloop
  endfacet
  facet normal 1 0 0
    outer loop
      vertex 395.733 0 0
      vertex 395.733 9.14018 28.5714
      vertex 395.733 8.19948 30.1587
    endloop
  endfacet
  facet normal 1 0 0
    outer loop
      vertex 395.733 0 0
      vertex 395.733 8.19948 30.1587
      vertex 395.733 7.4473 31.746
    endloop
  endfacet
  facet normal 1 0 0
    outer loop
      vertex 395.733 0 0
      vertex 395.733 7.4473 31.746
      vertex 395.733 6.90726 33.3333
    endloop
  endfacet
  facet normal 1 0 0
    outer loop
      vertex 395.733 0 0
      vertex 395.733 6.90726 33.3333
      vertex 395.733 6.59151 34.9206
    endloop
  endfacet
  facet normal 1 0 0
    outer loop
      vertex 395.733 0 0
      vertex 395.733 6.50104 36.5079
      vertex 395.733 0 100
    endloop
  endfacet
  facet normal 1 0 0
    outer loop
      vertex 395.733 11.8195 1.5873
      vertex 395.733 0 0
      vertex 395.733 10.4568 0
    endloop
  endfacet
  facet normal 1 0 0
    outer loop
      vertex 395.733 6.50104 36.5079
      vertex 395.733 0 0
      vertex 395.733 6.59151 34.9206
    endloop
  endfacet
  facet normal 0 0.753724 -0.657192
    outer loop
      vertex 395.733 11.8195 1.5873
      vertex 389.822 13.2035 3.17459
      vertex 395.733 13.2035 3.17459
    endloop
  endfacet
  facet normal 0 0.753724 -0.657192
    outer loop
      vertex 389.822 13.2035 3.17459
      vertex 395.733 11.8195 1.5873
      vertex 389.822 11.8195 1.5873
    endloop
  endfacet
  facet normal 0 0.766213 -0.642586
    outer loop
      vertex 395.733 13.2035 3.17459
      vertex 389.822 14.5347 4.7619
      vertex 395.733 14.5347 4.7619
    endloop
  endfacet
  facet normal 0 0.766213 -0.642586
    outer loop
      vertex 389.822 14.5347 4.7619
      vertex 395.733 13.2035 3.17459
      vertex 389.822 13.2035 3.17459
    endloop
  endfacet
  facet normal 0 0.79586 -0.605481
    outer loop
      vertex 395.733 14.5347 4.7619
      vertex 389.822 15.7423 6.3492
      vertex 395.733 15.7423 6.3492
    endloop
  endfacet
  facet normal 0 0.79586 -0.605481
    outer loop
      vertex 389.822 15.7423 6.3492
      vertex 395.733 14.5347 4.7619
      vertex 389.822 14.5347 4.7619
    endloop
  endfacet
  facet normal 0 0.84101 -0.54102
    outer loop
      vertex 395.733 15.7423 6.3492
      vertex 389.822 16.7634 7.93649
      vertex 395.733 16.7634 7.93649
    endloop
  endfacet
  facet normal 0 0.84101 -0.54102
    outer loop
      vertex 389.822 16.7634 7.93649
      vertex 395.733 15.7423 6.3492
      vertex 389.822 15.7423 6.3492
    endloop
  endfacet
  facet normal 0 0.896867 -0.4423
    outer loop
      vertex 395.733 16.7634 7.93649
      vertex 389.822 17.5462 9.5238
      vertex 395.733 17.5462 9.5238
    endloop
  endfacet
  facet normal 0 0.896867 -0.4423
    outer loop
      vertex 389.822 17.5462 9.5238
      vertex 395.733 16.7634 7.93649
      vertex 389.822 16.7634 7.93649
    endloop
  endfacet
  facet normal 0 0.952657 -0.304048
    outer loop
      vertex 395.733 17.5462 9.5238
      vertex 389.822 18.0528 11.1111
      vertex 395.733 18.0528 11.1111
    endloop
  endfacet
  facet normal 0 0.952657 -0.304048
    outer loop
      vertex 389.822 18.0528 11.1111
      vertex 395.733 17.5462 9.5238
      vertex 389.822 17.5462 9.5238
    endloop
  endfacet
  facet normal 0 0.991539 -0.129807
    outer loop
      vertex 395.733 18.0528 11.1111
      vertex 389.822 18.2606 12.6984
      vertex 395.733 18.2606 12.6984
    endloop
  endfacet
  facet normal 0 0.991539 -0.129807
    outer loop
      vertex 389.822 18.2606 12.6984
      vertex 395.733 18.0528 11.1111
      vertex 389.822 18.0528 11.1111
    endloop
  endfacet
  facet normal 0 0.998146 0.060871
    outer loop
      vertex 395.733 18.2606 12.6984
      vertex 389.822 18.1638 14.2857
      vertex 395.733 18.1638 14.2857
    endloop
  endfacet
  facet normal 0 0.998146 0.060871
    outer loop
      vertex 389.822 18.1638 14.2857
      vertex 395.733 18.2606 12.6984
      vertex 389.822 18.2606 12.6984
    endloop
  endfacet
  facet normal 0 0.970947 0.239296
    outer loop
      vertex 395.733 18.1638 14.2857
      vertex 389.822 17.7726 15.873
      vertex 395.733 17.7726 15.873
    endloop
  endfacet
  facet normal 0 0.970947 0.239296
    outer loop
      vertex 389.822 17.7726 15.873
      vertex 395.733 18.1638 14.2857
      vertex 389.822 18.1638 14.2857
    endloop
  endfacet
  facet normal 0 0.923381 0.383884
    outer loop
      vertex 395.733 17.7726 15.873
      vertex 389.822 17.1127 17.4603
      vertex 395.733 17.1127 17.4603
    endloop
  endfacet
  facet normal 0 0.923381 0.383884
    outer loop
      vertex 389.822 17.1127 17.4603
      vertex 395.733 17.7726 15.873
      vertex 389.822 17.7726 15.873
    endloop
  endfacet
  facet normal 0 0.872245 0.489068
    outer loop
      vertex 395.733 17.1127 17.4603
      vertex 389.822 16.2227 19.0476
      vertex 395.733 16.2227 19.0476
    endloop
  endfacet
  facet normal 0 0.872245 0.489068
    outer loop
      vertex 389.822 16.2227 19.0476
      vertex 395.733 17.1127 17.4603
      vertex 389.822 17.1127 17.4603
    endloop
  endfacet
  facet normal 0 0.829001 0.559248
    outer loop
      vertex 395.733 16.2227 19.0476
      vertex 389.822 15.1519 20.6349
      vertex 395.733 15.1519 20.6349
    endloop
  endfacet
  facet normal 0 0.829001 0.559248
    outer loop
      vertex 389.822 15.1519 20.6349
      vertex 395.733 16.2227 19.0476
      vertex 389.822 16.2227 19.0476
    endloop
  endfacet
  facet normal 0 0.79893 0.601424
    outer loop
      vertex 395.733 15.1519 20.6349
      vertex 389.822 13.957 22.2222
      vertex 395.733 13.957 22.2222
    endloop
  endfacet
  facet normal 0 0.79893 0.601424
    outer loop
      vertex 389.822 13.957 22.2222
      vertex 395.733 15.1519 20.6349
      vertex 389.822 15.1519 20.6349
    endloop
  endfacet
  facet normal 0 0.783664 0.621185
    outer loop
      vertex 395.733 13.957 22.2222
      vertex 389.822 12.6988 23.8095
      vertex 395.733 12.6988 23.8095
    endloop
  endfacet
  facet normal 0 0.783664 0.621185
    outer loop
      vertex 389.822 12.6988 23.8095
      vertex 395.733 13.957 22.2222
      vertex 389.822 13.957 22.2222
    endloop
  endfacet
  facet normal 0 0.783184 0.62179
    outer loop
      vertex 395.733 12.6988 23.8095
      vertex 389.822 11.4386 25.3968
      vertex 395.733 11.4386 25.3968
    endloop
  endfacet
  facet normal 0 0.783184 0.62179
    outer loop
      vertex 389.822 11.4386 25.3968
      vertex 395.733 12.6988 23.8095
      vertex 389.822 12.6988 23.8095
    endloop
  endfacet
  facet normal 0 0.796778 0.604272
    outer loop
      vertex 395.733 11.4386 25.3968
      vertex 389.822 10.2348 26.9841
      vertex 395.733 10.2348 26.9841
    endloop
  endfacet
  facet normal 0 0.796778 0.604272
    outer loop
      vertex 389.822 10.2348 26.9841
      vertex 395.733 11.4386 25.3968
      vertex 389.822 11.4386 25.3968
    endloop
  endfacet
  facet normal 0 0.82323 0.567708
    outer loop
      vertex 395.733 10.2348 26.9841
      vertex 389.822 9.14018 28.5714
      vertex 395.733 9.14018 28.5714
    endloop
  endfacet
  facet normal 0 0.82323 0.567708
    outer loop
      vertex 389.822 9.14018 28.5714
      vertex 395.733 10.2348 26.9841
      vertex 389.822 10.2348 26.9841
    endloop
  endfacet
  facet normal 0 0.860273 0.509834
    outer loop
      vertex 395.733 9.14018 28.5714
      vertex 389.822 8.19948 30.1587
      vertex 395.733 8.19948 30.1587
    endloop
  endfacet
  facet normal 0 0.860273 0.509834
    outer loop
      vertex 389.822 8.19948 30.1587
      vertex 395.733 9.14018 28.5714
      vertex 389.822 9.14018 28.5714
    endloop
  endfacet
  facet normal 0 0.903672 0.428226
    outer loop
      vertex 395.733 8.19948 30.1587
      vertex 389.822 7.4473 31.746
      vertex 395.733 7.4473 31.746
    endloop
  endfacet
  facet normal 0 0.903672 0.428226
    outer loop
      vertex 389.822 7.4473 31.746
      vertex 395.733 8.19948 30.1587
      vertex 389.822 8.19948 30.1587
    endloop
  endfacet
  facet normal 0 0.946708 0.322094
    outer loop
      vertex 395.733 7.4473 31.746
      vertex 389.822 6.90726 33.3333
      vertex 395.733 6.90726 33.3333
    endloop
  endfacet
  facet normal 0 0.946708 0.322094
    outer loop
      vertex 389.822 6.90726 33.3333
      vertex 395.733 7.4473 31.746
      vertex 389.822 7.4473 31.746
    endloop
  endfacet
  facet normal 0 0.980783 0.1951
    outer loop
      vertex 395.733 6.90726 33.3333
      vertex 389.822 6.59151 34.9206
      vertex 395.733 6.59151 34.9206
    endloop
  endfacet
  facet normal 0 0.980783 0.1951
    outer loop
      vertex 389.822 6.59151 34.9206
      vertex 395.733 6.90726 33.3333
      vertex 389.822 6.90726 33.3333
    endloop
  endfacet
  facet normal 0 0.99838 0.0569038
    outer loop
      vertex 395.733 6.59151 34.9206
      vertex 389.822 6.50104 36.5079
      vertex 395.733 6.50104 36.5079
    endloop
  endfacet
  facet normal 0 0.99838 0.0569038
    outer loop
      vertex 389.822 6.50104 36.5079
      vertex 395.733 6.59151 34.9206
      vertex 389.822 6.59151 34.9206
    endloop
  endfacet
  facet normal 0 0.996888 -0.0788316
    outer loop
      vertex 395.733 6.50104 36.5079
      vertex 389.822 6.62656 38.0952
      vertex 395.733 6.62656 38.0952
    endloop
  endfacet
  facet normal 0 0.996888 -0.0788316
    outer loop
      vertex 389.822 6.62656 38.0952
      vertex 395.733 6.50104 36.5079
      vertex 389.822 6.50104 36.5079
    endloop
  endfacet
  facet normal 0 0.97988 -0.199587
    outer loop
      vertex 395.733 6.62656 38.0952
      vertex 389.822 6.94987 39.6825
      vertex 395.733 6.94987 39.6825
    endloop
  endfacet
  facet normal 0 0.97988 -0.199587
    outer loop
      vertex 389.822 6.94987 39.6825
      vertex 395.733 6.62656 38.0952
      vertex 389.822 6.62656 38.0952
    endloop
  endfacet
  facet normal 0 0.954513 -0.29817
    outer loop
      vertex 395.733 6.94987 39.6825
      vertex 389.822 7.44571 41.2698
      vertex 395.733 7.44571 41.2698
    endloop
  endfacet
  facet normal 0 0.954513 -0.29817
    outer loop
      vertex 389.822 7.44571 41.2698
      vertex 395.733 6.94987 39.6825
      vertex 389.822 6.94987 39.6825
    endloop
  endfacet
  facet normal 0 0.927877 -0.372887
    outer loop
      vertex 395.733 7.44571 41.2698
      vertex 389.822 8.0836 42.8571
      vertex 395.733 8.0836 42.8571
    endloop
  endfacet
  facet normal 0 0.927877 -0.372887
    outer loop
      vertex 389.822 8.0836 42.8571
      vertex 395.733 7.44571 41.2698
      vertex 389.822 7.44571 41.2698
    endloop
  endfacet
  facet normal 0 0.904945 -0.425529
    outer loop
      vertex 395.733 8.0836 42.8571
      vertex 389.822 8.82999 44.4444
      vertex 395.733 8.82999 44.4444
    endloop
  endfacet
  facet normal 0 0.904945 -0.425529
    outer loop
      vertex 389.822 8.82999 44.4444
      vertex 395.733 8.0836 42.8571
      vertex 389.822 8.0836 42.8571
    endloop
  endfacet
  facet normal 0 0.888397 -0.459075
    outer loop
      vertex 395.733 8.82999 44.4444
      vertex 389.822 9.65022 46.0317
      vertex 395.733 9.65022 46.0317
    endloop
  endfacet
  facet normal 0 0.888397 -0.459075
    outer loop
      vertex 389.822 9.65022 46.0317
      vertex 395.733 8.82999 44.4444
      vertex 389.822 8.82999 44.4444
    endloop
  endfacet
  facet normal 0 0.879201 -0.476451
    outer loop
      vertex 395.733 9.65022 46.0317
      vertex 389.822 10.5104 47.619
      vertex 395.733 10.5104 47.619
    endloop
  endfacet
  facet normal 0 0.879201 -0.476451
    outer loop
      vertex 389.822 10.5104 47.619
      vertex 395.733 9.65022 46.0317
      vertex 389.822 9.65022 46.0317
    endloop
  endfacet
  facet normal 0 0.877268 -0.480002
    outer loop
      vertex 395.733 10.5104 47.619
      vertex 389.822 11.3789 49.2063
      vertex 395.733 11.3789 49.2063
    endloop
  endfacet
  facet normal 0 0.877268 -0.480002
    outer loop
      vertex 389.822 11.3789 49.2063
      vertex 395.733 10.5104 47.619
      vertex 389.822 10.5104 47.619
    endloop
  endfacet
  facet normal 0 0.881813 -0.4716
    outer loop
      vertex 395.733 11.3789 49.2063
      vertex 389.822 12.2278 50.7936
      vertex 395.733 12.2278 50.7936
    endloop
  endfacet
  facet normal 0 0.881813 -0.4716
    outer loop
      vertex 389.822 12.2278 50.7936
      vertex 395.733 11.3789 49.2063
      vertex 389.822 11.3789 49.2063
    endloop
  endfacet
  facet normal 0 0.89176 -0.452509
    outer loop
      vertex 395.733 12.2278 50.7936
      vertex 389.822 13.0333 52.381
      vertex 395.733 13.0333 52.381
    endloop
  endfacet
  facet normal 0 0.89176 -0.452509
    outer loop
      vertex 389.822 13.0333 52.381
      vertex 395.733 12.2278 50.7936
      vertex 389.822 12.2278 50.7936
    endloop
  endfacet
  facet normal 0 0.905525 -0.424294
    outer loop
      vertex 395.733 13.0333 52.381
      vertex 389.822 13.777 53.9682
      vertex 395.733 13.777 53.9682
    endloop
  endfacet
  facet normal 0 0.905525 -0.424294
    outer loop
      vertex 389.822 13.777 53.9682
      vertex 395.733 13.0333 52.381
      vertex 389.822 13.0333 52.381
    endloop
  endfacet
  facet normal 0 0.921664 -0.38799
    outer loop
      vertex 395.733 13.777 53.9682
      vertex 389.822 14.4452 55.5555
      vertex 395.733 14.4452 55.5555
    endloop
  endfacet
  facet normal 0 0.921664 -0.38799
    outer loop
      vertex 389.822 14.4452 55.5555
      vertex 395.733 13.777 53.9682
      vertex 389.822 13.777 53.9682
    endloop
  endfacet
  facet normal 0 0.938426 -0.345481
    outer loop
      vertex 395.733 14.4452 55.5555
      vertex 389.822 15.0296 57.1429
      vertex 395.733 15.0296 57.1429
    endloop
  endfacet
  facet normal 0 0.938426 -0.345481
    outer loop
      vertex 389.822 15.0296 57.1429
      vertex 395.733 14.4452 55.5555
      vertex 389.822 14.4452 55.5555
    endloop
  endfacet
  facet normal 0 0.954343 -0.298713
    outer loop
      vertex 395.733 15.0296 57.1429
      vertex 389.822 15.5264 58.7301
      vertex 395.733 15.5264 58.7301
    endloop
  endfacet
  facet normal 0 0.954343 -0.298713
    outer loop
      vertex 389.822 15.5264 58.7301
      vertex 395.733 15.0296 57.1429
      vertex 389.822 15.0296 57.1429
    endloop
  endfacet
  facet normal 0 0.968329 -0.249677
    outer loop
      vertex 395.733 15.5264 58.7301
      vertex 389.822 15.9357 60.3175
      vertex 395.733 15.9357 60.3175
    endloop
  endfacet
  facet normal 0 0.968329 -0.249677
    outer loop
      vertex 389.822 15.9357 60.3175
      vertex 395.733 15.5264 58.7301
      vertex 389.822 15.5264 58.7301
    endloop
  endfacet
  facet normal 0 0.979603 -0.200944
    outer loop
      vertex 395.733 15.9357 60.3175
      vertex 389.822 16.2613 61.9048
      vertex 395.733 16.2613 61.9048
    endloop
  endfacet
  facet normal 0 0.979603 -0.200944
    outer loop
      vertex 389.822 16.2613 61.9048
      vertex 395.733 15.9357 60.3175
      vertex 389.822 15.9357 60.3175
    endloop
  endfacet
  facet normal 0 0.987995 -0.154489
    outer loop
      vertex 395.733 16.2613 61.9048
      vertex 389.822 16.5095 63.4921
      vertex 395.733 16.5095 63.4921
    endloop
  endfacet
  facet normal 0 0.987995 -0.154489
    outer loop
      vertex 389.822 16.5095 63.4921
      vertex 395.733 16.2613 61.9048
      vertex 389.822 16.2613 61.9048
    endloop
  endfacet
  facet normal 0 0.993708 -0.111998
    outer loop
      vertex 395.733 16.5095 63.4921
      vertex 389.822 16.6884 65.0794
      vertex 395.733 16.6884 65.0794
    endloop
  endfacet
  facet normal 0 0.993708 -0.111998
    outer loop
      vertex 389.822 16.6884 65.0794
      vertex 395.733 16.5095 63.4921
      vertex 389.822 16.5095 63.4921
    endloop
  endfacet
  facet normal 0 0.997206 -0.0746978
    outer loop
      vertex 395.733 16.6884 65.0794
      vertex 389.822 16.8073 66.6667
      vertex 395.733 16.8073 66.6667
    endloop
  endfacet
  facet normal 0 0.997206 -0.0746978
    outer loop
      vertex 389.822 16.8073 66.6667
      vertex 395.733 16.6884 65.0794
      vertex 389.822 16.6884 65.0794
    endloop
  endfacet
  facet normal 0 0.999062 -0.0433034
    outer loop
      vertex 395.733 16.8073 66.6667
      vertex 389.822 16.8761 68.254
      vertex 395.733 16.8761 68.254
    endloop
  endfacet
  facet normal 0 0.999062 -0.0433034
    outer loop
      vertex 389.822 16.8761 68.254
      vertex 395.733 16.8073 66.6667
      vertex 389.822 16.8073 66.6667
    endloop
  endfacet
  facet normal 0 0.999838 -0.0180151
    outer loop
      vertex 395.733 16.8761 68.254
      vertex 389.822 16.9047 69.8413
      vertex 395.733 16.9047 69.8413
    endloop
  endfacet
  facet normal 0 0.999838 -0.0180151
    outer loop
      vertex 389.822 16.9047 69.8413
      vertex 395.733 16.8761 68.254
      vertex 389.822 16.8761 68.254
    endloop
  endfacet
  facet normal 0 0.999999 0.001386
    outer loop
      vertex 395.733 16.9047 69.8413
      vertex 389.822 16.9025 71.4286
      vertex 395.733 16.9025 71.4286
    endloop
  endfacet
  facet normal 0 0.999999 0.001386
    outer loop
      vertex 389.822 16.9025 71.4286
      vertex 395.733 16.9047 69.8413
      vertex 389.822 16.9047 69.8413
    endloop
  endfacet
  facet normal 0 0.999882 0.0153702
    outer loop
      vertex 395.733 16.9025 71.4286
      vertex 389.822 16.8781 73.0159
      vertex 395.733 16.8781 73.0159
    endloop
  endfacet
  facet normal 0 0.999882 0.0153702
    outer loop
      vertex 389.822 16.8781 73.0159
      vertex 395.733 16.9025 71.4286
      vertex 389.822 16.9025 71.4286
    endloop
  endfacet
  facet normal 0 0.999698 0.0245626
    outer loop
      vertex 395.733 16.8781 73.0159
      vertex 389.822 16.8391 74.6032
      vertex 395.733 16.8391 74.6032
    endloop
  endfacet
  facet normal 0 0.999698 0.0245626
    outer loop
      vertex 389.822 16.8391 74.6032
      vertex 395.733 16.8781 73.0159
      vertex 389.822 16.8781 73.0159
    endloop
  endfacet
  facet normal 0 0.99956 0.02966
    outer loop
      vertex 395.733 16.8391 74.6032
      vertex 389.822 16.792 76.1905
      vertex 395.733 16.792 76.1905
    endloop
  endfacet
  facet normal 0 0.99956 0.02966
    outer loop
      vertex 389.822 16.792 76.1905
      vertex 395.733 16.8391 74.6032
      vertex 389.822 16.8391 74.6032
    endloop
  endfacet
  facet normal 0 0.999504 0.0314844
    outer loop
      vertex 395.733 16.792 76.1905
      vertex 389.822 16.742 77.7778
      vertex 395.733 16.742 77.7778
    endloop
  endfacet
  facet normal 0 0.999504 0.0314844
    outer loop
      vertex 389.822 16.742 77.7778
      vertex 395.733 16.792 76.1905
      vertex 389.822 16.792 76.1905
    endloop
  endfacet
  facet normal 0 0.99953 0.0306666
    outer loop
      vertex 395.733 16.742 77.7778
      vertex 389.822 16.6933 79.3651
      vertex 395.733 16.6933 79.3651
    endloop
  endfacet
  facet normal 0 0.99953 0.0306666
    outer loop
      vertex 389.822 16.6933 79.3651
      vertex 395.733 16.742 77.7778
      vertex 389.822 16.742 77.7778
    endloop
  endfacet
  facet normal 0 0.999602 0.0282128
    outer loop
      vertex 395.733 16.6933 79.3651
      vertex 389.822 16.6485 80.9524
      vertex 395.733 16.6485 80.9524
    endloop
  endfacet
  facet normal 0 0.999602 0.0282128
    outer loop
      vertex 389.822 16.6485 80.9524
      vertex 395.733 16.6933 79.3651
      vertex 389.822 16.6933 79.3651
    endloop
  endfacet
  facet normal 0 0.9997 0.0244997
    outer loop
      vertex 395.733 16.6485 80.9524
      vertex 389.822 16.6096 82.5397
      vertex 395.733 16.6096 82.5397
    endloop
  endfacet
  facet normal 0 0.9997 0.0244997
    outer loop
      vertex 389.822 16.6096 82.5397
      vertex 395.733 16.6485 80.9524
      vertex 389.822 16.6485 80.9524
    endloop
  endfacet
  facet normal 0 0.99979 0.0204707
    outer loop
      vertex 395.733 16.6096 82.5397
      vertex 389.822 16.5771 84.127
      vertex 395.733 16.5771 84.127
    endloop
  endfacet
  facet normal 0 0.99979 0.0204707
    outer loop
      vertex 389.822 16.5771 84.127
      vertex 395.733 16.6096 82.5397
      vertex 389.822 16.6096 82.5397
    endloop
  endfacet
  facet normal 0 0.999863 0.0165667
    outer loop
      vertex 395.733 16.5771 84.127
      vertex 389.822 16.5508 85.7143
      vertex 395.733 16.5508 85.7143
    endloop
  endfacet
  facet normal 0 0.999863 0.0165667
    outer loop
      vertex 389.822 16.5508 85.7143
      vertex 395.733 16.5771 84.127
      vertex 389.822 16.5771 84.127
    endloop
  endfacet
  facet normal 0 0.999908 0.0135438
    outer loop
      vertex 395.733 16.5508 85.7143
      vertex 389.822 16.5293 87.3016
      vertex 395.733 16.5293 87.3016
    endloop
  endfacet
  facet normal 0 0.999908 0.0135438
    outer loop
      vertex 389.822 16.5293 87.3016
      vertex 395.733 16.5508 85.7143
      vertex 389.822 16.5508 85.7143
    endloop
  endfacet
  facet normal 0 0.999931 0.0117802
    outer loop
      vertex 395.733 16.5293 87.3016
      vertex 389.822 16.5106 88.8889
      vertex 395.733 16.5106 88.8889
    endloop
  endfacet
  facet normal 0 0.999931 0.0117802
    outer loop
      vertex 389.822 16.5106 88.8889
      vertex 395.733 16.5293 87.3016
      vertex 389.822 16.5293 87.3016
    endloop
  endfacet
  facet normal 0 0.999928 0.0119692
    outer loop
      vertex 395.733 16.5106 88.8889
      vertex 389.822 16.4916 90.4762
      vertex 395.733 16.4916 90.4762
    endloop
  endfacet
  facet normal 0 0.999928 0.0119692
    outer loop
      vertex 389.822 16.4916 90.4762
      vertex 395.733 16.5106 88.8889
      vertex 389.822 16.5106 88.8889
    endloop
  endfacet
  facet normal 0 0.999897 0.0143625
    outer loop
      vertex 395.733 16.4916 90.4762
      vertex 389.822 16.4688 92.0635
      vertex 395.733 16.4688 92.0635
    endloop
  endfacet
  facet normal 0 0.999897 0.0143625
    outer loop
      vertex 389.822 16.4688 92.0635
      vertex 395.733 16.4916 90.4762
      vertex 389.822 16.4916 90.4762
    endloop
  endfacet
  facet normal 0 0.999808 0.0195893
    outer loop
      vertex 395.733 16.4688 92.0635
      vertex 389.822 16.4377 93.6508
      vertex 395.733 16.4377 93.6508
    endloop
  endfacet
  facet normal 0 0.999808 0.0195893
    outer loop
      vertex 389.822 16.4377 93.6508
      vertex 395.733 16.4688 92.0635
      vertex 389.822 16.4688 92.0635
    endloop
  endfacet
  facet normal 0 0.999614 0.0277723
    outer loop
      vertex 395.733 16.4377 93.6508
      vertex 389.822 16.3936 95.2381
      vertex 395.733 16.3936 95.2381
    endloop
  endfacet
  facet normal 0 0.999614 0.0277723
    outer loop
      vertex 389.822 16.3936 95.2381
      vertex 395.733 16.4377 93.6508
      vertex 389.822 16.4377 93.6508
    endloop
  endfacet
  facet normal 0 0.999228 0.0392817
    outer loop
      vertex 395.733 16.3936 95.2381
      vertex 389.822 16.3312 96.8254
      vertex 395.733 16.3312 96.8254
    endloop
  endfacet
  facet normal 0 0.999228 0.0392817
    outer loop
      vertex 389.822 16.3312 96.8254
      vertex 395.733 16.3936 95.2381
      vertex 389.822 16.3936 95.2381
    endloop
  endfacet
  facet normal 0 0.998518 0.0544143
    outer loop
      vertex 395.733 16.3312 96.8254
      vertex 389.822 16.2447 98.4127
      vertex 395.733 16.2447 98.4127
    endloop
  endfacet
  facet normal 0 0.998518 0.0544143
    outer loop
      vertex 389.822 16.2447 98.4127
      vertex 395.733 16.3312 96.8254
      vertex 389.822 16.3312 96.8254
    endloop
  endfacet
  facet normal 0 0.997331 0.0730107
    outer loop
      vertex 395.733 16.2447 98.4127
      vertex 389.822 16.1285 100
      vertex 395.733 16.1285 100
    endloop
  endfacet
  facet normal 0 0.997331 0.0730107
    outer loop
      vertex 389.822 16.1285 100
      vertex 395.733 16.2447 98.4127
      vertex 389.822 16.2447 98.4127
    endloop
  endfacet
  facet normal 0 0.758747 -0.651386
    outer loop
      vertex 395.733 10.4568 0
      vertex 389.822 11.8195 1.5873
      vertex 395.733 11.8195 1.5873
    endloop
  endfacet
  facet normal 0 0.758747 -0.651386
    outer loop
      vertex 389.822 11.8195 1.5873
      vertex 395.733 10.4568 0
      vertex 389.822 10.4568 0
    endloop
  endfacet
  facet normal -1 0 0
    outer loop
      vertex 397.6 17.7353 12.6984
      vertex 397.6 17.8795 15.873
      vertex 397.6 17.9514 14.2857
    endloop
  endfacet
  facet normal -1 0 0
    outer loop
      vertex 397.6 17.7353 12.6984
      vertex 397.6 17.5282 17.4603
      vertex 397.6 17.8795 15.873
    endloop
  endfacet
  facet normal -1 0 0
    outer loop
      vertex 397.6 17.238 11.1111
      vertex 397.6 17.5282 17.4603
      vertex 397.6 17.7353 12.6984
    endloop
  endfacet
  facet normal -1 0 0
    outer loop
      vertex 397.6 17.238 11.1111
      vertex 397.6 16.9199 19.0476
      vertex 397.6 17.5282 17.4603
    endloop
  endfacet
  facet normal -1 0 0
    outer loop
      vertex 397.6 16.4814 9.5238
      vertex 397.6 16.9199 19.0476
      vertex 397.6 17.238 11.1111
    endloop
  endfacet
  facet normal -1 0 0
    outer loop
      vertex 397.6 16.4814 9.5238
      vertex 397.6 16.089 20.6349
      vertex 397.6 16.9199 19.0476
    endloop
  endfacet
  facet normal -1 0 0
    outer loop
      vertex 397.6 15.5022 7.93649
      vertex 397.6 16.089 20.6349
      vertex 397.6 16.4814 9.5238
    endloop
  endfacet
  facet normal -1 0 0
    outer loop
      vertex 397.6 15.5022 7.93649
      vertex 397.6 15.08 22.2222
      vertex 397.6 16.089 20.6349
    endloop
  endfacet
  facet normal -1 0 0
    outer loop
      vertex 397.6 14.3497 6.3492
      vertex 397.6 15.08 22.2222
      vertex 397.6 15.5022 7.93649
    endloop
  endfacet
  facet normal -1 0 0
    outer loop
      vertex 397.6 14.3497 6.3492
      vertex 397.6 13.9437 23.8095
      vertex 397.6 15.08 22.2222
    endloop
  endfacet
  facet normal -1 0 0
    outer loop
      vertex 397.6 13.0843 4.7619
      vertex 397.6 13.9437 23.8095
      vertex 397.6 14.3497 6.3492
    endloop
  endfacet
  facet normal -1 0 0
    outer loop
      vertex 397.6 0 0
      vertex 397.6 13.9437 23.8095
      vertex 397.6 13.0843 4.7619
    endloop
  endfacet
  facet normal -1 0 0
    outer loop
      vertex 397.6 0 0
      vertex 397.6 13.0843 4.7619
      vertex 397.6 11.7733 3.17459
    endloop
  endfacet
  facet normal -1 -0 0
    outer loop
      vertex 397.6 13.9437 23.8095
      vertex 397.6 0 0
      vertex 397.6 12.735 25.3968
    endloop
  endfacet
  facet normal -1 0 0
    outer loop
      vertex 397.6 0 0
      vertex 397.6 11.7733 3.17459
      vertex 397.6 10.4878 1.5873
    endloop
  endfacet
  facet normal -1 -0 0
    outer loop
      vertex 397.6 12.735 25.3968
      vertex 397.6 0 0
      vertex 397.6 11.5092 26.9841
    endloop
  endfacet
  facet normal -1 0 0
    outer loop
      vertex 397.6 0 0
      vertex 397.6 10.4878 1.5873
      vertex 397.6 9.29825 0
    endloop
  endfacet
  facet normal -1 -0 0
    outer loop
      vertex 397.6 11.5092 26.9841
      vertex 397.6 0 0
      vertex 397.6 10.3196 28.5714
    endloop
  endfacet
  facet normal -1 -0 0
    outer loop
      vertex 397.6 10.3196 28.5714
      vertex 397.6 0 0
      vertex 397.6 9.21436 30.1587
    endloop
  endfacet
  facet normal -1 -0 0
    outer loop
      vertex 397.6 9.21436 30.1587
      vertex 397.6 0 0
      vertex 397.6 8.23473 31.746
    endloop
  endfacet
  facet normal -1 -0 0
    outer loop
      vertex 397.6 8.23473 31.746
      vertex 397.6 0 0
      vertex 397.6 7.41354 33.3333
    endloop
  endfacet
  facet normal -1 -0 0
    outer loop
      vertex 397.6 7.41354 33.3333
      vertex 397.6 0 0
      vertex 397.6 6.7742 34.9206
    endloop
  endfacet
  facet normal -1 -0 0
    outer loop
      vertex 397.6 6.7742 34.9206
      vertex 397.6 0 0
      vertex 397.6 6.33031 36.5079
    endloop
  endfacet
  facet normal -1 -0 0
    outer loop
      vertex 397.6 6.08603 38.0952
      vertex 397.6 0 0
      vertex 397.6 6.03677 39.6825
    endloop
  endfacet
  facet normal -1 -0 0
    outer loop
      vertex 397.6 6.33031 36.5079
      vertex 397.6 0 0
      vertex 397.6 6.08603 38.0952
    endloop
  endfacet
  facet normal -1 0 0
    outer loop
      vertex 397.6 0 100
      vertex 397.6 16.25 77.7778
      vertex 397.6 16.2257 76.1905
    endloop
  endfacet
  facet normal -1 0 0
    outer loop
      vertex 397.6 16.25 77.7778
      vertex 397.6 0 100
      vertex 397.6 16.2441 79.3651
    endloop
  endfacet
  facet normal -1 0 0
    outer loop
      vertex 397.6 0 100
      vertex 397.6 16.2257 76.1905
      vertex 397.6 16.1693 74.6032
    endloop
  endfacet
  facet normal -1 0 0
    outer loop
      vertex 397.6 16.2441 79.3651
      vertex 397.6 0 100
      vertex 397.6 16.2095 80.9524
    endloop
  endfacet
  facet normal -1 0 0
    outer loop
      vertex 397.6 0 100
      vertex 397.6 16.1693 74.6032
      vertex 397.6 16.0778 73.0159
    endloop
  endfacet
  facet normal -1 0 0
    outer loop
      vertex 397.6 16.2095 80.9524
      vertex 397.6 0 100
      vertex 397.6 16.1466 82.5397
    endloop
  endfacet
  facet normal -1 0 0
    outer loop
      vertex 397.6 0 100
      vertex 397.6 16.0778 73.0159
      vertex 397.6 15.9478 71.4286
    endloop
  endfacet
  facet normal -1 0 0
    outer loop
      vertex 397.6 16.1466 82.5397
      vertex 397.6 0 100
      vertex 397.6 16.0555 84.127
    endloop
  endfacet
  facet normal -1 0 0
    outer loop
      vertex 397.6 16.0555 84.127
      vertex 397.6 0 100
      vertex 397.6 15.9353 85.7143
    endloop
  endfacet
  facet normal -1 0 0
    outer loop
      vertex 397.6 0 100
      vertex 397.6 15.9478 71.4286
      vertex 397.6 15.7754 69.8413
    endloop
  endfacet
  facet normal -1 0 0
    outer loop
      vertex 397.6 15.9353 85.7143
      vertex 397.6 0 100
      vertex 397.6 15.7847 87.3016
    endloop
  endfacet
  facet normal -1 0 0
    outer loop
      vertex 397.6 0 100
      vertex 397.6 15.7754 69.8413
      vertex 397.6 15.5563 68.254
    endloop
  endfacet
  facet normal -1 0 0
    outer loop
      vertex 397.6 15.7847 87.3016
      vertex 397.6 0 100
      vertex 397.6 15.602 88.8889
    endloop
  endfacet
  facet normal -1 0 0
    outer loop
      vertex 397.6 0 100
      vertex 397.6 15.5563 68.254
      vertex 397.6 15.286 66.6667
    endloop
  endfacet
  facet normal -1 0 0
    outer loop
      vertex 397.6 15.602 88.8889
      vertex 397.6 0 100
      vertex 397.6 15.3852 90.4762
    endloop
  endfacet
  facet normal -1 0 0
    outer loop
      vertex 397.6 0 100
      vertex 397.6 15.286 66.6667
      vertex 397.6 14.9606 65.0794
    endloop
  endfacet
  facet normal -1 0 0
    outer loop
      vertex 397.6 15.3852 90.4762
      vertex 397.6 0 100
      vertex 397.6 15.1322 92.0635
    endloop
  endfacet
  facet normal -1 0 0
    outer loop
      vertex 397.6 0 100
      vertex 397.6 14.9606 65.0794
      vertex 397.6 14.5765 63.4921
    endloop
  endfacet
  facet normal -1 0 0
    outer loop
      vertex 397.6 15.1322 92.0635
      vertex 397.6 0 100
      vertex 397.6 14.841 93.6508
    endloop
  endfacet
  facet normal -1 0 0
    outer loop
      vertex 397.6 14.841 93.6508
      vertex 397.6 0 100
      vertex 397.6 14.5097 95.2381
    endloop
  endfacet
  facet normal -1 0 0
    outer loop
      vertex 397.6 0 100
      vertex 397.6 14.5765 63.4921
      vertex 397.6 14.1313 61.9048
    endloop
  endfacet
  facet normal -1 0 0
    outer loop
      vertex 397.6 14.5097 95.2381
      vertex 397.6 0 100
      vertex 397.6 14.137 96.8254
    endloop
  endfacet
  facet normal -1 0 0
    outer loop
      vertex 397.6 0 100
      vertex 397.6 14.1313 61.9048
      vertex 397.6 13.6242 60.3175
    endloop
  endfacet
  facet normal -1 0 0
    outer loop
      vertex 397.6 14.137 96.8254
      vertex 397.6 0 100
      vertex 397.6 13.7225 98.4127
    endloop
  endfacet
  facet normal -1 0 0
    outer loop
      vertex 397.6 0 100
      vertex 397.6 13.6242 60.3175
      vertex 397.6 13.0564 58.7301
    endloop
  endfacet
  facet normal -1 0 0
    outer loop
      vertex 397.6 0 100
      vertex 397.6 13.0564 58.7301
      vertex 397.6 12.4317 57.1429
    endloop
  endfacet
  facet normal -1 0 0
    outer loop
      vertex 397.6 0 100
      vertex 397.6 12.4317 57.1429
      vertex 397.6 11.7567 55.5555
    endloop
  endfacet
  facet normal -1 0 0
    outer loop
      vertex 397.6 0 100
      vertex 397.6 11.7567 55.5555
      vertex 397.6 11.0417 53.9682
    endloop
  endfacet
  facet normal -1 0 0
    outer loop
      vertex 397.6 0 100
      vertex 397.6 11.0417 53.9682
      vertex 397.6 10.3002 52.381
    endloop
  endfacet
  facet normal -1 0 0
    outer loop
      vertex 397.6 0 100
      vertex 397.6 10.3002 52.381
      vertex 397.6 9.54942 50.7936
    endloop
  endfacet
  facet normal -1 0 0
    outer loop
      vertex 397.6 0 100
      vertex 397.6 9.54942 50.7936
      vertex 397.6 8.81013 49.2063
    endloop
  endfacet
  facet normal -1 0 0
    outer loop
      vertex 397.6 0 100
      vertex 397.6 8.81013 49.2063
      vertex 397.6 8.10591 47.619
    endloop
  endfacet
  facet normal -1 0 0
    outer loop
      vertex 397.6 0 100
      vertex 397.6 8.10591 47.619
      vertex 397.6 7.46271 46.0317
    endloop
  endfacet
  facet normal -1 0 0
    outer loop
      vertex 397.6 0 100
      vertex 397.6 7.46271 46.0317
      vertex 397.6 6.90775 44.4444
    endloop
  endfacet
  facet normal -1 0 0
    outer loop
      vertex 397.6 0 100
      vertex 397.6 6.90775 44.4444
      vertex 397.6 6.46831 42.8571
    endloop
  endfacet
  facet normal -1 0 0
    outer loop
      vertex 397.6 0 100
      vertex 397.6 6.46831 42.8571
      vertex 397.6 6.17033 41.2698
    endloop
  endfacet
  facet normal -1 0 0
    outer loop
      vertex 397.6 0 100
      vertex 397.6 6.03677 39.6825
      vertex 397.6 0 0
    endloop
  endfacet
  facet normal -1 0 0
    outer loop
      vertex 397.6 6.03677 39.6825
      vertex 397.6 0 100
      vertex 397.6 6.17033 41.2698
    endloop
  endfacet
  facet normal -1 0 0
    outer loop
      vertex 397.6 13.7225 98.4127
      vertex 397.6 0 100
      vertex 397.6 13.2664 100
    endloop
  endfacet
  facet normal 1 0 0
    outer loop
      vertex 403.511 0 100
      vertex 403.511 16.25 77.7778
      vertex 403.511 16.2441 79.3651
    endloop
  endfacet
  facet normal 1 0 0
    outer loop
      vertex 403.511 0 100
      vertex 403.511 16.2441 79.3651
      vertex 403.511 16.2095 80.9524
    endloop
  endfacet
  facet normal 1 0 0
    outer loop
      vertex 403.511 16.25 77.7778
      vertex 403.511 0 100
      vertex 403.511 16.2257 76.1905
    endloop
  endfacet
  facet normal 1 0 0
    outer loop
      vertex 403.511 0 100
      vertex 403.511 16.2095 80.9524
      vertex 403.511 16.1466 82.5397
    endloop
  endfacet
  facet normal 1 0 0
    outer loop
      vertex 403.511 16.2257 76.1905
      vertex 403.511 0 100
      vertex 403.511 16.1693 74.6032
    endloop
  endfacet
  facet normal 1 0 0
    outer loop
      vertex 403.511 0 100
      vertex 403.511 16.1466 82.5397
      vertex 403.511 16.0555 84.127
    endloop
  endfacet
  facet normal 1 0 0
    outer loop
      vertex 403.511 16.1693 74.6032
      vertex 403.511 0 100
      vertex 403.511 16.0778 73.0159
    endloop
  endfacet
  facet normal 1 0 0
    outer loop
      vertex 403.511 0 100
      vertex 403.511 16.0555 84.127
      vertex 403.511 15.9353 85.7143
    endloop
  endfacet
  facet normal 1 0 0
    outer loop
      vertex 403.511 0 100
      vertex 403.511 15.9353 85.7143
      vertex 403.511 15.7847 87.3016
    endloop
  endfacet
  facet normal 1 0 0
    outer loop
      vertex 403.511 16.0778 73.0159
      vertex 403.511 0 100
      vertex 403.511 15.9478 71.4286
    endloop
  endfacet
  facet normal 1 0 0
    outer loop
      vertex 403.511 0 100
      vertex 403.511 15.7847 87.3016
      vertex 403.511 15.602 88.8889
    endloop
  endfacet
  facet normal 1 0 0
    outer loop
      vertex 403.511 15.9478 71.4286
      vertex 403.511 0 100
      vertex 403.511 15.7754 69.8413
    endloop
  endfacet
  facet normal 1 0 0
    outer loop
      vertex 403.511 0 100
      vertex 403.511 15.602 88.8889
      vertex 403.511 15.3852 90.4762
    endloop
  endfacet
  facet normal 1 0 0
    outer loop
      vertex 403.511 15.7754 69.8413
      vertex 403.511 0 100
      vertex 403.511 15.5563 68.254
    endloop
  endfacet
  facet normal 1 0 0
    outer loop
      vertex 403.511 0 100
      vertex 403.511 15.3852 90.4762
      vertex 403.511 15.1322 92.0635
    endloop
  endfacet
  facet normal 1 0 0
    outer loop
      vertex 403.511 15.5563 68.254
      vertex 403.511 0 100
      vertex 403.511 15.286 66.6667
    endloop
  endfacet
  facet normal 1 0 0
    outer loop
      vertex 403.511 0 100
      vertex 403.511 15.1322 92.0635
      vertex 403.511 14.841 93.6508
    endloop
  endfacet
  facet normal 1 0 0
    outer loop
      vertex 403.511 15.286 66.6667
      vertex 403.511 0 100
      vertex 403.511 14.9606 65.0794
    endloop
  endfacet
  facet normal 1 0 0
    outer loop
      vertex 403.511 0 100
      vertex 403.511 14.841 93.6508
      vertex 403.511 14.5097 95.2381
    endloop
  endfacet
  facet normal 1 0 0
    outer loop
      vertex 403.511 0 100
      vertex 403.511 14.5097 95.2381
      vertex 403.511 14.137 96.8254
    endloop
  endfacet
  facet normal 1 0 0
    outer loop
      vertex 403.511 14.9606 65.0794
      vertex 403.511 0 100
      vertex 403.511 14.5765 63.4921
    endloop
  endfacet
  facet normal 1 0 0
    outer loop
      vertex 403.511 0 100
      vertex 403.511 14.137 96.8254
      vertex 403.511 13.7225 98.4127
    endloop
  endfacet
  facet normal 1 0 0
    outer loop
      vertex 403.511 14.5765 63.4921
      vertex 403.511 0 100
      vertex 403.511 14.1313 61.9048
    endloop
  endfacet
  facet normal 1 -0 0
    outer loop
      vertex 403.511 0 100
      vertex 403.511 13.7225 98.4127
      vertex 403.511 13.2664 100
    endloop
  endfacet
  facet normal 1 0 0
    outer loop
      vertex 403.511 14.1313 61.9048
      vertex 403.511 0 100
      vertex 403.511 13.6242 60.3175
    endloop
  endfacet
  facet normal 1 0 0
    outer loop
      vertex 403.511 13.6242 60.3175
      vertex 403.511 0 100
      vertex 403.511 13.0564 58.7301
    endloop
  endfacet
  facet normal 1 0 0
    outer loop
      vertex 403.511 13.0564 58.7301
      vertex 403.511 0 100
      vertex 403.511 12.4317 57.1429
    endloop
  endfacet
  facet normal 1 0 0
    outer loop
      vertex 403.511 12.4317 57.1429
      vertex 403.511 0 100
      vertex 403.511 11.7567 55.5555
    endloop
  endfacet
  facet normal 1 0 0
    outer loop
      vertex 403.511 11.7567 55.5555
      vertex 403.511 0 100
      vertex 403.511 11.0417 53.9682
    endloop
  endfacet
  facet normal 1 0 0
    outer loop
      vertex 403.511 11.0417 53.9682
      vertex 403.511 0 100
      vertex 403.511 10.3002 52.381
    endloop
  endfacet
  facet normal 1 0 0
    outer loop
      vertex 403.511 10.3002 52.381
      vertex 403.511 0 100
      vertex 403.511 9.54942 50.7936
    endloop
  endfacet
  facet normal 1 0 0
    outer loop
      vertex 403.511 9.54942 50.7936
      vertex 403.511 0 100
      vertex 403.511 8.81013 49.2063
    endloop
  endfacet
  facet normal 1 0 0
    outer loop
      vertex 403.511 8.81013 49.2063
      vertex 403.511 0 100
      vertex 403.511 8.10591 47.619
    endloop
  endfacet
  facet normal 1 0 0
    outer loop
      vertex 403.511 8.10591 47.619
      vertex 403.511 0 100
      vertex 403.511 7.46271 46.0317
    endloop
  endfacet
  facet normal 1 0 0
    outer loop
      vertex 403.511 7.46271 46.0317
      vertex 403.511 0 100
      vertex 403.511 6.90775 44.4444
    endloop
  endfacet
  facet normal 1 0 0
    outer loop
      vertex 403.511 6.90775 44.4444
      vertex 403.511 0 100
      vertex 403.511 6.46831 42.8571
    endloop
  endfacet
  facet normal 1 0 0
    outer loop
      vertex 403.511 6.17033 41.2698
      vertex 403.511 0 100
      vertex 403.511 6.03677 39.6825
    endloop
  endfacet
  facet normal 1 0 0
    outer loop
      vertex 403.511 6.46831 42.8571
      vertex 403.511 0 100
      vertex 403.511 6.17033 41.2698
    endloop
  endfacet
  facet normal 1 0 0
    outer loop
      vertex 403.511 17.8795 15.873
      vertex 403.511 17.7353 12.6984
      vertex 403.511 17.9514 14.2857
    endloop
  endfacet
  facet normal 1 0 0
    outer loop
      vertex 403.511 17.5282 17.4603
      vertex 403.511 17.7353 12.6984
      vertex 403.511 17.8795 15.873
    endloop
  endfacet
  facet normal 1 0 0
    outer loop
      vertex 403.511 17.5282 17.4603
      vertex 403.511 17.238 11.1111
      vertex 403.511 17.7353 12.6984
    endloop
  endfacet
  facet normal 1 0 0
    outer loop
      vertex 403.511 16.9199 19.0476
      vertex 403.511 17.238 11.1111
      vertex 403.511 17.5282 17.4603
    endloop
  endfacet
  facet normal 1 0 0
    outer loop
      vertex 403.511 16.9199 19.0476
      vertex 403.511 16.4814 9.5238
      vertex 403.511 17.238 11.1111
    endloop
  endfacet
  facet normal 1 0 0
    outer loop
      vertex 403.511 16.089 20.6349
      vertex 403.511 16.4814 9.5238
      vertex 403.511 16.9199 19.0476
    endloop
  endfacet
  facet normal 1 0 0
    outer loop
      vertex 403.511 16.089 20.6349
      vertex 403.511 15.5022 7.93649
      vertex 403.511 16.4814 9.5238
    endloop
  endfacet
  facet normal 1 0 0
    outer loop
      vertex 403.511 15.08 22.2222
      vertex 403.511 15.5022 7.93649
      vertex 403.511 16.089 20.6349
    endloop
  endfacet
  facet normal 1 0 0
    outer loop
      vertex 403.511 15.08 22.2222
      vertex 403.511 14.3497 6.3492
      vertex 403.511 15.5022 7.93649
    endloop
  endfacet
  facet normal 1 0 0
    outer loop
      vertex 403.511 13.9437 23.8095
      vertex 403.511 14.3497 6.3492
      vertex 403.511 15.08 22.2222
    endloop
  endfacet
  facet normal 1 0 0
    outer loop
      vertex 403.511 13.9437 23.8095
      vertex 403.511 13.0843 4.7619
      vertex 403.511 14.3497 6.3492
    endloop
  endfacet
  facet normal 1 0 0
    outer loop
      vertex 403.511 0 0
      vertex 403.511 13.9437 23.8095
      vertex 403.511 12.735 25.3968
    endloop
  endfacet
  facet normal 1 0 0
    outer loop
      vertex 403.511 13.9437 23.8095
      vertex 403.511 0 0
      vertex 403.511 13.0843 4.7619
    endloop
  endfacet
  facet normal 1 0 0
    outer loop
      vertex 403.511 0 0
      vertex 403.511 12.735 25.3968
      vertex 403.511 11.5092 26.9841
    endloop
  endfacet
  facet normal 1 0 0
    outer loop
      vertex 403.511 13.0843 4.7619
      vertex 403.511 0 0
      vertex 403.511 11.7733 3.17459
    endloop
  endfacet
  facet normal 1 0 0
    outer loop
      vertex 403.511 0 0
      vertex 403.511 11.5092 26.9841
      vertex 403.511 10.3196 28.5714
    endloop
  endfacet
  facet normal 1 0 0
    outer loop
      vertex 403.511 11.7733 3.17459
      vertex 403.511 0 0
      vertex 403.511 10.4878 1.5873
    endloop
  endfacet
  facet normal 1 0 0
    outer loop
      vertex 403.511 0 0
      vertex 403.511 10.3196 28.5714
      vertex 403.511 9.21436 30.1587
    endloop
  endfacet
  facet normal 1 0 0
    outer loop
      vertex 403.511 0 0
      vertex 403.511 9.21436 30.1587
      vertex 403.511 8.23473 31.746
    endloop
  endfacet
  facet normal 1 0 0
    outer loop
      vertex 403.511 0 0
      vertex 403.511 8.23473 31.746
      vertex 403.511 7.41354 33.3333
    endloop
  endfacet
  facet normal 1 0 0
    outer loop
      vertex 403.511 0 0
      vertex 403.511 7.41354 33.3333
      vertex 403.511 6.7742 34.9206
    endloop
  endfacet
  facet normal 1 0 0
    outer loop
      vertex 403.511 0 0
      vertex 403.511 6.7742 34.9206
      vertex 403.511 6.33031 36.5079
    endloop
  endfacet
  facet normal 1 0 0
    outer loop
      vertex 403.511 0 0
      vertex 403.511 6.33031 36.5079
      vertex 403.511 6.08603 38.0952
    endloop
  endfacet
  facet normal 1 0 0
    outer loop
      vertex 403.511 0 0
      vertex 403.511 6.03677 39.6825
      vertex 403.511 0 100
    endloop
  endfacet
  facet normal 1 0 0
    outer loop
      vertex 403.511 6.03677 39.6825
      vertex 403.511 0 0
      vertex 403.511 6.08603 38.0952
    endloop
  endfacet
  facet normal 1 0 0
    outer loop
      vertex 403.511 10.4878 1.5873
      vertex 403.511 0 0
      vertex 403.511 9.29825 0
    endloop
  endfacet
  facet normal 0 0.777113 -0.629361
    outer loop
      vertex 403.511 10.4878 1.5873
      vertex 397.6 11.7733 3.17459
      vertex 403.511 11.7733 3.17459
    endloop
  endfacet
  facet normal 0 0.777113 -0.629361
    outer loop
      vertex 397.6 11.7733 3.17459
      vertex 403.511 10.4878 1.5873
      vertex 397.6 10.4878 1.5873
    endloop
  endfacet
  facet normal 0 0.771023 -0.636808
    outer loop
      vertex 403.511 11.7733 3.17459
      vertex 397.6 13.0843 4.7619
      vertex 403.511 13.0843 4.7619
    endloop
  endfacet
  facet normal 0 0.771023 -0.636808
    outer loop
      vertex 397.6 13.0843 4.7619
      vertex 403.511 11.7733 3.17459
      vertex 397.6 11.7733 3.17459
    endloop
  endfacet
  facet normal 0 0.781935 -0.62336
    outer loop
      vertex 403.511 13.0843 4.7619
      vertex 397.6 14.3497 6.3492
      vertex 403.511 14.3497 6.3492
    endloop
  endfacet
  facet normal 0 0.781935 -0.62336
    outer loop
      vertex 397.6 14.3497 6.3492
      vertex 403.511 13.0843 4.7619
      vertex 397.6 13.0843 4.7619
    endloop
  endfacet
  facet normal 0 0.809195 -0.58754
    outer loop
      vertex 403.511 14.3497 6.3492
      vertex 397.6 15.5022 7.93649
      vertex 403.511 15.5022 7.93649
    endloop
  endfacet
  facet normal 0 0.809195 -0.58754
    outer loop
      vertex 397.6 15.5022 7.93649
      vertex 403.511 14.3497 6.3492
      vertex 397.6 14.3497 6.3492
    endloop
  endfacet
  facet normal 0 0.851085 -0.525028
    outer loop
      vertex 403.511 15.5022 7.93649
      vertex 397.6 16.4814 9.5238
      vertex 403.511 16.4814 9.5238
    endloop
  endfacet
  facet normal 0 0.851085 -0.525028
    outer loop
      vertex 397.6 16.4814 9.5238
      vertex 403.511 15.5022 7.93649
      vertex 397.6 15.5022 7.93649
    endloop
  endfacet
  facet normal 0 0.902696 -0.430278
    outer loop
      vertex 403.511 16.4814 9.5238
      vertex 397.6 17.238 11.1111
      vertex 403.511 17.238 11.1111
    endloop
  endfacet
  facet normal 0 0.902696 -0.430278
    outer loop
      vertex 397.6 17.238 11.1111
      vertex 403.511 16.4814 9.5238
      vertex 397.6 16.4814 9.5238
    endloop
  endfacet
  facet normal 0 0.954263 -0.29897
    outer loop
      vertex 403.511 17.238 11.1111
      vertex 397.6 17.7353 12.6984
      vertex 403.511 17.7353 12.6984
    endloop
  endfacet
  facet normal 0 0.954263 -0.29897
    outer loop
      vertex 397.6 17.7353 12.6984
      vertex 403.511 17.238 11.1111
      vertex 397.6 17.238 11.1111
    endloop
  endfacet
  facet normal 0 0.990859 -0.134899
    outer loop
      vertex 403.511 17.7353 12.6984
      vertex 397.6 17.9514 14.2857
      vertex 403.511 17.9514 14.2857
    endloop
  endfacet
  facet normal 0 0.990859 -0.134899
    outer loop
      vertex 397.6 17.9514 14.2857
      vertex 403.511 17.7353 12.6984
      vertex 397.6 17.7353 12.6984
    endloop
  endfacet
  facet normal 0 0.998976 0.0452506
    outer loop
      vertex 403.511 17.9514 14.2857
      vertex 397.6 17.8795 15.873
      vertex 403.511 17.8795 15.873
    endloop
  endfacet
  facet normal 0 0.998976 0.0452506
    outer loop
      vertex 397.6 17.8795 15.873
      vertex 403.511 17.9514 14.2857
      vertex 397.6 17.9514 14.2857
    endloop
  endfacet
  facet normal 0 0.976373 0.21609
    outer loop
      vertex 403.511 17.8795 15.873
      vertex 397.6 17.5282 17.4603
      vertex 403.511 17.5282 17.4603
    endloop
  endfacet
  facet normal 0 0.976373 0.21609
    outer loop
      vertex 397.6 17.5282 17.4603
      vertex 403.511 17.8795 15.873
      vertex 397.6 17.8795 15.873
    endloop
  endfacet
  facet normal 0 0.933779 0.357851
    outer loop
      vertex 403.511 17.5282 17.4603
      vertex 397.6 16.9199 19.0476
      vertex 403.511 16.9199 19.0476
    endloop
  endfacet
  facet normal 0 0.933779 0.357851
    outer loop
      vertex 397.6 16.9199 19.0476
      vertex 403.511 17.5282 17.4603
      vertex 397.6 17.5282 17.4603
    endloop
  endfacet
  facet normal 0 0.885956 0.463769
    outer loop
      vertex 403.511 16.9199 19.0476
      vertex 397.6 16.089 20.6349
      vertex 403.511 16.089 20.6349
    endloop
  endfacet
  facet normal 0 0.885956 0.463769
    outer loop
      vertex 397.6 16.089 20.6349
      vertex 403.511 16.9199 19.0476
      vertex 397.6 16.9199 19.0476
    endloop
  endfacet
  facet normal 0 0.843926 0.536459
    outer loop
      vertex 403.511 16.089 20.6349
      vertex 397.6 15.08 22.2222
      vertex 403.511 15.08 22.2222
    endloop
  endfacet
  facet normal 0 0.843926 0.536459
    outer loop
      vertex 397.6 15.08 22.2222
      vertex 403.511 16.089 20.6349
      vertex 397.6 16.089 20.6349
    endloop
  endfacet
  facet normal 0 0.813124 0.582091
    outer loop
      vertex 403.511 15.08 22.2222
      vertex 397.6 13.9437 23.8095
      vertex 403.511 13.9437 23.8095
    endloop
  endfacet
  facet normal 0 0.813124 0.582091
    outer loop
      vertex 397.6 13.9437 23.8095
      vertex 403.511 15.08 22.2222
      vertex 397.6 15.08 22.2222
    endloop
  endfacet
  facet normal 0 0.795594 0.60583
    outer loop
      vertex 403.511 13.9437 23.8095
      vertex 397.6 12.735 25.3968
      vertex 403.511 12.735 25.3968
    endloop
  endfacet
  facet normal 0 0.795594 0.60583
    outer loop
      vertex 397.6 12.735 25.3968
      vertex 403.511 13.9437 23.8095
      vertex 397.6 13.9437 23.8095
    endloop
  endfacet
  facet normal 0 0.791466 0.611213
    outer loop
      vertex 403.511 12.735 25.3968
      vertex 397.6 11.5092 26.9841
      vertex 403.511 11.5092 26.9841
    endloop
  endfacet
  facet normal 0 0.791466 0.611213
    outer loop
      vertex 397.6 11.5092 26.9841
      vertex 403.511 12.735 25.3968
      vertex 397.6 12.735 25.3968
    endloop
  endfacet
  facet normal 0 0.800212 0.599718
    outer loop
      vertex 403.511 11.5092 26.9841
      vertex 397.6 10.3196 28.5714
      vertex 403.511 10.3196 28.5714
    endloop
  endfacet
  facet normal 0 0.800212 0.599718
    outer loop
      vertex 397.6 10.3196 28.5714
      vertex 403.511 11.5092 26.9841
      vertex 397.6 11.5092 26.9841
    endloop
  endfacet
  facet normal 0 0.820655 0.571424
    outer loop
      vertex 403.511 10.3196 28.5714
      vertex 397.6 9.21436 30.1587
      vertex 403.511 9.21436 30.1587
    endloop
  endfacet
  facet normal 0 0.820655 0.571424
    outer loop
      vertex 397.6 9.21436 30.1587
      vertex 403.511 10.3196 28.5714
      vertex 397.6 10.3196 28.5714
    endloop
  endfacet
  facet normal 0 0.85098 0.525197
    outer loop
      vertex 403.511 9.21436 30.1587
      vertex 397.6 8.23473 31.746
      vertex 403.511 8.23473 31.746
    endloop
  endfacet
  facet normal 0 0.85098 0.525197
    outer loop
      vertex 397.6 8.23473 31.746
      vertex 403.511 9.21436 30.1587
      vertex 397.6 9.21436 30.1587
    endloop
  endfacet
  facet normal 0 0.888178 0.459499
    outer loop
      vertex 403.511 8.23473 31.746
      vertex 397.6 7.41354 33.3333
      vertex 403.511 7.41354 33.3333
    endloop
  endfacet
  facet normal 0 0.888178 0.459499
    outer loop
      vertex 397.6 7.41354 33.3333
      vertex 403.511 8.23473 31.746
      vertex 397.6 8.23473 31.746
    endloop
  endfacet
  facet normal 0 0.927583 0.373616
    outer loop
      vertex 403.511 7.41354 33.3333
      vertex 397.6 6.7742 34.9206
      vertex 403.511 6.7742 34.9206
    endloop
  endfacet
  facet normal 0 0.927583 0.373616
    outer loop
      vertex 397.6 6.7742 34.9206
      vertex 403.511 7.41354 33.3333
      vertex 397.6 7.41354 33.3333
    endloop
  endfacet
  facet normal 0 0.963051 0.269318
    outer loop
      vertex 403.511 6.7742 34.9206
      vertex 397.6 6.33031 36.5079
      vertex 403.511 6.33031 36.5079
    endloop
  endfacet
  facet normal 0 0.963051 0.269318
    outer loop
      vertex 397.6 6.33031 36.5079
      vertex 403.511 6.7742 34.9206
      vertex 397.6 6.7742 34.9206
    endloop
  endfacet
  facet normal 0 0.988364 0.152106
    outer loop
      vertex 403.511 6.33031 36.5079
      vertex 397.6 6.08603 38.0952
      vertex 403.511 6.08603 38.0952
    endloop
  endfacet
  facet normal 0 0.988364 0.152106
    outer loop
      vertex 397.6 6.08603 38.0952
      vertex 403.511 6.33031 36.5079
      vertex 397.6 6.33031 36.5079
    endloop
  endfacet
  facet normal 0 0.999519 0.0310189
    outer loop
      vertex 403.511 6.08603 38.0952
      vertex 397.6 6.03677 39.6825
      vertex 403.511 6.03677 39.6825
    endloop
  endfacet
  facet normal 0 0.999519 0.0310189
    outer loop
      vertex 397.6 6.03677 39.6825
      vertex 403.511 6.08603 38.0952
      vertex 397.6 6.08603 38.0952
    endloop
  endfacet
  facet normal 0 0.996479 -0.0838466
    outer loop
      vertex 403.511 6.03677 39.6825
      vertex 397.6 6.17033 41.2698
      vertex 403.511 6.17033 41.2698
    endloop
  endfacet
  facet normal 0 0.996479 -0.0838466
    outer loop
      vertex 397.6 6.17033 41.2698
      vertex 403.511 6.03677 39.6825
      vertex 397.6 6.03677 39.6825
    endloop
  endfacet
  facet normal 0 0.982832 -0.184505
    outer loop
      vertex 403.511 6.17033 41.2698
      vertex 397.6 6.46831 42.8571
      vertex 403.511 6.46831 42.8571
    endloop
  endfacet
  facet normal 0 0.982832 -0.184505
    outer loop
      vertex 397.6 6.46831 42.8571
      vertex 403.511 6.17033 41.2698
      vertex 397.6 6.17033 41.2698
    endloop
  endfacet
  facet normal 0 0.963749 -0.266811
    outer loop
      vertex 403.511 6.46831 42.8571
      vertex 397.6 6.90775 44.4444
      vertex 403.511 6.90775 44.4444
    endloop
  endfacet
  facet normal 0 0.963749 -0.266811
    outer loop
      vertex 397.6 6.90775 44.4444
      vertex 403.511 6.46831 42.8571
      vertex 397.6 6.46831 42.8571
    endloop
  endfacet
  facet normal 0 0.943969 -0.330035
    outer loop
      vertex 403.511 6.90775 44.4444
      vertex 397.6 7.46271 46.0317
      vertex 403.511 7.46271 46.0317
    endloop
  endfacet
  facet normal 0 0.943969 -0.330035
    outer loop
      vertex 397.6 7.46271 46.0317
      vertex 403.511 6.90775 44.4444
      vertex 397.6 6.90775 44.4444
    endloop
  endfacet
  facet normal 0 0.9268 -0.375555
    outer loop
      vertex 403.511 7.46271 46.0317
      vertex 397.6 8.10591 47.619
      vertex 403.511 8.10591 47.619
    endloop
  endfacet
  facet normal 0 0.9268 -0.375555
    outer loop
      vertex 397.6 8.10591 47.619
      vertex 403.511 7.46271 46.0317
      vertex 397.6 7.46271 46.0317
    endloop
  endfacet
  facet normal 0 0.914078 -0.405539
    outer loop
      vertex 403.511 8.10591 47.619
      vertex 397.6 8.81013 49.2063
      vertex 403.511 8.81013 49.2063
    endloop
  endfacet
  facet normal 0 0.914078 -0.405539
    outer loop
      vertex 397.6 8.81013 49.2063
      vertex 403.511 8.10591 47.619
      vertex 397.6 8.10591 47.619
    endloop
  endfacet
  facet normal 0 0.9065 -0.422205
    outer loop
      vertex 403.511 8.81013 49.2063
      vertex 397.6 9.54942 50.7936
      vertex 403.511 9.54942 50.7936
    endloop
  endfacet
  facet normal 0 0.9065 -0.422205
    outer loop
      vertex 397.6 9.54942 50.7936
      vertex 403.511 8.81013 49.2063
      vertex 397.6 8.81013 49.2063
    endloop
  endfacet
  facet normal 0 0.90399 -0.427553
    outer loop
      vertex 403.511 9.54942 50.7936
      vertex 397.6 10.3002 52.381
      vertex 403.511 10.3002 52.381
    endloop
  endfacet
  facet normal 0 0.90399 -0.427553
    outer loop
      vertex 397.6 10.3002 52.381
      vertex 403.511 9.54942 50.7936
      vertex 397.6 9.54942 50.7936
    endloop
  endfacet
  facet normal 0 0.906007 -0.423264
    outer loop
      vertex 403.511 10.3002 52.381
      vertex 397.6 11.0417 53.9682
      vertex 403.511 11.0417 53.9682
    endloop
  endfacet
  facet normal 0 0.906007 -0.423264
    outer loop
      vertex 397.6 11.0417 53.9682
      vertex 403.511 10.3002 52.381
      vertex 397.6 10.3002 52.381
    endloop
  endfacet
  facet normal 0 0.911768 -0.410706
    outer loop
      vertex 403.511 11.0417 53.9682
      vertex 397.6 11.7567 55.5555
      vertex 403.511 11.7567 55.5555
    endloop
  endfacet
  facet normal 0 0.911768 -0.410706
    outer loop
      vertex 397.6 11.7567 55.5555
      vertex 403.511 11.0417 53.9682
      vertex 397.6 11.0417 53.9682
    endloop
  endfacet
  facet normal 0 0.920257 -0.391315
    outer loop
      vertex 403.511 11.7567 55.5555
      vertex 397.6 12.4317 57.1429
      vertex 403.511 12.4317 57.1429
    endloop
  endfacet
  facet normal 0 0.920257 -0.391315
    outer loop
      vertex 397.6 12.4317 57.1429
      vertex 403.511 11.7567 55.5555
      vertex 397.6 11.7567 55.5555
    endloop
  endfacet
  facet normal 0 0.93052 -0.36624
    outer loop
      vertex 403.511 12.4317 57.1429
      vertex 397.6 13.0564 58.7301
      vertex 403.511 13.0564 58.7301
    endloop
  endfacet
  facet normal 0 0.93052 -0.36624
    outer loop
      vertex 397.6 13.0564 58.7301
      vertex 403.511 12.4317 57.1429
      vertex 397.6 12.4317 57.1429
    endloop
  endfacet
  facet normal 0 0.941578 -0.336795
    outer loop
      vertex 403.511 13.0564 58.7301
      vertex 397.6 13.6242 60.3175
      vertex 403.511 13.6242 60.3175
    endloop
  endfacet
  facet normal 0 0.941578 -0.336795
    outer loop
      vertex 397.6 13.6242 60.3175
      vertex 403.511 13.0564 58.7301
      vertex 397.6 13.0564 58.7301
    endloop
  endfacet
  facet normal 0 0.95257 -0.304321
    outer loop
      vertex 403.511 13.6242 60.3175
      vertex 397.6 14.1313 61.9048
      vertex 403.511 14.1313 61.9048
    endloop
  endfacet
  facet normal 0 0.95257 -0.304321
    outer loop
      vertex 397.6 14.1313 61.9048
      vertex 403.511 13.6242 60.3175
      vertex 397.6 13.6242 60.3175
    endloop
  endfacet
  facet normal 0 0.962845 -0.270055
    outer loop
      vertex 403.511 14.1313 61.9048
      vertex 397.6 14.5765 63.4921
      vertex 403.511 14.5765 63.4921
    endloop
  endfacet
  facet normal 0 0.962845 -0.270055
    outer loop
      vertex 397.6 14.5765 63.4921
      vertex 403.511 14.1313 61.9048
      vertex 397.6 14.1313 61.9048
    endloop
  endfacet
  facet normal 0 0.971948 -0.235195
    outer loop
      vertex 403.511 14.5765 63.4921
      vertex 397.6 14.9606 65.0794
      vertex 403.511 14.9606 65.0794
    endloop
  endfacet
  facet normal 0 0.971948 -0.235195
    outer loop
      vertex 397.6 14.9606 65.0794
      vertex 403.511 14.5765 63.4921
      vertex 397.6 14.5765 63.4921
    endloop
  endfacet
  facet normal 0 0.979627 -0.200826
    outer loop
      vertex 403.511 14.9606 65.0794
      vertex 397.6 15.286 66.6667
      vertex 403.511 15.286 66.6667
    endloop
  endfacet
  facet normal 0 0.979627 -0.200826
    outer loop
      vertex 397.6 15.286 66.6667
      vertex 403.511 14.9606 65.0794
      vertex 397.6 14.9606 65.0794
    endloop
  endfacet
  facet normal 0 0.985809 -0.167873
    outer loop
      vertex 403.511 15.286 66.6667
      vertex 397.6 15.5563 68.254
      vertex 403.511 15.5563 68.254
    endloop
  endfacet
  facet normal 0 0.985809 -0.167873
    outer loop
      vertex 397.6 15.5563 68.254
      vertex 403.511 15.286 66.6667
      vertex 397.6 15.286 66.6667
    endloop
  endfacet
  facet normal 0 0.990607 -0.136737
    outer loop
      vertex 403.511 15.5563 68.254
      vertex 397.6 15.7754 69.8413
      vertex 403.511 15.7754 69.8413
    endloop
  endfacet
  facet normal 0 0.990607 -0.136737
    outer loop
      vertex 397.6 15.7754 69.8413
      vertex 403.511 15.5563 68.254
      vertex 397.6 15.5563 68.254
    endloop
  endfacet
  facet normal 0 0.994153 -0.107977
    outer loop
      vertex 403.511 15.7754 69.8413
      vertex 397.6 15.9478 71.4286
      vertex 403.511 15.9478 71.4286
    endloop
  endfacet
  facet normal 0 0.994153 -0.107977
    outer loop
      vertex 397.6 15.9478 71.4286
      vertex 403.511 15.7754 69.8413
      vertex 397.6 15.7754 69.8413
    endloop
  endfacet
  facet normal 0 0.996663 -0.0816268
    outer loop
      vertex 403.511 15.9478 71.4286
      vertex 397.6 16.0778 73.0159
      vertex 403.511 16.0778 73.0159
    endloop
  endfacet
  facet normal 0 0.996663 -0.0816268
    outer loop
      vertex 397.6 16.0778 73.0159
      vertex 403.511 15.9478 71.4286
      vertex 397.6 15.9478 71.4286
    endloop
  endfacet
  facet normal 0 0.998343 -0.0575495
    outer loop
      vertex 403.511 16.0778 73.0159
      vertex 397.6 16.1693 74.6032
      vertex 403.511 16.1693 74.6032
    endloop
  endfacet
  facet normal 0 0.998343 -0.0575495
    outer loop
      vertex 397.6 16.1693 74.6032
      vertex 403.511 16.0778 73.0159
      vertex 397.6 16.0778 73.0159
    endloop
  endfacet
  facet normal 0 0.999369 -0.0355096
    outer loop
      vertex 403.511 16.1693 74.6032
      vertex 397.6 16.2257 76.1905
      vertex 403.511 16.2257 76.1905
    endloop
  endfacet
  facet normal 0 0.999369 -0.0355096
    outer loop
      vertex 397.6 16.2257 76.1905
      vertex 403.511 16.1693 74.6032
      vertex 397.6 16.1693 74.6032
    endloop
  endfacet
  facet normal 0 0.999883 -0.0153072
    outer loop
      vertex 403.511 16.2257 76.1905
      vertex 397.6 16.25 77.7778
      vertex 403.511 16.25 77.7778
    endloop
  endfacet
  facet normal 0 0.999883 -0.0153072
    outer loop
      vertex 397.6 16.25 77.7778
      vertex 403.511 16.2257 76.1905
      vertex 397.6 16.2257 76.1905
    endloop
  endfacet
  facet normal 0 0.999993 0.00371698
    outer loop
      vertex 403.511 16.25 77.7778
      vertex 397.6 16.2441 79.3651
      vertex 403.511 16.2441 79.3651
    endloop
  endfacet
  facet normal 0 0.999993 0.00371698
    outer loop
      vertex 397.6 16.2441 79.3651
      vertex 403.511 16.25 77.7778
      vertex 397.6 16.25 77.7778
    endloop
  endfacet
  facet normal 0 0.999763 0.0217928
    outer loop
      vertex 403.511 16.2441 79.3651
      vertex 397.6 16.2095 80.9524
      vertex 403.511 16.2095 80.9524
    endloop
  endfacet
  facet normal 0 0.999763 0.0217928
    outer loop
      vertex 397.6 16.2095 80.9524
      vertex 403.511 16.2441 79.3651
      vertex 397.6 16.2441 79.3651
    endloop
  endfacet
  facet normal 0 0.999216 0.039596
    outer loop
      vertex 403.511 16.2095 80.9524
      vertex 397.6 16.1466 82.5397
      vertex 403.511 16.1466 82.5397
    endloop
  endfacet
  facet normal 0 0.999216 0.039596
    outer loop
      vertex 397.6 16.1466 82.5397
      vertex 403.511 16.2095 80.9524
      vertex 397.6 16.2095 80.9524
    endloop
  endfacet
  facet normal 0 0.998357 0.0572988
    outer loop
      vertex 403.511 16.1466 82.5397
      vertex 397.6 16.0555 84.127
      vertex 403.511 16.0555 84.127
    endloop
  endfacet
  facet normal 0 0.998357 0.0572988
    outer loop
      vertex 397.6 16.0555 84.127
      vertex 403.511 16.1466 82.5397
      vertex 397.6 16.1466 82.5397
    endloop
  endfacet
  facet normal 0 0.997145 0.0755099
    outer loop
      vertex 403.511 16.0555 84.127
      vertex 397.6 15.9353 85.7143
      vertex 403.511 15.9353 85.7143
    endloop
  endfacet
  facet normal 0 0.997145 0.0755099
    outer loop
      vertex 397.6 15.9353 85.7143
      vertex 403.511 16.0555 84.127
      vertex 397.6 16.0555 84.127
    endloop
  endfacet
  facet normal 0 0.995529 0.0944539
    outer loop
      vertex 403.511 15.9353 85.7143
      vertex 397.6 15.7847 87.3016
      vertex 403.511 15.7847 87.3016
    endloop
  endfacet
  facet normal 0 0.995529 0.0944539
    outer loop
      vertex 397.6 15.7847 87.3016
      vertex 403.511 15.9353 85.7143
      vertex 397.6 15.9353 85.7143
    endloop
  endfacet
  facet normal 0 0.993441 0.114346
    outer loop
      vertex 403.511 15.7847 87.3016
      vertex 397.6 15.602 88.8889
      vertex 403.511 15.602 88.8889
    endloop
  endfacet
  facet normal 0 0.993441 0.114346
    outer loop
      vertex 397.6 15.602 88.8889
      vertex 403.511 15.7847 87.3016
      vertex 397.6 15.7847 87.3016
    endloop
  endfacet
  facet normal 0 0.990801 0.135328
    outer loop
      vertex 403.511 15.602 88.8889
      vertex 397.6 15.3852 90.4762
      vertex 403.511 15.3852 90.4762
    endloop
  endfacet
  facet normal 0 0.990801 0.135328
    outer loop
      vertex 397.6 15.3852 90.4762
      vertex 403.511 15.602 88.8889
      vertex 397.6 15.602 88.8889
    endloop
  endfacet
  facet normal 0 0.987534 0.157403
    outer loop
      vertex 403.511 15.3852 90.4762
      vertex 397.6 15.1322 92.0635
      vertex 403.511 15.1322 92.0635
    endloop
  endfacet
  facet normal 0 0.987534 0.157403
    outer loop
      vertex 397.6 15.1322 92.0635
      vertex 403.511 15.3852 90.4762
      vertex 397.6 15.3852 90.4762
    endloop
  endfacet
  facet normal 0 0.983585 0.180445
    outer loop
      vertex 403.511 15.1322 92.0635
      vertex 397.6 14.841 93.6508
      vertex 403.511 14.841 93.6508
    endloop
  endfacet
  facet normal 0 0.983585 0.180445
    outer loop
      vertex 397.6 14.841 93.6508
      vertex 403.511 15.1322 92.0635
      vertex 397.6 15.1322 92.0635
    endloop
  endfacet
  facet normal 0 0.978905 0.204316
    outer loop
      vertex 403.511 14.841 93.6508
      vertex 397.6 14.5097 95.2381
      vertex 403.511 14.5097 95.2381
    endloop
  endfacet
  facet normal 0 0.978905 0.204316
    outer loop
      vertex 397.6 14.5097 95.2381
      vertex 403.511 14.841 93.6508
      vertex 397.6 14.841 93.6508
    endloop
  endfacet
  facet normal 0 0.973524 0.228585
    outer loop
      vertex 403.511 14.5097 95.2381
      vertex 397.6 14.137 96.8254
      vertex 403.511 14.137 96.8254
    endloop
  endfacet
  facet normal 0 0.973524 0.228585
    outer loop
      vertex 397.6 14.137 96.8254
      vertex 403.511 14.5097 95.2381
      vertex 397.6 14.5097 95.2381
    endloop
  endfacet
  facet normal 0 0.967554 0.252663
    outer loop
      vertex 403.511 14.137 96.8254
      vertex 397.6 13.7225 98.4127
      vertex 403.511 13.7225 98.4127
    endloop
  endfacet
  facet normal 0 0.967554 0.252663
    outer loop
      vertex 397.6 13.7225 98.4127
      vertex 403.511 14.137 96.8254
      vertex 397.6 14.137 96.8254
    endloop
  endfacet
  facet normal 0 0.961109 0.276168
    outer loop
      vertex 403.511 13.7225 98.4127
      vertex 397.6 13.2664 100
      vertex 403.511 13.2664 100
    endloop
  endfacet
  facet normal 0 0.961109 0.276168
    outer loop
      vertex 397.6 13.2664 100
      vertex 403.511 13.7225 98.4127
      vertex 397.6 13.7225 98.4127
    endloop
  endfacet
  facet normal 0 0.800224 -0.599702
    outer loop
      vertex 403.511 9.29825 0
      vertex 397.6 10.4878 1.5873
      vertex 403.511 10.4878 1.5873
    endloop
  endfacet
  facet normal 0 0.800224 -0.599702
    outer loop
      vertex 397.6 10.4878 1.5873
      vertex 403.511 9.29825 0
      vertex 397.6 9.29825 0
    endloop
  endfacet
  facet normal -1 0 0
    outer loop
      vertex 405.378 17.3645 15.873
      vertex 405.378 17.1752 19.0476
      vertex 405.378 17.4005 17.4603
    endloop
  endfacet
  facet normal -1 0 0
    outer loop
      vertex 405.378 17.0639 14.2857
      vertex 405.378 17.1752 19.0476
      vertex 405.378 17.3645 15.873
    endloop
  endfacet
  facet normal -1 0 0
    outer loop
      vertex 405.378 17.0639 14.2857
      vertex 405.378 16.7046 20.6349
      vertex 405.378 17.1752 19.0476
    endloop
  endfacet
  facet normal -1 0 0
    outer loop
      vertex 405.378 16.5093 12.6984
      vertex 405.378 16.7046 20.6349
      vertex 405.378 17.0639 14.2857
    endloop
  endfacet
  facet normal -1 0 0
    outer loop
      vertex 405.378 16.5093 12.6984
      vertex 405.378 16.016 22.2222
      vertex 405.378 16.7046 20.6349
    endloop
  endfacet
  facet normal -1 0 0
    outer loop
      vertex 405.378 15.725 11.1111
      vertex 405.378 16.016 22.2222
      vertex 405.378 16.5093 12.6984
    endloop
  endfacet
  facet normal -1 0 0
    outer loop
      vertex 405.378 15.725 11.1111
      vertex 405.378 15.1458 23.8095
      vertex 405.378 16.016 22.2222
    endloop
  endfacet
  facet normal -1 0 0
    outer loop
      vertex 405.378 14.7484 9.5238
      vertex 405.378 15.1458 23.8095
      vertex 405.378 15.725 11.1111
    endloop
  endfacet
  facet normal -1 0 0
    outer loop
      vertex 405.378 14.7484 9.5238
      vertex 405.378 14.137 25.3968
      vertex 405.378 15.1458 23.8095
    endloop
  endfacet
  facet normal -1 0 0
    outer loop
      vertex 405.378 13.6286 7.93649
      vertex 405.378 14.137 25.3968
      vertex 405.378 14.7484 9.5238
    endloop
  endfacet
  facet normal -1 0 0
    outer loop
      vertex 405.378 13.6286 7.93649
      vertex 405.378 13.0368 26.9841
      vertex 405.378 14.137 25.3968
    endloop
  endfacet
  facet normal -1 0 0
    outer loop
      vertex 405.378 12.4236 6.3492
      vertex 405.378 13.0368 26.9841
      vertex 405.378 13.6286 7.93649
    endloop
  endfacet
  facet normal -1 0 0
    outer loop
      vertex 405.378 0 0
      vertex 405.378 13.0368 26.9841
      vertex 405.378 12.4236 6.3492
    endloop
  endfacet
  facet normal -1 0 0
    outer loop
      vertex 405.378 0 0
      vertex 405.378 12.4236 6.3492
      vertex 405.378 11.1978 4.7619
    endloop
  endfacet
  facet normal -1 -0 0
    outer loop
      vertex 405.378 13.0368 26.9841
      vertex 405.378 0 0
      vertex 405.378 11.8936 28.5714
    endloop
  endfacet
  facet normal -1 0 0
    outer loop
      vertex 405.378 0 0
      vertex 405.378 11.1978 4.7619
      vertex 405.378 10.018 3.17459
    endloop
  endfacet
  facet normal -1 -0 0
    outer loop
      vertex 405.378 11.8936 28.5714
      vertex 405.378 0 0
      vertex 405.378 10.7545 30.1587
    endloop
  endfacet
  facet normal -1 0 0
    outer loop
      vertex 405.378 0 0
      vertex 405.378 10.018 3.17459
      vertex 405.378 8.94995 1.5873
    endloop
  endfacet
  facet normal -1 -0 0
    outer loop
      vertex 405.378 10.7545 30.1587
      vertex 405.378 0 0
      vertex 405.378 9.66313 31.746
    endloop
  endfacet
  facet normal -1 0 0
    outer loop
      vertex 405.378 0 0
      vertex 405.378 8.94995 1.5873
      vertex 405.378 8.05429 0
    endloop
  endfacet
  facet normal -1 -0 0
    outer loop
      vertex 405.378 9.66313 31.746
      vertex 405.378 0 0
      vertex 405.378 8.65776 33.3333
    endloop
  endfacet
  facet normal -1 -0 0
    outer loop
      vertex 405.378 8.65776 33.3333
      vertex 405.378 0 0
      vertex 405.378 7.76997 34.9206
    endloop
  endfacet
  facet normal -1 -0 0
    outer loop
      vertex 405.378 7.76997 34.9206
      vertex 405.378 0 0
      vertex 405.378 7.02373 36.5079
    endloop
  endfacet
  facet normal -1 -0 0
    outer loop
      vertex 405.378 7.02373 36.5079
      vertex 405.378 0 0
      vertex 405.378 6.435 38.0952
    endloop
  endfacet
  facet normal -1 -0 0
    outer loop
      vertex 405.378 6.435 38.0952
      vertex 405.378 0 0
      vertex 405.378 6.0119 39.6825
    endloop
  endfacet
  facet normal -1 -0 0
    outer loop
      vertex 405.378 6.0119 39.6825
      vertex 405.378 0 0
      vertex 405.378 5.75516 41.2698
    endloop
  endfacet
  facet normal -1 -0 0
    outer loop
      vertex 405.378 5.75516 41.2698
      vertex 405.378 0 0
      vertex 405.378 5.65894 42.8571
    endloop
  endfacet
  facet normal -1 0 0
    outer loop
      vertex 405.378 0 100
      vertex 405.378 13.0467 76.1905
      vertex 405.378 13.0128 74.6032
    endloop
  endfacet
  facet normal -1 0 0
    outer loop
      vertex 405.378 13.0467 76.1905
      vertex 405.378 0 100
      vertex 405.378 13.0297 77.7778
    endloop
  endfacet
  facet normal -1 0 0
    outer loop
      vertex 405.378 0 100
      vertex 405.378 13.0128 74.6032
      vertex 405.378 12.9271 73.0159
    endloop
  endfacet
  facet normal -1 0 0
    outer loop
      vertex 405.378 13.0297 77.7778
      vertex 405.378 0 100
      vertex 405.378 12.9629 79.3651
    endloop
  endfacet
  facet normal -1 0 0
    outer loop
      vertex 405.378 0 100
      vertex 405.378 12.9271 73.0159
      vertex 405.378 12.7888 71.4286
    endloop
  endfacet
  facet normal -1 0 0
    outer loop
      vertex 405.378 12.9629 79.3651
      vertex 405.378 0 100
      vertex 405.378 12.8472 80.9524
    endloop
  endfacet
  facet normal -1 0 0
    outer loop
      vertex 405.378 0 100
      vertex 405.378 12.7888 71.4286
      vertex 405.378 12.5972 69.8413
    endloop
  endfacet
  facet normal -1 0 0
    outer loop
      vertex 405.378 12.8472 80.9524
      vertex 405.378 0 100
      vertex 405.378 12.6836 82.5397
    endloop
  endfacet
  facet normal -1 0 0
    outer loop
      vertex 405.378 0 100
      vertex 405.378 12.5972 69.8413
      vertex 405.378 12.3519 68.254
    endloop
  endfacet
  facet normal -1 0 0
    outer loop
      vertex 405.378 12.6836 82.5397
      vertex 405.378 0 100
      vertex 405.378 12.4732 84.127
    endloop
  endfacet
  facet normal -1 0 0
    outer loop
      vertex 405.378 0 100
      vertex 405.378 12.3519 68.254
      vertex 405.378 12.0531 66.6667
    endloop
  endfacet
  facet normal -1 0 0
    outer loop
      vertex 405.378 12.4732 84.127
      vertex 405.378 0 100
      vertex 405.378 12.2173 85.7143
    endloop
  endfacet
  facet normal -1 0 0
    outer loop
      vertex 405.378 0 100
      vertex 405.378 12.0531 66.6667
      vertex 405.378 11.7018 65.0794
    endloop
  endfacet
  facet normal -1 0 0
    outer loop
      vertex 405.378 12.2173 85.7143
      vertex 405.378 0 100
      vertex 405.378 11.9173 87.3016
    endloop
  endfacet
  facet normal -1 0 0
    outer loop
      vertex 405.378 0 100
      vertex 405.378 11.7018 65.0794
      vertex 405.378 11.3 63.4921
    endloop
  endfacet
  facet normal -1 0 0
    outer loop
      vertex 405.378 11.9173 87.3016
      vertex 405.378 0 100
      vertex 405.378 11.5753 88.8889
    endloop
  endfacet
  facet normal -1 0 0
    outer loop
      vertex 405.378 0 100
      vertex 405.378 11.3 63.4921
      vertex 405.378 10.8509 61.9048
    endloop
  endfacet
  facet normal -1 0 0
    outer loop
      vertex 405.378 11.5753 88.8889
      vertex 405.378 0 100
      vertex 405.378 11.1937 90.4762
    endloop
  endfacet
  facet normal -1 0 0
    outer loop
      vertex 405.378 0 100
      vertex 405.378 10.8509 61.9048
      vertex 405.378 10.3597 60.3175
    endloop
  endfacet
  facet normal -1 0 0
    outer loop
      vertex 405.378 11.1937 90.4762
      vertex 405.378 0 100
      vertex 405.378 10.7757 92.0635
    endloop
  endfacet
  facet normal -1 0 0
    outer loop
      vertex 405.378 10.7757 92.0635
      vertex 405.378 0 100
      vertex 405.378 10.3252 93.6508
    endloop
  endfacet
  facet normal -1 0 0
    outer loop
      vertex 405.378 0 100
      vertex 405.378 10.3597 60.3175
      vertex 405.378 9.83304 58.7301
    endloop
  endfacet
  facet normal -1 0 0
    outer loop
      vertex 405.378 10.3252 93.6508
      vertex 405.378 0 100
      vertex 405.378 9.8472 95.2381
    endloop
  endfacet
  facet normal -1 0 0
    outer loop
      vertex 405.378 0 100
      vertex 405.378 9.83304 58.7301
      vertex 405.378 9.28003 57.1429
    endloop
  endfacet
  facet normal -1 0 0
    outer loop
      vertex 405.378 9.8472 95.2381
      vertex 405.378 0 100
      vertex 405.378 9.34753 96.8254
    endloop
  endfacet
  facet normal -1 0 0
    outer loop
      vertex 405.378 0 100
      vertex 405.378 9.28003 57.1429
      vertex 405.378 8.71196 55.5555
    endloop
  endfacet
  facet normal -1 0 0
    outer loop
      vertex 405.378 9.34753 96.8254
      vertex 405.378 0 100
      vertex 405.378 8.8331 98.4127
    endloop
  endfacet
  facet normal -1 0 0
    outer loop
      vertex 405.378 0 100
      vertex 405.378 8.71196 55.5555
      vertex 405.378 8.14253 53.9682
    endloop
  endfacet
  facet normal -1 0 0
    outer loop
      vertex 405.378 0 100
      vertex 405.378 8.14253 53.9682
      vertex 405.378 7.58775 52.381
    endloop
  endfacet
  facet normal -1 0 0
    outer loop
      vertex 405.378 0 100
      vertex 405.378 7.58775 52.381
      vertex 405.378 7.06572 50.7936
    endloop
  endfacet
  facet normal -1 0 0
    outer loop
      vertex 405.378 0 100
      vertex 405.378 7.06572 50.7936
      vertex 405.378 6.59622 49.2063
    endloop
  endfacet
  facet normal -1 0 0
    outer loop
      vertex 405.378 0 100
      vertex 405.378 6.59622 49.2063
      vertex 405.378 6.20012 47.619
    endloop
  endfacet
  facet normal -1 0 0
    outer loop
      vertex 405.378 0 100
      vertex 405.378 6.20012 47.619
      vertex 405.378 5.89853 46.0317
    endloop
  endfacet
  facet normal -1 0 0
    outer loop
      vertex 405.378 0 100
      vertex 405.378 5.89853 46.0317
      vertex 405.378 5.71193 44.4444
    endloop
  endfacet
  facet normal -1 0 0
    outer loop
      vertex 405.378 0 0
      vertex 405.378 5.71193 44.4444
      vertex 405.378 5.65894 42.8571
    endloop
  endfacet
  facet normal -1 0 0
    outer loop
      vertex 405.378 0 100
      vertex 405.378 5.71193 44.4444
      vertex 405.378 0 0
    endloop
  endfacet
  facet normal -1 0 0
    outer loop
      vertex 405.378 8.8331 98.4127
      vertex 405.378 0 100
      vertex 405.378 8.31186 100
    endloop
  endfacet
  facet normal 1 0 0
    outer loop
      vertex 411.289 0 100
      vertex 411.289 13.0467 76.1905
      vertex 411.289 13.0297 77.7778
    endloop
  endfacet
  facet normal 1 0 0
    outer loop
      vertex 411.289 0 100
      vertex 411.289 13.0297 77.7778
      vertex 411.289 12.9629 79.3651
    endloop
  endfacet
  facet normal 1 0 0
    outer loop
      vertex 411.289 13.0467 76.1905
      vertex 411.289 0 100
      vertex 411.289 13.0128 74.6032
    endloop
  endfacet
  facet normal 1 0 0
    outer loop
      vertex 411.289 0 100
      vertex 411.289 12.9629 79.3651
      vertex 411.289 12.8472 80.9524
    endloop
  endfacet
  facet normal 1 0 0
    outer loop
      vertex 411.289 13.0128 74.6032
      vertex 411.289 0 100
      vertex 411.289 12.9271 73.0159
    endloop
  endfacet
  facet normal 1 0 0
    outer loop
      vertex 411.289 0 100
      vertex 411.289 12.8472 80.9524
      vertex 411.289 12.6836 82.5397
    endloop
  endfacet
  facet normal 1 0 0
    outer loop
      vertex 411.289 12.9271 73.0159
      vertex 411.289 0 100
      vertex 411.289 12.7888 71.4286
    endloop
  endfacet
  facet normal 1 0 0
    outer loop
      vertex 411.289 0 100
      vertex 411.289 12.6836 82.5397
      vertex 411.289 12.4732 84.127
    endloop
  endfacet
  facet normal 1 0 0
    outer loop
      vertex 411.289 12.7888 71.4286
      vertex 411.289 0 100
      vertex 411.289 12.5972 69.8413
    endloop
  endfacet
  facet normal 1 0 0
    outer loop
      vertex 411.289 0 100
      vertex 411.289 12.4732 84.127
      vertex 411.289 12.2173 85.7143
    endloop
  endfacet
  facet normal 1 0 0
    outer loop
      vertex 411.289 12.5972 69.8413
      vertex 411.289 0 100
      vertex 411.289 12.3519 68.254
    endloop
  endfacet
  facet normal 1 0 0
    outer loop
      vertex 411.289 0 100
      vertex 411.289 12.2173 85.7143
      vertex 411.289 11.9173 87.3016
    endloop
  endfacet
  facet normal 1 0 0
    outer loop
      vertex 411.289 12.3519 68.254
      vertex 411.289 0 100
      vertex 411.289 12.0531 66.6667
    endloop
  endfacet
  facet normal 1 0 0
    outer loop
      vertex 411.289 0 100
      vertex 411.289 11.9173 87.3016
      vertex 411.289 11.5753 88.8889
    endloop
  endfacet
  facet normal 1 0 0
    outer loop
      vertex 411.289 12.0531 66.6667
      vertex 411.289 0 100
      vertex 411.289 11.7018 65.0794
    endloop
  endfacet
  facet normal 1 0 0
    outer loop
      vertex 411.289 0 100
      vertex 411.289 11.5753 88.8889
      vertex 411.289 11.1937 90.4762
    endloop
  endfacet
  facet normal 1 0 0
    outer loop
      vertex 411.289 11.7018 65.0794
      vertex 411.289 0 100
      vertex 411.289 11.3 63.4921
    endloop
  endfacet
  facet normal 1 0 0
    outer loop
      vertex 411.289 0 100
      vertex 411.289 11.1937 90.4762
      vertex 411.289 10.7757 92.0635
    endloop
  endfacet
  facet normal 1 0 0
    outer loop
      vertex 411.289 11.3 63.4921
      vertex 411.289 0 100
      vertex 411.289 10.8509 61.9048
    endloop
  endfacet
  facet normal 1 0 0
    outer loop
      vertex 411.289 0 100
      vertex 411.289 10.7757 92.0635
      vertex 411.289 10.3252 93.6508
    endloop
  endfacet
  facet normal 1 0 0
    outer loop
      vertex 411.289 0 100
      vertex 411.289 10.3252 93.6508
      vertex 411.289 9.8472 95.2381
    endloop
  endfacet
  facet normal 1 0 0
    outer loop
      vertex 411.289 10.8509 61.9048
      vertex 411.289 0 100
      vertex 411.289 10.3597 60.3175
    endloop
  endfacet
  facet normal 1 0 0
    outer loop
      vertex 411.289 0 100
      vertex 411.289 9.8472 95.2381
      vertex 411.289 9.34753 96.8254
    endloop
  endfacet
  facet normal 1 0 0
    outer loop
      vertex 411.289 10.3597 60.3175
      vertex 411.289 0 100
      vertex 411.289 9.83304 58.7301
    endloop
  endfacet
  facet normal 1 0 0
    outer loop
      vertex 411.289 0 100
      vertex 411.289 9.34753 96.8254
      vertex 411.289 8.8331 98.4127
    endloop
  endfacet
  facet normal 1 0 0
    outer loop
      vertex 411.289 9.83304 58.7301
      vertex 411.289 0 100
      vertex 411.289 9.28003 57.1429
    endloop
  endfacet
  facet normal 1 -0 0
    outer loop
      vertex 411.289 0 100
      vertex 411.289 8.8331 98.4127
      vertex 411.289 8.31186 100
    endloop
  endfacet
  facet normal 1 0 0
    outer loop
      vertex 411.289 9.28003 57.1429
      vertex 411.289 0 100
      vertex 411.289 8.71196 55.5555
    endloop
  endfacet
  facet normal 1 0 0
    outer loop
      vertex 411.289 8.71196 55.5555
      vertex 411.289 0 100
      vertex 411.289 8.14253 53.9682
    endloop
  endfacet
  facet normal 1 0 0
    outer loop
      vertex 411.289 8.14253 53.9682
      vertex 411.289 0 100
      vertex 411.289 7.58775 52.381
    endloop
  endfacet
  facet normal 1 0 0
    outer loop
      vertex 411.289 7.58775 52.381
      vertex 411.289 0 100
      vertex 411.289 7.06572 50.7936
    endloop
  endfacet
  facet normal 1 0 0
    outer loop
      vertex 411.289 7.06572 50.7936
      vertex 411.289 0 100
      vertex 411.289 6.59622 49.2063
    endloop
  endfacet
  facet normal 1 0 0
    outer loop
      vertex 411.289 6.59622 49.2063
      vertex 411.289 0 100
      vertex 411.289 6.20012 47.619
    endloop
  endfacet
  facet normal 1 0 0
    outer loop
      vertex 411.289 6.20012 47.619
      vertex 411.289 0 100
      vertex 411.289 5.89853 46.0317
    endloop
  endfacet
  facet normal 1 0 0
    outer loop
      vertex 411.289 5.71193 44.4444
      vertex 411.289 0 100
      vertex 411.289 5.65894 42.8571
    endloop
  endfacet
  facet normal 1 0 0
    outer loop
      vertex 411.289 5.89853 46.0317
      vertex 411.289 0 100
      vertex 411.289 5.71193 44.4444
    endloop
  endfacet
  facet normal 1 0 0
    outer loop
      vertex 411.289 17.1752 19.0476
      vertex 411.289 17.3645 15.873
      vertex 411.289 17.4005 17.4603
    endloop
  endfacet
  facet normal 1 0 0
    outer loop
      vertex 411.289 17.1752 19.0476
      vertex 411.289 17.0639 14.2857
      vertex 411.289 17.3645 15.873
    endloop
  endfacet
  facet normal 1 0 0
    outer loop
      vertex 411.289 16.7046 20.6349
      vertex 411.289 17.0639 14.2857
      vertex 411.289 17.1752 19.0476
    endloop
  endfacet
  facet normal 1 0 0
    outer loop
      vertex 411.289 16.7046 20.6349
      vertex 411.289 16.5093 12.6984
      vertex 411.289 17.0639 14.2857
    endloop
  endfacet
  facet normal 1 0 0
    outer loop
      vertex 411.289 16.016 22.2222
      vertex 411.289 16.5093 12.6984
      vertex 411.289 16.7046 20.6349
    endloop
  endfacet
  facet normal 1 0 0
    outer loop
      vertex 411.289 16.016 22.2222
      vertex 411.289 15.725 11.1111
      vertex 411.289 16.5093 12.6984
    endloop
  endfacet
  facet normal 1 0 0
    outer loop
      vertex 411.289 15.1458 23.8095
      vertex 411.289 15.725 11.1111
      vertex 411.289 16.016 22.2222
    endloop
  endfacet
  facet normal 1 0 0
    outer loop
      vertex 411.289 15.1458 23.8095
      vertex 411.289 14.7484 9.5238
      vertex 411.289 15.725 11.1111
    endloop
  endfacet
  facet normal 1 0 0
    outer loop
      vertex 411.289 14.137 25.3968
      vertex 411.289 14.7484 9.5238
      vertex 411.289 15.1458 23.8095
    endloop
  endfacet
  facet normal 1 0 0
    outer loop
      vertex 411.289 14.137 25.3968
      vertex 411.289 13.6286 7.93649
      vertex 411.289 14.7484 9.5238
    endloop
  endfacet
  facet normal 1 0 0
    outer loop
      vertex 411.289 13.0368 26.9841
      vertex 411.289 13.6286 7.93649
      vertex 411.289 14.137 25.3968
    endloop
  endfacet
  facet normal 1 0 0
    outer loop
      vertex 411.289 13.0368 26.9841
      vertex 411.289 12.4236 6.3492
      vertex 411.289 13.6286 7.93649
    endloop
  endfacet
  facet normal 1 0 0
    outer loop
      vertex 411.289 0 0
      vertex 411.289 13.0368 26.9841
      vertex 411.289 11.8936 28.5714
    endloop
  endfacet
  facet normal 1 0 0
    outer loop
      vertex 411.289 13.0368 26.9841
      vertex 411.289 0 0
      vertex 411.289 12.4236 6.3492
    endloop
  endfacet
  facet normal 1 0 0
    outer loop
      vertex 411.289 0 0
      vertex 411.289 11.8936 28.5714
      vertex 411.289 10.7545 30.1587
    endloop
  endfacet
  facet normal 1 0 0
    outer loop
      vertex 411.289 12.4236 6.3492
      vertex 411.289 0 0
      vertex 411.289 11.1978 4.7619
    endloop
  endfacet
  facet normal 1 0 0
    outer loop
      vertex 411.289 0 0
      vertex 411.289 10.7545 30.1587
      vertex 411.289 9.66313 31.746
    endloop
  endfacet
  facet normal 1 0 0
    outer loop
      vertex 411.289 11.1978 4.7619
      vertex 411.289 0 0
      vertex 411.289 10.018 3.17459
    endloop
  endfacet
  facet normal 1 0 0
    outer loop
      vertex 411.289 0 0
      vertex 411.289 9.66313 31.746
      vertex 411.289 8.65776 33.3333
    endloop
  endfacet
  facet normal 1 0 0
    outer loop
      vertex 411.289 10.018 3.17459
      vertex 411.289 0 0
      vertex 411.289 8.94995 1.5873
    endloop
  endfacet
  facet normal 1 0 0
    outer loop
      vertex 411.289 0 0
      vertex 411.289 8.65776 33.3333
      vertex 411.289 7.76997 34.9206
    endloop
  endfacet
  facet normal 1 0 0
    outer loop
      vertex 411.289 0 0
      vertex 411.289 7.76997 34.9206
      vertex 411.289 7.02373 36.5079
    endloop
  endfacet
  facet normal 1 0 0
    outer loop
      vertex 411.289 0 0
      vertex 411.289 7.02373 36.5079
      vertex 411.289 6.435 38.0952
    endloop
  endfacet
  facet normal 1 0 0
    outer loop
      vertex 411.289 0 0
      vertex 411.289 6.435 38.0952
      vertex 411.289 6.0119 39.6825
    endloop
  endfacet
  facet normal 1 0 0
    outer loop
      vertex 411.289 0 0
      vertex 411.289 6.0119 39.6825
      vertex 411.289 5.75516 41.2698
    endloop
  endfacet
  facet normal 1 0 0
    outer loop
      vertex 411.289 0 0
      vertex 411.289 5.75516 41.2698
      vertex 411.289 5.65894 42.8571
    endloop
  endfacet
  facet normal 1 0 0
    outer loop
      vertex 411.289 0 0
      vertex 411.289 5.65894 42.8571
      vertex 411.289 0 100
    endloop
  endfacet
  facet normal 1 0 0
    outer loop
      vertex 411.289 8.94995 1.5873
      vertex 411.289 0 0
      vertex 411.289 8.05429 0
    endloop
  endfacet
  facet normal 0 0.829665 -0.558262
    outer loop
      vertex 411.289 8.94995 1.5873
      vertex 405.378 10.018 3.17459
      vertex 411.289 10.018 3.17459
    endloop
  endfacet
  facet normal 0 0.829665 -0.558262
    outer loop
      vertex 405.378 10.018 3.17459
      vertex 411.289 8.94995 1.5873
      vertex 405.378 8.94995 1.5873
    endloop
  endfacet
  facet normal 0 0.802585 -0.596538
    outer loop
      vertex 411.289 10.018 3.17459
      vertex 405.378 11.1978 4.7619
      vertex 411.289 11.1978 4.7619
    endloop
  endfacet
  facet normal 0 0.802585 -0.596538
    outer loop
      vertex 405.378 11.1978 4.7619
      vertex 411.289 10.018 3.17459
      vertex 405.378 10.018 3.17459
    endloop
  endfacet
  facet normal 0 0.791466 -0.611213
    outer loop
      vertex 411.289 11.1978 4.7619
      vertex 405.378 12.4236 6.3492
      vertex 411.289 12.4236 6.3492
    endloop
  endfacet
  facet normal 0 0.791466 -0.611213
    outer loop
      vertex 405.378 12.4236 6.3492
      vertex 411.289 11.1978 4.7619
      vertex 405.378 11.1978 4.7619
    endloop
  endfacet
  facet normal 0 0.796486 -0.604657
    outer loop
      vertex 411.289 12.4236 6.3492
      vertex 405.378 13.6286 7.93649
      vertex 411.289 13.6286 7.93649
    endloop
  endfacet
  facet normal 0 0.796486 -0.604657
    outer loop
      vertex 405.378 13.6286 7.93649
      vertex 411.289 12.4236 6.3492
      vertex 405.378 12.4236 6.3492
    endloop
  endfacet
  facet normal 0 0.817126 -0.576458
    outer loop
      vertex 411.289 13.6286 7.93649
      vertex 405.378 14.7484 9.5238
      vertex 411.289 14.7484 9.5238
    endloop
  endfacet
  facet normal 0 0.817126 -0.576458
    outer loop
      vertex 405.378 14.7484 9.5238
      vertex 411.289 13.6286 7.93649
      vertex 405.378 13.6286 7.93649
    endloop
  endfacet
  facet normal 0 0.851706 -0.52402
    outer loop
      vertex 411.289 14.7484 9.5238
      vertex 405.378 15.725 11.1111
      vertex 411.289 15.725 11.1111
    endloop
  endfacet
  facet normal 0 0.851706 -0.52402
    outer loop
      vertex 405.378 15.725 11.1111
      vertex 411.289 14.7484 9.5238
      vertex 405.378 14.7484 9.5238
    endloop
  endfacet
  facet normal 0 0.89653 -0.442984
    outer loop
      vertex 411.289 15.725 11.1111
      vertex 405.378 16.5093 12.6984
      vertex 411.289 16.5093 12.6984
    endloop
  endfacet
  facet normal 0 0.89653 -0.442984
    outer loop
      vertex 405.378 16.5093 12.6984
      vertex 411.289 15.725 11.1111
      vertex 405.378 15.725 11.1111
    endloop
  endfacet
  facet normal 0 0.944035 -0.329844
    outer loop
      vertex 411.289 16.5093 12.6984
      vertex 405.378 17.0639 14.2857
      vertex 411.289 17.0639 14.2857
    endloop
  endfacet
  facet normal 0 0.944035 -0.329844
    outer loop
      vertex 405.378 17.0639 14.2857
      vertex 411.289 16.5093 12.6984
      vertex 405.378 16.5093 12.6984
    endloop
  endfacet
  facet normal 0 0.982536 -0.186071
    outer loop
      vertex 411.289 17.0639 14.2857
      vertex 405.378 17.3645 15.873
      vertex 411.289 17.3645 15.873
    endloop
  endfacet
  facet normal 0 0.982536 -0.186071
    outer loop
      vertex 405.378 17.3645 15.873
      vertex 411.289 17.0639 14.2857
      vertex 405.378 17.0639 14.2857
    endloop
  endfacet
  facet normal 0 0.999743 -0.0226742
    outer loop
      vertex 411.289 17.3645 15.873
      vertex 405.378 17.4005 17.4603
      vertex 411.289 17.4005 17.4603
    endloop
  endfacet
  facet normal 0 0.999743 -0.0226742
    outer loop
      vertex 405.378 17.4005 17.4603
      vertex 411.289 17.3645 15.873
      vertex 405.378 17.3645 15.873
    endloop
  endfacet
  facet normal 0 0.990076 0.140531
    outer loop
      vertex 411.289 17.4005 17.4603
      vertex 405.378 17.1752 19.0476
      vertex 411.289 17.1752 19.0476
    endloop
  endfacet
  facet normal 0 0.990076 0.140531
    outer loop
      vertex 405.378 17.1752 19.0476
      vertex 411.289 17.4005 17.4603
      vertex 405.378 17.4005 17.4603
    endloop
  endfacet
  facet normal 0 0.958751 0.284249
    outer loop
      vertex 411.289 17.1752 19.0476
      vertex 405.378 16.7046 20.6349
      vertex 411.289 16.7046 20.6349
    endloop
  endfacet
  facet normal 0 0.958751 0.284249
    outer loop
      vertex 405.378 16.7046 20.6349
      vertex 411.289 17.1752 19.0476
      vertex 405.378 17.1752 19.0476
    endloop
  endfacet
  facet normal 0 0.917393 0.397982
    outer loop
      vertex 411.289 16.7046 20.6349
      vertex 405.378 16.016 22.2222
      vertex 411.289 16.016 22.2222
    endloop
  endfacet
  facet normal 0 0.917393 0.397982
    outer loop
      vertex 405.378 16.016 22.2222
      vertex 411.289 16.7046 20.6349
      vertex 405.378 16.7046 20.6349
    endloop
  endfacet
  facet normal 0 0.876872 0.480724
    outer loop
      vertex 411.289 16.016 22.2222
      vertex 405.378 15.1458 23.8095
      vertex 411.289 15.1458 23.8095
    endloop
  endfacet
  facet normal 0 0.876872 0.480724
    outer loop
      vertex 405.378 15.1458 23.8095
      vertex 411.289 16.016 22.2222
      vertex 405.378 16.016 22.2222
    endloop
  endfacet
  facet normal 0 0.843974 0.536383
    outer loop
      vertex 411.289 15.1458 23.8095
      vertex 405.378 14.137 25.3968
      vertex 411.289 14.137 25.3968
    endloop
  endfacet
  facet normal 0 0.843974 0.536383
    outer loop
      vertex 405.378 14.137 25.3968
      vertex 411.289 15.1458 23.8095
      vertex 405.378 15.1458 23.8095
    endloop
  endfacet
  facet normal 0 0.821877 0.569665
    outer loop
      vertex 411.289 14.137 25.3968
      vertex 405.378 13.0368 26.9841
      vertex 411.289 13.0368 26.9841
    endloop
  endfacet
  facet normal 0 0.821877 0.569665
    outer loop
      vertex 405.378 13.0368 26.9841
      vertex 411.289 14.137 25.3968
      vertex 405.378 14.137 25.3968
    endloop
  endfacet
  facet normal 0 0.811451 0.584421
    outer loop
      vertex 411.289 13.0368 26.9841
      vertex 405.378 11.8936 28.5714
      vertex 411.289 11.8936 28.5714
    endloop
  endfacet
  facet normal 0 0.811451 0.584421
    outer loop
      vertex 405.378 11.8936 28.5714
      vertex 411.289 13.0368 26.9841
      vertex 405.378 13.0368 26.9841
    endloop
  endfacet
  facet normal 0 0.812445 0.583038
    outer loop
      vertex 411.289 11.8936 28.5714
      vertex 405.378 10.7545 30.1587
      vertex 411.289 10.7545 30.1587
    endloop
  endfacet
  facet normal 0 0.812445 0.583038
    outer loop
      vertex 405.378 10.7545 30.1587
      vertex 411.289 11.8936 28.5714
      vertex 405.378 11.8936 28.5714
    endloop
  endfacet
  facet normal 0 0.824017 0.566565
    outer loop
      vertex 411.289 10.7545 30.1587
      vertex 405.378 9.66313 31.746
      vertex 411.289 9.66313 31.746
    endloop
  endfacet
  facet normal 0 0.824017 0.566565
    outer loop
      vertex 405.378 9.66313 31.746
      vertex 411.289 10.7545 30.1587
      vertex 405.378 10.7545 30.1587
    endloop
  endfacet
  facet normal 0 0.8448 0.535082
    outer loop
      vertex 411.289 9.66313 31.746
      vertex 405.378 8.65776 33.3333
      vertex 411.289 8.65776 33.3333
    endloop
  endfacet
  facet normal 0 0.8448 0.535082
    outer loop
      vertex 405.378 8.65776 33.3333
      vertex 411.289 9.66313 31.746
      vertex 405.378 9.66313 31.746
    endloop
  endfacet
  facet normal 0 0.872763 0.488144
    outer loop
      vertex 411.289 8.65776 33.3333
      vertex 405.378 7.76997 34.9206
      vertex 411.289 7.76997 34.9206
    endloop
  endfacet
  facet normal 0 0.872763 0.488144
    outer loop
      vertex 405.378 7.76997 34.9206
      vertex 411.289 8.65776 33.3333
      vertex 405.378 8.65776 33.3333
    endloop
  endfacet
  facet normal 0 0.904978 0.425459
    outer loop
      vertex 411.289 7.76997 34.9206
      vertex 405.378 7.02373 36.5079
      vertex 411.289 7.02373 36.5079
    endloop
  endfacet
  facet normal 0 0.904978 0.425459
    outer loop
      vertex 405.378 7.02373 36.5079
      vertex 411.289 7.76997 34.9206
      vertex 405.378 7.76997 34.9206
    endloop
  endfacet
  facet normal 0 0.937587 0.347751
    outer loop
      vertex 411.289 7.02373 36.5079
      vertex 405.378 6.435 38.0952
      vertex 411.289 6.435 38.0952
    endloop
  endfacet
  facet normal 0 0.937587 0.347751
    outer loop
      vertex 405.378 6.435 38.0952
      vertex 411.289 7.02373 36.5079
      vertex 405.378 7.02373 36.5079
    endloop
  endfacet
  facet normal 0 0.966262 0.25756
    outer loop
      vertex 411.289 6.435 38.0952
      vertex 405.378 6.0119 39.6825
      vertex 411.289 6.0119 39.6825
    endloop
  endfacet
  facet normal 0 0.966262 0.25756
    outer loop
      vertex 405.378 6.0119 39.6825
      vertex 411.289 6.435 38.0952
      vertex 405.378 6.435 38.0952
    endloop
  endfacet
  facet normal 0 0.98717 0.159671
    outer loop
      vertex 411.289 6.0119 39.6825
      vertex 405.378 5.75516 41.2698
      vertex 411.289 5.75516 41.2698
    endloop
  endfacet
  facet normal 0 0.98717 0.159671
    outer loop
      vertex 405.378 5.75516 41.2698
      vertex 411.289 6.0119 39.6825
      vertex 405.378 6.0119 39.6825
    endloop
  endfacet
  facet normal 0 0.998168 0.0605076
    outer loop
      vertex 411.289 5.75516 41.2698
      vertex 405.378 5.65894 42.8571
      vertex 411.289 5.65894 42.8571
    endloop
  endfacet
  facet normal 0 0.998168 0.0605076
    outer loop
      vertex 405.378 5.65894 42.8571
      vertex 411.289 5.75516 41.2698
      vertex 405.378 5.75516 41.2698
    endloop
  endfacet
  facet normal 0 0.999443 -0.0333651
    outer loop
      vertex 411.289 5.65894 42.8571
      vertex 405.378 5.71193 44.4444
      vertex 411.289 5.71193 44.4444
    endloop
  endfacet
  facet normal 0 0.999443 -0.0333651
    outer loop
      vertex 405.378 5.71193 44.4444
      vertex 411.289 5.65894 42.8571
      vertex 405.378 5.65894 42.8571
    endloop
  endfacet
  facet normal 0 0.993161 -0.116754
    outer loop
      vertex 411.289 5.71193 44.4444
      vertex 405.378 5.89853 46.0317
      vertex 411.289 5.89853 46.0317
    endloop
  endfacet
  facet normal 0 0.993161 -0.116754
    outer loop
      vertex 405.378 5.89853 46.0317
      vertex 411.289 5.71193 44.4444
      vertex 405.378 5.71193 44.4444
    endloop
  endfacet
  facet normal 0 0.982424 -0.186662
    outer loop
      vertex 411.289 5.89853 46.0317
      vertex 405.378 6.20012 47.619
      vertex 411.289 6.20012 47.619
    endloop
  endfacet
  facet normal 0 0.982424 -0.186662
    outer loop
      vertex 405.378 6.20012 47.619
      vertex 411.289 5.89853 46.0317
      vertex 405.378 5.89853 46.0317
    endloop
  endfacet
  facet normal 0 0.970247 -0.242119
    outer loop
      vertex 411.289 6.20012 47.619
      vertex 405.378 6.59622 49.2063
      vertex 411.289 6.59622 49.2063
    endloop
  endfacet
  facet normal 0 0.970247 -0.242119
    outer loop
      vertex 405.378 6.59622 49.2063
      vertex 411.289 6.20012 47.619
      vertex 405.378 6.20012 47.619
    endloop
  endfacet
  facet normal 0 0.958931 -0.283638
    outer loop
      vertex 411.289 6.59622 49.2063
      vertex 405.378 7.06572 50.7936
      vertex 411.289 7.06572 50.7936
    endloop
  endfacet
  facet normal 0 0.958931 -0.283638
    outer loop
      vertex 405.378 7.06572 50.7936
      vertex 411.289 6.59622 49.2063
      vertex 405.378 6.59622 49.2063
    endloop
  endfacet
  facet normal 0 0.949951 -0.312399
    outer loop
      vertex 411.289 7.06572 50.7936
      vertex 405.378 7.58775 52.381
      vertex 411.289 7.58775 52.381
    endloop
  endfacet
  facet normal 0 0.949951 -0.312399
    outer loop
      vertex 405.378 7.58775 52.381
      vertex 411.289 7.06572 50.7936
      vertex 405.378 7.06572 50.7936
    endloop
  endfacet
  facet normal 0 0.943996 -0.329958
    outer loop
      vertex 411.289 7.58775 52.381
      vertex 405.378 8.14253 53.9682
      vertex 411.289 8.14253 53.9682
    endloop
  endfacet
  facet normal 0 0.943996 -0.329958
    outer loop
      vertex 405.378 8.14253 53.9682
      vertex 411.289 7.58775 52.381
      vertex 405.378 7.58775 52.381
    endloop
  endfacet
  facet normal 0 0.941264 -0.33767
    outer loop
      vertex 411.289 8.14253 53.9682
      vertex 405.378 8.71196 55.5555
      vertex 411.289 8.71196 55.5555
    endloop
  endfacet
  facet normal 0 0.941264 -0.33767
    outer loop
      vertex 405.378 8.71196 55.5555
      vertex 411.289 8.14253 53.9682
      vertex 405.378 8.14253 53.9682
    endloop
  endfacet
  facet normal 0 0.941527 -0.336937
    outer loop
      vertex 411.289 8.71196 55.5555
      vertex 405.378 9.28003 57.1429
      vertex 411.289 9.28003 57.1429
    endloop
  endfacet
  facet normal 0 0.941527 -0.336937
    outer loop
      vertex 405.378 9.28003 57.1429
      vertex 411.289 8.71196 55.5555
      vertex 405.378 8.71196 55.5555
    endloop
  endfacet
  facet normal 0 0.944323 -0.32902
    outer loop
      vertex 411.289 9.28003 57.1429
      vertex 405.378 9.83304 58.7301
      vertex 411.289 9.83304 58.7301
    endloop
  endfacet
  facet normal 0 0.944323 -0.32902
    outer loop
      vertex 405.378 9.83304 58.7301
      vertex 411.289 9.28003 57.1429
      vertex 405.378 9.28003 57.1429
    endloop
  endfacet
  facet normal 0 0.949126 -0.314897
    outer loop
      vertex 411.289 9.83304 58.7301
      vertex 405.378 10.3597 60.3175
      vertex 411.289 10.3597 60.3175
    endloop
  endfacet
  facet normal 0 0.949126 -0.314897
    outer loop
      vertex 405.378 10.3597 60.3175
      vertex 411.289 9.83304 58.7301
      vertex 405.378 9.83304 58.7301
    endloop
  endfacet
  facet normal 0 0.955304 -0.295625
    outer loop
      vertex 411.289 10.3597 60.3175
      vertex 405.378 10.8509 61.9048
      vertex 411.289 10.8509 61.9048
    endloop
  endfacet
  facet normal 0 0.955304 -0.295625
    outer loop
      vertex 405.378 10.8509 61.9048
      vertex 411.289 10.3597 60.3175
      vertex 405.378 10.3597 60.3175
    endloop
  endfacet
  facet normal 0 0.962228 -0.272246
    outer loop
      vertex 411.289 10.8509 61.9048
      vertex 405.378 11.3 63.4921
      vertex 411.289 11.3 63.4921
    endloop
  endfacet
  facet normal 0 0.962228 -0.272246
    outer loop
      vertex 405.378 11.3 63.4921
      vertex 411.289 10.8509 61.9048
      vertex 405.378 10.8509 61.9048
    endloop
  endfacet
  facet normal 0 0.969423 -0.245394
    outer loop
      vertex 411.289 11.3 63.4921
      vertex 405.378 11.7018 65.0794
      vertex 411.289 11.7018 65.0794
    endloop
  endfacet
  facet normal 0 0.969423 -0.245394
    outer loop
      vertex 405.378 11.7018 65.0794
      vertex 411.289 11.3 63.4921
      vertex 405.378 11.3 63.4921
    endloop
  endfacet
  facet normal 0 0.976373 -0.21609
    outer loop
      vertex 411.289 11.7018 65.0794
      vertex 405.378 12.0531 66.6667
      vertex 411.289 12.0531 66.6667
    endloop
  endfacet
  facet normal 0 0.976373 -0.21609
    outer loop
      vertex 405.378 12.0531 66.6667
      vertex 411.289 11.7018 65.0794
      vertex 405.378 11.7018 65.0794
    endloop
  endfacet
  facet normal 0 0.982739 -0.184995
    outer loop
      vertex 411.289 12.0531 66.6667
      vertex 405.378 12.3519 68.254
      vertex 411.289 12.3519 68.254
    endloop
  endfacet
  facet normal 0 0.982739 -0.184995
    outer loop
      vertex 405.378 12.3519 68.254
      vertex 411.289 12.0531 66.6667
      vertex 405.378 12.0531 66.6667
    endloop
  endfacet
  facet normal 0 0.988269 -0.152726
    outer loop
      vertex 411.289 12.3519 68.254
      vertex 405.378 12.5972 69.8413
      vertex 411.289 12.5972 69.8413
    endloop
  endfacet
  facet normal 0 0.988269 -0.152726
    outer loop
      vertex 405.378 12.5972 69.8413
      vertex 411.289 12.3519 68.254
      vertex 405.378 12.3519 68.254
    endloop
  endfacet
  facet normal 0 0.992793 -0.119838
    outer loop
      vertex 411.289 12.5972 69.8413
      vertex 405.378 12.7888 71.4286
      vertex 411.289 12.7888 71.4286
    endloop
  endfacet
  facet normal 0 0.992793 -0.119838
    outer loop
      vertex 405.378 12.7888 71.4286
      vertex 411.289 12.5972 69.8413
      vertex 405.378 12.5972 69.8413
    endloop
  endfacet
  facet normal 0 0.996226 -0.0868002
    outer loop
      vertex 411.289 12.7888 71.4286
      vertex 405.378 12.9271 73.0159
      vertex 411.289 12.9271 73.0159
    endloop
  endfacet
  facet normal 0 0.996226 -0.0868002
    outer loop
      vertex 405.378 12.9271 73.0159
      vertex 411.289 12.7888 71.4286
      vertex 405.378 12.7888 71.4286
    endloop
  endfacet
  facet normal 0 0.998546 -0.0539125
    outer loop
      vertex 411.289 12.9271 73.0159
      vertex 405.378 13.0128 74.6032
      vertex 411.289 13.0128 74.6032
    endloop
  endfacet
  facet normal 0 0.998546 -0.0539125
    outer loop
      vertex 405.378 13.0128 74.6032
      vertex 411.289 12.9271 73.0159
      vertex 405.378 12.9271 73.0159
    endloop
  endfacet
  facet normal 0 0.999772 -0.0213522
    outer loop
      vertex 411.289 13.0128 74.6032
      vertex 405.378 13.0467 76.1905
      vertex 411.289 13.0467 76.1905
    endloop
  endfacet
  facet normal 0 0.999772 -0.0213522
    outer loop
      vertex 405.378 13.0467 76.1905
      vertex 411.289 13.0128 74.6032
      vertex 405.378 13.0128 74.6032
    endloop
  endfacet
  facet normal 0 0.999943 0.0107094
    outer loop
      vertex 411.289 13.0467 76.1905
      vertex 405.378 13.0297 77.7778
      vertex 411.289 13.0297 77.7778
    endloop
  endfacet
  facet normal 0 0.999943 0.0107094
    outer loop
      vertex 405.378 13.0297 77.7778
      vertex 411.289 13.0467 76.1905
      vertex 405.378 13.0467 76.1905
    endloop
  endfacet
  facet normal 0 0.999116 0.0420468
    outer loop
      vertex 411.289 13.0297 77.7778
      vertex 405.378 12.9629 79.3651
      vertex 411.289 12.9629 79.3651
    endloop
  endfacet
  facet normal 0 0.999116 0.0420468
    outer loop
      vertex 405.378 12.9629 79.3651
      vertex 411.289 13.0297 77.7778
      vertex 405.378 13.0297 77.7778
    endloop
  endfacet
  facet normal 0 0.997354 0.0726982
    outer loop
      vertex 411.289 12.9629 79.3651
      vertex 405.378 12.8472 80.9524
      vertex 411.289 12.8472 80.9524
    endloop
  endfacet
  facet normal 0 0.997354 0.0726982
    outer loop
      vertex 405.378 12.8472 80.9524
      vertex 411.289 12.9629 79.3651
      vertex 405.378 12.9629 79.3651
    endloop
  endfacet
  facet normal 0 0.99473 0.102525
    outer loop
      vertex 411.289 12.8472 80.9524
      vertex 405.378 12.6836 82.5397
      vertex 411.289 12.6836 82.5397
    endloop
  endfacet
  facet normal 0 0.99473 0.102525
    outer loop
      vertex 405.378 12.6836 82.5397
      vertex 411.289 12.8472 80.9524
      vertex 405.378 12.8472 80.9524
    endloop
  endfacet
  facet normal 0 0.991329 0.131403
    outer loop
      vertex 411.289 12.6836 82.5397
      vertex 405.378 12.4732 84.127
      vertex 411.289 12.4732 84.127
    endloop
  endfacet
  facet normal 0 0.991329 0.131403
    outer loop
      vertex 405.378 12.4732 84.127
      vertex 411.289 12.6836 82.5397
      vertex 405.378 12.6836 82.5397
    endloop
  endfacet
  facet normal 0 0.987252 0.159162
    outer loop
      vertex 411.289 12.4732 84.127
      vertex 405.378 12.2173 85.7143
      vertex 411.289 12.2173 85.7143
    endloop
  endfacet
  facet normal 0 0.987252 0.159162
    outer loop
      vertex 405.378 12.2173 85.7143
      vertex 411.289 12.4732 84.127
      vertex 405.378 12.4732 84.127
    endloop
  endfacet
  facet normal 0 0.982604 0.185712
    outer loop
      vertex 411.289 12.2173 85.7143
      vertex 405.378 11.9173 87.3016
      vertex 411.289 11.9173 87.3016
    endloop
  endfacet
  facet normal 0 0.982604 0.185712
    outer loop
      vertex 405.378 11.9173 87.3016
      vertex 411.289 12.2173 85.7143
      vertex 405.378 12.2173 85.7143
    endloop
  endfacet
  facet normal 0 0.977567 0.210627
    outer loop
      vertex 411.289 11.9173 87.3016
      vertex 405.378 11.5753 88.8889
      vertex 411.289 11.5753 88.8889
    endloop
  endfacet
  facet normal 0 0.977567 0.210627
    outer loop
      vertex 405.378 11.5753 88.8889
      vertex 411.289 11.9173 87.3016
      vertex 405.378 11.9173 87.3016
    endloop
  endfacet
  facet normal 0 0.972297 0.233748
    outer loop
      vertex 411.289 11.5753 88.8889
      vertex 405.378 11.1937 90.4762
      vertex 411.289 11.1937 90.4762
    endloop
  endfacet
  facet normal 0 0.972297 0.233748
    outer loop
      vertex 405.378 11.1937 90.4762
      vertex 411.289 11.5753 88.8889
      vertex 405.378 11.5753 88.8889
    endloop
  endfacet
  facet normal 0 0.967031 0.254658
    outer loop
      vertex 411.289 11.1937 90.4762
      vertex 405.378 10.7757 92.0635
      vertex 411.289 10.7757 92.0635
    endloop
  endfacet
  facet normal 0 0.967031 0.254658
    outer loop
      vertex 405.378 10.7757 92.0635
      vertex 411.289 11.1937 90.4762
      vertex 405.378 11.1937 90.4762
    endloop
  endfacet
  facet normal 0 0.962005 0.273032
    outer loop
      vertex 411.289 10.7757 92.0635
      vertex 405.378 10.3252 93.6508
      vertex 411.289 10.3252 93.6508
    endloop
  endfacet
  facet normal 0 0.962005 0.273032
    outer loop
      vertex 405.378 10.3252 93.6508
      vertex 411.289 10.7757 92.0635
      vertex 405.378 10.7757 92.0635
    endloop
  endfacet
  facet normal 0 0.957525 0.288349
    outer loop
      vertex 411.289 10.3252 93.6508
      vertex 405.378 9.8472 95.2381
      vertex 411.289 9.8472 95.2381
    endloop
  endfacet
  facet normal 0 0.957525 0.288349
    outer loop
      vertex 405.378 9.8472 95.2381
      vertex 411.289 10.3252 93.6508
      vertex 405.378 10.3252 93.6508
    endloop
  endfacet
  facet normal 0 0.953855 0.300266
    outer loop
      vertex 411.289 9.8472 95.2381
      vertex 405.378 9.34753 96.8254
      vertex 411.289 9.34753 96.8254
    endloop
  endfacet
  facet normal 0 0.953855 0.300266
    outer loop
      vertex 405.378 9.34753 96.8254
      vertex 411.289 9.8472 95.2381
      vertex 405.378 9.8472 95.2381
    endloop
  endfacet
  facet normal 0 0.951288 0.308304
    outer loop
      vertex 411.289 9.34753 96.8254
      vertex 405.378 8.8331 98.4127
      vertex 411.289 8.8331 98.4127
    endloop
  endfacet
  facet normal 0 0.951288 0.308304
    outer loop
      vertex 405.378 8.8331 98.4127
      vertex 411.289 9.34753 96.8254
      vertex 405.378 9.34753 96.8254
    endloop
  endfacet
  facet normal 0 0.950085 0.31199
    outer loop
      vertex 411.289 8.8331 98.4127
      vertex 405.378 8.31186 100
      vertex 411.289 8.31186 100
    endloop
  endfacet
  facet normal 0 0.950085 0.31199
    outer loop
      vertex 405.378 8.31186 100
      vertex 411.289 8.8331 98.4127
      vertex 405.378 8.8331 98.4127
    endloop
  endfacet
  facet normal 0 0.870917 -0.491429
    outer loop
      vertex 411.289 8.05429 0
      vertex 405.378 8.94995 1.5873
      vertex 411.289 8.94995 1.5873
    endloop
  endfacet
  facet normal 0 0.870917 -0.491429
    outer loop
      vertex 405.378 8.94995 1.5873
      vertex 411.289 8.05429 0
      vertex 405.378 8.05429 0
    endloop
  endfacet
  facet normal -1 0 0
    outer loop
      vertex 413.156 16.4537 17.4603
      vertex 413.156 16.6543 20.6349
      vertex 413.156 16.6721 19.0476
    endloop
  endfacet
  facet normal -1 0 0
    outer loop
      vertex 413.156 16.4537 17.4603
      vertex 413.156 16.4072 22.2222
      vertex 413.156 16.6543 20.6349
    endloop
  endfacet
  facet normal -1 0 0
    outer loop
      vertex 413.156 16.0034 15.873
      vertex 413.156 16.4072 22.2222
      vertex 413.156 16.4537 17.4603
    endloop
  endfacet
  facet normal -1 0 0
    outer loop
      vertex 413.156 16.0034 15.873
      vertex 413.156 15.9485 23.8095
      vertex 413.156 16.4072 22.2222
    endloop
  endfacet
  facet normal -1 0 0
    outer loop
      vertex 413.156 15.338 14.2857
      vertex 413.156 15.9485 23.8095
      vertex 413.156 16.0034 15.873
    endloop
  endfacet
  facet normal -1 0 0
    outer loop
      vertex 413.156 15.338 14.2857
      vertex 413.156 15.3046 25.3968
      vertex 413.156 15.9485 23.8095
    endloop
  endfacet
  facet normal -1 0 0
    outer loop
      vertex 413.156 14.4859 12.6984
      vertex 413.156 15.3046 25.3968
      vertex 413.156 15.338 14.2857
    endloop
  endfacet
  facet normal -1 -0 0
    outer loop
      vertex 413.156 15.3046 25.3968
      vertex 413.156 14.4859 12.6984
      vertex 413.156 14.5084 26.9841
    endloop
  endfacet
  facet normal -1 0 0
    outer loop
      vertex 413.156 13.487 11.1111
      vertex 413.156 14.5084 26.9841
      vertex 413.156 14.4859 12.6984
    endloop
  endfacet
  facet normal -1 -0 0
    outer loop
      vertex 413.156 14.5084 26.9841
      vertex 413.156 13.487 11.1111
      vertex 413.156 13.5977 28.5714
    endloop
  endfacet
  facet normal -1 0 0
    outer loop
      vertex 413.156 12.3903 9.5238
      vertex 413.156 13.5977 28.5714
      vertex 413.156 13.487 11.1111
    endloop
  endfacet
  facet normal -1 -0 0
    outer loop
      vertex 413.156 13.5977 28.5714
      vertex 413.156 12.3903 9.5238
      vertex 413.156 12.6125 30.1587
    endloop
  endfacet
  facet normal -1 0 0
    outer loop
      vertex 413.156 11.2522 7.93649
      vertex 413.156 12.6125 30.1587
      vertex 413.156 12.3903 9.5238
    endloop
  endfacet
  facet normal -1 -0 0
    outer loop
      vertex 413.156 12.6125 30.1587
      vertex 413.156 11.2522 7.93649
      vertex 413.156 11.5928 31.746
    endloop
  endfacet
  facet normal -1 0 0
    outer loop
      vertex 413.156 0 0
      vertex 413.156 11.5928 31.746
      vertex 413.156 11.2522 7.93649
    endloop
  endfacet
  facet normal -1 0 0
    outer loop
      vertex 413.156 0 0
      vertex 413.156 11.2522 7.93649
      vertex 413.156 10.1332 6.3492
    endloop
  endfacet
  facet normal -1 -0 0
    outer loop
      vertex 413.156 11.5928 31.746
      vertex 413.156 0 0
      vertex 413.156 10.5768 33.3333
    endloop
  endfacet
  facet normal -1 0 0
    outer loop
      vertex 413.156 0 0
      vertex 413.156 10.1332 6.3492
      vertex 413.156 9.09486 4.7619
    endloop
  endfacet
  facet normal -1 -0 0
    outer loop
      vertex 413.156 10.5768 33.3333
      vertex 413.156 0 0
      vertex 413.156 9.59924 34.9206
    endloop
  endfacet
  facet normal -1 0 0
    outer loop
      vertex 413.156 0 0
      vertex 413.156 9.09486 4.7619
      vertex 413.156 8.19608 3.17459
    endloop
  endfacet
  facet normal -1 -0 0
    outer loop
      vertex 413.156 9.59924 34.9206
      vertex 413.156 0 0
      vertex 413.156 8.68999 36.5079
    endloop
  endfacet
  facet normal -1 0 0
    outer loop
      vertex 413.156 0 0
      vertex 413.156 8.19608 3.17459
      vertex 413.156 7.48967 1.5873
    endloop
  endfacet
  facet normal -1 -0 0
    outer loop
      vertex 413.156 8.68999 36.5079
      vertex 413.156 0 0
      vertex 413.156 7.87329 38.0952
    endloop
  endfacet
  facet normal -1 0 0
    outer loop
      vertex 413.156 0 0
      vertex 413.156 7.48967 1.5873
      vertex 413.156 7.01906 0
    endloop
  endfacet
  facet normal -1 -0 0
    outer loop
      vertex 413.156 7.87329 38.0952
      vertex 413.156 0 0
      vertex 413.156 7.16716 39.6825
    endloop
  endfacet
  facet normal -1 -0 0
    outer loop
      vertex 413.156 7.16716 39.6825
      vertex 413.156 0 0
      vertex 413.156 6.58339 41.2698
    endloop
  endfacet
  facet normal -1 -0 0
    outer loop
      vertex 413.156 6.58339 41.2698
      vertex 413.156 0 0
      vertex 413.156 6.12767 42.8571
    endloop
  endfacet
  facet normal -1 -0 0
    outer loop
      vertex 413.156 6.12767 42.8571
      vertex 413.156 0 0
      vertex 413.156 5.80016 44.4444
    endloop
  endfacet
  facet normal -1 -0 0
    outer loop
      vertex 413.156 5.80016 44.4444
      vertex 413.156 0 0
      vertex 413.156 5.59618 46.0317
    endloop
  endfacet
  facet normal -1 0 0
    outer loop
      vertex 413.156 5.80113 52.381
      vertex 413.156 5.22963 98.4127
      vertex 413.156 5.47668 96.8254
    endloop
  endfacet
  facet normal -1 0 0
    outer loop
      vertex 413.156 5.52101 49.2063
      vertex 413.156 0 100
      vertex 413.156 5.22963 98.4127
    endloop
  endfacet
  facet normal -1 -0 0
    outer loop
      vertex 413.156 5.59618 46.0317
      vertex 413.156 0 0
      vertex 413.156 5.50705 47.619
    endloop
  endfacet
  facet normal -1 0 0
    outer loop
      vertex 413.156 0 100
      vertex 413.156 5.50705 47.619
      vertex 413.156 0 0
    endloop
  endfacet
  facet normal -1 0 0
    outer loop
      vertex 413.156 5.22963 98.4127
      vertex 413.156 0 100
      vertex 413.156 5.02771 100
    endloop
  endfacet
  facet normal -1 0 0
    outer loop
      vertex 413.156 8.83441 73.0159
      vertex 413.156 8.79903 76.1905
      vertex 413.156 8.84039 74.6032
    endloop
  endfacet
  facet normal -1 0 0
    outer loop
      vertex 413.156 8.78084 71.4286
      vertex 413.156 8.79903 76.1905
      vertex 413.156 8.83441 73.0159
    endloop
  endfacet
  facet normal -1 0 0
    outer loop
      vertex 413.156 8.78084 71.4286
      vertex 413.156 8.71138 77.7778
      vertex 413.156 8.79903 76.1905
    endloop
  endfacet
  facet normal -1 0 0
    outer loop
      vertex 413.156 8.68028 69.8413
      vertex 413.156 8.71138 77.7778
      vertex 413.156 8.78084 71.4286
    endloop
  endfacet
  facet normal -1 0 0
    outer loop
      vertex 413.156 8.68028 69.8413
      vertex 413.156 8.57924 79.3651
      vertex 413.156 8.71138 77.7778
    endloop
  endfacet
  facet normal -1 0 0
    outer loop
      vertex 413.156 8.53432 68.254
      vertex 413.156 8.57924 79.3651
      vertex 413.156 8.68028 69.8413
    endloop
  endfacet
  facet normal -1 0 0
    outer loop
      vertex 413.156 8.53432 68.254
      vertex 413.156 8.40518 80.9524
      vertex 413.156 8.57924 79.3651
    endloop
  endfacet
  facet normal -1 0 0
    outer loop
      vertex 413.156 8.34549 66.6667
      vertex 413.156 8.40518 80.9524
      vertex 413.156 8.53432 68.254
    endloop
  endfacet
  facet normal -1 0 0
    outer loop
      vertex 413.156 8.34549 66.6667
      vertex 413.156 8.19254 82.5397
      vertex 413.156 8.40518 80.9524
    endloop
  endfacet
  facet normal -1 0 0
    outer loop
      vertex 413.156 8.11758 65.0794
      vertex 413.156 8.19254 82.5397
      vertex 413.156 8.34549 66.6667
    endloop
  endfacet
  facet normal -1 0 0
    outer loop
      vertex 413.156 8.11758 65.0794
      vertex 413.156 7.94537 84.127
      vertex 413.156 8.19254 82.5397
    endloop
  endfacet
  facet normal -1 0 0
    outer loop
      vertex 413.156 7.85561 63.4921
      vertex 413.156 7.94537 84.127
      vertex 413.156 8.11758 65.0794
    endloop
  endfacet
  facet normal -1 0 0
    outer loop
      vertex 413.156 7.85561 63.4921
      vertex 413.156 7.66858 85.7143
      vertex 413.156 7.94537 84.127
    endloop
  endfacet
  facet normal -1 0 0
    outer loop
      vertex 413.156 7.56602 61.9048
      vertex 413.156 7.66858 85.7143
      vertex 413.156 7.85561 63.4921
    endloop
  endfacet
  facet normal -1 0 0
    outer loop
      vertex 413.156 7.56602 61.9048
      vertex 413.156 7.36784 87.3016
      vertex 413.156 7.66858 85.7143
    endloop
  endfacet
  facet normal -1 0 0
    outer loop
      vertex 413.156 7.25676 60.3175
      vertex 413.156 7.36784 87.3016
      vertex 413.156 7.56602 61.9048
    endloop
  endfacet
  facet normal -1 0 0
    outer loop
      vertex 413.156 7.25676 60.3175
      vertex 413.156 7.04967 88.8889
      vertex 413.156 7.36784 87.3016
    endloop
  endfacet
  facet normal -1 0 0
    outer loop
      vertex 413.156 6.93733 58.7301
      vertex 413.156 7.04967 88.8889
      vertex 413.156 7.25676 60.3175
    endloop
  endfacet
  facet normal -1 0 0
    outer loop
      vertex 413.156 6.93733 58.7301
      vertex 413.156 6.72133 90.4762
      vertex 413.156 7.04967 88.8889
    endloop
  endfacet
  facet normal -1 0 0
    outer loop
      vertex 413.156 6.6188 57.1429
      vertex 413.156 6.72133 90.4762
      vertex 413.156 6.93733 58.7301
    endloop
  endfacet
  facet normal -1 0 0
    outer loop
      vertex 413.156 6.6188 57.1429
      vertex 413.156 6.3909 92.0635
      vertex 413.156 6.72133 90.4762
    endloop
  endfacet
  facet normal -1 0 0
    outer loop
      vertex 413.156 6.31381 55.5555
      vertex 413.156 6.3909 92.0635
      vertex 413.156 6.6188 57.1429
    endloop
  endfacet
  facet normal -1 0 0
    outer loop
      vertex 413.156 6.31381 55.5555
      vertex 413.156 6.06706 93.6508
      vertex 413.156 6.3909 92.0635
    endloop
  endfacet
  facet normal -1 0 0
    outer loop
      vertex 413.156 6.03625 53.9682
      vertex 413.156 6.06706 93.6508
      vertex 413.156 6.31381 55.5555
    endloop
  endfacet
  facet normal -1 0 0
    outer loop
      vertex 413.156 5.47668 96.8254
      vertex 413.156 6.03625 53.9682
      vertex 413.156 5.80113 52.381
    endloop
  endfacet
  facet normal -1 0 0
    outer loop
      vertex 413.156 6.03625 53.9682
      vertex 413.156 5.75911 95.2381
      vertex 413.156 6.06706 93.6508
    endloop
  endfacet
  facet normal -1 0 0
    outer loop
      vertex 413.156 5.22963 98.4127
      vertex 413.156 5.80113 52.381
      vertex 413.156 5.62413 50.7936
    endloop
  endfacet
  facet normal -1 0 0
    outer loop
      vertex 413.156 5.22963 98.4127
      vertex 413.156 5.62413 50.7936
      vertex 413.156 5.52101 49.2063
    endloop
  endfacet
  facet normal -1 0 0
    outer loop
      vertex 413.156 0 100
      vertex 413.156 5.52101 49.2063
      vertex 413.156 5.50705 47.619
    endloop
  endfacet
  facet normal -1 0 0
    outer loop
      vertex 413.156 6.03625 53.9682
      vertex 413.156 5.47668 96.8254
      vertex 413.156 5.75911 95.2381
    endloop
  endfacet
  facet normal 1 0 0
    outer loop
      vertex 419.067 8.79903 76.1905
      vertex 419.067 8.83441 73.0159
      vertex 419.067 8.84039 74.6032
    endloop
  endfacet
  facet normal 1 0 0
    outer loop
      vertex 419.067 0 100
      vertex 419.067 8.83441 73.0159
      vertex 419.067 8.79903 76.1905
    endloop
  endfacet
  facet normal 1 0 0
    outer loop
      vertex 419.067 0 100
      vertex 419.067 8.79903 76.1905
      vertex 419.067 8.71138 77.7778
    endloop
  endfacet
  facet normal 1 0 0
    outer loop
      vertex 419.067 8.83441 73.0159
      vertex 419.067 0 100
      vertex 419.067 8.78084 71.4286
    endloop
  endfacet
  facet normal 1 0 0
    outer loop
      vertex 419.067 0 100
      vertex 419.067 8.71138 77.7778
      vertex 419.067 8.57924 79.3651
    endloop
  endfacet
  facet normal 1 0 0
    outer loop
      vertex 419.067 8.78084 71.4286
      vertex 419.067 0 100
      vertex 419.067 8.68028 69.8413
    endloop
  endfacet
  facet normal 1 0 0
    outer loop
      vertex 419.067 0 100
      vertex 419.067 8.57924 79.3651
      vertex 419.067 8.40518 80.9524
    endloop
  endfacet
  facet normal 1 0 0
    outer loop
      vertex 419.067 8.68028 69.8413
      vertex 419.067 0 100
      vertex 419.067 8.53432 68.254
    endloop
  endfacet
  facet normal 1 0 0
    outer loop
      vertex 419.067 0 100
      vertex 419.067 8.40518 80.9524
      vertex 419.067 8.19254 82.5397
    endloop
  endfacet
  facet normal 1 0 0
    outer loop
      vertex 419.067 8.53432 68.254
      vertex 419.067 0 100
      vertex 419.067 8.34549 66.6667
    endloop
  endfacet
  facet normal 1 0 0
    outer loop
      vertex 419.067 0 100
      vertex 419.067 8.19254 82.5397
      vertex 419.067 7.94537 84.127
    endloop
  endfacet
  facet normal 1 0 0
    outer loop
      vertex 419.067 8.34549 66.6667
      vertex 419.067 0 100
      vertex 419.067 8.11758 65.0794
    endloop
  endfacet
  facet normal 1 0 0
    outer loop
      vertex 419.067 0 100
      vertex 419.067 7.94537 84.127
      vertex 419.067 7.66858 85.7143
    endloop
  endfacet
  facet normal 1 0 0
    outer loop
      vertex 419.067 8.11758 65.0794
      vertex 419.067 0 100
      vertex 419.067 7.85561 63.4921
    endloop
  endfacet
  facet normal 1 0 0
    outer loop
      vertex 419.067 0 100
      vertex 419.067 7.66858 85.7143
      vertex 419.067 7.36784 87.3016
    endloop
  endfacet
  facet normal 1 0 0
    outer loop
      vertex 419.067 7.85561 63.4921
      vertex 419.067 0 100
      vertex 419.067 7.56602 61.9048
    endloop
  endfacet
  facet normal 1 0 0
    outer loop
      vertex 419.067 0 100
      vertex 419.067 7.36784 87.3016
      vertex 419.067 7.04967 88.8889
    endloop
  endfacet
  facet normal 1 0 0
    outer loop
      vertex 419.067 7.56602 61.9048
      vertex 419.067 0 100
      vertex 419.067 7.25676 60.3175
    endloop
  endfacet
  facet normal 1 0 0
    outer loop
      vertex 419.067 0 100
      vertex 419.067 7.04967 88.8889
      vertex 419.067 6.72133 90.4762
    endloop
  endfacet
  facet normal 1 0 0
    outer loop
      vertex 419.067 7.25676 60.3175
      vertex 419.067 0 100
      vertex 419.067 6.93733 58.7301
    endloop
  endfacet
  facet normal 1 0 0
    outer loop
      vertex 419.067 0 100
      vertex 419.067 6.72133 90.4762
      vertex 419.067 6.3909 92.0635
    endloop
  endfacet
  facet normal 1 0 0
    outer loop
      vertex 419.067 6.93733 58.7301
      vertex 419.067 0 100
      vertex 419.067 6.6188 57.1429
    endloop
  endfacet
  facet normal 1 0 0
    outer loop
      vertex 419.067 0 100
      vertex 419.067 6.3909 92.0635
      vertex 419.067 6.06706 93.6508
    endloop
  endfacet
  facet normal 1 0 0
    outer loop
      vertex 419.067 6.6188 57.1429
      vertex 419.067 0 100
      vertex 419.067 6.31381 55.5555
    endloop
  endfacet
  facet normal 1 0 0
    outer loop
      vertex 419.067 6.31381 55.5555
      vertex 419.067 0 100
      vertex 419.067 6.03625 53.9682
    endloop
  endfacet
  facet normal 1 0 0
    outer loop
      vertex 419.067 0 100
      vertex 419.067 6.06706 93.6508
      vertex 419.067 5.75911 95.2381
    endloop
  endfacet
  facet normal 1 0 0
    outer loop
      vertex 419.067 6.03625 53.9682
      vertex 419.067 0 100
      vertex 419.067 5.80113 52.381
    endloop
  endfacet
  facet normal 1 0 0
    outer loop
      vertex 419.067 5.80113 52.381
      vertex 419.067 0 100
      vertex 419.067 5.62413 50.7936
    endloop
  endfacet
  facet normal 1 0 0
    outer loop
      vertex 419.067 5.62413 50.7936
      vertex 419.067 0 100
      vertex 419.067 5.52101 49.2063
    endloop
  endfacet
  facet normal 1 0 0
    outer loop
      vertex 419.067 0 100
      vertex 419.067 5.75911 95.2381
      vertex 419.067 5.47668 96.8254
    endloop
  endfacet
  facet normal 1 0 0
    outer loop
      vertex 419.067 16.6543 20.6349
      vertex 419.067 16.4537 17.4603
      vertex 419.067 16.6721 19.0476
    endloop
  endfacet
  facet normal 1 0 0
    outer loop
      vertex 419.067 16.4072 22.2222
      vertex 419.067 16.4537 17.4603
      vertex 419.067 16.6543 20.6349
    endloop
  endfacet
  facet normal 1 0 0
    outer loop
      vertex 419.067 16.4072 22.2222
      vertex 419.067 16.0034 15.873
      vertex 419.067 16.4537 17.4603
    endloop
  endfacet
  facet normal 1 0 0
    outer loop
      vertex 419.067 15.9485 23.8095
      vertex 419.067 16.0034 15.873
      vertex 419.067 16.4072 22.2222
    endloop
  endfacet
  facet normal 1 0 0
    outer loop
      vertex 419.067 15.9485 23.8095
      vertex 419.067 15.338 14.2857
      vertex 419.067 16.0034 15.873
    endloop
  endfacet
  facet normal 1 0 0
    outer loop
      vertex 419.067 15.3046 25.3968
      vertex 419.067 15.338 14.2857
      vertex 419.067 15.9485 23.8095
    endloop
  endfacet
  facet normal 1 0 0
    outer loop
      vertex 419.067 14.4859 12.6984
      vertex 419.067 15.3046 25.3968
      vertex 419.067 14.5084 26.9841
    endloop
  endfacet
  facet normal 1 0 0
    outer loop
      vertex 419.067 15.3046 25.3968
      vertex 419.067 14.4859 12.6984
      vertex 419.067 15.338 14.2857
    endloop
  endfacet
  facet normal 1 0 0
    outer loop
      vertex 419.067 13.487 11.1111
      vertex 419.067 14.5084 26.9841
      vertex 419.067 13.5977 28.5714
    endloop
  endfacet
  facet normal 1 0 0
    outer loop
      vertex 419.067 14.5084 26.9841
      vertex 419.067 13.487 11.1111
      vertex 419.067 14.4859 12.6984
    endloop
  endfacet
  facet normal 1 0 0
    outer loop
      vertex 419.067 12.3903 9.5238
      vertex 419.067 13.5977 28.5714
      vertex 419.067 12.6125 30.1587
    endloop
  endfacet
  facet normal 1 0 0
    outer loop
      vertex 419.067 13.5977 28.5714
      vertex 419.067 12.3903 9.5238
      vertex 419.067 13.487 11.1111
    endloop
  endfacet
  facet normal 1 0 0
    outer loop
      vertex 419.067 11.2522 7.93649
      vertex 419.067 12.6125 30.1587
      vertex 419.067 11.5928 31.746
    endloop
  endfacet
  facet normal 1 0 0
    outer loop
      vertex 419.067 12.6125 30.1587
      vertex 419.067 11.2522 7.93649
      vertex 419.067 12.3903 9.5238
    endloop
  endfacet
  facet normal 1 0 0
    outer loop
      vertex 419.067 0 0
      vertex 419.067 11.5928 31.746
      vertex 419.067 10.5768 33.3333
    endloop
  endfacet
  facet normal 1 0 0
    outer loop
      vertex 419.067 11.5928 31.746
      vertex 419.067 0 0
      vertex 419.067 11.2522 7.93649
    endloop
  endfacet
  facet normal 1 0 0
    outer loop
      vertex 419.067 0 0
      vertex 419.067 10.5768 33.3333
      vertex 419.067 9.59924 34.9206
    endloop
  endfacet
  facet normal 1 0 0
    outer loop
      vertex 419.067 11.2522 7.93649
      vertex 419.067 0 0
      vertex 419.067 10.1332 6.3492
    endloop
  endfacet
  facet normal 1 0 0
    outer loop
      vertex 419.067 0 0
      vertex 419.067 9.59924 34.9206
      vertex 419.067 8.68999 36.5079
    endloop
  endfacet
  facet normal 1 0 0
    outer loop
      vertex 419.067 10.1332 6.3492
      vertex 419.067 0 0
      vertex 419.067 9.09486 4.7619
    endloop
  endfacet
  facet normal 1 0 0
    outer loop
      vertex 419.067 0 0
      vertex 419.067 8.68999 36.5079
      vertex 419.067 7.87329 38.0952
    endloop
  endfacet
  facet normal 1 0 0
    outer loop
      vertex 419.067 9.09486 4.7619
      vertex 419.067 0 0
      vertex 419.067 8.19608 3.17459
    endloop
  endfacet
  facet normal 1 0 0
    outer loop
      vertex 419.067 0 0
      vertex 419.067 7.87329 38.0952
      vertex 419.067 7.16716 39.6825
    endloop
  endfacet
  facet normal 1 0 0
    outer loop
      vertex 419.067 8.19608 3.17459
      vertex 419.067 0 0
      vertex 419.067 7.48967 1.5873
    endloop
  endfacet
  facet normal 1 0 0
    outer loop
      vertex 419.067 0 0
      vertex 419.067 7.16716 39.6825
      vertex 419.067 6.58339 41.2698
    endloop
  endfacet
  facet normal 1 0 0
    outer loop
      vertex 419.067 0 0
      vertex 419.067 6.58339 41.2698
      vertex 419.067 6.12767 42.8571
    endloop
  endfacet
  facet normal 1 0 0
    outer loop
      vertex 419.067 0 0
      vertex 419.067 6.12767 42.8571
      vertex 419.067 5.80016 44.4444
    endloop
  endfacet
  facet normal 1 0 0
    outer loop
      vertex 419.067 0 0
      vertex 419.067 5.80016 44.4444
      vertex 419.067 5.59618 46.0317
    endloop
  endfacet
  facet normal 1 0 0
    outer loop
      vertex 419.067 0 0
      vertex 419.067 5.59618 46.0317
      vertex 419.067 5.50705 47.619
    endloop
  endfacet
  facet normal 1 0 0
    outer loop
      vertex 419.067 0 100
      vertex 419.067 5.47668 96.8254
      vertex 419.067 5.22963 98.4127
    endloop
  endfacet
  facet normal 1 -0 0
    outer loop
      vertex 419.067 0 100
      vertex 419.067 5.22963 98.4127
      vertex 419.067 5.02771 100
    endloop
  endfacet
  facet normal 1 0 0
    outer loop
      vertex 419.067 5.52101 49.2063
      vertex 419.067 0 100
      vertex 419.067 5.50705 47.619
    endloop
  endfacet
  facet normal 1 0 0
    outer loop
      vertex 419.067 0 0
      vertex 419.067 5.50705 47.619
      vertex 419.067 0 100
    endloop
  endfacet
  facet normal 1 0 0
    outer loop
      vertex 419.067 7.48967 1.5873
      vertex 419.067 0 0
      vertex 419.067 7.01906 0
    endloop
  endfacet
  facet normal 0 0.913609 -0.406594
    outer loop
      vertex 419.067 7.48967 1.5873
      vertex 413.156 8.19608 3.17459
      vertex 419.067 8.19608 3.17459
    endloop
  endfacet
  facet normal 0 0.913609 -0.406594
    outer loop
      vertex 413.156 8.19608 3.17459
      vertex 419.067 7.48967 1.5873
      vertex 413.156 7.48967 1.5873
    endloop
  endfacet
  facet normal 0 0.870186 -0.492724
    outer loop
      vertex 419.067 8.19608 3.17459
      vertex 413.156 9.09486 4.7619
      vertex 419.067 9.09486 4.7619
    endloop
  endfacet
  facet normal 0 0.870186 -0.492724
    outer loop
      vertex 413.156 9.09486 4.7619
      vertex 419.067 8.19608 3.17459
      vertex 413.156 8.19608 3.17459
    endloop
  endfacet
  facet normal 0 0.836851 -0.54743
    outer loop
      vertex 419.067 9.09486 4.7619
      vertex 413.156 10.1332 6.3492
      vertex 419.067 10.1332 6.3492
    endloop
  endfacet
  facet normal 0 0.836851 -0.54743
    outer loop
      vertex 413.156 10.1332 6.3492
      vertex 419.067 9.09486 4.7619
      vertex 413.156 9.09486 4.7619
    endloop
  endfacet
  facet normal 0 0.817317 -0.576188
    outer loop
      vertex 419.067 10.1332 6.3492
      vertex 413.156 11.2522 7.93649
      vertex 419.067 11.2522 7.93649
    endloop
  endfacet
  facet normal 0 0.817317 -0.576188
    outer loop
      vertex 413.156 11.2522 7.93649
      vertex 419.067 10.1332 6.3492
      vertex 413.156 10.1332 6.3492
    endloop
  endfacet
  facet normal 0 0.812689 -0.582697
    outer loop
      vertex 419.067 11.2522 7.93649
      vertex 413.156 12.3903 9.5238
      vertex 419.067 12.3903 9.5238
    endloop
  endfacet
  facet normal 0 0.812689 -0.582697
    outer loop
      vertex 413.156 12.3903 9.5238
      vertex 419.067 11.2522 7.93649
      vertex 413.156 11.2522 7.93649
    endloop
  endfacet
  facet normal 0 0.822725 -0.568439
    outer loop
      vertex 419.067 12.3903 9.5238
      vertex 413.156 13.487 11.1111
      vertex 419.067 13.487 11.1111
    endloop
  endfacet
  facet normal 0 0.822725 -0.568439
    outer loop
      vertex 413.156 13.487 11.1111
      vertex 419.067 12.3903 9.5238
      vertex 413.156 12.3903 9.5238
    endloop
  endfacet
  facet normal 0 0.846356 -0.532618
    outer loop
      vertex 419.067 13.487 11.1111
      vertex 413.156 14.4859 12.6984
      vertex 419.067 14.4859 12.6984
    endloop
  endfacet
  facet normal 0 0.846356 -0.532618
    outer loop
      vertex 413.156 14.4859 12.6984
      vertex 419.067 13.487 11.1111
      vertex 413.156 13.487 11.1111
    endloop
  endfacet
  facet normal 0 0.881073 -0.472981
    outer loop
      vertex 419.067 14.4859 12.6984
      vertex 413.156 15.338 14.2857
      vertex 419.067 15.338 14.2857
    endloop
  endfacet
  facet normal 0 0.881073 -0.472981
    outer loop
      vertex 413.156 15.338 14.2857
      vertex 419.067 14.4859 12.6984
      vertex 413.156 14.4859 12.6984
    endloop
  endfacet
  facet normal 0 0.922245 -0.386607
    outer loop
      vertex 419.067 15.338 14.2857
      vertex 413.156 16.0034 15.873
      vertex 419.067 16.0034 15.873
    endloop
  endfacet
  facet normal 0 0.922245 -0.386607
    outer loop
      vertex 413.156 16.0034 15.873
      vertex 419.067 15.338 14.2857
      vertex 413.156 15.338 14.2857
    endloop
  endfacet
  facet normal 0 0.962037 -0.27292
    outer loop
      vertex 419.067 16.0034 15.873
      vertex 413.156 16.4537 17.4603
      vertex 419.067 16.4537 17.4603
    endloop
  endfacet
  facet normal 0 0.962037 -0.27292
    outer loop
      vertex 413.156 16.4537 17.4603
      vertex 419.067 16.0034 15.873
      vertex 413.156 16.0034 15.873
    endloop
  endfacet
  facet normal 0 0.990667 -0.136308
    outer loop
      vertex 419.067 16.4537 17.4603
      vertex 413.156 16.6721 19.0476
      vertex 419.067 16.6721 19.0476
    endloop
  endfacet
  facet normal 0 0.990667 -0.136308
    outer loop
      vertex 413.156 16.6721 19.0476
      vertex 419.067 16.4537 17.4603
      vertex 413.156 16.4537 17.4603
    endloop
  endfacet
  facet normal 0 0.999937 0.0112133
    outer loop
      vertex 419.067 16.6721 19.0476
      vertex 413.156 16.6543 20.6349
      vertex 419.067 16.6543 20.6349
    endloop
  endfacet
  facet normal 0 0.999937 0.0112133
    outer loop
      vertex 413.156 16.6543 20.6349
      vertex 419.067 16.6721 19.0476
      vertex 413.156 16.6721 19.0476
    endloop
  endfacet
  facet normal 0 0.988099 0.15382
    outer loop
      vertex 419.067 16.6543 20.6349
      vertex 413.156 16.4072 22.2222
      vertex 419.067 16.4072 22.2222
    endloop
  endfacet
  facet normal 0 0.988099 0.15382
    outer loop
      vertex 413.156 16.4072 22.2222
      vertex 419.067 16.6543 20.6349
      vertex 413.156 16.6543 20.6349
    endloop
  endfacet
  facet normal 0 0.960691 0.277622
    outer loop
      vertex 419.067 16.4072 22.2222
      vertex 413.156 15.9485 23.8095
      vertex 419.067 15.9485 23.8095
    endloop
  endfacet
  facet normal 0 0.960691 0.277622
    outer loop
      vertex 413.156 15.9485 23.8095
      vertex 419.067 16.4072 22.2222
      vertex 413.156 16.4072 22.2222
    endloop
  endfacet
  facet normal 0 0.926658 0.375906
    outer loop
      vertex 419.067 15.9485 23.8095
      vertex 413.156 15.3046 25.3968
      vertex 419.067 15.3046 25.3968
    endloop
  endfacet
  facet normal 0 0.926658 0.375906
    outer loop
      vertex 413.156 15.3046 25.3968
      vertex 419.067 15.9485 23.8095
      vertex 413.156 15.9485 23.8095
    endloop
  endfacet
  facet normal 0 0.893852 0.448362
    outer loop
      vertex 419.067 15.3046 25.3968
      vertex 413.156 14.5084 26.9841
      vertex 419.067 14.5084 26.9841
    endloop
  endfacet
  facet normal 0 0.893852 0.448362
    outer loop
      vertex 413.156 14.5084 26.9841
      vertex 419.067 15.3046 25.3968
      vertex 413.156 15.3046 25.3968
    endloop
  endfacet
  facet normal 0 0.867378 0.497651
    outer loop
      vertex 419.067 14.5084 26.9841
      vertex 413.156 13.5977 28.5714
      vertex 419.067 13.5977 28.5714
    endloop
  endfacet
  facet normal 0 0.867378 0.497651
    outer loop
      vertex 413.156 13.5977 28.5714
      vertex 419.067 14.5084 26.9841
      vertex 413.156 14.5084 26.9841
    endloop
  endfacet
  facet normal 0 0.849645 0.527355
    outer loop
      vertex 419.067 13.5977 28.5714
      vertex 413.156 12.6125 30.1587
      vertex 419.067 12.6125 30.1587
    endloop
  endfacet
  facet normal 0 0.849645 0.527355
    outer loop
      vertex 413.156 12.6125 30.1587
      vertex 419.067 13.5977 28.5714
      vertex 413.156 13.5977 28.5714
    endloop
  endfacet
  facet normal 0 0.841349 0.540492
    outer loop
      vertex 419.067 12.6125 30.1587
      vertex 413.156 11.5928 31.746
      vertex 419.067 11.5928 31.746
    endloop
  endfacet
  facet normal 0 0.841349 0.540492
    outer loop
      vertex 413.156 11.5928 31.746
      vertex 419.067 12.6125 30.1587
      vertex 413.156 12.6125 30.1587
    endloop
  endfacet
  facet normal 0 0.842241 0.539102
    outer loop
      vertex 419.067 11.5928 31.746
      vertex 413.156 10.5768 33.3333
      vertex 419.067 10.5768 33.3333
    endloop
  endfacet
  facet normal 0 0.842241 0.539102
    outer loop
      vertex 413.156 10.5768 33.3333
      vertex 419.067 11.5928 31.746
      vertex 413.156 11.5928 31.746
    endloop
  endfacet
  facet normal 0 0.851476 0.524393
    outer loop
      vertex 419.067 10.5768 33.3333
      vertex 413.156 9.59924 34.9206
      vertex 419.067 9.59924 34.9206
    endloop
  endfacet
  facet normal 0 0.851476 0.524393
    outer loop
      vertex 413.156 9.59924 34.9206
      vertex 419.067 10.5768 33.3333
      vertex 413.156 10.5768 33.3333
    endloop
  endfacet
  facet normal 0 0.86772 0.497054
    outer loop
      vertex 419.067 9.59924 34.9206
      vertex 413.156 8.68999 36.5079
      vertex 419.067 8.68999 36.5079
    endloop
  endfacet
  facet normal 0 0.86772 0.497054
    outer loop
      vertex 413.156 8.68999 36.5079
      vertex 419.067 9.59924 34.9206
      vertex 413.156 9.59924 34.9206
    endloop
  endfacet
  facet normal 0 0.889203 0.457514
    outer loop
      vertex 419.067 8.68999 36.5079
      vertex 413.156 7.87329 38.0952
      vertex 419.067 7.87329 38.0952
    endloop
  endfacet
  facet normal 0 0.889203 0.457514
    outer loop
      vertex 413.156 7.87329 38.0952
      vertex 419.067 8.68999 36.5079
      vertex 413.156 8.68999 36.5079
    endloop
  endfacet
  facet normal 0 0.91367 0.406457
    outer loop
      vertex 419.067 7.87329 38.0952
      vertex 413.156 7.16716 39.6825
      vertex 419.067 7.16716 39.6825
    endloop
  endfacet
  facet normal 0 0.91367 0.406457
    outer loop
      vertex 413.156 7.16716 39.6825
      vertex 419.067 7.87329 38.0952
      vertex 413.156 7.87329 38.0952
    endloop
  endfacet
  facet normal 0 0.93854 0.345172
    outer loop
      vertex 419.067 7.16716 39.6825
      vertex 413.156 6.58339 41.2698
      vertex 419.067 6.58339 41.2698
    endloop
  endfacet
  facet normal 0 0.93854 0.345172
    outer loop
      vertex 413.156 6.58339 41.2698
      vertex 419.067 7.16716 39.6825
      vertex 413.156 7.16716 39.6825
    endloop
  endfacet
  facet normal 0 0.96117 0.275956
    outer loop
      vertex 419.067 6.58339 41.2698
      vertex 413.156 6.12767 42.8571
      vertex 419.067 6.12767 42.8571
    endloop
  endfacet
  facet normal 0 0.96117 0.275956
    outer loop
      vertex 413.156 6.12767 42.8571
      vertex 419.067 6.58339 41.2698
      vertex 413.156 6.58339 41.2698
    endloop
  endfacet
  facet normal 0 0.97937 0.202075
    outer loop
      vertex 419.067 6.12767 42.8571
      vertex 413.156 5.80016 44.4444
      vertex 419.067 5.80016 44.4444
    endloop
  endfacet
  facet normal 0 0.97937 0.202075
    outer loop
      vertex 413.156 5.80016 44.4444
      vertex 419.067 6.12767 42.8571
      vertex 413.156 6.12767 42.8571
    endloop
  endfacet
  facet normal 0 0.991844 0.127459
    outer loop
      vertex 419.067 5.80016 44.4444
      vertex 413.156 5.59618 46.0317
      vertex 419.067 5.59618 46.0317
    endloop
  endfacet
  facet normal 0 0.991844 0.127459
    outer loop
      vertex 413.156 5.59618 46.0317
      vertex 419.067 5.80016 44.4444
      vertex 413.156 5.80016 44.4444
    endloop
  endfacet
  facet normal 0 0.998427 0.0560636
    outer loop
      vertex 419.067 5.59618 46.0317
      vertex 413.156 5.50705 47.619
      vertex 419.067 5.50705 47.619
    endloop
  endfacet
  facet normal 0 0.998427 0.0560636
    outer loop
      vertex 413.156 5.50705 47.619
      vertex 419.067 5.59618 46.0317
      vertex 413.156 5.59618 46.0317
    endloop
  endfacet
  facet normal 0 0.999961 -0.00879447
    outer loop
      vertex 419.067 5.50705 47.619
      vertex 413.156 5.52101 49.2063
      vertex 419.067 5.52101 49.2063
    endloop
  endfacet
  facet normal 0 0.999961 -0.00879447
    outer loop
      vertex 413.156 5.52101 49.2063
      vertex 419.067 5.50705 47.619
      vertex 413.156 5.50705 47.619
    endloop
  endfacet
  facet normal 0 0.997896 -0.064829
    outer loop
      vertex 419.067 5.52101 49.2063
      vertex 413.156 5.62413 50.7936
      vertex 419.067 5.62413 50.7936
    endloop
  endfacet
  facet normal 0 0.997896 -0.064829
    outer loop
      vertex 413.156 5.62413 50.7936
      vertex 419.067 5.52101 49.2063
      vertex 413.156 5.52101 49.2063
    endloop
  endfacet
  facet normal 0 0.993841 -0.110816
    outer loop
      vertex 419.067 5.62413 50.7936
      vertex 413.156 5.80113 52.381
      vertex 419.067 5.80113 52.381
    endloop
  endfacet
  facet normal 0 0.993841 -0.110816
    outer loop
      vertex 413.156 5.80113 52.381
      vertex 419.067 5.62413 50.7936
      vertex 413.156 5.62413 50.7936
    endloop
  endfacet
  facet normal 0 0.989205 -0.146536
    outer loop
      vertex 419.067 5.80113 52.381
      vertex 413.156 6.03625 53.9682
      vertex 419.067 6.03625 53.9682
    endloop
  endfacet
  facet normal 0 0.989205 -0.146536
    outer loop
      vertex 413.156 6.03625 53.9682
      vertex 419.067 5.80113 52.381
      vertex 413.156 5.80113 52.381
    endloop
  endfacet
  facet normal 0 0.985053 -0.172249
    outer loop
      vertex 419.067 6.03625 53.9682
      vertex 413.156 6.31381 55.5555
      vertex 419.067 6.31381 55.5555
    endloop
  endfacet
  facet normal 0 0.985053 -0.172249
    outer loop
      vertex 413.156 6.31381 55.5555
      vertex 419.067 6.03625 53.9682
      vertex 413.156 6.03625 53.9682
    endloop
  endfacet
  facet normal 0 0.982038 -0.188681
    outer loop
      vertex 419.067 6.31381 55.5555
      vertex 413.156 6.6188 57.1429
      vertex 419.067 6.6188 57.1429
    endloop
  endfacet
  facet normal 0 0.982038 -0.188681
    outer loop
      vertex 413.156 6.6188 57.1429
      vertex 419.067 6.31381 55.5555
      vertex 413.156 6.31381 55.5555
    endloop
  endfacet
  facet normal 0 0.980451 -0.196764
    outer loop
      vertex 419.067 6.6188 57.1429
      vertex 413.156 6.93733 58.7301
      vertex 419.067 6.93733 58.7301
    endloop
  endfacet
  facet normal 0 0.980451 -0.196764
    outer loop
      vertex 413.156 6.93733 58.7301
      vertex 419.067 6.6188 57.1429
      vertex 413.156 6.6188 57.1429
    endloop
  endfacet
  facet normal 0 0.980348 -0.197274
    outer loop
      vertex 419.067 6.93733 58.7301
      vertex 413.156 7.25676 60.3175
      vertex 419.067 7.25676 60.3175
    endloop
  endfacet
  facet normal 0 0.980348 -0.197274
    outer loop
      vertex 413.156 7.25676 60.3175
      vertex 419.067 6.93733 58.7301
      vertex 413.156 6.93733 58.7301
    endloop
  endfacet
  facet normal 0 0.981544 -0.191238
    outer loop
      vertex 419.067 7.25676 60.3175
      vertex 413.156 7.56602 61.9048
      vertex 419.067 7.56602 61.9048
    endloop
  endfacet
  facet normal 0 0.981544 -0.191238
    outer loop
      vertex 413.156 7.56602 61.9048
      vertex 419.067 7.25676 60.3175
      vertex 413.156 7.25676 60.3175
    endloop
  endfacet
  facet normal 0 0.983762 -0.179479
    outer loop
      vertex 419.067 7.56602 61.9048
      vertex 413.156 7.85561 63.4921
      vertex 419.067 7.85561 63.4921
    endloop
  endfacet
  facet normal 0 0.983762 -0.179479
    outer loop
      vertex 413.156 7.85561 63.4921
      vertex 419.067 7.56602 61.9048
      vertex 413.156 7.56602 61.9048
    endloop
  endfacet
  facet normal 0 0.986653 -0.162838
    outer loop
      vertex 419.067 7.85561 63.4921
      vertex 413.156 8.11758 65.0794
      vertex 419.067 8.11758 65.0794
    endloop
  endfacet
  facet normal 0 0.986653 -0.162838
    outer loop
      vertex 413.156 8.11758 65.0794
      vertex 419.067 7.85561 63.4921
      vertex 413.156 7.85561 63.4921
    endloop
  endfacet
  facet normal 0 0.989849 -0.142126
    outer loop
      vertex 419.067 8.11758 65.0794
      vertex 413.156 8.34549 66.6667
      vertex 419.067 8.34549 66.6667
    endloop
  endfacet
  facet normal 0 0.989849 -0.142126
    outer loop
      vertex 413.156 8.34549 66.6667
      vertex 419.067 8.11758 65.0794
      vertex 413.156 8.11758 65.0794
    endloop
  endfacet
  facet normal 0 0.992998 -0.11813
    outer loop
      vertex 419.067 8.34549 66.6667
      vertex 413.156 8.53432 68.254
      vertex 419.067 8.53432 68.254
    endloop
  endfacet
  facet normal 0 0.992998 -0.11813
    outer loop
      vertex 413.156 8.53432 68.254
      vertex 419.067 8.34549 66.6667
      vertex 413.156 8.34549 66.6667
    endloop
  endfacet
  facet normal 0 0.995799 -0.0915686
    outer loop
      vertex 419.067 8.53432 68.254
      vertex 413.156 8.68028 69.8413
      vertex 419.067 8.68028 69.8413
    endloop
  endfacet
  facet normal 0 0.995799 -0.0915686
    outer loop
      vertex 413.156 8.68028 69.8413
      vertex 419.067 8.53432 68.254
      vertex 413.156 8.53432 68.254
    endloop
  endfacet
  facet normal 0 0.997999 -0.0632261
    outer loop
      vertex 419.067 8.68028 69.8413
      vertex 413.156 8.78084 71.4286
      vertex 419.067 8.78084 71.4286
    endloop
  endfacet
  facet normal 0 0.997999 -0.0632261
    outer loop
      vertex 413.156 8.78084 71.4286
      vertex 419.067 8.68028 69.8413
      vertex 413.156 8.68028 69.8413
    endloop
  endfacet
  facet normal 0 0.999431 -0.0337299
    outer loop
      vertex 419.067 8.78084 71.4286
      vertex 413.156 8.83441 73.0159
      vertex 419.067 8.83441 73.0159
    endloop
  endfacet
  facet normal 0 0.999431 -0.0337299
    outer loop
      vertex 413.156 8.83441 73.0159
      vertex 419.067 8.78084 71.4286
      vertex 413.156 8.78084 71.4286
    endloop
  endfacet
  facet normal 0 0.999993 -0.00376738
    outer loop
      vertex 419.067 8.83441 73.0159
      vertex 413.156 8.84039 74.6032
      vertex 419.067 8.84039 74.6032
    endloop
  endfacet
  facet normal 0 0.999993 -0.00376738
    outer loop
      vertex 413.156 8.84039 74.6032
      vertex 419.067 8.83441 73.0159
      vertex 413.156 8.83441 73.0159
    endloop
  endfacet
  facet normal 0 0.999661 0.026048
    outer loop
      vertex 419.067 8.84039 74.6032
      vertex 413.156 8.79903 76.1905
      vertex 419.067 8.79903 76.1905
    endloop
  endfacet
  facet normal 0 0.999661 0.026048
    outer loop
      vertex 413.156 8.79903 76.1905
      vertex 419.067 8.84039 74.6032
      vertex 413.156 8.84039 74.6032
    endloop
  endfacet
  facet normal 0 0.998479 0.0551356
    outer loop
      vertex 419.067 8.79903 76.1905
      vertex 413.156 8.71138 77.7778
      vertex 419.067 8.71138 77.7778
    endloop
  endfacet
  facet normal 0 0.998479 0.0551356
    outer loop
      vertex 413.156 8.71138 77.7778
      vertex 419.067 8.79903 76.1905
      vertex 413.156 8.79903 76.1905
    endloop
  endfacet
  facet normal 0 0.996553 0.0829613
    outer loop
      vertex 419.067 8.71138 77.7778
      vertex 413.156 8.57924 79.3651
      vertex 419.067 8.57924 79.3651
    endloop
  endfacet
  facet normal 0 0.996553 0.0829613
    outer loop
      vertex 413.156 8.57924 79.3651
      vertex 419.067 8.71138 77.7778
      vertex 413.156 8.71138 77.7778
    endloop
  endfacet
  facet normal 0 0.994041 0.109004
    outer loop
      vertex 419.067 8.57924 79.3651
      vertex 413.156 8.40518 80.9524
      vertex 419.067 8.40518 80.9524
    endloop
  endfacet
  facet normal 0 0.994041 0.109004
    outer loop
      vertex 413.156 8.40518 80.9524
      vertex 419.067 8.57924 79.3651
      vertex 413.156 8.57924 79.3651
    endloop
  endfacet
  facet normal 0 0.991146 0.132777
    outer loop
      vertex 419.067 8.40518 80.9524
      vertex 413.156 8.19254 82.5397
      vertex 419.067 8.19254 82.5397
    endloop
  endfacet
  facet normal 0 0.991146 0.132777
    outer loop
      vertex 413.156 8.19254 82.5397
      vertex 419.067 8.40518 80.9524
      vertex 413.156 8.40518 80.9524
    endloop
  endfacet
  facet normal 0 0.988092 0.153863
    outer loop
      vertex 419.067 8.19254 82.5397
      vertex 413.156 7.94537 84.127
      vertex 419.067 7.94537 84.127
    endloop
  endfacet
  facet normal 0 0.988092 0.153863
    outer loop
      vertex 413.156 7.94537 84.127
      vertex 419.067 8.19254 82.5397
      vertex 413.156 8.19254 82.5397
    endloop
  endfacet
  facet normal 0 0.985134 0.171786
    outer loop
      vertex 419.067 7.94537 84.127
      vertex 413.156 7.66858 85.7143
      vertex 419.067 7.66858 85.7143
    endloop
  endfacet
  facet normal 0 0.985134 0.171786
    outer loop
      vertex 413.156 7.66858 85.7143
      vertex 419.067 7.94537 84.127
      vertex 413.156 7.94537 84.127
    endloop
  endfacet
  facet normal 0 0.98252 0.186155
    outer loop
      vertex 419.067 7.66858 85.7143
      vertex 413.156 7.36784 87.3016
      vertex 419.067 7.36784 87.3016
    endloop
  endfacet
  facet normal 0 0.98252 0.186155
    outer loop
      vertex 413.156 7.36784 87.3016
      vertex 419.067 7.66858 85.7143
      vertex 413.156 7.66858 85.7143
    endloop
  endfacet
  facet normal 0 0.980496 0.196538
    outer loop
      vertex 419.067 7.36784 87.3016
      vertex 413.156 7.04967 88.8889
      vertex 419.067 7.04967 88.8889
    endloop
  endfacet
  facet normal 0 0.980496 0.196538
    outer loop
      vertex 413.156 7.04967 88.8889
      vertex 419.067 7.36784 87.3016
      vertex 413.156 7.36784 87.3016
    endloop
  endfacet
  facet normal 0 0.979269 0.202566
    outer loop
      vertex 419.067 7.04967 88.8889
      vertex 413.156 6.72133 90.4762
      vertex 419.067 6.72133 90.4762
    endloop
  endfacet
  facet normal 0 0.979269 0.202566
    outer loop
      vertex 413.156 6.72133 90.4762
      vertex 419.067 7.04967 88.8889
      vertex 413.156 7.04967 88.8889
    endloop
  endfacet
  facet normal 0 0.979012 0.203802
    outer loop
      vertex 419.067 6.72133 90.4762
      vertex 413.156 6.3909 92.0635
      vertex 419.067 6.3909 92.0635
    endloop
  endfacet
  facet normal 0 0.979012 0.203802
    outer loop
      vertex 413.156 6.3909 92.0635
      vertex 419.067 6.72133 90.4762
      vertex 413.156 6.72133 90.4762
    endloop
  endfacet
  facet normal 0 0.979816 0.199901
    outer loop
      vertex 419.067 6.3909 92.0635
      vertex 413.156 6.06706 93.6508
      vertex 419.067 6.06706 93.6508
    endloop
  endfacet
  facet normal 0 0.979816 0.199901
    outer loop
      vertex 413.156 6.06706 93.6508
      vertex 419.067 6.3909 92.0635
      vertex 413.156 6.3909 92.0635
    endloop
  endfacet
  facet normal 0 0.981695 0.190457
    outer loop
      vertex 419.067 6.06706 93.6508
      vertex 413.156 5.75911 95.2381
      vertex 419.067 5.75911 95.2381
    endloop
  endfacet
  facet normal 0 0.981695 0.190457
    outer loop
      vertex 413.156 5.75911 95.2381
      vertex 419.067 6.06706 93.6508
      vertex 413.156 6.06706 93.6508
    endloop
  endfacet
  facet normal 0 0.984536 0.17518
    outer loop
      vertex 419.067 5.75911 95.2381
      vertex 413.156 5.47668 96.8254
      vertex 419.067 5.47668 96.8254
    endloop
  endfacet
  facet normal 0 0.984536 0.17518
    outer loop
      vertex 413.156 5.47668 96.8254
      vertex 419.067 5.75911 95.2381
      vertex 413.156 5.75911 95.2381
    endloop
  endfacet
  facet normal 0 0.988104 0.15379
    outer loop
      vertex 419.067 5.47668 96.8254
      vertex 413.156 5.22963 98.4127
      vertex 419.067 5.22963 98.4127
    endloop
  endfacet
  facet normal 0 0.988104 0.15379
    outer loop
      vertex 413.156 5.22963 98.4127
      vertex 419.067 5.47668 96.8254
      vertex 413.156 5.47668 96.8254
    endloop
  endfacet
  facet normal 0 0.992006 0.126193
    outer loop
      vertex 419.067 5.22963 98.4127
      vertex 413.156 5.02771 100
      vertex 419.067 5.02771 100
    endloop
  endfacet
  facet normal 0 0.992006 0.126193
    outer loop
      vertex 413.156 5.02771 100
      vertex 419.067 5.22963 98.4127
      vertex 413.156 5.22963 98.4127
    endloop
  endfacet
  facet normal 0 0.958749 -0.284254
    outer loop
      vertex 419.067 7.01906 0
      vertex 413.156 7.48967 1.5873
      vertex 419.067 7.48967 1.5873
    endloop
  endfacet
  facet normal 0 0.958749 -0.284254
    outer loop
      vertex 413.156 7.48967 1.5873
      vertex 419.067 7.01906 0
      vertex 413.156 7.01906 0
    endloop
  endfacet
  facet normal 0.422802 0 0.906222
    outer loop
      vertex 317.956 2.4 89.0855
      vertex 318.85 0 88.6684
      vertex 318.85 2.4 88.6684
    endloop
  endfacet
  facet normal 0.422802 0 0.906222
    outer loop
      vertex 318.85 0 88.6684
      vertex 317.956 2.4 89.0855
      vertex 317.956 0 89.0855
    endloop
  endfacet
  facet normal 0.422802 0 -0.906222
    outer loop
      vertex 317.956 0 65.9145
      vertex 318.85 2.4 66.3316
      vertex 318.85 0 66.3316
    endloop
  endfacet
  facet normal 0.422802 0 -0.906222
    outer loop
      vertex 318.85 2.4 66.3316
      vertex 317.956 0 65.9145
      vertex 317.956 2.4 65.9145
    endloop
  endfacet
  facet normal 0.573689 0 -0.819074
    outer loop
      vertex 318.85 0 66.3316
      vertex 319.822 2.4 67.0124
      vertex 319.822 0 67.0124
    endloop
  endfacet
  facet normal 0.573689 0 -0.819074
    outer loop
      vertex 319.822 2.4 67.0124
      vertex 318.85 0 66.3316
      vertex 318.85 2.4 66.3316
    endloop
  endfacet
  facet normal 0 1 -0
    outer loop
      vertex 280.933 0 0
      vertex 280 0 100
      vertex 280.933 0 100
    endloop
  endfacet
  facet normal 0 1 0
    outer loop
      vertex 280 0 100
      vertex 280.933 0 0
      vertex 280 0 0
    endloop
  endfacet
  facet normal 0 1 -0
    outer loop
      vertex 420 0 0
      vertex 419.067 0 100
      vertex 420 0 100
    endloop
  endfacet
  facet normal 0 1 0
    outer loop
      vertex 419.067 0 100
      vertex 420 0 0
      vertex 419.067 0 0
    endloop
  endfacet
  facet normal 0 1 0
    outer loop
      vertex 319.822 0 100
      vertex 317.956 0 89.0855
      vertex 317.956 0 100
    endloop
  endfacet
  facet normal 0 1 0
    outer loop
      vertex 319.822 0 100
      vertex 318.85 0 88.6684
      vertex 317.956 0 89.0855
    endloop
  endfacet
  facet normal -0 1 0
    outer loop
      vertex 318.85 0 88.6684
      vertex 319.822 0 100
      vertex 319.822 0 87.9876
    endloop
  endfacet
  facet normal 0 1 0
    outer loop
      vertex 310.178 0 0
      vertex 312.044 0 65.9145
      vertex 312.044 0 0
    endloop
  endfacet
  facet normal 0 1 0
    outer loop
      vertex 312.044 0 65.9145
      vertex 310.178 0 0
      vertex 311.15 0 66.3316
    endloop
  endfacet
  facet normal 0 1 0
    outer loop
      vertex 311.15 0 66.3316
      vertex 310.178 0 0
      vertex 310.178 0 67.0124
    endloop
  endfacet
  facet normal 0 1 -0
    outer loop
      vertex 312.044 0 89.0855
      vertex 310.178 0 100
      vertex 312.044 0 100
    endloop
  endfacet
  facet normal 0 1 -0
    outer loop
      vertex 311.15 0 88.6684
      vertex 310.178 0 100
      vertex 312.044 0 89.0855
    endloop
  endfacet
  facet normal 0 1 0
    outer loop
      vertex 310.178 0 100
      vertex 311.15 0 88.6684
      vertex 310.178 0 87.9876
    endloop
  endfacet
  facet normal 0 1 -0
    outer loop
      vertex 319.822 0 0
      vertex 318.85 0 66.3316
      vertex 319.822 0 67.0124
    endloop
  endfacet
  facet normal 0 1 0
    outer loop
      vertex 319.822 0 0
      vertex 317.956 0 65.9145
      vertex 318.85 0 66.3316
    endloop
  endfacet
  facet normal 0 1 0
    outer loop
      vertex 317.956 0 65.9145
      vertex 319.822 0 0
      vertex 317.956 0 0
    endloop
  endfacet
  facet normal 0 1 0
    outer loop
      vertex 380.178 0 0
      vertex 382.044 0 65.9145
      vertex 382.044 0 0
    endloop
  endfacet
  facet normal 0 1 0
    outer loop
      vertex 382.044 0 65.9145
      vertex 380.178 0 0
      vertex 381.15 0 66.3316
    endloop
  endfacet
  facet normal 0 1 0
    outer loop
      vertex 381.15 0 66.3316
      vertex 380.178 0 0
      vertex 380.178 0 67.0124
    endloop
  endfacet
  facet normal 0 1 -0
    outer loop
      vertex 382.044 0 89.0855
      vertex 380.178 0 100
      vertex 382.044 0 100
    endloop
  endfacet
  facet normal 0 1 -0
    outer loop
      vertex 381.15 0 88.6684
      vertex 380.178 0 100
      vertex 382.044 0 89.0855
    endloop
  endfacet
  facet normal 0 1 0
    outer loop
      vertex 380.178 0 100
      vertex 381.15 0 88.6684
      vertex 380.178 0 87.9876
    endloop
  endfacet
  facet normal 0 1 0
    outer loop
      vertex 389.822 0 100
      vertex 387.956 0 89.0855
      vertex 387.956 0 100
    endloop
  endfacet
  facet normal 0 1 0
    outer loop
      vertex 389.822 0 100
      vertex 388.85 0 88.6684
      vertex 387.956 0 89.0855
    endloop
  endfacet
  facet normal -0 1 0
    outer loop
      vertex 388.85 0 88.6684
      vertex 389.822 0 100
      vertex 389.822 0 87.9876
    endloop
  endfacet
  facet normal 0 1 -0
    outer loop
      vertex 389.822 0 0
      vertex 388.85 0 66.3316
      vertex 389.822 0 67.0124
    endloop
  endfacet
  facet normal 0 1 0
    outer loop
      vertex 389.822 0 0
      vertex 387.956 0 65.9145
      vertex 388.85 0 66.3316
    endloop
  endfacet
  facet normal 0 1 0
    outer loop
      vertex 387.956 0 65.9145
      vertex 389.822 0 0
      vertex 387.956 0 0
    endloop
  endfacet
  facet normal 0 1 -0
    outer loop
      vertex 288.711 0 0
      vertex 286.844 0 100
      vertex 288.711 0 100
    endloop
  endfacet
  facet normal 0 1 0
    outer loop
      vertex 286.844 0 100
      vertex 288.711 0 0
      vertex 286.844 0 0
    endloop
  endfacet
  facet normal 0 1 -0
    outer loop
      vertex 296.489 0 0
      vertex 294.622 0 100
      vertex 296.489 0 100
    endloop
  endfacet
  facet normal 0 1 0
    outer loop
      vertex 294.622 0 100
      vertex 296.489 0 0
      vertex 294.622 0 0
    endloop
  endfacet
  facet normal 0 1 -0
    outer loop
      vertex 304.267 0 0
      vertex 302.4 0 100
      vertex 304.267 0 100
    endloop
  endfacet
  facet normal 0 1 0
    outer loop
      vertex 302.4 0 100
      vertex 304.267 0 0
      vertex 302.4 0 0
    endloop
  endfacet
  facet normal 0 1 -0
    outer loop
      vertex 327.6 0 0
      vertex 325.733 0 100
      vertex 327.6 0 100
    endloop
  endfacet
  facet normal 0 1 0
    outer loop
      vertex 325.733 0 100
      vertex 327.6 0 0
      vertex 325.733 0 0
    endloop
  endfacet
  facet normal 0 1 -0
    outer loop
      vertex 335.378 0 0
      vertex 333.511 0 100
      vertex 335.378 0 100
    endloop
  endfacet
  facet normal 0 1 0
    outer loop
      vertex 333.511 0 100
      vertex 335.378 0 0
      vertex 333.511 0 0
    endloop
  endfacet
  facet normal 0 1 -0
    outer loop
      vertex 343.156 0 0
      vertex 341.289 0 100
      vertex 343.156 0 100
    endloop
  endfacet
  facet normal 0 1 0
    outer loop
      vertex 341.289 0 100
      vertex 343.156 0 0
      vertex 341.289 0 0
    endloop
  endfacet
  facet normal 0 1 -0
    outer loop
      vertex 350.933 0 0
      vertex 349.067 0 100
      vertex 350.933 0 100
    endloop
  endfacet
  facet normal 0 1 0
    outer loop
      vertex 349.067 0 100
      vertex 350.933 0 0
      vertex 349.067 0 0
    endloop
  endfacet
  facet normal 0 1 -0
    outer loop
      vertex 358.711 0 0
      vertex 356.844 0 100
      vertex 358.711 0 100
    endloop
  endfacet
  facet normal 0 1 0
    outer loop
      vertex 356.844 0 100
      vertex 358.711 0 0
      vertex 356.844 0 0
    endloop
  endfacet
  facet normal 0 1 -0
    outer loop
      vertex 366.489 0 0
      vertex 364.622 0 100
      vertex 366.489 0 100
    endloop
  endfacet
  facet normal 0 1 0
    outer loop
      vertex 364.622 0 100
      vertex 366.489 0 0
      vertex 364.622 0 0
    endloop
  endfacet
  facet normal 0 1 -0
    outer loop
      vertex 374.267 0 0
      vertex 372.4 0 100
      vertex 374.267 0 100
    endloop
  endfacet
  facet normal 0 1 0
    outer loop
      vertex 372.4 0 100
      vertex 374.267 0 0
      vertex 372.4 0 0
    endloop
  endfacet
  facet normal 0 1 -0
    outer loop
      vertex 397.6 0 0
      vertex 395.733 0 100
      vertex 397.6 0 100
    endloop
  endfacet
  facet normal 0 1 0
    outer loop
      vertex 395.733 0 100
      vertex 397.6 0 0
      vertex 395.733 0 0
    endloop
  endfacet
  facet normal 0 1 -0
    outer loop
      vertex 405.378 0 0
      vertex 403.511 0 100
      vertex 405.378 0 100
    endloop
  endfacet
  facet normal 0 1 0
    outer loop
      vertex 403.511 0 100
      vertex 405.378 0 0
      vertex 403.511 0 0
    endloop
  endfacet
  facet normal 0 1 -0
    outer loop
      vertex 413.156 0 0
      vertex 411.289 0 100
      vertex 413.156 0 100
    endloop
  endfacet
  facet normal 0 1 0
    outer loop
      vertex 411.289 0 100
      vertex 413.156 0 0
      vertex 411.289 0 0
    endloop
  endfacet
  facet normal 0 1 0
    outer loop
      vertex 319.822 2.4 87.9876
      vertex 317.956 2.4 89.0855
      vertex 318.85 2.4 88.6684
    endloop
  endfacet
  facet normal 0 1 -0
    outer loop
      vertex 319.822 2.4 67.0124
      vertex 317.956 2.4 89.0855
      vertex 319.822 2.4 87.9876
    endloop
  endfacet
  facet normal 0 1 0
    outer loop
      vertex 317.956 2.4 65.9145
      vertex 319.822 2.4 67.0124
      vertex 318.85 2.4 66.3316
    endloop
  endfacet
  facet normal 0 1 0
    outer loop
      vertex 319.822 2.4 67.0124
      vertex 317.956 2.4 65.9145
      vertex 317.956 2.4 89.0855
    endloop
  endfacet
  facet normal 0 1 0
    outer loop
      vertex 312.044 2.4 89.0855
      vertex 310.178 2.4 87.9876
      vertex 311.15 2.4 88.6684
    endloop
  endfacet
  facet normal 0 1 0
    outer loop
      vertex 312.044 2.4 89.0855
      vertex 310.178 2.4 67.0124
      vertex 310.178 2.4 87.9876
    endloop
  endfacet
  facet normal 0 1 -0
    outer loop
      vertex 312.044 2.4 65.9145
      vertex 310.178 2.4 67.0124
      vertex 312.044 2.4 89.0855
    endloop
  endfacet
  facet normal 0 1 0
    outer loop
      vertex 310.178 2.4 67.0124
      vertex 312.044 2.4 65.9145
      vertex 311.15 2.4 66.3316
    endloop
  endfacet
  facet normal -0.573689 0 -0.819074
    outer loop
      vertex 310.178 0 67.0124
      vertex 311.15 2.4 66.3316
      vertex 311.15 0 66.3316
    endloop
  endfacet
  facet normal -0.573689 0 -0.819074
    outer loop
      vertex 311.15 2.4 66.3316
      vertex 310.178 0 67.0124
      vertex 310.178 2.4 67.0124
    endloop
  endfacet
  facet normal -0.422802 0 -0.906222
    outer loop
      vertex 311.15 0 66.3316
      vertex 312.044 2.4 65.9145
      vertex 312.044 0 65.9145
    endloop
  endfacet
  facet normal -0.422802 0 -0.906222
    outer loop
      vertex 312.044 2.4 65.9145
      vertex 311.15 0 66.3316
      vertex 311.15 2.4 66.3316
    endloop
  endfacet
  facet normal 0.573689 0 0.819074
    outer loop
      vertex 318.85 2.4 88.6684
      vertex 319.822 0 87.9876
      vertex 319.822 2.4 87.9876
    endloop
  endfacet
  facet normal 0.573689 0 0.819074
    outer loop
      vertex 319.822 0 87.9876
      vertex 318.85 2.4 88.6684
      vertex 318.85 0 88.6684
    endloop
  endfacet
  facet normal -0.422802 0 0.906222
    outer loop
      vertex 311.15 2.4 88.6684
      vertex 312.044 0 89.0855
      vertex 312.044 2.4 89.0855
    endloop
  endfacet
  facet normal -0.422802 0 0.906222
    outer loop
      vertex 312.044 0 89.0855
      vertex 311.15 2.4 88.6684
      vertex 311.15 0 88.6684
    endloop
  endfacet
  facet normal -0.573689 0 0.819074
    outer loop
      vertex 310.178 2.4 87.9876
      vertex 311.15 0 88.6684
      vertex 311.15 2.4 88.6684
    endloop
  endfacet
  facet normal -0.573689 0 0.819074
    outer loop
      vertex 311.15 0 88.6684
      vertex 310.178 2.4 87.9876
      vertex 310.178 0 87.9876
    endloop
  endfacet
  facet normal 0.422802 0 -0.906222
    outer loop
      vertex 387.956 0 65.9145
      vertex 388.85 2.4 66.3316
      vertex 388.85 0 66.3316
    endloop
  endfacet
  facet normal 0.422802 0 -0.906222
    outer loop
      vertex 388.85 2.4 66.3316
      vertex 387.956 0 65.9145
      vertex 387.956 2.4 65.9145
    endloop
  endfacet
  facet normal -0.422802 0 -0.906222
    outer loop
      vertex 381.15 0 66.3316
      vertex 382.044 2.4 65.9145
      vertex 382.044 0 65.9145
    endloop
  endfacet
  facet normal -0.422802 0 -0.906222
    outer loop
      vertex 382.044 2.4 65.9145
      vertex 381.15 0 66.3316
      vertex 381.15 2.4 66.3316
    endloop
  endfacet
  facet normal 0.573689 0 0.819074
    outer loop
      vertex 388.85 2.4 88.6684
      vertex 389.822 0 87.9876
      vertex 389.822 2.4 87.9876
    endloop
  endfacet
  facet normal 0.573689 0 0.819074
    outer loop
      vertex 389.822 0 87.9876
      vertex 388.85 2.4 88.6684
      vertex 388.85 0 88.6684
    endloop
  endfacet
  facet normal -0.422802 0 0.906222
    outer loop
      vertex 381.15 2.4 88.6684
      vertex 382.044 0 89.0855
      vertex 382.044 2.4 89.0855
    endloop
  endfacet
  facet normal -0.422802 0 0.906222
    outer loop
      vertex 382.044 0 89.0855
      vertex 381.15 2.4 88.6684
      vertex 381.15 0 88.6684
    endloop
  endfacet
  facet normal -0.573689 0 -0.819074
    outer loop
      vertex 380.178 0 67.0124
      vertex 381.15 2.4 66.3316
      vertex 381.15 0 66.3316
    endloop
  endfacet
  facet normal -0.573689 0 -0.819074
    outer loop
      vertex 381.15 2.4 66.3316
      vertex 380.178 0 67.0124
      vertex 380.178 2.4 67.0124
    endloop
  endfacet
  facet normal -0.573689 0 0.819074
    outer loop
      vertex 380.178 2.4 87.9876
      vertex 381.15 0 88.6684
      vertex 381.15 2.4 88.6684
    endloop
  endfacet
  facet normal -0.573689 0 0.819074
    outer loop
      vertex 381.15 0 88.6684
      vertex 380.178 2.4 87.9876
      vertex 380.178 0 87.9876
    endloop
  endfacet
  facet normal 0 1 0
    outer loop
      vertex 389.822 2.4 87.9876
      vertex 387.956 2.4 89.0855
      vertex 388.85 2.4 88.6684
    endloop
  endfacet
  facet normal 0 1 -0
    outer loop
      vertex 389.822 2.4 67.0124
      vertex 387.956 2.4 89.0855
      vertex 389.822 2.4 87.9876
    endloop
  endfacet
  facet normal 0 1 0
    outer loop
      vertex 387.956 2.4 65.9145
      vertex 389.822 2.4 67.0124
      vertex 388.85 2.4 66.3316
    endloop
  endfacet
  facet normal 0 1 0
    outer loop
      vertex 389.822 2.4 67.0124
      vertex 387.956 2.4 65.9145
      vertex 387.956 2.4 89.0855
    endloop
  endfacet
  facet normal 0 1 0
    outer loop
      vertex 382.044 2.4 89.0855
      vertex 380.178 2.4 87.9876
      vertex 381.15 2.4 88.6684
    endloop
  endfacet
  facet normal 0 1 0
    outer loop
      vertex 382.044 2.4 89.0855
      vertex 380.178 2.4 67.0124
      vertex 380.178 2.4 87.9876
    endloop
  endfacet
  facet normal 0 1 -0
    outer loop
      vertex 382.044 2.4 65.9145
      vertex 380.178 2.4 67.0124
      vertex 382.044 2.4 89.0855
    endloop
  endfacet
  facet normal 0 1 0
    outer loop
      vertex 380.178 2.4 67.0124
      vertex 382.044 2.4 65.9145
      vertex 381.15 2.4 66.3316
    endloop
  endfacet
  facet normal 0.422802 0 0.906222
    outer loop
      vertex 387.956 2.4 89.0855
      vertex 388.85 0 88.6684
      vertex 388.85 2.4 88.6684
    endloop
  endfacet
  facet normal 0.422802 0 0.906222
    outer loop
      vertex 388.85 0 88.6684
      vertex 387.956 2.4 89.0855
      vertex 387.956 0 89.0855
    endloop
  endfacet
  facet normal 0.573689 0 -0.819074
    outer loop
      vertex 388.85 0 66.3316
      vertex 389.822 2.4 67.0124
      vertex 389.822 0 67.0124
    endloop
  endfacet
  facet normal 0.573689 0 -0.819074
    outer loop
      vertex 389.822 2.4 67.0124
      vertex 388.85 0 66.3316
      vertex 388.85 2.4 66.3316
    endloop
  endfacet
  facet normal 1 0 0
    outer loop
      vertex 420 0 100
      vertex 420 -0.839999 54.1
      vertex 420 0 0
    endloop
  endfacet
  facet normal 1 -0 0
    outer loop
      vertex 420 -2.4 100
      vertex 420 -0.839999 54.1
      vertex 420 0 100
    endloop
  endfacet
  facet normal 1 0 0
    outer loop
      vertex 420 -0.839999 54.1
      vertex 420 -2.4 100
      vertex 420 -2.4 54.1
    endloop
  endfacet
  facet normal 1 -0 0
    outer loop
      vertex 420 -0.839999 45.9
      vertex 420 0 0
      vertex 420 -0.839999 54.1
    endloop
  endfacet
  facet normal 1 0 0
    outer loop
      vertex 420 -2.4 0
      vertex 420 -0.839999 45.9
      vertex 420 -2.4 45.9
    endloop
  endfacet
  facet normal 1 0 0
    outer loop
      vertex 420 -0.839999 45.9
      vertex 420 -2.4 0
      vertex 420 0 0
    endloop
  endfacet
  facet normal -1 0 0
    outer loop
      vertex 280 0 0
      vertex 280 -0.839999 45.9
      vertex 280 0 100
    endloop
  endfacet
  facet normal -1 0 0
    outer loop
      vertex 280 -2.4 0
      vertex 280 -0.839999 45.9
      vertex 280 0 0
    endloop
  endfacet
  facet normal -1 -0 0
    outer loop
      vertex 280 -0.839999 45.9
      vertex 280 -2.4 0
      vertex 280 -2.4 45.9
    endloop
  endfacet
  facet normal -1 0 0
    outer loop
      vertex 280 -0.839999 54.1
      vertex 280 0 100
      vertex 280 -0.839999 45.9
    endloop
  endfacet
  facet normal -1 0 0
    outer loop
      vertex 280 -2.4 100
      vertex 280 -0.839999 54.1
      vertex 280 -2.4 54.1
    endloop
  endfacet
  facet normal -1 0 0
    outer loop
      vertex 280 -0.839999 54.1
      vertex 280 -2.4 100
      vertex 280 0 100
    endloop
  endfacet
  facet normal 0 -1 -0
    outer loop
      vertex 293.1 -2.4 43.4
      vertex 280 -2.4 0
      vertex 406.9 -2.4 43.4
    endloop
  endfacet
  facet normal 0 -1 0
    outer loop
      vertex 280 -2.4 0
      vertex 293.1 -2.4 43.4
      vertex 280 -2.4 45.9
    endloop
  endfacet
  facet normal 0 -1 0
    outer loop
      vertex 406.9 -2.4 43.4
      vertex 383.9 -2.4 71.0947
      vertex 293.1 -2.4 43.4
    endloop
  endfacet
  facet normal 0 -1 0
    outer loop
      vertex 383.9 -2.4 71.0947
      vertex 406.9 -2.4 43.4
      vertex 406.9 -2.4 56.6
    endloop
  endfacet
  facet normal 0 -1 0
    outer loop
      vertex 317.7 -2.4 85.2174
      vertex 345.9 -2.4 100
      vertex 317.1 -2.4 85.6373
    endloop
  endfacet
  facet normal 0 -1 0
    outer loop
      vertex 356.6 -2.4 86.9
      vertex 384.271 -2.4 86.1362
      vertex 385 -2.4 86.2
    endloop
  endfacet
  facet normal 0 -1 0
    outer loop
      vertex 318.217 -2.4 84.6997
      vertex 345.9 -2.4 100
      vertex 317.7 -2.4 85.2174
    endloop
  endfacet
  facet normal 0 -1 0
    outer loop
      vertex 356.6 -2.4 86.9
      vertex 383.564 -2.4 85.9467
      vertex 384.271 -2.4 86.1362
    endloop
  endfacet
  facet normal 0 -1 0
    outer loop
      vertex 345.9 -2.4 100
      vertex 318.217 -2.4 84.6997
      vertex 343.4 -2.4 86.9
    endloop
  endfacet
  facet normal 0 -1 0
    outer loop
      vertex 356.6 -2.4 86.9
      vertex 382.9 -2.4 85.6373
      vertex 383.564 -2.4 85.9467
    endloop
  endfacet
  facet normal 0 -1 0
    outer loop
      vertex 318.637 -2.4 84.1
      vertex 343.4 -2.4 86.9
      vertex 318.217 -2.4 84.6997
    endloop
  endfacet
  facet normal 0 -1 0
    outer loop
      vertex 356.6 -2.4 86.9
      vertex 382.3 -2.4 85.2174
      vertex 382.9 -2.4 85.6373
    endloop
  endfacet
  facet normal 0 -1 0
    outer loop
      vertex 318.947 -2.4 83.4365
      vertex 343.4 -2.4 86.9
      vertex 318.637 -2.4 84.1
    endloop
  endfacet
  facet normal 0 -1 0
    outer loop
      vertex 356.6 -2.4 86.9
      vertex 381.783 -2.4 84.6997
      vertex 382.3 -2.4 85.2174
    endloop
  endfacet
  facet normal 0 -1 0
    outer loop
      vertex 319.136 -2.4 82.7293
      vertex 343.4 -2.4 86.9
      vertex 318.947 -2.4 83.4365
    endloop
  endfacet
  facet normal 0 -1 0
    outer loop
      vertex 356.6 -2.4 86.9
      vertex 381.363 -2.4 84.1
      vertex 381.783 -2.4 84.6997
    endloop
  endfacet
  facet normal 0 -1 0
    outer loop
      vertex 319.2 -2.4 82
      vertex 343.4 -2.4 86.9
      vertex 319.136 -2.4 82.7293
    endloop
  endfacet
  facet normal 0 -1 0
    outer loop
      vertex 356.6 -2.4 86.9
      vertex 381.053 -2.4 83.4365
      vertex 381.363 -2.4 84.1
    endloop
  endfacet
  facet normal 0 -1 0
    outer loop
      vertex 319.136 -2.4 81.2707
      vertex 343.4 -2.4 86.9
      vertex 319.2 -2.4 82
    endloop
  endfacet
  facet normal 0 -1 0
    outer loop
      vertex 356.6 -2.4 86.9
      vertex 380.864 -2.4 82.7293
      vertex 381.053 -2.4 83.4365
    endloop
  endfacet
  facet normal 0 -1 0
    outer loop
      vertex 318.947 -2.4 80.5635
      vertex 343.4 -2.4 86.9
      vertex 319.136 -2.4 81.2707
    endloop
  endfacet
  facet normal 0 -1 0
    outer loop
      vertex 356.6 -2.4 86.9
      vertex 380.8 -2.4 82
      vertex 380.864 -2.4 82.7293
    endloop
  endfacet
  facet normal 0 -1 0
    outer loop
      vertex 317.2 -2.4 73
      vertex 343.4 -2.4 86.9
      vertex 318.947 -2.4 80.5635
    endloop
  endfacet
  facet normal 0 -1 0
    outer loop
      vertex 356.6 -2.4 86.9
      vertex 380.864 -2.4 81.2707
      vertex 380.8 -2.4 82
    endloop
  endfacet
  facet normal 0 -1 0
    outer loop
      vertex 317.125 -2.4 72.4306
      vertex 343.4 -2.4 86.9
      vertex 317.2 -2.4 73
    endloop
  endfacet
  facet normal 0 -1 0
    outer loop
      vertex 356.6 -2.4 86.9
      vertex 381.053 -2.4 80.5635
      vertex 380.864 -2.4 81.2707
    endloop
  endfacet
  facet normal 0 -1 0
    outer loop
      vertex 317.2 -2.4 73
      vertex 318.947 -2.4 80.5635
      vertex 318.637 -2.4 79.9
    endloop
  endfacet
  facet normal 0 -1 0
    outer loop
      vertex 316.905 -2.4 71.9
      vertex 343.4 -2.4 86.9
      vertex 317.125 -2.4 72.4306
    endloop
  endfacet
  facet normal 0 -1 0
    outer loop
      vertex 317.2 -2.4 73
      vertex 318.637 -2.4 79.9
      vertex 318.217 -2.4 79.3003
    endloop
  endfacet
  facet normal 0 -1 0
    outer loop
      vertex 356.6 -2.4 86.9
      vertex 382.8 -2.4 73
      vertex 381.053 -2.4 80.5635
    endloop
  endfacet
  facet normal 0 -1 0
    outer loop
      vertex 317.2 -2.4 73
      vertex 318.217 -2.4 79.3003
      vertex 317.7 -2.4 78.7826
    endloop
  endfacet
  facet normal 0 -1 0
    outer loop
      vertex 381.053 -2.4 80.5635
      vertex 382.8 -2.4 73
      vertex 381.363 -2.4 79.9
    endloop
  endfacet
  facet normal 0 -1 0
    outer loop
      vertex 317.2 -2.4 73
      vertex 317.7 -2.4 78.7826
      vertex 317.2 -2.4 78.4327
    endloop
  endfacet
  facet normal 0 -1 0
    outer loop
      vertex 381.363 -2.4 79.9
      vertex 382.8 -2.4 73
      vertex 381.783 -2.4 79.3003
    endloop
  endfacet
  facet normal 0 -1 0
    outer loop
      vertex 381.783 -2.4 79.3003
      vertex 382.8 -2.4 73
      vertex 382.3 -2.4 78.7826
    endloop
  endfacet
  facet normal 0 -1 0
    outer loop
      vertex 382.3 -2.4 78.7826
      vertex 382.8 -2.4 73
      vertex 382.8 -2.4 78.4327
    endloop
  endfacet
  facet normal 0 -1 0
    outer loop
      vertex 316.556 -2.4 71.4444
      vertex 343.4 -2.4 86.9
      vertex 316.905 -2.4 71.9
    endloop
  endfacet
  facet normal 0 -1 0
    outer loop
      vertex 356.6 -2.4 86.9
      vertex 382.875 -2.4 72.4306
      vertex 382.8 -2.4 73
    endloop
  endfacet
  facet normal 0 -1 -0
    outer loop
      vertex 343.4 -2.4 86.9
      vertex 316.556 -2.4 71.4444
      vertex 356.6 -2.4 86.9
    endloop
  endfacet
  facet normal 0 -1 0
    outer loop
      vertex 356.6 -2.4 86.9
      vertex 383.095 -2.4 71.9
      vertex 382.875 -2.4 72.4306
    endloop
  endfacet
  facet normal 0 -1 0
    outer loop
      vertex 383.444 -2.4 71.4444
      vertex 356.6 -2.4 86.9
      vertex 316.556 -2.4 71.4444
    endloop
  endfacet
  facet normal 0 -1 0
    outer loop
      vertex 356.6 -2.4 86.9
      vertex 383.444 -2.4 71.4444
      vertex 383.095 -2.4 71.9
    endloop
  endfacet
  facet normal 0 -1 0
    outer loop
      vertex 316.1 -2.4 71.0947
      vertex 383.444 -2.4 71.4444
      vertex 316.556 -2.4 71.4444
    endloop
  endfacet
  facet normal 0 -1 0
    outer loop
      vertex 316.1 -2.4 71.0947
      vertex 383.9 -2.4 71.0947
      vertex 383.444 -2.4 71.4444
    endloop
  endfacet
  facet normal 0 -1 -0
    outer loop
      vertex 315 -2.4 70.8
      vertex 293.1 -2.4 43.4
      vertex 315.569 -2.4 70.875
    endloop
  endfacet
  facet normal 0 -1 -0
    outer loop
      vertex 315.569 -2.4 70.875
      vertex 293.1 -2.4 43.4
      vertex 316.1 -2.4 71.0947
    endloop
  endfacet
  facet normal 0 -1 0
    outer loop
      vertex 293.1 -2.4 43.4
      vertex 315 -2.4 70.8
      vertex 293.1 -2.4 56.6
    endloop
  endfacet
  facet normal 0 -1 -0
    outer loop
      vertex 316.1 -2.4 71.0947
      vertex 293.1 -2.4 43.4
      vertex 383.9 -2.4 71.0947
    endloop
  endfacet
  facet normal 0 -1 0
    outer loop
      vertex 315 -2.4 86.2
      vertex 345.9 -2.4 100
      vertex 280 -2.4 100
    endloop
  endfacet
  facet normal 0 -1 0
    outer loop
      vertex 316.436 -2.4 85.9467
      vertex 345.9 -2.4 100
      vertex 315.729 -2.4 86.1362
    endloop
  endfacet
  facet normal 0 -1 0
    outer loop
      vertex 315.729 -2.4 86.1362
      vertex 345.9 -2.4 100
      vertex 315 -2.4 86.2
    endloop
  endfacet
  facet normal 0 -1 0
    outer loop
      vertex 280 -2.4 100
      vertex 314.271 -2.4 86.1362
      vertex 315 -2.4 86.2
    endloop
  endfacet
  facet normal 0 -1 0
    outer loop
      vertex 280 -2.4 100
      vertex 313.564 -2.4 85.9467
      vertex 314.271 -2.4 86.1362
    endloop
  endfacet
  facet normal 0 -1 0
    outer loop
      vertex 280 -2.4 100
      vertex 312.9 -2.4 85.6373
      vertex 313.564 -2.4 85.9467
    endloop
  endfacet
  facet normal 0 -1 0
    outer loop
      vertex 280 -2.4 100
      vertex 312.3 -2.4 85.2174
      vertex 312.9 -2.4 85.6373
    endloop
  endfacet
  facet normal 0 -1 0
    outer loop
      vertex 280 -2.4 100
      vertex 311.783 -2.4 84.6997
      vertex 312.3 -2.4 85.2174
    endloop
  endfacet
  facet normal 0 -1 0
    outer loop
      vertex 280 -2.4 100
      vertex 311.363 -2.4 84.1
      vertex 311.783 -2.4 84.6997
    endloop
  endfacet
  facet normal 0 -1 0
    outer loop
      vertex 280 -2.4 100
      vertex 311.053 -2.4 83.4365
      vertex 311.363 -2.4 84.1
    endloop
  endfacet
  facet normal 0 -1 0
    outer loop
      vertex 280 -2.4 100
      vertex 310.864 -2.4 82.7293
      vertex 311.053 -2.4 83.4365
    endloop
  endfacet
  facet normal 0 -1 0
    outer loop
      vertex 280 -2.4 100
      vertex 310.8 -2.4 82
      vertex 310.864 -2.4 82.7293
    endloop
  endfacet
  facet normal 0 -1 0
    outer loop
      vertex 280 -2.4 100
      vertex 310.864 -2.4 81.2707
      vertex 310.8 -2.4 82
    endloop
  endfacet
  facet normal 0 -1 0
    outer loop
      vertex 293.1 -2.4 56.6
      vertex 310.864 -2.4 81.2707
      vertex 280 -2.4 100
    endloop
  endfacet
  facet normal 0 -1 -0
    outer loop
      vertex 310.864 -2.4 81.2707
      vertex 293.1 -2.4 56.6
      vertex 311.053 -2.4 80.5635
    endloop
  endfacet
  facet normal 0 -1 -0
    outer loop
      vertex 311.053 -2.4 80.5635
      vertex 293.1 -2.4 56.6
      vertex 311.363 -2.4 79.9
    endloop
  endfacet
  facet normal -0 -1 0
    outer loop
      vertex 312.8 -2.4 73
      vertex 311.363 -2.4 79.9
      vertex 293.1 -2.4 56.6
    endloop
  endfacet
  facet normal 0 -1 0
    outer loop
      vertex 311.363 -2.4 79.9
      vertex 312.8 -2.4 73
      vertex 311.783 -2.4 79.3003
    endloop
  endfacet
  facet normal 0 -1 0
    outer loop
      vertex 311.783 -2.4 79.3003
      vertex 312.8 -2.4 73
      vertex 312.3 -2.4 78.7826
    endloop
  endfacet
  facet normal 0 -1 0
    outer loop
      vertex 312.3 -2.4 78.7826
      vertex 312.8 -2.4 73
      vertex 312.8 -2.4 78.4327
    endloop
  endfacet
  facet normal 0 -1 -0
    outer loop
      vertex 312.8 -2.4 73
      vertex 293.1 -2.4 56.6
      vertex 312.875 -2.4 72.4306
    endloop
  endfacet
  facet normal 0 -1 -0
    outer loop
      vertex 312.875 -2.4 72.4306
      vertex 293.1 -2.4 56.6
      vertex 313.095 -2.4 71.9
    endloop
  endfacet
  facet normal 0 -1 0
    outer loop
      vertex 383.9 -2.4 71.0947
      vertex 406.9 -2.4 56.6
      vertex 384.431 -2.4 70.875
    endloop
  endfacet
  facet normal 0 -1 -0
    outer loop
      vertex 314.431 -2.4 70.875
      vertex 293.1 -2.4 56.6
      vertex 315 -2.4 70.8
    endloop
  endfacet
  facet normal 0 -1 -0
    outer loop
      vertex 313.9 -2.4 71.0947
      vertex 293.1 -2.4 56.6
      vertex 314.431 -2.4 70.875
    endloop
  endfacet
  facet normal 0 -1 -0
    outer loop
      vertex 313.444 -2.4 71.4444
      vertex 293.1 -2.4 56.6
      vertex 313.9 -2.4 71.0947
    endloop
  endfacet
  facet normal 0 -1 -0
    outer loop
      vertex 313.095 -2.4 71.9
      vertex 293.1 -2.4 56.6
      vertex 313.444 -2.4 71.4444
    endloop
  endfacet
  facet normal -0 -1 0
    outer loop
      vertex 293.1 -2.4 56.6
      vertex 280 -2.4 100
      vertex 280 -2.4 54.1
    endloop
  endfacet
  facet normal 0 -1 0
    outer loop
      vertex 385 -2.4 86.2
      vertex 354.1 -2.4 100
      vertex 356.6 -2.4 86.9
    endloop
  endfacet
  facet normal 0 -1 0
    outer loop
      vertex 317.1 -2.4 85.6373
      vertex 345.9 -2.4 100
      vertex 316.436 -2.4 85.9467
    endloop
  endfacet
  facet normal 0 -1 0
    outer loop
      vertex 354.1 -2.4 100
      vertex 385 -2.4 86.2
      vertex 420 -2.4 100
    endloop
  endfacet
  facet normal 0 -1 0
    outer loop
      vertex 385.729 -2.4 86.1362
      vertex 420 -2.4 100
      vertex 385 -2.4 86.2
    endloop
  endfacet
  facet normal 0 -1 0
    outer loop
      vertex 386.436 -2.4 85.9467
      vertex 420 -2.4 100
      vertex 385.729 -2.4 86.1362
    endloop
  endfacet
  facet normal 0 -1 0
    outer loop
      vertex 387.1 -2.4 85.6373
      vertex 420 -2.4 100
      vertex 386.436 -2.4 85.9467
    endloop
  endfacet
  facet normal 0 -1 0
    outer loop
      vertex 387.7 -2.4 85.2174
      vertex 420 -2.4 100
      vertex 387.1 -2.4 85.6373
    endloop
  endfacet
  facet normal 0 -1 0
    outer loop
      vertex 388.217 -2.4 84.6997
      vertex 420 -2.4 100
      vertex 387.7 -2.4 85.2174
    endloop
  endfacet
  facet normal 0 -1 0
    outer loop
      vertex 388.637 -2.4 84.1
      vertex 420 -2.4 100
      vertex 388.217 -2.4 84.6997
    endloop
  endfacet
  facet normal 0 -1 0
    outer loop
      vertex 388.947 -2.4 83.4365
      vertex 420 -2.4 100
      vertex 388.637 -2.4 84.1
    endloop
  endfacet
  facet normal 0 -1 0
    outer loop
      vertex 389.136 -2.4 82.7293
      vertex 420 -2.4 100
      vertex 388.947 -2.4 83.4365
    endloop
  endfacet
  facet normal 0 -1 0
    outer loop
      vertex 389.2 -2.4 82
      vertex 420 -2.4 100
      vertex 389.136 -2.4 82.7293
    endloop
  endfacet
  facet normal 0 -1 0
    outer loop
      vertex 389.136 -2.4 81.2707
      vertex 420 -2.4 100
      vertex 389.2 -2.4 82
    endloop
  endfacet
  facet normal 0 -1 0
    outer loop
      vertex 406.9 -2.4 56.6
      vertex 389.136 -2.4 81.2707
      vertex 388.947 -2.4 80.5635
    endloop
  endfacet
  facet normal 0 -1 0
    outer loop
      vertex 406.9 -2.4 56.6
      vertex 388.947 -2.4 80.5635
      vertex 388.637 -2.4 79.9
    endloop
  endfacet
  facet normal 0 -1 0
    outer loop
      vertex 387.2 -2.4 73
      vertex 388.637 -2.4 79.9
      vertex 388.217 -2.4 79.3003
    endloop
  endfacet
  facet normal 0 -1 0
    outer loop
      vertex 387.2 -2.4 73
      vertex 388.217 -2.4 79.3003
      vertex 387.7 -2.4 78.7826
    endloop
  endfacet
  facet normal 0 -1 0
    outer loop
      vertex 387.2 -2.4 73
      vertex 387.7 -2.4 78.7826
      vertex 387.2 -2.4 78.4327
    endloop
  endfacet
  facet normal 0 -1 -0
    outer loop
      vertex 388.637 -2.4 79.9
      vertex 387.2 -2.4 73
      vertex 406.9 -2.4 56.6
    endloop
  endfacet
  facet normal 0 -1 0
    outer loop
      vertex 406.9 -2.4 56.6
      vertex 387.2 -2.4 73
      vertex 387.125 -2.4 72.4306
    endloop
  endfacet
  facet normal 0 -1 0
    outer loop
      vertex 406.9 -2.4 56.6
      vertex 387.125 -2.4 72.4306
      vertex 386.905 -2.4 71.9
    endloop
  endfacet
  facet normal 0 -1 0
    outer loop
      vertex 406.9 -2.4 56.6
      vertex 386.905 -2.4 71.9
      vertex 386.556 -2.4 71.4444
    endloop
  endfacet
  facet normal 0 -1 0
    outer loop
      vertex 384.431 -2.4 70.875
      vertex 406.9 -2.4 56.6
      vertex 385 -2.4 70.8
    endloop
  endfacet
  facet normal 0 -1 0
    outer loop
      vertex 385 -2.4 70.8
      vertex 406.9 -2.4 56.6
      vertex 385.569 -2.4 70.875
    endloop
  endfacet
  facet normal 0 -1 0
    outer loop
      vertex 406.9 -2.4 56.6
      vertex 386.1 -2.4 71.0947
      vertex 385.569 -2.4 70.875
    endloop
  endfacet
  facet normal 0 -1 0
    outer loop
      vertex 406.9 -2.4 56.6
      vertex 386.556 -2.4 71.4444
      vertex 386.1 -2.4 71.0947
    endloop
  endfacet
  facet normal 0 -1 0
    outer loop
      vertex 389.136 -2.4 81.2707
      vertex 406.9 -2.4 56.6
      vertex 420 -2.4 100
    endloop
  endfacet
  facet normal 0 -1 -0
    outer loop
      vertex 420 -2.4 100
      vertex 406.9 -2.4 56.6
      vertex 420 -2.4 54.1
    endloop
  endfacet
  facet normal 0 -1 0
    outer loop
      vertex 420 -2.4 0
      vertex 406.9 -2.4 43.4
      vertex 280 -2.4 0
    endloop
  endfacet
  facet normal 0 -1 0
    outer loop
      vertex 406.9 -2.4 43.4
      vertex 420 -2.4 0
      vertex 420 -2.4 45.9
    endloop
  endfacet
  facet normal 0 -1 0
    outer loop
      vertex 280 -0.839999 45.9
      vertex 293.1 -0.839999 56.6
      vertex 280 -0.839999 54.1
    endloop
  endfacet
  facet normal 0 -1 -0
    outer loop
      vertex 293.1 -0.839999 56.6
      vertex 280 -0.839999 45.9
      vertex 293.1 -0.839999 43.4
    endloop
  endfacet
  facet normal 0.187457 0 0.982273
    outer loop
      vertex 280 -0.839999 45.9
      vertex 293.1 -2.4 43.4
      vertex 293.1 -0.839999 43.4
    endloop
  endfacet
  facet normal 0.187457 0 0.982273
    outer loop
      vertex 293.1 -2.4 43.4
      vertex 280 -0.839999 45.9
      vertex 280 -2.4 45.9
    endloop
  endfacet
  facet normal 0.187457 0 -0.982273
    outer loop
      vertex 280 -2.4 54.1
      vertex 293.1 -0.839999 56.6
      vertex 293.1 -2.4 56.6
    endloop
  endfacet
  facet normal 0.187457 0 -0.982273
    outer loop
      vertex 293.1 -0.839999 56.6
      vertex 280 -2.4 54.1
      vertex 280 -0.839999 54.1
    endloop
  endfacet
  facet normal -1 0 0
    outer loop
      vertex 293.1 -2.4 43.4
      vertex 293.1 -0.839999 56.6
      vertex 293.1 -0.839999 43.4
    endloop
  endfacet
  facet normal -1 -0 0
    outer loop
      vertex 293.1 -0.839999 56.6
      vertex 293.1 -2.4 43.4
      vertex 293.1 -2.4 56.6
    endloop
  endfacet
  facet normal 0 -1 0
    outer loop
      vertex 406.9 -0.839999 56.6
      vertex 420 -0.839999 45.9
      vertex 420 -0.839999 54.1
    endloop
  endfacet
  facet normal -0 -1 0
    outer loop
      vertex 420 -0.839999 45.9
      vertex 406.9 -0.839999 56.6
      vertex 406.9 -0.839999 43.4
    endloop
  endfacet
  facet normal -0.187457 0 0.982273
    outer loop
      vertex 406.9 -0.839999 43.4
      vertex 420 -2.4 45.9
      vertex 420 -0.839999 45.9
    endloop
  endfacet
  facet normal -0.187457 0 0.982273
    outer loop
      vertex 420 -2.4 45.9
      vertex 406.9 -0.839999 43.4
      vertex 406.9 -2.4 43.4
    endloop
  endfacet
  facet normal 1 -0 0
    outer loop
      vertex 406.9 -2.4 56.6
      vertex 406.9 -0.839999 43.4
      vertex 406.9 -0.839999 56.6
    endloop
  endfacet
  facet normal 1 0 0
    outer loop
      vertex 406.9 -0.839999 43.4
      vertex 406.9 -2.4 56.6
      vertex 406.9 -2.4 43.4
    endloop
  endfacet
  facet normal -0.187457 0 -0.982273
    outer loop
      vertex 406.9 -2.4 56.6
      vertex 420 -0.839999 54.1
      vertex 420 -2.4 54.1
    endloop
  endfacet
  facet normal -0.187457 0 -0.982273
    outer loop
      vertex 420 -0.839999 54.1
      vertex 406.9 -2.4 56.6
      vertex 406.9 -0.839999 56.6
    endloop
  endfacet
  facet normal 0 -1 0
    outer loop
      vertex 343.4 -0.839999 86.9
      vertex 354.1 -0.839999 100
      vertex 345.9 -0.839999 100
    endloop
  endfacet
  facet normal 0 -1 -0
    outer loop
      vertex 354.1 -0.839999 100
      vertex 343.4 -0.839999 86.9
      vertex 356.6 -0.839999 86.9
    endloop
  endfacet
  facet normal 0.982273 0 -0.187457
    outer loop
      vertex 345.9 -2.4 100
      vertex 343.4 -0.839999 86.9
      vertex 345.9 -0.839999 100
    endloop
  endfacet
  facet normal 0.982273 0 -0.187457
    outer loop
      vertex 343.4 -0.839999 86.9
      vertex 345.9 -2.4 100
      vertex 343.4 -2.4 86.9
    endloop
  endfacet
  facet normal -0.982273 0 -0.187457
    outer loop
      vertex 356.6 -2.4 86.9
      vertex 354.1 -0.839999 100
      vertex 356.6 -0.839999 86.9
    endloop
  endfacet
  facet normal -0.982273 -0 -0.187457
    outer loop
      vertex 354.1 -0.839999 100
      vertex 356.6 -2.4 86.9
      vertex 354.1 -2.4 100
    endloop
  endfacet
  facet normal -0 0 1
    outer loop
      vertex 343.4 -0.839999 86.9
      vertex 356.6 -2.4 86.9
      vertex 356.6 -0.839999 86.9
    endloop
  endfacet
  facet normal 0 0 1
    outer loop
      vertex 356.6 -2.4 86.9
      vertex 343.4 -0.839999 86.9
      vertex 343.4 -2.4 86.9
    endloop
  endfacet
  facet normal -0.0871839 0 -0.996192
    outer loop
      vertex 315 -2.4 86.2
      vertex 315.729 1.2 86.1362
      vertex 315.729 -2.4 86.1362
    endloop
  endfacet
  facet normal -0.0871839 0 -0.996192
    outer loop
      vertex 315.729 1.2 86.1362
      vertex 315 -2.4 86.2
      vertex 315 1.2 86.2
    endloop
  endfacet
  facet normal -0.966094 0 0.25819
    outer loop
      vertex 318.947 -2.4 80.5635
      vertex 319.136 1.2 81.2707
      vertex 318.947 1.2 80.5635
    endloop
  endfacet
  facet normal -0.966094 0 0.25819
    outer loop
      vertex 319.136 1.2 81.2707
      vertex 318.947 -2.4 80.5635
      vertex 319.136 -2.4 81.2707
    endloop
  endfacet
  facet normal -0.996172 0 0.0874194
    outer loop
      vertex 319.136 -2.4 81.2707
      vertex 319.2 1.2 82
      vertex 319.136 1.2 81.2707
    endloop
  endfacet
  facet normal -0.996172 0 0.0874194
    outer loop
      vertex 319.2 1.2 82
      vertex 319.136 -2.4 81.2707
      vertex 319.2 -2.4 82
    endloop
  endfacet
  facet normal -0.905991 0 0.423297
    outer loop
      vertex 318.637 -2.4 79.9
      vertex 318.947 1.2 80.5635
      vertex 318.637 1.2 79.9
    endloop
  endfacet
  facet normal -0.905991 0 0.423297
    outer loop
      vertex 318.947 1.2 80.5635
      vertex 318.637 -2.4 79.9
      vertex 318.947 -2.4 80.5635
    endloop
  endfacet
  facet normal -0.707585 0 0.706628
    outer loop
      vertex 317.7 -2.4 78.7826
      vertex 318.217 1.2 79.3003
      vertex 317.7 1.2 78.7826
    endloop
  endfacet
  facet normal -0.707585 0 0.706628
    outer loop
      vertex 318.217 1.2 79.3003
      vertex 317.7 -2.4 78.7826
      vertex 318.217 -2.4 79.3003
    endloop
  endfacet
  facet normal -0.258895 0 -0.965905
    outer loop
      vertex 315.729 -2.4 86.1362
      vertex 316.436 1.2 85.9467
      vertex 316.436 -2.4 85.9467
    endloop
  endfacet
  facet normal -0.258895 0 -0.965905
    outer loop
      vertex 316.436 1.2 85.9467
      vertex 315.729 -2.4 86.1362
      vertex 315.729 1.2 86.1362
    endloop
  endfacet
  facet normal 0.905991 -0 0.423297
    outer loop
      vertex 311.053 -2.4 80.5635
      vertex 311.363 1.2 79.9
      vertex 311.053 1.2 80.5635
    endloop
  endfacet
  facet normal 0.905991 0 0.423297
    outer loop
      vertex 311.363 1.2 79.9
      vertex 311.053 -2.4 80.5635
      vertex 311.363 -2.4 79.9
    endloop
  endfacet
  facet normal 0.996172 0 -0.0874194
    outer loop
      vertex 310.864 -2.4 82.7293
      vertex 310.8 1.2 82
      vertex 310.864 1.2 82.7293
    endloop
  endfacet
  facet normal 0.996172 0 -0.0874194
    outer loop
      vertex 310.8 1.2 82
      vertex 310.864 -2.4 82.7293
      vertex 310.8 -2.4 82
    endloop
  endfacet
  facet normal -0.819097 0 -0.573655
    outer loop
      vertex 318.637 -2.4 84.1
      vertex 318.217 1.2 84.6997
      vertex 318.637 1.2 84.1
    endloop
  endfacet
  facet normal -0.819097 -0 -0.573655
    outer loop
      vertex 318.217 1.2 84.6997
      vertex 318.637 -2.4 84.1
      vertex 318.217 -2.4 84.6997
    endloop
  endfacet
  facet normal 0.966094 -0 0.25819
    outer loop
      vertex 310.864 -2.4 81.2707
      vertex 311.053 1.2 80.5635
      vertex 310.864 1.2 81.2707
    endloop
  endfacet
  facet normal 0.966094 0 0.25819
    outer loop
      vertex 311.053 1.2 80.5635
      vertex 310.864 -2.4 81.2707
      vertex 311.053 -2.4 80.5635
    endloop
  endfacet
  facet normal -0.905991 0 -0.423297
    outer loop
      vertex 318.947 -2.4 83.4365
      vertex 318.637 1.2 84.1
      vertex 318.947 1.2 83.4365
    endloop
  endfacet
  facet normal -0.905991 -0 -0.423297
    outer loop
      vertex 318.637 1.2 84.1
      vertex 318.947 -2.4 83.4365
      vertex 318.637 -2.4 84.1
    endloop
  endfacet
  facet normal 0.966094 0 -0.25819
    outer loop
      vertex 311.053 -2.4 83.4365
      vertex 310.864 1.2 82.7293
      vertex 311.053 1.2 83.4365
    endloop
  endfacet
  facet normal 0.966094 0 -0.25819
    outer loop
      vertex 310.864 1.2 82.7293
      vertex 311.053 -2.4 83.4365
      vertex 310.864 -2.4 82.7293
    endloop
  endfacet
  facet normal -0.819097 0 0.573655
    outer loop
      vertex 318.217 -2.4 79.3003
      vertex 318.637 1.2 79.9
      vertex 318.217 1.2 79.3003
    endloop
  endfacet
  facet normal -0.819097 0 0.573655
    outer loop
      vertex 318.637 1.2 79.9
      vertex 318.217 -2.4 79.3003
      vertex 318.637 -2.4 79.9
    endloop
  endfacet
  facet normal -0.996172 0 -0.0874194
    outer loop
      vertex 319.2 -2.4 82
      vertex 319.136 1.2 82.7293
      vertex 319.2 1.2 82
    endloop
  endfacet
  facet normal -0.996172 -0 -0.0874194
    outer loop
      vertex 319.136 1.2 82.7293
      vertex 319.2 -2.4 82
      vertex 319.136 -2.4 82.7293
    endloop
  endfacet
  facet normal -0.573371 0 -0.819296
    outer loop
      vertex 317.1 -2.4 85.6373
      vertex 317.7 1.2 85.2174
      vertex 317.7 -2.4 85.2174
    endloop
  endfacet
  facet normal -0.573371 0 -0.819296
    outer loop
      vertex 317.7 1.2 85.2174
      vertex 317.1 -2.4 85.6373
      vertex 317.1 1.2 85.6373
    endloop
  endfacet
  facet normal 0.573352 0 0.819309
    outer loop
      vertex 312.3 1.2 78.7826
      vertex 312.8 -2.4 78.4327
      vertex 312.8 1.2 78.4327
    endloop
  endfacet
  facet normal 0.573352 0 0.819309
    outer loop
      vertex 312.8 -2.4 78.4327
      vertex 312.3 1.2 78.7826
      vertex 312.3 -2.4 78.7826
    endloop
  endfacet
  facet normal -0.966094 0 -0.25819
    outer loop
      vertex 319.136 -2.4 82.7293
      vertex 318.947 1.2 83.4365
      vertex 319.136 1.2 82.7293
    endloop
  endfacet
  facet normal -0.966094 -0 -0.25819
    outer loop
      vertex 318.947 1.2 83.4365
      vertex 319.136 -2.4 82.7293
      vertex 318.947 -2.4 83.4365
    endloop
  endfacet
  facet normal -0.573352 0 0.819309
    outer loop
      vertex 317.2 1.2 78.4327
      vertex 317.7 -2.4 78.7826
      vertex 317.7 1.2 78.7826
    endloop
  endfacet
  facet normal -0.573352 0 0.819309
    outer loop
      vertex 317.7 -2.4 78.7826
      vertex 317.2 1.2 78.4327
      vertex 317.2 -2.4 78.4327
    endloop
  endfacet
  facet normal 0.422362 0 -0.906427
    outer loop
      vertex 312.9 -2.4 85.6373
      vertex 313.564 1.2 85.9467
      vertex 313.564 -2.4 85.9467
    endloop
  endfacet
  facet normal 0.422362 0 -0.906427
    outer loop
      vertex 313.564 1.2 85.9467
      vertex 312.9 -2.4 85.6373
      vertex 312.9 1.2 85.6373
    endloop
  endfacet
  facet normal 0.707585 -0 0.706628
    outer loop
      vertex 311.783 -2.4 79.3003
      vertex 312.3 1.2 78.7826
      vertex 311.783 1.2 79.3003
    endloop
  endfacet
  facet normal 0.707585 0 0.706628
    outer loop
      vertex 312.3 1.2 78.7826
      vertex 311.783 -2.4 79.3003
      vertex 312.3 -2.4 78.7826
    endloop
  endfacet
  facet normal 0.905991 0 -0.423297
    outer loop
      vertex 311.363 -2.4 84.1
      vertex 311.053 1.2 83.4365
      vertex 311.363 1.2 84.1
    endloop
  endfacet
  facet normal 0.905991 0 -0.423297
    outer loop
      vertex 311.053 1.2 83.4365
      vertex 311.363 -2.4 84.1
      vertex 311.053 -2.4 83.4365
    endloop
  endfacet
  facet normal 0.996172 -0 0.0874194
    outer loop
      vertex 310.8 -2.4 82
      vertex 310.864 1.2 81.2707
      vertex 310.8 1.2 82
    endloop
  endfacet
  facet normal 0.996172 0 0.0874194
    outer loop
      vertex 310.864 1.2 81.2707
      vertex 310.8 -2.4 82
      vertex 310.864 -2.4 81.2707
    endloop
  endfacet
  facet normal 0.819097 0 -0.573655
    outer loop
      vertex 311.783 -2.4 84.6997
      vertex 311.363 1.2 84.1
      vertex 311.783 1.2 84.6997
    endloop
  endfacet
  facet normal 0.819097 0 -0.573655
    outer loop
      vertex 311.363 1.2 84.1
      vertex 311.783 -2.4 84.6997
      vertex 311.363 -2.4 84.1
    endloop
  endfacet
  facet normal -0.707585 0 -0.706628
    outer loop
      vertex 318.217 -2.4 84.6997
      vertex 317.7 1.2 85.2174
      vertex 318.217 1.2 84.6997
    endloop
  endfacet
  facet normal -0.707585 -0 -0.706628
    outer loop
      vertex 317.7 1.2 85.2174
      vertex 318.217 -2.4 84.6997
      vertex 317.7 -2.4 85.2174
    endloop
  endfacet
  facet normal 0 -1 0
    outer loop
      vertex 314.271 1.2 86.1362
      vertex 315.729 1.2 86.1362
      vertex 315 1.2 86.2
    endloop
  endfacet
  facet normal 0 -1 0
    outer loop
      vertex 313.564 1.2 85.9467
      vertex 315.729 1.2 86.1362
      vertex 314.271 1.2 86.1362
    endloop
  endfacet
  facet normal 0 -1 0
    outer loop
      vertex 313.564 1.2 85.9467
      vertex 316.436 1.2 85.9467
      vertex 315.729 1.2 86.1362
    endloop
  endfacet
  facet normal 0 -1 0
    outer loop
      vertex 312.9 1.2 85.6373
      vertex 316.436 1.2 85.9467
      vertex 313.564 1.2 85.9467
    endloop
  endfacet
  facet normal 0 -1 0
    outer loop
      vertex 312.9 1.2 85.6373
      vertex 317.1 1.2 85.6373
      vertex 316.436 1.2 85.9467
    endloop
  endfacet
  facet normal 0 -1 0
    outer loop
      vertex 312.3 1.2 85.2174
      vertex 317.1 1.2 85.6373
      vertex 312.9 1.2 85.6373
    endloop
  endfacet
  facet normal 0 -1 0
    outer loop
      vertex 312.3 1.2 85.2174
      vertex 317.7 1.2 85.2174
      vertex 317.1 1.2 85.6373
    endloop
  endfacet
  facet normal 0 -1 0
    outer loop
      vertex 311.783 1.2 84.6997
      vertex 317.7 1.2 85.2174
      vertex 312.3 1.2 85.2174
    endloop
  endfacet
  facet normal 0 -1 0
    outer loop
      vertex 311.783 1.2 84.6997
      vertex 318.217 1.2 84.6997
      vertex 317.7 1.2 85.2174
    endloop
  endfacet
  facet normal 0 -1 0
    outer loop
      vertex 311.363 1.2 84.1
      vertex 318.217 1.2 84.6997
      vertex 311.783 1.2 84.6997
    endloop
  endfacet
  facet normal 0 -1 0
    outer loop
      vertex 311.363 1.2 84.1
      vertex 318.637 1.2 84.1
      vertex 318.217 1.2 84.6997
    endloop
  endfacet
  facet normal 0 -1 0
    outer loop
      vertex 311.053 1.2 83.4365
      vertex 318.637 1.2 84.1
      vertex 311.363 1.2 84.1
    endloop
  endfacet
  facet normal 0 -1 0
    outer loop
      vertex 311.053 1.2 83.4365
      vertex 318.947 1.2 83.4365
      vertex 318.637 1.2 84.1
    endloop
  endfacet
  facet normal 0 -1 0
    outer loop
      vertex 310.864 1.2 82.7293
      vertex 318.947 1.2 83.4365
      vertex 311.053 1.2 83.4365
    endloop
  endfacet
  facet normal 0 -1 0
    outer loop
      vertex 310.864 1.2 82.7293
      vertex 319.136 1.2 82.7293
      vertex 318.947 1.2 83.4365
    endloop
  endfacet
  facet normal 0 -1 0
    outer loop
      vertex 310.8 1.2 82
      vertex 319.136 1.2 82.7293
      vertex 310.864 1.2 82.7293
    endloop
  endfacet
  facet normal 0 -1 0
    outer loop
      vertex 310.8 1.2 82
      vertex 319.2 1.2 82
      vertex 319.136 1.2 82.7293
    endloop
  endfacet
  facet normal 0 -1 0
    outer loop
      vertex 310.864 1.2 81.2707
      vertex 319.2 1.2 82
      vertex 310.8 1.2 82
    endloop
  endfacet
  facet normal 0 -1 0
    outer loop
      vertex 310.864 1.2 81.2707
      vertex 319.136 1.2 81.2707
      vertex 319.2 1.2 82
    endloop
  endfacet
  facet normal 0 -1 0
    outer loop
      vertex 311.053 1.2 80.5635
      vertex 319.136 1.2 81.2707
      vertex 310.864 1.2 81.2707
    endloop
  endfacet
  facet normal 0 -1 0
    outer loop
      vertex 311.053 1.2 80.5635
      vertex 318.947 1.2 80.5635
      vertex 319.136 1.2 81.2707
    endloop
  endfacet
  facet normal 0 -1 0
    outer loop
      vertex 311.363 1.2 79.9
      vertex 318.947 1.2 80.5635
      vertex 311.053 1.2 80.5635
    endloop
  endfacet
  facet normal 0 -1 0
    outer loop
      vertex 311.363 1.2 79.9
      vertex 318.637 1.2 79.9
      vertex 318.947 1.2 80.5635
    endloop
  endfacet
  facet normal 0 -1 0
    outer loop
      vertex 311.783 1.2 79.3003
      vertex 318.637 1.2 79.9
      vertex 311.363 1.2 79.9
    endloop
  endfacet
  facet normal 0 -1 0
    outer loop
      vertex 311.783 1.2 79.3003
      vertex 318.217 1.2 79.3003
      vertex 318.637 1.2 79.9
    endloop
  endfacet
  facet normal 0 -1 0
    outer loop
      vertex 312.8 1.2 78.4327
      vertex 311.783 1.2 79.3003
      vertex 312.3 1.2 78.7826
    endloop
  endfacet
  facet normal 0 -1 0
    outer loop
      vertex 311.783 1.2 79.3003
      vertex 312.8 1.2 78.4327
      vertex 318.217 1.2 79.3003
    endloop
  endfacet
  facet normal 0 -1 0
    outer loop
      vertex 317.2 1.2 78.4327
      vertex 318.217 1.2 79.3003
      vertex 312.8 1.2 78.4327
    endloop
  endfacet
  facet normal 0 -1 0
    outer loop
      vertex 318.217 1.2 79.3003
      vertex 317.2 1.2 78.4327
      vertex 317.7 1.2 78.7826
    endloop
  endfacet
  facet normal 0 -1 0
    outer loop
      vertex 312.8 1.2 73
      vertex 317.2 1.2 78.4327
      vertex 312.8 1.2 78.4327
    endloop
  endfacet
  facet normal 0 -1 0
    outer loop
      vertex 312.8 1.2 73
      vertex 317.2 1.2 73
      vertex 317.2 1.2 78.4327
    endloop
  endfacet
  facet normal 0 -1 0
    outer loop
      vertex 312.875 1.2 72.4306
      vertex 317.2 1.2 73
      vertex 312.8 1.2 73
    endloop
  endfacet
  facet normal 0 -1 0
    outer loop
      vertex 312.875 1.2 72.4306
      vertex 317.125 1.2 72.4306
      vertex 317.2 1.2 73
    endloop
  endfacet
  facet normal 0 -1 0
    outer loop
      vertex 313.095 1.2 71.9
      vertex 317.125 1.2 72.4306
      vertex 312.875 1.2 72.4306
    endloop
  endfacet
  facet normal 0 -1 0
    outer loop
      vertex 313.095 1.2 71.9
      vertex 316.905 1.2 71.9
      vertex 317.125 1.2 72.4306
    endloop
  endfacet
  facet normal 0 -1 0
    outer loop
      vertex 313.444 1.2 71.4444
      vertex 316.905 1.2 71.9
      vertex 313.095 1.2 71.9
    endloop
  endfacet
  facet normal 0 -1 0
    outer loop
      vertex 313.444 1.2 71.4444
      vertex 316.556 1.2 71.4444
      vertex 316.905 1.2 71.9
    endloop
  endfacet
  facet normal 0 -1 0
    outer loop
      vertex 313.9 1.2 71.0947
      vertex 316.556 1.2 71.4444
      vertex 313.444 1.2 71.4444
    endloop
  endfacet
  facet normal 0 -1 0
    outer loop
      vertex 313.9 1.2 71.0947
      vertex 316.1 1.2 71.0947
      vertex 316.556 1.2 71.4444
    endloop
  endfacet
  facet normal 0 -1 0
    outer loop
      vertex 314.431 1.2 70.875
      vertex 316.1 1.2 71.0947
      vertex 313.9 1.2 71.0947
    endloop
  endfacet
  facet normal 0 -1 0
    outer loop
      vertex 314.431 1.2 70.875
      vertex 315.569 1.2 70.875
      vertex 316.1 1.2 71.0947
    endloop
  endfacet
  facet normal -0 -1 0
    outer loop
      vertex 315.569 1.2 70.875
      vertex 314.431 1.2 70.875
      vertex 315 1.2 70.8
    endloop
  endfacet
  facet normal 0.707585 0 -0.706628
    outer loop
      vertex 312.3 -2.4 85.2174
      vertex 311.783 1.2 84.6997
      vertex 312.3 1.2 85.2174
    endloop
  endfacet
  facet normal 0.707585 0 -0.706628
    outer loop
      vertex 311.783 1.2 84.6997
      vertex 312.3 -2.4 85.2174
      vertex 311.783 -2.4 84.6997
    endloop
  endfacet
  facet normal -0.422362 0 -0.906427
    outer loop
      vertex 316.436 -2.4 85.9467
      vertex 317.1 1.2 85.6373
      vertex 317.1 -2.4 85.6373
    endloop
  endfacet
  facet normal -0.422362 0 -0.906427
    outer loop
      vertex 317.1 1.2 85.6373
      vertex 316.436 -2.4 85.9467
      vertex 316.436 1.2 85.9467
    endloop
  endfacet
  facet normal 0.819097 -0 0.573655
    outer loop
      vertex 311.363 -2.4 79.9
      vertex 311.783 1.2 79.3003
      vertex 311.363 1.2 79.9
    endloop
  endfacet
  facet normal 0.819097 0 0.573655
    outer loop
      vertex 311.783 1.2 79.3003
      vertex 311.363 -2.4 79.9
      vertex 311.783 -2.4 79.3003
    endloop
  endfacet
  facet normal 0.0871839 0 -0.996192
    outer loop
      vertex 314.271 -2.4 86.1362
      vertex 315 1.2 86.2
      vertex 315 -2.4 86.2
    endloop
  endfacet
  facet normal 0.0871839 0 -0.996192
    outer loop
      vertex 315 1.2 86.2
      vertex 314.271 -2.4 86.1362
      vertex 314.271 1.2 86.1362
    endloop
  endfacet
  facet normal 0.258895 0 -0.965905
    outer loop
      vertex 313.564 -2.4 85.9467
      vertex 314.271 1.2 86.1362
      vertex 314.271 -2.4 86.1362
    endloop
  endfacet
  facet normal 0.258895 0 -0.965905
    outer loop
      vertex 314.271 1.2 86.1362
      vertex 313.564 -2.4 85.9467
      vertex 313.564 1.2 85.9467
    endloop
  endfacet
  facet normal 0.573371 0 -0.819296
    outer loop
      vertex 312.3 -2.4 85.2174
      vertex 312.9 1.2 85.6373
      vertex 312.9 -2.4 85.6373
    endloop
  endfacet
  facet normal 0.573371 0 -0.819296
    outer loop
      vertex 312.9 1.2 85.6373
      vertex 312.3 -2.4 85.2174
      vertex 312.3 1.2 85.2174
    endloop
  endfacet
  facet normal 0.991437 -0 0.13059
    outer loop
      vertex 312.8 -2.4 73
      vertex 312.875 1.2 72.4306
      vertex 312.8 1.2 73
    endloop
  endfacet
  facet normal 0.991437 0 0.13059
    outer loop
      vertex 312.875 1.2 72.4306
      vertex 312.8 -2.4 73
      vertex 312.875 -2.4 72.4306
    endloop
  endfacet
  facet normal -1 0 0
    outer loop
      vertex 317.2 -2.4 73
      vertex 317.2 1.2 78.4327
      vertex 317.2 1.2 73
    endloop
  endfacet
  facet normal -1 -0 0
    outer loop
      vertex 317.2 1.2 78.4327
      vertex 317.2 -2.4 73
      vertex 317.2 -2.4 78.4327
    endloop
  endfacet
  facet normal 0.793853 -0 0.60811
    outer loop
      vertex 313.095 -2.4 71.9
      vertex 313.444 1.2 71.4444
      vertex 313.095 1.2 71.9
    endloop
  endfacet
  facet normal 0.793853 0 0.60811
    outer loop
      vertex 313.444 1.2 71.4444
      vertex 313.095 -2.4 71.9
      vertex 313.444 -2.4 71.4444
    endloop
  endfacet
  facet normal -0.13068 0 0.991425
    outer loop
      vertex 315 1.2 70.8
      vertex 315.569 -2.4 70.875
      vertex 315.569 1.2 70.875
    endloop
  endfacet
  facet normal -0.13068 0 0.991425
    outer loop
      vertex 315.569 -2.4 70.875
      vertex 315 1.2 70.8
      vertex 315 -2.4 70.8
    endloop
  endfacet
  facet normal -0.793853 0 0.60811
    outer loop
      vertex 316.556 -2.4 71.4444
      vertex 316.905 1.2 71.9
      vertex 316.556 1.2 71.4444
    endloop
  endfacet
  facet normal -0.793853 0 0.60811
    outer loop
      vertex 316.905 1.2 71.9
      vertex 316.556 -2.4 71.4444
      vertex 316.905 -2.4 71.9
    endloop
  endfacet
  facet normal 1 -0 0
    outer loop
      vertex 312.8 -2.4 78.4327
      vertex 312.8 1.2 73
      vertex 312.8 1.2 78.4327
    endloop
  endfacet
  facet normal 1 0 0
    outer loop
      vertex 312.8 1.2 73
      vertex 312.8 -2.4 78.4327
      vertex 312.8 -2.4 73
    endloop
  endfacet
  facet normal -0.382316 0 0.924032
    outer loop
      vertex 315.569 1.2 70.875
      vertex 316.1 -2.4 71.0947
      vertex 316.1 1.2 71.0947
    endloop
  endfacet
  facet normal -0.382316 0 0.924032
    outer loop
      vertex 316.1 -2.4 71.0947
      vertex 315.569 1.2 70.875
      vertex 315.569 -2.4 70.875
    endloop
  endfacet
  facet normal 0.923745 -0 0.383008
    outer loop
      vertex 312.875 -2.4 72.4306
      vertex 313.095 1.2 71.9
      vertex 312.875 1.2 72.4306
    endloop
  endfacet
  facet normal 0.923745 0 0.383008
    outer loop
      vertex 313.095 1.2 71.9
      vertex 312.875 -2.4 72.4306
      vertex 313.095 -2.4 71.9
    endloop
  endfacet
  facet normal -0.991437 0 0.13059
    outer loop
      vertex 317.125 -2.4 72.4306
      vertex 317.2 1.2 73
      vertex 317.125 1.2 72.4306
    endloop
  endfacet
  facet normal -0.991437 0 0.13059
    outer loop
      vertex 317.2 1.2 73
      vertex 317.125 -2.4 72.4306
      vertex 317.2 -2.4 73
    endloop
  endfacet
  facet normal 0.382316 0 0.924032
    outer loop
      vertex 313.9 1.2 71.0947
      vertex 314.431 -2.4 70.875
      vertex 314.431 1.2 70.875
    endloop
  endfacet
  facet normal 0.382316 0 0.924032
    outer loop
      vertex 314.431 -2.4 70.875
      vertex 313.9 1.2 71.0947
      vertex 313.9 -2.4 71.0947
    endloop
  endfacet
  facet normal 0.608541 0 0.793522
    outer loop
      vertex 313.444 1.2 71.4444
      vertex 313.9 -2.4 71.0947
      vertex 313.9 1.2 71.0947
    endloop
  endfacet
  facet normal 0.608541 0 0.793522
    outer loop
      vertex 313.9 -2.4 71.0947
      vertex 313.444 1.2 71.4444
      vertex 313.444 -2.4 71.4444
    endloop
  endfacet
  facet normal -0.923745 0 0.383008
    outer loop
      vertex 316.905 -2.4 71.9
      vertex 317.125 1.2 72.4306
      vertex 316.905 1.2 71.9
    endloop
  endfacet
  facet normal -0.923745 0 0.383008
    outer loop
      vertex 317.125 1.2 72.4306
      vertex 316.905 -2.4 71.9
      vertex 317.125 -2.4 72.4306
    endloop
  endfacet
  facet normal 0.13068 0 0.991425
    outer loop
      vertex 314.431 1.2 70.875
      vertex 315 -2.4 70.8
      vertex 315 1.2 70.8
    endloop
  endfacet
  facet normal 0.13068 0 0.991425
    outer loop
      vertex 315 -2.4 70.8
      vertex 314.431 1.2 70.875
      vertex 314.431 -2.4 70.875
    endloop
  endfacet
  facet normal -0.608541 0 0.793522
    outer loop
      vertex 316.1 1.2 71.0947
      vertex 316.556 -2.4 71.4444
      vertex 316.556 1.2 71.4444
    endloop
  endfacet
  facet normal -0.608541 0 0.793522
    outer loop
      vertex 316.556 -2.4 71.4444
      vertex 316.1 1.2 71.0947
      vertex 316.1 -2.4 71.0947
    endloop
  endfacet
  facet normal -0.0871839 0 -0.996192
    outer loop
      vertex 385 -2.4 86.2
      vertex 385.729 1.2 86.1362
      vertex 385.729 -2.4 86.1362
    endloop
  endfacet
  facet normal -0.0871839 0 -0.996192
    outer loop
      vertex 385.729 1.2 86.1362
      vertex 385 -2.4 86.2
      vertex 385 1.2 86.2
    endloop
  endfacet
  facet normal -0.966094 0 0.25819
    outer loop
      vertex 388.947 -2.4 80.5635
      vertex 389.136 1.2 81.2707
      vertex 388.947 1.2 80.5635
    endloop
  endfacet
  facet normal -0.966094 0 0.25819
    outer loop
      vertex 389.136 1.2 81.2707
      vertex 388.947 -2.4 80.5635
      vertex 389.136 -2.4 81.2707
    endloop
  endfacet
  facet normal -0.996172 0 0.0874194
    outer loop
      vertex 389.136 -2.4 81.2707
      vertex 389.2 1.2 82
      vertex 389.136 1.2 81.2707
    endloop
  endfacet
  facet normal -0.996172 0 0.0874194
    outer loop
      vertex 389.2 1.2 82
      vertex 389.136 -2.4 81.2707
      vertex 389.2 -2.4 82
    endloop
  endfacet
  facet normal -0.905991 0 0.423297
    outer loop
      vertex 388.637 -2.4 79.9
      vertex 388.947 1.2 80.5635
      vertex 388.637 1.2 79.9
    endloop
  endfacet
  facet normal -0.905991 0 0.423297
    outer loop
      vertex 388.947 1.2 80.5635
      vertex 388.637 -2.4 79.9
      vertex 388.947 -2.4 80.5635
    endloop
  endfacet
  facet normal -0.707585 0 0.706628
    outer loop
      vertex 387.7 -2.4 78.7826
      vertex 388.217 1.2 79.3003
      vertex 387.7 1.2 78.7826
    endloop
  endfacet
  facet normal -0.707585 0 0.706628
    outer loop
      vertex 388.217 1.2 79.3003
      vertex 387.7 -2.4 78.7826
      vertex 388.217 -2.4 79.3003
    endloop
  endfacet
  facet normal -0.258895 0 -0.965905
    outer loop
      vertex 385.729 -2.4 86.1362
      vertex 386.436 1.2 85.9467
      vertex 386.436 -2.4 85.9467
    endloop
  endfacet
  facet normal -0.258895 0 -0.965905
    outer loop
      vertex 386.436 1.2 85.9467
      vertex 385.729 -2.4 86.1362
      vertex 385.729 1.2 86.1362
    endloop
  endfacet
  facet normal 0.905991 -0 0.423297
    outer loop
      vertex 381.053 -2.4 80.5635
      vertex 381.363 1.2 79.9
      vertex 381.053 1.2 80.5635
    endloop
  endfacet
  facet normal 0.905991 0 0.423297
    outer loop
      vertex 381.363 1.2 79.9
      vertex 381.053 -2.4 80.5635
      vertex 381.363 -2.4 79.9
    endloop
  endfacet
  facet normal 0.996172 0 -0.0874194
    outer loop
      vertex 380.864 -2.4 82.7293
      vertex 380.8 1.2 82
      vertex 380.864 1.2 82.7293
    endloop
  endfacet
  facet normal 0.996172 0 -0.0874194
    outer loop
      vertex 380.8 1.2 82
      vertex 380.864 -2.4 82.7293
      vertex 380.8 -2.4 82
    endloop
  endfacet
  facet normal -0.819097 0 -0.573655
    outer loop
      vertex 388.637 -2.4 84.1
      vertex 388.217 1.2 84.6997
      vertex 388.637 1.2 84.1
    endloop
  endfacet
  facet normal -0.819097 -0 -0.573655
    outer loop
      vertex 388.217 1.2 84.6997
      vertex 388.637 -2.4 84.1
      vertex 388.217 -2.4 84.6997
    endloop
  endfacet
  facet normal 0.966094 -0 0.25819
    outer loop
      vertex 380.864 -2.4 81.2707
      vertex 381.053 1.2 80.5635
      vertex 380.864 1.2 81.2707
    endloop
  endfacet
  facet normal 0.966094 0 0.25819
    outer loop
      vertex 381.053 1.2 80.5635
      vertex 380.864 -2.4 81.2707
      vertex 381.053 -2.4 80.5635
    endloop
  endfacet
  facet normal -0.905991 0 -0.423297
    outer loop
      vertex 388.947 -2.4 83.4365
      vertex 388.637 1.2 84.1
      vertex 388.947 1.2 83.4365
    endloop
  endfacet
  facet normal -0.905991 -0 -0.423297
    outer loop
      vertex 388.637 1.2 84.1
      vertex 388.947 -2.4 83.4365
      vertex 388.637 -2.4 84.1
    endloop
  endfacet
  facet normal 0.966094 0 -0.25819
    outer loop
      vertex 381.053 -2.4 83.4365
      vertex 380.864 1.2 82.7293
      vertex 381.053 1.2 83.4365
    endloop
  endfacet
  facet normal 0.966094 0 -0.25819
    outer loop
      vertex 380.864 1.2 82.7293
      vertex 381.053 -2.4 83.4365
      vertex 380.864 -2.4 82.7293
    endloop
  endfacet
  facet normal -0.819097 0 0.573655
    outer loop
      vertex 388.217 -2.4 79.3003
      vertex 388.637 1.2 79.9
      vertex 388.217 1.2 79.3003
    endloop
  endfacet
  facet normal -0.819097 0 0.573655
    outer loop
      vertex 388.637 1.2 79.9
      vertex 388.217 -2.4 79.3003
      vertex 388.637 -2.4 79.9
    endloop
  endfacet
  facet normal -0.996172 0 -0.0874194
    outer loop
      vertex 389.2 -2.4 82
      vertex 389.136 1.2 82.7293
      vertex 389.2 1.2 82
    endloop
  endfacet
  facet normal -0.996172 -0 -0.0874194
    outer loop
      vertex 389.136 1.2 82.7293
      vertex 389.2 -2.4 82
      vertex 389.136 -2.4 82.7293
    endloop
  endfacet
  facet normal -0.573371 0 -0.819296
    outer loop
      vertex 387.1 -2.4 85.6373
      vertex 387.7 1.2 85.2174
      vertex 387.7 -2.4 85.2174
    endloop
  endfacet
  facet normal -0.573371 0 -0.819296
    outer loop
      vertex 387.7 1.2 85.2174
      vertex 387.1 -2.4 85.6373
      vertex 387.1 1.2 85.6373
    endloop
  endfacet
  facet normal 0.573352 0 0.819309
    outer loop
      vertex 382.3 1.2 78.7826
      vertex 382.8 -2.4 78.4327
      vertex 382.8 1.2 78.4327
    endloop
  endfacet
  facet normal 0.573352 0 0.819309
    outer loop
      vertex 382.8 -2.4 78.4327
      vertex 382.3 1.2 78.7826
      vertex 382.3 -2.4 78.7826
    endloop
  endfacet
  facet normal -0.966094 0 -0.25819
    outer loop
      vertex 389.136 -2.4 82.7293
      vertex 388.947 1.2 83.4365
      vertex 389.136 1.2 82.7293
    endloop
  endfacet
  facet normal -0.966094 -0 -0.25819
    outer loop
      vertex 388.947 1.2 83.4365
      vertex 389.136 -2.4 82.7293
      vertex 388.947 -2.4 83.4365
    endloop
  endfacet
  facet normal -0.573352 0 0.819309
    outer loop
      vertex 387.2 1.2 78.4327
      vertex 387.7 -2.4 78.7826
      vertex 387.7 1.2 78.7826
    endloop
  endfacet
  facet normal -0.573352 0 0.819309
    outer loop
      vertex 387.7 -2.4 78.7826
      vertex 387.2 1.2 78.4327
      vertex 387.2 -2.4 78.4327
    endloop
  endfacet
  facet normal 0.422362 0 -0.906427
    outer loop
      vertex 382.9 -2.4 85.6373
      vertex 383.564 1.2 85.9467
      vertex 383.564 -2.4 85.9467
    endloop
  endfacet
  facet normal 0.422362 0 -0.906427
    outer loop
      vertex 383.564 1.2 85.9467
      vertex 382.9 -2.4 85.6373
      vertex 382.9 1.2 85.6373
    endloop
  endfacet
  facet normal 0.707585 -0 0.706628
    outer loop
      vertex 381.783 -2.4 79.3003
      vertex 382.3 1.2 78.7826
      vertex 381.783 1.2 79.3003
    endloop
  endfacet
  facet normal 0.707585 0 0.706628
    outer loop
      vertex 382.3 1.2 78.7826
      vertex 381.783 -2.4 79.3003
      vertex 382.3 -2.4 78.7826
    endloop
  endfacet
  facet normal 0.905991 0 -0.423297
    outer loop
      vertex 381.363 -2.4 84.1
      vertex 381.053 1.2 83.4365
      vertex 381.363 1.2 84.1
    endloop
  endfacet
  facet normal 0.905991 0 -0.423297
    outer loop
      vertex 381.053 1.2 83.4365
      vertex 381.363 -2.4 84.1
      vertex 381.053 -2.4 83.4365
    endloop
  endfacet
  facet normal 0.996172 -0 0.0874194
    outer loop
      vertex 380.8 -2.4 82
      vertex 380.864 1.2 81.2707
      vertex 380.8 1.2 82
    endloop
  endfacet
  facet normal 0.996172 0 0.0874194
    outer loop
      vertex 380.864 1.2 81.2707
      vertex 380.8 -2.4 82
      vertex 380.864 -2.4 81.2707
    endloop
  endfacet
  facet normal 0.819097 0 -0.573655
    outer loop
      vertex 381.783 -2.4 84.6997
      vertex 381.363 1.2 84.1
      vertex 381.783 1.2 84.6997
    endloop
  endfacet
  facet normal 0.819097 0 -0.573655
    outer loop
      vertex 381.363 1.2 84.1
      vertex 381.783 -2.4 84.6997
      vertex 381.363 -2.4 84.1
    endloop
  endfacet
  facet normal -0.707585 0 -0.706628
    outer loop
      vertex 388.217 -2.4 84.6997
      vertex 387.7 1.2 85.2174
      vertex 388.217 1.2 84.6997
    endloop
  endfacet
  facet normal -0.707585 -0 -0.706628
    outer loop
      vertex 387.7 1.2 85.2174
      vertex 388.217 -2.4 84.6997
      vertex 387.7 -2.4 85.2174
    endloop
  endfacet
  facet normal 0 -1 0
    outer loop
      vertex 384.271 1.2 86.1362
      vertex 385.729 1.2 86.1362
      vertex 385 1.2 86.2
    endloop
  endfacet
  facet normal 0 -1 0
    outer loop
      vertex 383.564 1.2 85.9467
      vertex 385.729 1.2 86.1362
      vertex 384.271 1.2 86.1362
    endloop
  endfacet
  facet normal 0 -1 0
    outer loop
      vertex 383.564 1.2 85.9467
      vertex 386.436 1.2 85.9467
      vertex 385.729 1.2 86.1362
    endloop
  endfacet
  facet normal 0 -1 0
    outer loop
      vertex 382.9 1.2 85.6373
      vertex 386.436 1.2 85.9467
      vertex 383.564 1.2 85.9467
    endloop
  endfacet
  facet normal 0 -1 0
    outer loop
      vertex 382.9 1.2 85.6373
      vertex 387.1 1.2 85.6373
      vertex 386.436 1.2 85.9467
    endloop
  endfacet
  facet normal 0 -1 0
    outer loop
      vertex 382.3 1.2 85.2174
      vertex 387.1 1.2 85.6373
      vertex 382.9 1.2 85.6373
    endloop
  endfacet
  facet normal 0 -1 0
    outer loop
      vertex 382.3 1.2 85.2174
      vertex 387.7 1.2 85.2174
      vertex 387.1 1.2 85.6373
    endloop
  endfacet
  facet normal 0 -1 0
    outer loop
      vertex 381.783 1.2 84.6997
      vertex 387.7 1.2 85.2174
      vertex 382.3 1.2 85.2174
    endloop
  endfacet
  facet normal 0 -1 0
    outer loop
      vertex 381.783 1.2 84.6997
      vertex 388.217 1.2 84.6997
      vertex 387.7 1.2 85.2174
    endloop
  endfacet
  facet normal 0 -1 0
    outer loop
      vertex 381.363 1.2 84.1
      vertex 388.217 1.2 84.6997
      vertex 381.783 1.2 84.6997
    endloop
  endfacet
  facet normal 0 -1 0
    outer loop
      vertex 381.363 1.2 84.1
      vertex 388.637 1.2 84.1
      vertex 388.217 1.2 84.6997
    endloop
  endfacet
  facet normal 0 -1 0
    outer loop
      vertex 381.053 1.2 83.4365
      vertex 388.637 1.2 84.1
      vertex 381.363 1.2 84.1
    endloop
  endfacet
  facet normal 0 -1 0
    outer loop
      vertex 381.053 1.2 83.4365
      vertex 388.947 1.2 83.4365
      vertex 388.637 1.2 84.1
    endloop
  endfacet
  facet normal 0 -1 0
    outer loop
      vertex 380.864 1.2 82.7293
      vertex 388.947 1.2 83.4365
      vertex 381.053 1.2 83.4365
    endloop
  endfacet
  facet normal 0 -1 0
    outer loop
      vertex 380.864 1.2 82.7293
      vertex 389.136 1.2 82.7293
      vertex 388.947 1.2 83.4365
    endloop
  endfacet
  facet normal 0 -1 0
    outer loop
      vertex 380.8 1.2 82
      vertex 389.136 1.2 82.7293
      vertex 380.864 1.2 82.7293
    endloop
  endfacet
  facet normal 0 -1 0
    outer loop
      vertex 380.8 1.2 82
      vertex 389.2 1.2 82
      vertex 389.136 1.2 82.7293
    endloop
  endfacet
  facet normal 0 -1 0
    outer loop
      vertex 380.864 1.2 81.2707
      vertex 389.2 1.2 82
      vertex 380.8 1.2 82
    endloop
  endfacet
  facet normal 0 -1 0
    outer loop
      vertex 380.864 1.2 81.2707
      vertex 389.136 1.2 81.2707
      vertex 389.2 1.2 82
    endloop
  endfacet
  facet normal 0 -1 0
    outer loop
      vertex 381.053 1.2 80.5635
      vertex 389.136 1.2 81.2707
      vertex 380.864 1.2 81.2707
    endloop
  endfacet
  facet normal 0 -1 0
    outer loop
      vertex 381.053 1.2 80.5635
      vertex 388.947 1.2 80.5635
      vertex 389.136 1.2 81.2707
    endloop
  endfacet
  facet normal 0 -1 0
    outer loop
      vertex 381.363 1.2 79.9
      vertex 388.947 1.2 80.5635
      vertex 381.053 1.2 80.5635
    endloop
  endfacet
  facet normal 0 -1 0
    outer loop
      vertex 381.363 1.2 79.9
      vertex 388.637 1.2 79.9
      vertex 388.947 1.2 80.5635
    endloop
  endfacet
  facet normal 0 -1 0
    outer loop
      vertex 381.783 1.2 79.3003
      vertex 388.637 1.2 79.9
      vertex 381.363 1.2 79.9
    endloop
  endfacet
  facet normal 0 -1 0
    outer loop
      vertex 381.783 1.2 79.3003
      vertex 388.217 1.2 79.3003
      vertex 388.637 1.2 79.9
    endloop
  endfacet
  facet normal 0 -1 0
    outer loop
      vertex 382.8 1.2 78.4327
      vertex 381.783 1.2 79.3003
      vertex 382.3 1.2 78.7826
    endloop
  endfacet
  facet normal 0 -1 0
    outer loop
      vertex 381.783 1.2 79.3003
      vertex 382.8 1.2 78.4327
      vertex 388.217 1.2 79.3003
    endloop
  endfacet
  facet normal 0 -1 0
    outer loop
      vertex 387.2 1.2 78.4327
      vertex 388.217 1.2 79.3003
      vertex 382.8 1.2 78.4327
    endloop
  endfacet
  facet normal 0 -1 0
    outer loop
      vertex 388.217 1.2 79.3003
      vertex 387.2 1.2 78.4327
      vertex 387.7 1.2 78.7826
    endloop
  endfacet
  facet normal 0 -1 0
    outer loop
      vertex 382.8 1.2 73
      vertex 387.2 1.2 78.4327
      vertex 382.8 1.2 78.4327
    endloop
  endfacet
  facet normal 0 -1 0
    outer loop
      vertex 382.8 1.2 73
      vertex 387.2 1.2 73
      vertex 387.2 1.2 78.4327
    endloop
  endfacet
  facet normal 0 -1 0
    outer loop
      vertex 382.875 1.2 72.4306
      vertex 387.2 1.2 73
      vertex 382.8 1.2 73
    endloop
  endfacet
  facet normal 0 -1 0
    outer loop
      vertex 382.875 1.2 72.4306
      vertex 387.125 1.2 72.4306
      vertex 387.2 1.2 73
    endloop
  endfacet
  facet normal 0 -1 0
    outer loop
      vertex 383.095 1.2 71.9
      vertex 387.125 1.2 72.4306
      vertex 382.875 1.2 72.4306
    endloop
  endfacet
  facet normal 0 -1 0
    outer loop
      vertex 383.095 1.2 71.9
      vertex 386.905 1.2 71.9
      vertex 387.125 1.2 72.4306
    endloop
  endfacet
  facet normal 0 -1 0
    outer loop
      vertex 383.444 1.2 71.4444
      vertex 386.905 1.2 71.9
      vertex 383.095 1.2 71.9
    endloop
  endfacet
  facet normal 0 -1 0
    outer loop
      vertex 383.444 1.2 71.4444
      vertex 386.556 1.2 71.4444
      vertex 386.905 1.2 71.9
    endloop
  endfacet
  facet normal 0 -1 0
    outer loop
      vertex 383.9 1.2 71.0947
      vertex 386.556 1.2 71.4444
      vertex 383.444 1.2 71.4444
    endloop
  endfacet
  facet normal 0 -1 0
    outer loop
      vertex 383.9 1.2 71.0947
      vertex 386.1 1.2 71.0947
      vertex 386.556 1.2 71.4444
    endloop
  endfacet
  facet normal 0 -1 0
    outer loop
      vertex 384.431 1.2 70.875
      vertex 386.1 1.2 71.0947
      vertex 383.9 1.2 71.0947
    endloop
  endfacet
  facet normal 0 -1 0
    outer loop
      vertex 384.431 1.2 70.875
      vertex 385.569 1.2 70.875
      vertex 386.1 1.2 71.0947
    endloop
  endfacet
  facet normal -0 -1 0
    outer loop
      vertex 385.569 1.2 70.875
      vertex 384.431 1.2 70.875
      vertex 385 1.2 70.8
    endloop
  endfacet
  facet normal 0.707585 0 -0.706628
    outer loop
      vertex 382.3 -2.4 85.2174
      vertex 381.783 1.2 84.6997
      vertex 382.3 1.2 85.2174
    endloop
  endfacet
  facet normal 0.707585 0 -0.706628
    outer loop
      vertex 381.783 1.2 84.6997
      vertex 382.3 -2.4 85.2174
      vertex 381.783 -2.4 84.6997
    endloop
  endfacet
  facet normal -0.422362 0 -0.906427
    outer loop
      vertex 386.436 -2.4 85.9467
      vertex 387.1 1.2 85.6373
      vertex 387.1 -2.4 85.6373
    endloop
  endfacet
  facet normal -0.422362 0 -0.906427
    outer loop
      vertex 387.1 1.2 85.6373
      vertex 386.436 -2.4 85.9467
      vertex 386.436 1.2 85.9467
    endloop
  endfacet
  facet normal 0.819097 -0 0.573655
    outer loop
      vertex 381.363 -2.4 79.9
      vertex 381.783 1.2 79.3003
      vertex 381.363 1.2 79.9
    endloop
  endfacet
  facet normal 0.819097 0 0.573655
    outer loop
      vertex 381.783 1.2 79.3003
      vertex 381.363 -2.4 79.9
      vertex 381.783 -2.4 79.3003
    endloop
  endfacet
  facet normal 0.0871839 0 -0.996192
    outer loop
      vertex 384.271 -2.4 86.1362
      vertex 385 1.2 86.2
      vertex 385 -2.4 86.2
    endloop
  endfacet
  facet normal 0.0871839 0 -0.996192
    outer loop
      vertex 385 1.2 86.2
      vertex 384.271 -2.4 86.1362
      vertex 384.271 1.2 86.1362
    endloop
  endfacet
  facet normal 0.258895 0 -0.965905
    outer loop
      vertex 383.564 -2.4 85.9467
      vertex 384.271 1.2 86.1362
      vertex 384.271 -2.4 86.1362
    endloop
  endfacet
  facet normal 0.258895 0 -0.965905
    outer loop
      vertex 384.271 1.2 86.1362
      vertex 383.564 -2.4 85.9467
      vertex 383.564 1.2 85.9467
    endloop
  endfacet
  facet normal 0.573371 0 -0.819296
    outer loop
      vertex 382.3 -2.4 85.2174
      vertex 382.9 1.2 85.6373
      vertex 382.9 -2.4 85.6373
    endloop
  endfacet
  facet normal 0.573371 0 -0.819296
    outer loop
      vertex 382.9 1.2 85.6373
      vertex 382.3 -2.4 85.2174
      vertex 382.3 1.2 85.2174
    endloop
  endfacet
  facet normal 0.991437 -0 0.13059
    outer loop
      vertex 382.8 -2.4 73
      vertex 382.875 1.2 72.4306
      vertex 382.8 1.2 73
    endloop
  endfacet
  facet normal 0.991437 0 0.13059
    outer loop
      vertex 382.875 1.2 72.4306
      vertex 382.8 -2.4 73
      vertex 382.875 -2.4 72.4306
    endloop
  endfacet
  facet normal -1 0 0
    outer loop
      vertex 387.2 -2.4 73
      vertex 387.2 1.2 78.4327
      vertex 387.2 1.2 73
    endloop
  endfacet
  facet normal -1 -0 0
    outer loop
      vertex 387.2 1.2 78.4327
      vertex 387.2 -2.4 73
      vertex 387.2 -2.4 78.4327
    endloop
  endfacet
  facet normal 0.793853 -0 0.60811
    outer loop
      vertex 383.095 -2.4 71.9
      vertex 383.444 1.2 71.4444
      vertex 383.095 1.2 71.9
    endloop
  endfacet
  facet normal 0.793853 0 0.60811
    outer loop
      vertex 383.444 1.2 71.4444
      vertex 383.095 -2.4 71.9
      vertex 383.444 -2.4 71.4444
    endloop
  endfacet
  facet normal -0.13068 0 0.991425
    outer loop
      vertex 385 1.2 70.8
      vertex 385.569 -2.4 70.875
      vertex 385.569 1.2 70.875
    endloop
  endfacet
  facet normal -0.13068 0 0.991425
    outer loop
      vertex 385.569 -2.4 70.875
      vertex 385 1.2 70.8
      vertex 385 -2.4 70.8
    endloop
  endfacet
  facet normal -0.793853 0 0.60811
    outer loop
      vertex 386.556 -2.4 71.4444
      vertex 386.905 1.2 71.9
      vertex 386.556 1.2 71.4444
    endloop
  endfacet
  facet normal -0.793853 0 0.60811
    outer loop
      vertex 386.905 1.2 71.9
      vertex 386.556 -2.4 71.4444
      vertex 386.905 -2.4 71.9
    endloop
  endfacet
  facet normal 1 -0 0
    outer loop
      vertex 382.8 -2.4 78.4327
      vertex 382.8 1.2 73
      vertex 382.8 1.2 78.4327
    endloop
  endfacet
  facet normal 1 0 0
    outer loop
      vertex 382.8 1.2 73
      vertex 382.8 -2.4 78.4327
      vertex 382.8 -2.4 73
    endloop
  endfacet
  facet normal -0.382316 0 0.924032
    outer loop
      vertex 385.569 1.2 70.875
      vertex 386.1 -2.4 71.0947
      vertex 386.1 1.2 71.0947
    endloop
  endfacet
  facet normal -0.382316 0 0.924032
    outer loop
      vertex 386.1 -2.4 71.0947
      vertex 385.569 1.2 70.875
      vertex 385.569 -2.4 70.875
    endloop
  endfacet
  facet normal 0.923745 -0 0.383008
    outer loop
      vertex 382.875 -2.4 72.4306
      vertex 383.095 1.2 71.9
      vertex 382.875 1.2 72.4306
    endloop
  endfacet
  facet normal 0.923745 0 0.383008
    outer loop
      vertex 383.095 1.2 71.9
      vertex 382.875 -2.4 72.4306
      vertex 383.095 -2.4 71.9
    endloop
  endfacet
  facet normal -0.991437 0 0.13059
    outer loop
      vertex 387.125 -2.4 72.4306
      vertex 387.2 1.2 73
      vertex 387.125 1.2 72.4306
    endloop
  endfacet
  facet normal -0.991437 0 0.13059
    outer loop
      vertex 387.2 1.2 73
      vertex 387.125 -2.4 72.4306
      vertex 387.2 -2.4 73
    endloop
  endfacet
  facet normal 0.382316 0 0.924032
    outer loop
      vertex 383.9 1.2 71.0947
      vertex 384.431 -2.4 70.875
      vertex 384.431 1.2 70.875
    endloop
  endfacet
  facet normal 0.382316 0 0.924032
    outer loop
      vertex 384.431 -2.4 70.875
      vertex 383.9 1.2 71.0947
      vertex 383.9 -2.4 71.0947
    endloop
  endfacet
  facet normal 0.608541 0 0.793522
    outer loop
      vertex 383.444 1.2 71.4444
      vertex 383.9 -2.4 71.0947
      vertex 383.9 1.2 71.0947
    endloop
  endfacet
  facet normal 0.608541 0 0.793522
    outer loop
      vertex 383.9 -2.4 71.0947
      vertex 383.444 1.2 71.4444
      vertex 383.444 -2.4 71.4444
    endloop
  endfacet
  facet normal -0.923745 0 0.383008
    outer loop
      vertex 386.905 -2.4 71.9
      vertex 387.125 1.2 72.4306
      vertex 386.905 1.2 71.9
    endloop
  endfacet
  facet normal -0.923745 0 0.383008
    outer loop
      vertex 387.125 1.2 72.4306
      vertex 386.905 -2.4 71.9
      vertex 387.125 -2.4 72.4306
    endloop
  endfacet
  facet normal 0.13068 0 0.991425
    outer loop
      vertex 384.431 1.2 70.875
      vertex 385 -2.4 70.8
      vertex 385 1.2 70.8
    endloop
  endfacet
  facet normal 0.13068 0 0.991425
    outer loop
      vertex 385 -2.4 70.8
      vertex 384.431 1.2 70.875
      vertex 384.431 -2.4 70.875
    endloop
  endfacet
  facet normal -0.608541 0 0.793522
    outer loop
      vertex 386.1 1.2 71.0947
      vertex 386.556 -2.4 71.4444
      vertex 386.556 1.2 71.4444
    endloop
  endfacet
  facet normal -0.608541 0 0.793522
    outer loop
      vertex 386.556 -2.4 71.4444
      vertex 386.1 1.2 71.0947
      vertex 386.1 -2.4 71.0947
    endloop
  endfacet
endsolid OpenSCAD_Model
